bid_day_index,scenario,seed,realized_seed,service_date,evaluation_pipeline,offered_capacity_kw_block,up_pass_rate,down_pass_rate,idle_pass_rate,up_stay_mean,down_stay_mean,idle_stay_mean,global_tracking_rate,market_tracking_rate,assessed_steps,missed_steps,unreachable_sustained,unreachable_step,unreachable_obligated,missed_unreachable_sustained,missed_unreachable_step,missed_unreachable_obligated,missed_though_reachable,blocks_assessed,blocks_failed,blocks_failed_with_unreachable,blocks_failed_all_reachable,controller_pre_system_tracking_rate,central_tracking_rate,controller_pre_system_mae_kw,pre_bess_mae_kw,post_bess_mae_kw,bess_final_soc_pct,bess_max_abs_power_kw,bess_throughput_kwh,bess_power_limit_hits,bess_energy_limit_hits,central_absolute_correction_kwh,central_corrected_ev_steps,central_correction_active_steps,soc_hit_rate,participating_blocks,failed_up_blocks,failed_down_blocks,failed_idle_blocks,failed_tracking_blocks,failed_up_block_count,failed_down_block_count,failed_idle_block_count,failed_tracking_block_count,up_step_pass_rate,down_step_pass_rate,idle_step_pass_rate,up_active_step_count,down_active_step_count,idle_active_step_count,up_step_failed_blocks,down_step_failed_blocks,idle_step_failed_blocks,up_step_failed_block_count,down_step_failed_block_count,idle_step_failed_block_count,departing_evs,departing_evs_soc_met,forced_ev_step_overrides,forced_active_steps,forced_concurrent_max,forced_concurrent_p95,forced_kw_max,forced_kw_mean_active,forced_kw_to_band_max,forced_step_tracking_rate,unforced_step_tracking_rate
0,0,0,1422090,2024-04-01,marl_raw,43925.55245397103,0.9032258064516128,0.9642857142857144,1.0,0.935483870967742,0.988095238095238,1.0,0.935483870967742,0.935483870967742,186,12,0,0,0,0,0,0,12,31,3,0,3,0.935483870967742,0.935483870967742,22.02410912449642,22.024099505716755,22.024099505716755,50.0,0.0,0.0,0,0,0.0062116357051612,3009,288,0.8974358974358976,31,17;23;41,41,,17;23;41,3,1,0,3,0.8974358974358975,1.0,1.0,117,44,25,17;23;41,,,3,0,0,78,70,0,0,0,0.0,0.0,0.0,0.0,,0.935483870967742
0,0,1,1422091,2024-04-01,marl_raw,43925.55245397103,0.935483870967742,1.0,1.0,0.9623655913978496,1.0,1.0,0.9623655913978496,0.9623655913978496,186,7,3,2,2,3,2,2,5,31,2,1,1,0.9623655913978496,0.9623655913978496,25.87752596344999,25.87751942103909,25.87751942103909,50.0,0.0,0.0,0,0,0.0060237488505663,2809,282,0.8421052631578947,31,17;31,,,17;31,2,0,0,2,0.9401709401709402,1.0,1.0,117,44,25,17;31,,,2,0,0,76,64,0,0,0,0.0,0.0,0.0,0.0,,0.9623655913978496
0,0,2,1422092,2024-04-01,marl_raw,43925.55245397103,0.8387096774193549,0.8928571428571429,1.0,0.9301075268817204,0.9642857142857144,1.0,0.9301075268817204,0.9301075268817204,186,13,2,1,2,2,1,2,11,31,5,2,3,0.9301075268817204,0.9301075268817204,27.40664868521434,27.406650484890065,27.406650484890065,50.0,0.0,0.0,0,0,0.0056124891634681,2640,288,0.8666666666666667,31,17;23;38;41;42,38;41;42,,17;23;38;41;42,5,3,0,5,0.8974358974358975,0.9772727272727272,1.0,117,44,25,17;23;41;42,38,,4,1,0,75,65,0,0,0,0.0,0.0,0.0,0.0,,0.9301075268817204
0,1,0,1423090,2024-04-01,marl_raw,43925.55245397103,0.8387096774193549,0.9285714285714286,0.8,0.9032258064516128,0.9642857142857144,0.8,0.9032258064516128,0.9032258064516128,186,18,5,3,3,5,3,3,15,31,5,1,4,0.9032258064516128,0.9032258064516128,29.25142435701464,29.25141908104221,29.25141908104221,50.0,0.0,0.0,0,0,0.0072312456892783,3364,287,0.956043956043956,31,17;23;30;31;32,30;32,31.0,17;23;30;31;32,5,2,1,5,0.9166666666666666,0.927710843373494,0.7368421052631579,84,83,19,17;23,30;32,31.0,2,2,1,91,87,0,0,0,0.0,0.0,0.0,0.0,,0.9032258064516128
0,1,1,1423091,2024-04-01,marl_raw,43925.55245397103,0.9032258064516128,0.9642857142857144,0.8,0.9301075268817204,0.9940476190476192,0.8,0.9301075268817204,0.9301075268817204,186,13,10,5,5,10,5,5,8,31,3,2,1,0.9301075268817204,0.9301075268817204,27.72974446171554,27.72973594530135,27.72973594530135,50.0,0.0,0.0,0,0,0.0071597185306018,3375,286,0.9540229885057472,31,17;31;32,32,31.0,17;31;32,3,1,1,3,0.9166666666666666,0.9879518072289156,0.7368421052631579,84,83,19,17;31,32,31.0,2,1,1,87,83,0,0,0,0.0,0.0,0.0,0.0,,0.9301075268817204
0,1,2,1423092,2024-04-01,marl_raw,43925.55245397103,0.8387096774193549,0.9285714285714286,0.8,0.881720430107527,0.9761904761904764,0.8,0.8817204301075269,0.8817204301075269,186,22,7,6,6,7,6,6,16,31,5,1,4,0.8817204301075269,0.8817204301075269,36.58563206100496,36.585636075666194,36.585636075666194,50.0,0.0,0.0,0,0,0.006011321209371,2822,281,0.9324324324324323,31,17;23;30;31;32,30;32,31.0,17;23;30;31;32,5,2,1,5,0.8452380952380952,0.9518072289156626,0.7368421052631579,84,83,19,17;23;31,30;32,31.0,3,2,1,74,69,0,0,0,0.0,0.0,0.0,0.0,,0.8817204301075269
0,2,0,1424090,2024-04-01,marl_raw,43925.55245397103,0.9032258064516128,0.9285714285714286,0.8333333333333334,0.9301075268817204,0.9583333333333334,0.8333333333333334,0.9301075268817204,0.9301075268817204,186,13,11,9,9,11,9,9,4,31,3,2,1,0.9301075268817204,0.9301075268817204,40.43742317794472,40.43742168590587,40.43742168590587,50.0,0.0,0.0,0,0,0.0067915147677316,3263,288,1.0,31,31;35;38,35;38,31.0,31;35;38,3,2,1,3,0.976470588235294,0.9230769230769232,0.8333333333333334,85,65,36,38,35,31.0,1,1,1,77,77,0,0,0,0.0,0.0,0.0,0.0,,0.9301075268817204
0,2,1,1424091,2024-04-01,marl_raw,43925.55245397103,0.8064516129032258,0.8928571428571429,0.8333333333333334,0.8763440860215054,0.9404761904761906,0.8333333333333334,0.8763440860215054,0.8763440860215054,186,23,14,12,12,14,12,12,11,31,6,3,3,0.8763440860215054,0.8763440860215054,51.40392968987906,51.40393051537134,51.40393051537134,50.0,0.0,0.0,0,0,0.0057222155082854,2632,271,0.9315068493150684,31,17;23;27;31;35;38,27;35;38,31.0,17;23;27;31;35;38,6,3,1,6,0.9058823529411764,0.8615384615384616,0.8333333333333334,85,65,36,17;23;38,27;35,31.0,3,2,1,73,68,0,0,0,0.0,0.0,0.0,0.0,,0.8763440860215054
0,2,2,1424092,2024-04-01,marl_raw,43925.55245397103,0.8387096774193549,0.9285714285714286,0.8333333333333334,0.8870967741935484,0.9523809523809524,0.8333333333333334,0.8870967741935484,0.8870967741935484,186,21,11,9,9,11,9,9,12,31,5,2,3,0.8870967741935484,0.8870967741935484,47.93284846890357,47.93284672562794,47.93284672562794,50.0,0.0,0.0,0,0,0.0066467057768022,3055,288,1.0,31,17;23;27;31;35,27;35,31.0,17;23;27;31;35,5,2,1,5,0.9176470588235294,0.8769230769230769,0.8333333333333334,85,65,36,17;23,27;35,31.0,2,2,1,76,76,0,0,0,0.0,0.0,0.0,0.0,,0.8870967741935484
0,3,0,1425090,2024-04-01,marl_raw,43925.55245397103,0.8709677419354839,0.9642857142857144,0.8333333333333334,0.9086021505376344,0.9702380952380952,0.8333333333333334,0.9086021505376344,0.9086021505376344,186,17,8,6,6,8,6,6,11,31,4,2,2,0.9086021505376344,0.9086021505376344,35.381141324197095,35.38115026617563,35.38115026617563,50.0,0.0,0.0,0,0,0.0067816446147238,3201,287,1.0,31,17;23;31;33,33,31.0,17;23;31;33,4,1,1,4,0.92,0.9342105263157896,0.8285714285714286,75,76,35,17;23,33,31.0,2,1,1,81,81,0,0,0,0.0,0.0,0.0,0.0,,0.9086021505376344
0,3,1,1425091,2024-04-01,marl_raw,43925.55245397103,0.8064516129032258,0.8928571428571429,0.8333333333333334,0.8279569892473119,0.9166666666666666,0.8333333333333334,0.8279569892473119,0.8279569892473119,186,32,18,17,17,18,17,17,15,31,6,4,2,0.8279569892473119,0.8279569892473119,47.45946656503985,47.45947567109139,47.45947567109139,50.0,0.0,0.0,0,0,0.006010614495608,2760,286,0.9714285714285714,31,17;23;24;31;33;37,24;33;37,31.0,17;23;24;31;33;37,6,3,1,6,0.84,0.8157894736842105,0.8285714285714286,75,76,35,17;23,24;33;37,31.0,2,3,1,70,68,0,0,0,0.0,0.0,0.0,0.0,,0.8279569892473119
0,3,2,1425092,2024-04-01,marl_raw,43925.55245397103,0.8387096774193549,0.8928571428571429,0.8333333333333334,0.8602150537634408,0.9166666666666666,0.8333333333333334,0.8602150537634409,0.8602150537634409,186,26,13,10,10,13,10,10,16,31,5,2,3,0.8602150537634409,0.8602150537634409,52.74362101093416,52.743623974502725,52.743623974502725,50.0,0.0,0.0,0,0,0.0069072771463349,3237,288,0.986842105263158,31,23;24;31;33;37,24;33;37,31.0,23;24;31;33;37,5,3,1,5,0.92,0.8157894736842105,0.8285714285714286,75,76,35,23,24;33;37,31.0,1,3,1,76,75,0,0,0,0.0,0.0,0.0,0.0,,0.8602150537634409
0,4,0,1426090,2024-04-01,marl_raw,43925.55245397103,0.9032258064516128,1.0,1.0,0.9032258064516128,1.0,1.0,0.9032258064516128,0.9032258064516128,186,18,12,12,12,12,12,12,6,31,3,2,1,0.9032258064516128,0.9032258064516128,45.02317682902018,45.02318764758366,45.02318764758366,50.0,0.0,0.0,0,0,0.0068224908439636,3205,287,0.9859154929577464,31,17;23;31,,,17;23;31,3,0,0,3,0.8536585365853658,1.0,1.0,123,49,14,17;23;31,,,3,0,0,71,70,0,0,0,0.0,0.0,0.0,0.0,,0.9032258064516128
0,4,1,1426091,2024-04-01,marl_raw,43925.55245397103,0.9032258064516128,1.0,1.0,0.9247311827956988,1.0,1.0,0.9247311827956988,0.9247311827956988,186,14,11,9,9,11,9,9,5,31,3,2,1,0.9247311827956988,0.9247311827956988,32.74272472627701,32.742721029507216,32.742721029507216,50.0,0.0,0.0,0,0,0.0065131545015901,2966,287,0.9876543209876544,31,17;23;31,,,17;23;31,3,0,0,3,0.8861788617886179,1.0,1.0,123,49,14,17;23;31,,,3,0,0,81,80,0,0,0,0.0,0.0,0.0,0.0,,0.9247311827956988
0,4,2,1426092,2024-04-01,marl_raw,43925.55245397103,0.9032258064516128,1.0,1.0,0.935483870967742,1.0,1.0,0.935483870967742,0.935483870967742,186,12,6,6,6,6,6,6,6,31,3,1,2,0.935483870967742,0.935483870967742,29.86678252681609,29.866791755922375,29.866791755922375,50.0,0.0,0.0,0,0,0.0061978374311972,2786,288,0.951219512195122,31,17;23;31,,,17;23;31,3,0,0,3,0.902439024390244,1.0,1.0,123,49,14,17;23;31,,,3,0,0,82,78,0,0,0,0.0,0.0,0.0,0.0,,0.935483870967742
0,5,0,1427090,2024-04-01,marl_raw,43925.55245397103,0.9032258064516128,0.9285714285714286,1.0,0.9408602150537634,0.9464285714285714,1.0,0.9408602150537636,0.9408602150537636,186,11,0,0,0,0,0,0,11,31,3,0,3,0.9408602150537636,0.9408602150537636,23.99269612630208,23.99269164505825,23.99269164505825,50.0,0.0,0.0,0,0,0.0052460709509129,2332,287,0.9041095890410956,31,17;20;21,20;21,,17;20;21,3,2,0,3,0.875,1.0,1.0,88,62,36,17;20;21,,,3,0,0,73,66,0,0,0,0.0,0.0,0.0,0.0,,0.9408602150537636
0,5,1,1427091,2024-04-01,marl_raw,43925.55245397103,0.935483870967742,0.9642857142857144,0.8571428571428571,0.9462365591397848,0.9642857142857144,0.8571428571428571,0.946236559139785,0.946236559139785,186,10,0,0,0,0,0,0,10,31,2,0,2,0.946236559139785,0.946236559139785,24.58666861954556,24.586671911260133,24.586671911260133,50.0,0.0,0.0,0,0,0.0053109745446514,2323,288,0.9204545454545454,31,21;31,21,31.0,21;31,2,1,1,2,0.9318181818181818,1.0,0.8888888888888888,88,62,36,21,,31.0,1,0,1,88,81,0,0,0,0.0,0.0,0.0,0.0,,0.946236559139785
0,5,2,1427092,2024-04-01,marl_raw,43925.55245397103,0.8709677419354839,0.9285714285714286,0.8571428571428571,0.935483870967742,0.9642857142857144,0.8571428571428571,0.935483870967742,0.935483870967742,186,12,1,0,0,1,0,0,12,31,4,0,4,0.935483870967742,0.935483870967742,25.23111457209433,25.231109096157937,25.231109096157937,50.0,0.0,0.0,0,0,0.0052832558127799,2440,287,0.7951807228915662,31,21;23;31;43,21;43,31.0,21;23;31;43,4,2,1,4,0.9090909090909092,1.0,0.8888888888888888,88,62,36,21;23;43,,31.0,3,0,1,83,66,0,0,0,0.0,0.0,0.0,0.0,,0.935483870967742
0,6,0,1428090,2024-04-01,marl_raw,43925.55245397103,0.9032258064516128,1.0,0.8333333333333334,0.9247311827956988,1.0,0.8333333333333334,0.9247311827956988,0.9247311827956988,186,14,7,6,6,7,6,6,8,31,3,1,2,0.9247311827956988,0.9247311827956988,32.17328461267615,32.173281618343886,32.173281618343886,50.0,0.0,0.0,0,0,0.0065778238846784,3048,288,0.9534883720930232,31,17;23;31,,31.0,17;23;31,3,0,1,3,0.9012345679012346,1.0,0.8181818181818182,81,72,33,17;23,,31.0,2,0,1,86,82,0,0,0,0.0,0.0,0.0,0.0,,0.9247311827956988
0,6,1,1428091,2024-04-01,marl_raw,43925.55245397103,0.9032258064516128,1.0,0.8333333333333334,0.9086021505376344,1.0,0.8333333333333334,0.9086021505376344,0.9086021505376344,186,17,4,3,3,4,3,3,14,31,3,1,2,0.9086021505376344,0.9086021505376344,26.64020237615032,26.640209228761734,26.640209228761734,50.0,0.0,0.0,0,0,0.0066886457461805,3170,288,0.9620253164556962,31,17;23;31,,31.0,17;23;31,3,0,1,3,0.8641975308641975,1.0,0.8181818181818182,81,72,33,17;23,,31.0,2,0,1,79,76,0,0,0,0.0,0.0,0.0,0.0,,0.9086021505376344
0,6,2,1428092,2024-04-01,marl_raw,43925.55245397103,0.935483870967742,1.0,0.8333333333333334,0.9623655913978496,1.0,0.8333333333333334,0.9623655913978496,0.9623655913978496,186,7,1,0,0,1,0,0,7,31,2,0,2,0.9623655913978496,0.9623655913978496,19.81527646895378,19.815274366768456,19.815274366768456,50.0,0.0,0.0,0,0,0.0068859265375067,3257,288,1.0,31,17;31,,31.0,17;31,2,0,1,2,0.9876543209876544,1.0,0.8181818181818182,81,72,33,17,,31.0,1,0,1,81,81,0,0,0,0.0,0.0,0.0,0.0,,0.9623655913978496
0,7,0,1429090,2024-04-01,marl_raw,43925.55245397103,0.7419354838709677,0.8214285714285714,0.8,0.8387096774193548,0.9285714285714284,0.8,0.8387096774193549,0.8387096774193549,186,30,13,6,6,13,6,6,24,31,8,2,6,0.8387096774193549,0.8387096774193549,43.31560664023122,43.31560143604074,43.31560143604074,50.0,0.0,0.0,0,0,0.0071009935127221,3304,287,0.9882352941176472,31,17;22;23;24;31;45;46;47,22;24;45;46;47,31.0,17;22;23;24;31;45;46;47,8,5,1,8,0.8235294117647058,0.891566265060241,0.6666666666666666,85,83,18,17;23;45;46,22;24;47,31.0,4,3,1,85,84,0,0,0,0.0,0.0,0.0,0.0,,0.8387096774193549
0,7,1,1429091,2024-04-01,marl_raw,43925.55245397103,0.7419354838709677,0.8214285714285714,0.8,0.8172043010752688,0.9047619047619048,0.8,0.8172043010752689,0.8172043010752689,186,34,17,17,17,17,17,17,17,31,8,5,3,0.8172043010752689,0.8172043010752689,52.682961920256254,52.6829630841491,52.6829630841491,50.0,0.0,0.0,0,0,0.0069196479671518,3289,287,0.972222222222222,31,17;20;21;22;23;24;27;31,20;21;22;24;27,31.0,17;20;21;22;23;24;27;31,8,5,1,8,0.8588235294117647,0.8072289156626506,0.6666666666666666,85,83,18,17;23,20;21;22;24;27,31.0,2,5,1,72,70,0,0,0,0.0,0.0,0.0,0.0,,0.8172043010752689
0,7,2,1429092,2024-04-01,marl_raw,43925.55245397103,0.6129032258064516,0.6785714285714286,0.8,0.7956989247311828,0.8571428571428571,0.8,0.7956989247311828,0.7956989247311828,186,38,13,10,10,13,10,10,28,31,12,2,10,0.7956989247311828,0.7956989247311828,61.85334978052365,61.85336072470552,61.85336072470552,50.0,0.0,0.0,0,0,0.0060355202488911,2824,288,1.0,31,17;21;22;23;24;25;27;28;31;39;45;47,21;22;24;25;27;28;39;45;47,31.0,17;21;22;23;24;25;27;28;31;39;45;47,12,9,1,12,0.8470588235294118,0.7710843373493976,0.6666666666666666,85,83,18,17;23;25;28;45,21;22;24;27;39;47,31.0,5,6,1,72,72,0,0,0,0.0,0.0,0.0,0.0,,0.7956989247311828
0,8,0,1430090,2024-04-01,marl_raw,43925.55245397103,0.7741935483870968,0.8571428571428571,1.0,0.8548387096774194,0.9464285714285714,1.0,0.8548387096774194,0.8548387096774194,186,27,14,7,7,14,7,7,20,31,7,2,5,0.8548387096774194,0.8548387096774194,40.3549483001873,40.3549479720413,40.3549479720413,50.0,0.0,0.0,0,0,0.0060971092692246,3001,288,0.9736842105263156,31,17;23;29;30;31;32;33,29;30;32;33,,17;23;29;30;31;32;33,7,4,0,7,0.8,0.85,1.0,90,60,36,17;23;31,29;30;32;33,,3,4,0,76,74,0,0,0,0.0,0.0,0.0,0.0,,0.8548387096774194
0,8,1,1430091,2024-04-01,marl_raw,43925.55245397103,0.9032258064516128,1.0,1.0,0.9032258064516128,1.0,1.0,0.9032258064516128,0.9032258064516128,186,18,10,8,8,10,8,8,10,31,3,2,1,0.9032258064516128,0.9032258064516128,26.75306273019442,26.753066473109747,26.753066473109747,50.0,0.0,0.0,0,0,0.0063380830809668,3000,288,1.0,31,17;23;31,,,17;23;31,3,0,0,3,0.8,1.0,1.0,90,60,36,17;23;31,,,3,0,0,84,84,0,0,0,0.0,0.0,0.0,0.0,,0.9032258064516128
0,8,2,1430092,2024-04-01,marl_raw,43925.55245397103,0.935483870967742,1.0,1.0,0.9408602150537636,1.0,1.0,0.9408602150537636,0.9408602150537636,186,11,3,0,0,3,0,0,11,31,2,0,2,0.9408602150537636,0.9408602150537636,19.905397784325384,19.90538783739972,19.90538783739972,50.0,0.0,0.0,0,0,0.0071592033879521,3408,288,0.9555555555555556,31,17;31,,,17;31,2,0,0,2,0.8777777777777778,1.0,1.0,90,60,36,17;31,,,2,0,0,90,86,0,0,0,0.0,0.0,0.0,0.0,,0.9408602150537636
0,9,0,1431090,2024-04-01,marl_raw,43925.55245397103,0.8064516129032258,0.8928571428571429,0.75,0.9086021505376344,0.9702380952380952,0.8333333333333333,0.9086021505376344,0.9086021505376344,186,17,3,2,3,3,2,3,14,31,6,1,5,0.9086021505376344,0.9086021505376344,29.39184731309132,29.391840473298103,29.391840473298103,50.0,0.0,0.0,0,0,0.0054350666590228,2404,287,0.6933333333333334,31,17;23;29;30;31;39,29;30;39,31.0,17;23;29;30;31;39,6,3,1,6,0.8909090909090909,0.9830508474576272,0.7647058823529411,110,59,17,17;23;29;30,39,31.0,4,1,1,75,52,0,0,0,0.0,0.0,0.0,0.0,,0.9086021505376344
0,9,1,1431091,2024-04-01,marl_raw,43925.55245397103,0.8387096774193549,0.8928571428571429,0.75,0.9247311827956988,0.9464285714285714,0.9583333333333334,0.9247311827956988,0.9247311827956988,186,14,3,0,3,3,0,3,11,31,5,1,4,0.9247311827956988,0.9247311827956988,25.963181982758226,25.963183531197167,25.963183531197167,50.0,0.0,0.0,0,0,0.0063324403454316,2789,287,0.7875,31,17;29;30;31;39,29;30;39,31.0,17;29;30;31;39,5,3,1,5,0.8909090909090909,0.9830508474576272,0.9411764705882352,110,59,17,17;29;30,39,31.0,3,1,1,80,63,0,0,0,0.0,0.0,0.0,0.0,,0.9247311827956988
0,9,2,1431092,2024-04-01,marl_raw,43925.55245397103,0.8387096774193549,0.8928571428571429,0.75,0.8763440860215054,0.9285714285714286,0.75,0.8763440860215054,0.8763440860215054,186,23,9,5,9,9,5,9,14,31,5,2,3,0.8763440860215054,0.8763440860215054,40.25994209063951,40.25993276924216,40.25993276924216,50.0,0.0,0.0,0,0,0.0050297552479605,2232,286,0.8139534883720929,31,17;29;30;31;37,29;30;37,31.0,17;29;30;31;37,5,3,1,5,0.8545454545454545,0.9830508474576272,0.6470588235294118,110,59,17,17;29;30,37,31.0,3,1,1,86,70,0,0,0,0.0,0.0,0.0,0.0,,0.8763440860215054
0,10,0,1432090,2024-04-01,marl_raw,43925.55245397103,0.8064516129032258,0.8928571428571429,0.8,0.9086021505376344,0.9583333333333334,0.9,0.9086021505376344,0.9086021505376344,186,17,4,0,0,4,0,0,17,31,6,0,6,0.9086021505376344,0.9086021505376344,29.916783164385507,29.916789409414093,29.916789409414093,50.0,0.0,0.0,0,0,0.0059022158590475,2766,288,0.95,31,17;23;31;36;37;39,36;37;39,31.0,17;23;31;36;37;39,6,3,1,6,0.8901098901098901,0.9452054794520548,0.8636363636363636,91,73,22,17;23;36;37,39,31.0,4,1,1,80,76,0,0,0,0.0,0.0,0.0,0.0,,0.9086021505376344
0,10,1,1432091,2024-04-01,marl_raw,43925.55245397103,0.8387096774193549,0.9285714285714286,0.8,0.9516129032258064,0.9821428571428572,0.9,0.9516129032258064,0.9516129032258064,186,9,4,1,1,3,1,1,8,31,5,1,4,0.9516129032258064,0.9516129032258064,30.48320383230044,30.48321415864492,30.48321415864492,50.0,0.0,0.0,0,0,0.0060927740208474,2872,288,0.949367088607595,31,17;23;31;39;41,39;41,31.0,17;23;31;39;41,5,2,1,5,0.967032967032967,0.958904109589041,0.8636363636363636,91,73,22,17;23,39;41,31.0,2,2,1,79,75,0,0,0,0.0,0.0,0.0,0.0,,0.9516129032258064
0,10,2,1432092,2024-04-01,marl_raw,43925.55245397103,0.8709677419354839,0.8928571428571429,0.8,0.935483870967742,0.9642857142857144,0.8,0.935483870967742,0.935483870967742,186,12,6,6,6,6,6,6,6,31,4,1,3,0.935483870967742,0.935483870967742,33.670295241819595,33.67030007940947,33.67030007940947,50.0,0.0,0.0,0,0,0.0060706095185499,2897,288,0.974025974025974,31,31;32;37;39,32;37;39,31.0,31;32;37;39,4,3,1,4,0.978021978021978,0.9452054794520548,0.7272727272727273,91,73,22,37,32;39,31.0,1,2,1,77,75,0,0,0,0.0,0.0,0.0,0.0,,0.935483870967742
0,11,0,1433090,2024-04-01,marl_raw,43925.55245397103,0.9032258064516128,1.0,0.8571428571428571,0.9032258064516128,1.0,0.8571428571428571,0.9032258064516128,0.9032258064516128,186,18,17,13,13,17,13,13,5,31,3,3,0,0.9032258064516128,0.9032258064516128,47.46754086658519,47.46753570854023,47.46753570854023,50.0,0.0,0.0,0,0,0.0059338619115199,2785,288,0.9605263157894736,31,17;23;31,,31.0,17;23;31,3,0,1,3,0.8787878787878788,1.0,0.8,99,57,30,17;23,,31.0,2,0,1,76,73,0,0,0,0.0,0.0,0.0,0.0,,0.9032258064516128
0,11,1,1433091,2024-04-01,marl_raw,43925.55245397103,1.0,1.0,1.0,1.0,1.0,1.0,1.0,1.0,186,0,0,0,0,0,0,0,0,31,0,0,0,1.0,1.0,16.653875048442554,16.65387563295262,16.65387563295262,50.0,0.0,0.0,0,0,0.0062223365069561,2897,280,0.9886363636363636,31,,,,,0,0,0,0,1.0,1.0,1.0,99,57,30,,,,0,0,0,88,87,0,0,0,0.0,0.0,0.0,0.0,,1.0
0,11,2,1433092,2024-04-01,marl_raw,43925.55245397103,0.9032258064516128,1.0,0.8571428571428571,0.9086021505376344,1.0,0.8571428571428571,0.9086021505376344,0.9086021505376344,186,17,10,8,8,10,8,8,9,31,3,2,1,0.9086021505376344,0.9086021505376344,26.816386474076136,26.81638949917209,26.81638949917209,50.0,0.0,0.0,0,0,0.0076699214987456,3619,288,0.988095238095238,31,17;23;31,,31.0,17;23;31,3,0,1,3,0.8888888888888888,1.0,0.8,99,57,30,17;23,,31.0,2,0,1,84,83,0,0,0,0.0,0.0,0.0,0.0,,0.9086021505376344
0,12,0,1434090,2024-04-01,marl_raw,43925.55245397103,0.8709677419354839,0.9642857142857144,0.8,0.8978494623655915,0.9940476190476192,0.8,0.8978494623655914,0.8978494623655914,186,19,13,6,6,13,6,6,13,31,4,2,2,0.8978494623655914,0.8978494623655914,26.718512104403587,26.71850834097913,26.71850834097913,50.0,0.0,0.0,0,0,0.0068221111881333,3155,288,0.988095238095238,31,17;22;23;31,22,31.0,17;22;23;31,4,1,1,4,0.8309859154929577,0.9891304347826086,0.7391304347826086,71,92,23,17;23,22,31.0,2,1,1,84,83,0,0,0,0.0,0.0,0.0,0.0,,0.8978494623655914
0,12,1,1434091,2024-04-01,marl_raw,43925.55245397103,0.8709677419354839,0.9642857142857144,0.8,0.9086021505376344,0.9940476190476192,0.8,0.9086021505376344,0.9086021505376344,186,17,8,1,1,8,1,1,16,31,4,1,3,0.9086021505376344,0.9086021505376344,25.098849070969447,25.09885840262136,25.09885840262136,50.0,0.0,0.0,0,0,0.0061119407667623,2854,285,0.949367088607595,31,17;22;23;31,22,31.0,17;22;23;31,4,1,1,4,0.8591549295774648,0.9891304347826086,0.7391304347826086,71,92,23,17;23,22,31.0,2,1,1,79,75,0,0,0,0.0,0.0,0.0,0.0,,0.9086021505376344
0,12,2,1434092,2024-04-01,marl_raw,43925.55245397103,0.8387096774193549,0.9285714285714286,0.8,0.8924731182795699,0.988095238095238,0.8,0.8924731182795699,0.8924731182795699,186,20,9,6,6,9,6,6,14,31,5,1,4,0.8924731182795699,0.8924731182795699,29.89437729825256,29.89438679397747,29.89438679397747,50.0,0.0,0.0,0,0,0.0067652451180038,3118,287,0.935483870967742,31,17;21;22;23;31,21;22,31.0,17;21;22;23;31,5,2,1,5,0.8309859154929577,0.9782608695652174,0.7391304347826086,71,92,23,17;23,21;22,31.0,2,2,1,93,87,0,0,0,0.0,0.0,0.0,0.0,,0.8924731182795699
0,13,0,1435090,2024-04-01,marl_raw,43925.55245397103,0.9032258064516128,1.0,0.8333333333333334,0.9032258064516128,1.0,0.8333333333333334,0.9032258064516128,0.9032258064516128,186,18,18,13,13,18,13,13,5,31,3,3,0,0.9032258064516128,0.9032258064516128,34.26439737760892,34.264398861956856,34.264398861956856,50.0,0.0,0.0,0,0,0.0069357642811761,3239,287,0.9875,31,17;23;31,,31.0,17;23;31,3,0,1,3,0.8695652173913043,1.0,0.8181818181818182,92,61,33,17;23,,31.0,2,0,1,80,79,0,0,0,0.0,0.0,0.0,0.0,,0.9032258064516128
0,13,1,1435091,2024-04-01,marl_raw,43925.55245397103,0.9032258064516128,1.0,0.8333333333333334,0.9032258064516128,1.0,0.8333333333333334,0.9032258064516128,0.9032258064516128,186,18,18,17,17,18,17,17,1,31,3,3,0,0.9032258064516128,0.9032258064516128,40.51973441595672,40.5197384331816,40.5197384331816,50.0,0.0,0.0,0,0,0.0055259661263941,2601,288,0.943661971830986,31,17;23;31,,31.0,17;23;31,3,0,1,3,0.8695652173913043,1.0,0.8181818181818182,92,61,33,17;23,,31.0,2,0,1,71,67,0,0,0,0.0,0.0,0.0,0.0,,0.9032258064516128
0,13,2,1435092,2024-04-01,marl_raw,43925.55245397103,0.935483870967742,1.0,0.8333333333333334,0.9731182795698924,1.0,0.9166666666666666,0.9731182795698924,0.9731182795698924,186,5,0,0,0,0,0,0,5,31,2,0,2,0.9731182795698924,0.9731182795698924,15.560808489399571,15.560798660401376,15.560798660401376,50.0,0.0,0.0,0,0,0.0070109909817498,3201,288,0.989247311827957,31,17;31,,31.0,17;31,2,0,1,2,0.9782608695652174,1.0,0.9090909090909092,92,61,33,17,,31.0,1,0,1,93,92,0,0,0,0.0,0.0,0.0,0.0,,0.9731182795698924
0,14,0,1436090,2024-04-01,marl_raw,43925.55245397103,0.8709677419354839,0.9642857142857144,0.8571428571428571,0.9247311827956988,0.9761904761904762,0.8571428571428571,0.9247311827956988,0.9247311827956988,186,14,6,6,6,6,6,6,8,31,4,1,3,0.9247311827956988,0.9247311827956988,33.30410510237499,33.304111367912704,33.304111367912704,50.0,0.0,0.0,0,0,0.0054791259717603,2564,288,0.9761904761904762,31,17;23;29;31,29,31.0,17;23;29;31,4,1,1,4,0.9529411764705882,0.9444444444444444,0.7931034482758621,85,72,29,17;23,29,31.0,2,1,1,84,82,0,0,0,0.0,0.0,0.0,0.0,,0.9247311827956988
0,14,1,1436091,2024-04-01,marl_raw,43925.55245397103,0.9032258064516128,1.0,0.8571428571428571,0.9301075268817204,1.0,0.9285714285714286,0.9301075268817204,0.9301075268817204,186,13,4,3,3,4,3,3,10,31,3,1,2,0.9301075268817204,0.9301075268817204,22.90813951594855,22.908135906342537,22.908135906342537,50.0,0.0,0.0,0,0,0.0068664153610977,3168,286,0.986842105263158,31,17;23;31,,31.0,17;23;31,3,0,1,3,0.8823529411764706,1.0,0.896551724137931,85,72,29,17;23,,31.0,2,0,1,76,75,0,0,0,0.0,0.0,0.0,0.0,,0.9301075268817204
0,14,2,1436092,2024-04-01,marl_raw,43925.55245397103,0.8709677419354839,0.9285714285714286,0.8571428571428571,0.9301075268817204,0.9821428571428572,0.8809523809523808,0.9301075268817204,0.9301075268817204,186,13,4,2,2,4,2,2,11,31,4,1,3,0.9301075268817204,0.9301075268817204,26.32079844320974,26.32081066664829,26.32081066664829,50.0,0.0,0.0,0,0,0.0061234414327676,2845,286,1.0,31,23;29;31;47,29;47,31.0,23;29;31;47,4,2,1,4,0.9411764705882352,0.9583333333333334,0.8275862068965517,85,72,29,23,29;47,31.0,1,2,1,80,80,0,0,0,0.0,0.0,0.0,0.0,,0.9301075268817204
0,15,0,1437090,2024-04-01,marl_raw,43925.55245397103,0.7741935483870968,0.8571428571428571,0.8,0.8440860215053763,0.9226190476190476,0.8,0.8440860215053764,0.8440860215053764,186,29,11,3,3,11,3,3,26,31,7,1,6,0.8440860215053764,0.8440860215053764,33.28790360112344,33.28790538029004,33.28790538029004,50.0,0.0,0.0,0,0,0.006053316968367,2719,286,0.9736842105263156,31,17;22;23;31;34;40;47,22;34;40;47,31.0,17;22;23;31;34;40;47,7,4,1,7,0.8095238095238095,0.8888888888888888,0.8888888888888888,105,63,18,17;23;31;34,22;40;47,31.0,4,3,1,76,74,0,0,0,0.0,0.0,0.0,0.0,,0.8440860215053764
0,15,1,1437091,2024-04-01,marl_raw,43925.55245397103,0.8064516129032258,0.8571428571428571,1.0,0.9301075268817204,0.9523809523809524,1.0,0.9301075268817204,0.9301075268817204,186,13,7,5,5,7,5,5,8,31,6,1,5,0.9301075268817204,0.9301075268817204,27.456151281633684,27.45616243347045,27.45616243347045,50.0,0.0,0.0,0,0,0.0073310562935754,3411,285,0.9135802469135804,31,17;19;28;31;34;40,19;28;34;40,,17;19;28;31;34;40,6,4,0,6,0.9333333333333332,0.9047619047619048,1.0,105,63,18,17;19;31;34,28;40,,4,2,0,81,74,0,0,0,0.0,0.0,0.0,0.0,,0.9301075268817204
0,15,2,1437092,2024-04-01,marl_raw,43925.55245397103,0.7419354838709677,0.8214285714285714,0.8,0.8279569892473119,0.8928571428571429,0.8,0.8279569892473119,0.8279569892473119,186,32,14,9,9,14,9,9,23,31,8,2,6,0.8279569892473119,0.8279569892473119,39.351982739022986,39.35198612687408,39.35198612687408,50.0,0.0,0.0,0,0,0.0062985625045257,2971,287,0.8767123287671232,31,17;23;28;29;31;35;40;47,28;29;35;40;47,31.0,17;23;28;29;31;35;40;47,8,5,1,8,0.8666666666666667,0.746031746031746,0.8888888888888888,105,63,18,17;23;31;35,28;29;40;47,31.0,4,4,1,73,64,0,0,0,0.0,0.0,0.0,0.0,,0.8279569892473119
0,16,0,1438090,2024-04-01,marl_raw,43925.55245397103,0.967741935483871,1.0,1.0,0.9731182795698924,1.0,1.0,0.9731182795698924,0.9731182795698924,186,5,0,0,0,0,0,0,5,31,1,0,1,0.9731182795698924,0.9731182795698924,22.137229714342343,22.137226730264643,22.137226730264643,50.0,0.0,0.0,0,0,0.0066240366832062,3027,284,0.9875,31,23,,,23,1,0,0,1,0.9397590361445785,1.0,1.0,83,63,40,23,,,1,0,0,80,79,0,0,0,0.0,0.0,0.0,0.0,,0.9731182795698924
0,16,1,1438091,2024-04-01,marl_raw,43925.55245397103,0.8709677419354839,0.9642857142857144,0.8571428571428571,0.9032258064516128,0.9940476190476192,0.8571428571428571,0.9032258064516128,0.9032258064516128,186,18,7,6,6,7,6,6,12,31,4,1,3,0.9032258064516128,0.9032258064516128,37.463046519987046,37.46304322314519,37.46304322314519,50.0,0.0,0.0,0,0,0.0061784152882561,2870,287,1.0,31,17;23;31;33,33,31.0,17;23;31;33,4,1,1,4,0.8433734939759037,0.984126984126984,0.9,83,63,40,17;23;31,33,31.0,3,1,1,75,75,0,0,0,0.0,0.0,0.0,0.0,,0.9032258064516128
0,16,2,1438092,2024-04-01,marl_raw,43925.55245397103,0.9032258064516128,1.0,0.8571428571428571,0.9193548387096774,1.0,0.8571428571428571,0.9193548387096774,0.9193548387096774,186,15,13,9,9,13,9,9,6,31,3,2,1,0.9193548387096774,0.9193548387096774,34.73772701140373,34.737733574323755,34.737733574323755,50.0,0.0,0.0,0,0,0.0065912469532728,3185,288,0.976470588235294,31,17;23;31,,31.0,17;23;31,3,0,1,3,0.8674698795180723,1.0,0.9,83,63,40,17;23;31,,31.0,3,0,1,85,83,0,0,0,0.0,0.0,0.0,0.0,,0.9193548387096774
0,17,0,1439090,2024-04-01,marl_raw,43925.55245397103,0.9032258064516128,1.0,0.8571428571428571,0.9032258064516128,1.0,0.8571428571428571,0.9032258064516128,0.9032258064516128,186,18,6,6,6,6,6,6,12,31,3,1,2,0.9032258064516128,0.9032258064516128,35.93747719914042,35.9374835133873,35.9374835133873,50.0,0.0,0.0,0,0,0.0057033567791222,2682,285,0.961038961038961,31,17;23;31,,31.0,17;23;31,3,0,1,3,0.8620689655172413,1.0,0.8571428571428571,87,57,42,17;23,,31.0,2,0,1,77,74,0,0,0,0.0,0.0,0.0,0.0,,0.9032258064516128
0,17,1,1439091,2024-04-01,marl_raw,43925.55245397103,0.9032258064516128,1.0,0.8571428571428571,0.935483870967742,1.0,0.8571428571428571,0.935483870967742,0.935483870967742,186,12,10,6,6,9,6,6,6,31,3,1,2,0.935483870967742,0.935483870967742,28.23956973049589,28.23957415021235,28.23957415021235,50.0,0.0,0.0,0,0,0.0064997243292358,2949,287,0.96,31,17;23;31,,31.0,17;23;31,3,0,1,3,0.9310344827586208,1.0,0.8571428571428571,87,57,42,17;23,,31.0,2,0,1,75,72,0,0,0,0.0,0.0,0.0,0.0,,0.935483870967742
0,17,2,1439092,2024-04-01,marl_raw,43925.55245397103,0.935483870967742,1.0,0.8571428571428571,0.9516129032258064,1.0,0.8571428571428571,0.9516129032258064,0.9516129032258064,186,9,6,6,6,6,6,6,3,31,2,1,1,0.9516129032258064,0.9516129032258064,27.19594450647472,27.195945539621896,27.195945539621896,50.0,0.0,0.0,0,0,0.0060438772246319,2809,287,0.9761904761904762,31,17;31,,31.0,17;31,2,0,1,2,0.9655172413793104,1.0,0.8571428571428571,87,57,42,17,,31.0,1,0,1,84,82,0,0,0,0.0,0.0,0.0,0.0,,0.9516129032258064
0,18,0,1440090,2024-04-01,marl_raw,43925.55245397103,0.8709677419354839,0.9642857142857144,0.8571428571428571,0.9032258064516128,0.9702380952380952,0.9761904761904764,0.9032258064516128,0.9032258064516128,186,18,9,9,9,9,9,9,9,31,4,2,2,0.9032258064516128,0.9032258064516128,27.50964824102258,27.50965400408673,27.50965400408673,50.0,0.0,0.0,0,0,0.0062786165532694,2882,282,0.9242424242424242,31,17;22;23;31,22,31.0,17;22;23;31,4,1,1,4,0.826530612244898,1.0,0.975,98,48,40,17;22;23,,31.0,3,0,1,66,61,0,0,0,0.0,0.0,0.0,0.0,,0.9032258064516128
0,18,1,1440091,2024-04-01,marl_raw,43925.55245397103,0.8387096774193549,0.9285714285714286,0.8571428571428571,0.881720430107527,0.9761904761904764,0.8571428571428571,0.8817204301075269,0.8817204301075269,186,22,6,2,2,6,2,2,20,31,5,1,4,0.8817204301075269,0.8817204301075269,29.75183218268938,29.751837884226152,29.751837884226152,50.0,0.0,0.0,0,0,0.0071221944963326,3300,288,0.881578947368421,31,17;22;23;29;31,22;29,31.0,17;22;23;29;31,5,2,1,5,0.8469387755102041,0.9791666666666666,0.85,98,48,40,17;22;23,29,31.0,3,1,1,76,67,0,0,0,0.0,0.0,0.0,0.0,,0.8817204301075269
0,18,2,1440092,2024-04-01,marl_raw,43925.55245397103,0.8709677419354839,0.9642857142857144,0.8571428571428571,0.924731182795699,0.9940476190476192,0.9047619047619048,0.9247311827956988,0.9247311827956988,186,14,3,3,3,3,3,3,11,31,4,1,3,0.9247311827956988,0.9247311827956988,26.01620711049726,26.01620776678926,26.01620776678926,50.0,0.0,0.0,0,0,0.0072302694898098,3403,287,0.9333333333333332,31,17;22;23;31,22,31.0,17;22;23;31,4,1,1,4,0.8979591836734694,1.0,0.9,98,48,40,17;22;23,,31.0,3,0,1,75,70,0,0,0,0.0,0.0,0.0,0.0,,0.9247311827956988
0,19,0,1441090,2024-04-01,marl_raw,43925.55245397103,0.6451612903225806,0.7142857142857143,0.8,0.8333333333333335,0.8630952380952381,0.8,0.8333333333333334,0.8333333333333334,186,31,7,2,7,7,2,7,24,31,11,2,9,0.8333333333333334,0.8333333333333334,46.45618901457838,46.45619012976206,46.45619012976206,50.0,0.0,0.0,0,0,0.0054286713117714,2477,287,0.7564102564102564,31,17;23;29;30;31;35;36;43;45;46;47,29;30;35;36;43;45;46;47,31.0,17;23;29;30;31;35;36;43;45;46;47,11,8,1,11,0.8380952380952381,0.7868852459016393,0.95,105,61,20,17;23;29;30,35;36;43;45;46;47,31.0,4,6,1,78,59,0,0,0,0.0,0.0,0.0,0.0,,0.8333333333333334
0,19,1,1441091,2024-04-01,marl_raw,43925.55245397103,0.8387096774193549,0.8571428571428571,1.0,0.9247311827956988,0.9345238095238094,1.0,0.9247311827956988,0.9247311827956988,186,14,2,2,2,2,2,2,12,31,5,1,4,0.9247311827956988,0.9247311827956988,32.62410270526845,32.62410095173826,32.62410095173826,50.0,0.0,0.0,0,0,0.0049286015188651,2284,288,0.704225352112676,31,17;21;30;35;47,21;30;35;47,,17;21;30;35;47,5,4,0,5,0.9142857142857144,0.918032786885246,1.0,105,61,20,17;21;30,35;47,,3,2,0,71,50,0,0,0,0.0,0.0,0.0,0.0,,0.9247311827956988
0,19,2,1441092,2024-04-01,marl_raw,43925.55245397103,0.8064516129032258,0.8571428571428571,0.8,0.8870967741935484,0.9047619047619048,0.8,0.8870967741935484,0.8870967741935484,186,21,6,2,7,6,2,7,14,31,6,3,3,0.8870967741935484,0.8870967741935484,29.626130093810374,29.626128027516028,29.626128027516028,50.0,0.0,0.0,0,0,0.0059440796661268,2627,288,0.7294117647058823,31,17;29;30;31;35;47,29;30;35;47,31.0,17;29;30;31;35;47,6,4,1,6,0.8571428571428571,0.918032786885246,0.95,105,61,20,17;29;30,35;47,31.0,3,2,1,85,62,0,0,0,0.0,0.0,0.0,0.0,,0.8870967741935484
0,20,0,1442090,2024-04-01,marl_raw,43925.55245397103,0.9032258064516128,1.0,0.8571428571428571,0.9301075268817204,1.0,0.8571428571428571,0.9301075268817204,0.9301075268817204,186,13,10,6,6,10,6,6,7,31,3,1,2,0.9301075268817204,0.9301075268817204,25.95178506707632,25.951787487153084,25.951787487153084,50.0,0.0,0.0,0,0,0.0065760993723718,3086,288,0.9875,31,17;23;31,,31.0,17;23;31,3,0,1,3,0.9195402298850576,1.0,0.85,87,59,40,17;23,,31.0,2,0,1,80,79,0,0,0,0.0,0.0,0.0,0.0,,0.9301075268817204
0,20,1,1442091,2024-04-01,marl_raw,43925.55245397103,0.9032258064516128,1.0,0.8571428571428571,0.9032258064516128,1.0,0.8571428571428571,0.9032258064516128,0.9032258064516128,186,18,12,12,12,12,12,12,6,31,3,2,1,0.9032258064516128,0.9032258064516128,42.26949427717476,42.26949407721079,42.26949407721079,50.0,0.0,0.0,0,0,0.0054825408878969,2555,287,1.0,31,17;23;31,,31.0,17;23;31,3,0,1,3,0.8620689655172413,1.0,0.85,87,59,40,17;23,,31.0,2,0,1,72,72,0,0,0,0.0,0.0,0.0,0.0,,0.9032258064516128
0,20,2,1442092,2024-04-01,marl_raw,43925.55245397103,0.935483870967742,1.0,0.8571428571428571,0.9462365591397848,1.0,0.8571428571428571,0.946236559139785,0.946236559139785,186,10,5,2,2,5,2,2,8,31,2,1,1,0.946236559139785,0.946236559139785,24.454212065665956,24.454214824143275,24.454214824143275,50.0,0.0,0.0,0,0,0.0069770641008896,3235,288,0.9866666666666668,31,23;31,,31.0,23;31,2,0,1,2,0.9540229885057472,1.0,0.85,87,59,40,23,,31.0,1,0,1,75,74,0,0,0,0.0,0.0,0.0,0.0,,0.946236559139785
0,21,0,1443090,2024-04-01,marl_raw,43925.55245397103,0.5161290322580645,0.5714285714285714,0.8571428571428571,0.7688172043010754,0.8452380952380952,0.8571428571428571,0.7688172043010753,0.7688172043010753,186,43,17,10,12,16,10,12,31,31,15,5,10,0.7688172043010753,0.7688172043010753,48.60049030344973,48.60048538125972,48.60048538125972,50.0,0.0,0.0,0,0,0.0057257463067799,2591,287,0.8481012658227847,31,17;19;21;22;23;24;25;30;31;36;38;43;44;46;47,19;21;22;24;25;30;36;38;43;44;46;47,31.0,17;19;21;22;23;24;25;30;31;36;38;43;44;46;47,15,12,1,15,0.7340425531914894,0.8095238095238095,0.7931034482758621,94,63,29,17;23;24;30;36;38;43;44,19;21;22;24;25;46;47,31.0,8,7,1,79,67,0,0,0,0.0,0.0,0.0,0.0,,0.7688172043010753
0,21,1,1443091,2024-04-01,marl_raw,43925.55245397103,0.8709677419354839,0.8928571428571429,1.0,0.9408602150537636,0.9523809523809524,1.0,0.9408602150537636,0.9408602150537636,186,11,0,0,6,0,0,5,6,31,4,2,2,0.9408602150537636,0.9408602150537636,26.013733935612503,26.0137297209873,26.0137297209873,50.0,0.0,0.0,0,0,0.0073701281574661,3356,286,0.7578947368421054,31,17;43;44;47,43;44;47,,17;43;44;47,4,3,0,4,0.8936170212765957,0.984126984126984,1.0,94,63,29,17;43;44,47,,3,1,0,95,72,0,0,0,0.0,0.0,0.0,0.0,,0.9408602150537636
0,21,2,1443092,2024-04-01,marl_raw,43925.55245397103,0.7096774193548387,0.75,1.0,0.8655913978494624,0.9107142857142856,1.0,0.8655913978494624,0.8655913978494624,186,25,6,4,5,6,4,5,20,31,9,1,8,0.8655913978494624,0.8655913978494624,38.045394041204965,38.0453823151127,38.0453823151127,50.0,0.0,0.0,0,0,0.0061315851395799,2876,285,0.8313253012048193,31,17;19;22;23;25;38;43;44;47,19;22;25;38;43;44;47,,17;19;22;23;25;38;43;44;47,9,7,0,9,0.776595744680851,0.9365079365079364,1.0,94,63,29,17;23;38;43;44,19;22;25;47,,5,4,0,83,69,0,0,0,0.0,0.0,0.0,0.0,,0.8655913978494624
0,22,0,1444090,2024-04-01,marl_raw,43925.55245397103,0.7419354838709677,0.8214285714285714,0.8571428571428571,0.7903225806451613,0.875,0.8571428571428571,0.7903225806451613,0.7903225806451613,186,39,10,5,8,10,5,8,31,31,8,3,5,0.7903225806451613,0.7903225806451613,49.14634334976955,49.14634633384725,49.14634633384725,50.0,0.0,0.0,0,0,0.0044662123588447,2043,285,0.7866666666666666,31,17;23;31;34;35;36;37;38,34;35;36;37;38,31.0,17;23;31;34;35;36;37;38,8,5,1,8,0.6091954022988506,1.0,0.8275862068965517,87,70,29,17;23;31;34;35;36;37;38,,31.0,8,0,1,75,59,0,0,0,0.0,0.0,0.0,0.0,,0.7903225806451613
0,22,1,1444091,2024-04-01,marl_raw,43925.55245397103,0.7096774193548387,0.7857142857142857,0.8571428571428571,0.8494623655913979,0.9107142857142856,0.8571428571428571,0.8494623655913979,0.8494623655913979,186,28,5,5,6,5,5,6,22,31,9,2,7,0.8494623655913979,0.8494623655913979,45.46368919969887,45.46367898102729,45.46367898102729,50.0,0.0,0.0,0,0,0.0058340298395099,2779,287,0.8354430379746836,31,17;23;26;31;34;35;36;37;38,26;34;35;36;37;38,31.0,17;23;26;31;34;35;36;37;38,9,6,1,9,0.7471264367816092,0.9857142857142858,0.8275862068965517,87,70,29,17;23;31;34;35;36;37;38,26,31.0,8,1,1,79,66,0,0,0,0.0,0.0,0.0,0.0,,0.8494623655913979
0,22,2,1444092,2024-04-01,marl_raw,43925.55245397103,0.6774193548387096,0.75,0.8571428571428571,0.8602150537634409,0.9226190476190476,0.8571428571428571,0.8602150537634409,0.8602150537634409,186,26,15,9,9,15,9,9,17,31,10,3,7,0.8602150537634409,0.8602150537634409,47.365065303541,47.365067805654256,47.365067805654256,50.0,0.0,0.0,0,0,0.0055147062994365,2463,288,0.8148148148148148,31,17;19;22;23;26;31;34;35;36;37,19;22;26;34;35;36;37,31.0,17;19;22;23;26;31;34;35;36;37,10,7,1,10,0.7816091954022989,0.9714285714285714,0.8275862068965517,87,70,29,17;19;23;31;34;35;36;37,22;26,31.0,8,2,1,81,66,0,0,0,0.0,0.0,0.0,0.0,,0.8602150537634409
0,23,0,1445090,2024-04-01,marl_raw,43925.55245397103,0.9032258064516128,1.0,0.8571428571428571,0.935483870967742,1.0,0.8571428571428571,0.935483870967742,0.935483870967742,186,12,6,5,5,6,5,5,7,31,3,1,2,0.935483870967742,0.935483870967742,24.99621505122031,24.996220168247017,24.996220168247017,50.0,0.0,0.0,0,0,0.0070850443165303,3391,288,0.9770114942528736,31,17;23;31,,31.0,17;23;31,3,0,1,3,0.875,1.0,0.96875,88,66,32,17;23;31,,31.0,3,0,1,87,85,0,0,0,0.0,0.0,0.0,0.0,,0.935483870967742
0,23,1,1445091,2024-04-01,marl_raw,43925.55245397103,0.9032258064516128,1.0,0.8571428571428571,0.9032258064516128,1.0,0.8571428571428571,0.9032258064516128,0.9032258064516128,186,18,12,6,6,12,6,6,12,31,3,2,1,0.9032258064516128,0.9032258064516128,31.367242628528224,31.36723764481083,31.36723764481083,50.0,0.0,0.0,0,0,0.0070012150075247,3318,287,1.0,31,17;23;31,,31.0,17;23;31,3,0,1,3,0.8068181818181818,1.0,0.96875,88,66,32,17;23;31,,31.0,3,0,1,80,80,0,0,0,0.0,0.0,0.0,0.0,,0.9032258064516128
0,23,2,1445092,2024-04-01,marl_raw,43925.55245397103,0.935483870967742,1.0,0.8571428571428571,0.9731182795698924,1.0,0.8571428571428571,0.9731182795698924,0.9731182795698924,186,5,2,0,0,2,0,0,5,31,2,0,2,0.9731182795698924,0.9731182795698924,23.04391348233787,23.04391748161726,23.04391748161726,50.0,0.0,0.0,0,0,0.0074633765810479,3459,288,0.9651162790697676,31,23;31,,31.0,23;31,2,0,1,2,0.9545454545454546,1.0,0.96875,88,66,32,23;31,,31.0,2,0,1,86,83,0,0,0,0.0,0.0,0.0,0.0,,0.9731182795698924
1,0,0,1522090,2024-04-06,marl_raw,32923.395268899025,0.5666666666666667,0.5666666666666667,1.0,0.8555555555555556,0.8555555555555556,1.0,0.8555555555555555,0.8555555555555555,180,26,2,2,2,2,2,2,24,30,13,1,12,0.8555555555555555,0.8555555555555555,35.78787784311506,35.78787166807387,35.78787166807387,50.0,0.0,0.0,0,0,0.0076132331281163,3533,288,0.9620253164556962,30,18;22;25;26;27;28;29;30;31;35;36;37;42,18;22;25;26;27;28;29;30;31;35;36;37;42,,18;22;25;26;27;28;29;30;31;35;36;37;42,13,13,0,13,0.92,0.7380952380952381,1.0,50,84,46,27;29,18;22;25;26;28;30;31;35;36;37;42,,2,11,0,79,76,0,0,0,0.0,0.0,0.0,0.0,,0.8555555555555555
1,0,1,1522091,2024-04-06,marl_raw,32923.395268899025,0.7333333333333333,0.7333333333333333,1.0,0.9222222222222224,0.9222222222222224,1.0,0.9222222222222224,0.9222222222222224,180,14,0,0,0,0,0,0,14,30,8,0,8,0.9222222222222224,0.9222222222222224,28.87515139579773,28.87514360745748,28.87514360745748,50.0,0.0,0.0,0,0,0.0055656672423841,2545,288,0.8395061728395061,30,18;25;27;28;29;30;31;35,18;25;27;28;29;30;31;35,,18;25;27;28;29;30;31;35,8,8,0,8,0.92,0.8809523809523809,1.0,50,84,46,27;29,18;25;28;30;31;35,,2,6,0,81,68,0,0,0,0.0,0.0,0.0,0.0,,0.9222222222222224
1,0,2,1522092,2024-04-06,marl_raw,32923.395268899025,0.6333333333333333,0.6333333333333333,1.0,0.8666666666666667,0.8666666666666667,1.0,0.8666666666666667,0.8666666666666667,180,24,0,0,0,0,0,0,24,30,11,0,11,0.8666666666666667,0.8666666666666667,30.063890381654105,30.06388726101981,30.06388726101981,50.0,0.0,0.0,0,0,0.0068065169471083,3230,286,0.9594594594594592,30,18;20;22;23;25;26;27;28;29;30;36,18;20;22;23;25;26;27;28;29;30;36,,18;20;22;23;25;26;27;28;29;30;36,11,11,0,11,0.92,0.7619047619047619,1.0,50,84,46,27;29,18;20;22;23;25;26;28;30;36,,2,9,0,74,71,0,0,0,0.0,0.0,0.0,0.0,,0.8666666666666667
1,1,0,1523090,2024-04-06,marl_raw,32923.395268899025,0.7666666666666667,0.7666666666666667,1.0,0.8888888888888888,0.8888888888888888,1.0,0.8888888888888888,0.8888888888888888,180,20,0,0,8,0,0,2,18,30,7,2,6,0.8888888888888888,0.8888888888888888,36.16345749696096,36.16344807942709,36.16344807942709,50.0,0.0,0.0,0,0,0.0051019786557541,2316,288,0.6296296296296295,30,29;31;32;33;38;40;41,29;31;32;33;38;40;41,,29;31;32;33;38;40;41,7,7,0,7,0.8586956521739131,0.8679245283018868,1.0,92,53,35,29;31;32;33;40;41,32;33;38,,6,3,0,81,51,0,0,0,0.0,0.0,0.0,0.0,,0.8888888888888888
1,1,1,1523091,2024-04-06,marl_raw,32923.395268899025,0.8,0.8,1.0,0.9222222222222224,0.9222222222222224,1.0,0.9222222222222224,0.9222222222222224,180,14,0,0,3,0,0,0,14,30,6,2,4,0.9222222222222224,0.9222222222222224,29.095364332199097,29.09535955323113,29.09535955323113,50.0,0.0,0.0,0,0,0.0045369962305509,1982,287,0.5783132530120481,30,30;32;33;36;37;41,30;32;33;36;37;41,,30;32;33;36;37;41,6,6,0,6,0.8695652173913043,0.9622641509433962,1.0,92,53,35,30;32;33;36;37;41,32,,6,1,0,83,48,0,0,0,0.0,0.0,0.0,0.0,,0.9222222222222224
1,1,2,1523092,2024-04-06,marl_raw,32923.395268899025,0.8,0.8,1.0,0.9444444444444444,0.9444444444444444,1.0,0.9444444444444444,0.9444444444444444,180,10,0,0,9,0,0,6,4,30,6,3,3,0.9444444444444444,0.9444444444444444,25.782863749398125,25.78286222351922,25.78286222351922,50.0,0.0,0.0,0,0,0.0039447475464839,1744,284,0.5466666666666666,30,27;32;36;37;38;41,27;32;36;37;38;41,,27;32;36;37;38;41,6,6,0,6,0.9130434782608696,0.9622641509433962,1.0,92,53,35,27;36;37;41,32;38,,4,2,0,75,41,0,0,0,0.0,0.0,0.0,0.0,,0.9444444444444444
1,2,0,1524090,2024-04-06,marl_raw,32923.395268899025,0.4666666666666667,0.4666666666666667,1.0,0.8666666666666667,0.8666666666666667,1.0,0.8666666666666667,0.8666666666666667,180,24,0,0,0,0,0,0,24,30,16,0,16,0.8666666666666667,0.8666666666666667,29.742354692353143,29.742354732089574,29.742354732089574,50.0,0.0,0.0,0,0,0.0047221798815068,2123,279,0.8625,30,19;20;21;22;23;24;26;28;30;35;36;38;39;41;43;44,19;20;21;22;23;24;26;28;30;35;36;38;39;41;43;44,,19;20;21;22;23;24;26;28;30;35;36;38;39;41;43;44,16,16,0,16,0.8113207547169812,0.8571428571428571,1.0,53,98,29,19;21;23;28;38;39;41;43;44,20;22;24;26;30;35;36;38,,9,8,0,80,69,0,0,0,0.0,0.0,0.0,0.0,,0.8666666666666667
1,2,1,1524091,2024-04-06,marl_raw,32923.395268899025,0.7,0.7,1.0,0.9222222222222222,0.9222222222222222,1.0,0.9222222222222224,0.9222222222222224,180,14,1,0,2,1,0,2,12,30,9,2,7,0.9222222222222224,0.9222222222222224,28.875711178779603,28.87571185429891,28.87571185429891,50.0,0.0,0.0,0,0,0.0045738680564682,1939,288,0.7272727272727273,30,26;30;35;36;38;39;41;43;44,26;30;35;36;38;39;41;43;44,,26;30;35;36;38;39;41;43;44,9,9,0,9,0.8490566037735849,0.9387755102040816,1.0,53,98,29,38;39;41;43;44,26;30;35;36,,5,4,0,66,48,0,0,0,0.0,0.0,0.0,0.0,,0.9222222222222224
1,2,2,1524092,2024-04-06,marl_raw,32923.395268899025,0.4666666666666667,0.4666666666666667,1.0,0.8166666666666667,0.8166666666666667,1.0,0.8166666666666667,0.8166666666666667,180,33,1,0,2,1,0,2,31,30,16,2,14,0.8166666666666667,0.8166666666666667,38.1920617500941,38.19205896324581,38.19205896324581,50.0,0.0,0.0,0,0,0.0059648534509809,2804,288,0.6746987951807228,30,19;21;22;23;24;26;28;30;32;35;36;38;39;41;43;44,19;21;22;23;24;26;28;30;32;35;36;38;39;41;43;44,,19;21;22;23;24;26;28;30;32;35;36;38;39;41;43;44,16,16,0,16,0.660377358490566,0.8469387755102041,1.0,53,98,29,19;21;23;28;38;39;41;43;44,22;24;26;30;32;35;36;39,,9,8,0,83,56,0,0,0,0.0,0.0,0.0,0.0,,0.8166666666666667
1,3,0,1525090,2024-04-06,marl_raw,32923.395268899025,0.7666666666666667,0.7666666666666667,1.0,0.9111111111111112,0.9111111111111112,1.0,0.9111111111111112,0.9111111111111112,180,16,0,0,0,0,0,0,16,30,7,0,7,0.9111111111111112,0.9111111111111112,25.70751246743732,25.70751381582684,25.70751381582684,50.0,0.0,0.0,0,0,0.005463779886971,2407,288,0.7948717948717949,30,29;30;31;32;33;34;37,29;30;31;32;33;34;37,,29;30;31;32;33;34;37,7,7,0,7,0.9230769230769232,0.8658536585365854,1.0,65,82,33,33;34;37,29;30;31;32;34,,3,5,0,78,62,0,0,0,0.0,0.0,0.0,0.0,,0.9111111111111112
1,3,1,1525091,2024-04-06,marl_raw,32923.395268899025,0.7666666666666667,0.7666666666666667,1.0,0.8722222222222222,0.8722222222222222,1.0,0.8722222222222222,0.8722222222222222,180,23,0,0,0,0,0,0,23,30,7,0,7,0.8722222222222222,0.8722222222222222,35.620320689678195,35.62032947142919,35.62032947142919,50.0,0.0,0.0,0,0,0.0042189852471589,1804,284,0.7297297297297296,30,29;30;31;32;33;34;42,29;30;31;32;33;34;42,,29;30;31;32;33;34;42,7,7,0,7,0.9384615384615383,0.7682926829268293,1.0,65,82,33,33;34,29;30;31;32;34;42,,2,6,0,74,54,0,0,0,0.0,0.0,0.0,0.0,,0.8722222222222222
1,3,2,1525092,2024-04-06,marl_raw,32923.395268899025,0.7333333333333333,0.7333333333333333,1.0,0.8833333333333334,0.8833333333333334,1.0,0.8833333333333333,0.8833333333333333,180,21,0,0,0,0,0,0,21,30,8,0,8,0.8833333333333333,0.8833333333333333,29.473681800895267,29.473683596981896,29.473683596981896,50.0,0.0,0.0,0,0,0.0046483719621998,2079,288,0.76,30,29;30;31;32;33;34;37;42,29;30;31;32;33;34;37;42,,29;30;31;32;33;34;37;42,8,8,0,8,0.9230769230769232,0.8048780487804879,1.0,65,82,33,33;34;37,29;30;31;32;34;42,,3,6,0,75,57,0,0,0,0.0,0.0,0.0,0.0,,0.8833333333333333
1,4,0,1526090,2024-04-06,marl_raw,32923.395268899025,0.9333333333333332,0.9333333333333332,1.0,0.9888888888888888,0.9888888888888888,1.0,0.9888888888888888,0.9888888888888888,180,2,0,0,1,0,0,0,2,30,2,1,2,0.9888888888888888,0.9888888888888888,29.179361825519138,29.17935649024116,29.17935649024116,50.0,0.0,0.0,0,0,0.0047364972670038,2051,288,0.6842105263157894,30,25;26,25;26,,25;26,2,2,0,2,1.0,0.96875,1.0,53,64,63,,25;26,,0,2,0,76,52,0,0,0,0.0,0.0,0.0,0.0,,0.9888888888888888
1,4,1,1526091,2024-04-06,marl_raw,32923.395268899025,0.9,0.9,1.0,0.9833333333333332,0.9833333333333332,1.0,0.9833333333333332,0.9833333333333332,180,3,0,0,1,0,0,0,3,30,3,1,3,0.9833333333333332,0.9833333333333332,29.658397234810725,29.658389223946465,29.658389223946465,50.0,0.0,0.0,0,0,0.0045582321714997,1857,287,0.8148148148148148,30,25;26;42,25;26;42,,25;26;42,3,3,0,3,1.0,0.953125,1.0,53,64,63,,25;26;42,,0,3,0,81,66,0,0,0,0.0,0.0,0.0,0.0,,0.9833333333333332
1,4,2,1526092,2024-04-06,marl_raw,32923.395268899025,0.9333333333333332,0.9333333333333332,1.0,0.9888888888888888,0.9888888888888888,1.0,0.9888888888888888,0.9888888888888888,180,2,0,0,1,0,0,0,2,30,2,1,2,0.9888888888888888,0.9888888888888888,22.752263887723288,22.752271003193325,22.752271003193325,50.0,0.0,0.0,0,0,0.0039844248064279,1703,288,0.7464788732394366,30,25;26,25;26,,25;26,2,2,0,2,1.0,0.96875,1.0,53,64,63,,25;26,,0,2,0,71,53,0,0,0,0.0,0.0,0.0,0.0,,0.9888888888888888
1,5,0,1527090,2024-04-06,marl_raw,32923.395268899025,0.9,0.9,1.0,0.961111111111111,0.961111111111111,1.0,0.9611111111111112,0.9611111111111112,180,7,0,0,0,0,0,0,7,30,3,0,3,0.9611111111111112,0.9611111111111112,24.58247047000461,24.5824629995558,24.5824629995558,50.0,0.0,0.0,0,0,0.0040830969968131,1783,286,0.6891891891891893,30,29;31;32,29;31;32,,29;31;32,3,3,0,3,1.0,0.8852459016393442,1.0,58,61,61,,29;31;32,,0,3,0,74,51,0,0,0,0.0,0.0,0.0,0.0,,0.9611111111111112
1,5,1,1527091,2024-04-06,marl_raw,32923.395268899025,0.8666666666666667,0.8666666666666667,1.0,0.9722222222222222,0.9722222222222222,1.0,0.9722222222222222,0.9722222222222222,180,5,0,0,0,0,0,0,5,30,4,0,4,0.9722222222222222,0.9722222222222222,23.32430811458164,23.324305688010323,23.324305688010323,50.0,0.0,0.0,0,0,0.0050739480963481,2127,288,0.6931818181818183,30,31;32;36;43,31;32;36;43,,31;32;36;43,4,4,0,4,0.9827586206896552,0.9344262295081968,1.0,58,61,61,36,31;32;43,,1,3,0,88,61,0,0,0,0.0,0.0,0.0,0.0,,0.9722222222222222
1,5,2,1527092,2024-04-06,marl_raw,32923.395268899025,0.9,0.9,1.0,0.961111111111111,0.961111111111111,1.0,0.9611111111111112,0.9611111111111112,180,7,0,0,0,0,0,0,7,30,3,0,3,0.9611111111111112,0.9611111111111112,29.963832071092398,29.9638326909807,29.9638326909807,50.0,0.0,0.0,0,0,0.0049266039544212,2179,288,0.6463414634146343,30,29;32;36,29;32;36,,29;32;36,3,3,0,3,0.9827586206896552,0.9016393442622952,1.0,58,61,61,36,29;32,,1,2,0,82,53,0,0,0,0.0,0.0,0.0,0.0,,0.9611111111111112
1,6,0,1528090,2024-04-06,marl_raw,32923.395268899025,0.7,0.7,1.0,0.888888888888889,0.888888888888889,1.0,0.8888888888888888,0.8888888888888888,180,20,0,0,1,0,0,1,19,30,9,1,8,0.8888888888888888,0.8888888888888888,27.353195759985184,27.35319281684028,27.35319281684028,50.0,0.0,0.0,0,0,0.0055950555785481,2610,288,0.8961038961038961,30,23;24;25;36;37;39;41;42;46,23;24;25;36;37;39;41;42;46,,23;24;25;36;37;39;41;42;46,9,9,0,9,0.8571428571428571,0.8266666666666667,1.0,49,75,56,25;36;39;41;42;46,23;24;37;39;42,,6,5,0,77,69,0,0,0,0.0,0.0,0.0,0.0,,0.8888888888888888
1,6,1,1528091,2024-04-06,marl_raw,32923.395268899025,0.6333333333333333,0.6333333333333333,1.0,0.8833333333333333,0.8833333333333333,1.0,0.8833333333333333,0.8833333333333333,180,21,0,0,0,0,0,0,21,30,11,0,11,0.8833333333333333,0.8833333333333333,27.116552596622043,27.116546042760213,27.116546042760213,50.0,0.0,0.0,0,0,0.0048914375220192,2111,285,0.8055555555555556,30,19;21;22;23;24;36;37;39;42;43;46,19;21;22;23;24;36;37;39;42;43;46,,19;21;22;23;24;36;37;39;42;43;46,11,11,0,11,0.8979591836734694,0.7866666666666666,1.0,49,75,56,36;39;43;46,19;21;22;23;24;37;39;42,,4,8,0,72,58,0,0,0,0.0,0.0,0.0,0.0,,0.8833333333333333
1,6,2,1528092,2024-04-06,marl_raw,32923.395268899025,0.7333333333333333,0.7333333333333333,1.0,0.9166666666666664,0.9166666666666664,1.0,0.9166666666666666,0.9166666666666666,180,15,0,0,0,0,0,0,15,30,8,0,8,0.9166666666666666,0.9166666666666666,22.225297827190825,22.225302097532484,22.225302097532484,50.0,0.0,0.0,0,0,0.0053822274033639,2415,287,0.8533333333333334,30,19;36;37;39;42;43;44;46,19;36;37;39;42;43;44;46,,19;36;37;39;42;43;44;46,8,8,0,8,0.8571428571428571,0.8933333333333333,1.0,49,75,56,36;39;42;43;44;46,19;37;39;42,,6,4,0,75,64,0,0,0,0.0,0.0,0.0,0.0,,0.9166666666666666
1,7,0,1529090,2024-04-06,marl_raw,32923.395268899025,0.8666666666666667,0.8666666666666667,1.0,0.9666666666666668,0.9666666666666668,1.0,0.9666666666666668,0.9666666666666668,180,6,0,0,0,0,0,0,6,30,4,0,4,0.9666666666666668,0.9666666666666668,27.364556985431246,27.364557067553203,27.364557067553203,50.0,0.0,0.0,0,0,0.0039043050601321,1610,284,0.6417910447761195,30,19;27;29;31,19;27;29;31,,19;27;29;31,4,4,0,4,0.9759036144578314,0.9130434782608696,1.0,83,46,51,19;27,29;31,,2,2,0,67,43,0,0,0,0.0,0.0,0.0,0.0,,0.9666666666666668
1,7,1,1529091,2024-04-06,marl_raw,32923.395268899025,0.9333333333333332,0.9333333333333332,1.0,0.9666666666666668,0.9666666666666668,1.0,0.9666666666666668,0.9666666666666668,180,6,0,0,0,0,0,0,6,30,2,0,2,0.9666666666666668,0.9666666666666668,32.868032028939986,32.868039854367574,32.868039854367574,50.0,0.0,0.0,0,0,0.0046056154872834,2024,288,0.6438356164383562,30,19;36,19;36,,19;36,2,2,0,2,0.927710843373494,1.0,1.0,83,46,51,19;36,,,2,0,0,73,47,0,0,0,0.0,0.0,0.0,0.0,,0.9666666666666668
1,7,2,1529092,2024-04-06,marl_raw,32923.395268899025,0.9,0.9,1.0,0.972222222222222,0.972222222222222,1.0,0.9722222222222222,0.9722222222222222,180,5,0,0,0,0,0,0,5,30,3,0,3,0.9722222222222222,0.9722222222222222,26.47962253888448,26.47962373362647,26.47962373362647,50.0,0.0,0.0,0,0,0.0046307524838387,2034,284,0.6923076923076923,30,19;22;31,19;22;31,,19;22;31,3,3,0,3,0.9759036144578314,0.9347826086956522,1.0,83,46,51,19;22,22;31,,2,2,0,78,54,0,0,0,0.0,0.0,0.0,0.0,,0.9722222222222222
1,8,0,1530090,2024-04-06,marl_raw,32923.395268899025,0.4,0.4,0.9,0.6555555555555554,0.6555555555555554,0.95,0.6555555555555556,0.6555555555555556,180,62,26,19,24,25,19,24,38,30,18,7,11,0.6555555555555556,0.6555555555555556,71.07197443379296,71.07197963661618,71.07197963661618,50.0,0.0,0.0,0,0,0.0028111779371708,1148,284,0.2837837837837839,30,19;20;21;22;23;24;28;29;30;31;32;33;34;35;36;37;39;42,19;20;21;22;23;24;28;29;30;31;32;33;34;35;36;37;39;42,35.0,19;20;21;22;23;24;28;29;30;31;32;33;34;35;36;37;39;42,18,18,1,18,0.4680851063829787,0.7674418604651163,0.9534883720930232,94,43,43,20;21;22;23;24;28;29;30;31;32;33;34;36;39,19;35;36;37;39;42,35.0,14,6,1,74,21,0,0,0,0.0,0.0,0.0,0.0,,0.6555555555555556
1,8,1,1530091,2024-04-06,marl_raw,32923.395268899025,0.4,0.4,1.0,0.6777777777777778,0.6777777777777778,1.0,0.6777777777777778,0.6777777777777778,180,58,19,12,39,19,12,33,25,30,18,11,8,0.6777777777777778,0.6777777777777778,63.11565397315555,63.115655946731565,63.115655946731565,50.0,0.0,0.0,0,0,0.0034174874320645,1424,287,0.2972972972972972,30,18;20;21;22;23;24;25;26;27;28;29;30;32;33;34;35;36;37,18;20;21;22;23;24;25;26;27;28;29;30;32;33;34;35;36;37,,18;20;21;22;23;24;25;26;27;28;29;30;32;33;34;35;36;37,18,18,0,18,0.425531914893617,0.9069767441860463,1.0,94,43,43,20;21;22;23;24;25;26;27;28;29;30;32;33;34;36,18;35;36;37,,15,4,0,74,22,0,0,0,0.0,0.0,0.0,0.0,,0.6777777777777778
1,8,2,1530092,2024-04-06,marl_raw,32923.395268899025,0.3,0.3,1.0,0.6277777777777779,0.6277777777777779,1.0,0.6277777777777778,0.6277777777777778,180,67,13,10,39,13,10,36,31,30,21,12,9,0.6277777777777778,0.6277777777777778,77.6789836221271,77.67898502084944,77.67898502084944,50.0,0.0,0.0,0,0,0.004078993184521,1791,288,0.3478260869565217,30,18;19;20;21;22;23;24;25;26;27;28;29;30;31;32;33;34;35;36;39;42,18;19;20;21;22;23;24;25;26;27;28;29;30;31;32;33;34;35;36;39;42,,18;19;20;21;22;23;24;25;26;27;28;29;30;31;32;33;34;35;36;39;42,21,21,0,21,0.3617021276595745,0.8372093023255814,1.0,94,43,43,20;21;22;23;24;25;26;27;28;29;30;31;32;33;34;36;39,18;19;35;39;42,,17,5,0,92,32,0,0,0,0.0,0.0,0.0,0.0,,0.6277777777777778
1,9,0,1531090,2024-04-06,marl_raw,32923.395268899025,0.9,0.9,1.0,0.95,0.95,1.0,0.95,0.95,180,9,0,0,0,0,0,0,9,30,3,0,3,0.95,0.95,33.51337052981059,33.51337309413486,33.51337309413486,50.0,0.0,0.0,0,0,0.0035831169358668,1527,288,0.5432098765432098,30,21;26;27,21;26;27,,21;26;27,3,3,0,3,0.88,1.0,1.0,75,57,48,21;26;27,,,3,0,0,81,44,0,0,0,0.0,0.0,0.0,0.0,,0.95
1,9,1,1531091,2024-04-06,marl_raw,32923.395268899025,0.8333333333333334,0.8333333333333334,1.0,0.9666666666666668,0.9666666666666668,1.0,0.9666666666666668,0.9666666666666668,180,6,0,0,0,0,0,0,6,30,5,0,5,0.9666666666666668,0.9666666666666668,30.84244515630934,30.842446841133967,30.842446841133967,50.0,0.0,0.0,0,0,0.0041851921778288,1854,287,0.5,30,20;21;22;25;42,20;21;22;25;42,,20;21;22;25;42,5,5,0,5,0.92,1.0,1.0,75,57,48,20;21;22;25;42,,,5,0,0,88,44,0,0,0,0.0,0.0,0.0,0.0,,0.9666666666666668
1,9,2,1531092,2024-04-06,marl_raw,32923.395268899025,0.8666666666666667,0.8666666666666667,1.0,0.977777777777778,0.977777777777778,1.0,0.9777777777777776,0.9777777777777776,180,4,0,0,0,0,0,0,4,30,4,0,4,0.9777777777777776,0.9777777777777776,18.49116536776225,18.4911656220754,18.4911656220754,50.0,0.0,0.0,0,0,0.0045657446953555,2000,288,0.6133333333333333,30,20;21;22;26,20;21;22;26,,20;21;22;26,4,4,0,4,0.9466666666666668,1.0,1.0,75,57,48,20;21;22;26,,,4,0,0,75,46,0,0,0,0.0,0.0,0.0,0.0,,0.9777777777777776
1,10,0,1532090,2024-04-06,marl_raw,32923.395268899025,0.6,0.6,1.0,0.8833333333333332,0.8833333333333332,1.0,0.8833333333333333,0.8833333333333333,180,21,0,0,2,0,0,0,21,30,12,1,12,0.8833333333333333,0.8833333333333333,30.24712166786194,30.24712325731913,30.24712325731913,50.0,0.0,0.0,0,0,0.0044206933346989,1970,278,0.7558139534883721,30,18;19;20;21;22;23;24;33;34;36;40;46,18;19;20;21;22;23;24;33;34;36;40;46,,18;19;20;21;22;23;24;33;34;36;40;46,12,12,0,12,0.875,0.8354430379746836,1.0,64,79,37,18;19;21;34;36;40;46,18;19;20;22;23;24;33,,7,7,0,86,65,0,0,0,0.0,0.0,0.0,0.0,,0.8833333333333333
1,10,1,1532091,2024-04-06,marl_raw,32923.395268899025,0.6333333333333333,0.6333333333333333,1.0,0.9055555555555554,0.9055555555555554,1.0,0.9055555555555556,0.9055555555555556,180,17,0,0,0,0,0,0,17,30,11,0,11,0.9055555555555556,0.9055555555555556,32.44116195837657,32.44116507901086,32.44116507901086,50.0,0.0,0.0,0,0,0.0056360575969544,2490,285,0.8314606741573034,30,18;19;20;21;22;23;24;32;33;34;37,18;19;20;21;22;23;24;32;33;34;37,,18;19;20;21;22;23;24;32;33;34;37,11,11,0,11,0.890625,0.8734177215189873,1.0,64,79,37,18;19;21;34;37,18;20;22;23;24;32;33,,5,7,0,89,74,0,0,0,0.0,0.0,0.0,0.0,,0.9055555555555556
1,10,2,1532092,2024-04-06,marl_raw,32923.395268899025,0.7666666666666667,0.7666666666666667,1.0,0.9444444444444444,0.9444444444444444,1.0,0.9444444444444444,0.9444444444444444,180,10,0,0,0,0,0,0,10,30,7,0,7,0.9444444444444444,0.9444444444444444,19.143520577748617,19.143517457114324,19.143517457114324,50.0,0.0,0.0,0,0,0.0050641839819339,2332,288,0.7792207792207793,30,18;19;20;21;33;34;37,18;19;20;21;33;34;37,,18;19;20;21;33;34;37,7,7,0,7,0.90625,0.9493670886075948,1.0,64,79,37,19;21;34;37,18;20;33,,4,3,0,77,60,0,0,0,0.0,0.0,0.0,0.0,,0.9444444444444444
1,11,0,1533090,2024-04-06,marl_raw,32923.395268899025,0.9666666666666668,0.9666666666666668,1.0,0.9944444444444446,0.9944444444444446,1.0,0.9944444444444444,0.9944444444444444,180,1,0,0,0,0,0,0,1,30,1,0,1,0.9944444444444444,0.9944444444444444,19.812232981787787,19.81223568386502,19.81223568386502,50.0,0.0,0.0,0,0,0.0044391130431904,1914,287,0.8441558441558441,30,30,30,,30,1,1,0,1,1.0,0.9846153846153848,1.0,51,65,64,,30,,0,1,0,77,65,0,0,0,0.0,0.0,0.0,0.0,,0.9944444444444444
1,11,1,1533091,2024-04-06,marl_raw,32923.395268899025,1.0,1.0,1.0,1.0,1.0,1.0,1.0,1.0,180,0,0,0,0,0,0,0,0,30,0,0,0,1.0,1.0,21.43708363109165,21.43708075947232,21.43708075947232,50.0,0.0,0.0,0,0,0.0045167725838837,2023,286,0.8481012658227847,30,,,,,0,0,0,0,1.0,1.0,1.0,51,65,64,,,,0,0,0,79,67,0,0,0,0.0,0.0,0.0,0.0,,1.0
1,11,2,1533092,2024-04-06,marl_raw,32923.395268899025,0.9666666666666668,0.9666666666666668,1.0,0.9833333333333332,0.9833333333333332,1.0,0.9833333333333332,0.9833333333333332,180,3,0,0,0,0,0,0,3,30,1,0,1,0.9833333333333332,0.9833333333333332,18.085169174936084,18.085166867574056,18.085166867574056,50.0,0.0,0.0,0,0,0.0043861249699451,2007,288,0.7910447761194029,30,30,30,,30,1,1,0,1,1.0,0.953846153846154,1.0,51,65,64,,30,,0,1,0,67,53,0,0,0,0.0,0.0,0.0,0.0,,0.9833333333333332
1,12,0,1534090,2024-04-06,marl_raw,32923.395268899025,0.6666666666666666,0.6666666666666666,1.0,0.8499999999999999,0.8499999999999999,1.0,0.85,0.85,180,27,2,2,2,2,2,2,25,30,10,1,9,0.85,0.85,27.429660530222787,27.42966464691692,27.42966464691692,50.0,0.0,0.0,0,0,0.006009426996267,2851,286,0.9848484848484848,30,27;28;29;35;41;42;43;44;45;46,27;28;29;35;41;42;43;44;45;46,,27;28;29;35;41;42;43;44;45;46,10,10,0,10,0.8088235294117647,0.8526315789473684,1.0,68,95,17,28;41;43;46,27;29;35;42;44;45,,4,6,0,66,65,0,0,0,0.0,0.0,0.0,0.0,,0.85
1,12,1,1534091,2024-04-06,marl_raw,32923.395268899025,0.5666666666666667,0.5666666666666667,1.0,0.7944444444444444,0.7944444444444444,1.0,0.7944444444444444,0.7944444444444444,180,37,0,0,0,0,0,0,37,30,13,0,13,0.7944444444444444,0.7944444444444444,35.05676832927598,35.05676380462117,35.05676380462117,50.0,0.0,0.0,0,0,0.0056126763896221,2538,287,0.9431818181818182,30,19;20;23;24;25;26;27;28;29;34;43;44;45,19;20;23;24;25;26;27;28;29;34;43;44;45,,19;20;23;24;25;26;27;28;29;34;43;44;45,13,13,0,13,0.8676470588235294,0.7052631578947368,1.0,68,95,17,24;28;43,19;20;23;25;26;27;29;34;44;45,,3,10,0,88,83,0,0,0,0.0,0.0,0.0,0.0,,0.7944444444444444
1,12,2,1534092,2024-04-06,marl_raw,32923.395268899025,0.4666666666666667,0.4666666666666667,1.0,0.7722222222222221,0.7722222222222221,1.0,0.7722222222222223,0.7722222222222223,180,41,0,0,0,0,0,0,41,30,16,0,16,0.7722222222222223,0.7722222222222223,39.05622043675847,39.05622427794668,39.05622427794668,50.0,0.0,0.0,0,0,0.0072433836697503,3275,288,0.9382716049382716,30,19;20;23;24;25;26;28;29;34;40;41;42;43;44;45;46,19;20;23;24;25;26;28;29;34;40;41;42;43;44;45;46,,19;20;23;24;25;26;28;29;34;40;41;42;43;44;45;46,16,16,0,16,0.7941176470588235,0.7157894736842105,1.0,68,95,17,24;28;40;41;43;46,19;20;23;25;26;29;34;42;44;45,,6,10,0,81,76,0,0,0,0.0,0.0,0.0,0.0,,0.7722222222222223
1,13,0,1535090,2024-04-06,marl_raw,32923.395268899025,0.8333333333333334,0.8333333333333334,1.0,0.9111111111111112,0.9111111111111112,1.0,0.9111111111111112,0.9111111111111112,180,16,0,0,0,0,0,0,16,30,5,0,5,0.9111111111111112,0.9111111111111112,33.403018935521445,33.4030253039466,33.4030253039466,50.0,0.0,0.0,0,0,0.0054483002556177,2471,288,0.7808219178082192,30,24;32;33;36;38,24;32;33;36;38,,24;32;33;36;38,5,5,0,5,0.9016393442622952,0.8412698412698413,1.0,61,63,56,32;36,24;33;38,,2,3,0,73,57,0,0,0,0.0,0.0,0.0,0.0,,0.9111111111111112
1,13,1,1535091,2024-04-06,marl_raw,32923.395268899025,0.8666666666666667,0.8666666666666667,1.0,0.9555555555555556,0.9555555555555556,1.0,0.9555555555555556,0.9555555555555556,180,8,1,0,2,1,0,1,7,30,4,1,3,0.9555555555555556,0.9555555555555556,19.88261012501187,19.882614543702868,19.882614543702868,50.0,0.0,0.0,0,0,0.0044071378955171,1908,288,0.759493670886076,30,24;33;36;38,24;33;36;38,,24;33;36;38,4,4,0,4,0.9836065573770492,0.8888888888888888,1.0,61,63,56,36,24;33;38,,1,3,0,79,60,0,0,0,0.0,0.0,0.0,0.0,,0.9555555555555556
1,13,2,1535092,2024-04-06,marl_raw,32923.395268899025,0.8333333333333334,0.8333333333333334,1.0,0.9277777777777778,0.9277777777777778,1.0,0.9277777777777778,0.9277777777777778,180,13,3,0,3,3,0,3,10,30,5,1,4,0.9277777777777778,0.9277777777777778,27.62958709928725,27.629591841167876,27.629591841167876,50.0,0.0,0.0,0,0,0.0047065891667443,2056,288,0.8289473684210527,30,24;32;33;36;38,24;32;33;36;38,,24;32;33;36;38,5,5,0,5,0.918032786885246,0.873015873015873,1.0,61,63,56,32;36,24;33;38,,2,3,0,76,63,0,0,0,0.0,0.0,0.0,0.0,,0.9277777777777778
1,14,0,1536090,2024-04-06,marl_raw,32923.395268899025,0.8,0.8,1.0,0.9111111111111112,0.9111111111111112,1.0,0.9111111111111112,0.9111111111111112,180,16,1,0,6,1,0,5,11,30,6,2,4,0.9111111111111112,0.9111111111111112,26.047615067164102,26.04760674900479,26.04760674900479,50.0,0.0,0.0,0,0,0.0031952603749232,1378,283,0.7727272727272727,30,33;34;35;36;37;42,33;34;35;36;37;42,,33;34;35;36;37;42,6,6,0,6,0.8444444444444444,0.9629629629629628,1.0,90,54,36,33;34;35;36;37,42,,5,1,0,66,51,0,0,0,0.0,0.0,0.0,0.0,,0.9111111111111112
1,14,1,1536091,2024-04-06,marl_raw,32923.395268899025,0.8333333333333334,0.8333333333333334,1.0,0.9444444444444444,0.9444444444444444,1.0,0.9444444444444444,0.9444444444444444,180,10,0,0,14,0,0,8,2,30,5,3,2,0.9444444444444444,0.9444444444444444,25.725540852546693,25.72554969522688,25.72554969522688,50.0,0.0,0.0,0,0,0.0044994390458062,1919,288,0.589041095890411,30,29;34;35;36;38,29;34;35;36;38,,29;34;35;36;38,5,5,0,5,0.9111111111111112,0.9629629629629628,1.0,90,54,36,29;34;35;36,36;38,,4,2,0,73,43,0,0,0,0.0,0.0,0.0,0.0,,0.9444444444444444
1,14,2,1536092,2024-04-06,marl_raw,32923.395268899025,0.8666666666666667,0.8666666666666667,1.0,0.9555555555555556,0.9555555555555556,1.0,0.9555555555555556,0.9555555555555556,180,8,0,0,1,0,0,0,8,30,4,1,4,0.9555555555555556,0.9555555555555556,26.232535619205898,26.23252849843767,26.23252849843767,50.0,0.0,0.0,0,0,0.0042393650837766,1792,288,0.6623376623376623,30,36;37;38;39,36;37;38;39,,36;37;38;39,4,4,0,4,1.0,0.8518518518518519,1.0,90,54,36,,36;37;38;39,,0,4,0,77,51,0,0,0,0.0,0.0,0.0,0.0,,0.9555555555555556
1,15,0,1537090,2024-04-06,marl_raw,32923.395268899025,0.8333333333333334,0.8333333333333334,1.0,0.9277777777777778,0.9277777777777778,1.0,0.9277777777777778,0.9277777777777778,180,13,0,0,2,0,0,0,13,30,5,1,4,0.9277777777777778,0.9277777777777778,23.158879243003,23.158871528837416,23.158871528837416,50.0,0.0,0.0,0,0,0.0050742714508184,2169,288,0.7333333333333333,30,22;26;39;40;41,22;26;39;40;41,,22;26;39;40;41,5,5,0,5,0.8909090909090909,0.8970588235294118,1.0,55,68,57,39;40;41,22;26,,3,2,0,75,55,0,0,0,0.0,0.0,0.0,0.0,,0.9277777777777778
1,15,1,1537091,2024-04-06,marl_raw,32923.395268899025,0.9666666666666668,0.9666666666666668,1.0,0.9944444444444446,0.9944444444444446,1.0,0.9944444444444444,0.9944444444444444,180,1,1,0,5,1,0,1,0,30,1,2,0,0.9944444444444444,0.9944444444444444,26.620611307356093,26.62061251004537,26.62061251004537,50.0,0.0,0.0,0,0,0.0051210677920607,2270,287,0.6944444444444444,30,41,41,,41,1,1,0,1,0.9818181818181818,1.0,1.0,55,68,57,41,,,1,0,0,72,50,0,0,0,0.0,0.0,0.0,0.0,,0.9944444444444444
1,15,2,1537092,2024-04-06,marl_raw,32923.395268899025,0.8666666666666667,0.8666666666666667,1.0,0.9444444444444444,0.9444444444444444,1.0,0.9444444444444444,0.9444444444444444,180,10,1,0,2,1,0,1,9,30,4,1,3,0.9444444444444444,0.9444444444444444,29.07630022366841,29.076303964191013,29.076303964191013,50.0,0.0,0.0,0,0,0.0046845529080504,2073,288,0.6666666666666665,30,22;39;40;41,22;39;40;41,,22;39;40;41,4,4,0,4,0.8545454545454545,0.9705882352941176,1.0,55,68,57,39;40;41,22,,3,1,0,81,54,0,0,0,0.0,0.0,0.0,0.0,,0.9444444444444444
1,16,0,1538090,2024-04-06,marl_raw,32923.395268899025,0.6,0.6,1.0,0.8722222222222221,0.8722222222222221,1.0,0.8722222222222222,0.8722222222222222,180,23,1,1,1,1,1,1,22,30,12,1,11,0.8722222222222222,0.8722222222222222,37.080841588974,37.08083066940308,37.08083066940308,50.0,0.0,0.0,0,0,0.0049611966096563,2256,288,0.8676470588235294,30,23;24;25;26;27;28;34;35;36;38;44;46,23;24;25;26;27;28;34;35;36;38;44;46,,23;24;25;26;27;28;34;35;36;38;44;46,12,12,0,12,0.8135593220338984,0.84,1.0,59,75,46,24;25;34;36;38;46,23;26;27;28;35;44,,6,6,0,68,59,0,0,0,0.0,0.0,0.0,0.0,,0.8722222222222222
1,16,1,1538091,2024-04-06,marl_raw,32923.395268899025,0.6666666666666666,0.6666666666666666,1.0,0.8555555555555556,0.8555555555555556,1.0,0.8555555555555555,0.8555555555555555,180,26,0,0,0,0,0,0,26,30,10,0,10,0.8555555555555555,0.8555555555555555,28.50408128102621,28.504083087709216,28.504083087709216,50.0,0.0,0.0,0,0,0.005075105218566,2193,287,0.835820895522388,30,23;24;25;26;27;28;30;34;44;46,23;24;25;26;27;28;30;34;44;46,,23;24;25;26;27;28;30;34;44;46,10,10,0,10,0.864406779661017,0.76,1.0,59,75,46,24;25;34;46,23;26;27;28;30;44,,4,6,0,67,56,0,0,0,0.0,0.0,0.0,0.0,,0.8555555555555555
1,16,2,1538092,2024-04-06,marl_raw,32923.395268899025,0.7,0.7,1.0,0.9111111111111112,0.9111111111111112,1.0,0.9111111111111112,0.9111111111111112,180,16,0,0,0,0,0,0,16,30,9,0,9,0.9111111111111112,0.9111111111111112,28.36972025500404,28.369711955388382,28.369711955388382,50.0,0.0,0.0,0,0,0.0039319326594219,1734,283,0.8823529411764706,30,24;25;26;27;28;30;35;36;38,24;25;26;27;28;30;35;36;38,,24;25;26;27;28;30;35;36;38,9,9,0,9,0.9322033898305084,0.84,1.0,59,75,46,24;25;36;38,26;27;28;30;35,,4,5,0,68,60,0,0,0,0.0,0.0,0.0,0.0,,0.9111111111111112
1,17,0,1539090,2024-04-06,marl_raw,32923.395268899025,0.9,0.9,1.0,0.9555555555555556,0.9555555555555556,1.0,0.9555555555555556,0.9555555555555556,180,8,0,0,0,0,0,0,8,30,3,0,3,0.9555555555555556,0.9555555555555556,17.72169409857856,17.72169583638509,17.72169583638509,50.0,0.0,0.0,0,0,0.0047942940782377,2238,288,0.8918918918918919,30,18;21;22,18;21;22,,18;21;22,3,3,0,3,1.0,0.9245283018867924,1.0,30,106,44,,18;21;22,,0,3,0,74,66,0,0,0,0.0,0.0,0.0,0.0,,0.9555555555555556
1,17,1,1539091,2024-04-06,marl_raw,32923.395268899025,0.8,0.8,1.0,0.9277777777777778,0.9277777777777778,1.0,0.9277777777777778,0.9277777777777778,180,13,0,0,0,0,0,0,13,30,6,0,6,0.9277777777777778,0.9277777777777778,17.95081623925103,17.950813245773315,17.950813245773315,50.0,0.0,0.0,0,0,0.0058128083886307,2641,285,0.821917808219178,30,18;19;21;22;23;38,18;19;21;22;23;38,,18;19;21;22;23;38,6,6,0,6,0.9666666666666668,0.8867924528301887,1.0,30,106,44,38,18;19;21;22;23,,1,5,0,73,60,0,0,0,0.0,0.0,0.0,0.0,,0.9277777777777778
1,17,2,1539092,2024-04-06,marl_raw,32923.395268899025,0.8333333333333334,0.8333333333333334,1.0,0.95,0.95,1.0,0.95,0.95,180,9,0,0,0,0,0,0,9,30,5,0,5,0.95,0.95,23.63708494504293,23.6370845635732,23.6370845635732,50.0,0.0,0.0,0,0,0.0057986468891613,2692,286,0.9054054054054054,30,18;21;22;33;38,18;21;22;33;38,,18;21;22;33;38,5,5,0,5,0.9666666666666668,0.9245283018867924,1.0,30,106,44,38,18;21;22;33,,1,4,0,74,67,0,0,0,0.0,0.0,0.0,0.0,,0.95
1,18,0,1540090,2024-04-06,marl_raw,32923.395268899025,0.6666666666666666,0.6666666666666666,1.0,0.9,0.9,1.0,0.9,0.9,180,18,0,0,0,0,0,0,18,30,10,0,10,0.9,0.9,25.288583172692192,25.28857479625278,25.28857479625278,50.0,0.0,0.0,0,0,0.0051818339391805,2252,288,0.7631578947368423,30,18;22;25;26;27;29;30;32;36;38,18;22;25;26;27;29;30;32;36;38,,18;22;25;26;27;29;30;32;36;38,10,10,0,10,0.9152542372881356,0.8375,1.0,59,80,41,18;25;27;29;36,22;25;26;30;32;38,,5,6,0,76,58,0,0,0,0.0,0.0,0.0,0.0,,0.9
1,18,1,1540091,2024-04-06,marl_raw,32923.395268899025,0.6333333333333333,0.6333333333333333,1.0,0.8666666666666667,0.8666666666666667,1.0,0.8666666666666667,0.8666666666666667,180,24,0,0,0,0,0,0,24,30,11,0,11,0.8666666666666667,0.8666666666666667,35.32559719350603,35.32559026347266,35.32559026347266,50.0,0.0,0.0,0,0,0.0058769154256879,2500,288,0.8513513513513513,30,20;22;25;26;27;28;29;30;32;36;38,20;22;25;26;27;28;29;30;32;36;38,,20;22;25;26;27;28;29;30;32;36;38,11,11,0,11,0.9152542372881356,0.7625,1.0,59,80,41,25;27;29;36,20;22;25;26;28;30;32;38,,4,8,0,74,63,0,0,0,0.0,0.0,0.0,0.0,,0.8666666666666667
1,18,2,1540092,2024-04-06,marl_raw,32923.395268899025,0.5666666666666667,0.5666666666666667,1.0,0.8333333333333334,0.8333333333333334,1.0,0.8333333333333334,0.8333333333333334,180,30,0,0,2,0,0,2,28,30,13,1,12,0.8333333333333334,0.8333333333333334,35.894772953457306,35.8947680844201,35.8947680844201,50.0,0.0,0.0,0,0,0.004371601495374,1906,284,0.7397260273972603,30,18;19;20;22;25;26;27;29;30;37;38;39;40,18;19;20;22;25;26;27;29;30;37;38;39;40,,18;19;20;22;25;26;27;29;30;37;38;39;40,13,13,0,13,0.7457627118644068,0.8125,1.0,59,80,41,18;19;25;27;29;37;38;39;40,19;20;22;25;26;30,,9,6,0,73,54,0,0,0,0.0,0.0,0.0,0.0,,0.8333333333333334
1,19,0,1541090,2024-04-06,marl_raw,32923.395268899025,0.6,0.6,1.0,0.8666666666666667,0.8666666666666667,1.0,0.8666666666666667,0.8666666666666667,180,24,4,1,6,2,1,2,22,30,12,3,10,0.8666666666666667,0.8666666666666667,35.4251484076182,35.42515225940281,35.42515225940281,50.0,0.0,0.0,0,0,0.0041039648634371,1755,286,0.6,30,18;22;24;26;27;28;29;33;34;35;36;45,18;22;24;26;27;28;29;33;34;35;36;45,,18;22;24;26;27;28;29;33;34;35;36;45,12,12,0,12,0.8311688311688312,0.8472222222222222,1.0,77,72,31,27;28;29;33;34;35;36;45,18;22;24;26;29;33,,8,6,0,65,39,0,0,0,0.0,0.0,0.0,0.0,,0.8666666666666667
1,19,1,1541091,2024-04-06,marl_raw,32923.395268899025,0.6,0.6,1.0,0.85,0.85,1.0,0.85,0.85,180,27,5,2,8,5,2,7,20,30,12,4,8,0.85,0.85,35.01341967052883,35.01341851817237,35.01341851817237,50.0,0.0,0.0,0,0,0.0048774401948321,2240,288,0.64,30,22;24;26;28;29;33;34;35;36;37;46;47,22;24;26;28;29;33;34;35;36;37;46;47,,22;24;26;28;29;33;34;35;36;37;46;47,12,12,0,12,0.8311688311688312,0.8055555555555556,1.0,77,72,31,28;29;33;34;35;36;37,22;24;26;29;33;36;46;47,,7,8,0,75,48,0,0,0,0.0,0.0,0.0,0.0,,0.85
1,19,2,1541092,2024-04-06,marl_raw,32923.395268899025,0.6,0.6,1.0,0.8777777777777777,0.8777777777777777,1.0,0.8777777777777778,0.8777777777777778,180,22,6,5,7,6,5,6,16,30,12,3,10,0.8777777777777778,0.8777777777777778,36.75944550832113,36.75944392946031,36.75944392946031,50.0,0.0,0.0,0,0,0.0039645259136401,1693,284,0.6486486486486487,30,22;24;26;28;29;31;33;34;35;36;43;46,22;24;26;28;29;31;33;34;35;36;43;46,,22;24;26;28;29;31;33;34;35;36;43;46,12,12,0,12,0.8571428571428571,0.8472222222222222,1.0,77,72,31,28;33;34;35;36,22;24;26;29;31;43;46,,5,7,0,74,48,0,0,0,0.0,0.0,0.0,0.0,,0.8777777777777778
1,20,0,1542090,2024-04-06,marl_raw,32923.395268899025,0.8,0.8,1.0,0.961111111111111,0.961111111111111,1.0,0.9611111111111112,0.9611111111111112,180,7,0,0,0,0,0,0,7,30,6,0,6,0.9611111111111112,0.9611111111111112,28.201990789837307,28.201986763212417,28.201986763212417,50.0,0.0,0.0,0,0,0.004274273539219,1800,288,0.6511627906976745,30,18;27;30;41;44;46,18;27;30;41;44;46,,18;27;30;41;44;46,6,6,0,6,0.9516129032258064,0.9333333333333332,1.0,62,60,58,41;44,18;27;30;46,,2,4,0,86,56,0,0,0,0.0,0.0,0.0,0.0,,0.9611111111111112
1,20,1,1542091,2024-04-06,marl_raw,32923.395268899025,0.9,0.9,1.0,0.9722222222222222,0.9722222222222222,1.0,0.9722222222222222,0.9722222222222222,180,5,0,0,0,0,0,0,5,30,3,0,3,0.9722222222222222,0.9722222222222222,31.830731365415787,31.830732334984678,31.830732334984678,50.0,0.0,0.0,0,0,0.0036410367538337,1525,286,0.7746478873239437,30,30;31;46,30;31;46,,30;31;46,3,3,0,3,0.9838709677419356,0.9333333333333332,1.0,62,60,58,31,30;46,,1,2,0,71,55,0,0,0,0.0,0.0,0.0,0.0,,0.9722222222222222
1,20,2,1542092,2024-04-06,marl_raw,32923.395268899025,0.9,0.9,1.0,0.9666666666666666,0.9666666666666666,1.0,0.9666666666666668,0.9666666666666668,180,6,0,0,0,0,0,0,6,30,3,0,3,0.9666666666666668,0.9666666666666668,32.946663008795845,32.94667325814565,32.94667325814565,50.0,0.0,0.0,0,0,0.0043936249712714,1901,286,0.75,30,18;30;46,18;30;46,,18;30;46,3,3,0,3,0.9516129032258064,0.95,1.0,62,60,58,30,18;30;46,,1,3,0,72,54,0,0,0,0.0,0.0,0.0,0.0,,0.9666666666666668
1,21,0,1543090,2024-04-06,marl_raw,32923.395268899025,0.6666666666666666,0.6666666666666666,1.0,0.8833333333333333,0.8833333333333333,1.0,0.8833333333333333,0.8833333333333333,180,21,0,0,0,0,0,0,21,30,10,0,10,0.8833333333333333,0.8833333333333333,35.46615529325273,35.466148704952666,35.466148704952666,50.0,0.0,0.0,0,0,0.0057637353008127,2575,288,0.8108108108108107,30,26;27;28;29;30;31;36;37;38;39,26;27;28;29;30;31;36;37;38;39,,26;27;28;29;30;31;36;37;38;39,10,10,0,10,0.8813559322033898,0.78125,1.0,59,64,57,36;37;38;39,26;27;28;29;30;31;36;37,,4,8,0,74,60,0,0,0,0.0,0.0,0.0,0.0,,0.8833333333333333
1,21,1,1543091,2024-04-06,marl_raw,32923.395268899025,0.6666666666666666,0.6666666666666666,1.0,0.8833333333333333,0.8833333333333333,1.0,0.8833333333333333,0.8833333333333333,180,21,0,0,0,0,0,0,21,30,10,0,10,0.8833333333333333,0.8833333333333333,28.47417041460673,28.474168496661715,28.474168496661715,50.0,0.0,0.0,0,0,0.0046940110108456,2136,285,0.7407407407407407,30,27;28;29;30;31;36;37;38;39;40,27;28;29;30;31;36;37;38;39;40,,27;28;29;30;31;36;37;38;39;40,10,10,0,10,0.8983050847457628,0.765625,1.0,59,64,57,36;37;38;39;40,27;28;29;30;31;36;37,,5,7,0,81,60,0,0,0,0.0,0.0,0.0,0.0,,0.8833333333333333
1,21,2,1543092,2024-04-06,marl_raw,32923.395268899025,0.6333333333333333,0.6333333333333333,1.0,0.8833333333333333,0.8833333333333333,1.0,0.8833333333333333,0.8833333333333333,180,21,0,0,0,0,0,0,21,30,11,0,11,0.8833333333333333,0.8833333333333333,36.1196299288008,36.11963308652242,36.11963308652242,50.0,0.0,0.0,0,0,0.0054822071785262,2366,288,0.7411764705882353,30,26;27;28;30;31;36;37;38;39;40;41,26;27;28;30;31;36;37;38;39;40;41,,26;27;28;30;31;36;37;38;39;40;41,11,11,0,11,0.8813559322033898,0.78125,1.0,59,64,57,36;37;38;39;40;41,26;27;28;30;31;36;37,,6,7,0,85,63,0,0,0,0.0,0.0,0.0,0.0,,0.8833333333333333
1,22,0,1544090,2024-04-06,marl_raw,32923.395268899025,0.4,0.4,1.0,0.8055555555555555,0.8055555555555555,1.0,0.8055555555555556,0.8055555555555556,180,35,0,0,0,0,0,0,35,30,18,0,18,0.8055555555555556,0.8055555555555556,37.143143553204006,37.143154292636446,37.143154292636446,50.0,0.0,0.0,0,0,0.0052113967564461,2417,283,0.9078947368421052,30,18;21;22;23;26;27;29;30;33;34;35;36;37;38;39;41;45;46,18;21;22;23;26;27;29;30;33;34;35;36;37;38;39;41;45;46,,18;21;22;23;26;27;29;30;33;34;35;36;37;38;39;41;45;46,18,18,0,18,0.7735849056603774,0.7444444444444445,1.0,53,90,37,29;33;38;41;45;46,18;21;22;23;26;27;30;34;35;36;37;39,,6,12,0,76,69,0,0,0,0.0,0.0,0.0,0.0,,0.8055555555555556
1,22,1,1544091,2024-04-06,marl_raw,32923.395268899025,0.3666666666666666,0.3666666666666666,1.0,0.7722222222222221,0.7722222222222221,1.0,0.7722222222222223,0.7722222222222223,180,41,0,0,0,0,0,0,41,30,19,0,19,0.7722222222222223,0.7722222222222223,41.81244814660814,41.81244752936893,41.81244752936893,50.0,0.0,0.0,0,0,0.0057146170220221,2569,286,0.96,30,18;21;22;23;24;26;27;29;30;33;34;35;36;37;38;39;41;42;46,18;21;22;23;24;26;27;29;30;33;34;35;36;37;38;39;41;42;46,,18;21;22;23;24;26;27;29;30;33;34;35;36;37;38;39;41;42;46,19,19,0,19,0.7735849056603774,0.6777777777777778,1.0,53,90,37,29;33;38;41;42;46,18;21;22;23;24;26;27;30;34;35;36;37;39,,6,13,0,75,72,0,0,0,0.0,0.0,0.0,0.0,,0.7722222222222223
1,22,2,1544092,2024-04-06,marl_raw,32923.395268899025,0.3333333333333333,0.3333333333333333,1.0,0.7555555555555554,0.7555555555555554,1.0,0.7555555555555555,0.7555555555555555,180,44,0,0,0,0,0,0,44,30,20,0,20,0.7555555555555555,0.7555555555555555,38.105636003282335,38.10563871595595,38.10563871595595,50.0,0.0,0.0,0,0,0.0066799268691587,3026,288,0.9285714285714286,30,18;21;22;23;24;26;27;29;30;33;34;35;36;37;38;39;40;41;42;46,18;21;22;23;24;26;27;29;30;33;34;35;36;37;38;39;40;41;42;46,,18;21;22;23;24;26;27;29;30;33;34;35;36;37;38;39;40;41;42;46,20,20,0,20,0.7358490566037735,0.6666666666666666,1.0,53,90,37,29;33;38;40;41;42;46,18;21;22;23;24;26;27;30;34;35;36;37;39,,7,13,0,70,65,0,0,0,0.0,0.0,0.0,0.0,,0.7555555555555555
1,23,0,1545090,2024-04-06,marl_raw,32923.395268899025,0.9,0.9,1.0,0.9666666666666668,0.9666666666666668,1.0,0.9666666666666668,0.9666666666666668,180,6,0,0,0,0,0,0,6,30,3,0,3,0.9666666666666668,0.9666666666666668,23.351051977111236,23.35104874521494,23.35104874521494,50.0,0.0,0.0,0,0,0.0042910724575146,1899,286,0.842857142857143,30,18;27;28,18;27;28,,18;27;28,3,3,0,3,0.9629629629629628,0.9420289855072465,1.0,54,69,57,18,27;28,,1,2,0,70,59,0,0,0,0.0,0.0,0.0,0.0,,0.9666666666666668
1,23,1,1545091,2024-04-06,marl_raw,32923.395268899025,0.8666666666666667,0.8666666666666667,1.0,0.9444444444444444,0.9444444444444444,1.0,0.9444444444444444,0.9444444444444444,180,10,0,0,0,0,0,0,10,30,4,0,4,0.9444444444444444,0.9444444444444444,22.429188685946997,22.42918945418464,22.42918945418464,50.0,0.0,0.0,0,0,0.0049609724192123,2113,287,0.8275862068965517,30,22;23;27;28,22;23;27;28,,22;23;27;28,4,4,0,4,0.925925925925926,0.9130434782608696,1.0,54,69,57,23,22;27;28,,1,3,0,87,72,0,0,0,0.0,0.0,0.0,0.0,,0.9444444444444444
1,23,2,1545092,2024-04-06,marl_raw,32923.395268899025,0.8333333333333334,0.8333333333333334,1.0,0.9055555555555556,0.9055555555555556,1.0,0.9055555555555556,0.9055555555555556,180,17,0,0,0,0,0,0,17,30,5,0,5,0.9055555555555556,0.9055555555555556,28.73268359237247,28.732679777675205,28.732679777675205,50.0,0.0,0.0,0,0,0.0047239508057828,2148,284,0.8133333333333332,30,18;22;23;27;28,18;22;23;27;28,,18;22;23;27;28,5,5,0,5,0.8888888888888888,0.8405797101449275,1.0,54,69,57,18;23,22;23;27;28,,2,4,0,75,61,0,0,0,0.0,0.0,0.0,0.0,,0.9055555555555556
2,0,0,1622090,2024-04-07,marl_raw,36610.83971359064,1.0,0.9393939393939394,0.9166666666666666,1.0,0.9444444444444444,0.9305555555555556,0.9444444444444444,0.9444444444444444,198,11,6,6,6,6,6,6,5,33,2,1,1,0.9444444444444444,0.9444444444444444,20.4917071178706,20.49171397661922,20.49171397661922,50.0,0.0,0.0,0,0,0.0050988292981249,2224,282,0.8088235294117647,33,,0;1,1,0;1,0,2,1,2,0.9240506329113924,1.0,0.9285714285714286,79,49,70,0,,1,1,0,1,68,55,0,0,0,0.0,0.0,0.0,0.0,,0.9444444444444444
2,0,1,1622091,2024-04-07,marl_raw,36610.83971359064,1.0,0.9393939393939394,0.9166666666666666,1.0,0.9393939393939394,0.9166666666666666,0.9393939393939394,0.9393939393939394,198,12,4,0,0,4,0,0,12,33,2,0,2,0.9393939393939394,0.9393939393939394,17.342884188950663,17.342878534336283,17.342878534336283,50.0,0.0,0.0,0,0,0.0052737627617413,2477,270,0.9253731343283582,33,,0;1,1,0;1,0,2,1,2,0.9240506329113924,1.0,0.9142857142857144,79,49,70,0,,1,1,0,1,67,62,0,0,0,0.0,0.0,0.0,0.0,,0.9393939393939394
2,0,2,1622092,2024-04-07,marl_raw,36610.83971359064,1.0,0.9393939393939394,0.9166666666666666,1.0,0.9444444444444444,0.9305555555555556,0.9444444444444444,0.9444444444444444,198,11,0,0,0,0,0,0,11,33,2,0,2,0.9444444444444444,0.9444444444444444,14.31242232852512,14.31242109549166,14.31242109549166,50.0,0.0,0.0,0,0,0.0047358915253425,2092,286,0.9333333333333332,33,,0;1,1,0;1,0,2,1,2,0.9240506329113924,1.0,0.9285714285714286,79,49,70,0,,1,1,0,1,75,70,0,0,0,0.0,0.0,0.0,0.0,,0.9444444444444444
2,1,0,1623090,2024-04-07,marl_raw,36610.83971359064,0.9333333333333332,0.8787878787878788,0.9166666666666666,0.9888888888888888,0.9343434343434344,0.9166666666666666,0.9343434343434344,0.9343434343434344,198,13,0,0,0,0,0,0,13,33,4,0,4,0.9343434343434344,0.9343434343434344,26.3244537957991,26.32445351162342,26.32445351162342,50.0,0.0,0.0,0,0,0.0045469545815042,1971,288,0.726027397260274,33,19;20,0;1;19;20,1,0;1;19;20,2,4,1,4,0.9540229885057472,0.8627450980392157,0.9666666666666668,87,51,60,0,0;1;19;20,1,1,4,1,73,53,0,0,0,0.0,0.0,0.0,0.0,,0.9343434343434344
2,1,1,1623091,2024-04-07,marl_raw,36610.83971359064,1.0,0.9393939393939394,0.9166666666666666,1.0,0.9393939393939394,0.9166666666666666,0.9393939393939394,0.9393939393939394,198,12,9,8,9,9,8,9,3,33,2,2,0,0.9393939393939394,0.9393939393939394,30.02559726286416,30.0255966945128,30.0255966945128,50.0,0.0,0.0,0,0,0.0041813318784988,1821,281,0.7246376811594203,33,,0;1,1,0;1,0,2,1,2,0.9540229885057472,0.8823529411764706,0.9666666666666668,87,51,60,0,0;1,1,1,2,1,69,50,0,0,0,0.0,0.0,0.0,0.0,,0.9393939393939394
2,1,2,1623092,2024-04-07,marl_raw,36610.83971359064,0.8666666666666667,0.8181818181818182,0.9166666666666666,0.9666666666666668,0.914141414141414,0.9166666666666666,0.914141414141414,0.914141414141414,198,17,6,6,6,6,6,6,11,33,6,1,5,0.914141414141414,0.914141414141414,30.150793775163518,30.150783939795065,30.150783939795065,50.0,0.0,0.0,0,0,0.0049806686304994,2180,276,0.7619047619047619,33,20;23;24;34,0;1;20;23;24;34,1,0;1;20;23;24;34,4,6,1,6,0.9080459770114944,0.8627450980392157,0.9666666666666668,87,51,60,0;23;24,0;1;20;34,1,3,4,1,84,64,0,0,0,0.0,0.0,0.0,0.0,,0.914141414141414
2,2,0,1624090,2024-04-07,marl_raw,36610.83971359064,1.0,0.9393939393939394,0.9166666666666666,1.0,0.9393939393939394,0.9166666666666666,0.9393939393939394,0.9393939393939394,198,12,0,0,3,0,0,3,9,33,2,1,1,0.9393939393939394,0.9393939393939394,16.855778328096022,16.855779965718586,16.855779965718586,50.0,0.0,0.0,0,0,0.0050771782583372,2291,285,0.9066666666666664,33,,0;1,1,0;1,0,2,1,2,0.925,1.0,0.9032258064516128,80,56,62,0,,1,1,0,1,75,68,0,0,0,0.0,0.0,0.0,0.0,,0.9393939393939394
2,2,1,1624091,2024-04-07,marl_raw,36610.83971359064,0.9666666666666668,0.9393939393939394,1.0,0.9888888888888888,0.9646464646464646,1.0,0.9646464646464646,0.9646464646464646,198,7,0,0,0,0,0,0,7,33,2,0,2,0.9646464646464646,0.9646464646464646,19.83919783312865,19.83919857487534,19.83919857487534,50.0,0.0,0.0,0,0,0.0049881823809604,2318,286,0.9135802469135804,33,23,0;23,,0;23,1,2,0,2,0.9375,0.9642857142857144,1.0,80,56,62,0,23,,1,1,0,81,74,0,0,0,0.0,0.0,0.0,0.0,,0.9646464646464646
2,2,2,1624092,2024-04-07,marl_raw,36610.83971359064,0.9333333333333332,0.8787878787878788,0.9166666666666666,0.9666666666666668,0.9090909090909092,0.9166666666666666,0.9090909090909092,0.9090909090909092,198,18,6,6,8,6,6,8,10,33,4,2,2,0.9090909090909092,0.9090909090909092,30.66451069802949,30.66452071642635,30.66452071642635,50.0,0.0,0.0,0,0,0.0046372438616041,2142,283,0.7792207792207793,33,23;34,0;1;23;34,1,0;1;23;34,2,4,1,4,0.925,0.8928571428571429,0.9032258064516128,80,56,62,0,23;34,1,1,2,1,77,60,0,0,0,0.0,0.0,0.0,0.0,,0.9090909090909092
2,3,0,1625090,2024-04-07,marl_raw,36610.83971359064,0.9333333333333332,0.8787878787878788,0.9,0.977777777777778,0.9191919191919192,0.9,0.9191919191919192,0.9191919191919192,198,16,12,12,15,12,12,15,1,33,4,3,1,0.9191919191919192,0.9191919191919192,36.314366692244405,36.31436524728332,36.31436524728332,50.0,0.0,0.0,0,0,0.0041948991623333,1897,282,0.5671641791044776,33,17;38,0;1;17;38,1,0;1;17;38,2,4,1,4,0.9072164948453608,0.981132075471698,0.875,97,53,48,0;38,17,1,2,1,1,67,38,0,0,0,0.0,0.0,0.0,0.0,,0.9191919191919192
2,3,1,1625091,2024-04-07,marl_raw,36610.83971359064,0.9333333333333332,0.8787878787878788,0.9,0.9833333333333332,0.9343434343434344,0.9333333333333332,0.9343434343434344,0.9343434343434344,198,13,1,0,8,1,0,2,11,33,4,2,3,0.9343434343434344,0.9343434343434344,24.11782221119813,24.117825782660283,24.117825782660283,50.0,0.0,0.0,0,0,0.0053569843015187,2398,287,0.641025641025641,33,35;38,0;1;35;38,1,0;1;35;38,2,4,1,4,0.9072164948453608,1.0,0.9166666666666666,97,53,48,0;35;38,,1,3,0,1,78,50,0,0,0,0.0,0.0,0.0,0.0,,0.9343434343434344
2,3,2,1625092,2024-04-07,marl_raw,36610.83971359064,0.7,0.696969696969697,1.0,0.9,0.8939393939393939,1.0,0.8939393939393939,0.8939393939393939,198,21,2,1,2,2,1,2,19,33,10,1,9,0.8939393939393939,0.8939393939393939,28.720878562541923,28.720874420320143,28.720874420320143,50.0,0.0,0.0,0,0,0.0053969768720586,2421,287,0.6744186046511628,33,17;18;19;20;21;22;24;35;38,0;17;18;19;20;21;22;24;35;38,,0;17;18;19;20;21;22;24;35;38,9,10,0,10,0.8969072164948454,0.7924528301886793,1.0,97,53,48,0;19;21;24;35;38,17;18;20;21;22,,6,5,0,86,58,0,0,0,0.0,0.0,0.0,0.0,,0.8939393939393939
2,4,0,1626090,2024-04-07,marl_raw,36610.83971359064,0.9666666666666668,0.9090909090909092,0.9,0.9944444444444446,0.9343434343434344,0.9,0.9343434343434344,0.9343434343434344,198,13,12,7,7,12,7,7,6,33,3,2,1,0.9343434343434344,0.9343434343434344,28.48082190812236,28.48082380583792,28.48082380583792,50.0,0.0,0.0,0,0,0.0047308272884644,2050,274,0.8108108108108107,33,34,0;1;34,1,0;1;34,1,3,1,3,0.9345794392523364,1.0,0.8947368421052632,107,34,57,0;34,,1,2,0,1,74,60,0,0,0,0.0,0.0,0.0,0.0,,0.9343434343434344
2,4,1,1626091,2024-04-07,marl_raw,36610.83971359064,0.9333333333333332,0.8787878787878788,0.9,0.977777777777778,0.9191919191919192,0.9,0.9191919191919192,0.9191919191919192,198,16,6,6,6,6,6,6,10,33,4,1,3,0.9191919191919192,0.9191919191919192,25.38188592352048,25.38188052659083,25.38188052659083,50.0,0.0,0.0,0,0,0.0046354050743199,2042,287,0.7974683544303798,33,17;18,0;1;17;18,1,0;1;17;18,2,4,1,4,0.9065420560747663,1.0,0.8947368421052632,107,34,57,0;17;18,,1,3,0,1,79,63,0,0,0,0.0,0.0,0.0,0.0,,0.9191919191919192
2,4,2,1626092,2024-04-07,marl_raw,36610.83971359064,0.9666666666666668,0.9090909090909092,0.9,0.9944444444444446,0.9343434343434344,0.9,0.9343434343434344,0.9343434343434344,198,13,4,0,3,4,0,3,10,33,3,1,2,0.9343434343434344,0.9343434343434344,16.58891001855484,16.588903595702817,16.588903595702817,50.0,0.0,0.0,0,0,0.0042055487356265,1839,264,0.7397260273972603,33,34,0;1;34,1,0;1;34,1,3,1,3,0.9345794392523364,1.0,0.8947368421052632,107,34,57,0;34,,1,2,0,1,73,54,0,0,0,0.0,0.0,0.0,0.0,,0.9343434343434344
2,5,0,1627090,2024-04-07,marl_raw,36610.83971359064,0.9666666666666668,0.9090909090909092,0.9166666666666666,0.977777777777778,0.9393939393939394,0.9722222222222222,0.9393939393939394,0.9393939393939394,198,12,0,0,0,0,0,0,12,33,3,0,3,0.9393939393939394,0.9393939393939394,21.643449099376948,21.643447808545044,21.643447808545044,50.0,0.0,0.0,0,0,0.0053163211317344,2293,288,0.7674418604651163,33,34,0;1;34,1,0;1;34,1,3,1,3,0.9178082191780822,0.9272727272727272,0.9714285714285714,73,55,70,0,34,1,1,1,1,86,66,0,0,0,0.0,0.0,0.0,0.0,,0.9393939393939394
2,5,1,1627091,2024-04-07,marl_raw,36610.83971359064,0.9666666666666668,0.9090909090909092,0.9166666666666666,0.9944444444444446,0.9343434343434344,0.9166666666666666,0.9343434343434344,0.9343434343434344,198,13,6,6,7,6,6,7,6,33,3,2,1,0.9343434343434344,0.9343434343434344,20.877523181414364,20.87752371123343,20.87752371123343,50.0,0.0,0.0,0,0,0.0057864737876419,2698,287,0.945945945945946,33,34,0;1;34,1,0;1;34,1,3,1,3,0.9178082191780822,0.9818181818181818,0.9142857142857144,73,55,70,0,34,1,1,1,1,74,70,0,0,0,0.0,0.0,0.0,0.0,,0.9343434343434344
2,5,2,1627092,2024-04-07,marl_raw,36610.83971359064,0.9333333333333332,0.8787878787878788,0.9166666666666666,0.972222222222222,0.914141414141414,0.9166666666666666,0.914141414141414,0.914141414141414,198,17,6,6,6,6,6,6,11,33,4,1,3,0.914141414141414,0.914141414141414,24.73062870719216,24.7306244108412,24.7306244108412,50.0,0.0,0.0,0,0,0.00421979880457,1871,287,0.8769230769230769,33,20;40,0;1;20;40,1,0;1;20;40,2,4,1,4,0.9178082191780822,0.9090909090909092,0.9142857142857144,73,55,70,0,20;40,1,1,2,1,65,57,0,0,0,0.0,0.0,0.0,0.0,,0.914141414141414
2,6,0,1628090,2024-04-07,marl_raw,36610.83971359064,0.9333333333333332,0.9090909090909092,1.0,0.9666666666666666,0.9393939393939394,1.0,0.9393939393939394,0.9393939393939394,198,12,4,2,2,4,2,2,10,33,3,1,2,0.9393939393939394,0.9393939393939394,24.99209166054774,24.99209584130181,24.99209584130181,50.0,0.0,0.0,0,0,0.0054430992992517,2454,284,0.9615384615384616,33,34;43,0;34;43,,0;34;43,2,3,0,3,0.9016393442622952,0.935483870967742,1.0,61,93,44,0,34;43,,1,2,0,78,75,0,0,0,0.0,0.0,0.0,0.0,,0.9393939393939394
2,6,1,1628091,2024-04-07,marl_raw,36610.83971359064,0.9333333333333332,0.8787878787878788,0.8888888888888888,0.9555555555555556,0.8989898989898989,0.8888888888888888,0.898989898989899,0.898989898989899,198,20,2,0,0,2,0,0,20,33,4,0,4,0.898989898989899,0.898989898989899,24.78469133617902,24.784689652799354,24.784689652799354,50.0,0.0,0.0,0,0,0.0057299393932529,2614,285,0.9195402298850576,33,28;34,0;1;28;34,1,0;1;28;34,2,4,1,4,0.9016393442622952,0.913978494623656,0.8636363636363636,61,93,44,0,28;34,1,1,2,1,87,80,0,0,0,0.0,0.0,0.0,0.0,,0.898989898989899
2,6,2,1628092,2024-04-07,marl_raw,36610.83971359064,0.9666666666666668,0.9090909090909092,0.8888888888888888,0.9888888888888888,0.9292929292929292,0.8888888888888888,0.9292929292929292,0.9292929292929292,198,14,6,6,6,6,6,6,8,33,3,1,2,0.9292929292929292,0.9292929292929292,25.58412456994105,25.58412083712491,25.58412083712491,50.0,0.0,0.0,0,0,0.0055390091244286,2565,273,0.8767123287671232,33,47,0;1;47,1,0;1;47,1,3,1,3,0.9016393442622952,0.978494623655914,0.8636363636363636,61,93,44,0,47,1,1,1,1,73,64,0,0,0,0.0,0.0,0.0,0.0,,0.9292929292929292
2,7,0,1629090,2024-04-07,marl_raw,36610.83971359064,0.8,0.7878787878787878,1.0,0.9166666666666669,0.8939393939393939,1.0,0.8939393939393939,0.8939393939393939,198,21,0,0,0,0,0,0,21,33,7,0,7,0.8939393939393939,0.8939393939393939,23.701467610368827,23.701466887888284,23.701466887888284,50.0,0.0,0.0,0,0,0.0056680339669886,2554,288,0.858974358974359,33,17;19;29;34;36;43,0;17;19;29;34;36;43,,0;17;19;29;34;36;43,6,7,0,7,0.8656716417910447,0.8378378378378378,1.0,67,74,57,0;34;43,17;19;29;36,,3,4,0,78,67,0,0,0,0.0,0.0,0.0,0.0,,0.8939393939393939
2,7,1,1629091,2024-04-07,marl_raw,36610.83971359064,0.9333333333333332,0.8787878787878788,0.9090909090909092,0.9777777777777776,0.9191919191919192,0.9090909090909092,0.9191919191919192,0.9191919191919192,198,16,0,0,0,0,0,0,16,33,4,0,4,0.9191919191919192,0.9191919191919192,19.30270485926156,19.30269451334019,19.30269451334019,50.0,0.0,0.0,0,0,0.0068518023351013,3169,286,0.9090909090909092,33,17;43,0;1;17;43,1,0;1;17;43,2,4,1,4,0.8955223880597015,0.9594594594594594,0.8947368421052632,67,74,57,0;43,17,1,2,1,1,77,70,0,0,0,0.0,0.0,0.0,0.0,,0.9191919191919192
2,7,2,1629092,2024-04-07,marl_raw,36610.83971359064,0.8666666666666667,0.8484848484848485,1.0,0.95,0.9242424242424242,1.0,0.9242424242424242,0.9242424242424242,198,15,0,0,0,0,0,0,15,33,5,0,5,0.9242424242424242,0.9242424242424242,21.239056259694724,21.23905991062973,21.23905991062973,50.0,0.0,0.0,0,0,0.0057970373739711,2640,287,0.9333333333333332,33,17;19;29;36,0;17;19;29;36,,0;17;19;29;36,4,5,0,5,0.9104477611940298,0.8783783783783784,1.0,67,74,57,0,17;19;29;36,,1,4,0,75,70,0,0,0,0.0,0.0,0.0,0.0,,0.9242424242424242
2,8,0,1630090,2024-04-07,marl_raw,36610.83971359064,0.9333333333333332,0.8787878787878788,0.9166666666666666,0.972222222222222,0.9393939393939394,0.9861111111111112,0.9393939393939394,0.9393939393939394,198,12,0,0,0,0,0,0,12,33,4,0,4,0.9393939393939394,0.9393939393939394,19.07454604331893,19.074551302977284,19.074551302977284,50.0,0.0,0.0,0,0,0.00540707955588,2355,285,0.8292682926829268,33,19;34,0;1;19;34,1,0;1;19;34,2,4,1,4,0.9302325581395348,0.8958333333333334,0.984375,86,48,64,0,19;34,1,1,2,1,82,68,0,0,0,0.0,0.0,0.0,0.0,,0.9393939393939394
2,8,1,1630091,2024-04-07,marl_raw,36610.83971359064,1.0,0.9393939393939394,0.9166666666666666,1.0,0.9393939393939394,0.9166666666666666,0.9393939393939394,0.9393939393939394,198,12,5,1,2,5,1,2,10,33,2,1,1,0.9393939393939394,0.9393939393939394,22.03299633180252,22.03300109054103,22.03300109054103,50.0,0.0,0.0,0,0,0.0051832546644921,2353,285,0.9305555555555556,33,,0;1,1,0;1,0,2,1,2,0.9302325581395348,1.0,0.90625,86,48,64,0,,1,1,0,1,72,67,0,0,0,0.0,0.0,0.0,0.0,,0.9393939393939394
2,8,2,1630092,2024-04-07,marl_raw,36610.83971359064,0.9333333333333332,0.8787878787878788,0.9166666666666666,0.9666666666666668,0.914141414141414,0.9305555555555556,0.914141414141414,0.914141414141414,198,17,0,0,0,0,0,0,17,33,4,0,4,0.914141414141414,0.914141414141414,24.919641485117904,24.919639524787364,24.919639524787364,50.0,0.0,0.0,0,0,0.0048352526179466,2117,287,0.8974358974358976,33,19;34,0;1;19;34,1,0;1;19;34,2,4,1,4,0.9302325581395348,0.875,0.921875,86,48,64,0,19;34,1,1,2,1,78,70,0,0,0,0.0,0.0,0.0,0.0,,0.914141414141414
2,9,0,1631090,2024-04-07,marl_raw,36610.83971359064,0.9666666666666668,0.9090909090909092,0.9090909090909092,0.9833333333333332,0.9242424242424242,0.9090909090909092,0.9242424242424242,0.9242424242424242,198,15,0,0,1,0,0,1,14,33,3,1,2,0.9242424242424242,0.9242424242424242,29.88237673826892,29.8823769309304,29.8823769309304,50.0,0.0,0.0,0,0,0.0046429266852404,2009,282,0.8311688311688312,33,34,0;1;34,1,0;1;34,1,3,1,3,0.9325842696629212,0.9375,0.9016393442622952,89,48,61,0,34,1,1,1,1,77,64,0,0,0,0.0,0.0,0.0,0.0,,0.9242424242424242
2,9,1,1631091,2024-04-07,marl_raw,36610.83971359064,0.8333333333333334,0.7878787878787878,0.9090909090909092,0.9666666666666668,0.9090909090909092,0.9090909090909092,0.9090909090909092,0.9090909090909092,198,18,4,0,1,4,0,1,17,33,7,1,6,0.9090909090909092,0.9090909090909092,28.120571651844063,28.120572697032586,28.120572697032586,50.0,0.0,0.0,0,0,0.0044263823025782,1907,281,0.7195121951219512,33,24;28;34;36;37,0;1;24;28;34;36;37,1,0;1;24;28;34;36;37,5,7,1,7,0.898876404494382,0.9375,0.9016393442622952,89,48,61,0;24;28;36,34;37,1,4,2,1,82,59,0,0,0,0.0,0.0,0.0,0.0,,0.9090909090909092
2,9,2,1631092,2024-04-07,marl_raw,36610.83971359064,0.9,0.8484848484848485,0.9090909090909092,0.95,0.8939393939393939,0.9090909090909092,0.8939393939393939,0.8939393939393939,198,21,4,0,2,4,0,0,21,33,5,2,5,0.8939393939393939,0.8939393939393939,29.27909992680405,29.27910530205929,29.27910530205929,50.0,0.0,0.0,0,0,0.0044389776279179,1935,286,0.7701149425287356,33,24;34;37,0;1;24;34;37,1,0;1;24;34;37,3,5,1,5,0.9101123595505618,0.8541666666666666,0.9016393442622952,89,48,61,0;24,34;37,1,2,2,1,87,67,0,0,0,0.0,0.0,0.0,0.0,,0.8939393939393939
2,10,0,1632090,2024-04-07,marl_raw,36610.83971359064,0.8333333333333334,0.8181818181818182,0.9,0.95,0.9494949494949496,0.9833333333333334,0.9494949494949496,0.9494949494949496,198,10,0,0,0,0,0,0,10,33,6,0,6,0.9494949494949496,0.9494949494949496,20.472241581238883,20.4722375690636,20.4722375690636,50.0,0.0,0.0,0,0,0.0060375174301346,2769,288,0.8809523809523809,33,20;21;27;34;39,1;20;21;27;34;39,1,1;20;21;27;34;39,5,6,1,6,0.9759036144578314,0.8923076923076924,0.98,83,65,50,21;39,20;27;34,1,2,3,1,84,74,0,0,0,0.0,0.0,0.0,0.0,,0.9494949494949496
2,10,1,1632091,2024-04-07,marl_raw,36610.83971359064,0.9333333333333332,0.8787878787878788,0.9,0.9722222222222222,0.914141414141414,0.9,0.914141414141414,0.914141414141414,198,17,6,6,6,6,6,6,11,33,4,1,3,0.914141414141414,0.914141414141414,19.258518805257,19.258513902022383,19.258513902022383,50.0,0.0,0.0,0,0,0.0053069072697932,2326,285,0.95,33,34;38,0;1;34;38,1,0;1;34;38,2,4,1,4,0.927710843373494,0.9230769230769232,0.88,83,65,50,0,34;38,1,1,2,1,80,76,0,0,0,0.0,0.0,0.0,0.0,,0.914141414141414
2,10,2,1632092,2024-04-07,marl_raw,36610.83971359064,0.9333333333333332,0.8787878787878788,0.9,0.9666666666666668,0.9090909090909092,0.9,0.9090909090909092,0.9090909090909092,198,18,9,6,9,9,6,9,9,33,4,2,2,0.9090909090909092,0.9090909090909092,22.170834819325293,22.170838405237053,22.170838405237053,50.0,0.0,0.0,0,0,0.0056481515960816,2637,286,0.8947368421052632,33,34;35,0;1;34;35,1,0;1;34;35,2,4,1,4,0.927710843373494,0.9076923076923076,0.88,83,65,50,0,34;35,1,1,2,1,76,68,0,0,0,0.0,0.0,0.0,0.0,,0.9090909090909092
2,11,0,1633090,2024-04-07,marl_raw,36610.83971359064,0.8333333333333334,0.8181818181818182,1.0,0.9555555555555556,0.9292929292929292,1.0,0.9292929292929292,0.9292929292929292,198,14,0,0,0,0,0,0,14,33,6,0,6,0.9292929292929292,0.9292929292929292,18.41003902271541,18.41003414838001,18.41003414838001,50.0,0.0,0.0,0,0,0.0054862201432115,2514,288,0.9487179487179486,33,17;19;20;40;47,0;17;19;20;40;47,,0;17;19;20;40;47,5,6,0,6,0.9166666666666666,0.9166666666666666,1.0,72,96,30,0,17;19;20;40;47,,1,5,0,78,74,0,0,0,0.0,0.0,0.0,0.0,,0.9292929292929292
2,11,1,1633091,2024-04-07,marl_raw,36610.83971359064,0.7666666666666667,0.7272727272727273,0.8333333333333334,0.9222222222222224,0.8686868686868687,0.8333333333333334,0.8686868686868687,0.8686868686868687,198,26,6,4,4,6,4,4,22,33,9,1,8,0.8686868686868687,0.8686868686868687,22.689390088572647,22.689382032914597,22.689382032914597,50.0,0.0,0.0,0,0,0.0056125070235187,2456,280,0.8831168831168832,33,17;18;19;28;33;34;47,0;1;17;18;19;28;33;34;47,1,0;1;17;18;19;28;33;34;47,7,9,1,9,0.8472222222222222,0.90625,0.8,72,96,30,0;33;34,17;18;19;28;47,1,3,5,1,77,68,0,0,0,0.0,0.0,0.0,0.0,,0.8686868686868687
2,11,2,1633092,2024-04-07,marl_raw,36610.83971359064,0.7333333333333333,0.696969696969697,0.8333333333333334,0.9222222222222224,0.8686868686868687,0.8333333333333334,0.8686868686868687,0.8686868686868687,198,26,6,6,6,6,6,6,20,33,10,1,9,0.8686868686868687,0.8686868686868687,27.201789232215496,27.20179554669544,27.20179554669544,50.0,0.0,0.0,0,0,0.0056444639861486,2550,282,0.9090909090909092,33,17;18;33;40;42;43;46;47,0;1;17;18;33;40;42;43;46;47,1,0;1;17;18;33;40;42;43;46;47,8,10,1,10,0.8055555555555556,0.9375,0.8,72,96,30,0;17;33;42;43,18;40;42;46;47,1,5,5,1,77,70,0,0,0,0.0,0.0,0.0,0.0,,0.8686868686868687
2,12,0,1634090,2024-04-07,marl_raw,36610.83971359064,0.9666666666666668,0.9090909090909092,0.8333333333333334,0.9888888888888888,0.9545454545454546,0.9555555555555556,0.9545454545454546,0.9545454545454546,198,9,0,0,0,0,0,0,9,33,3,0,3,0.9545454545454546,0.9545454545454546,14.674115109323251,14.674118442366822,14.674118442366822,50.0,0.0,0.0,0,0,0.0044357770833206,1927,288,0.9384615384615383,33,17,0;1;17,1;17,0;1;17,1,3,2,3,0.945945945945946,0.9692307692307692,0.9491525423728814,74,65,59,0,0;17,1;17,1,2,2,65,61,0,0,0,0.0,0.0,0.0,0.0,,0.9545454545454546
2,12,1,1634091,2024-04-07,marl_raw,36610.83971359064,0.9666666666666668,0.9090909090909092,0.9166666666666666,0.9666666666666668,0.9545454545454546,0.9861111111111112,0.9545454545454546,0.9545454545454546,198,9,0,0,0,0,0,0,9,33,3,0,3,0.9545454545454546,0.9545454545454546,20.52702724391764,20.52703018200518,20.52703018200518,50.0,0.0,0.0,0,0,0.0052198868967631,2268,285,0.8630136986301371,33,34,0;1;34,1,0;1;34,1,3,1,3,0.972972972972973,0.9076923076923076,0.9830508474576272,74,65,59,0,34,1,1,1,1,73,63,0,0,0,0.0,0.0,0.0,0.0,,0.9545454545454546
2,12,2,1634092,2024-04-07,marl_raw,36610.83971359064,0.9333333333333332,0.8787878787878788,0.9166666666666666,0.9722222222222222,0.914141414141414,0.9166666666666666,0.914141414141414,0.914141414141414,198,17,6,6,6,6,6,6,11,33,4,1,3,0.914141414141414,0.914141414141414,23.91473102148133,23.914728473533284,23.914728473533284,50.0,0.0,0.0,0,0,0.0056538045961739,2461,284,0.925,33,17;34,0;1;17;34,1,0;1;17;34,2,4,1,4,0.9324324324324323,0.9076923076923076,0.8983050847457628,74,65,59,0,0;17;34,1,1,3,1,80,74,0,0,0,0.0,0.0,0.0,0.0,,0.914141414141414
2,13,0,1635090,2024-04-07,marl_raw,36610.83971359064,1.0,0.9696969696969696,1.0,1.0,0.9696969696969696,1.0,0.9696969696969696,0.9696969696969696,198,6,0,0,0,0,0,0,6,33,1,0,1,0.9696969696969696,0.9696969696969696,21.232534109944044,21.23253928290473,21.23253928290473,50.0,0.0,0.0,0,0,0.005631285516453,2595,286,0.9166666666666664,33,,0,,0,0,1,0,1,0.9324324324324323,0.9863013698630136,1.0,74,73,51,0,0,,1,1,0,84,77,0,0,0,0.0,0.0,0.0,0.0,,0.9696969696969696
2,13,1,1635091,2024-04-07,marl_raw,36610.83971359064,0.9666666666666668,0.9090909090909092,0.9090909090909092,0.9944444444444446,0.9343434343434344,0.9090909090909092,0.9343434343434344,0.9343434343434344,198,13,6,6,6,6,6,6,7,33,3,1,2,0.9343434343434344,0.9343434343434344,21.616718417466288,21.61672228032893,21.61672228032893,50.0,0.0,0.0,0,0,0.0049379027247293,2189,286,0.9452054794520548,33,24,0;1;24,1,0;1;24,1,3,1,3,0.9324324324324323,0.9178082191780822,0.9607843137254902,74,73,51,0,0;1;24,1,1,3,1,73,69,0,0,0,0.0,0.0,0.0,0.0,,0.9343434343434344
2,13,2,1635092,2024-04-07,marl_raw,36610.83971359064,0.9333333333333332,0.8787878787878788,1.0,0.972222222222222,0.9343434343434344,1.0,0.9343434343434344,0.9343434343434344,198,13,6,6,6,6,6,6,7,33,4,1,3,0.9343434343434344,0.9343434343434344,24.20982478363345,24.209822953349413,24.209822953349413,50.0,0.0,0.0,0,0,0.0054247184307314,2338,288,0.7088607594936709,33,18;34,0;1;18;34,,0;1;18;34,2,4,0,4,0.9054054054054054,0.9178082191780822,1.0,74,73,51,0;34,0;1;18,,2,3,0,79,56,0,0,0,0.0,0.0,0.0,0.0,,0.9343434343434344
2,14,0,1636090,2024-04-07,marl_raw,36610.83971359064,0.9333333333333332,0.8787878787878788,0.9,0.977777777777778,0.9191919191919192,0.9,0.9191919191919192,0.9191919191919192,198,16,6,4,6,6,4,6,10,33,4,2,2,0.9191919191919192,0.9191919191919192,23.722206945973213,23.72219533811916,23.72219533811916,50.0,0.0,0.0,0,0,0.0048837757458386,2210,280,0.726027397260274,33,34;39,0;1;34;39,1,0;1;34;39,2,4,1,4,0.9294117647058824,0.9393939393939394,0.8723404255319149,85,66,47,0;39,0;34,1,2,2,1,73,53,0,0,0,0.0,0.0,0.0,0.0,,0.9191919191919192
2,14,1,1636091,2024-04-07,marl_raw,36610.83971359064,0.8666666666666667,0.8181818181818182,0.9,0.95,0.8939393939393939,0.9,0.8939393939393939,0.8939393939393939,198,21,6,3,4,6,3,4,17,33,6,2,4,0.8939393939393939,0.8939393939393939,23.414630747202672,23.414623358634987,23.414623358634987,50.0,0.0,0.0,0,0,0.0048030419408557,2107,288,0.8205128205128205,33,31;34;36;39,0;1;31;34;36;39,1,0;1;31;34;36;39,4,6,1,6,0.8823529411764706,0.9242424242424242,0.8723404255319149,85,66,47,0;36;39,0;31;34,1,3,3,1,78,64,0,0,0,0.0,0.0,0.0,0.0,,0.8939393939393939
2,14,2,1636092,2024-04-07,marl_raw,36610.83971359064,0.9333333333333332,0.8787878787878788,0.9,0.9777777777777776,0.9191919191919192,0.9,0.9191919191919192,0.9191919191919192,198,16,6,0,2,6,0,0,16,33,4,1,4,0.9191919191919192,0.9191919191919192,23.12174183371091,23.121743223281825,23.121743223281825,50.0,0.0,0.0,0,0,0.0046786075696824,2020,287,0.7532467532467533,33,31;34,0;1;31;34,1,0;1;31;34,2,4,1,4,0.9647058823529412,0.8939393939393939,0.8723404255319149,85,66,47,0,0;31;34,1,1,3,1,77,58,0,0,0,0.0,0.0,0.0,0.0,,0.9191919191919192
2,15,0,1637090,2024-04-07,marl_raw,36610.83971359064,0.9,0.8484848484848485,0.9090909090909092,0.9444444444444444,0.888888888888889,0.9090909090909092,0.8888888888888888,0.8888888888888888,198,22,7,6,11,7,6,8,14,33,5,2,3,0.8888888888888888,0.8888888888888888,26.30385523613053,26.30385754806827,26.30385754806827,50.0,0.0,0.0,0,0,0.0044022862542381,1929,284,0.5925925925925926,33,17;18;35,0;1;17;18;35,1,0;1;17;18;35,3,5,1,5,0.845360824742268,0.9818181818181818,0.8695652173913043,97,55,46,0;18;35,17,1,3,1,1,81,48,0,0,0,0.0,0.0,0.0,0.0,,0.8888888888888888
2,15,1,1637091,2024-04-07,marl_raw,36610.83971359064,0.8666666666666667,0.8181818181818182,0.9090909090909092,0.95,0.8939393939393939,0.9090909090909092,0.8939393939393939,0.8939393939393939,198,21,6,0,0,6,0,0,21,33,6,0,6,0.8939393939393939,0.8939393939393939,33.032600648475416,33.03259262412485,33.03259262412485,50.0,0.0,0.0,0,0,0.0041755418751563,1692,282,0.7123287671232876,33,18;35;46;47,0;1;18;35;46;47,1,0;1;18;35;46;47,4,6,1,6,0.9072164948453608,0.8909090909090909,0.8695652173913043,97,55,46,0;18;35;46,47,1,4,1,1,73,52,0,0,0,0.0,0.0,0.0,0.0,,0.8939393939393939
2,15,2,1637092,2024-04-07,marl_raw,36610.83971359064,0.8666666666666667,0.8181818181818182,0.9090909090909092,0.9166666666666666,0.8636363636363638,0.9090909090909092,0.8636363636363636,0.8636363636363636,198,27,0,0,0,0,0,0,27,33,6,0,6,0.8636363636363636,0.8636363636363636,30.92779158582591,30.9277907236658,30.9277907236658,50.0,0.0,0.0,0,0,0.0041439332732503,1770,288,0.6666666666666665,33,18;34;46;47,0;1;18;34;46;47,1,0;1;18;34;46;47,4,6,1,6,0.8350515463917526,0.9090909090909092,0.8695652173913043,97,55,46,0;18;34;46,47,1,4,1,1,72,48,0,0,0,0.0,0.0,0.0,0.0,,0.8636363636363636
2,16,0,1638090,2024-04-07,marl_raw,36610.83971359064,0.9333333333333332,0.8787878787878788,0.9,0.977777777777778,0.9191919191919192,0.9,0.9191919191919192,0.9191919191919192,198,16,6,3,6,6,3,6,10,33,4,2,2,0.9191919191919192,0.9191919191919192,28.11160109982346,28.111595291079897,28.111595291079897,50.0,0.0,0.0,0,0,0.0053958918773181,2397,282,0.8048780487804879,33,34;39,0;1;34;39,1,0;1;34;39,2,4,1,4,0.9230769230769232,0.9464285714285714,0.8823529411764706,91,56,51,0;39,34,1,2,1,1,82,66,0,0,0,0.0,0.0,0.0,0.0,,0.9191919191919192
2,16,1,1638091,2024-04-07,marl_raw,36610.83971359064,0.8,0.7575757575757576,0.9,0.961111111111111,0.9090909090909092,0.9166666666666669,0.9090909090909092,0.9090909090909092,198,18,1,0,0,1,0,0,18,33,8,0,8,0.9090909090909092,0.9090909090909092,20.28356389565901,20.2835635681345,20.2835635681345,50.0,0.0,0.0,0,0,0.0054116936856492,2451,285,0.782051282051282,33,29;34;37;38;39;42,0;1;29;34;37;38;39;42,1,0;1;29;34;37;38;39;42,6,8,1,8,0.9010989010989012,0.9285714285714286,0.9019607843137256,91,56,51,0;38;39;42,29;34;37,1,4,3,1,78,61,0,0,0,0.0,0.0,0.0,0.0,,0.9090909090909092
2,16,2,1638092,2024-04-07,marl_raw,36610.83971359064,1.0,0.9393939393939394,0.9,1.0,0.9393939393939394,0.9,0.9393939393939394,0.9393939393939394,198,12,6,6,6,6,6,6,6,33,2,1,1,0.9393939393939394,0.9393939393939394,21.9159151207317,21.915908459461097,21.915908459461097,50.0,0.0,0.0,0,0,0.004402286899373,1962,287,0.8333333333333335,33,,0;1,1,0;1,0,2,1,2,0.934065934065934,1.0,0.8823529411764706,91,56,51,0,,1,1,0,1,78,65,0,0,0,0.0,0.0,0.0,0.0,,0.9393939393939394
2,17,0,1639090,2024-04-07,marl_raw,36610.83971359064,0.6,0.6060606060606061,0.9090909090909092,0.711111111111111,0.7171717171717172,0.9318181818181818,0.7171717171717171,0.7171717171717171,198,56,24,14,28,24,14,28,28,33,13,7,6,0.7171717171717171,0.7171717171717171,71.18457000183336,71.18457363109395,71.18457363109395,50.0,0.0,0.0,0,0,0.0036407384759513,1545,284,0.3333333333333332,33,17;20;21;22;26;28;29;30;31;33;34;47,17;20;21;22;26;28;29;30;31;32;33;34;47,32,17;20;21;22;26;28;29;30;31;32;33;34;47,12,13,1,13,0.5567010309278351,0.7959183673469388,0.9423076923076924,97,49,52,20;21;22;26;28;29;30;31;33;34,17;32;47,32,10,3,1,75,25,0,0,0,0.0,0.0,0.0,0.0,,0.7171717171717171
2,17,1,1639091,2024-04-07,marl_raw,36610.83971359064,0.5666666666666667,0.5151515151515151,0.8181818181818182,0.7055555555555555,0.6464646464646464,0.8409090909090909,0.6464646464646465,0.6464646464646465,198,70,23,8,26,22,8,24,46,33,16,7,9,0.6464646464646465,0.6464646464646465,63.23150206093836,63.23150493159439,63.23150493159439,50.0,0.0,0.0,0,0,0.0032336311517913,1241,287,0.3373493975903614,33,19;21;22;26;27;28;29;30;31;33;34;36;47,0;1;19;21;22;26;27;28;29;30;31;32;33;34;36;47,1;32,0;1;19;21;22;26;27;28;29;30;31;32;33;34;36;47,13,16,2,16,0.5154639175257731,0.7142857142857143,0.8269230769230769,97,49,52,0;21;22;26;27;28;29;30;31;33;34,19;27;32;36;47,1;32,11,5,2,83,28,0,0,0,0.0,0.0,0.0,0.0,,0.6464646464646465
2,17,2,1639092,2024-04-07,marl_raw,36610.83971359064,0.6,0.5454545454545454,0.8181818181818182,0.7444444444444446,0.7020202020202021,0.8863636363636364,0.702020202020202,0.702020202020202,198,59,33,23,43,32,23,41,18,33,15,9,6,0.702020202020202,0.702020202020202,63.55689961019189,63.556895805127695,63.556895805127695,50.0,0.0,0.0,0,0,0.0033264810917899,1377,282,0.3424657534246574,33,17;18;21;22;26;27;28;29;30;31;33;34,0;1;17;18;21;22;26;27;28;29;30;31;32;33;34,1;32,0;1;17;18;21;22;26;27;28;29;30;31;32;33;34,12,15,2,15,0.5154639175257731,0.8979591836734694,0.8653846153846154,97,49,52,0;18;21;22;26;27;28;29;30;31;33;34,17;27,1;32,12,2,2,73,25,0,0,0,0.0,0.0,0.0,0.0,,0.702020202020202
2,18,0,1640090,2024-04-07,marl_raw,36610.83971359064,0.9666666666666668,0.9090909090909092,0.9090909090909092,0.9888888888888888,0.9292929292929292,0.9090909090909092,0.9292929292929292,0.9292929292929292,198,14,10,6,7,10,6,7,7,33,3,2,1,0.9292929292929292,0.9292929292929292,21.39110069082241,21.391100247701008,21.391100247701008,50.0,0.0,0.0,0,0,0.004260747128986,1840,256,0.8518518518518519,33,34,0;1;34,1,0;1;34,1,3,1,3,0.926829268292683,0.9615384615384616,0.90625,82,52,64,0,34,1,1,1,1,81,69,0,0,0,0.0,0.0,0.0,0.0,,0.9292929292929292
2,18,1,1640091,2024-04-07,marl_raw,36610.83971359064,1.0,0.9393939393939394,0.9090909090909092,1.0,0.9393939393939394,0.9090909090909092,0.9393939393939394,0.9393939393939394,198,12,4,0,0,4,0,0,12,33,2,0,2,0.9393939393939394,0.9393939393939394,23.9918831911954,23.991883480187617,23.991883480187617,50.0,0.0,0.0,0,0,0.0047794483780307,2084,279,0.8255813953488372,33,,0;1,1,0;1,0,2,1,2,0.926829268292683,1.0,0.90625,82,52,64,0,,1,1,0,1,86,71,0,0,0,0.0,0.0,0.0,0.0,,0.9393939393939394
2,18,2,1640092,2024-04-07,marl_raw,36610.83971359064,1.0,0.9393939393939394,0.9090909090909092,1.0,0.9494949494949496,0.9393939393939392,0.9494949494949496,0.9494949494949496,198,10,0,0,0,0,0,0,10,33,2,0,2,0.9494949494949496,0.9494949494949496,19.6850996402779,19.68509027693007,19.68509027693007,50.0,0.0,0.0,0,0,0.0057628217036835,2522,287,0.7875,33,,0;1,1,0;1,0,2,1,2,0.926829268292683,1.0,0.9375,82,52,64,0,,1,1,0,1,80,63,0,0,0,0.0,0.0,0.0,0.0,,0.9494949494949496
2,19,0,1641090,2024-04-07,marl_raw,36610.83971359064,0.9666666666666668,0.9090909090909092,0.9166666666666666,0.9888888888888888,0.9343434343434344,0.9305555555555556,0.9343434343434344,0.9343434343434344,198,13,6,6,6,6,6,6,7,33,3,1,2,0.9343434343434344,0.9343434343434344,16.839969268952956,16.839967361604323,16.839967361604323,50.0,0.0,0.0,0,0,0.0050313743604419,2263,279,0.890625,33,47,0;1;47,1,0;1;47,1,3,1,3,0.9117647058823528,0.9682539682539684,0.9253731343283582,68,63,67,0,47,1,1,1,1,64,57,0,0,0,0.0,0.0,0.0,0.0,,0.9343434343434344
2,19,1,1641091,2024-04-07,marl_raw,36610.83971359064,0.9666666666666668,0.9393939393939394,1.0,0.977777777777778,0.9494949494949496,1.0,0.9494949494949496,0.9494949494949496,198,10,1,0,0,1,0,0,10,33,2,0,2,0.9494949494949496,0.9494949494949496,22.60197427537706,22.601970190953725,22.601970190953725,50.0,0.0,0.0,0,0,0.0055041631700684,2520,288,0.7922077922077922,33,34,0;34,,0;34,1,2,0,2,0.9117647058823528,0.9365079365079364,1.0,68,63,67,0,34,,1,1,0,77,61,0,0,0,0.0,0.0,0.0,0.0,,0.9494949494949496
2,19,2,1641092,2024-04-07,marl_raw,36610.83971359064,0.9666666666666668,0.9090909090909092,0.9166666666666666,0.9944444444444446,0.9343434343434344,0.9166666666666666,0.9343434343434344,0.9343434343434344,198,13,6,0,0,6,0,0,13,33,3,0,3,0.9343434343434344,0.9343434343434344,20.99102946002074,20.991021108145667,20.991021108145667,50.0,0.0,0.0,0,0,0.005578174823313,2493,285,0.825,33,34,0;1;34,1,0;1;34,1,3,1,3,0.9117647058823528,0.984126984126984,0.9104477611940298,68,63,67,0,34,1,1,1,1,80,66,0,0,0,0.0,0.0,0.0,0.0,,0.9343434343434344
2,20,0,1642090,2024-04-07,marl_raw,36610.83971359064,0.8666666666666667,0.8181818181818182,0.9166666666666666,0.961111111111111,0.904040404040404,0.9166666666666666,0.904040404040404,0.904040404040404,198,19,6,6,6,6,6,6,13,33,6,1,5,0.904040404040404,0.904040404040404,30.3878584293404,30.38785596327348,30.38785596327348,50.0,0.0,0.0,0,0,0.0055694933641158,2444,287,0.9125,33,25;28;34;47,0;1;25;28;34;47,1,0;1;25;28;34;47,4,6,1,6,0.9066666666666666,0.8888888888888888,0.9130434782608696,75,54,69,0;47,25;28;34,1,2,3,1,80,73,0,0,0,0.0,0.0,0.0,0.0,,0.904040404040404
2,20,1,1642091,2024-04-07,marl_raw,36610.83971359064,0.9333333333333332,0.8787878787878788,0.9166666666666666,0.9888888888888888,0.9292929292929292,0.9166666666666666,0.9292929292929292,0.9292929292929292,198,14,1,0,0,1,0,0,14,33,4,0,4,0.9292929292929292,0.9292929292929292,21.802454909893,21.802461315887143,21.802461315887143,50.0,0.0,0.0,0,0,0.0054609026677402,2419,287,0.7972972972972973,33,28;47,0;1;28;47,1,0;1;28;47,2,4,1,4,0.9066666666666666,0.9814814814814816,0.9130434782608696,75,54,69,0;47,28,1,2,1,1,74,59,0,0,0,0.0,0.0,0.0,0.0,,0.9292929292929292
2,20,2,1642092,2024-04-07,marl_raw,36610.83971359064,0.9666666666666668,0.9090909090909092,0.9166666666666666,0.9944444444444444,0.9343434343434344,0.9166666666666666,0.9343434343434344,0.9343434343434344,198,13,6,4,4,6,4,4,9,33,3,1,2,0.9343434343434344,0.9343434343434344,21.63245697214146,21.63245852306636,21.63245852306636,50.0,0.0,0.0,0,0,0.0053594728233292,2409,282,0.875,33,47,0;1;47,1,0;1;47,1,3,1,3,0.9066666666666666,1.0,0.9130434782608696,75,54,69,0;47,,1,2,0,1,72,63,0,0,0,0.0,0.0,0.0,0.0,,0.9343434343434344
2,21,0,1643090,2024-04-07,marl_raw,36610.83971359064,0.9666666666666668,0.9393939393939394,1.0,0.9888888888888888,0.9595959595959596,1.0,0.9595959595959596,0.9595959595959596,198,8,6,3,5,6,3,3,5,33,2,2,1,0.9595959595959596,0.9595959595959596,24.042215184800263,24.042219163259787,24.042219163259787,50.0,0.0,0.0,0,0,0.0050129754915057,2229,288,0.6341463414634146,33,34,0;34,,0;34,1,2,0,2,0.9292929292929292,0.9696969696969696,1.0,99,33,66,0;34,34,,2,1,0,82,52,0,0,0,0.0,0.0,0.0,0.0,,0.9595959595959596
2,21,1,1643091,2024-04-07,marl_raw,36610.83971359064,0.9,0.8787878787878788,0.9166666666666666,0.9666666666666668,0.9444444444444444,0.9305555555555556,0.9444444444444444,0.9444444444444444,198,11,0,0,0,0,0,0,11,33,4,0,4,0.9444444444444444,0.9444444444444444,24.04061573810862,24.0406220574051,24.0406220574051,50.0,0.0,0.0,0,0,0.0042622426426532,1754,284,0.7931034482758621,33,24;34;36,1;24;34;36,1,1;24;34;36,3,4,1,4,0.9595959595959596,0.9393939393939394,0.9242424242424242,99,33,66,24;34;36,34,1,3,1,1,87,69,0,0,0,0.0,0.0,0.0,0.0,,0.9444444444444444
2,21,2,1643092,2024-04-07,marl_raw,36610.83971359064,0.8666666666666667,0.8181818181818182,0.9166666666666666,0.9555555555555556,0.898989898989899,0.9166666666666666,0.898989898989899,0.898989898989899,198,20,6,6,6,6,6,6,14,33,6,1,5,0.898989898989899,0.898989898989899,32.600307747639505,32.60029905619857,32.60029905619857,50.0,0.0,0.0,0,0,0.0054974276196541,2536,277,0.7222222222222221,33,23;26;34;38,0;1;23;26;34;38,1,0;1;23;26;34;38,4,6,1,6,0.8888888888888888,0.9090909090909092,0.9090909090909092,99,33,66,0;26;34;38,23;34,1,4,2,1,72,52,0,0,0,0.0,0.0,0.0,0.0,,0.898989898989899
2,22,0,1644090,2024-04-07,marl_raw,36610.83971359064,0.7333333333333333,0.696969696969697,0.9090909090909092,0.8666666666666667,0.8181818181818182,0.9090909090909092,0.8181818181818182,0.8181818181818182,198,36,14,9,18,14,9,18,18,33,10,4,6,0.8181818181818182,0.8181818181818182,45.3406688227798,45.34067450629341,45.34067450629341,50.0,0.0,0.0,0,0,0.0037548274582756,1574,288,0.6086956521739131,33,22;24;26;28;29;30;34;37,0;1;22;24;26;28;29;30;34;37,1,0;1;22;24;26;28;29;30;34;37,8,10,1,10,0.6847826086956522,0.94,0.9285714285714286,92,50,56,0;22;24;26;28;29;30;37,1;34,1,8,2,1,69,42,0,0,0,0.0,0.0,0.0,0.0,,0.8181818181818182
2,22,1,1644091,2024-04-07,marl_raw,36610.83971359064,0.8333333333333334,0.7878787878787878,0.9090909090909092,0.8944444444444445,0.8434343434343434,0.9090909090909092,0.8434343434343434,0.8434343434343434,198,31,17,15,26,17,15,23,8,33,7,6,2,0.8434343434343434,0.8434343434343434,49.844071648337625,49.84407748598041,49.84407748598041,50.0,0.0,0.0,0,0,0.0034828140330015,1425,284,0.3943661971830985,33,22;28;29;30;37,0;1;22;28;29;30;37,1,0;1;22;28;29;30;37,5,7,1,7,0.7282608695652174,0.96,0.9285714285714286,92,50,56,0;22;28;29;30;37,1,1,6,1,1,71,28,0,0,0,0.0,0.0,0.0,0.0,,0.8434343434343434
2,22,2,1644092,2024-04-07,marl_raw,36610.83971359064,0.8,0.7575757575757576,0.9090909090909092,0.9055555555555556,0.8535353535353536,0.9090909090909092,0.8535353535353535,0.8535353535353535,198,29,19,11,23,19,11,22,7,33,8,6,3,0.8535353535353535,0.8535353535353535,39.38767713007301,39.387673166063095,39.387673166063095,50.0,0.0,0.0,0,0,0.0035129207305241,1423,280,0.4102564102564102,33,23;24;26;29;30;37,0;1;23;24;26;29;30;37,1,0;1;23;24;26;29;30;37,6,8,1,8,0.7717391304347826,0.92,0.9285714285714286,92,50,56,0;24;26;29;30;37,1;23,1,6,2,1,78,32,0,0,0,0.0,0.0,0.0,0.0,,0.8535353535353535
2,23,0,1645090,2024-04-07,marl_raw,36610.83971359064,0.9333333333333332,0.8787878787878788,0.9166666666666666,0.977777777777778,0.9191919191919192,0.9166666666666666,0.9191919191919192,0.9191919191919192,198,16,6,6,6,6,6,6,10,33,4,1,3,0.9191919191919192,0.9191919191919192,24.03350232827543,24.033498263118243,24.033498263118243,50.0,0.0,0.0,0,0,0.0057367337722098,2552,282,0.878048780487805,33,17;34,0;1;17;34,1,0;1;17;34,2,4,1,4,0.926829268292683,0.903846153846154,0.921875,82,52,64,0,1;17;34,1,1,3,1,82,72,0,0,0,0.0,0.0,0.0,0.0,,0.9191919191919192
2,23,1,1645091,2024-04-07,marl_raw,36610.83971359064,0.8666666666666667,0.8181818181818182,1.0,0.977777777777778,0.9444444444444444,1.0,0.9444444444444444,0.9444444444444444,198,11,0,0,0,0,0,0,11,33,6,0,6,0.9444444444444444,0.9444444444444444,17.3673265678714,17.367333248408155,17.367333248408155,50.0,0.0,0.0,0,0,0.0053327889812256,2408,288,0.9113924050632912,33,17;21;28;34,0;1;17;21;28;34,,0;1;17;21;28;34,4,6,0,6,0.9146341463414634,0.9230769230769232,1.0,82,52,64,0;21,1;17;28;34,,2,4,0,79,72,0,0,0,0.0,0.0,0.0,0.0,,0.9444444444444444
2,23,2,1645092,2024-04-07,marl_raw,36610.83971359064,1.0,0.9393939393939394,0.9166666666666666,1.0,0.9444444444444444,0.9333333333333332,0.9444444444444444,0.9444444444444444,198,11,6,4,4,6,4,4,7,33,2,1,1,0.9444444444444444,0.9444444444444444,20.617792736400254,20.6177971868804,20.6177971868804,50.0,0.0,0.0,0,0,0.0060491789530108,2742,286,0.9186046511627908,33,,0;1,1,0;1,0,2,1,2,0.926829268292683,0.9807692307692308,0.9375,82,52,64,0,1,1,1,1,1,86,79,0,0,0,0.0,0.0,0.0,0.0,,0.9444444444444444
3,0,0,1722090,2024-08-01,marl_raw,45241.03472717985,1.0,1.0,1.0,1.0,1.0,1.0,1.0,1.0,180,0,0,0,0,0,0,0,0,30,0,0,0,1.0,1.0,17.16949320634206,17.16949145793915,17.16949145793915,50.0,0.0,0.0,0,0,0.005924437532182,2649,280,0.943661971830986,30,,,,,0,0,0,0,1.0,1.0,1.0,73,57,50,,,,0,0,0,71,67,0,0,0,0.0,0.0,0.0,0.0,,1.0
3,0,1,1722091,2024-08-01,marl_raw,45241.03472717985,0.9666666666666668,0.9655172413793104,1.0,0.9888888888888888,0.9885057471264368,1.0,0.9888888888888888,0.9888888888888888,180,2,0,0,0,0,0,0,2,30,1,0,1,0.9888888888888888,0.9888888888888888,21.721459057595997,21.72146009604136,21.72146009604136,50.0,0.0,0.0,0,0,0.0063771968877214,2957,288,0.9285714285714286,30,46,46,,46,1,1,0,1,0.9726027397260274,1.0,1.0,73,57,50,46,,,1,0,0,84,78,0,0,0,0.0,0.0,0.0,0.0,,0.9888888888888888
3,0,2,1722092,2024-08-01,marl_raw,45241.03472717985,0.9666666666666668,1.0,1.0,0.9777777777777776,1.0,1.0,0.9777777777777776,0.9777777777777776,180,4,0,0,0,0,0,0,4,30,1,0,1,0.9777777777777776,0.9777777777777776,16.90803105301327,16.908032690154183,16.908032690154183,50.0,0.0,0.0,0,0,0.0072568962568766,3405,288,0.9404761904761904,30,25,,,25,1,0,0,1,0.9452054794520548,1.0,1.0,73,57,50,25,,,1,0,0,84,79,0,0,0,0.0,0.0,0.0,0.0,,0.9777777777777776
3,1,0,1723090,2024-08-01,marl_raw,45241.03472717985,0.8666666666666667,0.896551724137931,1.0,0.9611111111111112,0.9655172413793104,1.0,0.9611111111111112,0.9611111111111112,180,7,0,0,0,0,0,0,7,30,4,0,4,0.9611111111111112,0.9611111111111112,24.979805943701,24.979803853564796,24.979803853564796,50.0,0.0,0.0,0,0,0.0065463635449608,3008,285,0.9390243902439024,30,25;26;27;38,26;27;38,,25;26;27;38,4,3,0,4,0.972972972972973,0.9,1.0,74,50,56,25;38,26;27,,2,2,0,82,77,0,0,0,0.0,0.0,0.0,0.0,,0.9611111111111112
3,1,1,1723091,2024-08-01,marl_raw,45241.03472717985,0.7666666666666667,0.7931034482758621,1.0,0.9055555555555554,0.9195402298850572,1.0,0.9055555555555556,0.9055555555555556,180,17,0,0,0,0,0,0,17,30,7,0,7,0.9055555555555556,0.9055555555555556,35.676097589068945,35.67610131369697,35.67610131369697,50.0,0.0,0.0,0,0,0.0057069797258009,2535,288,0.8974358974358976,30,25;26;27;36;37;38;40,26;27;36;37;38;40,,25;26;27;36;37;38;40,7,6,0,7,0.8918918918918919,0.82,1.0,74,50,56,25;36;37;38,26;27;40,,4,3,0,78,70,0,0,0,0.0,0.0,0.0,0.0,,0.9055555555555556
3,1,2,1723092,2024-08-01,marl_raw,45241.03472717985,0.8666666666666667,0.896551724137931,1.0,0.95,0.9540229885057472,1.0,0.95,0.95,180,9,0,0,0,0,0,0,9,30,4,0,4,0.95,0.95,24.316620307498507,24.316609893904797,24.316609893904797,50.0,0.0,0.0,0,0,0.0069129476202457,3176,288,0.9263157894736842,30,25;26;27;40,26;27;40,,25;26;27;40,4,3,0,4,0.9864864864864864,0.84,1.0,74,50,56,25,26;27;40,,1,3,0,95,88,0,0,0,0.0,0.0,0.0,0.0,,0.95
3,2,0,1724090,2024-08-01,marl_raw,45241.03472717985,0.6333333333333333,0.6551724137931034,1.0,0.888888888888889,0.8908045977011494,1.0,0.8888888888888888,0.8888888888888888,180,20,3,0,2,3,0,2,18,30,11,1,10,0.8888888888888888,0.8888888888888888,33.23603639867571,33.23604404396481,33.23604404396481,50.0,0.0,0.0,0,0,0.0053702426966992,2487,286,0.8461538461538461,30,25;26;28;30;31;32;35;37;38;39;40,26;28;30;31;32;35;37;38;39;40,,25;26;28;30;31;32;35;37;38;39;40,11,10,0,11,0.8481012658227848,0.8947368421052632,1.0,79,76,25,25;35;37;38;39;40,26;28;30;31;32,,6,5,0,78,66,0,0,0,0.0,0.0,0.0,0.0,,0.8888888888888888
3,2,1,1724091,2024-08-01,marl_raw,45241.03472717985,0.8333333333333334,0.8275862068965517,1.0,0.9444444444444444,0.942528735632184,1.0,0.9444444444444444,0.9444444444444444,180,10,3,3,6,3,3,6,4,30,5,2,3,0.9444444444444444,0.9444444444444444,30.98944693406423,30.989450833532544,30.989450833532544,50.0,0.0,0.0,0,0,0.0053675536761753,2403,287,0.7866666666666666,30,28;31;38;39;40,28;31;38;39;40,,28;31;38;39;40,5,5,0,5,0.8987341772151899,0.9736842105263158,1.0,79,76,25,38;39;40,28;31,,3,2,0,75,59,0,0,0,0.0,0.0,0.0,0.0,,0.9444444444444444
3,2,2,1724092,2024-08-01,marl_raw,45241.03472717985,0.7,0.7241379310344828,1.0,0.9388888888888888,0.9482758620689656,1.0,0.9388888888888888,0.9388888888888888,180,11,0,0,1,0,0,1,10,30,9,1,8,0.9388888888888888,0.9388888888888888,35.9919627904892,35.99197115633223,35.99197115633223,50.0,0.0,0.0,0,0,0.005606325425712,2487,288,0.825,30,18;20;25;26;27;28;30;31;39,18;20;26;27;28;30;31;39,,18;20;25;26;27;28;30;31;39,9,8,0,9,0.9493670886075948,0.9078947368421052,1.0,79,76,25,18;25;39,20;26;27;28;30;31,,3,6,0,80,66,0,0,0,0.0,0.0,0.0,0.0,,0.9388888888888888
3,3,0,1725090,2024-08-01,marl_raw,45241.03472717985,0.9,0.9310344827586208,1.0,0.9277777777777778,0.9597701149425288,1.0,0.9277777777777778,0.9277777777777778,180,13,0,0,0,0,0,0,13,30,3,0,3,0.9277777777777778,0.9277777777777778,20.416845446162757,20.41685067150328,20.41685067150328,50.0,0.0,0.0,0,0,0.0057984273929226,2638,288,0.9770114942528736,30,18;25;26,18;26,,18;25;26,3,2,0,3,0.9230769230769232,0.9222222222222224,1.0,78,90,12,25,18;26,,1,2,0,87,85,0,0,0,0.0,0.0,0.0,0.0,,0.9277777777777778
3,3,1,1725091,2024-08-01,marl_raw,45241.03472717985,1.0,1.0,1.0,1.0,1.0,1.0,1.0,1.0,180,0,0,0,0,0,0,0,0,30,0,0,0,1.0,1.0,19.306530573632983,19.306539840168423,19.306539840168423,50.0,0.0,0.0,0,0,0.007086750723829,3331,288,1.0,30,,,,,0,0,0,0,1.0,1.0,1.0,78,90,12,,,,0,0,0,81,81,0,0,0,0.0,0.0,0.0,0.0,,1.0
3,3,2,1725092,2024-08-01,marl_raw,45241.03472717985,0.9666666666666668,0.9655172413793104,1.0,0.9944444444444446,0.9942528735632185,1.0,0.9944444444444444,0.9944444444444444,180,1,0,0,0,0,0,0,1,30,1,0,1,0.9944444444444444,0.9944444444444444,17.3298275841607,17.329826384120516,17.329826384120516,50.0,0.0,0.0,0,0,0.0050958022499495,2330,287,0.9746835443037974,30,26,26,,26,1,1,0,1,1.0,0.9888888888888888,1.0,78,90,12,,26,,0,1,0,79,77,0,0,0,0.0,0.0,0.0,0.0,,0.9944444444444444
3,4,0,1726090,2024-08-01,marl_raw,45241.03472717985,0.9666666666666668,1.0,1.0,0.9833333333333332,1.0,1.0,0.9833333333333332,0.9833333333333332,180,3,0,0,0,0,0,0,3,30,1,0,1,0.9833333333333332,0.9833333333333332,22.51030913525157,22.51030812859535,22.51030812859535,50.0,0.0,0.0,0,0,0.0053069631824958,2311,287,0.9759036144578314,30,25,,,25,1,0,0,1,0.9545454545454546,1.0,1.0,66,91,23,25,,,1,0,0,83,81,0,0,0,0.0,0.0,0.0,0.0,,0.9833333333333332
3,4,1,1726091,2024-08-01,marl_raw,45241.03472717985,0.8,0.8275862068965517,1.0,0.9166666666666666,0.9482758620689656,1.0,0.9166666666666666,0.9166666666666666,180,15,0,0,0,0,0,0,15,30,6,0,6,0.9166666666666666,0.9166666666666666,35.31947776410315,35.31948586768574,35.31948586768574,50.0,0.0,0.0,0,0,0.005362285120403,2404,288,0.9726027397260276,30,25;31;32;37;38;39,31;32;37;38;39,,25;31;32;37;38;39,6,5,0,6,0.9090909090909092,0.9010989010989012,1.0,66,91,23,25,31;32;37;38;39,,1,5,0,73,71,0,0,0,0.0,0.0,0.0,0.0,,0.9166666666666666
3,4,2,1726092,2024-08-01,marl_raw,45241.03472717985,0.9333333333333332,0.9310344827586208,1.0,0.9888888888888888,0.9885057471264368,1.0,0.9888888888888888,0.9888888888888888,180,2,0,0,0,0,0,0,2,30,2,0,2,0.9888888888888888,0.9888888888888888,23.350244791640176,23.35024294257164,23.35024294257164,50.0,0.0,0.0,0,0,0.007137553092131,3243,288,0.9518072289156626,30,37;38,37;38,,37;38,2,2,0,2,1.0,0.978021978021978,1.0,66,91,23,,37;38,,0,2,0,83,79,0,0,0,0.0,0.0,0.0,0.0,,0.9888888888888888
3,5,0,1727090,2024-08-01,marl_raw,45241.03472717985,0.9,0.896551724137931,1.0,0.9666666666666668,0.9655172413793104,1.0,0.9666666666666668,0.9666666666666668,180,6,0,0,0,0,0,0,6,30,3,0,3,0.9666666666666668,0.9666666666666668,20.834399945206112,20.834395804670123,20.834395804670123,50.0,0.0,0.0,0,0,0.0065340363471477,2929,288,0.8533333333333334,30,26;29;33,26;29;33,,26;29;33,3,3,0,3,0.9767441860465116,0.92,1.0,86,50,44,33,26;29,,1,2,0,75,64,0,0,0,0.0,0.0,0.0,0.0,,0.9666666666666668
3,5,1,1727091,2024-08-01,marl_raw,45241.03472717985,0.9,0.9310344827586208,1.0,0.9444444444444444,0.9712643678160918,1.0,0.9444444444444444,0.9444444444444444,180,10,0,0,0,0,0,0,10,30,3,0,3,0.9444444444444444,0.9444444444444444,26.675536212656237,26.67552749713262,26.67552749713262,50.0,0.0,0.0,0,0,0.0053573992214902,2344,287,0.855072463768116,30,25;29;33,29;33,,25;29;33,3,2,0,3,0.9186046511627908,0.94,1.0,86,50,44,25;33,29,,2,1,0,69,59,0,0,0,0.0,0.0,0.0,0.0,,0.9444444444444444
3,5,2,1727092,2024-08-01,marl_raw,45241.03472717985,0.9,0.896551724137931,1.0,0.9611111111111112,0.9597701149425288,1.0,0.9611111111111112,0.9611111111111112,180,7,0,0,0,0,0,0,7,30,3,0,3,0.9611111111111112,0.9611111111111112,28.40808755159378,28.40808993048138,28.40808993048138,50.0,0.0,0.0,0,0,0.0063054055899556,2875,288,0.8292682926829268,30,26;27;33,26;27;33,,26;27;33,3,3,0,3,0.9651162790697676,0.92,1.0,86,50,44,33,26;27,,1,2,0,82,68,0,0,0,0.0,0.0,0.0,0.0,,0.9611111111111112
3,6,0,1728090,2024-08-01,marl_raw,45241.03472717985,0.9333333333333332,0.9655172413793104,1.0,0.972222222222222,0.9942528735632185,1.0,0.9722222222222222,0.9722222222222222,180,5,0,0,0,0,0,0,5,30,2,0,2,0.9722222222222222,0.9722222222222222,20.84847674369812,20.848487912284003,20.848487912284003,50.0,0.0,0.0,0,0,0.0051161098914841,2326,288,0.8850574712643678,30,25;27,27,,25;27,2,1,0,2,0.95,0.9803921568627452,1.0,80,51,49,25,27,,1,1,0,87,77,0,0,0,0.0,0.0,0.0,0.0,,0.9722222222222222
3,6,1,1728091,2024-08-01,marl_raw,45241.03472717985,0.9333333333333332,0.9655172413793104,1.0,0.9888888888888888,0.9942528735632185,1.0,0.9888888888888888,0.9888888888888888,180,2,0,0,0,0,0,0,2,30,2,0,2,0.9888888888888888,0.9888888888888888,18.40840377277798,18.40840236875746,18.40840236875746,50.0,0.0,0.0,0,0,0.0049146666442538,2118,285,0.8955223880597015,30,25;27,27,,25;27,2,1,0,2,0.9875,0.9803921568627452,1.0,80,51,49,25,27,,1,1,0,67,60,0,0,0,0.0,0.0,0.0,0.0,,0.9888888888888888
3,6,2,1728092,2024-08-01,marl_raw,45241.03472717985,0.9333333333333332,0.9655172413793104,1.0,0.9555555555555556,0.9885057471264368,1.0,0.9555555555555556,0.9555555555555556,180,8,0,0,0,0,0,0,8,30,2,0,2,0.9555555555555556,0.9555555555555556,17.609795512093438,17.60980247921414,17.60980247921414,50.0,0.0,0.0,0,0,0.0056371954099934,2521,287,0.935897435897436,30,25;27,27,,25;27,2,1,0,2,0.925,0.9607843137254902,1.0,80,51,49,25,27,,1,1,0,78,73,0,0,0,0.0,0.0,0.0,0.0,,0.9555555555555556
3,7,0,1729090,2024-08-01,marl_raw,45241.03472717985,0.8666666666666667,0.896551724137931,1.0,0.9444444444444444,0.9540229885057472,1.0,0.9444444444444444,0.9444444444444444,180,10,3,3,3,3,3,3,7,30,4,1,3,0.9444444444444444,0.9444444444444444,31.21705698437161,31.21705233785841,31.21705233785841,50.0,0.0,0.0,0,0,0.0050724130232993,2273,288,0.7875,30,23;25;26;34,23;26;34,,23;25;26;34,4,3,0,4,0.927710843373494,0.9090909090909092,1.0,83,44,53,25;34,23;26,,2,2,0,80,63,0,0,0,0.0,0.0,0.0,0.0,,0.9444444444444444
3,7,1,1729091,2024-08-01,marl_raw,45241.03472717985,0.8,0.8275862068965517,1.0,0.9277777777777778,0.9310344827586208,1.0,0.9277777777777778,0.9277777777777778,180,13,3,3,3,3,3,3,10,30,6,1,5,0.9277777777777778,0.9277777777777778,50.35500089327494,50.35499251286189,50.35499251286189,50.0,0.0,0.0,0,0,0.0051821005314802,2292,287,0.8809523809523809,30,23;25;26;33;34;37,23;26;33;34;37,,23;25;26;33;34;37,6,5,0,6,0.891566265060241,0.9090909090909092,1.0,83,44,53,25;33;34;37,23;26,,4,2,0,84,74,0,0,0,0.0,0.0,0.0,0.0,,0.9277777777777778
3,7,2,1729092,2024-08-01,marl_raw,45241.03472717985,0.8666666666666667,0.896551724137931,1.0,0.9611111111111112,0.9655172413793104,1.0,0.9611111111111112,0.9611111111111112,180,7,0,0,0,0,0,0,7,30,4,0,4,0.9611111111111112,0.9611111111111112,27.888904835118183,27.88890282313029,27.88890282313029,50.0,0.0,0.0,0,0,0.0060379612380832,2776,288,0.8470588235294118,30,23;25;26;34,23;26;34,,23;25;26;34,4,3,0,4,0.9518072289156626,0.9318181818181818,1.0,83,44,53,25;34,23;26,,2,2,0,85,72,0,0,0,0.0,0.0,0.0,0.0,,0.9611111111111112
3,8,0,1730090,2024-08-01,marl_raw,45241.03472717985,0.9333333333333332,0.9655172413793104,1.0,0.9888888888888888,0.9942528735632185,1.0,0.9888888888888888,0.9888888888888888,180,2,0,0,0,0,0,0,2,30,2,0,2,0.9888888888888888,0.9888888888888888,23.077245262430772,23.077243839866583,23.077243839866583,50.0,0.0,0.0,0,0,0.0064393161786332,2923,288,0.872093023255814,30,18;25,18,,18;25,2,1,0,2,0.9904761904761904,0.979591836734694,1.0,105,49,26,25,18,,1,1,0,86,75,0,0,0,0.0,0.0,0.0,0.0,,0.9888888888888888
3,8,1,1730091,2024-08-01,marl_raw,45241.03472717985,0.8666666666666667,0.896551724137931,1.0,0.9166666666666666,0.9482758620689656,1.0,0.9166666666666666,0.9166666666666666,180,15,0,0,0,0,0,0,15,30,4,0,4,0.9166666666666666,0.9166666666666666,34.280688392288155,34.280687775048946,34.280687775048946,50.0,0.0,0.0,0,0,0.0051776351792796,2398,287,0.971830985915493,30,25;27;39;40,27;39;40,,25;27;39;40,4,3,0,4,0.9428571428571428,0.8163265306122449,1.0,105,49,26,25,27;39;40,,1,3,0,71,69,0,0,0,0.0,0.0,0.0,0.0,,0.9166666666666666
3,8,2,1730092,2024-08-01,marl_raw,45241.03472717985,0.9,0.896551724137931,1.0,0.9722222222222222,0.971264367816092,1.0,0.9722222222222222,0.9722222222222222,180,5,0,0,0,0,0,0,5,30,3,0,3,0.9722222222222222,0.9722222222222222,27.689706058469085,27.68970667835739,27.68970667835739,50.0,0.0,0.0,0,0,0.0051946052578083,2231,286,0.92,30,18;27;36,18;27;36,,18;27;36,3,3,0,3,0.9714285714285714,0.9591836734693876,1.0,105,49,26,36,18;27,,1,2,0,75,69,0,0,0,0.0,0.0,0.0,0.0,,0.9722222222222222
3,9,0,1731090,2024-08-01,marl_raw,45241.03472717985,0.8333333333333334,0.8620689655172413,1.0,0.9055555555555556,0.9367816091954022,1.0,0.9055555555555556,0.9055555555555556,180,17,0,0,0,0,0,0,17,30,5,0,5,0.9055555555555556,0.9055555555555556,37.535845224062605,37.53585005601247,37.53585005601247,50.0,0.0,0.0,0,0,0.005614154797513,2630,288,0.8615384615384616,30,18;25;26;27;28,18;26;27;28,,18;25;26;27;28,5,4,0,5,0.90625,0.8805970149253731,1.0,96,67,17,25;26,18;26;27;28,,2,4,0,65,56,0,0,0,0.0,0.0,0.0,0.0,,0.9055555555555556
3,9,1,1731091,2024-08-01,marl_raw,45241.03472717985,0.9333333333333332,0.9655172413793104,1.0,0.9833333333333332,0.9885057471264368,1.0,0.9833333333333332,0.9833333333333332,180,3,0,0,0,0,0,0,3,30,2,0,2,0.9833333333333332,0.9833333333333332,21.64431411690182,21.644302773475648,21.644302773475648,50.0,0.0,0.0,0,0,0.0058760940143353,2626,288,0.9523809523809522,30,25;26,26,,25;26,2,1,0,2,0.9895833333333334,0.9701492537313432,1.0,96,67,17,25,26,,1,1,0,84,80,0,0,0,0.0,0.0,0.0,0.0,,0.9833333333333332
3,9,2,1731092,2024-08-01,marl_raw,45241.03472717985,0.9,0.9310344827586208,1.0,0.9666666666666666,0.9885057471264368,1.0,0.9666666666666668,0.9666666666666668,180,6,0,0,0,0,0,0,6,30,3,0,3,0.9666666666666668,0.9666666666666668,26.00722536510892,26.007232356071476,26.007232356071476,50.0,0.0,0.0,0,0,0.0064521290975487,3049,288,0.8571428571428571,30,25;26;45,26;45,,25;26;45,3,2,0,3,0.9583333333333334,0.9701492537313432,1.0,96,67,17,25,26;45,,1,2,0,84,72,0,0,0,0.0,0.0,0.0,0.0,,0.9666666666666668
3,10,0,1732090,2024-08-01,marl_raw,45241.03472717985,0.9333333333333332,0.9310344827586208,1.0,0.9666666666666668,0.9655172413793104,1.0,0.9666666666666668,0.9666666666666668,180,6,4,1,3,4,1,3,3,30,2,1,1,0.9666666666666668,0.9666666666666668,25.51278855535719,25.512790992524888,25.512790992524888,50.0,0.0,0.0,0,0,0.0056511953880544,2593,287,0.9,30,18;36,18;36,,18;36,2,2,0,2,0.9438202247191012,0.9814814814814816,1.0,89,54,37,36,18,,1,1,0,80,72,0,0,0,0.0,0.0,0.0,0.0,,0.9666666666666668
3,10,1,1732091,2024-08-01,marl_raw,45241.03472717985,0.9333333333333332,0.9310344827586208,1.0,0.9666666666666668,0.9655172413793104,1.0,0.9666666666666668,0.9666666666666668,180,6,2,0,1,2,0,1,5,30,2,1,1,0.9666666666666668,0.9666666666666668,21.91355517440372,21.913547831111483,21.913547831111483,50.0,0.0,0.0,0,0,0.0053806392303764,2372,287,0.8421052631578947,30,32;36,32;36,,32;36,2,2,0,2,0.9325842696629212,1.0,1.0,89,54,37,32;36,,,2,0,0,76,64,0,0,0,0.0,0.0,0.0,0.0,,0.9666666666666668
3,10,2,1732092,2024-08-01,marl_raw,45241.03472717985,0.7333333333333333,0.7586206896551724,1.0,0.9,0.9310344827586208,1.0,0.9,0.9,180,18,1,0,0,1,0,0,18,30,8,0,8,0.9,0.9,35.47085611555311,35.47086683379279,35.47086683379279,50.0,0.0,0.0,0,0,0.0055214823308536,2458,288,0.8732394366197183,30,18;23;25;26;27;29;32;36,18;23;26;27;29;32;36,,18;23;25;26;27;29;32;36,8,7,0,8,0.8539325842696629,0.9074074074074074,1.0,89,54,37,23;25;32;36,18;26;27;29,,4,4,0,71,62,0,0,0,0.0,0.0,0.0,0.0,,0.9
3,11,0,1733090,2024-08-01,marl_raw,45241.03472717985,0.8,0.7931034482758621,1.0,0.9444444444444444,0.942528735632184,1.0,0.9444444444444444,0.9444444444444444,180,10,3,1,1,3,1,1,9,30,6,1,5,0.9444444444444444,0.9444444444444444,26.97616498735216,26.97616351445516,26.97616351445516,50.0,0.0,0.0,0,0,0.0060259555102675,2747,288,0.9761904761904762,30,29;33;34;37;38;39,29;33;34;37;38;39,,29;33;34;37;38;39,6,6,0,6,0.9506172839506172,0.8909090909090909,1.0,81,55,44,33;38;39,29;34;37,,3,3,0,84,82,0,0,0,0.0,0.0,0.0,0.0,,0.9444444444444444
3,11,1,1733091,2024-08-01,marl_raw,45241.03472717985,0.6666666666666666,0.6551724137931034,1.0,0.9111111111111112,0.9080459770114944,1.0,0.9111111111111112,0.9111111111111112,180,16,6,5,5,6,5,5,11,30,10,3,7,0.9111111111111112,0.9111111111111112,41.21775884098477,41.21775658395556,41.21775658395556,50.0,0.0,0.0,0,0,0.0051068974159231,2340,288,0.9629629629629628,30,23;26;29;31;32;33;34;37;38;39,23;26;29;31;32;33;34;37;38;39,,23;26;29;31;32;33;34;37;38;39,10,10,0,10,0.9382716049382716,0.8,1.0,81,55,44,23;33;38;39,26;29;31;32;34;37,,4,6,0,81,78,0,0,0,0.0,0.0,0.0,0.0,,0.9111111111111112
3,11,2,1733092,2024-08-01,marl_raw,45241.03472717985,0.8333333333333334,0.8620689655172413,1.0,0.9388888888888888,0.942528735632184,1.0,0.9388888888888888,0.9388888888888888,180,11,1,1,1,1,1,1,10,30,5,1,4,0.9388888888888888,0.9388888888888888,32.356487136416966,32.35648503833347,32.35648503833347,50.0,0.0,0.0,0,0,0.0051230218790199,2227,288,0.8333333333333335,30,25;26;31;34;37,26;31;34;37,,25;26;31;34;37,5,4,0,5,0.9876543209876544,0.8181818181818182,1.0,81,55,44,25,26;31;34;37,,1,4,0,90,75,0,0,0,0.0,0.0,0.0,0.0,,0.9388888888888888
3,12,0,1734090,2024-08-01,marl_raw,45241.03472717985,0.8666666666666667,0.896551724137931,1.0,0.9722222222222222,0.9770114942528736,1.0,0.9722222222222222,0.9722222222222222,180,5,0,0,0,0,0,0,5,30,4,0,4,0.9722222222222222,0.9722222222222222,21.412011988957723,21.412003474765356,21.412003474765356,50.0,0.0,0.0,0,0,0.0057068656412108,2549,287,0.9473684210526316,30,24;25;28;46,24;28;46,,24;25;28;46,4,3,0,4,0.9759036144578314,0.9444444444444444,1.0,83,54,43,24;25,28;46,,2,2,0,76,72,0,0,0,0.0,0.0,0.0,0.0,,0.9722222222222222
3,12,1,1734091,2024-08-01,marl_raw,45241.03472717985,0.9,0.896551724137931,1.0,0.9444444444444444,0.942528735632184,1.0,0.9444444444444444,0.9444444444444444,180,10,0,0,0,0,0,0,10,30,3,0,3,0.9444444444444444,0.9444444444444444,23.32976598209805,23.329772202173867,23.329772202173867,50.0,0.0,0.0,0,0,0.0063808089750333,2794,288,0.8977272727272727,30,45;46;47,45;46;47,,45;46;47,3,3,0,3,0.9397590361445785,0.9074074074074074,1.0,83,54,43,45;47,46,,2,1,0,88,79,0,0,0,0.0,0.0,0.0,0.0,,0.9444444444444444
3,12,2,1734092,2024-08-01,marl_raw,45241.03472717985,0.8666666666666667,0.8620689655172413,1.0,0.9388888888888888,0.9367816091954022,1.0,0.9388888888888888,0.9388888888888888,180,11,4,1,2,4,1,2,9,30,4,1,3,0.9388888888888888,0.9388888888888888,25.518476107385425,25.51848150624169,25.51848150624169,50.0,0.0,0.0,0,0,0.0047696785413791,2034,287,0.875,30,20;45;46;47,20;45;46;47,,20;45;46;47,4,4,0,4,0.9397590361445785,0.8888888888888888,1.0,83,54,43,45;47,20;46,,2,2,0,80,70,0,0,0,0.0,0.0,0.0,0.0,,0.9388888888888888
3,13,0,1735090,2024-08-01,marl_raw,45241.03472717985,0.9333333333333332,0.9655172413793104,1.0,0.9611111111111112,0.9942528735632185,1.0,0.9611111111111112,0.9611111111111112,180,7,0,0,0,0,0,0,7,30,2,0,2,0.9611111111111112,0.9611111111111112,24.62288026279873,24.622883598009743,24.622883598009743,50.0,0.0,0.0,0,0,0.0047588616774495,2168,278,0.9452054794520548,30,25;31,31,,25;31,2,1,0,2,0.9210526315789472,0.9833333333333332,1.0,76,60,44,25,31,,1,1,0,73,69,0,0,0,0.0,0.0,0.0,0.0,,0.9611111111111112
3,13,1,1735091,2024-08-01,marl_raw,45241.03472717985,0.9666666666666668,1.0,1.0,0.9777777777777776,1.0,1.0,0.9777777777777776,0.9777777777777776,180,4,0,0,0,0,0,0,4,30,1,0,1,0.9777777777777776,0.9777777777777776,23.03352948029836,23.03351959387461,23.03351959387461,50.0,0.0,0.0,0,0,0.0056789419395499,2590,288,0.9189189189189192,30,25,,,25,1,0,0,1,0.9473684210526316,1.0,1.0,76,60,44,25,,,1,0,0,74,68,0,0,0,0.0,0.0,0.0,0.0,,0.9777777777777776
3,13,2,1735092,2024-08-01,marl_raw,45241.03472717985,1.0,1.0,1.0,1.0,1.0,1.0,1.0,1.0,180,0,0,0,0,0,0,0,0,30,0,0,0,1.0,1.0,14.340583692656622,14.340580296516418,14.340580296516418,50.0,0.0,0.0,0,0,0.0053066558102727,2374,284,0.9397590361445785,30,,,,,0,0,0,0,1.0,1.0,1.0,76,60,44,,,,0,0,0,83,78,0,0,0,0.0,0.0,0.0,0.0,,1.0
3,14,0,1736090,2024-08-01,marl_raw,45241.03472717985,0.4,0.4137931034482758,1.0,0.6833333333333333,0.67816091954023,1.0,0.6833333333333333,0.6833333333333333,180,57,15,10,12,15,10,12,45,30,18,4,14,0.6833333333333333,0.6833333333333333,69.9472456322776,69.9472469303343,69.9472469303343,50.0,0.0,0.0,0,0,0.0057181081889818,2579,288,0.8857142857142857,30,22;23;24;25;27;28;30;31;36;37;38;39;40;41;42;43;46;47,22;23;24;27;28;30;31;36;37;38;39;40;41;42;43;46;47,,22;23;24;25;27;28;30;31;36;37;38;39;40;41;42;43;46;47,18,17,0,18,0.6097560975609756,0.5901639344262295,1.0,82,61,37,22;23;24;25;36;38;39;40;41;43;47,27;28;30;31;37;42;46,,11,7,0,70,62,0,0,0,0.0,0.0,0.0,0.0,,0.6833333333333333
3,14,1,1736091,2024-08-01,marl_raw,45241.03472717985,0.3666666666666666,0.3793103448275862,1.0,0.75,0.7471264367816091,1.0,0.75,0.75,180,45,6,4,7,6,4,7,38,30,19,2,17,0.75,0.75,55.91641879876455,55.91642524666256,55.91642524666256,50.0,0.0,0.0,0,0,0.0062451462969571,2815,288,0.8289473684210527,30,19;20;21;22;23;24;25;27;28;36;37;38;39;40;42;43;45;46;47,19;20;21;22;23;24;27;28;36;37;38;39;40;42;43;45;46;47,,19;20;21;22;23;24;25;27;28;36;37;38;39;40;42;43;45;46;47,19,18,0,19,0.7317073170731707,0.6229508196721312,1.0,82,61,37,22;23;24;25;36;38;39;40;43;45;47,19;20;21;27;28;37;42;46,,11,8,0,76,63,0,0,0,0.0,0.0,0.0,0.0,,0.75
3,14,2,1736092,2024-08-01,marl_raw,45241.03472717985,0.3333333333333333,0.3448275862068966,1.0,0.6444444444444444,0.6379310344827587,1.0,0.6444444444444445,0.6444444444444445,180,64,26,21,28,26,21,28,36,30,20,10,10,0.6444444444444445,0.6444444444444445,90.19060051971012,90.19061254660288,90.19061254660288,50.0,0.0,0.0,0,0,0.0060174617938173,2757,288,0.7804878048780488,30,19;22;23;24;25;27;28;30;31;36;37;38;39;40;41;42;43;45;46;47,19;22;23;24;27;28;30;31;36;37;38;39;40;41;42;43;45;46;47,,19;22;23;24;25;27;28;30;31;36;37;38;39;40;41;42;43;45;46;47,20,19,0,20,0.6097560975609756,0.4754098360655737,1.0,82,61,37,22;23;24;25;36;38;39;40;41;43;45;47,19;27;28;30;31;37;42;46,,12,8,0,82,64,0,0,0,0.0,0.0,0.0,0.0,,0.6444444444444445
3,15,0,1737090,2024-08-01,marl_raw,45241.03472717985,0.7333333333333333,0.7586206896551724,1.0,0.8666666666666666,0.8965517241379309,1.0,0.8666666666666667,0.8666666666666667,180,24,3,1,1,3,1,1,23,30,8,1,7,0.8666666666666667,0.8666666666666667,35.62404305669997,35.62405117617713,35.62405117617713,50.0,0.0,0.0,0,0,0.0049310670074191,2251,288,0.881578947368421,30,25;31;34;35;36;37;39;46,31;34;35;36;37;39;46,,25;31;34;35;36;37;39;46,8,7,0,8,0.8157894736842105,0.8113207547169812,1.0,76,53,51,25;34;36;37;39,31;35;46,,5,3,0,76,67,0,0,0,0.0,0.0,0.0,0.0,,0.8666666666666667
3,15,1,1737091,2024-08-01,marl_raw,45241.03472717985,0.8333333333333334,0.8620689655172413,1.0,0.9333333333333332,0.9655172413793104,1.0,0.9333333333333332,0.9333333333333332,180,12,1,0,2,1,0,2,10,30,5,1,4,0.9333333333333332,0.9333333333333332,33.70075214968787,33.70076099766625,33.70076099766625,50.0,0.0,0.0,0,0,0.0056821461888224,2607,286,0.7866666666666666,30,25;26;35;37;39,26;35;37;39,,25;26;35;37;39,5,4,0,5,0.881578947368421,0.9433962264150944,1.0,76,53,51,25;37;39,26;35,,3,2,0,75,59,0,0,0,0.0,0.0,0.0,0.0,,0.9333333333333332
3,15,2,1737092,2024-08-01,marl_raw,45241.03472717985,0.8,0.8275862068965517,1.0,0.9333333333333332,0.9482758620689654,1.0,0.9333333333333332,0.9333333333333332,180,12,3,0,1,3,0,1,11,30,6,1,5,0.9333333333333332,0.9333333333333332,35.26343955198924,35.26344930595822,35.26344930595822,50.0,0.0,0.0,0,0,0.0059134218942441,2758,287,0.8953488372093024,30,25;26;35;36;37;46,26;35;36;37;46,,25;26;35;36;37;46,6,5,0,6,0.9078947368421052,0.9056603773584906,1.0,76,53,51,25;36;37,26;35;46,,3,3,0,86,77,0,0,0,0.0,0.0,0.0,0.0,,0.9333333333333332
3,16,0,1738090,2024-08-01,marl_raw,45241.03472717985,0.3666666666666666,0.3793103448275862,1.0,0.7166666666666666,0.7413793103448275,1.0,0.7166666666666667,0.7166666666666667,180,51,30,22,32,30,22,32,19,30,19,12,7,0.7166666666666667,0.7166666666666667,87.82439626057943,87.82439131206937,87.82439131206937,50.0,0.0,0.0,0,0,0.0044577128768044,1977,287,0.5223880597014925,30,25;27;28;29;30;31;32;33;34;35;36;37;38;39;40;41;42;43;44,27;28;29;30;31;32;33;34;35;36;37;38;39;40;41;42;43;44,,25;27;28;29;30;31;32;33;34;35;36;37;38;39;40;41;42;43;44,19,18,0,19,0.5581395348837209,0.7592592592592593,1.0,86,54,40,25;28;29;30;31;33;34;37;38;39;40;42;43;44,27;32;35;36;41,,14,5,0,67,35,0,0,0,0.0,0.0,0.0,0.0,,0.7166666666666667
3,16,1,1738091,2024-08-01,marl_raw,45241.03472717985,0.4666666666666667,0.4482758620689655,1.0,0.7777777777777776,0.7701149425287356,1.0,0.7777777777777778,0.7777777777777778,180,40,8,5,13,8,5,12,28,30,16,8,8,0.7777777777777778,0.7777777777777778,64.87238524754842,64.87238983313243,64.87238983313243,50.0,0.0,0.0,0,0,0.005001955531649,2275,286,0.5679012345679012,30,23;27;29;30;31;33;34;35;36;37;38;39;40;41;42;43,23;27;29;30;31;33;34;35;36;37;38;39;40;41;42;43,,23;27;29;30;31;33;34;35;36;37;38;39;40;41;42;43,16,16,0,16,0.6627906976744186,0.7962962962962963,1.0,86,54,40,29;30;31;33;34;37;38;39;40;42;43,23;27;35;36;41,,11,5,0,81,46,0,0,0,0.0,0.0,0.0,0.0,,0.7777777777777778
3,16,2,1738092,2024-08-01,marl_raw,45241.03472717985,0.4666666666666667,0.4482758620689655,1.0,0.8166666666666668,0.8103448275862069,1.0,0.8166666666666667,0.8166666666666667,180,33,19,12,23,19,12,21,12,30,16,11,5,0.8166666666666667,0.8166666666666667,64.57661798795064,64.57661720381843,64.57661720381843,50.0,0.0,0.0,0,0,0.0048378681846467,2056,287,0.4942528735632183,30,23;27;30;31;32;33;34;35;36;37;38;39;40;41;42;43,23;27;30;31;32;33;34;35;36;37;38;39;40;41;42;43,,23;27;30;31;32;33;34;35;36;37;38;39;40;41;42;43,16,16,0,16,0.7558139534883721,0.7777777777777778,1.0,86,54,40,30;31;33;34;37;38;39;40;42;43,23;27;32;35;36;41;43,,10,7,0,87,43,0,0,0,0.0,0.0,0.0,0.0,,0.8166666666666667
3,17,0,1739090,2024-08-01,marl_raw,45241.03472717985,0.8666666666666667,0.896551724137931,1.0,0.9277777777777776,0.942528735632184,1.0,0.9277777777777778,0.9277777777777778,180,13,0,0,0,0,0,0,13,30,4,0,4,0.9277777777777778,0.9277777777777778,21.79596316681968,21.795965160263908,21.795965160263908,50.0,0.0,0.0,0,0,0.006027721860543,2821,277,1.0,30,18;23;24;25,18;23;24,,18;23;24;25,4,3,0,4,0.9491525423728814,0.8809523809523809,1.0,59,84,37,25,18;23;24,,1,3,0,70,70,0,0,0,0.0,0.0,0.0,0.0,,0.9277777777777778
3,17,1,1739091,2024-08-01,marl_raw,45241.03472717985,0.8666666666666667,0.896551724137931,1.0,0.9333333333333332,0.9540229885057472,1.0,0.9333333333333332,0.9333333333333332,180,12,0,0,0,0,0,0,12,30,4,0,4,0.9333333333333332,0.9333333333333332,31.556233546468945,31.5562237713072,31.5562237713072,50.0,0.0,0.0,0,0,0.0061234496752149,2806,286,0.986842105263158,30,23;24;25;26,23;24;26,,23;24;25;26,4,3,0,4,0.9322033898305084,0.9047619047619048,1.0,59,84,37,25,23;24;26,,1,3,0,76,75,0,0,0,0.0,0.0,0.0,0.0,,0.9333333333333332
3,17,2,1739092,2024-08-01,marl_raw,45241.03472717985,0.9333333333333332,0.9655172413793104,1.0,0.977777777777778,0.9827586206896552,1.0,0.9777777777777776,0.9777777777777776,180,4,0,0,0,0,0,0,4,30,2,0,2,0.9777777777777776,0.9777777777777776,28.043270177311367,28.04328530894385,28.04328530894385,50.0,0.0,0.0,0,0,0.0065590534092431,2979,271,0.9594594594594592,30,24;25,24,,24;25,2,1,0,2,0.9830508474576272,0.9642857142857144,1.0,59,84,37,25,24,,1,1,0,74,71,0,0,0,0.0,0.0,0.0,0.0,,0.9777777777777776
3,18,0,1740090,2024-08-01,marl_raw,45241.03472717985,0.7333333333333333,0.7586206896551724,1.0,0.9166666666666666,0.9195402298850572,1.0,0.9166666666666666,0.9166666666666666,180,15,2,2,2,2,2,2,13,30,8,2,6,0.9166666666666666,0.9166666666666666,36.65525756147173,36.65525845421685,36.65525845421685,50.0,0.0,0.0,0,0,0.0060834206766836,2770,288,0.9066666666666664,30,25;31;32;35;36;37;38;40,31;32;35;36;37;38;40,,25;31;32;35;36;37;38;40,8,7,0,8,0.9253731343283582,0.8245614035087719,1.0,67,57,56,25;35;40,31;32;36;37;38,,3,5,0,75,68,0,0,0,0.0,0.0,0.0,0.0,,0.9166666666666666
3,18,1,1740091,2024-08-01,marl_raw,45241.03472717985,0.7333333333333333,0.7586206896551724,1.0,0.8833333333333333,0.913793103448276,1.0,0.8833333333333333,0.8833333333333333,180,21,5,4,4,5,4,4,17,30,8,4,4,0.8833333333333333,0.8833333333333333,34.92198104858399,34.92197799152798,34.92197799152798,50.0,0.0,0.0,0,0,0.0053506344071744,2484,277,0.9390243902439024,30,25;31;35;36;37;38;39;40,31;35;36;37;38;39;40,,25;31;35;36;37;38;39;40,8,7,0,8,0.835820895522388,0.8245614035087719,1.0,67,57,56,25;35;40,31;36;37;38;39,,3,5,0,82,77,0,0,0,0.0,0.0,0.0,0.0,,0.8833333333333333
3,18,2,1740092,2024-08-01,marl_raw,45241.03472717985,0.7666666666666667,0.7931034482758621,1.0,0.9333333333333332,0.942528735632184,1.0,0.9333333333333332,0.9333333333333332,180,12,4,3,3,4,3,3,9,30,7,3,4,0.9333333333333332,0.9333333333333332,35.00987074640062,35.009867593977184,35.009867593977184,50.0,0.0,0.0,0,0,0.0058140008889798,2576,288,0.9431818181818182,30,25;35;36;37;38;40;42,35;36;37;38;40;42,,25;35;36;37;38;40;42,7,6,0,7,0.8955223880597015,0.912280701754386,1.0,67,57,56,25;35;40,36;37;38;42,,3,4,0,88,83,0,0,0,0.0,0.0,0.0,0.0,,0.9333333333333332
3,19,0,1741090,2024-08-01,marl_raw,45241.03472717985,0.6333333333333333,0.6551724137931034,1.0,0.8222222222222222,0.8505747126436782,1.0,0.8222222222222222,0.8222222222222222,180,32,11,6,12,11,6,12,20,30,11,7,4,0.8222222222222222,0.8222222222222222,51.458816207779776,51.45881669521332,51.45881669521332,50.0,0.0,0.0,0,0,0.0046283841281062,2040,288,0.6666666666666665,30,18;21;22;25;29;34;35;36;37;38;39,18;21;22;29;34;35;36;37;38;39,,18;21;22;25;29;34;35;36;37;38;39,11,10,0,11,0.7272727272727273,0.8936170212765957,1.0,99,47,34,22;25;29;34;35;36;38;39,18;21;37,,8,3,0,84,56,0,0,0,0.0,0.0,0.0,0.0,,0.8222222222222222
3,19,1,1741091,2024-08-01,marl_raw,45241.03472717985,0.7666666666666667,0.7586206896551724,1.0,0.9111111111111112,0.9080459770114944,1.0,0.9111111111111112,0.9111111111111112,180,16,6,2,6,6,2,6,10,30,7,3,4,0.9111111111111112,0.9111111111111112,42.84012783103519,42.84012866285112,42.84012866285112,50.0,0.0,0.0,0,0,0.0054524434041619,2433,288,0.65,30,22;29;34;35;36;38;39,22;29;34;35;36;38;39,,22;29;34;35;36;38;39,7,7,0,7,0.8383838383838383,1.0,1.0,99,47,34,22;29;34;35;36;38;39,,,7,0,0,80,52,0,0,0,0.0,0.0,0.0,0.0,,0.9111111111111112
3,19,2,1741092,2024-08-01,marl_raw,45241.03472717985,0.6333333333333333,0.6551724137931034,1.0,0.8111111111111111,0.8103448275862069,1.0,0.8111111111111111,0.8111111111111111,180,34,14,10,14,14,10,14,20,30,11,7,4,0.8111111111111111,0.8111111111111111,56.11784543726179,56.11785602304671,56.11785602304671,50.0,0.0,0.0,0,0,0.0047530987358186,2139,288,0.7093023255813954,30,18;22;24;25;29;34;35;36;37;38;39,18;22;24;29;34;35;36;37;38;39,,18;22;24;25;29;34;35;36;37;38;39,11,10,0,11,0.7474747474747475,0.8085106382978723,1.0,99,47,34,22;24;25;29;34;35;36;38;39,18;37,,9,2,0,86,61,0,0,0,0.0,0.0,0.0,0.0,,0.8111111111111111
3,20,0,1742090,2024-08-01,marl_raw,45241.03472717985,0.8,0.7931034482758621,1.0,0.9222222222222224,0.9195402298850576,1.0,0.9222222222222224,0.9222222222222224,180,14,3,3,3,3,3,3,11,30,6,1,5,0.9222222222222224,0.9222222222222224,35.625535484155016,35.62553698354297,35.62553698354297,50.0,0.0,0.0,0,0,0.0052712564902321,2274,288,0.9113924050632912,30,21;22;26;33;34;37,21;22;26;33;34;37,,21;22;26;33;34;37,6,6,0,6,0.873015873015873,0.9240506329113924,1.0,63,79,38,21;22;33;37,26;34,,4,2,0,79,72,0,0,0,0.0,0.0,0.0,0.0,,0.9222222222222224
3,20,1,1742091,2024-08-01,marl_raw,45241.03472717985,0.8333333333333334,0.8275862068965517,1.0,0.9166666666666666,0.913793103448276,1.0,0.9166666666666666,0.9166666666666666,180,15,3,3,3,3,3,3,12,30,5,1,4,0.9166666666666666,0.9166666666666666,32.20114658541149,32.201142712434134,32.201142712434134,50.0,0.0,0.0,0,0,0.0057991950161522,2538,288,0.952941176470588,30,26;31;33;34;37,26;31;33;34;37,,26;31;33;34;37,5,5,0,5,0.9365079365079364,0.8607594936708861,1.0,63,79,38,33;37,26;31;34,,2,3,0,85,81,0,0,0,0.0,0.0,0.0,0.0,,0.9166666666666666
3,20,2,1742092,2024-08-01,marl_raw,45241.03472717985,0.8666666666666667,0.8620689655172413,1.0,0.9388888888888888,0.9367816091954022,1.0,0.9388888888888888,0.9388888888888888,180,11,3,2,3,3,2,3,8,30,4,2,2,0.9388888888888888,0.9388888888888888,26.212002382013534,26.21200717157788,26.21200717157788,50.0,0.0,0.0,0,0,0.0048876554477222,2179,255,0.8255813953488372,30,21;26;34;37,21;26;34;37,,21;26;34;37,4,4,0,4,0.9206349206349206,0.9240506329113924,1.0,63,79,38,21;37,26;34,,2,2,0,86,71,0,0,0,0.0,0.0,0.0,0.0,,0.9388888888888888
3,21,0,1743090,2024-08-01,marl_raw,45241.03472717985,0.9666666666666668,1.0,1.0,0.9888888888888888,1.0,1.0,0.9888888888888888,0.9888888888888888,180,2,0,0,0,0,0,0,2,30,1,0,1,0.9888888888888888,0.9888888888888888,20.306270598040687,20.306268731753036,20.306268731753036,50.0,0.0,0.0,0,0,0.005684330681106,2648,288,0.9315068493150684,30,25,,,25,1,0,0,1,0.9767441860465116,1.0,1.0,86,47,47,25,,,1,0,0,73,68,0,0,0,0.0,0.0,0.0,0.0,,0.9888888888888888
3,21,1,1743091,2024-08-01,marl_raw,45241.03472717985,1.0,1.0,1.0,1.0,1.0,1.0,1.0,1.0,180,0,0,0,0,0,0,0,0,30,0,0,0,1.0,1.0,23.331249957614475,23.331239970525107,23.331239970525107,50.0,0.0,0.0,0,0,0.0055102780564387,2413,288,0.8795180722891566,30,,,,,0,0,0,0,1.0,1.0,1.0,86,47,47,,,,0,0,0,83,73,0,0,0,0.0,0.0,0.0,0.0,,1.0
3,21,2,1743092,2024-08-01,marl_raw,45241.03472717985,1.0,1.0,1.0,1.0,1.0,1.0,1.0,1.0,180,0,0,0,0,0,0,0,0,30,0,0,0,1.0,1.0,19.23947205543518,19.23947262763977,19.23947262763977,50.0,0.0,0.0,0,0,0.006499098133645,2956,287,0.9090909090909092,30,,,,,0,0,0,0,1.0,1.0,1.0,86,47,47,,,,0,0,0,77,70,0,0,0,0.0,0.0,0.0,0.0,,1.0
3,22,0,1744090,2024-08-01,marl_raw,45241.03472717985,0.8666666666666667,0.896551724137931,1.0,0.95,0.9597701149425288,1.0,0.95,0.95,180,9,2,1,1,2,1,1,8,30,4,1,3,0.95,0.95,28.49914302031199,28.49914056195153,28.49914056195153,50.0,0.0,0.0,0,0,0.0065177227904011,3014,284,0.913978494623656,30,18;21;25;36,18;21;36,,18;21;25;36,4,3,0,4,0.9577464788732394,0.9047619047619048,1.0,71,63,46,25;36,18;21,,2,2,0,93,85,0,0,0,0.0,0.0,0.0,0.0,,0.95
3,22,1,1744091,2024-08-01,marl_raw,45241.03472717985,0.8333333333333334,0.8620689655172413,1.0,0.9,0.9310344827586208,1.0,0.9,0.9,180,18,2,0,0,2,0,0,18,30,5,0,5,0.9,0.9,30.92867649131351,30.928688560591805,30.928688560591805,50.0,0.0,0.0,0,0,0.0056642832084132,2564,288,0.925925925925926,30,18;21;25;26;36,18;21;26;36,,18;21;25;26;36,5,4,0,5,0.9014084507042254,0.8253968253968254,1.0,71,63,46,25;36,18;21;26,,2,3,0,81,75,0,0,0,0.0,0.0,0.0,0.0,,0.9
3,22,2,1744092,2024-08-01,marl_raw,45241.03472717985,0.8666666666666667,0.896551724137931,1.0,0.8944444444444444,0.9252873563218392,1.0,0.8944444444444445,0.8944444444444445,180,19,0,0,0,0,0,0,19,30,4,0,4,0.8944444444444445,0.8944444444444445,25.039318905936348,25.039326744609408,25.039326744609408,50.0,0.0,0.0,0,0,0.0050463622625708,2219,284,0.9342105263157896,30,18;21;25;26,18;21;26,,18;21;25;26,4,3,0,4,0.9154929577464788,0.7936507936507936,1.0,71,63,46,25,18;21;26,,1,3,0,76,71,0,0,0,0.0,0.0,0.0,0.0,,0.8944444444444445
3,23,0,1745090,2024-08-01,marl_raw,45241.03472717985,0.7,0.7241379310344828,1.0,0.8444444444444444,0.8505747126436781,1.0,0.8444444444444444,0.8444444444444444,180,28,13,11,11,13,11,11,17,30,9,4,5,0.8444444444444444,0.8444444444444444,54.576815418402354,54.576816005176966,54.576816005176966,50.0,0.0,0.0,0,0,0.0063605811737943,2955,282,0.9863013698630136,30,18;20;25;26;37;40;41;42;44,18;20;26;37;40;41;42;44,,18;20;25;26;37;40;41;42;44,9,8,0,9,0.9636363636363636,0.7450980392156863,1.0,55,102,23,25,18;20;26;37;40;41;42;44,,1,8,0,73,72,0,0,0,0.0,0.0,0.0,0.0,,0.8444444444444444
3,23,1,1745091,2024-08-01,marl_raw,45241.03472717985,0.6333333333333333,0.6551724137931034,1.0,0.8111111111111111,0.8103448275862069,1.0,0.8111111111111111,0.8111111111111111,180,34,13,13,13,13,13,13,21,30,11,5,6,0.8111111111111111,0.8111111111111111,51.03941507869297,51.03943532837762,51.03943532837762,50.0,0.0,0.0,0,0,0.0067382170406441,3197,288,0.975609756097561,30,18;19;20;21;25;26;37;40;41;42;44,18;19;20;21;26;37;40;41;42;44,,18;19;20;21;25;26;37;40;41;42;44,11,10,0,11,0.9818181818181818,0.6764705882352942,1.0,55,102,23,25,18;19;20;21;26;37;40;41;42;44,,1,10,0,82,80,0,0,0,0.0,0.0,0.0,0.0,,0.8111111111111111
3,23,2,1745092,2024-08-01,marl_raw,45241.03472717985,0.5666666666666667,0.5862068965517241,1.0,0.7666666666666665,0.764367816091954,1.0,0.7666666666666667,0.7666666666666667,180,42,20,16,16,20,16,16,26,30,13,6,7,0.7666666666666667,0.7666666666666667,63.435977167553375,63.4359759595659,63.4359759595659,50.0,0.0,0.0,0,0,0.0061200825051249,2901,282,0.9861111111111112,30,18;19;20;21;22;23;25;26;37;40;41;42;44,18;19;20;21;22;23;26;37;40;41;42;44,,18;19;20;21;22;23;25;26;37;40;41;42;44,13,12,0,13,0.9272727272727272,0.6274509803921569,1.0,55,102,23,22;23;25,18;19;20;21;26;37;40;41;42;44,,3,10,0,72,71,0,0,0,0.0,0.0,0.0,0.0,,0.7666666666666667
4,0,0,1822090,2024-08-03,marl_raw,32788.017208990794,0.3448275862068966,0.2692307692307692,0.8333333333333334,0.660919540229885,0.6217948717948717,0.8888888888888888,0.6609195402298851,0.6609195402298851,174,59,22,16,36,22,16,35,24,29,19,12,7,0.6609195402298851,0.6609195402298851,80.85542841067259,80.85542777488972,80.85542777488972,50.0,0.0,0.0,0,0,0.0035997156610392,1525,286,0.3333333333333332,29,19;22;23;27;28;29;30;31;33;34;35;36;37;38;39;40;42;43;44,19;22;23;27;28;29;30;31;33;34;35;36;37;38;39;40;42;43;44,44.0,19;22;23;27;28;29;30;31;33;34;35;36;37;38;39;40;42;43;44,19,19,1,19,0.5566037735849056,0.8181818181818182,0.8333333333333334,106,44,24,19;22;23;28;29;30;31;33;34;35;36;38;39;40;43,19;27;31;33;35;37;42,44.0,15,7,1,75,25,0,0,0,0.0,0.0,0.0,0.0,,0.6609195402298851
4,0,1,1822091,2024-08-03,marl_raw,32788.017208990794,0.5172413793103449,0.5,1.0,0.764367816091954,0.7564102564102565,1.0,0.764367816091954,0.764367816091954,174,41,19,15,28,19,15,26,15,29,14,11,4,0.764367816091954,0.764367816091954,61.792679128975706,61.79268595816075,61.79268595816075,50.0,0.0,0.0,0,0,0.0036717901827311,1520,286,0.4027777777777778,29,19;22;23;25;29;30;31;33;34;35;36;38;39;43,19;22;23;29;30;31;33;34;35;36;38;39;43,,19;22;23;25;29;30;31;33;34;35;36;38;39;43,14,13,0,14,0.6509433962264151,0.9090909090909092,1.0,106,44,24,19;22;23;29;30;31;33;34;35;36;38;39;43,19;25,,13,2,0,72,29,0,0,0,0.0,0.0,0.0,0.0,,0.764367816091954
4,0,2,1822092,2024-08-03,marl_raw,32788.017208990794,0.4137931034482758,0.3846153846153846,1.0,0.7471264367816093,0.7243589743589745,1.0,0.7471264367816092,0.7471264367816092,174,44,20,14,37,20,14,23,21,29,17,11,9,0.7471264367816092,0.7471264367816092,59.50863369579973,59.50863289970091,59.50863289970091,50.0,0.0,0.0,0,0,0.0030003811874242,1196,277,0.275,29,19;21;22;23;25;28;29;30;31;35;36;37;38;39;40;42;43,19;21;22;23;28;29;30;31;35;36;37;38;39;40;42;43,,19;21;22;23;25;28;29;30;31;35;36;37;38;39;40;42;43,17,16,0,17,0.6320754716981132,0.8863636363636364,1.0,106,44,24,19;21;22;23;28;29;30;31;35;36;38;39;40;43,19;25;37;42,,14,4,0,80,22,0,0,0,0.0,0.0,0.0,0.0,,0.7471264367816092
4,1,0,1823090,2024-08-03,marl_raw,32788.017208990794,0.7931034482758621,0.8846153846153846,0.8888888888888888,0.9022988505747126,0.967948717948718,0.9814814814814816,0.9022988505747126,0.9022988505747126,174,17,0,0,0,0,0,0,17,29,6,0,6,0.9022988505747126,0.9022988505747126,25.962106218283203,25.962105949719746,25.962105949719746,50.0,0.0,0.0,0,0,0.0054011263079397,2407,281,0.8309859154929577,29,19;20;22;23;24;25,19;22;23,19.0,19;20;22;23;24;25,6,3,1,6,0.8641975308641975,0.8958333333333334,0.9777777777777776,81,48,45,22;23;24;25,20,19.0,4,1,1,71,59,0,0,0,0.0,0.0,0.0,0.0,,0.9022988505747126
4,1,1,1823091,2024-08-03,marl_raw,32788.017208990794,0.9310344827586208,1.0,1.0,0.9597701149425288,1.0,1.0,0.9597701149425288,0.9597701149425288,174,7,0,0,0,0,0,0,7,29,2,0,2,0.9597701149425288,0.9597701149425288,19.639907345004467,19.639908539837805,19.639908539837805,50.0,0.0,0.0,0,0,0.0046229222904609,2100,288,0.8472222222222221,29,24;25,,,24;25,2,0,0,2,0.9382716049382716,0.9583333333333334,1.0,81,48,45,24;25,25,,2,1,0,72,61,0,0,0,0.0,0.0,0.0,0.0,,0.9597701149425288
4,1,2,1823092,2024-08-03,marl_raw,32788.017208990794,0.8620689655172413,0.9230769230769232,0.8888888888888888,0.925287356321839,0.9743589743589745,0.9629629629629628,0.9252873563218392,0.9252873563218392,174,13,0,0,0,0,0,0,13,29,4,0,4,0.9252873563218392,0.9252873563218392,28.79111031143145,28.7911129833638,28.7911129833638,50.0,0.0,0.0,0,0,0.00567765905483,2558,287,0.7294117647058823,29,20;21;24;44,21;44,44.0,20;21;24;44,4,2,1,4,0.925925925925926,0.8958333333333334,0.9555555555555556,81,48,45,21;24,20,44.0,2,1,1,85,62,0,0,0,0.0,0.0,0.0,0.0,,0.9252873563218392
4,2,0,1824090,2024-08-03,marl_raw,32788.017208990794,0.7241379310344828,0.8076923076923077,1.0,0.867816091954023,0.9615384615384616,1.0,0.867816091954023,0.867816091954023,174,23,0,0,0,0,0,0,23,29,8,0,8,0.867816091954023,0.867816091954023,32.81196472562593,32.81196261274403,32.81196261274403,50.0,0.0,0.0,0,0,0.0058814992341164,2662,288,0.8461538461538461,29,20;24;25;34;35;36;44;45,34;35;36;44;45,,20;24;25;34;35;36;44;45,8,5,0,8,0.8596491228070176,0.75,1.0,57,60,57,24;34;35;36,20;25;44;45,,4,4,0,78,66,0,0,0,0.0,0.0,0.0,0.0,,0.867816091954023
4,2,1,1824091,2024-08-03,marl_raw,32788.017208990794,0.6896551724137931,0.7692307692307693,1.0,0.8735632183908044,0.9487179487179488,1.0,0.8735632183908046,0.8735632183908046,174,22,2,2,2,2,2,2,20,29,9,2,7,0.8735632183908046,0.8735632183908046,28.742886987225763,28.742890593649328,28.742890593649328,50.0,0.0,0.0,0,0,0.0052720246555206,2378,286,0.8181818181818182,29,20;24;25;27;28;35;36;44;45,27;28;35;36;44;45,,20;24;25;27;28;35;36;44;45,9,6,0,9,0.8596491228070176,0.7666666666666667,1.0,57,60,57,24;35;36,20;25;27;28;44;45,,3,6,0,88,72,0,0,0,0.0,0.0,0.0,0.0,,0.8735632183908046
4,2,2,1824092,2024-08-03,marl_raw,32788.017208990794,0.8275862068965517,0.8846153846153846,1.0,0.925287356321839,0.9807692307692308,1.0,0.9252873563218392,0.9252873563218392,174,13,0,0,0,0,0,0,13,29,5,0,5,0.9252873563218392,0.9252873563218392,23.26973262326471,23.26972304815533,23.26972304815533,50.0,0.0,0.0,0,0,0.0053855037852675,2461,288,0.8235294117647058,29,20;25;28;35;45,28;35;45,,20;25;28;35;45,5,3,0,5,0.9824561403508772,0.8,1.0,57,60,57,35,20;25;28;45,,1,4,0,85,70,0,0,0,0.0,0.0,0.0,0.0,,0.9252873563218392
4,3,0,1825090,2024-08-03,marl_raw,32788.017208990794,0.896551724137931,0.9615384615384616,1.0,0.9770114942528736,0.9935897435897436,1.0,0.9770114942528736,0.9770114942528736,174,4,0,0,0,0,0,0,4,29,3,0,3,0.9770114942528736,0.9770114942528736,29.34918525301177,29.34919408546097,29.34919408546097,50.0,0.0,0.0,0,0,0.0061596126333824,2934,288,0.7926829268292683,29,19;24;25,19,,19;24;25,3,1,0,3,0.9659090909090908,0.9772727272727272,1.0,88,44,42,19;24,25,,2,1,0,82,65,0,0,0,0.0,0.0,0.0,0.0,,0.9770114942528736
4,3,1,1825091,2024-08-03,marl_raw,32788.017208990794,0.8620689655172413,0.9615384615384616,1.0,0.896551724137931,0.9615384615384616,1.0,0.896551724137931,0.896551724137931,174,18,0,0,0,0,0,0,18,29,4,0,4,0.896551724137931,0.896551724137931,32.05321597230846,32.05321062570331,32.05321062570331,50.0,0.0,0.0,0,0,0.0060214284142906,2698,287,0.8701298701298701,29,19;20;24;25,19,,19;20;24;25,4,1,0,4,0.8977272727272727,0.7954545454545454,1.0,88,44,42,19;24,20;25,,2,2,0,77,67,0,0,0,0.0,0.0,0.0,0.0,,0.896551724137931
4,3,2,1825092,2024-08-03,marl_raw,32788.017208990794,0.8275862068965517,0.9230769230769232,0.8571428571428571,0.925287356321839,0.9551282051282052,0.9761904761904762,0.9252873563218392,0.9252873563218392,174,13,0,0,0,0,0,0,13,29,5,0,5,0.9252873563218392,0.9252873563218392,24.04583911786134,24.04584195559052,24.04584195559052,50.0,0.0,0.0,0,0,0.0063987333014665,2872,288,0.8214285714285714,29,19;20;24;25;47,19;47,47.0,19;20;24;25;47,5,2,1,5,0.9204545454545454,0.8863636363636364,0.9761904761904762,88,44,42,19;24,20;25,47.0,2,2,1,84,69,0,0,0,0.0,0.0,0.0,0.0,,0.9252873563218392
4,4,0,1826090,2024-08-03,marl_raw,32788.017208990794,0.7586206896551724,0.8076923076923077,1.0,0.8563218390804598,0.903846153846154,1.0,0.8563218390804598,0.8563218390804598,174,25,0,0,7,0,0,5,20,29,7,4,5,0.8563218390804598,0.8563218390804598,29.05451125797184,29.05451045228147,29.05451045228147,50.0,0.0,0.0,0,0,0.0055921864174403,2457,288,0.7093023255813954,29,19;20;25;36;38;39;44,19;36;38;39;44,,19;20;25;36;38;39;44,7,5,0,7,0.8064516129032258,0.8870967741935484,1.0,93,62,19,19;20;36;38;39;44,20;25,,6,2,0,86,61,0,0,0,0.0,0.0,0.0,0.0,,0.8563218390804598
4,4,1,1826091,2024-08-03,marl_raw,32788.017208990794,0.6551724137931034,0.7307692307692307,0.8571428571428571,0.8735632183908045,0.9423076923076924,0.9714285714285714,0.8735632183908046,0.8735632183908046,174,22,3,1,11,3,1,5,17,29,10,5,6,0.8735632183908046,0.8735632183908046,29.786811392882772,29.786817536956963,29.786817536956963,50.0,0.0,0.0,0,0,0.0050477459202132,2404,282,0.6849315068493151,29,19;20;24;25;39;41;42;43;44;46,19;39;41;42;43;44;46,43.0,19;20;24;25;39;41;42;43;44;46,10,7,1,10,0.8494623655913979,0.8870967741935484,0.9473684210526316,93,62,19,19;20;24;39;41;42;43;44,20;25;46,43.0,8,3,1,73,50,0,0,0,0.0,0.0,0.0,0.0,,0.8735632183908046
4,4,2,1826092,2024-08-03,marl_raw,32788.017208990794,0.6206896551724138,0.6538461538461539,1.0,0.8390804597701148,0.8717948717948717,1.0,0.8390804597701149,0.8390804597701149,174,28,0,0,4,0,0,4,24,29,11,3,8,0.8390804597701149,0.8390804597701149,37.79862869333947,37.7986223738769,37.7986223738769,50.0,0.0,0.0,0,0,0.0062089092886405,2941,288,0.7088607594936709,29,19;24;25;36;38;41;42;43;45;46;47,19;36;38;41;42;43;45;46;47,,19;24;25;36;38;41;42;43;45;46;47,11,9,0,11,0.7849462365591398,0.8709677419354839,1.0,93,62,19,19;24;36;38;41;42;43;45,25;46;47,,8,3,0,79,56,0,0,0,0.0,0.0,0.0,0.0,,0.8390804597701149
4,5,0,1827090,2024-08-03,marl_raw,32788.017208990794,0.8275862068965517,0.8846153846153846,1.0,0.925287356321839,0.9743589743589745,1.0,0.9252873563218392,0.9252873563218392,174,13,1,0,0,1,0,0,13,29,5,0,5,0.9252873563218392,0.9252873563218392,27.858375582201727,27.858371849717766,27.858371849717766,50.0,0.0,0.0,0,0,0.0057376803839967,2725,287,0.8648648648648648,29,20;25;26;33;35,26;33;35,,20;25;26;33;35,5,3,0,5,0.9142857142857144,0.8541666666666666,1.0,70,48,56,25;33;35,20;25;26,,3,3,0,74,64,0,0,0,0.0,0.0,0.0,0.0,,0.9252873563218392
4,5,1,1827091,2024-08-03,marl_raw,32788.017208990794,0.7241379310344828,0.8076923076923077,1.0,0.8448275862068966,0.9423076923076924,1.0,0.8448275862068966,0.8448275862068966,174,27,0,0,0,0,0,0,27,29,8,0,8,0.8448275862068966,0.8448275862068966,33.58144844811538,33.581456899642944,33.581456899642944,50.0,0.0,0.0,0,0,0.0073459487539366,3358,288,0.8351648351648352,29,20;24;25;33;35;36;37;46,33;35;36;37;46,,20;24;25;33;35;36;37;46,8,5,0,8,0.7285714285714285,0.8333333333333334,1.0,70,48,56,24;25;33;35;36;37;46,20;25,,7,2,0,91,76,0,0,0,0.0,0.0,0.0,0.0,,0.8448275862068966
4,5,2,1827092,2024-08-03,marl_raw,32788.017208990794,0.8620689655172413,0.9615384615384616,1.0,0.9310344827586208,0.9935897435897436,1.0,0.9310344827586208,0.9310344827586208,174,12,1,0,0,1,0,0,12,29,4,0,4,0.9310344827586208,0.9310344827586208,29.953446706136067,29.953444091753028,29.953444091753028,50.0,0.0,0.0,0,0,0.005156880528375,2351,286,0.8630136986301371,29,20;24;25;26,26,,20;24;25;26,4,1,0,4,0.9428571428571428,0.8333333333333334,1.0,70,48,56,24;25,20;25;26,,2,3,0,73,63,0,0,0,0.0,0.0,0.0,0.0,,0.9310344827586208
4,6,0,1828090,2024-08-03,marl_raw,32788.017208990794,0.896551724137931,0.9615384615384616,1.0,0.9597701149425288,0.9807692307692308,1.0,0.9597701149425288,0.9597701149425288,174,7,0,0,0,0,0,0,7,29,3,0,3,0.9597701149425288,0.9597701149425288,18.52090790628017,18.52090918469703,18.52090918469703,50.0,0.0,0.0,0,0,0.004982347771147,2191,288,0.8604651162790697,29,19;20;24,19,,19;20;24,3,1,0,3,0.9117647058823528,0.979591836734694,1.0,68,49,57,19;24,20,,2,1,0,86,74,0,0,0,0.0,0.0,0.0,0.0,,0.9597701149425288
4,6,1,1828091,2024-08-03,marl_raw,32788.017208990794,0.9310344827586208,0.9615384615384616,1.0,0.9655172413793104,0.9807692307692308,1.0,0.9655172413793104,0.9655172413793104,174,6,0,0,0,0,0,0,6,29,2,0,2,0.9655172413793104,0.9655172413793104,20.22995599110921,20.22996235441888,20.22996235441888,50.0,0.0,0.0,0,0,0.0058537818000938,2611,287,0.8289473684210527,29,19;25,19,,19;25,2,1,0,2,0.9264705882352942,0.979591836734694,1.0,68,49,57,19;25,25,,2,1,0,76,63,0,0,0,0.0,0.0,0.0,0.0,,0.9655172413793104
4,6,2,1828092,2024-08-03,marl_raw,32788.017208990794,0.896551724137931,0.9615384615384616,1.0,0.913793103448276,0.9807692307692308,1.0,0.913793103448276,0.913793103448276,174,15,0,0,0,0,0,0,15,29,3,0,3,0.913793103448276,0.913793103448276,22.911048546604725,22.91105770242625,22.91105770242625,50.0,0.0,0.0,0,0,0.006091195395129,2822,288,0.8433734939759037,29,19;20;24,19,,19;20;24,3,1,0,3,0.8676470588235294,0.8775510204081632,1.0,68,49,57,19;24,20,,2,1,0,83,70,0,0,0,0.0,0.0,0.0,0.0,,0.913793103448276
4,7,0,1829090,2024-08-03,marl_raw,32788.017208990794,0.8275862068965517,0.9230769230769232,1.0,0.913793103448276,0.9743589743589745,1.0,0.913793103448276,0.913793103448276,174,15,4,3,4,4,3,4,11,29,5,2,3,0.913793103448276,0.913793103448276,30.64706917192744,30.647067675645324,30.647067675645324,50.0,0.0,0.0,0,0,0.0055219295281858,2519,288,0.8452380952380951,29,20;24;25;38;39,38;39,,20;24;25;38;39,5,2,0,5,0.9090909090909092,0.8269230769230769,1.0,66,52,56,24;38;39,20;25,,3,2,0,84,71,0,0,0,0.0,0.0,0.0,0.0,,0.913793103448276
4,7,1,1829091,2024-08-03,marl_raw,32788.017208990794,0.7931034482758621,0.8846153846153846,0.9,0.8850574712643677,0.967948717948718,0.9833333333333334,0.8850574712643678,0.8850574712643678,174,20,4,4,5,4,4,4,16,29,6,2,4,0.8850574712643678,0.8850574712643678,29.378104108503496,29.37810740251651,29.37810740251651,50.0,0.0,0.0,0,0,0.006242358561091,2872,288,0.7976190476190477,29,19;20;24;25;38;39,19;38;39,19.0,19;20;24;25;38;39,6,3,1,6,0.8636363636363636,0.8076923076923077,0.9821428571428572,66,52,56,24;38;39,20;25,19.0,3,2,1,84,67,0,0,0,0.0,0.0,0.0,0.0,,0.8850574712643678
4,7,2,1829092,2024-08-03,marl_raw,32788.017208990794,0.8275862068965517,0.9230769230769232,1.0,0.925287356321839,0.9807692307692308,1.0,0.9252873563218392,0.9252873563218392,174,13,3,2,2,3,2,2,11,29,5,2,3,0.9252873563218392,0.9252873563218392,21.600872338503255,21.600876092910767,21.600876092910767,50.0,0.0,0.0,0,0,0.0061430918285623,2863,287,0.8767123287671232,29,20;24;25;38;39,38;39,,20;24;25;38;39,5,2,0,5,0.8787878787878788,0.903846153846154,1.0,66,52,56,24;38;39,20;25,,3,2,0,73,64,0,0,0,0.0,0.0,0.0,0.0,,0.9252873563218392
4,8,0,1830090,2024-08-03,marl_raw,32788.017208990794,0.9310344827586208,1.0,1.0,0.9482758620689656,1.0,1.0,0.9482758620689656,0.9482758620689656,174,9,0,0,0,0,0,0,9,29,2,0,2,0.9482758620689656,0.9482758620689656,21.107325016767128,21.107323810972016,21.107323810972016,50.0,0.0,0.0,0,0,0.0047323424429729,2255,283,0.8243243243243243,29,20;24,,,20;24,2,0,0,2,0.9166666666666666,0.925925925925926,1.0,60,54,60,24,20,,1,1,0,74,61,0,0,0,0.0,0.0,0.0,0.0,,0.9482758620689656
4,8,1,1830091,2024-08-03,marl_raw,32788.017208990794,0.896551724137931,1.0,1.0,0.9310344827586208,1.0,1.0,0.9310344827586208,0.9310344827586208,174,12,0,0,0,0,0,0,12,29,3,0,3,0.9310344827586208,0.9310344827586208,17.155920347263073,17.155918577621723,17.155918577621723,50.0,0.0,0.0,0,0,0.0066431192887345,3098,288,0.8625,29,20;24;25,,,20;24;25,3,0,0,3,0.9166666666666666,0.8703703703703703,1.0,60,54,60,24,20;25,,1,2,0,80,69,0,0,0,0.0,0.0,0.0,0.0,,0.9310344827586208
4,8,2,1830092,2024-08-03,marl_raw,32788.017208990794,0.9310344827586208,0.9615384615384616,0.9,0.9770114942528736,0.9871794871794872,0.9666666666666666,0.9770114942528736,0.9770114942528736,174,4,0,0,0,0,0,0,4,29,2,0,2,0.9770114942528736,0.9770114942528736,20.42296087878874,20.422968584915687,20.422968584915687,50.0,0.0,0.0,0,0,0.006551678560451,2842,288,0.92,29,19;20,19,19.0,19;20,2,1,1,2,1.0,0.9629629629629628,0.9666666666666668,60,54,60,,20,19.0,0,1,1,75,69,0,0,0,0.0,0.0,0.0,0.0,,0.9770114942528736
4,9,0,1831090,2024-08-03,marl_raw,32788.017208990794,0.8275862068965517,0.9230769230769232,1.0,0.8678160919540229,0.9679487179487178,1.0,0.867816091954023,0.867816091954023,174,23,0,0,0,0,0,0,23,29,5,0,5,0.867816091954023,0.867816091954023,31.941790120355016,31.94180078616088,31.94180078616088,50.0,0.0,0.0,0,0,0.0058392839552349,2559,288,0.8717948717948718,29,20;24;25;26;27,26;27,,20;24;25;26;27,5,2,0,5,0.8666666666666667,0.7222222222222222,1.0,60,54,60,24;27,20;25;26,,2,3,0,78,68,0,0,0,0.0,0.0,0.0,0.0,,0.867816091954023
4,9,1,1831091,2024-08-03,marl_raw,32788.017208990794,0.8275862068965517,0.9230769230769232,0.9,0.9022988505747128,0.9679487179487178,0.9833333333333334,0.9022988505747126,0.9022988505747126,174,17,4,0,0,4,0,0,17,29,5,0,5,0.9022988505747126,0.9022988505747126,21.15230717604188,21.152306754013587,21.152306754013587,50.0,0.0,0.0,0,0,0.0058124170609517,2703,288,0.8888888888888888,29,19;20;24;25;26,19;26,19.0,19;20;24;25;26,5,2,1,5,0.9833333333333332,0.7222222222222222,0.9833333333333332,60,54,60,24,20;25;26,19.0,1,3,1,72,64,0,0,0,0.0,0.0,0.0,0.0,,0.9022988505747126
4,9,2,1831092,2024-08-03,marl_raw,32788.017208990794,0.8620689655172413,0.9615384615384616,1.0,0.9252873563218392,0.9743589743589745,1.0,0.9252873563218392,0.9252873563218392,174,13,4,4,4,4,4,4,9,29,4,1,3,0.9252873563218392,0.9252873563218392,24.96770536214456,24.96769528827448,24.96769528827448,50.0,0.0,0.0,0,0,0.0062800495700988,2935,288,0.8846153846153846,29,20;24;25;26,26,,20;24;25;26,4,1,0,4,0.9833333333333332,0.7777777777777778,1.0,60,54,60,24,20;25;26,,1,3,0,78,69,0,0,0,0.0,0.0,0.0,0.0,,0.9252873563218392
4,10,0,1832090,2024-08-03,marl_raw,32788.017208990794,0.8620689655172413,0.9230769230769232,1.0,0.9540229885057472,0.9871794871794872,1.0,0.9540229885057472,0.9540229885057472,174,8,0,0,0,0,0,0,8,29,4,0,4,0.9540229885057472,0.9540229885057472,16.72706210681762,16.727062019123426,16.727062019123426,50.0,0.0,0.0,0,0,0.0054258804969625,2546,288,0.8072289156626506,29,19;20;25;32,19;32,,19;20;25;32,4,2,0,4,0.961038961038961,0.9375,1.0,77,80,17,19;20;25,25;32,,3,2,0,83,67,0,0,0,0.0,0.0,0.0,0.0,,0.9540229885057472
4,10,1,1832091,2024-08-03,marl_raw,32788.017208990794,0.8620689655172413,0.9615384615384616,1.0,0.9080459770114944,0.967948717948718,1.0,0.9080459770114944,0.9080459770114944,174,16,0,0,0,0,0,0,16,29,4,0,4,0.9080459770114944,0.9080459770114944,16.63898362853061,16.638981205978613,16.638981205978613,50.0,0.0,0.0,0,0,0.0056253764317564,2608,284,0.9012345679012346,29,19;20;24;25,19,,19;20;24;25,4,1,0,4,0.8701298701298701,0.925,1.0,77,80,17,19;20;24;25,20;25,,4,2,0,81,73,0,0,0,0.0,0.0,0.0,0.0,,0.9080459770114944
4,10,2,1832092,2024-08-03,marl_raw,32788.017208990794,0.8275862068965517,0.9230769230769232,1.0,0.8908045977011494,0.9615384615384616,1.0,0.8908045977011494,0.8908045977011494,174,19,2,0,0,2,0,0,19,29,5,0,5,0.8908045977011494,0.8908045977011494,21.715809761107653,21.71580989538938,21.71580989538938,50.0,0.0,0.0,0,0,0.0045661365014287,2206,287,0.921875,29,19;20;24;25;44,19;44,,19;20;24;25;44,5,2,0,5,0.8831168831168831,0.875,1.0,77,80,17,19;20;24;25,20;25;44,,4,3,0,64,59,0,0,0,0.0,0.0,0.0,0.0,,0.8908045977011494
4,11,0,1833090,2024-08-03,marl_raw,32788.017208990794,0.7586206896551724,0.8461538461538461,1.0,0.925287356321839,0.9487179487179488,1.0,0.9252873563218392,0.9252873563218392,174,13,0,0,1,0,0,1,12,29,7,1,6,0.9252873563218392,0.9252873563218392,35.79069158674657,35.79069063307225,35.79069063307225,50.0,0.0,0.0,0,0,0.0042853637157046,1918,288,0.6162790697674418,29,19;20;24;25;35;41;46,19;35;41;46,,19;20;24;25;35;41;46,7,4,0,7,0.8712871287128713,1.0,1.0,101,36,37,19;20;24;25;35;41;46,,,7,0,0,86,53,0,0,0,0.0,0.0,0.0,0.0,,0.9252873563218392
4,11,1,1833091,2024-08-03,marl_raw,32788.017208990794,0.8275862068965517,0.8846153846153846,1.0,0.9482758620689656,0.9615384615384616,1.0,0.9482758620689656,0.9482758620689656,174,9,0,0,5,0,0,1,8,29,5,3,4,0.9482758620689656,0.9482758620689656,23.42055504075412,23.420553396488057,23.420553396488057,50.0,0.0,0.0,0,0,0.0047599996190304,2096,286,0.6153846153846154,29,19;20;25;30;41,19;30;41,,19;20;25;30;41,5,3,0,5,0.9207920792079208,0.9722222222222222,1.0,101,36,37,19;20;25;30;41,25,,5,1,0,78,48,0,0,0,0.0,0.0,0.0,0.0,,0.9482758620689656
4,11,2,1833092,2024-08-03,marl_raw,32788.017208990794,0.7241379310344828,0.7692307692307693,1.0,0.8735632183908046,0.8910256410256411,1.0,0.8735632183908046,0.8735632183908046,174,22,0,0,7,0,0,0,22,29,8,2,8,0.8735632183908046,0.8735632183908046,28.99867004361646,28.99867335407213,28.99867335407213,50.0,0.0,0.0,0,0,0.004041406697676,1656,285,0.5903614457831325,29,19;20;23;24;26;30;31;41,19;23;26;30;31;41,,19;20;23;24;26;30;31;41,8,6,0,8,0.7920792079207921,0.9722222222222222,1.0,101,36,37,19;20;23;24;26;30;31;41,31,,8,1,0,83,49,0,0,0,0.0,0.0,0.0,0.0,,0.8735632183908046
4,12,0,1834090,2024-08-03,marl_raw,32788.017208990794,0.6551724137931034,0.6923076923076923,1.0,0.8563218390804599,0.8782051282051283,1.0,0.8563218390804598,0.8563218390804598,174,25,1,1,1,1,1,1,24,29,10,1,9,0.8563218390804598,0.8563218390804598,29.30266340847673,29.30265397038953,29.30265397038953,50.0,0.0,0.0,0,0,0.0054307519864475,2410,282,0.6951219512195121,29,21;23;24;25;26;28;36;37;38;45,21;23;26;28;36;37;38;45,,21;23;24;25;26;28;36;37;38;45,10,8,0,10,0.75,0.8909090909090909,1.0,76,55,43,21;23;24;25;26;36;45,25;28;37;38;45,,7,5,0,82,57,0,0,0,0.0,0.0,0.0,0.0,,0.8563218390804598
4,12,1,1834091,2024-08-03,marl_raw,32788.017208990794,0.8275862068965517,0.8461538461538461,1.0,0.9482758620689656,0.9615384615384616,1.0,0.9482758620689656,0.9482758620689656,174,9,1,1,1,1,1,1,8,29,5,1,4,0.9482758620689656,0.9482758620689656,23.437490523546597,23.437492556955625,23.437492556955625,50.0,0.0,0.0,0,0,0.0043002068044491,1818,288,0.7391304347826086,29,19;25;26;36;46,19;26;36;46,,19;25;26;36;46,5,4,0,5,0.8947368421052632,0.9818181818181818,1.0,76,55,43,25;26;36;46,19,,4,1,0,69,51,0,0,0,0.0,0.0,0.0,0.0,,0.9482758620689656
4,12,2,1834092,2024-08-03,marl_raw,32788.017208990794,0.6896551724137931,0.7692307692307693,1.0,0.8793103448275863,0.8974358974358976,1.0,0.8793103448275862,0.8793103448275862,174,21,1,1,2,1,1,2,19,29,9,2,7,0.8793103448275862,0.8793103448275862,33.50435151450935,33.50435445500516,33.50435445500516,50.0,0.0,0.0,0,0,0.0042871551207402,1846,286,0.7160493827160493,29,20;21;24;25;26;28;36;39;45,21;26;28;36;39;45,,20;21;24;25;26;28;36;39;45,9,6,0,9,0.8026315789473685,0.8909090909090909,1.0,76,55,43,20;21;24;25;26;36;45,25;28;39,,7,3,0,81,58,0,0,0,0.0,0.0,0.0,0.0,,0.8793103448275862
4,13,0,1835090,2024-08-03,marl_raw,32788.017208990794,0.7931034482758621,0.8846153846153846,1.0,0.8793103448275862,0.9487179487179488,1.0,0.8793103448275862,0.8793103448275862,174,21,2,2,4,2,2,4,17,29,6,2,4,0.8793103448275862,0.8793103448275862,38.08881812808158,38.08883160010152,38.08883160010152,50.0,0.0,0.0,0,0,0.0042486697845258,1929,281,0.7564102564102564,29,20;23;24;25;36;37,23;36;37,,20;23;24;25;36;37,6,3,0,6,0.8452380952380952,0.8490566037735849,1.0,84,53,37,20;24;36;37,20;23;25,,4,3,0,78,59,0,0,0,0.0,0.0,0.0,0.0,,0.8793103448275862
4,13,1,1835091,2024-08-03,marl_raw,32788.017208990794,0.6896551724137931,0.7692307692307693,1.0,0.8160919540229884,0.91025641025641,1.0,0.8160919540229885,0.8160919540229885,174,32,0,0,0,0,0,0,32,29,9,0,9,0.8160919540229885,0.8160919540229885,29.374005841112684,29.374004438005645,29.374004438005645,50.0,0.0,0.0,0,0,0.0062166265488485,2770,286,0.72,29,19;20;24;25;26;34;35;36;37,19;26;34;35;36;37,,19;20;24;25;26;34;35;36;37,9,6,0,9,0.7261904761904762,0.8301886792452831,1.0,84,53,37,19;20;24;34;35;36;37,20;25;26,,7,3,0,75,54,0,0,0,0.0,0.0,0.0,0.0,,0.8160919540229885
4,13,2,1835092,2024-08-03,marl_raw,32788.017208990794,0.7586206896551724,0.8461538461538461,1.0,0.8620689655172413,0.9423076923076924,1.0,0.8620689655172413,0.8620689655172413,174,24,0,0,0,0,0,0,24,29,7,0,7,0.8620689655172413,0.8620689655172413,38.413664678047446,38.41366286935477,38.41366286935477,50.0,0.0,0.0,0,0,0.0056437925013597,2544,288,0.7560975609756098,29,19;20;22;24;25;34;35,19;22;34;35,,19;20;22;24;25;34;35,7,4,0,7,0.7738095238095238,0.9056603773584906,1.0,84,53,37,19;20;22;24;34;35,20;25,,6,2,0,82,62,0,0,0,0.0,0.0,0.0,0.0,,0.8620689655172413
4,14,0,1836090,2024-08-03,marl_raw,32788.017208990794,0.6896551724137931,0.7307692307692307,1.0,0.8333333333333333,0.891025641025641,1.0,0.8333333333333334,0.8333333333333334,174,29,4,0,0,4,0,0,29,29,9,0,9,0.8333333333333334,0.8333333333333334,30.839292054888848,30.83928273190027,30.83928273190027,50.0,0.0,0.0,0,0,0.0048814249093993,2274,288,0.8928571428571429,29,19;20;25;27;28;31;32;35;37,19;27;28;31;32;35;37,,19;20;25;27;28;31;32;35;37,9,7,0,9,0.8723404255319149,0.75,1.0,47,92,35,20;35;37,19;20;25;27;28;31;32,,3,7,0,84,75,0,0,0,0.0,0.0,0.0,0.0,,0.8333333333333334
4,14,1,1836091,2024-08-03,marl_raw,32788.017208990794,0.5172413793103449,0.5384615384615384,1.0,0.7758620689655172,0.7948717948717949,1.0,0.7758620689655172,0.7758620689655172,174,39,2,0,2,2,0,2,37,29,14,1,13,0.7758620689655172,0.7758620689655172,38.76339033280296,38.76339934886187,38.76339934886187,50.0,0.0,0.0,0,0,0.0064274910218955,2954,288,0.8292682926829268,29,19;24;25;27;28;31;32;35;36;37;39;40;41;42,19;27;28;31;32;35;36;37;39;40;41;42,,19;24;25;27;28;31;32;35;36;37;39;40;41;42,14,12,0,14,0.8085106382978723,0.6739130434782609,1.0,47,92,35,19;24;35;36;37;42,19;25;27;28;31;32;39;40;41,,6,9,0,82,68,0,0,0,0.0,0.0,0.0,0.0,,0.7758620689655172
4,14,2,1836092,2024-08-03,marl_raw,32788.017208990794,0.5517241379310345,0.6153846153846154,1.0,0.7988505747126438,0.8653846153846154,1.0,0.7988505747126436,0.7988505747126436,174,35,2,0,3,2,0,3,32,29,13,1,12,0.7988505747126436,0.7988505747126436,29.25671717764317,29.25670613365612,29.25670613365612,50.0,0.0,0.0,0,0,0.0068764727587525,3119,286,0.8536585365853658,29,19;20;22;24;25;26;27;35;36;37;39;40;42,19;22;26;27;35;36;37;39;40;42,,19;20;22;24;25;26;27;35;36;37;39;40;42,13,10,0,13,0.7021276595744681,0.7717391304347826,1.0,47,92,35,19;20;24;35;36;37;42,19;20;22;25;26;27;39;40,,7,8,0,82,70,0,0,0,0.0,0.0,0.0,0.0,,0.7988505747126436
4,15,0,1837090,2024-08-03,marl_raw,32788.017208990794,0.896551724137931,1.0,1.0,0.9367816091954022,1.0,1.0,0.9367816091954024,0.9367816091954024,174,11,0,0,0,0,0,0,11,29,3,0,3,0.9367816091954024,0.9367816091954024,24.515954993237024,24.51595357916821,24.51595357916821,50.0,0.0,0.0,0,0,0.0058844702289206,2678,284,0.8372093023255814,29,20;24;25,,,20;24;25,3,0,0,3,0.9333333333333332,0.8909090909090909,1.0,75,55,44,24;25,20;25,,2,2,0,86,72,0,0,0,0.0,0.0,0.0,0.0,,0.9367816091954024
4,15,1,1837091,2024-08-03,marl_raw,32788.017208990794,0.8275862068965517,0.9230769230769232,0.8888888888888888,0.9022988505747126,0.9871794871794872,0.9814814814814816,0.9022988505747126,0.9022988505747126,174,17,0,0,0,0,0,0,17,29,5,0,5,0.9022988505747126,0.9022988505747126,26.95148697118649,26.951493405747687,26.951493405747687,50.0,0.0,0.0,0,0,0.00510163120119,2253,286,0.9154929577464788,29,19;20;23;24;25,19;23,19.0,19;20;23;24;25,5,2,1,5,0.9066666666666666,0.8363636363636363,0.9772727272727272,75,55,44,23;24,20;25,19.0,2,2,1,71,65,0,0,0,0.0,0.0,0.0,0.0,,0.9022988505747126
4,15,2,1837092,2024-08-03,marl_raw,32788.017208990794,0.9310344827586208,1.0,1.0,0.9310344827586208,1.0,1.0,0.9310344827586208,0.9310344827586208,174,12,0,0,0,0,0,0,12,29,2,0,2,0.9310344827586208,0.9310344827586208,25.129317453537865,25.129316516306208,25.129316516306208,50.0,0.0,0.0,0,0,0.0051443262006311,2436,286,0.875,29,24;25,,,24;25,2,0,0,2,0.9066666666666666,0.9090909090909092,1.0,75,55,44,24;25,25,,2,1,0,72,63,0,0,0,0.0,0.0,0.0,0.0,,0.9310344827586208
4,16,0,1838090,2024-08-03,marl_raw,32788.017208990794,0.8620689655172413,0.9230769230769232,1.0,0.9367816091954024,0.980769230769231,1.0,0.9367816091954024,0.9367816091954024,174,11,0,0,0,0,0,0,11,29,4,0,4,0.9367816091954024,0.9367816091954024,21.723832382552924,21.72383672341533,21.72383672341533,50.0,0.0,0.0,0,0,0.0054285031922821,2501,280,0.8295454545454546,29,19;20;25;47,19;47,,19;20;25;47,4,2,0,4,0.9384615384615383,0.9,1.0,65,70,39,19;25,20;25;47,,2,3,0,88,73,0,0,0,0.0,0.0,0.0,0.0,,0.9367816091954024
4,16,1,1838091,2024-08-03,marl_raw,32788.017208990794,0.8620689655172413,0.8846153846153846,1.0,0.9540229885057472,0.9807692307692308,1.0,0.9540229885057472,0.9540229885057472,174,8,0,0,0,0,0,0,8,29,4,0,4,0.9540229885057472,0.9540229885057472,23.551275264257672,23.5512777580612,23.5512777580612,50.0,0.0,0.0,0,0,0.0052847386220188,2452,270,0.8674698795180723,29,19;25;36;37,19;36;37,,19;25;36;37,4,3,0,4,0.9230769230769232,0.9571428571428572,1.0,65,70,39,19;25;37,25;36,,3,2,0,83,72,0,0,0,0.0,0.0,0.0,0.0,,0.9540229885057472
4,16,2,1838092,2024-08-03,marl_raw,32788.017208990794,0.6551724137931034,0.7307692307692307,0.8888888888888888,0.8275862068965517,0.903846153846154,0.9555555555555556,0.8275862068965517,0.8275862068965517,174,30,0,0,0,0,0,0,30,29,10,0,10,0.8275862068965517,0.8275862068965517,29.3998411222436,29.399838820271107,29.399838820271107,50.0,0.0,0.0,0,0,0.006527693517152,2870,287,0.9545454545454546,29,19;20;21;22;23;24;25;32;33;35,19;21;22;23;32;33;35,19.0,19;20;21;22;23;24;25;32;33;35,10,7,1,10,0.8,0.7857142857142857,0.9487179487179488,65,70,39,19;22;23;24;25,20;21;25;32;33;35,19.0,5,6,1,88,84,0,0,0,0.0,0.0,0.0,0.0,,0.8275862068965517
4,17,0,1839090,2024-08-03,marl_raw,32788.017208990794,0.6896551724137931,0.7307692307692307,1.0,0.8045977011494254,0.8397435897435896,1.0,0.8045977011494253,0.8045977011494253,174,34,12,8,31,12,8,21,13,29,9,7,4,0.8045977011494253,0.8045977011494253,42.27731174162064,42.277306425160376,42.277306425160376,50.0,0.0,0.0,0,0,0.004510365720004,1987,287,0.5393258426966292,29,19;20;21;25;35;36;37;38;41,19;21;35;36;37;38;41,,19;20;21;25;35;36;37;38;41,9,7,0,9,0.6923076923076923,0.9545454545454546,1.0,104,44,26,19;20;21;25;35;36;37;38;41,20;25,,9,2,0,89,48,0,0,0,0.0,0.0,0.0,0.0,,0.8045977011494253
4,17,1,1839091,2024-08-03,marl_raw,32788.017208990794,0.5862068965517241,0.6538461538461539,1.0,0.7356321839080461,0.8012820512820513,1.0,0.735632183908046,0.735632183908046,174,46,3,1,19,3,1,19,27,29,12,6,6,0.735632183908046,0.735632183908046,48.884850077245424,48.884853486357066,48.884853486357066,50.0,0.0,0.0,0,0,0.0047383437201157,2003,279,0.5833333333333334,29,19;20;21;22;24;25;35;36;37;38;40;41,19;21;22;35;36;37;38;40;41,,19;20;21;22;24;25;35;36;37;38;40;41,12,9,0,12,0.5769230769230769,0.9545454545454546,1.0,104,44,26,19;20;21;22;24;25;35;36;37;38;40;41,20;25,,12,2,0,72,42,0,0,0,0.0,0.0,0.0,0.0,,0.735632183908046
4,17,2,1839092,2024-08-03,marl_raw,32788.017208990794,0.7241379310344828,0.7307692307692307,1.0,0.867816091954023,0.858974358974359,1.0,0.867816091954023,0.867816091954023,174,23,0,0,13,0,0,11,12,29,8,5,4,0.867816091954023,0.867816091954023,38.81297815805194,38.81298100263223,38.81298100263223,50.0,0.0,0.0,0,0,0.0045987271678313,2067,286,0.6567164179104478,29,19;25;35;36;37;38;40;42,19;35;36;37;38;40;42,,19;25;35;36;37;38;40;42,8,7,0,8,0.7884615384615384,0.9772727272727272,1.0,104,44,26,19;25;35;36;37;38;40,42,,7,1,0,67,44,0,0,0,0.0,0.0,0.0,0.0,,0.867816091954023
4,18,0,1840090,2024-08-03,marl_raw,32788.017208990794,0.7586206896551724,0.8076923076923077,1.0,0.9080459770114944,0.9102564102564104,1.0,0.9080459770114944,0.9080459770114944,174,16,6,4,8,6,4,7,9,29,7,3,5,0.9080459770114944,0.9080459770114944,35.949856001755286,35.94985767068534,35.94985767068534,50.0,0.0,0.0,0,0,0.0046800636143113,2063,288,0.5866666666666667,29,19;20;25;28;29;30;37,19;28;29;30;37,,19;20;25;28;29;30;37,7,5,0,7,0.8354430379746836,0.9347826086956522,1.0,79,46,49,28;29;30;37,19;20;25,,4,3,0,75,44,0,0,0,0.0,0.0,0.0,0.0,,0.9080459770114944
4,18,1,1840091,2024-08-03,marl_raw,32788.017208990794,0.7241379310344828,0.8076923076923077,1.0,0.8620689655172413,0.9102564102564104,1.0,0.8620689655172413,0.8620689655172413,174,24,11,5,11,11,5,11,13,29,8,4,4,0.8620689655172413,0.8620689655172413,51.75670897275552,51.75671007167334,51.75671007167334,50.0,0.0,0.0,0,0,0.0045938377267399,2024,288,0.6153846153846154,29,20;24;25;28;29;30;35;37,28;29;30;35;37,,20;24;25;28;29;30;35;37,8,5,0,8,0.7848101265822784,0.8478260869565217,1.0,79,46,49,24;28;29;30;35;37,20;25,,6,2,0,78,48,0,0,0,0.0,0.0,0.0,0.0,,0.8620689655172413
4,18,2,1840092,2024-08-03,marl_raw,32788.017208990794,0.7586206896551724,0.8461538461538461,1.0,0.8448275862068966,0.9166666666666669,1.0,0.8448275862068966,0.8448275862068966,174,27,5,3,4,5,3,4,23,29,7,2,5,0.8448275862068966,0.8448275862068966,34.452637080488536,34.452637080488536,34.452637080488536,50.0,0.0,0.0,0,0,0.0045864841161649,2091,287,0.5616438356164384,29,20;22;24;25;29;30;37,22;29;30;37,,20;22;24;25;29;30;37,7,4,0,7,0.7974683544303798,0.7608695652173914,1.0,79,46,49,22;24;29;30;37,20;25,,5,2,0,73,41,0,0,0,0.0,0.0,0.0,0.0,,0.8448275862068966
4,19,0,1841090,2024-08-03,marl_raw,32788.017208990794,0.7931034482758621,0.8076923076923077,1.0,0.925287356321839,0.935897435897436,1.0,0.9252873563218392,0.9252873563218392,174,13,0,0,0,0,0,0,13,29,6,0,6,0.9252873563218392,0.9252873563218392,27.46456052825369,27.46456394558665,27.46456394558665,50.0,0.0,0.0,0,0,0.0054577061734259,2531,284,0.9135802469135804,29,19;25;26;30;34;36,19;26;30;34;36,,19;25;26;30;34;36,6,5,0,6,0.9555555555555556,0.85,1.0,90,60,24,19;30;34;36,19;25;26;30,,4,4,0,81,74,0,0,0,0.0,0.0,0.0,0.0,,0.9252873563218392
4,19,1,1841091,2024-08-03,marl_raw,32788.017208990794,0.7241379310344828,0.8076923076923077,1.0,0.8850574712643677,0.9551282051282052,1.0,0.8850574712643678,0.8850574712643678,174,20,2,1,1,2,1,1,19,29,8,1,7,0.8850574712643678,0.8850574712643678,24.905300179089625,24.905296819305967,24.905296819305967,50.0,0.0,0.0,0,0,0.0056348968003779,2598,286,0.8513513513513513,29,19;20;24;25;30;32;33;34,19;30;32;33;34,,19;20;24;25;30;32;33;34,8,5,0,8,0.8777777777777778,0.85,1.0,90,60,24,19;20;24;30;34,19;20;25;30;32;33,,5,6,0,74,63,0,0,0,0.0,0.0,0.0,0.0,,0.8850574712643678
4,19,2,1841092,2024-08-03,marl_raw,32788.017208990794,0.6206896551724138,0.6923076923076923,1.0,0.8563218390804598,0.9102564102564104,1.0,0.8563218390804598,0.8563218390804598,174,25,2,2,2,2,2,2,23,29,11,2,9,0.8563218390804598,0.8563218390804598,31.210388775186978,31.21039419030321,31.21039419030321,50.0,0.0,0.0,0,0,0.0053314167477462,2405,288,0.945945945945946,29,19;20;24;25;26;30;32;33;44;45;46,19;26;30;32;33;44;45;46,,19;20;24;25;26;30;32;33;44;45;46,11,8,0,11,0.9111111111111112,0.7166666666666667,1.0,90,60,24,19;20;24;46,19;25;26;30;32;33;44;45,,4,8,0,74,70,0,0,0,0.0,0.0,0.0,0.0,,0.8563218390804598
4,20,0,1842090,2024-08-03,marl_raw,32788.017208990794,0.7586206896551724,0.8461538461538461,1.0,0.8333333333333334,0.8910256410256411,1.0,0.8333333333333334,0.8333333333333334,174,29,0,0,0,0,0,0,29,29,7,0,7,0.8333333333333334,0.8333333333333334,27.513520810795928,27.51351752774469,27.51351752774469,50.0,0.0,0.0,0,0,0.0049091427147989,2278,288,0.9295774647887324,29,19;20;24;25;45;46;47,19;45;46;47,,19;20;24;25;45;46;47,7,4,0,7,0.6857142857142857,0.9222222222222224,1.0,70,90,14,19;20;24;45;46;47,19;20;25,,6,3,0,71,66,0,0,0,0.0,0.0,0.0,0.0,,0.8333333333333334
4,20,1,1842091,2024-08-03,marl_raw,32788.017208990794,0.8620689655172413,0.9615384615384616,1.0,0.8908045977011495,0.9871794871794872,1.0,0.8908045977011494,0.8908045977011494,174,19,0,0,0,0,0,0,19,29,4,0,4,0.8908045977011494,0.8908045977011494,26.092885242111382,26.09288090124897,26.09288090124897,50.0,0.0,0.0,0,0,0.0051257024036506,2329,285,0.9014084507042256,29,19;20;24;25,19,,19;20;24;25,4,1,0,4,0.8285714285714286,0.9222222222222224,1.0,70,90,14,19;20;24,19;25,,3,2,0,71,64,0,0,0,0.0,0.0,0.0,0.0,,0.8908045977011494
4,20,2,1842092,2024-08-03,marl_raw,32788.017208990794,0.7931034482758621,0.8846153846153846,1.0,0.8390804597701149,0.935897435897436,1.0,0.8390804597701149,0.8390804597701149,174,28,0,0,0,0,0,0,28,29,6,0,6,0.8390804597701149,0.8390804597701149,23.113383945377397,23.11338564993321,23.11338564993321,50.0,0.0,0.0,0,0,0.0069135287364285,3134,287,0.8695652173913044,29,19;20;24;25;44;47,19;44;47,,19;20;24;25;44;47,6,3,0,6,0.7285714285714285,0.9,1.0,70,90,14,19;20;24;47,19;20;25;44,,4,4,0,92,80,0,0,0,0.0,0.0,0.0,0.0,,0.8390804597701149
4,21,0,1843090,2024-08-03,marl_raw,32788.017208990794,0.6896551724137931,0.7692307692307693,1.0,0.8160919540229885,0.8653846153846154,1.0,0.8160919540229885,0.8160919540229885,174,32,0,0,0,0,0,0,32,29,9,0,9,0.8160919540229885,0.8160919540229885,30.685535737837867,30.68554529650458,30.68554529650458,50.0,0.0,0.0,0,0,0.0050310812451546,2328,280,0.9565217391304348,29,20;24;25;31;32;35;45;46;47,31;32;35;45;46;47,,20;24;25;31;32;35;45;46;47,9,6,0,9,0.7916666666666666,0.7555555555555555,1.0,48,90,36,24;25;47,20;25;31;32;35;45;46,,3,7,0,69,66,0,0,0,0.0,0.0,0.0,0.0,,0.8160919540229885
4,21,1,1843091,2024-08-03,marl_raw,32788.017208990794,0.7586206896551724,0.8461538461538461,0.875,0.8965517241379312,0.967948717948718,0.9791666666666669,0.896551724137931,0.896551724137931,174,18,0,0,0,0,0,0,18,29,7,0,7,0.896551724137931,0.896551724137931,25.736521364628583,25.73652817051986,25.73652817051986,50.0,0.0,0.0,0,0,0.0047185485879405,2188,286,0.9041095890410956,29,19;20;24;25;30;42;46,19;30;42;46,19.0,19;20;24;25;30;42;46,7,4,1,7,0.8541666666666666,0.8888888888888888,0.9722222222222222,48,90,36,24;25,20;25;30;42;46,19.0,2,5,1,73,66,0,0,0,0.0,0.0,0.0,0.0,,0.896551724137931
4,21,2,1843092,2024-08-03,marl_raw,32788.017208990794,0.7586206896551724,0.8461538461538461,1.0,0.8850574712643678,0.9743589743589745,1.0,0.8850574712643678,0.8850574712643678,174,20,10,4,4,9,4,4,16,29,7,2,5,0.8850574712643678,0.8850574712643678,30.22431525485269,30.22431488831838,30.22431488831838,50.0,0.0,0.0,0,0,0.0054413613379438,2467,287,0.9253731343283582,29,20;24;25;29;31;32;43,29;31;32;43,,20;24;25;29;31;32;43,7,4,0,7,0.8541666666666666,0.8555555555555555,1.0,48,90,36,24;25,20;25;29;31;32;43,,2,6,0,67,62,0,0,0,0.0,0.0,0.0,0.0,,0.8850574712643678
4,22,0,1844090,2024-08-03,marl_raw,32788.017208990794,0.896551724137931,0.9615384615384616,1.0,0.9655172413793104,0.9807692307692308,1.0,0.9655172413793104,0.9655172413793104,174,6,0,0,1,0,0,1,5,29,3,1,2,0.9655172413793104,0.9655172413793104,24.21176140746851,24.211756436304118,24.211756436304118,50.0,0.0,0.0,0,0,0.0051911596213661,2381,285,0.8292682926829268,29,24;25;44,44,,24;25;44,3,1,0,3,0.9402985074626866,0.9615384615384616,1.0,67,52,55,24;44,25,,2,1,0,82,68,0,0,0,0.0,0.0,0.0,0.0,,0.9655172413793104
4,22,1,1844091,2024-08-03,marl_raw,32788.017208990794,0.896551724137931,1.0,1.0,0.9022988505747128,1.0,1.0,0.9022988505747126,0.9022988505747126,174,17,0,0,0,0,0,0,17,29,3,0,3,0.9022988505747126,0.9022988505747126,20.683130630131423,20.68313597947701,20.68313597947701,50.0,0.0,0.0,0,0,0.0066299489444645,3037,288,0.7763157894736843,29,20;24;25,,,20;24;25,3,0,0,3,0.8955223880597015,0.8076923076923077,1.0,67,52,55,24;25,20;25,,2,2,0,76,59,0,0,0,0.0,0.0,0.0,0.0,,0.9022988505747126
4,22,2,1844092,2024-08-03,marl_raw,32788.017208990794,0.8620689655172413,0.9615384615384616,1.0,0.8908045977011494,0.9743589743589745,1.0,0.8908045977011494,0.8908045977011494,174,19,0,0,0,0,0,0,19,29,4,0,4,0.8908045977011494,0.8908045977011494,21.56537419215016,21.565374967695654,21.565374967695654,50.0,0.0,0.0,0,0,0.0062917539895958,2897,288,0.878048780487805,29,20;24;25;46,46,,20;24;25;46,4,1,0,4,0.8656716417910447,0.8076923076923077,1.0,67,52,55,24;25;46,20;25,,3,2,0,82,72,0,0,0,0.0,0.0,0.0,0.0,,0.8908045977011494
4,23,0,1845090,2024-08-03,marl_raw,32788.017208990794,0.6551724137931034,0.7307692307692307,1.0,0.7931034482758621,0.8525641025641024,1.0,0.7931034482758621,0.7931034482758621,174,36,0,0,5,0,0,4,32,29,10,2,8,0.7931034482758621,0.7931034482758621,34.63596954119617,34.635971503353666,34.635971503353666,50.0,0.0,0.0,0,0,0.0049967341813802,2249,284,0.7027027027027027,29,19;20;24;25;28;33;35;36;38;40,19;28;33;35;36;38;40,,19;20;24;25;28;33;35;36;38;40,10,7,0,10,0.7435897435897436,0.8072289156626506,1.0,78,83,13,19;20;24;33;35;36;38,19;20;25;28;40,,7,5,0,74,52,0,0,0,0.0,0.0,0.0,0.0,,0.7931034482758621
4,23,1,1845091,2024-08-03,marl_raw,32788.017208990794,0.5862068965517241,0.6538461538461539,1.0,0.8045977011494254,0.8653846153846154,1.0,0.8045977011494253,0.8045977011494253,174,34,4,0,0,4,0,0,34,29,12,0,12,0.8045977011494253,0.8045977011494253,32.632290069741764,32.63229709623874,32.63229709623874,50.0,0.0,0.0,0,0,0.0048260754726167,2206,288,0.8088235294117647,29,19;20;24;25;28;31;32;33;34;35;38;40,19;28;31;32;33;34;35;38;40,,19;20;24;25;28;31;32;33;34;35;38;40,12,9,0,12,0.7564102564102564,0.8192771084337349,1.0,78,83,13,19;20;24;32;33;34;35;38,19;25;28;31;40,,8,5,0,68,55,0,0,0,0.0,0.0,0.0,0.0,,0.8045977011494253
4,23,2,1845092,2024-08-03,marl_raw,32788.017208990794,0.8620689655172413,0.8846153846153846,1.0,0.9022988505747128,0.9294871794871796,1.0,0.9022988505747126,0.9022988505747126,174,17,8,4,4,6,4,4,13,29,4,1,3,0.9022988505747126,0.9022988505747126,28.16633817485009,28.16634074538604,28.16634074538604,50.0,0.0,0.0,0,0,0.0048772338583755,2243,286,0.7857142857142857,29,19;25;28;47,19;28;47,,19;25;28;47,4,3,0,4,0.9230769230769232,0.8674698795180723,1.0,78,83,13,19;47,19;25;28;47,,2,4,0,70,55,0,0,0,0.0,0.0,0.0,0.0,,0.9022988505747126
