bid_day_index,scenario,seed,realized_seed,service_date,evaluation_pipeline,offered_capacity_kw_block,up_pass_rate,down_pass_rate,idle_pass_rate,up_stay_mean,down_stay_mean,idle_stay_mean,global_tracking_rate,market_tracking_rate,assessed_steps,missed_steps,unreachable_sustained,unreachable_step,unreachable_obligated,missed_unreachable_sustained,missed_unreachable_step,missed_unreachable_obligated,missed_though_reachable,blocks_assessed,blocks_failed,blocks_failed_with_unreachable,blocks_failed_all_reachable,controller_pre_system_tracking_rate,central_tracking_rate,controller_pre_system_mae_kw,pre_bess_mae_kw,post_bess_mae_kw,bess_final_soc_pct,bess_max_abs_power_kw,bess_throughput_kwh,bess_power_limit_hits,bess_energy_limit_hits,central_absolute_correction_kwh,central_corrected_ev_steps,central_correction_active_steps,soc_hit_rate,participating_blocks,failed_up_blocks,failed_down_blocks,failed_idle_blocks,failed_tracking_blocks,failed_up_block_count,failed_down_block_count,failed_idle_block_count,failed_tracking_block_count,up_step_pass_rate,down_step_pass_rate,idle_step_pass_rate,up_active_step_count,down_active_step_count,idle_active_step_count,up_step_failed_blocks,down_step_failed_blocks,idle_step_failed_blocks,up_step_failed_block_count,down_step_failed_block_count,idle_step_failed_block_count,departing_evs,departing_evs_soc_met,forced_ev_step_overrides,forced_active_steps,forced_concurrent_max,forced_concurrent_p95,forced_kw_max,forced_kw_mean_active,forced_kw_to_band_max,forced_step_tracking_rate,unforced_step_tracking_rate
0,0,0,1422090,2024-04-01,rule_based_central,43925.55245397103,1.0,1.0,1.0,1.0,1.0,1.0,1.0,1.0,186,0,0,0,0,0,0,0,0,31,0,0,0,0.4354838709677419,1.0,201.0412152563372,6.049550989622711e-05,6.049550989622711e-05,50.0,0.0,0.0,0,0,3116.139134611932,6795,220,1.0,31,,,,,0,0,0,0,1.0,1.0,1.0,117,44,25,,,,0,0,0,78,78,254,166,5,3.0,87.79998655319216,24.26524674107301,87799986.7748658,1.0,1.0
0,0,1,1422091,2024-04-01,rule_based_central,43925.55245397103,1.0,1.0,1.0,1.0,1.0,1.0,1.0,1.0,186,0,0,0,0,0,0,0,0,31,0,0,0,0.4731182795698925,1.0,194.3943909317736,6.705266173167895e-05,6.705266173167895e-05,50.0,0.0,0.0,0,0,3013.113041201607,6379,202,1.0,31,,,,,0,0,0,0,1.0,1.0,1.0,117,44,25,,,,0,0,0,76,76,212,138,4,2.0,77.49999923706055,22.035384098401103,69199988.73062138,1.0,1.0
0,0,2,1422092,2024-04-01,rule_based_central,43925.55245397103,1.0,1.0,1.0,1.0,1.0,1.0,1.0,1.0,186,0,0,0,0,0,0,0,0,31,0,0,0,0.5268817204301075,1.0,189.7072876800773,6.8151181743991e-05,6.8151181743991e-05,50.0,0.0,0.0,0,0,2940.463218706969,5067,213,1.0,31,,,,,0,0,0,0,1.0,1.0,1.0,117,44,25,,,,0,0,0,75,75,374,202,5,3.649999999999977,99.62255163633527,28.103885118570147,65900000.92932096,1.0,1.0
0,1,0,1423090,2024-04-01,rule_based_central,43925.55245397103,1.0,1.0,1.0,1.0,1.0,1.0,1.0,1.0,186,0,6,0,0,0,0,0,0,31,0,0,0,0.4838709677419355,1.0,205.4549537149248,1.3893801378066182,1.3893801378066182,50.0,0.0,0.0,0,0,3163.018006683638,5106,237,1.0,31,,,,,0,0,0,0,1.0,1.0,1.0,84,83,19,,,,0,0,0,91,91,325,187,5,3.0,135.10000228881836,27.22351569739937,135100002.62991306,1.0,1.0
0,1,1,1423091,2024-04-01,rule_based_central,43925.55245397103,1.0,1.0,1.0,1.0,1.0,1.0,1.0,1.0,186,0,4,0,0,0,0,0,0,31,0,0,0,0.4731182795698925,1.0,208.9031111111724,0.7777193267579361,0.7777193267579361,50.0,0.0,0.0,0,0,3225.9446567098307,4618,220,1.0,31,,,,,0,0,0,0,1.0,1.0,1.0,84,83,19,,,,0,0,0,87,87,210,148,4,2.0,48.23600616455077,14.57221612086748,48236006.28633498,1.0,1.0
0,1,2,1423092,2024-04-01,rule_based_central,43925.55245397103,0.967741935483871,1.0,0.8,0.967741935483871,1.0,0.8,0.967741935483871,0.967741935483871,186,6,7,6,6,6,6,6,0,31,1,1,0,0.4677419354838709,0.967741935483871,210.17958854431265,8.942392972408124,8.942392972408124,50.0,0.0,0.0,0,0,3119.177457110956,4557,217,1.0,31,31,,31.0,31,1,0,1,1,0.988095238095238,1.0,0.7368421052631579,84,83,19,31,,31.0,1,0,1,74,74,150,120,3,2.0,91.89998474121096,17.333944567260918,91899984.97323611,0.9863013698630136,0.9557522123893806
0,2,0,1424090,2024-04-01,rule_based_central,43925.55245397103,0.935483870967742,0.9642857142857144,0.8333333333333334,0.956989247311828,0.9702380952380952,0.9166666666666666,0.956989247311828,0.956989247311828,186,8,10,8,8,8,8,8,0,31,2,2,0,0.532258064516129,0.956989247311828,237.82962562191872,17.863206473729942,17.863206473729942,50.0,0.0,0.0,0,0,3409.480377237001,5294,215,1.0,31,31;35,35,31.0,31;35,2,1,1,2,1.0,0.9230769230769232,0.9166666666666666,85,65,36,,35,31.0,0,1,1,77,77,177,111,4,2.0,76.51804267782464,19.00330363728529,52199997.469451405,0.9333333333333332,0.972972972972973
0,2,1,1424091,2024-04-01,rule_based_central,43925.55245397103,0.935483870967742,0.9642857142857144,0.8333333333333334,0.9408602150537634,0.9702380952380952,0.8333333333333334,0.9408602150537636,0.9408602150537636,186,11,11,11,11,11,11,11,0,31,2,2,0,0.5483870967741935,0.9408602150537636,234.8346000961078,22.81086761720719,22.81086761720719,50.0,0.0,0.0,0,0,3286.3689418981467,4824,215,1.0,31,31;35,35,31.0,31;35,2,1,1,2,1.0,0.9230769230769232,0.8333333333333334,85,65,36,,35,31.0,0,1,1,73,73,242,156,5,2.0,52.61027894942494,18.09246444229731,38500000.09720316,0.9646017699115044,0.9041095890410958
0,2,2,1424092,2024-04-01,rule_based_central,43925.55245397103,0.935483870967742,0.9642857142857144,0.8333333333333334,0.946236559139785,0.9702380952380952,0.861111111111111,0.946236559139785,0.946236559139785,186,10,11,10,10,10,10,10,0,31,2,2,0,0.532258064516129,0.946236559139785,234.13203181118087,24.489782046246276,24.489782046246276,50.0,0.0,0.0,0,0,3249.4560123061133,4628,252,1.0,31,31;35,35,31.0,31;35,2,1,1,2,1.0,0.9230769230769232,0.8611111111111112,85,65,36,,35,31.0,0,1,1,76,76,328,159,6,4.0,98.79998807907076,32.1732373309012,98799988.32851677,0.9767441860465116,0.92
0,3,0,1425090,2024-04-01,rule_based_central,43925.55245397103,0.967741935483871,0.9642857142857144,1.0,0.9946236559139786,0.9940476190476192,1.0,0.9946236559139784,0.9946236559139784,186,1,8,1,1,1,1,1,0,31,1,1,0,0.510752688172043,0.9946236559139784,230.64837202782272,1.6408650593091083,1.6408650593091083,50.0,0.0,0.0,0,0,3549.6172508498034,4970,214,1.0,31,33,33,,33,1,1,0,1,1.0,0.986842105263158,1.0,75,76,35,,33,,0,1,0,81,81,220,152,3,2.0,80.20000076293945,23.2636565403009,69200000.93765266,1.0,0.9906542056074766
0,3,1,1425091,2024-04-01,rule_based_central,43925.55245397103,0.8387096774193549,0.8928571428571429,0.8333333333333334,0.8978494623655915,0.9523809523809524,0.861111111111111,0.8978494623655914,0.8978494623655914,186,19,25,19,19,19,19,19,0,31,5,5,0,0.521505376344086,0.8978494623655914,223.734338560412,18.731984722998835,18.731984722998835,50.0,0.0,0.0,0,0,3177.537561525901,5014,208,1.0,31,23;24;31;33;37,24;33;37,31.0,23;24;31;33;37,5,3,1,5,0.92,0.8947368421052632,0.8571428571428571,75,76,35,23,24;33;37,31.0,1,3,1,70,70,225,139,4,3.0,122.23578440755556,27.69583914373806,52367992.23007073,0.8865979381443299,0.9101123595505618
0,3,2,1425092,2024-04-01,rule_based_central,43925.55245397103,0.9032258064516128,0.9285714285714286,0.8333333333333334,0.9301075268817204,0.9464285714285714,0.888888888888889,0.9301075268817204,0.9301075268817204,186,13,16,13,13,13,13,13,0,31,3,3,0,0.5268817204301075,0.9301075268817204,226.39379001304667,21.463196580128,21.463196580128,50.0,0.0,0.0,0,0,3176.425200006613,4444,219,1.0,31,31;33;37,33;37,31.0,31;33;37,3,2,1,3,1.0,0.881578947368421,0.8857142857142857,75,76,35,,33;37,31.0,0,2,1,76,76,283,135,5,4.0,93.4000015258789,32.95765622401865,93400001.76169124,0.934065934065934,0.9263157894736842
0,4,0,1426090,2024-04-01,rule_based_central,43925.55245397103,0.935483870967742,1.0,1.0,0.935483870967742,1.0,1.0,0.935483870967742,0.935483870967742,186,12,12,12,12,12,12,12,0,31,2,2,0,0.3709677419354839,0.935483870967742,189.57959269644115,15.390321198330131,15.390321198330131,50.0,0.0,0.0,0,0,2699.934765915076,4229,206,1.0,31,23;31,,,23;31,2,0,0,2,0.902439024390244,1.0,1.0,123,49,14,23;31,,,2,0,0,71,71,171,110,5,3.0,83.11531136790055,20.0609306896314,65900001.692260414,0.9863013698630136,0.9026548672566372
0,4,1,1426091,2024-04-01,rule_based_central,43925.55245397103,0.935483870967742,1.0,1.0,0.956989247311828,1.0,1.0,0.956989247311828,0.956989247311828,186,8,11,8,8,8,8,8,0,31,2,2,0,0.4032258064516129,0.956989247311828,188.3113897077499,5.730663966107112,5.730663966107112,50.0,0.0,0.0,0,0,2830.00221757094,5729,223,1.0,31,23;31,,,23;31,2,0,0,2,0.934959349593496,1.0,1.0,123,49,14,23;31,,,2,0,0,81,81,219,159,3,2.0,82.5,19.737318942934955,82500000.20829248,0.9705882352941176,0.9404761904761904
0,4,2,1426092,2024-04-01,rule_based_central,43925.55245397103,0.967741935483871,1.0,1.0,0.978494623655914,1.0,1.0,0.978494623655914,0.978494623655914,186,4,5,4,4,4,4,4,0,31,1,1,0,0.4354838709677419,0.978494623655914,185.4836606104528,4.255836497070969,4.255836497070969,50.0,0.0,0.0,0,0,2809.032359541705,5842,204,1.0,31,31,,,31,1,0,0,1,0.967479674796748,1.0,1.0,123,49,14,31,,,1,0,0,82,82,193,120,5,3.0,108.89998168945316,18.504778874328235,85199988.77101749,0.9801980198019802,0.976470588235294
0,5,0,1427090,2024-04-01,rule_based_central,43925.55245397103,1.0,1.0,1.0,1.0,1.0,1.0,1.0,1.0,186,0,0,0,0,0,0,0,0,31,0,0,0,0.6344086021505376,1.0,163.265689867799,6.015326387138777e-05,6.015326387138777e-05,50.0,0.0,0.0,0,0,2530.6186085343365,5589,248,1.0,31,,,,,0,0,0,0,1.0,1.0,1.0,88,62,36,,,,0,0,0,73,73,390,201,4,4.0,99.49998337162802,27.061717273234617,88800013.95710866,1.0,1.0
0,5,1,1427091,2024-04-01,rule_based_central,43925.55245397103,0.967741935483871,0.9642857142857144,1.0,0.9946236559139786,0.9940476190476192,1.0,0.9946236559139784,0.9946236559139784,186,1,0,0,1,0,0,1,0,31,1,1,0,0.6612903225806451,0.9946236559139784,140.0677937038483,0.7013673987439883,0.7013673987439883,50.0,0.0,0.0,0,0,2160.180916806063,6302,201,1.0,31,21,21,,21,1,1,0,1,0.9886363636363636,1.0,1.0,88,62,36,21,,,1,0,0,88,88,616,208,8,6.0,195.3736199777683,60.3310456877192,93960013.0172573,0.994186046511628,1.0
0,5,2,1427092,2024-04-01,rule_based_central,43925.55245397103,0.967741935483871,0.9642857142857144,1.0,0.9946236559139786,0.9940476190476192,1.0,0.9946236559139784,0.9946236559139784,186,1,3,0,1,1,0,1,0,31,1,1,0,0.7096774193548387,0.9946236559139784,129.11493486999183,3.1690010563019784,3.1690010563019784,50.0,0.0,0.0,0,0,1952.1636068547773,5940,220,1.0,31,21,21,,21,1,1,0,1,0.9886363636363636,1.0,1.0,88,62,36,21,,,1,0,0,83,83,1018,228,14,10.649999999999975,216.73186936823623,76.66617387114563,65900001.692260414,0.9942196531791908,1.0
0,6,0,1428090,2024-04-01,rule_based_central,43925.55245397103,0.967741935483871,1.0,0.8333333333333334,0.9838709677419356,1.0,0.9166666666666666,0.9838709677419356,0.9838709677419356,186,3,5,3,3,3,3,3,0,31,1,1,0,0.5376344086021505,0.9838709677419356,191.52613712783145,2.843259637073804,2.843259637073804,50.0,0.0,0.0,0,0,2924.5856901506563,5156,230,1.0,31,31,,31.0,31,1,0,1,1,1.0,1.0,0.9090909090909092,81,72,33,,,31.0,0,0,1,86,86,278,183,4,3.0,80.60944936224854,19.44593049082481,69200000.93765266,0.9897959183673468,0.9772727272727272
0,6,1,1428091,2024-04-01,rule_based_central,43925.55245397103,1.0,1.0,1.0,1.0,1.0,1.0,1.0,1.0,186,0,3,0,0,0,0,0,0,31,0,0,0,0.521505376344086,1.0,194.9272473928749,0.0295242904334943,0.0295242904334943,50.0,0.0,0.0,0,0,3020.915721486012,4896,216,1.0,31,,,,,0,0,0,0,1.0,1.0,1.0,81,72,33,,,,0,0,0,79,79,181,141,3,2.0,57.60000224113464,14.583554038391483,38500000.09720316,1.0,1.0
0,6,2,1428092,2024-04-01,rule_based_central,43925.55245397103,1.0,1.0,1.0,1.0,1.0,1.0,1.0,1.0,186,0,2,0,0,0,0,0,0,31,0,0,0,0.532258064516129,1.0,191.21567176106157,5.911755305502751e-05,5.911755305502751e-05,50.0,0.0,0.0,0,0,2963.8431464682003,5258,243,1.0,31,,,,,0,0,0,0,1.0,1.0,1.0,81,72,33,,,,0,0,0,81,81,291,160,6,4.0,155.495181242752,28.778177160298213,155495181.63533962,1.0,1.0
0,7,0,1429090,2024-04-01,rule_based_central,43925.55245397103,0.967741935483871,1.0,0.8,0.978494623655914,1.0,0.8666666666666666,0.978494623655914,0.978494623655914,186,4,6,4,4,4,4,4,0,31,1,1,0,0.4301075268817204,0.978494623655914,266.4068340005413,4.339988872569094,4.339988872569094,50.0,0.0,0.0,0,0,4062.0373579214006,6025,204,1.0,31,31,,31.0,31,1,0,1,1,1.0,1.0,0.7777777777777778,85,83,18,,,31.0,0,0,1,85,85,180,128,4,2.0,71.99996507962499,13.955996019072256,50000000.12623786,0.989247311827957,0.967741935483871
0,7,1,1429091,2024-04-01,rule_based_central,43925.55245397103,0.935483870967742,1.0,0.8,0.956989247311828,1.0,0.8333333333333334,0.956989247311828,0.956989247311828,186,8,16,8,8,8,8,8,0,31,2,2,0,0.4301075268817204,0.956989247311828,265.9543807762925,11.644933085287771,11.644933085287771,50.0,0.0,0.0,0,0,3941.797499269248,5109,204,1.0,31,23;31,,31.0,23;31,2,0,1,2,0.9647058823529412,1.0,0.7222222222222222,85,83,18,23,,31.0,1,0,1,72,72,214,163,4,2.0,60.99999794430205,13.762953751564286,60999998.09831224,0.946808510638298,0.967391304347826
0,7,2,1429092,2024-04-01,rule_based_central,43925.55245397103,0.967741935483871,1.0,0.8,0.967741935483871,1.0,0.8,0.967741935483871,0.967741935483871,186,6,10,6,6,6,6,6,0,31,1,1,0,0.4301075268817204,0.967741935483871,261.0990490631391,11.196192177393105,11.196192177393105,50.0,0.0,0.0,0,0,3873.49537689984,4558,202,1.0,31,31,,31.0,31,1,0,1,1,1.0,1.0,0.6666666666666666,85,83,18,,,31.0,0,0,1,72,72,265,117,7,4.649999999999977,129.69999542236334,33.25384544648663,74399996.3731447,0.989010989010989,0.9473684210526316
0,8,0,1430090,2024-04-01,rule_based_central,43925.55245397103,0.967741935483871,1.0,1.0,0.967741935483871,1.0,1.0,0.967741935483871,0.967741935483871,186,6,9,6,6,6,6,6,0,31,1,1,0,0.6129032258064516,0.967741935483871,192.73166252977103,8.595512492682344,8.595512492682344,50.0,0.0,0.0,0,0,2854.111448203526,4011,247,1.0,31,31,,,31,1,0,0,1,0.9333333333333332,1.0,1.0,90,60,36,31,,,1,0,0,76,76,235,147,4,3.0,76.9000015258789,22.433077271921334,76900001.72003275,0.9692307692307692,0.9669421487603306
0,8,1,1430091,2024-04-01,rule_based_central,43925.55245397103,0.967741935483871,1.0,1.0,0.9892473118279568,1.0,1.0,0.989247311827957,0.989247311827957,186,2,5,2,2,2,2,2,0,31,1,1,0,0.6129032258064516,0.989247311827957,189.272224487156,3.5962330807921705,3.5962330807921705,50.0,0.0,0.0,0,0,2877.978949646154,4876,213,1.0,31,31,,,31,1,0,0,1,0.9777777777777776,1.0,1.0,90,60,36,31,,,1,0,0,84,84,229,140,4,3.0,72.0,16.651889030988276,72000000.18178253,1.0,0.9787234042553192
0,8,2,1430092,2024-04-01,rule_based_central,43925.55245397103,0.967741935483871,1.0,1.0,0.9946236559139786,1.0,1.0,0.9946236559139784,0.9946236559139784,186,1,4,1,1,1,1,1,0,31,1,1,0,0.6397849462365591,0.9946236559139784,184.39786995034063,1.230197291220388,1.230197291220388,50.0,0.0,0.0,0,0,2839.1002816855903,5774,257,1.0,31,31,,,31,1,0,0,1,0.9888888888888888,1.0,1.0,90,60,36,31,,,1,0,0,90,90,306,180,5,3.0,124.20000076293944,23.109149410273275,49400001.02011696,0.98989898989899,1.0
0,9,0,1431090,2024-04-01,rule_based_central,43925.55245397103,0.967741935483871,0.9642857142857144,1.0,0.9892473118279568,0.988095238095238,1.0,0.989247311827957,0.989247311827957,186,2,0,0,2,0,0,2,0,31,1,1,0,0.4408602150537634,0.989247311827957,232.4492068713711,2.0027674808297107,2.0027674808297107,50.0,0.0,0.0,0,0,3571.921400020517,5922,223,1.0,31,30,30,,30,1,1,0,1,0.9818181818181818,1.0,1.0,110,59,17,30,,,1,0,0,75,75,660,235,9,6.0,174.98102493286137,45.853925035630375,50000000.12623786,0.9883040935672516,1.0
0,9,1,1431091,2024-04-01,rule_based_central,43925.55245397103,0.935483870967742,0.9285714285714286,1.0,0.978494623655914,0.9761904761904764,1.0,0.978494623655914,0.978494623655914,186,4,2,0,4,2,0,4,0,31,2,2,0,0.5376344086021505,0.978494623655914,225.94343244068085,5.753714110261651,5.753714110261651,50.0,0.0,0.0,0,0,3412.942470600208,6811,231,1.0,31,29;30,29;30,,29;30,2,2,0,2,0.9636363636363636,1.0,1.0,110,59,17,29;30,,,2,0,0,80,80,873,241,13,11.0,224.1554351488697,64.35479441436499,65899973.74960306,0.9766081871345028,1.0
0,9,2,1431092,2024-04-01,rule_based_central,43925.55245397103,0.967741935483871,0.9642857142857144,1.0,0.9838709677419356,0.9821428571428572,1.0,0.9838709677419356,0.9838709677419356,186,3,3,2,3,3,2,3,0,31,1,1,0,0.4838709677419355,0.9838709677419356,234.94909721420655,4.423959414164226,4.423959414164226,50.0,0.0,0.0,0,0,3573.1407470529257,5448,204,1.0,31,30,30,,30,1,1,0,1,0.9727272727272728,1.0,1.0,110,59,17,30,,,1,0,0,86,86,475,152,11,9.0,268.72681200184195,55.74209946210159,78547962.53199275,0.976,1.0
0,10,0,1432090,2024-04-01,rule_based_central,43925.55245397103,0.935483870967742,0.9642857142857144,0.8,0.989247311827957,0.9940476190476192,0.9666666666666668,0.989247311827957,0.989247311827957,186,2,7,2,2,2,2,2,0,31,2,2,0,0.2741935483870967,0.989247311827957,244.88768596815007,1.8544936469726023,1.8544936469726023,50.0,0.0,0.0,0,0,3767.015428644915,5339,209,1.0,31,31;39,39,31.0,31;39,2,1,1,2,1.0,0.9863013698630136,0.9545454545454546,91,73,22,,39,31.0,0,1,1,80,80,256,170,5,3.0,81.89999380906413,19.97802110345778,72400004.76042916,0.9908256880733946,0.987012987012987
0,10,1,1432091,2024-04-01,rule_based_central,43925.55245397103,1.0,1.0,1.0,1.0,1.0,1.0,1.0,1.0,186,0,1,0,0,0,0,0,0,31,0,0,0,0.2795698924731182,1.0,240.25600771505827,7.556406881219597e-05,7.556406881219597e-05,50.0,0.0,0.0,0,0,3723.968413372834,6496,259,1.0,31,,,,,0,0,0,0,1.0,1.0,1.0,91,73,22,,,,0,0,0,79,79,402,214,4,4.0,83.51996500968895,24.40875809681283,83519965.22055659,1.0,1.0
0,10,2,1432092,2024-04-01,rule_based_central,43925.55245397103,1.0,1.0,1.0,1.0,1.0,1.0,1.0,1.0,186,0,4,0,0,0,0,0,0,31,0,0,0,0.2849462365591398,1.0,243.49726900181943,1.8710051626367596,1.8710051626367596,50.0,0.0,0.0,0,0,3745.20829612886,5938,226,1.0,31,,,,,0,0,0,0,1.0,1.0,1.0,91,73,22,,,,0,0,0,77,77,195,143,3,2.0,74.19999618530277,17.75057335052969,74199992.55794248,1.0,1.0
0,11,0,1433090,2024-04-01,rule_based_central,43925.55245397103,0.935483870967742,1.0,0.8571428571428571,0.935483870967742,1.0,0.8571428571428571,0.935483870967742,0.935483870967742,186,12,12,12,12,12,12,12,0,31,2,2,0,0.5376344086021505,0.935483870967742,182.1104937202187,12.0800715825891,12.0800715825891,50.0,0.0,0.0,0,0,2635.4723983009667,3881,211,1.0,31,23;31,,31.0,23;31,2,0,1,2,0.9393939393939394,1.0,0.8,99,57,30,23,,31.0,1,0,1,76,76,199,138,5,2.0,143.3999877452847,17.954241843799146,134039973.74044172,0.91,0.9651162790697676
0,11,1,1433091,2024-04-01,rule_based_central,43925.55245397103,1.0,1.0,1.0,1.0,1.0,1.0,1.0,1.0,186,0,0,0,0,0,0,0,0,31,0,0,0,0.5268817204301075,1.0,178.55984450476143,7.200753816994287e-05,7.200753816994287e-05,50.0,0.0,0.0,0,0,2767.67761240527,6050,214,1.0,31,,,,,0,0,0,0,1.0,1.0,1.0,99,57,30,,,,0,0,0,88,88,261,155,7,3.0,118.1867522748872,22.453317555354065,46700000.88084562,1.0,1.0
0,11,2,1433092,2024-04-01,rule_based_central,43925.55245397103,0.967741935483871,1.0,0.8571428571428571,0.9892473118279568,1.0,0.9523809523809524,0.989247311827957,0.989247311827957,186,2,5,2,2,2,2,2,0,31,1,1,0,0.532258064516129,0.989247311827957,182.0956813071364,2.835803354940107,2.835803354940107,50.0,0.0,0.0,0,0,2778.5292108270014,5674,227,1.0,31,31,,31.0,31,1,0,1,1,1.0,1.0,0.9333333333333332,99,57,30,,,31.0,0,0,1,84,84,301,146,5,5.0,110.4000015258789,28.828135935109444,79600002.48978904,1.0,0.9813084112149532
0,12,0,1434090,2024-04-01,rule_based_central,43925.55245397103,0.935483870967742,1.0,1.0,0.967741935483871,1.0,1.0,0.967741935483871,0.967741935483871,186,6,11,6,6,6,6,6,0,31,2,2,0,0.4408602150537634,0.967741935483871,195.83783770825272,6.006364924933321,6.006364924933321,50.0,0.0,0.0,0,0,2942.3888784646992,5006,222,1.0,31,17;23,,,17;23,2,0,0,2,0.9154929577464788,1.0,1.0,71,92,23,17;23,,,2,0,0,84,84,188,132,3,2.0,60.99998513062788,13.364824380170257,60999985.28463803,0.9875,0.9528301886792452
0,12,1,1434091,2024-04-01,rule_based_central,43925.55245397103,1.0,1.0,1.0,1.0,1.0,1.0,1.0,1.0,186,0,2,0,0,0,0,0,0,31,0,0,0,0.4408602150537634,1.0,193.11006797641835,6.265537713163643e-05,6.265537713163643e-05,50.0,0.0,0.0,0,0,2993.20606605212,4985,195,1.0,31,,,,,0,0,0,0,1.0,1.0,1.0,71,92,23,,,,0,0,0,79,79,134,105,3,2.0,77.49999801317813,12.151866418142555,77499998.20884681,1.0,1.0
0,12,2,1434092,2024-04-01,rule_based_central,43925.55245397103,0.967741935483871,1.0,0.8,0.9892473118279568,1.0,0.9333333333333332,0.989247311827957,0.989247311827957,186,2,4,2,2,2,2,2,0,31,1,1,0,0.4946236559139785,0.989247311827957,187.65889750821617,1.9717391434536184,1.9717391434536184,50.0,0.0,0.0,0,0,2878.1520733535285,5284,230,1.0,31,31,,31.0,31,1,0,1,1,1.0,1.0,0.9130434782608696,71,92,23,,,31.0,0,0,1,93,93,346,198,5,4.0,118.70000076293944,23.494757642373163,76900001.72003275,0.9856115107913668,1.0
0,13,0,1435090,2024-04-01,rule_based_central,43925.55245397103,0.967741935483871,1.0,0.8333333333333334,0.978494623655914,1.0,0.888888888888889,0.978494623655914,0.978494623655914,186,4,6,4,4,4,4,4,0,31,1,1,0,0.5698924731182796,0.978494623655914,188.02036144784705,3.854554949268218,3.854554949268218,50.0,0.0,0.0,0,0,2854.571166676781,4984,237,1.0,31,31,,31.0,31,1,0,1,1,1.0,1.0,0.8787878787878788,92,61,33,,,31.0,0,0,1,80,80,248,174,4,2.0,88.49999345143553,17.184942410319085,88499993.67487653,0.9772727272727272,0.979591836734694
0,13,1,1435091,2024-04-01,rule_based_central,43925.55245397103,0.935483870967742,1.0,0.8333333333333334,0.935483870967742,1.0,0.8333333333333334,0.935483870967742,0.935483870967742,186,12,12,12,12,12,12,12,0,31,2,2,0,0.5483870967741935,0.935483870967742,186.6280760906076,19.49316743881472,19.49316743881472,50.0,0.0,0.0,0,0,2590.592323283355,4255,240,1.0,31,23;31,,31.0,23;31,2,0,1,2,0.9347826086956522,1.0,0.8181818181818182,92,61,33,23,,31.0,1,0,1,71,71,280,175,4,3.0,85.20000076293945,19.214335374941417,65900001.692260414,0.92,0.9534883720930232
0,13,2,1435092,2024-04-01,rule_based_central,43925.55245397103,1.0,1.0,1.0,1.0,1.0,1.0,1.0,1.0,186,0,0,0,0,0,0,0,0,31,0,0,0,0.5860215053763441,1.0,176.69410806445666,7.410459620978243e-05,7.410459620978243e-05,50.0,0.0,0.0,0,0,2738.759185353914,6826,211,1.0,31,,,,,0,0,0,0,1.0,1.0,1.0,92,61,33,,,,0,0,0,93,93,368,160,8,5.0,176.39999694824218,40.50208274846257,121299997.25449526,1.0,1.0
0,14,0,1436090,2024-04-01,rule_based_central,43925.55245397103,0.967741935483871,1.0,0.8571428571428571,0.967741935483871,1.0,0.8571428571428571,0.967741935483871,0.967741935483871,186,6,6,6,6,6,6,6,0,31,1,1,0,0.521505376344086,0.967741935483871,205.04095569118775,8.646549071035077,8.646549071035077,50.0,0.0,0.0,0,0,3044.1143201390896,4966,217,1.0,31,31,,31.0,31,1,0,1,1,1.0,1.0,0.7931034482758621,85,72,29,,,31.0,0,0,1,84,84,181,132,3,2.0,74.19999155998197,17.1460293848755,74199991.74731894,0.9761904761904762,0.9607843137254902
0,14,1,1436091,2024-04-01,rule_based_central,43925.55245397103,1.0,1.0,1.0,1.0,1.0,1.0,1.0,1.0,186,0,5,0,0,0,0,0,0,31,0,0,0,0.521505376344086,1.0,199.4137504619937,1.29990900716474,1.29990900716474,50.0,0.0,0.0,0,0,3070.7656082908325,4897,235,1.0,31,,,,,0,0,0,0,1.0,1.0,1.0,85,72,29,,,,0,0,0,76,76,335,145,7,4.649999999999977,130.7994529724121,32.00625469480312,68700000.93639028,1.0,1.0
0,14,2,1436092,2024-04-01,rule_based_central,43925.55245397103,0.967741935483871,0.9642857142857144,1.0,0.9946236559139784,0.994047619047619,1.0,0.9946236559139784,0.9946236559139784,186,1,5,1,1,1,1,1,0,31,1,1,0,0.5268817204301075,0.9946236559139784,207.3928564037046,0.9470221919398154,0.9470221919398154,50.0,0.0,0.0,0,0,3199.9116583267837,5251,206,1.0,31,47,47,,47,1,1,0,1,1.0,0.9861111111111112,1.0,85,72,29,,47,,0,1,0,80,80,132,106,4,2.0,75.48420920971131,14.205180053981106,50000000.12623786,0.9857142857142858,1.0
0,15,0,1437090,2024-04-01,rule_based_central,43925.55245397103,0.935483870967742,0.9642857142857144,1.0,0.9838709677419356,0.988095238095238,1.0,0.9838709677419356,0.9838709677419356,186,3,8,3,3,3,3,3,0,31,2,2,0,0.3817204301075269,0.9838709677419356,240.80044412100187,3.464518855976802,3.464518855976802,50.0,0.0,0.0,0,0,3678.7078717459617,5556,226,1.0,31,31;40,40,,31;40,2,1,0,2,0.9904761904761904,0.9682539682539684,1.0,105,63,18,31,40,,1,1,0,76,76,241,157,4,3.0,100.0,28.01421737507413,99399985.56437609,0.9871794871794872,0.9814814814814816
0,15,1,1437091,2024-04-01,rule_based_central,43925.55245397103,0.967741935483871,0.9642857142857144,1.0,0.9731182795698924,0.9702380952380952,1.0,0.9731182795698924,0.9731182795698924,186,5,7,5,5,5,5,5,0,31,1,1,0,0.3870967741935484,0.9731182795698924,239.55005081302377,4.696159498025012,4.696159498025012,50.0,0.0,0.0,0,0,3640.236734149357,6120,214,1.0,31,40,40,,40,1,1,0,1,1.0,0.9206349206349206,1.0,105,63,18,,40,,0,1,0,81,81,231,183,3,2.0,64.16711675990082,15.190140438646656,50000000.12623786,0.9838709677419356,0.9516129032258064
0,15,2,1437092,2024-04-01,rule_based_central,43925.55245397103,1.0,1.0,1.0,1.0,1.0,1.0,1.0,1.0,186,0,1,0,0,0,0,0,0,31,0,0,0,0.3709677419354839,1.0,240.03658076383732,0.1879035247269497,0.1879035247269497,50.0,0.0,0.0,0,0,3717.655919283628,5396,241,1.0,31,,,,,0,0,0,0,1.0,1.0,1.0,105,63,18,,,,0,0,0,73,73,239,158,3,2.0,77.5,21.9823003314258,69199998.72300896,1.0,1.0
0,16,0,1438090,2024-04-01,rule_based_central,43925.55245397103,1.0,1.0,1.0,1.0,1.0,1.0,1.0,1.0,186,0,0,0,0,0,0,0,0,31,0,0,0,0.5483870967741935,1.0,183.68126089598545,7.239721154653897e-05,7.239721154653897e-05,50.0,0.0,0.0,0,0,2847.059570789336,6147,192,1.0,31,,,,,0,0,0,0,1.0,1.0,1.0,83,63,40,,,,0,0,0,80,80,225,137,6,3.0,112.69997555812154,18.70381677177891,27500000.069430824,1.0,1.0
0,16,1,1438091,2024-04-01,rule_based_central,43925.55245397103,0.967741935483871,1.0,0.8571428571428571,0.967741935483871,1.0,0.8571428571428571,0.967741935483871,0.967741935483871,186,6,6,6,6,6,6,6,0,31,1,1,0,0.5483870967741935,0.967741935483871,188.1499167155194,10.66247154563986,10.66247154563986,50.0,0.0,0.0,0,0,2751.0564865022934,4606,247,1.0,31,31,,31.0,31,1,0,1,1,0.9759036144578314,1.0,0.9,83,63,40,31,,31.0,1,0,1,75,75,222,152,4,3.0,69.19999264611147,20.36365619267255,61000000.15401019,0.976470588235294,0.9603960396039604
0,16,2,1438092,2024-04-01,rule_based_central,43925.55245397103,0.967741935483871,1.0,0.8571428571428571,0.967741935483871,1.0,0.8571428571428571,0.967741935483871,0.967741935483871,186,6,6,6,6,6,6,6,0,31,1,1,0,0.5376344086021505,0.967741935483871,186.1202954765289,5.858799595986644,5.858799595986644,50.0,0.0,0.0,0,0,2794.054358498505,5948,212,1.0,31,31,,31.0,31,1,0,1,1,0.9759036144578314,1.0,0.9,83,63,40,31,,31.0,1,0,1,85,85,245,171,4,2.0,83.64960441589358,17.622483644625554,55000000.13886165,0.991304347826087,0.9295774647887324
0,17,0,1439090,2024-04-01,rule_based_central,43925.55245397103,0.967741935483871,1.0,0.8571428571428571,0.9946236559139786,1.0,0.9761904761904764,0.9946236559139784,0.9946236559139784,186,1,4,1,1,1,1,1,0,31,1,1,0,0.5913978494623656,0.9946236559139784,177.91767688408012,1.4966835156884244,1.4966835156884244,50.0,0.0,0.0,0,0,2734.526365786792,4314,237,1.0,31,31,,31.0,31,1,0,1,1,1.0,1.0,0.9761904761904762,87,57,42,,,31.0,0,0,1,77,77,268,169,5,3.0,126.89996938705455,23.78404556852638,126899959.86870432,0.9908256880733946,1.0
0,17,1,1439091,2024-04-01,rule_based_central,43925.55245397103,0.967741935483871,1.0,0.8571428571428571,0.967741935483871,1.0,0.8571428571428571,0.967741935483871,0.967741935483871,186,6,7,6,6,6,6,6,0,31,1,1,0,0.5806451612903226,0.967741935483871,182.76310999915805,6.526397144121509,6.526397144121509,50.0,0.0,0.0,0,0,2731.67006797095,5189,233,1.0,31,31,,31.0,31,1,0,1,1,1.0,1.0,0.8571428571428571,87,57,42,,,31.0,0,0,1,75,75,251,161,4,3.0,85.19999877611758,23.245366057191944,76799978.83159666,0.967391304347826,0.9680851063829788
0,17,2,1439092,2024-04-01,rule_based_central,43925.55245397103,1.0,1.0,1.0,1.0,1.0,1.0,1.0,1.0,186,0,1,0,0,0,0,0,0,31,0,0,0,0.6021505376344086,1.0,184.4900723870403,7.525727313051941e-05,7.525727313051941e-05,50.0,0.0,0.0,0,0,2859.5964011326428,5995,227,1.0,31,,,,,0,0,0,0,1.0,1.0,1.0,87,57,42,,,,0,0,0,84,84,226,161,4,2.0,138.39999647140434,21.710282420572995,138399996.82083073,1.0,1.0
0,18,0,1440090,2024-04-01,rule_based_central,43925.55245397103,0.935483870967742,1.0,1.0,0.9623655913978494,1.0,1.0,0.9623655913978496,0.9623655913978496,186,7,7,7,7,7,7,7,0,31,2,2,0,0.5483870967741935,0.9623655913978496,212.8513610254052,5.583107281756657,5.583107281756657,50.0,0.0,0.0,0,0,3212.6595036586123,5735,246,1.0,31,17;23,,,17;23,2,0,0,2,0.9285714285714286,1.0,1.0,98,48,40,17;23,,,2,0,0,66,66,450,203,6,5.0,110.5,28.592094570115723,110500000.27898568,0.9426229508196722,1.0
0,18,1,1440091,2024-04-01,rule_based_central,43925.55245397103,0.967741935483871,1.0,0.8571428571428571,0.978494623655914,1.0,0.9047619047619048,0.978494623655914,0.978494623655914,186,4,6,4,4,4,4,4,0,31,1,1,0,0.553763440860215,0.978494623655914,217.84291749679917,3.914491243259881,3.914491243259881,50.0,0.0,0.0,0,0,3315.892011106945,5411,220,1.0,31,31,,31.0,31,1,0,1,1,1.0,1.0,0.9,98,48,40,,,31.0,0,0,1,76,76,249,148,4,3.0,96.69998262193477,28.238414182634777,77500000.1956687,0.9903846153846154,0.9634146341463414
0,18,2,1440092,2024-04-01,rule_based_central,43925.55245397103,1.0,1.0,1.0,1.0,1.0,1.0,1.0,1.0,186,0,0,0,0,0,0,0,0,31,0,0,0,0.5376344086021505,1.0,218.06601887749088,6.716738465011761e-05,6.716738465011761e-05,50.0,0.0,0.0,0,0,3380.023596028485,5707,213,1.0,31,,,,,0,0,0,0,1.0,1.0,1.0,98,48,40,,,,0,0,0,75,75,318,148,7,3.0,117.32956777531182,32.474720676448904,105000000.26509953,1.0,1.0
0,19,0,1441090,2024-04-01,rule_based_central,43925.55245397103,0.935483870967742,0.9285714285714286,1.0,0.967741935483871,0.9642857142857144,1.0,0.967741935483871,0.967741935483871,186,6,3,2,6,3,2,6,0,31,2,2,0,0.5053763440860215,0.967741935483871,230.3008144824736,11.127528687959076,11.127528687959076,50.0,0.0,0.0,0,0,3397.187626481055,6184,217,1.0,31,29;30,29;30,,29;30,2,2,0,2,0.9428571428571428,1.0,1.0,105,61,20,29;30,,,2,0,0,78,78,781,223,13,8.0,224.73425230624932,64.50037665450017,46700000.88084562,0.967741935483871,
0,19,1,1441091,2024-04-01,rule_based_central,43925.55245397103,0.935483870967742,0.9285714285714286,1.0,0.9838709677419356,0.9821428571428572,1.0,0.9838709677419356,0.9838709677419356,186,3,2,2,3,2,2,3,0,31,2,2,0,0.510752688172043,0.9838709677419356,223.18578195187357,2.4644821651520266,2.4644821651520266,50.0,0.0,0.0,0,0,3421.181780522068,5988,202,1.0,31,30;35,30;35,,30;35,2,2,0,2,0.9904761904761904,0.9672131147540984,1.0,105,61,20,30,35,,1,1,0,71,71,786,216,10,8.0,190.78096670705028,58.37360636924536,102199998.84341308,0.9822485207100592,1.0
0,19,2,1441092,2024-04-01,rule_based_central,43925.55245397103,0.967741935483871,0.9642857142857144,1.0,0.978494623655914,0.9761904761904762,1.0,0.978494623655914,0.978494623655914,186,4,1,0,4,1,0,4,0,31,1,1,0,0.5053763440860215,0.978494623655914,231.96135919837545,6.0413594451001895,6.0413594451001895,50.0,0.0,0.0,0,0,3501.762284112474,6593,216,1.0,31,30,30,,30,1,1,0,1,0.961904761904762,1.0,1.0,105,61,20,30,,,1,0,0,85,85,1248,237,13,11.0,334.09997091293405,109.28749724396808,76899993.2959094,0.978021978021978,1.0
0,20,0,1442090,2024-04-01,rule_based_central,43925.55245397103,0.967741935483871,1.0,0.8571428571428571,0.9838709677419356,1.0,0.9285714285714286,0.9838709677419356,0.9838709677419356,186,3,8,3,3,3,3,3,0,31,1,1,0,0.5483870967741935,0.9838709677419356,192.5009056765546,4.939449166738859,4.939449166738859,50.0,0.0,0.0,0,0,2907.2036147812973,4174,202,1.0,31,31,,31.0,31,1,0,1,1,1.0,1.0,0.925,87,59,40,,,31.0,0,0,1,80,80,187,117,4,3.0,85.10000228881836,19.52747665018549,50000000.12623786,0.9777777777777776,0.9895833333333334
0,20,1,1442091,2024-04-01,rule_based_central,43925.55245397103,0.935483870967742,1.0,0.8571428571428571,0.935483870967742,1.0,0.8571428571428571,0.935483870967742,0.935483870967742,186,12,12,12,12,12,12,12,0,31,2,2,0,0.5806451612903226,0.935483870967742,185.63992486397424,13.735472125391809,13.735472125391809,50.0,0.0,0.0,0,0,2664.5200853347774,4419,210,1.0,31,23;31,,31.0,23;31,2,0,1,2,0.9310344827586208,1.0,0.85,87,59,40,23,,31.0,1,0,1,72,72,320,115,7,5.0,125.34736450652564,39.3382046875846,109600001.11912546,0.9222222222222224,0.9479166666666666
0,20,2,1442092,2024-04-01,rule_based_central,43925.55245397103,1.0,1.0,1.0,1.0,1.0,1.0,1.0,1.0,186,0,2,0,0,0,0,0,0,31,0,0,0,0.5483870967741935,1.0,191.8892924657432,0.5508966753559728,0.5508966753559728,50.0,0.0,0.0,0,0,2965.746560672916,5468,214,1.0,31,,,,,0,0,0,0,1.0,1.0,1.0,87,59,40,,,,0,0,0,75,75,264,125,5,4.0,104.399972820282,30.28938361962512,104399973.0838666,1.0,1.0
0,21,0,1443090,2024-04-01,rule_based_central,43925.55245397103,0.967741935483871,1.0,0.8571428571428571,0.9946236559139786,1.0,0.9761904761904764,0.9946236559139784,0.9946236559139784,186,1,3,1,1,1,1,1,0,31,1,1,0,0.3494623655913978,0.9946236559139784,311.13516761090165,3.0983099373438026,3.0983099373438026,50.0,0.0,0.0,0,0,4774.572212810319,5803,234,1.0,31,31,,31.0,31,1,0,1,1,1.0,1.0,0.9655172413793104,94,63,29,,,31.0,0,0,1,79,79,254,170,4,3.0,80.20000076293945,22.68270143240762,61460004.14153002,1.0,0.987012987012987
0,21,1,1443091,2024-04-01,rule_based_central,43925.55245397103,1.0,1.0,1.0,1.0,1.0,1.0,1.0,1.0,186,0,0,0,0,0,0,0,0,31,0,0,0,0.3924731182795699,1.0,301.52167991348495,8.068289808047716e-05,8.068289808047716e-05,50.0,0.0,0.0,0,0,4673.586230637508,6973,213,1.0,31,,,,,0,0,0,0,1.0,1.0,1.0,94,63,29,,,,0,0,0,95,95,541,195,8,6.649999999999977,191.48773803710944,48.84740119151237,93400001.76169124,1.0,1.0
0,21,2,1443092,2024-04-01,rule_based_central,43925.55245397103,1.0,1.0,1.0,1.0,1.0,1.0,1.0,1.0,186,0,0,0,0,0,0,0,0,31,0,0,0,0.4139784946236559,1.0,305.8058831185423,0.0331104647728704,0.0331104647728704,50.0,0.0,0.0,0,0,4739.479244152706,6025,228,1.0,31,,,,,0,0,0,0,1.0,1.0,1.0,94,63,29,,,,0,0,0,83,83,369,179,7,4.0,96.14942553838084,33.2815656426694,87900000.88949805,1.0,1.0
0,22,0,1444090,2024-04-01,rule_based_central,43925.55245397103,0.967741935483871,1.0,0.8571428571428571,0.978494623655914,1.0,0.8857142857142858,0.978494623655914,0.978494623655914,186,4,6,4,4,4,4,4,0,31,1,1,0,0.3709677419354839,0.978494623655914,241.56882620594837,4.061714019185754,4.061714019185754,50.0,0.0,0.0,0,0,3681.361323212585,4880,202,1.0,31,31,,31.0,31,1,0,1,1,1.0,1.0,0.8620689655172413,87,70,29,,,31.0,0,0,1,75,75,310,153,8,4.0,189.8467645868004,39.321244570052606,46700000.88084562,0.9743589743589745,0.9855072463768116
0,22,1,1444091,2024-04-01,rule_based_central,43925.55245397103,1.0,1.0,1.0,1.0,1.0,1.0,1.0,1.0,186,0,5,0,0,0,0,0,0,31,0,0,0,0.4032258064516129,1.0,232.5843013617941,0.2286766773910932,0.2286766773910932,50.0,0.0,0.0,0,0,3601.5133072497943,5623,210,1.0,31,,,,,0,0,0,0,1.0,1.0,1.0,87,70,29,,,,0,0,0,79,79,298,165,5,3.0,133.84765090942386,30.9188320881338,77500000.1956687,1.0,1.0
0,22,2,1444092,2024-04-01,rule_based_central,43925.55245397103,0.935483870967742,0.9642857142857144,0.8571428571428571,0.9623655913978496,0.9940476190476192,0.8571428571428571,0.9623655913978496,0.9623655913978496,186,7,6,6,7,6,6,7,0,31,2,2,0,0.4354838709677419,0.9623655913978496,228.9548463772692,8.615601098024717,8.615601098024717,50.0,0.0,0.0,0,0,3415.259860148033,5810,228,1.0,31,31;36,36,31.0,31;36,2,1,1,2,0.9770114942528736,1.0,0.8275862068965517,87,70,29,31;36,,31.0,2,0,1,81,81,698,243,9,7.0,198.90000076293944,42.60872784855414,68699992.54405628,0.95625,1.0
0,23,0,1445090,2024-04-01,rule_based_central,43925.55245397103,0.967741935483871,1.0,0.8571428571428571,0.9946236559139786,1.0,0.8571428571428571,0.9946236559139784,0.9946236559139784,186,1,4,1,1,1,1,1,0,31,1,1,0,0.5591397849462365,0.9946236559139784,191.79235992700825,1.1428697852678196,1.1428697852678196,50.0,0.0,0.0,0,0,2955.0683396756654,4985,229,1.0,31,31,,31.0,31,1,0,1,1,1.0,1.0,0.96875,88,66,32,,,31.0,0,0,1,87,87,229,154,5,2.0,117.15602062500956,20.835171862077893,117156020.92080007,0.9866666666666668,1.0
0,23,1,1445091,2024-04-01,rule_based_central,43925.55245397103,0.967741935483871,1.0,0.8571428571428571,0.9838709677419356,1.0,0.8571428571428571,0.9838709677419356,0.9838709677419356,186,3,5,3,3,3,3,3,0,31,1,1,0,0.553763440860215,0.9838709677419356,190.475830068952,3.5322399344495548,3.5322399344495548,50.0,0.0,0.0,0,0,2897.627012888587,4677,238,1.0,31,31,,31.0,31,1,0,1,1,0.9772727272727272,1.0,0.96875,88,66,32,31,,31.0,1,0,1,80,80,265,155,4,3.0,91.2,22.710212150747928,91200000.23025788,0.9772727272727272,0.9897959183673468
0,23,2,1445092,2024-04-01,rule_based_central,43925.55245397103,1.0,1.0,1.0,1.0,1.0,1.0,1.0,1.0,186,0,0,0,0,0,0,0,0,31,0,0,0,0.5591397849462365,1.0,187.75783812871543,7.55351076843918e-05,7.55351076843918e-05,50.0,0.0,0.0,0,0,2910.2463586330414,6423,232,1.0,31,,,,,0,0,0,0,1.0,1.0,1.0,88,66,32,,,,0,0,0,86,86,240,178,3,2.0,77.49999923706055,19.053429518460312,77499999.43272924,1.0,1.0
1,0,0,1522090,2024-04-06,rule_based_central,32923.395268899025,0.9666666666666668,0.9666666666666668,1.0,0.9888888888888888,0.9888888888888888,1.0,0.9888888888888888,0.9888888888888888,180,2,2,2,2,2,2,2,0,30,1,1,0,0.6277777777777778,0.9888888888888888,154.96650256779458,0.5736225763956706,0.5736225763956706,50.0,0.0,0.0,0,0,2315.8944588104896,4666,238,1.0,30,18,18,,18,1,1,0,1,1.0,0.9761904761904762,1.0,50,84,46,,18,,0,1,0,79,79,395,214,5,3.0,153.95597806771696,26.636082424633987,86379999.3025617,0.984126984126984,1.0
1,0,1,1522091,2024-04-06,rule_based_central,32923.395268899025,1.0,1.0,1.0,1.0,1.0,1.0,1.0,1.0,180,0,0,0,0,0,0,0,0,30,0,0,0,0.6388888888888888,1.0,152.76938723127049,0.0775584273868136,0.0775584273868136,50.0,0.0,0.0,0,0,2290.378611663978,4192,224,1.0,30,,,,,0,0,0,0,1.0,1.0,1.0,50,84,46,,,,0,0,0,81,81,299,162,5,3.0,104.99999801317811,31.393313040188797,104999998.27827764,1.0,1.0
1,0,2,1522092,2024-04-06,rule_based_central,32923.395268899025,1.0,1.0,1.0,1.0,1.0,1.0,1.0,1.0,180,0,0,0,0,0,0,0,0,30,0,0,0,0.6111111111111112,1.0,160.23742470211454,6.084971957736545e-05,6.084971957736545e-05,50.0,0.0,0.0,0,0,2403.5615022420734,5832,201,1.0,30,,,,,0,0,0,0,1.0,1.0,1.0,50,84,46,,,,0,0,0,74,74,168,107,5,2.0,77.5,21.24897161565077,55000000.13886165,1.0,1.0
1,1,0,1523090,2024-04-06,rule_based_central,32923.395268899025,0.8,0.8,0.7142857142857143,0.8666666666666667,0.8666666666666667,0.8333333333333333,0.8666666666666667,0.8666666666666667,180,24,0,0,24,0,0,24,0,30,6,6,0,0.4111111111111111,0.8666666666666667,155.521591785219,40.30349312888252,40.30349312888252,50.0,0.0,0.0,0,0,1728.2735803946848,4802,251,1.0,30,37;39;40;41;42;46,37;39;40;41;42;46,40;46,37;39;40;41;42;46,6,6,2,6,0.8043478260869565,0.981132075471698,0.8571428571428571,92,53,35,37;39;40;41;42,40,40;46,5,1,2,81,81,1541,255,21,16.649999999999977,461.3809820843119,122.68289523625428,118699975.3134212,0.8651685393258427,1.0
1,1,1,1523091,2024-04-06,rule_based_central,32923.395268899025,0.7666666666666667,0.7666666666666667,1.0,0.8611111111111112,0.8611111111111112,1.0,0.8611111111111112,0.8611111111111112,180,25,0,0,25,0,0,25,0,30,7,7,0,0.4388888888888889,0.8611111111111112,174.60914701355827,41.401360024346246,41.401360024346246,50.0,0.0,0.0,0,0,1998.11860788862,5128,216,1.0,30,32;33;34;35;36;37;41,32;33;34;35;36;37;41,,32;33;34;35;36;37;41,7,7,0,7,0.7934782608695652,0.8867924528301887,1.0,92,53,35,32;33;35;36;37;41,34,,6,1,0,83,83,1583,223,21,19.0,476.10000225702896,139.5341004589938,46700000.88084562,0.8611111111111112,
1,1,2,1523092,2024-04-06,rule_based_central,32923.395268899025,0.8,0.8,0.7142857142857143,0.8555555555555555,0.8555555555555555,0.7976190476190476,0.8555555555555555,0.8555555555555555,180,26,0,0,26,0,0,26,0,30,6,6,0,0.45,0.8555555555555555,149.76140267848967,33.345473896132575,33.345473896132575,50.0,0.0,0.0,0,0,1746.2408078064514,4801,242,1.0,30,37;40;41;42;46;47,37;40;41;42;46;47,40;46,37;40;41;42;46;47,6,6,2,6,0.8043478260869565,0.981132075471698,0.8,92,53,35,37;40;41;42;47,40,40;46,5,1,2,75,75,1286,236,19,12.649999999999975,471.9999987602234,109.16930411179425,110999999.5173086,0.8452380952380952,1.0
1,2,0,1524090,2024-04-06,rule_based_central,32923.395268899025,1.0,1.0,1.0,1.0,1.0,1.0,1.0,1.0,180,0,0,0,0,0,0,0,0,30,0,0,0,0.5611111111111111,1.0,103.50167343616484,6.153848436143663e-05,6.153848436143663e-05,50.0,0.0,0.0,0,0,1552.5259076512118,6493,200,1.0,30,,,,,0,0,0,0,1.0,1.0,1.0,53,98,29,,,,0,0,0,80,80,763,237,8,6.0,193.24968568284064,65.13723707863463,115900001.81849828,1.0,
1,2,1,1524091,2024-04-06,rule_based_central,32923.395268899025,0.9,0.9,1.0,0.9833333333333332,0.9833333333333332,1.0,0.9833333333333332,0.9833333333333332,180,3,1,0,3,1,0,3,0,30,3,3,0,0.5833333333333334,0.9833333333333332,102.77547378672494,1.9431410842471653,1.9431410842471653,50.0,0.0,0.0,0,0,1512.4865011448658,5338,224,1.0,30,39;43;44,39;43;44,,39;43;44,3,3,0,3,0.9433962264150944,1.0,1.0,53,98,29,39;43;44,,,3,0,0,66,66,758,229,9,7.649999999999977,192.8000030517578,60.03698976816544,74200000.187337,0.9817073170731708,1.0
1,2,2,1524092,2024-04-06,rule_based_central,32923.395268899025,0.9,0.9,1.0,0.972222222222222,0.972222222222222,1.0,0.9722222222222222,0.9722222222222222,180,5,2,0,5,2,0,5,0,30,3,3,0,0.5,0.9722222222222222,109.7322949886322,4.307983944151137,4.307983944151137,50.0,0.0,0.0,0,0,1581.366616207485,6735,224,1.0,30,41;43;44,41;43;44,,41;43;44,3,3,0,3,0.9056603773584906,1.0,1.0,53,98,29,41;43;44,,,3,0,0,83,83,1081,239,13,11.0,283.9999976873394,88.10380250355125,149399955.32138544,0.9722222222222222,
1,3,0,1525090,2024-04-06,rule_based_central,32923.395268899025,1.0,1.0,1.0,1.0,1.0,1.0,1.0,1.0,180,0,0,0,0,0,0,0,0,30,0,0,0,0.7166666666666667,1.0,82.42443822887209,6.0176849365234376e-05,6.0176849365234376e-05,50.0,0.0,0.0,0,0,1236.3670724704866,6545,203,1.0,30,,,,,0,0,0,0,1.0,1.0,1.0,65,82,33,,,,0,0,0,78,78,597,196,7,6.0,157.1999885559082,57.99950250108529,127005598.96529624,1.0,1.0
1,3,1,1525091,2024-04-06,rule_based_central,32923.395268899025,1.0,1.0,1.0,1.0,1.0,1.0,1.0,1.0,180,0,0,0,0,0,0,0,0,30,0,0,0,0.6777777777777778,1.0,84.883156478405,5.2667988671196834e-05,5.2667988671196834e-05,50.0,0.0,0.0,0,0,1273.2480427933235,5656,201,1.0,30,,,,,0,0,0,0,1.0,1.0,1.0,65,82,33,,,,0,0,0,74,74,837,209,9,7.0,198.8999846935272,78.55576117234865,70880011.92822242,1.0,1.0
1,3,2,1525092,2024-04-06,rule_based_central,32923.395268899025,1.0,1.0,1.0,1.0,1.0,1.0,1.0,1.0,180,0,0,0,0,0,0,0,0,30,0,0,0,0.5555555555555556,1.0,102.40914275778664,5.208518770005968e-05,5.208518770005968e-05,50.0,0.0,0.0,0,0,1536.1379622916384,6155,225,1.0,30,,,,,0,0,0,0,1.0,1.0,1.0,65,82,33,,,,0,0,0,75,75,1028,237,11,9.0,279.05840533574406,84.56417887990426,78700000.1986984,1.0,
1,4,0,1526090,2024-04-06,rule_based_central,32923.395268899025,0.8333333333333334,0.8333333333333334,0.8181818181818182,0.8555555555555556,0.8555555555555556,0.8363636363636363,0.8555555555555555,0.8555555555555555,180,26,0,0,26,0,0,26,0,30,5,5,0,0.6777777777777778,0.8555555555555555,101.6525020374192,21.234831375545927,21.234831375545927,50.0,0.0,0.0,0,0,1206.2670329120008,5806,219,1.0,30,43;44;45;46;47,43;44;45;46;47,45;46,43;44;45;46;47,5,5,2,5,0.8679245283018868,0.859375,0.8412698412698413,53,64,63,46;47,43;44,45;46,2,2,2,76,76,1489,231,20,17.0,397.9199813842774,121.95188735773478,85100002.50367521,0.8539325842696629,1.0
1,4,1,1526091,2024-04-06,rule_based_central,32923.395268899025,0.9333333333333332,0.9333333333333332,0.8181818181818182,0.9666666666666668,0.9666666666666668,0.912121212121212,0.9666666666666668,0.9666666666666668,180,6,0,0,6,0,0,6,0,30,2,2,0,0.7444444444444445,0.9666666666666668,76.44775174988641,7.73319415251414,7.73319415251414,50.0,0.0,0.0,0,0,1030.72010896417,5581,208,1.0,30,45;46,45;46,45;46,45;46,2,2,2,2,0.981132075471698,1.0,0.9206349206349206,53,64,63,46,,45;46,1,0,2,81,81,1151,222,14,11.0,245.1505645751953,104.89576208393044,80199987.9954543,0.9661016949152542,1.0
1,4,2,1526092,2024-04-06,rule_based_central,32923.395268899025,0.9666666666666668,0.9666666666666668,1.0,0.9944444444444444,0.9944444444444444,1.0,0.9944444444444444,0.9944444444444444,180,1,0,0,1,0,0,1,0,30,1,1,0,0.8444444444444444,0.9944444444444444,51.090149231255054,0.6274277872509426,0.6274277872509426,50.0,0.0,0.0,0,0,756.942359305918,5124,212,1.0,30,46,46,,46,1,1,0,1,0.981132075471698,1.0,1.0,53,64,63,46,,,1,0,0,71,71,881,219,11,8.0,203.29999084472655,77.75355493777316,132500000.33453034,0.9942528735632185,1.0
1,5,0,1527090,2024-04-06,rule_based_central,32923.395268899025,1.0,1.0,1.0,1.0,1.0,1.0,1.0,1.0,180,0,0,0,0,0,0,0,0,30,0,0,0,0.7333333333333333,1.0,79.05221888224284,0.0038847711351182,0.0038847711351182,50.0,0.0,0.0,0,0,1185.7267478257415,5554,214,1.0,30,,,,,0,0,0,0,1.0,1.0,1.0,58,61,61,,,,0,0,0,74,74,994,238,12,9.0,234.0000038146973,86.34556252848864,77500000.1956687,1.0,
1,5,1,1527091,2024-04-06,rule_based_central,32923.395268899025,0.9666666666666668,0.9666666666666668,0.9090909090909092,0.9944444444444444,0.9944444444444444,0.9848484848484848,0.9944444444444444,0.9944444444444444,180,1,0,0,1,0,0,1,0,30,1,1,0,0.5611111111111111,0.9944444444444444,107.22953746583728,3.1359034220377606,3.1359034220377606,50.0,0.0,0.0,0,0,1561.4066143830617,5989,260,1.0,30,45,45,45,45,1,1,1,1,1.0,1.0,0.9836065573770492,58,61,61,,,45,0,0,1,88,88,1484,270,17,13.0,378.8280482292176,108.91178659696092,146100002.6576854,0.9944444444444444,
1,5,2,1527092,2024-04-06,rule_based_central,32923.395268899025,0.8666666666666667,0.8666666666666667,0.8181818181818182,0.9388888888888888,0.9388888888888888,0.8636363636363636,0.9388888888888888,0.9388888888888888,180,11,0,0,11,0,0,11,0,30,4,4,0,0.6111111111111112,0.9388888888888888,107.90483690897624,11.4262673219045,11.4262673219045,50.0,0.0,0.0,0,0,1447.180493295814,5383,277,1.0,30,39;40;41;43,39;40;41;43,40;41,39;40;41;43,4,4,2,4,0.9655172413793104,1.0,0.8524590163934426,58,61,61,39;43,,40;41,2,0,2,82,82,1497,285,17,13.0,374.7488418360078,107.41576421355548,71399973.00055031,0.9388888888888888,
1,6,0,1528090,2024-04-06,rule_based_central,32923.395268899025,1.0,1.0,1.0,1.0,1.0,1.0,1.0,1.0,180,0,0,0,0,0,0,0,0,30,0,0,0,0.75,1.0,120.8582748050491,7.394154866536458e-05,7.394154866536458e-05,50.0,0.0,0.0,0,0,1812.8744374314947,5715,225,1.0,30,,,,,0,0,0,0,1.0,1.0,1.0,49,75,56,,,,0,0,0,77,77,420,204,6,4.0,114.56846961409391,34.76268713659473,65900001.692260414,1.0,1.0
1,6,1,1528091,2024-04-06,rule_based_central,32923.395268899025,1.0,1.0,1.0,1.0,1.0,1.0,1.0,1.0,180,0,0,0,0,0,0,0,0,30,0,0,0,0.7222222222222222,1.0,117.55907284153832,6.328158908420139e-05,6.328158908420139e-05,50.0,0.0,0.0,0,0,1763.3866678873696,5830,261,1.0,30,,,,,0,0,0,0,1.0,1.0,1.0,49,75,56,,,,0,0,0,72,72,423,251,5,3.0,96.69997260040732,25.024004909080038,88500000.22344102,1.0,1.0
1,6,2,1528092,2024-04-06,rule_based_central,32923.395268899025,1.0,1.0,1.0,1.0,1.0,1.0,1.0,1.0,180,0,0,0,0,0,0,0,0,30,0,0,0,0.7833333333333333,1.0,119.71052601999706,6.466441684299045e-05,6.466441684299045e-05,50.0,0.0,0.0,0,0,1795.658420960108,5434,221,1.0,30,,,,,0,0,0,0,1.0,1.0,1.0,49,75,56,,,,0,0,0,75,75,378,200,5,4.0,115.99998779296877,28.631339456119605,66000000.16663398,1.0,1.0
1,7,0,1529090,2024-04-06,rule_based_central,32923.395268899025,0.9,0.9,0.7777777777777778,0.95,0.95,0.8518518518518517,0.95,0.95,180,9,0,0,9,0,0,9,0,30,3,3,0,0.5166666666666667,0.95,102.6560642056995,7.679853208859762,7.679853208859762,50.0,0.0,0.0,0,0,1424.644701182842,4723,222,1.0,30,45;46;47,45;46;47,45;46,45;46;47,3,3,2,3,0.9879518072289156,1.0,0.8431372549019608,83,46,51,47,,45;46,1,0,2,67,67,1174,238,14,11.0,362.0031158447266,106.73197766064705,100399980.41705991,0.9461077844311376,1.0
1,7,1,1529091,2024-04-06,rule_based_central,32923.395268899025,0.9,0.9,0.7777777777777778,0.9444444444444444,0.9444444444444444,0.8333333333333334,0.9444444444444444,0.9444444444444444,180,10,0,0,10,0,0,10,0,30,3,3,0,0.4722222222222222,0.9444444444444444,109.43196924262575,12.205828335550096,12.205828335550096,50.0,0.0,0.0,0,0,1458.3936166812978,5624,229,1.0,30,44;45;46,44;45;46,45;46,44;45;46,3,3,2,3,1.0,0.9782608695652174,0.8235294117647058,83,46,51,,44,45;46,0,1,2,73,73,1016,252,13,10.0,338.5999778747559,89.44442914495323,55000000.13886165,0.9418604651162792,1.0
1,7,2,1529092,2024-04-06,rule_based_central,32923.395268899025,1.0,1.0,1.0,1.0,1.0,1.0,1.0,1.0,180,0,0,0,0,0,0,0,0,30,0,0,0,0.4555555555555555,1.0,113.59137728479172,3.880253142780728,3.880253142780728,50.0,0.0,0.0,0,0,1645.6686129371326,5283,211,1.0,30,,,,,0,0,0,0,1.0,1.0,1.0,83,46,51,,,,0,0,0,78,78,1144,245,14,10.0,324.79998245239256,106.93243172037808,77500000.1956687,1.0,
1,8,0,1530090,2024-04-06,rule_based_central,32923.395268899025,0.3,0.3,0.5,0.5777777777777777,0.5777777777777777,0.6500000000000001,0.5777777777777777,0.5777777777777777,180,76,28,20,76,27,20,76,0,30,21,21,0,0.1555555555555555,0.5777777777777777,297.5179420722856,120.77790207597944,120.77790207597944,50.0,0.0,0.0,0,0,2651.102028975884,2855,219,1.0,30,21;23;24;25;27;28;29;30;31;32;33;34;36;37;38;40;41;43;44;45;46,21;23;24;25;27;28;29;30;31;32;33;34;36;37;38;40;41;43;44;45;46,38;40;41;45;46,21;23;24;25;27;28;29;30;31;32;33;34;36;37;38;40;41;43;44;45;46,21,21,5,21,0.5,0.813953488372093,0.5116279069767442,94,43,43,21;23;24;25;27;28;29;30;31;32;33;34;36,37;43;44,38;40;41;45;46,13,3,5,74,74,1898,228,23,21.649999999999977,524.2000045776367,162.86035695396407,46700000.88084562,0.5681818181818182,1.0
1,8,1,1530091,2024-04-06,rule_based_central,32923.395268899025,0.4666666666666667,0.4666666666666667,0.6,0.6722222222222222,0.6722222222222222,0.8,0.6722222222222223,0.6722222222222223,180,59,10,9,59,10,9,59,0,30,16,16,0,0.3333333333333333,0.6722222222222223,297.9306039041943,132.21663251982795,132.21663251982795,50.0,0.0,0.0,0,0,2485.7111589697483,3346,226,1.0,30,23;24;25;27;28;29;30;31;32;33;34;35;36;38;40;41,23;24;25;27;28;29;30;31;32;33;34;35;36;38;40;41,35;38;40;41,23;24;25;27;28;29;30;31;32;33;34;35;36;38;40;41,16,16,4,16,0.5,0.9767441860465116,0.7441860465116279,94,43,43,23;24;25;27;28;29;30;31;32;33;34;36,34,35;38;40;41,12,1,4,74,74,1801,234,25,19.0,552.9000053405762,157.445662754065,88499973.26624574,0.6703910614525139,1.0
1,8,2,1530092,2024-04-06,rule_based_central,32923.395268899025,0.4666666666666667,0.4666666666666667,0.7,0.6555555555555556,0.6555555555555556,0.775,0.6555555555555556,0.6555555555555556,180,62,18,13,62,18,13,62,0,30,16,16,0,0.1944444444444444,0.6555555555555556,309.6863170968162,130.8337861696879,130.8337861696879,50.0,0.0,0.0,0,0,2682.789743006229,3786,253,1.0,30,23;24;25;26;27;28;29;30;31;32;33;34;35;36;45;46,23;24;25;26;27;28;29;30;31;32;33;34;35;36;45;46,35;45;46,23;24;25;26;27;28;29;30;31;32;33;34;35;36;45;46,16,16,3,16,0.4893617021276595,0.9534883720930232,0.7209302325581395,94,43,43,23;24;25;26;27;28;29;30;31;32;33;34;36,34;35,35;45;46,13,2,3,92,92,2019,272,22,20.0,432.4999951998391,145.62513221825208,73879994.76965895,0.6555555555555556,
1,9,0,1531090,2024-04-06,rule_based_central,32923.395268899025,0.8,0.8,0.625,0.8777777777777778,0.8777777777777778,0.8125,0.8777777777777778,0.8777777777777778,180,22,0,0,22,0,0,22,0,30,6,6,0,0.3055555555555556,0.8777777777777778,155.3765796078576,39.35921630859375,39.35921630859375,50.0,0.0,0.0,0,0,1740.262502640486,3330,235,1.0,30,35;36;37;38;39;46,35;36;37;38;39;46,35;38;46,35;36;37;38;39;46,6,6,3,6,0.9333333333333332,0.8596491228070176,0.8125,75,57,48,39,36;37,35;38;46,1,2,3,81,81,1701,245,20,16.0,495.5999938964844,142.4129694060703,100000000.25247572,0.8777777777777778,
1,9,1,1531091,2024-04-06,rule_based_central,32923.395268899025,0.6,0.6,0.375,0.7333333333333333,0.7333333333333333,0.5625,0.7333333333333333,0.7333333333333333,180,48,0,0,48,0,0,48,0,30,12,12,0,0.1055555555555555,0.7333333333333333,197.3783084074656,63.76864503224691,63.76864503224691,50.0,0.0,0.0,0,0,2004.1469046473492,3846,223,1.0,30,32;33;35;36;37;38;41;42;43;45;46;47,32;33;35;36;37;38;41;42;43;45;46;47,35;38;41;45;46,32;33;35;36;37;38;41;42;43;45;46;47,12,12,5,12,0.8133333333333334,0.7719298245614035,0.5625,75,57,48,32;42;47,33;36;37;43,35;38;41;45;46,3,4,5,88,88,2035,243,24,21.0,494.8639976183572,174.2859101021189,77500000.1956687,0.7288135593220338,1.0
1,9,2,1531092,2024-04-06,rule_based_central,32923.395268899025,0.8,0.8,0.5,0.8722222222222222,0.8722222222222222,0.6875,0.8722222222222222,0.8722222222222222,180,23,0,0,23,0,0,23,0,30,6,6,0,0.2888888888888888,0.8722222222222222,154.0249386522505,24.605518412590023,24.605518412590023,50.0,0.0,0.0,0,0,1941.2935349593563,3831,226,1.0,30,38;39;40;41;42;45,38;39;40;41;42;45,38;40;41;45,38;39;40;41;42;45,6,6,4,6,0.8933333333333333,1.0,0.6875,75,57,48,39;42,,38;40;41;45,2,0,4,75,75,1559,246,17,13.649999999999975,417.23690824508685,135.787161092294,64199984.41056751,0.8722222222222222,
1,10,0,1532090,2024-04-06,rule_based_central,32923.395268899025,0.9666666666666668,0.9666666666666668,1.0,0.9944444444444446,0.9944444444444446,1.0,0.9944444444444444,0.9944444444444444,180,1,0,0,1,0,0,1,0,30,1,1,0,0.5555555555555556,0.9944444444444444,122.78229213820563,1.025582928127713,1.025582928127713,50.0,0.0,0.0,0,0,1826.3522968143225,6108,210,1.0,30,37,37,,37,1,1,0,1,0.984375,1.0,1.0,64,79,37,37,,,1,0,0,86,86,903,208,12,9.649999999999975,265.39998836517265,79.22052598355035,99399989.8771034,0.9935483870967742,1.0
1,10,1,1532091,2024-04-06,rule_based_central,32923.395268899025,1.0,1.0,1.0,1.0,1.0,1.0,1.0,1.0,180,0,0,0,0,0,0,0,0,30,0,0,0,0.5222222222222223,1.0,116.58747936222288,5.124409993489584e-05,5.124409993489584e-05,50.0,0.0,0.0,0,0,1748.8129483262696,6263,245,1.0,30,,,,,0,0,0,0,1.0,1.0,1.0,64,79,37,,,,0,0,0,89,89,856,227,14,10.0,366.1999763488769,71.52254645717657,173599998.1494795,1.0,1.0
1,10,2,1532092,2024-04-06,rule_based_central,32923.395268899025,1.0,1.0,1.0,1.0,1.0,1.0,1.0,1.0,180,0,0,0,0,0,0,0,0,30,0,0,0,0.5888888888888889,1.0,107.68901284535724,5.558331807454427e-05,5.558331807454427e-05,50.0,0.0,0.0,0,0,1615.335913558801,6173,223,1.0,30,,,,,0,0,0,0,1.0,1.0,1.0,64,79,37,,,,0,0,0,77,77,853,227,10,8.0,209.5719046865056,71.15754017926112,140700001.07048914,1.0,1.0
1,11,0,1533090,2024-04-06,rule_based_central,32923.395268899025,1.0,1.0,1.0,1.0,1.0,1.0,1.0,1.0,180,0,0,0,0,0,0,0,0,30,0,0,0,0.8666666666666667,1.0,57.865420977274574,5.330509609646268e-05,5.330509609646268e-05,50.0,0.0,0.0,0,0,867.9822866519291,5682,241,1.0,30,,,,,0,0,0,0,1.0,1.0,1.0,51,65,64,,,,0,0,0,77,77,970,257,11,9.0,258.7999865531922,76.56241986437614,93400000.9987518,1.0,1.0
1,11,1,1533091,2024-04-06,rule_based_central,32923.395268899025,1.0,1.0,1.0,1.0,1.0,1.0,1.0,1.0,180,0,0,0,0,0,0,0,0,30,0,0,0,0.8722222222222222,1.0,59.98482970131768,4.411273532443576e-05,4.411273532443576e-05,50.0,0.0,0.0,0,0,899.7732620425522,6194,212,1.0,30,,,,,0,0,0,0,1.0,1.0,1.0,51,65,64,,,,0,0,0,79,79,1047,220,13,9.0,268.98068687799247,88.15636755578774,96099986.0487766,1.0,
1,11,2,1533092,2024-04-06,rule_based_central,32923.395268899025,1.0,1.0,1.0,1.0,1.0,1.0,1.0,1.0,180,0,0,0,0,0,0,0,0,30,0,0,0,0.8055555555555556,1.0,61.19270643658108,5.050765143500434e-05,5.050765143500434e-05,50.0,0.0,0.0,0,0,917.8914425397908,5976,227,1.0,30,,,,,0,0,0,0,1.0,1.0,1.0,51,65,64,,,,0,0,0,67,67,947,234,15,10.0,298.16385669009185,84.33518167333037,80199988.75839372,1.0,
1,12,0,1534090,2024-04-06,rule_based_central,32923.395268899025,1.0,1.0,1.0,1.0,1.0,1.0,1.0,1.0,180,0,0,0,0,0,0,0,0,30,0,0,0,0.4888888888888889,1.0,203.98004809618,6.0500701268514e-05,6.0500701268514e-05,50.0,0.0,0.0,0,0,3059.700773040451,4744,191,1.0,30,,,,,0,0,0,0,1.0,1.0,1.0,68,95,17,,,,0,0,0,66,66,274,139,5,4.0,87.91448605730483,23.16732097866577,27500000.069430824,1.0,1.0
1,12,1,1534091,2024-04-06,rule_based_central,32923.395268899025,0.9666666666666668,0.9666666666666668,1.0,0.9888888888888888,0.9888888888888888,1.0,0.9888888888888888,0.9888888888888888,180,2,4,2,2,2,2,2,0,30,1,1,0,0.4777777777777778,0.9888888888888888,204.9272062924173,0.8396276560094621,0.8396276560094621,50.0,0.0,0.0,0,0,3061.3148661156506,5135,232,1.0,30,45,45,,45,1,1,0,1,1.0,0.9789473684210528,1.0,68,95,17,,45,,0,1,0,88,88,364,175,6,4.649999999999977,107.00138163174708,31.42664610338417,93500000.2360648,0.99009900990099,0.9873417721518988
1,12,2,1534092,2024-04-06,rule_based_central,32923.395268899025,1.0,1.0,1.0,1.0,1.0,1.0,1.0,1.0,180,0,0,0,0,0,0,0,0,30,0,0,0,0.5166666666666667,1.0,201.04472060865825,7.01765219370524e-05,7.01765219370524e-05,50.0,0.0,0.0,0,0,3015.6712393263947,6116,216,1.0,30,,,,,0,0,0,0,1.0,1.0,1.0,68,95,17,,,,0,0,0,81,81,282,163,6,3.0,81.91145224236207,20.495921435485872,65899979.51933221,1.0,1.0
1,13,0,1535090,2024-04-06,rule_based_central,32923.395268899025,1.0,1.0,1.0,1.0,1.0,1.0,1.0,1.0,180,0,0,0,0,0,0,0,0,30,0,0,0,0.6666666666666666,1.0,107.34488074117236,0.3145105255974663,0.3145105255974663,50.0,0.0,0.0,0,0,1605.4572582617404,6730,198,1.0,30,,,,,0,0,0,0,1.0,1.0,1.0,61,63,56,,,,0,0,0,73,73,829,196,13,9.0,300.6000015258789,89.2775551331252,38500000.09720316,1.0,1.0
1,13,1,1535091,2024-04-06,rule_based_central,32923.395268899025,0.9333333333333332,0.9333333333333332,1.0,0.9833333333333332,0.9833333333333332,1.0,0.9833333333333332,0.9833333333333332,180,3,0,0,3,0,0,3,0,30,2,2,0,0.6555555555555556,0.9833333333333332,111.38111147880554,2.7411720116933185,2.7411720116933185,50.0,0.0,0.0,0,0,1629.6012253065917,4786,208,1.0,30,32;36,32;36,,32;36,2,2,0,2,0.9508196721311476,1.0,1.0,61,63,56,32;36,,,2,0,0,79,79,1429,218,12,11.0,289.59999723434447,126.88013034975523,120900001.83112209,0.9833333333333332,
1,13,2,1535092,2024-04-06,rule_based_central,32923.395268899025,0.9666666666666668,0.9666666666666668,1.0,0.9944444444444446,0.9944444444444446,1.0,0.9944444444444444,0.9944444444444444,180,1,0,0,1,0,0,1,0,30,1,1,0,0.75,0.9944444444444444,97.45195617145964,0.6382073720296224,0.6382073720296224,50.0,0.0,0.0,0,0,1452.2080045193431,5786,213,1.0,30,36,36,,36,1,1,0,1,0.9836065573770492,1.0,1.0,61,63,56,36,,,1,0,0,76,76,1092,262,10,9.0,223.6000022888184,79.54818405916109,123600001.79025523,0.9944444444444444,
1,14,0,1536090,2024-04-06,rule_based_central,32923.395268899025,0.9,0.9,1.0,0.9666666666666668,0.9666666666666668,1.0,0.9666666666666668,0.9666666666666668,180,6,0,0,6,0,0,6,0,30,3,3,0,0.4944444444444444,0.9666666666666668,99.4864694568846,5.74418909019894,5.74418909019894,50.0,0.0,0.0,0,0,1406.1355798840518,4008,230,1.0,30,34;35;36,34;35;36,,34;35;36,3,3,0,3,0.9333333333333332,1.0,1.0,90,54,36,34;35;36,,,3,0,0,66,66,977,216,11,9.0,260.92964078173225,90.34209298519946,85099990.29664393,0.9615384615384616,1.0
1,14,1,1536091,2024-04-06,rule_based_central,32923.395268899025,0.9333333333333332,0.9333333333333332,1.0,0.9444444444444444,0.9444444444444444,1.0,0.9444444444444444,0.9444444444444444,180,10,0,0,10,0,0,10,0,30,2,2,0,0.4111111111111111,0.9444444444444444,126.71164045466315,15.516273641586304,15.516273641586304,50.0,0.0,0.0,0,0,1667.9324136823418,5282,184,1.0,30,35;36,35;36,,35;36,2,2,0,2,0.9111111111111112,0.9629629629629628,1.0,90,54,36,35;36,36,,2,1,0,73,73,1316,252,18,11.0,477.4999987602234,101.43001083405996,69200000.93765266,0.9438202247191012,1.0
1,14,2,1536092,2024-04-06,rule_based_central,32923.395268899025,0.8666666666666667,0.8666666666666667,0.7142857142857143,0.95,0.95,0.8571428571428571,0.95,0.95,180,9,0,0,9,0,0,9,0,30,4,4,0,0.3777777777777777,0.95,132.82942839463553,9.286158182885911,9.286158182885911,50.0,0.0,0.0,0,0,1853.1510221064088,4039,206,1.0,30,35;36;40;41,35;36;40;41,40;41,35;36;40;41,4,4,2,4,0.9666666666666668,1.0,0.8333333333333334,90,54,36,35;36,,40;41,2,0,2,77,77,1475,225,17,14.0,379.2951785088853,127.8388675006835,77500000.1956687,0.95,
1,15,0,1537090,2024-04-06,rule_based_central,32923.395268899025,0.9333333333333332,0.9333333333333332,1.0,0.9722222222222222,0.9722222222222222,1.0,0.9722222222222222,0.9722222222222222,180,5,0,0,5,0,0,5,0,30,2,2,0,0.6722222222222223,0.9722222222222222,99.23929504288569,3.631582668092516,3.631582668092516,50.0,0.0,0.0,0,0,1434.1176085919144,6215,210,1.0,30,41;47,41;47,,41;47,2,2,0,2,0.9090909090909092,1.0,1.0,55,68,57,41;47,,,2,0,0,75,75,1216,211,13,11.0,341.4065164650224,115.28058674264427,107780022.7979059,0.9722222222222222,
1,15,1,1537091,2024-04-06,rule_based_central,32923.395268899025,0.9,0.9,0.9090909090909092,0.9611111111111112,0.9611111111111112,0.9848484848484848,0.9611111111111112,0.9611111111111112,180,7,0,0,7,0,0,7,0,30,3,3,0,0.6777777777777778,0.9611111111111112,96.88481197357176,11.671533677313064,11.671533677313064,50.0,0.0,0.0,0,0,1278.2007457365594,5494,215,1.0,30,41;46;47,41;46;47,46,41;46;47,3,3,1,3,0.8909090909090909,1.0,0.9824561403508772,55,68,57,41;47,,46,2,0,1,72,72,1130,240,13,11.0,272.5000000317889,92.70224394863322,115299988.90264256,0.96,1.0
1,15,2,1537092,2024-04-06,rule_based_central,32923.395268899025,1.0,1.0,1.0,1.0,1.0,1.0,1.0,1.0,180,0,0,0,0,0,0,0,0,30,0,0,0,0.7833333333333333,1.0,84.04526292880377,5.622439914279514e-05,5.622439914279514e-05,50.0,0.0,0.0,0,0,1260.6797195424635,6321,217,1.0,30,,,,,0,0,0,0,1.0,1.0,1.0,55,68,57,,,,0,0,0,81,81,869,213,14,7.0,336.29997009436266,82.37288360717834,69200000.93765266,1.0,1.0
1,16,0,1538090,2024-04-06,rule_based_central,32923.395268899025,1.0,1.0,1.0,1.0,1.0,1.0,1.0,1.0,180,0,0,0,0,0,0,0,0,30,0,0,0,0.6944444444444444,1.0,135.080627525515,0.259458409415351,0.259458409415351,50.0,0.0,0.0,0,0,2022.3191066185643,5575,225,1.0,30,,,,,0,0,0,0,1.0,1.0,1.0,59,75,46,,,,0,0,0,68,68,563,223,7,5.0,179.19998719162362,53.77631734146731,85100002.45599154,1.0,1.0
1,16,1,1538091,2024-04-06,rule_based_central,32923.395268899025,1.0,1.0,1.0,1.0,1.0,1.0,1.0,1.0,180,0,0,0,0,0,0,0,0,30,0,0,0,0.7277777777777777,1.0,136.92314354777335,7.052951388888888e-05,7.052951388888888e-05,50.0,0.0,0.0,0,0,2053.847755412261,5569,212,1.0,30,,,,,0,0,0,0,1.0,1.0,1.0,59,75,46,,,,0,0,0,67,67,691,203,9,7.0,184.60000225702896,57.16788802303272,65999999.2606433,1.0,1.0
1,16,2,1538092,2024-04-06,rule_based_central,32923.395268899025,1.0,1.0,1.0,1.0,1.0,1.0,1.0,1.0,180,0,0,0,0,0,0,0,0,30,0,0,0,0.7333333333333333,1.0,127.70496453709072,5.557272169325087e-05,5.557272169325087e-05,50.0,0.0,0.0,0,0,1915.575268499554,5104,223,1.0,30,,,,,0,0,0,0,1.0,1.0,1.0,59,75,46,,,,0,0,0,68,68,851,243,9,7.0,222.7452682495118,63.20538372610853,83000000.20955485,1.0,
1,17,0,1539090,2024-04-06,rule_based_central,32923.395268899025,1.0,1.0,1.0,1.0,1.0,1.0,1.0,1.0,180,0,0,0,0,0,0,0,0,30,0,0,0,0.6888888888888889,1.0,97.95439399348363,4.856321546766493e-05,4.856321546766493e-05,50.0,0.0,0.0,0,0,1469.3160723249127,4469,204,1.0,30,,,,,0,0,0,0,1.0,1.0,1.0,30,106,44,,,,0,0,0,74,74,249,150,5,3.0,87.17434749603275,27.69481692510972,82499995.63065578,1.0,1.0
1,17,1,1539091,2024-04-06,rule_based_central,32923.395268899025,1.0,1.0,1.0,1.0,1.0,1.0,1.0,1.0,180,0,0,0,0,0,0,0,0,30,0,0,0,0.6611111111111111,1.0,100.72888535459836,5.550384521484375e-05,5.550384521484375e-05,50.0,0.0,0.0,0,0,1510.9337219099198,5355,198,1.0,30,,,,,0,0,0,0,1.0,1.0,1.0,30,106,44,,,,0,0,0,73,73,284,124,6,4.0,104.40000076293946,34.95164375143438,27500000.069430824,1.0,1.0
1,17,2,1539092,2024-04-06,rule_based_central,32923.395268899025,1.0,1.0,1.0,1.0,1.0,1.0,1.0,1.0,180,0,0,0,0,0,0,0,0,30,0,0,0,0.7111111111111111,1.0,90.05050341354476,5.527072482638889e-05,5.527072482638889e-05,50.0,0.0,0.0,0,0,1350.757810493312,5627,221,1.0,30,,,,,0,0,0,0,1.0,1.0,1.0,30,106,44,,,,0,0,0,74,74,407,191,5,4.0,96.69999160766602,31.18232288382196,59707996.93241481,1.0,1.0
1,18,0,1540090,2024-04-06,rule_based_central,32923.395268899025,1.0,1.0,1.0,1.0,1.0,1.0,1.0,1.0,180,0,0,0,0,0,0,0,0,30,0,0,0,0.5611111111111111,1.0,112.0238861295912,4.766252305772569e-05,4.766252305772569e-05,50.0,0.0,0.0,0,0,1680.3591830419998,6440,225,1.0,30,,,,,0,0,0,0,1.0,1.0,1.0,59,80,41,,,,0,0,0,76,76,940,245,9,7.0,240.2000000317887,75.940234595615,96099998.74853912,1.0,1.0
1,18,1,1540091,2024-04-06,rule_based_central,32923.395268899025,1.0,1.0,1.0,1.0,1.0,1.0,1.0,1.0,180,0,0,0,0,0,0,0,0,30,0,0,0,0.5777777777777777,1.0,111.50639674928452,5.9980816311306425e-05,5.9980816311306425e-05,50.0,0.0,0.0,0,0,1672.596697822213,6812,204,1.0,30,,,,,0,0,0,0,1.0,1.0,1.0,59,80,41,,,,0,0,0,74,74,840,204,10,8.0,223.1000015258789,82.67131529559272,158516002.21346626,1.0,1.0
1,18,2,1540092,2024-04-06,rule_based_central,32923.395268899025,0.9333333333333332,0.9333333333333332,0.875,0.9611111111111112,0.9611111111111112,0.875,0.9611111111111112,0.9611111111111112,180,7,0,0,7,0,0,7,0,30,2,2,0,0.5166666666666667,0.9611111111111112,130.24803516599866,8.829585297902424,8.829585297902424,50.0,0.0,0.0,0,0,1821.2783806125324,5042,237,1.0,30,39;40,39;40,40,39;40,2,2,1,2,0.9491525423728814,1.0,0.902439024390244,59,80,41,39;40,,40,2,0,1,73,73,1049,270,14,9.0,322.4999828418092,70.59732076766622,67259989.62217739,0.9606741573033708,1.0
1,19,0,1541090,2024-04-06,rule_based_central,32923.395268899025,0.9,0.9,0.7142857142857143,0.9611111111111112,0.9611111111111112,0.9047619047619048,0.9611111111111112,0.9611111111111112,180,7,0,0,7,0,0,7,0,30,3,3,0,0.3444444444444444,0.9611111111111112,149.43664639790853,14.008535295062597,14.008535295062597,50.0,0.0,0.0,0,0,2031.4229986628047,5035,210,1.0,30,38;41;45,38;41;45,38;41,38;41;45,3,3,2,3,0.961038961038961,1.0,0.8709677419354839,77,72,31,45,,38;41,1,0,2,65,65,964,229,13,11.0,383.6000022888184,86.45639856383401,57700000.90861795,0.9595375722543352,1.0
1,19,1,1541091,2024-04-06,rule_based_central,32923.395268899025,0.8,0.8,0.8571428571428571,0.8666666666666667,0.8666666666666667,0.8571428571428571,0.8666666666666667,0.8666666666666667,180,24,1,0,24,1,0,24,0,30,6,6,0,0.3666666666666666,0.8666666666666667,162.33319102393256,33.23968120680915,33.23968120680915,50.0,0.0,0.0,0,0,1936.40468946596,4665,214,1.0,30,35;36;37;45;46;47,35;36;37;45;46;47,46,35;36;37;45;46;47,6,6,1,6,0.7792207792207793,0.9583333333333334,0.8709677419354839,77,72,31,35;36;37;45;47,46;47,46,5,2,1,75,75,1445,222,16,13.0,294.5999520752165,119.0010807109657,60999987.94697892,0.8666666666666667,
1,19,2,1541092,2024-04-06,rule_based_central,32923.395268899025,0.7333333333333333,0.7333333333333333,0.8571428571428571,0.8611111111111112,0.8611111111111112,0.9642857142857144,0.8611111111111112,0.8611111111111112,180,25,5,3,25,5,3,25,0,30,8,8,0,0.3777777777777777,0.8611111111111112,170.12664138476055,33.15599153836568,33.15599153836568,50.0,0.0,0.0,0,0,2054.5613422493134,4683,219,1.0,30,34;35;36;37;43;45;46;47,34;35;36;37;43;45;46;47,46,34;35;36;37;43;45;46;47,8,8,1,8,0.7402597402597403,0.9444444444444444,0.967741935483871,77,72,31,34;35;36;37;45;47,43;46;47,46,6,3,1,74,74,1343,237,14,12.0,311.5999875916374,108.53561204310697,49500000.12497549,0.8611111111111112,
1,20,0,1542090,2024-04-06,rule_based_central,32923.395268899025,0.9,0.9,0.9090909090909092,0.9388888888888888,0.9388888888888888,0.9090909090909092,0.9388888888888888,0.9388888888888888,180,11,0,0,11,0,0,11,0,30,3,3,0,0.5888888888888889,0.9388888888888888,94.513448466195,10.039657958348592,10.039657958348592,50.0,0.0,0.0,0,0,1267.10880326728,5479,228,1.0,30,44;45;46,44;45;46,45,44;45;46,3,3,1,3,1.0,0.9166666666666666,0.896551724137931,62,60,58,,44;46,45,0,2,1,86,86,1203,241,13,10.0,320.3999884128564,115.81190052916908,85200000.97804877,0.9388888888888888,
1,20,1,1542091,2024-04-06,rule_based_central,32923.395268899025,1.0,1.0,1.0,1.0,1.0,1.0,1.0,1.0,180,0,0,0,0,0,0,0,0,30,0,0,0,0.7055555555555556,1.0,81.61959558725357,3.474818335639106e-05,3.474818335639106e-05,50.0,0.0,0.0,0,0,1224.2947897364695,4645,209,1.0,30,,,,,0,0,0,0,1.0,1.0,1.0,62,60,58,,,,0,0,0,71,71,1124,221,14,10.0,324.79947891235355,103.6460889993928,99999986.1592882,1.0,1.0
1,20,2,1542092,2024-04-06,rule_based_central,32923.395268899025,0.9,0.9,0.9090909090909092,0.9277777777777778,0.9277777777777778,0.9090909090909092,0.9277777777777778,0.9277777777777778,180,13,0,0,13,0,0,13,0,30,3,3,0,0.6611111111111111,0.9277777777777778,88.88476061820984,12.18102826807234,12.18102826807234,50.0,0.0,0.0,0,0,1150.557630551358,5370,200,1.0,30,41;46;47,41;46;47,46,41;46;47,3,3,1,3,0.8870967741935484,0.95,0.9482758620689656,62,60,58,41;47,46,46,2,1,1,72,72,1173,203,12,11.0,289.2464274659037,118.68557346429658,38500000.09720316,0.9269662921348316,1.0
1,21,0,1543090,2024-04-06,rule_based_central,32923.395268899025,1.0,1.0,1.0,1.0,1.0,1.0,1.0,1.0,180,0,0,0,0,0,0,0,0,30,0,0,0,0.7277777777777777,1.0,98.61965672903592,6.032519870334201e-05,6.032519870334201e-05,50.0,0.0,0.0,0,0,1479.2956774781146,6407,266,1.0,30,,,,,0,0,0,0,1.0,1.0,1.0,59,64,57,,,,0,0,0,74,74,723,262,8,6.0,176.39998807907034,51.11638793064297,57700000.90861795,1.0,1.0
1,21,1,1543091,2024-04-06,rule_based_central,32923.395268899025,1.0,1.0,1.0,1.0,1.0,1.0,1.0,1.0,180,0,0,0,0,0,0,0,0,30,0,0,0,0.6111111111111112,1.0,113.94595886601344,6.011062198215061e-05,6.011062198215061e-05,50.0,0.0,0.0,0,0,1709.1905641636497,6276,210,1.0,30,,,,,0,0,0,0,1.0,1.0,1.0,59,64,57,,,,0,0,0,81,81,1173,235,13,12.0,301.19998855590825,100.15709401544956,74200000.95027645,1.0,1.0
1,21,2,1543092,2024-04-06,rule_based_central,32923.395268899025,1.0,1.0,1.0,1.0,1.0,1.0,1.0,1.0,180,0,0,0,0,0,0,0,0,30,0,0,0,0.6444444444444445,1.0,114.75042075051202,7.537735833062066e-05,7.537735833062066e-05,50.0,0.0,0.0,0,0,1721.257370069623,6380,242,1.0,30,,,,,0,0,0,0,1.0,1.0,1.0,59,64,57,,,,0,0,0,85,85,997,275,12,9.0,258.9000003761714,69.62028234756454,49500000.12497549,1.0,1.0
1,22,0,1544090,2024-04-06,rule_based_central,32923.395268899025,1.0,1.0,1.0,1.0,1.0,1.0,1.0,1.0,180,0,0,0,0,0,0,0,0,30,0,0,0,0.5722222222222222,1.0,173.32745874325434,0.058835834927029,0.058835834927029,50.0,0.0,0.0,0,0,2599.030625121047,4998,232,1.0,30,,,,,0,0,0,0,1.0,1.0,1.0,53,90,37,,,,0,0,0,76,76,277,168,4,3.0,115.9000015258789,27.33302564976397,115900001.81849828,1.0,1.0
1,22,1,1544091,2024-04-06,rule_based_central,32923.395268899025,1.0,1.0,1.0,1.0,1.0,1.0,1.0,1.0,180,0,0,0,0,0,0,0,0,30,0,0,0,0.55,1.0,174.13551258179876,6.074110666910808e-05,6.074110666910808e-05,50.0,0.0,0.0,0,0,2612.0330089181675,5204,208,1.0,30,,,,,0,0,0,0,1.0,1.0,1.0,53,90,37,,,,0,0,0,75,75,205,153,4,2.0,78.87360967864899,19.17310606496583,78873609.87778571,1.0,1.0
1,22,2,1544092,2024-04-06,rule_based_central,32923.395268899025,1.0,1.0,1.0,1.0,1.0,1.0,1.0,1.0,180,0,0,0,0,0,0,0,0,30,0,0,0,0.5833333333333334,1.0,172.11198868917094,6.786452399359809e-05,6.786452399359809e-05,50.0,0.0,0.0,0,0,2581.680256469796,4740,211,1.0,30,,,,,0,0,0,0,1.0,1.0,1.0,53,90,37,,,,0,0,0,70,70,289,142,5,3.0,97.05035809478942,29.56234360796178,97050358.33981802,1.0,1.0
1,23,0,1545090,2024-04-06,rule_based_central,32923.395268899025,0.9666666666666668,0.9666666666666668,1.0,0.9888888888888888,0.9888888888888888,1.0,0.9888888888888888,0.9888888888888888,180,2,0,0,2,0,0,2,0,30,1,1,0,0.8277777777777777,0.9888888888888888,85.3179642625981,0.624740391307407,0.624740391307407,50.0,0.0,0.0,0,0,1270.400169006238,5460,241,1.0,30,18,18,,18,1,1,0,1,0.9629629629629628,1.0,1.0,54,69,57,18,,,1,0,0,70,70,859,232,9,7.0,176.4000007629395,57.49551797358377,121303983.9033822,0.9878048780487804,1.0
1,23,1,1545091,2024-04-06,rule_based_central,32923.395268899025,1.0,1.0,1.0,1.0,1.0,1.0,1.0,1.0,180,0,0,0,0,0,0,0,0,30,0,0,0,0.6666666666666666,1.0,110.2798314149181,4.855112897025215e-05,4.855112897025215e-05,50.0,0.0,0.0,0,0,1654.198564630002,6531,239,1.0,30,,,,,0,0,0,0,1.0,1.0,1.0,54,69,57,,,,0,0,0,87,87,1298,266,17,13.0,345.693227390179,95.69571226774065,149399988.93310693,1.0,
1,23,2,1545092,2024-04-06,rule_based_central,32923.395268899025,0.9666666666666668,0.9666666666666668,1.0,0.9944444444444444,0.9944444444444444,1.0,0.9944444444444444,0.9944444444444444,180,1,0,0,1,0,0,1,0,30,1,1,0,0.7111111111111111,0.9944444444444444,107.67507744787468,0.8532933872607019,0.8532933872607019,50.0,0.0,0.0,0,0,1602.328601717949,5294,202,1.0,30,45,45,,45,1,1,0,1,0.9814814814814816,1.0,1.0,54,69,57,45,,,1,0,0,75,75,1161,214,13,11.0,287.29998703002934,106.3566930941979,112699996.46984294,0.9942196531791908,1.0
2,0,0,1622090,2024-04-07,rule_based_central,36610.83971359064,1.0,0.9696969696969696,1.0,1.0,0.9696969696969696,1.0,0.9696969696969696,0.9696969696969696,198,6,6,6,6,6,6,6,0,33,1,1,0,0.8282828282828283,0.9696969696969696,73.27709693679905,1.2776256330085525,1.2776256330085525,50.0,0.0,0.0,0,0,1187.9926833560069,6965,253,1.0,33,,0,,0,0,1,0,1,0.9240506329113924,1.0,1.0,79,49,70,0,,,1,0,0,68,68,685,248,8,6.0,137.99997969468393,49.21543460736146,104500000.26383714,1.0,0.8
2,0,1,1622091,2024-04-07,rule_based_central,36610.83971359064,1.0,0.9696969696969696,1.0,1.0,0.9848484848484848,1.0,0.9848484848484848,0.9848484848484848,198,3,4,1,3,3,1,3,0,33,1,1,0,0.8232323232323232,0.9848484848484848,92.31929500596692,1.432585070831607,1.432585070831607,50.0,0.0,0.0,0,0,1499.6322555740674,5522,223,1.0,33,,0,,0,0,1,0,1,0.9620253164556962,1.0,1.0,79,49,70,0,,,1,0,0,67,67,471,190,6,5.0,138.49997734493735,46.51783513229618,87840010.97604184,0.9787234042553192,1.0
2,0,2,1622092,2024-04-07,rule_based_central,36610.83971359064,1.0,0.9696969696969696,0.9166666666666666,1.0,0.994949494949495,0.9861111111111112,0.9949494949494948,0.9949494949494948,198,1,0,0,1,0,0,1,0,33,1,1,0,0.8131313131313131,0.9949494949494948,87.44137015848449,0.3423187949440696,0.3423187949440696,50.0,0.0,0.0,0,0,1437.1358101715653,5427,245,1.0,33,,1,1,1,0,1,1,1,1.0,1.0,0.9857142857142858,79,49,70,,,1,0,0,1,75,75,627,247,7,5.0,140.09999308586086,50.08023336961851,82499971.97953272,0.99375,1.0
2,1,0,1623090,2024-04-07,rule_based_central,36610.83971359064,1.0,1.0,1.0,1.0,1.0,1.0,1.0,1.0,198,0,1,0,0,0,0,0,0,33,0,0,0,0.7626262626262627,1.0,104.03510469017608,0.0741972080384842,0.0741972080384842,50.0,0.0,0.0,0,0,1715.3570465755963,5298,246,1.0,33,,,,,0,0,0,0,1.0,1.0,1.0,87,51,60,,,,0,0,0,73,73,1294,260,16,12.0,266.0959311682349,93.04589225623812,87899982.83061574,1.0,1.0
2,1,1,1623091,2024-04-07,rule_based_central,36610.83971359064,1.0,0.9393939393939394,0.9166666666666666,1.0,0.9393939393939394,0.9166666666666666,0.9393939393939394,0.9393939393939394,198,12,12,12,12,12,12,12,0,33,2,2,0,0.7575757575757576,0.9393939393939394,111.77641287114884,6.290422736996352,6.290422736996352,50.0,0.0,0.0,0,0,1740.5205655843022,4917,223,1.0,33,,0;1,1,0;1,0,2,1,2,0.9540229885057472,0.8823529411764706,0.9666666666666668,87,51,60,0,0;1,1,1,2,1,69,69,1259,242,17,11.0,404.9998344421388,107.27975172883174,168699990.73023644,0.9587628865979382,0.0
2,1,2,1623092,2024-04-07,rule_based_central,36610.83971359064,0.9666666666666668,0.9090909090909092,0.9166666666666666,0.9944444444444446,0.9545454545454546,0.9583333333333334,0.9545454545454546,0.9545454545454546,198,9,11,8,9,8,8,9,0,33,3,3,0,0.5555555555555556,0.9545454545454546,131.46742938624487,3.512491598273769,3.512491598273769,50.0,0.0,0.0,0,0,2111.2585522631807,5778,217,1.0,33,25,0;1;25,1,0;1;25,1,3,1,3,0.942528735632184,0.9411764705882352,0.9833333333333332,87,51,60,0;25,0;1,1,2,2,1,84,84,1389,215,17,12.0,434.9467529296875,144.37773724679826,89599989.54506595,0.9946236559139784,0.3333333333333333
2,2,0,1624090,2024-04-07,rule_based_central,36610.83971359064,1.0,0.9393939393939394,0.9166666666666666,1.0,0.9545454545454546,0.9166666666666666,0.9545454545454546,0.9545454545454546,198,9,1,0,9,1,0,9,0,33,2,2,0,0.7323232323232324,0.9545454545454546,103.33496810149664,3.8338387855375657,3.8338387855375657,50.0,0.0,0.0,0,0,1641.7698663882898,6745,223,1.0,33,,0;1,1,0;1,0,2,1,2,0.9625,1.0,0.9032258064516128,80,56,62,0,,1,1,0,1,75,75,516,247,6,4.0,131.89997284147506,38.95654385065668,121199953.59185196,0.9476744186046512,1.0
2,2,1,1624091,2024-04-07,rule_based_central,36610.83971359064,1.0,1.0,1.0,1.0,1.0,1.0,1.0,1.0,198,0,0,0,0,0,0,0,0,33,0,0,0,0.6515151515151515,1.0,118.59163283639484,6.051497025923295e-05,6.051497025923295e-05,50.0,0.0,0.0,0,0,1956.7622409500184,4753,246,1.0,33,,,,,0,0,0,0,1.0,1.0,1.0,80,56,62,,,,0,0,0,81,81,440,209,6,5.0,187.5,41.22243187265981,165332040.72462848,1.0,1.0
2,2,2,1624092,2024-04-07,rule_based_central,36610.83971359064,1.0,0.9393939393939394,0.9166666666666666,1.0,0.9393939393939394,0.9166666666666666,0.9393939393939394,0.9393939393939394,198,12,6,6,12,6,6,12,0,33,2,2,0,0.7070707070707071,0.9393939393939394,107.890163961083,6.224290597318399,6.224290597318399,50.0,0.0,0.0,0,0,1677.4881502638257,5780,229,1.0,33,,0;1,1,0;1,0,2,1,2,0.925,1.0,0.9032258064516128,80,56,62,0,,1,1,0,1,77,77,364,231,4,3.0,79.14042320251465,26.70290884497553,65900001.692260414,0.95,0.8947368421052632
2,3,0,1625090,2024-04-07,rule_based_central,36610.83971359064,0.8666666666666667,0.8181818181818182,0.6,0.9,0.8484848484848485,0.6833333333333333,0.8484848484848485,0.8484848484848485,198,30,12,12,30,12,12,30,0,33,6,6,0,0.3838383838383838,0.8484848484848485,152.40029503781386,22.60517975296637,22.60517975296637,50.0,0.0,0.0,0,0,2141.6209496657057,5309,223,1.0,33,43;44;45;46,0;1;43;44;45;46,1;44;45;46,0;1;43;44;45;46,4,6,4,6,0.8865979381443299,1.0,0.6041666666666666,97,53,48,0;43,,1;44;45;46,2,0,4,67,67,934,232,15,13.0,327.4000002861023,80.54693991237662,38500000.09720316,0.8392857142857143,0.9
2,3,1,1625091,2024-04-07,rule_based_central,36610.83971359064,0.9333333333333332,0.9090909090909092,0.9,0.9499999999999998,0.9444444444444444,0.9666666666666666,0.9444444444444444,0.9444444444444444,198,11,0,0,11,0,0,11,0,33,3,3,0,0.4545454545454545,0.9444444444444444,144.14304944240686,17.252998183471988,17.252998183471988,50.0,0.0,0.0,0,0,2093.687822538117,5937,261,1.0,33,38;47,1;38;47,1,1;38;47,2,3,1,3,0.9072164948453608,1.0,0.9583333333333334,97,53,48,38;47,,1,2,0,1,78,78,1380,283,16,13.0,379.6999709606168,93.21394593887702,96700001.00708348,0.9430051813471504,1.0
2,3,2,1625092,2024-04-07,rule_based_central,36610.83971359064,0.8,0.8181818181818182,0.6,0.8499999999999999,0.8636363636363636,0.6833333333333333,0.8636363636363636,0.8636363636363636,198,27,0,0,27,0,0,27,0,33,6,6,0,0.3636363636363636,0.8636363636363636,157.52808820117605,31.03458078943118,31.03458078943118,50.0,0.0,0.0,0,0,2087.1449085374666,6041,232,1.0,33,35;41;43;44;45;46,35;41;43;44;45;46,41;44;45;46,35;41;43;44;45;46,6,6,4,6,0.9175257731958762,1.0,0.6041666666666666,97,53,48,35;43,,41;44;45;46,2,0,4,86,86,1666,263,17,14.649999999999975,372.00000381469727,118.24318158776396,258899985.41208857,0.8548387096774194,1.0
2,4,0,1626090,2024-04-07,rule_based_central,36610.83971359064,1.0,0.9393939393939394,0.9,1.0,0.9393939393939394,0.9,0.9393939393939394,0.9393939393939394,198,12,12,12,12,12,12,12,0,33,2,2,0,0.6313131313131313,0.9393939393939394,86.2684628313238,7.057223305557713,7.057223305557713,50.0,0.0,0.0,0,0,1306.9872102340055,6839,237,1.0,33,,0;1,1,0;1,0,2,1,2,0.9439252336448598,1.0,0.8947368421052632,107,34,57,0,,1,1,0,1,74,74,962,230,13,9.0,272.50000381469727,83.82085718366203,82500000.20829248,1.0,0.3684210526315789
2,4,1,1626091,2024-04-07,rule_based_central,36610.83971359064,1.0,0.9393939393939394,0.9,1.0,0.9393939393939394,0.9,0.9393939393939394,0.9393939393939394,198,12,8,8,12,8,8,12,0,33,2,2,0,0.6666666666666666,0.9393939393939394,85.974802224323,5.734957666108103,5.734957666108103,50.0,0.0,0.0,0,0,1323.9593311051538,5873,226,1.0,33,,0;1,1,0;1,0,2,1,2,0.9439252336448598,1.0,0.8947368421052632,107,34,57,0,,1,1,0,1,79,79,1297,233,12,10.0,218.66830700907232,96.34625839665556,96800010.16260946,0.9637305699481864,0.0
2,4,2,1626092,2024-04-07,rule_based_central,36610.83971359064,1.0,0.9393939393939394,0.9,1.0,0.9646464646464648,0.9,0.9646464646464646,0.9646464646464646,198,7,8,3,7,5,3,7,0,33,2,2,0,0.7272727272727273,0.9646464646464646,73.8922986358103,3.749137705022639,3.749137705022639,50.0,0.0,0.0,0,0,1157.3637697895367,6284,265,1.0,33,,0;1,1,0;1,0,2,1,2,0.9906542056074766,1.0,0.8947368421052632,107,34,57,0,,1,1,0,1,73,73,969,273,9,8.0,218.1999797979985,68.24125595279011,104184015.918557,0.9617486338797814,1.0
2,5,0,1627090,2024-04-07,rule_based_central,36610.83971359064,1.0,1.0,1.0,1.0,1.0,1.0,1.0,1.0,198,0,0,0,0,0,0,0,0,33,0,0,0,0.7575757575757576,1.0,89.13508601381321,5.367548778803662e-05,5.367548778803662e-05,50.0,0.0,0.0,0,0,1470.7299272256591,7238,255,1.0,33,,,,,0,0,0,0,1.0,1.0,1.0,73,55,70,,,,0,0,0,86,86,1056,258,13,9.0,329.7255607144176,88.49614832041065,218599959.4008649,1.0,1.0
2,5,1,1627091,2024-04-07,rule_based_central,36610.83971359064,1.0,0.9393939393939394,0.9166666666666666,1.0,0.9545454545454546,0.9583333333333334,0.9545454545454546,0.9545454545454546,198,9,9,8,9,9,8,9,0,33,2,2,0,0.7525252525252525,0.9545454545454546,105.39565939433646,4.733157918910788,4.733157918910788,50.0,0.0,0.0,0,0,1660.9326680153613,5762,244,1.0,33,,0;1,1,0;1,0,2,1,2,0.9178082191780822,1.0,0.9571428571428572,73,55,70,0,,1,1,0,1,74,74,518,198,6,6.0,199.5,52.68901113246328,74119974.70495722,0.9536423841059604,0.9574468085106383
2,5,2,1627092,2024-04-07,rule_based_central,36610.83971359064,1.0,0.9393939393939394,0.9166666666666666,1.0,0.9545454545454546,0.9583333333333334,0.9545454545454546,0.9545454545454546,198,9,12,9,9,9,9,9,0,33,2,2,0,0.7828282828282829,0.9545454545454546,120.35457564152853,3.603684627648556,3.603684627648556,50.0,0.0,0.0,0,0,1926.390516097348,4774,254,1.0,33,,0;1,1,0;1,0,2,1,2,0.9178082191780822,1.0,0.9571428571428572,73,55,70,0,,1,1,0,1,65,65,321,188,4,3.0,93.3999885876969,30.36565261841886,93399988.8235092,1.0,0.9
2,6,0,1628090,2024-04-07,rule_based_central,36610.83971359064,1.0,0.9696969696969696,1.0,1.0,0.9898989898989898,1.0,0.98989898989899,0.98989898989899,198,2,5,2,2,2,2,2,0,33,1,1,0,0.5808080808080808,0.98989898989899,117.42000164844173,0.5978442972356622,0.5978442972356622,50.0,0.0,0.0,0,0,1927.5668349663413,6632,223,1.0,33,,0,,0,0,1,0,1,0.9672131147540984,1.0,1.0,61,93,44,0,,,1,0,0,78,78,338,188,5,4.0,137.499991607666,32.37868815447209,80200000.96542498,1.0,0.9726027397260274
2,6,1,1628091,2024-04-07,rule_based_central,36610.83971359064,1.0,0.9696969696969696,0.8888888888888888,1.0,0.9898989898989898,0.9629629629629628,0.98989898989899,0.98989898989899,198,2,3,0,2,0,0,2,0,33,1,1,0,0.6313131313131313,0.98989898989899,101.19324207907977,1.0614889872194542,1.0614889872194542,50.0,0.0,0.0,0,0,1652.1755713174728,6708,254,1.0,33,,1,1,1,0,1,1,1,1.0,1.0,0.9545454545454546,61,93,44,,,1,0,0,1,87,87,700,247,6,5.0,141.93428923992798,49.86162547565648,126900001.8462706,0.9875,1.0
2,6,2,1628092,2024-04-07,rule_based_central,36610.83971359064,1.0,0.9393939393939394,0.8888888888888888,1.0,0.9646464646464648,0.9814814814814816,0.9646464646464646,0.9646464646464646,198,7,10,7,7,7,7,7,0,33,2,2,0,0.6212121212121212,0.9646464646464646,110.49437849765474,2.3572353690561623,2.3572353690561623,50.0,0.0,0.0,0,0,1784.2643486261363,6095,216,1.0,33,,0;1,1,0;1,0,2,1,2,0.9016393442622952,1.0,0.9772727272727272,61,93,44,0,,1,1,0,1,73,73,479,202,8,4.649999999999977,184.69997172355616,41.31667959500561,61000000.15401019,1.0,0.8409090909090909
2,7,0,1629090,2024-04-07,rule_based_central,36610.83971359064,1.0,1.0,1.0,1.0,1.0,1.0,1.0,1.0,198,0,2,0,0,0,0,0,0,33,0,0,0,0.5606060606060606,1.0,158.26985751258002,0.3122756553418708,0.3122756553418708,50.0,0.0,0.0,0,0,2606.301602701345,5389,274,1.0,33,,,,,0,0,0,0,1.0,1.0,1.0,67,74,57,,,,0,0,0,78,78,398,215,5,3.649999999999977,138.5,33.16353307161474,138500000.34967887,1.0,1.0
2,7,1,1629091,2024-04-07,rule_based_central,36610.83971359064,1.0,0.9696969696969696,0.9090909090909092,1.0,0.9848484848484848,0.9545454545454546,0.9848484848484848,0.9848484848484848,198,3,0,0,3,0,0,3,0,33,1,1,0,0.5707070707070707,0.9848484848484848,157.68482277192402,0.8071375856495867,0.8071375856495867,50.0,0.0,0.0,0,0,2588.4829845950035,6525,256,1.0,33,,1,1,1,0,1,1,1,1.0,1.0,0.9473684210526316,67,74,57,,,1,0,0,1,77,77,443,227,8,5.0,177.70186915397642,35.02752895027828,160444218.91656658,0.9787234042553192,1.0
2,7,2,1629092,2024-04-07,rule_based_central,36610.83971359064,1.0,1.0,1.0,1.0,1.0,1.0,1.0,1.0,198,0,2,0,0,0,0,0,0,33,0,0,0,0.5454545454545454,1.0,153.15632953427055,6.463792588975694e-05,6.463792588975694e-05,50.0,0.0,0.0,0,0,2527.079455816808,5804,225,1.0,33,,,,,0,0,0,0,1.0,1.0,1.0,67,74,57,,,,0,0,0,75,75,394,169,7,5.0,174.20000076293945,43.39620117599146,143399988.9179584,1.0,1.0
2,8,0,1630090,2024-04-07,rule_based_central,36610.83971359064,1.0,1.0,1.0,1.0,1.0,1.0,1.0,1.0,198,0,0,0,0,0,0,0,0,33,0,0,0,0.7626262626262627,1.0,79.76573327093413,0.1104848842428188,0.1104848842428188,50.0,0.0,0.0,0,0,1314.3133338789148,7337,264,1.0,33,,,,,0,0,0,0,1.0,1.0,1.0,86,48,64,,,,0,0,0,82,82,940,267,8,6.0,218.6000015258789,72.96664115509385,96200001.00582112,1.0,1.0
2,8,1,1630091,2024-04-07,rule_based_central,36610.83971359064,1.0,0.9393939393939394,0.9166666666666666,1.0,0.9646464646464646,0.9444444444444444,0.9646464646464646,0.9646464646464646,198,7,5,2,7,3,2,7,0,33,2,2,0,0.7828282828282829,0.9646464646464646,80.99364127595015,2.775539138100364,2.775539138100364,50.0,0.0,0.0,0,0,1290.6003454352422,6694,250,1.0,33,,0;1,1,0;1,0,2,1,2,0.9651162790697676,1.0,0.9375,86,48,64,0,,1,1,0,1,72,72,735,239,9,7.0,168.1999809106179,56.20054674702643,80199992.35056607,0.9578313253012049,1.0
2,8,2,1630092,2024-04-07,rule_based_central,36610.83971359064,1.0,1.0,1.0,1.0,1.0,1.0,1.0,1.0,198,0,0,0,0,0,0,0,0,33,0,0,0,0.8080808080808081,1.0,81.12644267699334,5.460989595663668e-05,5.460989595663668e-05,50.0,0.0,0.0,0,0,1338.5868973980344,6973,269,1.0,33,,,,,0,0,0,0,1.0,1.0,1.0,86,48,64,,,,0,0,0,78,78,704,244,7,6.0,164.14086504155895,56.83453833364805,112600002.57310604,1.0,1.0
2,9,0,1631090,2024-04-07,rule_based_central,36610.83971359064,1.0,0.9393939393939394,0.9090909090909092,1.0,0.9747474747474748,0.9696969696969696,0.9747474747474748,0.9747474747474748,198,5,2,0,5,2,0,5,0,33,2,2,0,0.6666666666666666,0.9747474747474748,143.29762819078235,1.4289935140898733,1.4289935140898733,50.0,0.0,0.0,0,0,2340.83405560876,6341,243,1.0,33,,0;1,1,0;1,0,2,1,2,0.9662921348314608,1.0,0.9672131147540984,89,48,61,0,,1,1,0,1,77,77,1005,261,10,7.0,199.74719085693368,74.78225709371699,118700001.06262816,0.9743589743589745,1.0
2,9,1,1631091,2024-04-07,rule_based_central,36610.83971359064,0.9666666666666668,0.9393939393939394,1.0,0.9944444444444446,0.98989898989899,1.0,0.98989898989899,0.98989898989899,198,2,5,1,2,1,1,2,0,33,2,2,0,0.5555555555555556,0.98989898989899,151.60183798664747,2.5840631542783794,2.5840631542783794,50.0,0.0,0.0,0,0,2458.7951573804007,5928,230,1.0,33,36,0;36,,0;36,1,2,0,2,0.9775280898876404,1.0,1.0,89,48,61,0;36,,,2,0,0,82,82,1238,230,14,11.0,359.4000015258789,116.39796160699905,91200000.99319732,0.9946236559139784,0.9166666666666666
2,9,2,1631092,2024-04-07,rule_based_central,36610.83971359064,0.9666666666666668,0.9090909090909092,0.9090909090909092,0.9944444444444446,0.9696969696969696,0.9545454545454546,0.9696969696969696,0.9696969696969696,198,6,4,1,6,2,1,6,0,33,3,3,0,0.6414141414141414,0.9696969696969696,134.9929737671457,2.9382967900748205,2.9382967900748205,50.0,0.0,0.0,0,0,2178.904118175308,6676,237,1.0,33,36,0;1;36,1,0;1;36,1,3,1,3,0.9662921348314608,1.0,0.9508196721311476,89,48,61,0;36,,1,2,0,1,87,87,1118,284,14,9.0,319.77079321963254,77.44715455460272,104499988.05680588,0.9693877551020408,1.0
2,10,0,1632090,2024-04-07,rule_based_central,36610.83971359064,1.0,1.0,1.0,1.0,1.0,1.0,1.0,1.0,198,0,0,0,0,0,0,0,0,33,0,0,0,0.6868686868686869,1.0,109.7028456103019,5.92324167791039e-05,5.92324167791039e-05,50.0,0.0,0.0,0,0,1810.097989195336,6218,275,1.0,33,,,,,0,0,0,0,1.0,1.0,1.0,83,65,50,,,,0,0,0,84,84,1010,247,12,9.0,191.8419776916504,70.4513685926111,112029167.36067335,1.0,1.0
2,10,1,1632091,2024-04-07,rule_based_central,36610.83971359064,1.0,0.9696969696969696,1.0,1.0,0.9696969696969696,1.0,0.9696969696969696,0.9696969696969696,198,6,7,6,6,6,6,6,0,33,1,1,0,0.6313131313131313,0.9696969696969696,127.30115153106172,2.535402604877347,2.535402604877347,50.0,0.0,0.0,0,0,2058.6362653101487,6432,246,1.0,33,,0,,0,0,1,0,1,0.927710843373494,1.0,1.0,83,65,50,0,,,1,0,0,80,80,636,234,8,6.0,196.705549621582,48.76085678336493,148399992.71746352,1.0,0.8888888888888888
2,10,2,1632092,2024-04-07,rule_based_central,36610.83971359064,1.0,0.9393939393939394,0.9,1.0,0.9494949494949496,0.9333333333333332,0.9494949494949496,0.9494949494949496,198,10,12,7,10,10,7,10,0,33,2,2,0,0.6414141414141414,0.9494949494949496,123.30136772463418,4.125411317354501,4.125411317354501,50.0,0.0,0.0,0,0,1966.4049262007077,6319,254,1.0,33,,0;1,1,0;1,0,2,1,2,0.927710843373494,1.0,0.92,83,65,50,0,,1,1,0,1,76,76,612,239,8,6.0,219.1766051113163,45.22619307743848,138500000.34967887,0.9763313609467456,0.7931034482758621
2,11,0,1633090,2024-04-07,rule_based_central,36610.83971359064,1.0,1.0,1.0,1.0,1.0,1.0,1.0,1.0,198,0,0,0,0,0,0,0,0,33,0,0,0,0.3232323232323232,1.0,163.1596233754447,5.708318768125592e-05,5.708318768125592e-05,50.0,0.0,0.0,0,0,2692.134346639116,5492,260,1.0,33,,,,,0,0,0,0,1.0,1.0,1.0,72,96,30,,,,0,0,0,78,78,516,198,10,7.0,179.5931476593018,40.01147862766279,118200001.06136575,1.0,1.0
2,11,1,1633091,2024-04-07,rule_based_central,36610.83971359064,1.0,0.9393939393939394,0.8333333333333334,1.0,0.9646464646464648,0.9444444444444444,0.9646464646464646,0.9646464646464646,198,7,6,5,7,5,5,7,0,33,2,2,0,0.3282828282828283,0.9646464646464646,164.1121412720343,2.3539781811261418,2.3539781811261418,50.0,0.0,0.0,0,0,2669.01077019175,6643,222,1.0,33,,0;1,1,0;1,0,2,1,2,0.9305555555555556,1.0,0.9333333333333332,72,96,30,0,,1,1,0,1,77,77,299,180,4,3.0,130.20000076293945,33.156241169454574,80200000.96542498,0.9821428571428572,0.9418604651162792
2,11,2,1633092,2024-04-07,rule_based_central,36610.83971359064,1.0,0.9393939393939394,0.8333333333333334,1.0,0.9494949494949496,0.8888888888888888,0.9494949494949496,0.9494949494949496,198,10,12,10,10,10,10,10,0,33,2,2,0,0.3333333333333333,0.9494949494949496,155.04183214330914,3.324109323096998,3.324109323096998,50.0,0.0,0.0,0,0,2503.3438452333203,6102,241,1.0,33,,0;1,1,0;1,0,2,1,2,0.9166666666666666,1.0,0.8666666666666667,72,96,30,0,,1,1,0,1,77,77,525,210,7,4.649999999999977,126.39998377958877,39.660265120479416,74200000.95027645,1.0,0.8333333333333334
2,12,0,1634090,2024-04-07,rule_based_central,36610.83971359064,1.0,1.0,1.0,1.0,1.0,1.0,1.0,1.0,198,0,0,0,0,0,0,0,0,33,0,0,0,0.6161616161616161,1.0,103.23754505880856,5.445516470706824e-05,5.445516470706824e-05,50.0,0.0,0.0,0,0,1703.4201079010966,5216,247,1.0,33,,,,,0,0,0,0,1.0,1.0,1.0,74,65,59,,,,0,0,0,65,65,443,194,7,5.0,159.4000015258789,49.93699639744039,88399994.23623307,1.0,1.0
2,12,1,1634091,2024-04-07,rule_based_central,36610.83971359064,1.0,1.0,1.0,1.0,1.0,1.0,1.0,1.0,198,0,0,0,0,0,0,0,0,33,0,0,0,0.6666666666666666,1.0,83.78200666531168,5.441061174026644e-05,5.441061174026644e-05,50.0,0.0,0.0,0,0,1382.4034896890323,6450,259,1.0,33,,,,,0,0,0,0,1.0,1.0,1.0,74,65,59,,,,0,0,0,73,73,616,225,9,6.0,198.9999437252671,58.214972545264416,93400001.76169124,1.0,1.0
2,12,2,1634092,2024-04-07,rule_based_central,36610.83971359064,1.0,0.9696969696969696,1.0,1.0,0.9696969696969696,1.0,0.9696969696969696,0.9696969696969696,198,6,6,6,6,6,6,6,0,33,1,1,0,0.6262626262626263,0.9696969696969696,110.63872289416766,2.864415902682025,2.864415902682025,50.0,0.0,0.0,0,0,1778.2773311436183,5771,240,1.0,33,,0,,0,0,1,0,1,0.9324324324324323,0.9846153846153848,1.0,74,65,59,0,0,,1,1,0,80,80,374,194,6,5.0,107.19997587203986,29.354176752800694,107199976.14269376,0.9813084112149532,0.956043956043956
2,13,0,1635090,2024-04-07,rule_based_central,36610.83971359064,1.0,1.0,1.0,1.0,1.0,1.0,1.0,1.0,198,0,3,0,0,0,0,0,0,33,0,0,0,0.7070707070707071,1.0,100.73145336514771,0.5130153424812086,0.5130153424812086,50.0,0.0,0.0,0,0,1653.605794336491,5412,265,1.0,33,,,,,0,0,0,0,1.0,1.0,1.0,74,73,51,,,,0,0,0,84,84,668,235,7,6.0,126.29999908606187,45.4059899023611,126299999.40493871,1.0,1.0
2,13,1,1635091,2024-04-07,rule_based_central,36610.83971359064,1.0,0.9696969696969696,1.0,1.0,0.9696969696969696,1.0,0.9696969696969696,0.9696969696969696,198,6,6,6,6,6,6,6,0,33,1,1,0,0.6161616161616161,0.9696969696969696,117.29671657747691,2.073621826942521,2.073621826942521,50.0,0.0,0.0,0,0,1901.1821440520368,5081,214,1.0,33,,0,,0,0,1,0,1,0.9324324324324323,0.9863013698630136,1.0,74,73,51,0,0,,1,1,0,73,73,252,145,6,4.0,123.60000228881836,33.297368030095065,95399924.18003628,1.0,0.944954128440367
2,13,2,1635092,2024-04-07,rule_based_central,36610.83971359064,1.0,0.9696969696969696,1.0,1.0,0.9696969696969696,1.0,0.9696969696969696,0.9696969696969696,198,6,6,6,6,6,6,6,0,33,1,1,0,0.6919191919191919,0.9696969696969696,87.18218919002649,1.4099831436619614,1.4099831436619614,50.0,0.0,0.0,0,0,1415.2435738643,7082,230,1.0,33,,0,,0,0,1,0,1,0.9324324324324323,0.9863013698630136,1.0,74,73,51,0,0,,1,1,0,79,79,1251,244,12,9.649999999999975,239.099997663498,103.58859566979568,88400001.74906746,1.0,0.5
2,14,0,1636090,2024-04-07,rule_based_central,36610.83971359064,0.9666666666666668,0.9090909090909092,0.9,0.9833333333333332,0.9545454545454546,0.9666666666666666,0.9545454545454546,0.9545454545454546,198,9,5,3,9,4,3,9,0,33,3,3,0,0.7171717171717171,0.9545454545454546,103.10962876933392,4.340041577213943,4.340041577213943,50.0,0.0,0.0,0,0,1629.6998818454642,6596,224,1.0,33,39,0;1;39,1,0;1;39,1,3,1,3,0.9294117647058824,0.9848484848484848,0.9574468085106383,85,66,47,0;39,0,1,2,1,1,73,73,860,256,9,7.0,185.19996825853892,69.14683952684113,50000000.12623786,0.953846153846154,1.0
2,14,1,1636091,2024-04-07,rule_based_central,36610.83971359064,1.0,0.9696969696969696,1.0,1.0,0.9848484848484848,1.0,0.9848484848484848,0.9848484848484848,198,3,6,3,3,3,3,3,0,33,1,1,0,0.7070707070707071,0.9848484848484848,113.45127424025776,1.1331965399510933,1.1331965399510933,50.0,0.0,0.0,0,0,1853.25000330309,6578,245,1.0,33,,0,,0,0,1,0,1,0.976470588235294,0.9848484848484848,1.0,85,66,47,0,0,,1,1,0,78,78,769,268,9,7.0,211.01514287055076,56.16474775473471,90570276.28055248,0.9835164835164836,1.0
2,14,2,1636092,2024-04-07,rule_based_central,36610.83971359064,1.0,0.9393939393939394,0.9,1.0,0.9646464646464646,0.9333333333333332,0.9646464646464646,0.9646464646464646,198,7,6,3,7,3,3,7,0,33,2,2,0,0.6717171717171717,0.9646464646464646,104.66173518847935,1.8491583803687432,1.8491583803687432,50.0,0.0,0.0,0,0,1696.4091605249173,6175,227,1.0,33,,0;1,1,0;1,0,2,1,2,0.976470588235294,0.9848484848484848,0.9148936170212766,85,66,47,0,0,1,1,1,1,77,77,913,261,9,7.0,226.39999280505728,64.6804133183102,76899997.14239602,0.972972972972973,0.8461538461538461
2,15,0,1637090,2024-04-07,rule_based_central,36610.83971359064,0.9,0.8787878787878788,1.0,0.9555555555555556,0.9292929292929292,1.0,0.9292929292929292,0.9292929292929292,198,14,6,6,14,6,6,14,0,33,4,4,0,0.4090909090909091,0.9292929292929292,149.6959900856018,22.456374751196968,22.456374751196968,50.0,0.0,0.0,0,0,2099.455498809616,5497,255,1.0,33,35;38;43,0;35;38;43,,0;35;38;43,3,4,0,4,0.8556701030927835,1.0,1.0,97,55,46,0;35;38;43,,,4,0,0,81,81,1515,264,18,13.0,435.7199597994485,115.4341209948843,96200001.00582112,0.9424083769633508,0.5714285714285714
2,15,1,1637091,2024-04-07,rule_based_central,36610.83971359064,0.9,0.8787878787878788,0.8181818181818182,0.9222222222222222,0.9191919191919192,0.8181818181818182,0.9191919191919192,0.9191919191919192,198,16,8,2,16,2,2,16,0,33,4,4,0,0.3333333333333333,0.9191919191919192,155.5469412472513,13.177637656529743,13.177637656529743,50.0,0.0,0.0,0,0,2349.09550656875,5628,249,1.0,33,35;45;46,0;35;45;46,45;46,0;35;45;46,3,4,2,4,0.9484536082474226,1.0,0.7608695652173914,97,55,46,0;35;46,,45;46,3,0,2,73,73,1536,267,15,14.0,319.20000062783447,117.47969630421711,100000000.25247572,0.9217877094972068,0.8947368421052632
2,15,2,1637092,2024-04-07,rule_based_central,36610.83971359064,0.9333333333333332,0.9393939393939394,1.0,0.9833333333333332,0.9848484848484848,1.0,0.9848484848484848,0.9848484848484848,198,3,1,0,3,0,0,3,0,33,2,2,0,0.494949494949495,0.9848484848484848,127.9065148276512,3.6333490188675697,3.6333490188675697,50.0,0.0,0.0,0,0,2050.509352882704,5042,273,1.0,33,35;46,35;46,,35;46,2,2,0,2,0.9690721649484536,1.0,1.0,97,55,46,35;46,,,2,0,0,72,72,1285,274,11,9.0,243.6279863781405,96.14549985994326,99399997.83498538,0.9836956521739132,1.0
2,16,0,1638090,2024-04-07,rule_based_central,36610.83971359064,1.0,0.9393939393939394,0.9,1.0,0.9444444444444444,0.9,0.9444444444444444,0.9444444444444444,198,11,6,5,11,5,5,11,0,33,2,2,0,0.6565656565656566,0.9444444444444444,115.94296164705295,4.527733217586171,4.527733217586171,50.0,0.0,0.0,0,0,1838.3530962616203,7007,233,1.0,33,,0;1,1,0;1,0,2,1,2,0.945054945054945,1.0,0.8823529411764706,91,56,51,0,,1,1,0,1,82,82,958,245,12,7.0,287.97461123466354,91.23479101248336,120900001.83112209,0.9489795918367347,0.5
2,16,1,1638091,2024-04-07,rule_based_central,36610.83971359064,1.0,0.9393939393939394,0.9,1.0,0.97979797979798,0.95,0.9797979797979798,0.9797979797979798,198,4,3,0,4,1,0,4,0,33,2,2,0,0.7121212121212122,0.9797979797979798,106.06395898202452,0.8400078951710402,0.8400078951710402,50.0,0.0,0.0,0,0,1736.1972605598462,6651,267,1.0,33,,0;1,1,0;1,0,2,1,2,0.989010989010989,1.0,0.9411764705882352,91,56,51,0,,1,1,0,1,78,78,904,273,9,8.0,187.39996716976103,69.47253777802642,143400001.8879291,0.978494623655914,1.0
2,16,2,1638092,2024-04-07,rule_based_central,36610.83971359064,1.0,0.9393939393939394,0.9,1.0,0.9545454545454546,0.95,0.9545454545454546,0.9545454545454546,198,9,6,6,9,6,6,9,0,33,2,2,0,0.6666666666666666,0.9545454545454546,116.76839481580136,3.053587039311727,3.053587039311727,50.0,0.0,0.0,0,0,1876.2959544633832,5627,280,1.0,33,,0;1,1,0;1,0,2,1,2,0.934065934065934,1.0,0.9411764705882352,91,56,51,0,,1,1,0,1,78,78,809,278,8,6.0,175.59722938873608,47.32260853967536,84500008.98714574,0.9680851063829788,0.7
2,17,0,1639090,2024-04-07,rule_based_central,36610.83971359064,0.6333333333333333,0.6363636363636364,0.9090909090909092,0.7555555555555556,0.7727272727272727,0.9772727272727272,0.7727272727272727,0.7727272727272727,198,45,35,26,45,29,26,45,0,33,12,12,0,0.2828282828282828,0.7727272727272727,283.2436988751094,94.160506103978,94.160506103978,50.0,0.0,0.0,0,0,3119.8744043459483,3967,261,1.0,33,22;24;25;26;28;29;30;31;33;34;47,22;24;25;26;28;29;30;31;32;33;34;47,32,22;24;25;26;28;29;30;31;32;33;34;47,11,12,1,12,0.5567010309278351,0.979591836734694,0.9807692307692308,97,49,52,22;24;25;26;28;29;30;31;33;34,47,32,10,1,1,75,75,1669,267,19,17.0,380.29999084472655,123.97818465036006,138499995.7720422,0.7528089887640449,0.95
2,17,1,1639091,2024-04-07,rule_based_central,36610.83971359064,0.3333333333333333,0.3333333333333333,0.5454545454545454,0.6055555555555556,0.6010101010101011,0.7121212121212122,0.601010101010101,0.601010101010101,198,79,23,12,79,20,12,79,0,33,22,22,0,0.1313131313131313,0.601010101010101,315.10236177059136,117.36546325683594,117.36546325683594,50.0,0.0,0.0,0,0,3262.660769293706,4040,234,1.0,33,24;26;28;29;30;31;33;34;35;36;37;38;39;40;41;42;43;44;45;46,0;24;26;28;29;30;31;32;33;34;35;36;37;38;39;40;41;42;43;44;45;46,32;41;44;45;46,0;24;26;28;29;30;31;32;33;34;35;36;37;38;39;40;41;42;43;44;45;46,20,22,5,22,0.4432989690721649,0.8367346938775511,0.6730769230769231,97,49,52,0;24;26;28;29;30;31;33;34;35;38;39;40;42;43,32;36;37;38,32;41;44;45;46,15,4,5,83,83,2054,252,23,19.0,519.2735674785611,172.00918613619478,85200000.97804877,0.5989583333333334,0.6666666666666666
2,17,2,1639092,2024-04-07,rule_based_central,36610.83971359064,0.7,0.6363636363636364,0.8181818181818182,0.7722222222222223,0.7272727272727273,0.8863636363636364,0.7272727272727273,0.7272727272727273,198,54,34,22,54,32,22,54,0,33,12,12,0,0.3181818181818182,0.7272727272727273,275.18133878226234,98.51494347928752,98.51494347928752,50.0,0.0,0.0,0,0,2914.997217468919,4538,225,1.0,33,21;22;26;28;29;30;31;33;34,0;1;21;22;26;28;29;30;31;32;33;34,1;32,0;1;21;22;26;28;29;30;31;32;33;34,9,12,2,12,0.5154639175257731,1.0,0.8653846153846154,97,49,52,0;21;22;26;28;29;30;31;33;34,,1;32,10,0,2,73,73,1604,249,17,14.0,349.6000022888184,126.74543863576156,77500000.1956687,0.7346938775510204,0.0
2,18,0,1640090,2024-04-07,rule_based_central,36610.83971359064,1.0,0.9393939393939394,0.9090909090909092,1.0,0.9393939393939394,0.9090909090909092,0.9393939393939394,0.9393939393939394,198,12,12,10,12,12,10,12,0,33,2,2,0,0.8282828282828283,0.9393939393939394,80.47257950721365,6.045607701696531,6.045607701696531,50.0,0.0,0.0,0,0,1228.0464990735047,6814,220,1.0,33,,0;1,1,0;1,0,2,1,2,0.926829268292683,1.0,0.90625,82,52,64,0,,1,1,0,1,81,81,784,229,9,7.0,215.96054533960495,70.75587381809444,77499987.98863743,0.9574468085106383,0.6
2,18,1,1640091,2024-04-07,rule_based_central,36610.83971359064,1.0,0.9393939393939394,0.9090909090909092,1.0,0.9494949494949496,0.9090909090909092,0.9494949494949496,0.9494949494949496,198,10,6,2,10,6,2,10,0,33,2,2,0,0.7828282828282829,0.9494949494949496,71.74732955778488,2.9195620556070345,2.9195620556070345,50.0,0.0,0.0,0,0,1135.6598090926816,6815,217,1.0,33,,0;1,1,0;1,0,2,1,2,0.951219512195122,1.0,0.90625,82,52,64,0,,1,1,0,1,86,86,1092,229,10,8.0,290.0999900817871,99.28969220255246,196699969.44922316,0.9489795918367347,1.0
2,18,2,1640092,2024-04-07,rule_based_central,36610.83971359064,1.0,1.0,1.0,1.0,1.0,1.0,1.0,1.0,198,0,0,0,0,0,0,0,0,33,0,0,0,0.803030303030303,1.0,73.630145593123,4.938395336420849e-05,4.938395336420849e-05,50.0,0.0,0.0,0,0,1214.8982666457682,7498,267,1.0,33,,,,,0,0,0,0,1.0,1.0,1.0,82,52,64,,,,0,0,0,80,80,958,277,11,7.0,272.779924202497,73.37718362234968,101699994.1108665,1.0,1.0
2,19,0,1641090,2024-04-07,rule_based_central,36610.83971359064,1.0,0.9696969696969696,1.0,1.0,0.9696969696969696,1.0,0.9696969696969696,0.9696969696969696,198,6,6,6,6,6,6,6,0,33,1,1,0,0.7222222222222222,0.9696969696969696,98.45352261084498,2.732177060059827,2.732177060059827,50.0,0.0,0.0,0,0,1579.4033098220823,5238,202,1.0,33,,0,,0,0,1,0,1,0.9117647058823528,1.0,1.0,68,63,67,0,,,1,0,0,64,64,372,191,5,3.0,119.2,31.905994527925102,68600001.69907726,1.0,0.9016393442622952
2,19,1,1641091,2024-04-07,rule_based_central,36610.83971359064,1.0,1.0,1.0,1.0,1.0,1.0,1.0,1.0,198,0,3,0,0,0,0,0,0,33,0,0,0,0.7323232323232324,1.0,85.19220061735673,4.922500764480745e-05,4.922500764480745e-05,50.0,0.0,0.0,0,0,1405.6723565533753,6560,272,1.0,33,,,,,0,0,0,0,1.0,1.0,1.0,68,63,67,,,,0,0,0,77,77,1143,273,14,10.649999999999975,353.2999984741211,82.75337005258127,68700000.93639028,1.0,1.0
2,19,2,1641092,2024-04-07,rule_based_central,36610.83971359064,1.0,0.9696969696969696,1.0,1.0,0.9797979797979796,1.0,0.9797979797979798,0.9797979797979798,198,4,6,3,4,4,3,4,0,33,1,1,0,0.8333333333333334,0.9797979797979798,77.45697083376875,1.8573201304734357,1.8573201304734357,50.0,0.0,0.0,0,0,1247.3958936507497,7331,221,1.0,33,,0,,0,0,1,0,1,0.9411764705882352,1.0,1.0,68,63,67,0,,,1,0,0,80,80,807,268,10,8.0,201.0999900817871,59.90561372784213,85199993.75396529,0.9895833333333334,0.6666666666666666
2,20,0,1642090,2024-04-07,rule_based_central,36610.83971359064,1.0,0.9393939393939394,0.9166666666666666,1.0,0.9545454545454546,0.9583333333333334,0.9545454545454546,0.9545454545454546,198,9,6,6,9,6,6,9,0,33,2,2,0,0.7272727272727273,0.9545454545454546,105.42882470651108,4.055170511958575,4.055170511958575,50.0,0.0,0.0,0,0,1672.6669322599964,6801,251,1.0,33,,0;1,1,0;1,0,2,1,2,0.92,1.0,0.9565217391304348,75,54,69,0,,1,1,0,1,80,80,489,220,6,4.649999999999977,131.89999901453598,39.52543573285281,69199988.5398858,0.9452054794520548,0.9807692307692308
2,20,1,1642091,2024-04-07,rule_based_central,36610.83971359064,1.0,0.9393939393939394,0.9166666666666666,1.0,0.9696969696969696,0.9583333333333334,0.9696969696969696,0.9696969696969696,198,6,2,1,6,2,1,6,0,33,2,2,0,0.7727272727272727,0.9696969696969696,91.60559866524706,2.5260117945044933,2.5260117945044933,50.0,0.0,0.0,0,0,1469.8149246772125,6340,250,1.0,33,,0;1,1,0;1,0,2,1,2,0.96,1.0,0.9565217391304348,75,54,69,0,,1,1,0,1,74,74,761,245,7,5.0,158.68400115966804,55.1214925520589,158684001.56030664,0.9651162790697676,1.0
2,20,2,1642092,2024-04-07,rule_based_central,36610.83971359064,1.0,0.9696969696969696,1.0,1.0,0.9797979797979796,1.0,0.9797979797979798,0.9797979797979798,198,4,6,4,4,4,4,4,0,33,1,1,0,0.7626262626262627,0.9797979797979798,108.0419743313934,1.5109665610573508,1.5109665610573508,50.0,0.0,0.0,0,0,1757.762841261457,5563,239,1.0,33,,0,,0,0,1,0,1,0.9466666666666668,1.0,1.0,75,54,69,0,,,1,0,0,72,72,386,191,5,4.0,101.70000076293944,38.03479471083482,101700001.01970728,1.0,0.9466666666666668
2,21,0,1643090,2024-04-07,rule_based_central,36610.83971359064,1.0,0.9696969696969696,1.0,1.0,0.9797979797979796,1.0,0.9797979797979798,0.9797979797979798,198,4,6,4,4,4,4,4,0,33,1,1,0,0.5353535353535354,0.9797979797979798,117.8584582697945,3.39417412664081,3.39417412664081,50.0,0.0,0.0,0,0,1888.662791291872,6187,232,1.0,33,,0,,0,0,1,0,1,0.9595959595959596,1.0,1.0,99,33,66,0,,,1,0,0,82,82,1363,249,14,13.0,314.8410285329541,114.38899142051632,149400001.90307766,1.0,0.6666666666666666
2,21,1,1643091,2024-04-07,rule_based_central,36610.83971359064,0.9666666666666668,0.9696969696969696,1.0,0.9833333333333332,0.9848484848484848,1.0,0.9848484848484848,0.9848484848484848,198,3,0,0,3,0,0,3,0,33,1,1,0,0.5757575757575758,0.9848484848484848,117.60604448156738,4.6378193419161216,4.6378193419161216,50.0,0.0,0.0,0,0,1863.9776407356069,5484,257,1.0,33,38,38,,38,1,1,0,1,0.9696969696969696,1.0,1.0,99,33,66,38,,,1,0,0,87,87,1455,282,13,12.0,367.1000015258789,107.08434763081904,223599972.31458205,0.9846938775510204,1.0
2,21,2,1643092,2024-04-07,rule_based_central,36610.83971359064,1.0,0.9393939393939394,0.9166666666666666,1.0,0.9393939393939394,0.9166666666666666,0.9393939393939394,0.9393939393939394,198,12,12,11,12,12,11,12,0,33,2,2,0,0.6414141414141414,0.9393939393939394,115.34281922477274,6.455710017297098,6.455710017297098,50.0,0.0,0.0,0,0,1796.6389200786743,6975,242,1.0,33,,0;1,1,0;1,0,2,1,2,0.9393939393939394,1.0,0.9090909090909092,99,33,66,0,,1,1,0,1,72,72,882,212,11,9.0,290.09998324712103,90.48439668864948,80200000.96542498,0.9426751592356688,0.926829268292683
2,22,0,1644090,2024-04-07,rule_based_central,36610.83971359064,0.8666666666666667,0.8484848484848485,1.0,0.9055555555555556,0.888888888888889,1.0,0.8888888888888888,0.8888888888888888,198,22,16,13,22,15,13,22,0,33,5,5,0,0.5606060606060606,0.8888888888888888,208.02059627181356,45.69986657421998,45.69986657421998,50.0,0.0,0.0,0,0,2678.293713321287,4478,248,1.0,33,28;29;30;37,0;28;29;30;37,,0;28;29;30;37,4,5,0,5,0.7608695652173914,1.0,1.0,92,50,56,0;28;29;30;37,,,5,0,0,69,69,1394,257,14,13.0,338.8999931335449,114.55861932095551,121999981.0332026,0.9060773480662984,0.7058823529411765
2,22,1,1644091,2024-04-07,rule_based_central,36610.83971359064,0.7333333333333333,0.6666666666666666,0.5454545454545454,0.8388888888888889,0.7626262626262627,0.6515151515151515,0.7626262626262627,0.7626262626262627,198,47,17,15,47,17,15,47,0,33,11,11,0,0.3636363636363636,0.7626262626262627,232.39426474619395,62.44854090912173,62.44854090912173,50.0,0.0,0.0,0,0,2804.1062156955386,4186,248,1.0,33,28;29;30;35;44;45;46;47,0;1;28;29;30;32;35;44;45;46;47,1;32;44;45;46,0;1;28;29;30;32;35;44;45;46;47,8,11,5,11,0.7391304347826086,0.96,0.625,92,50,56,0;28;29;30;35;47,1,1;32;44;45;46,6,1,5,71,71,1618,255,18,14.0,360.3999885559082,130.6433527500013,57699998.24627703,0.7513812154696132,0.8823529411764706
2,22,2,1644092,2024-04-07,rule_based_central,36610.83971359064,0.6666666666666666,0.6363636363636364,0.5454545454545454,0.811111111111111,0.7676767676767676,0.6969696969696969,0.7676767676767676,0.7676767676767676,198,46,24,19,46,23,19,46,0,33,12,12,0,0.3535353535353535,0.7676767676767676,230.05274883364183,67.51256182699493,67.51256182699493,50.0,0.0,0.0,0,0,2681.9147172390185,4197,213,1.0,33,29;30;37;39;40;41;43;45;46;47,0;1;29;30;37;39;40;41;43;45;46;47,1;39;41;45;46,0;1;29;30;37;39;40;41;43;45;46;47,10,12,5,12,0.717391304347826,0.96,0.6785714285714286,92,50,56,0;29;30;37;40;43;47,1,1;39;41;45;46,7,1,5,78,78,1632,251,16,14.0,382.10000152587895,140.9897398334352,65999963.33096204,0.7731958762886598,0.5
2,23,0,1645090,2024-04-07,rule_based_central,36610.83971359064,1.0,0.9393939393939394,0.9166666666666666,1.0,0.9545454545454546,0.95,0.9545454545454546,0.9545454545454546,198,9,6,6,9,6,6,9,0,33,2,2,0,0.696969696969697,0.9545454545454546,131.4306665454248,4.380945533212989,4.380945533212989,50.0,0.0,0.0,0,0,2096.3220451523853,7245,218,1.0,33,,0;1,1,0;1,0,2,1,2,0.926829268292683,1.0,0.953125,82,52,64,0,,1,1,0,1,82,82,755,221,10,7.0,173.09998363388866,55.00630254166431,88399989.75396344,0.953216374269006,0.9629629629629628
2,23,1,1645091,2024-04-07,rule_based_central,36610.83971359064,1.0,1.0,1.0,1.0,1.0,1.0,1.0,1.0,198,0,1,0,0,0,0,0,0,33,0,0,0,0.6464646464646465,1.0,148.07056693717686,0.1976317685059826,0.1976317685059826,50.0,0.0,0.0,0,0,2439.9047792553893,5739,250,1.0,33,,,,,0,0,0,0,1.0,1.0,1.0,82,52,64,,,,0,0,0,79,79,494,216,8,5.0,151.69999155998198,37.30333845518435,102199982.66273834,1.0,1.0
2,23,2,1645092,2024-04-07,rule_based_central,36610.83971359064,1.0,0.9696969696969696,1.0,1.0,0.9696969696969696,1.0,0.9696969696969696,0.9696969696969696,198,6,6,6,6,6,6,6,0,33,1,1,0,0.6111111111111112,0.9696969696969696,142.257647332519,1.6168331473764748,1.6168331473764748,50.0,0.0,0.0,0,0,2320.5750371615104,6682,260,1.0,33,,0,,0,0,1,0,1,0.926829268292683,1.0,1.0,82,52,64,0,,,1,0,0,86,86,601,246,8,6.0,192.99998779296877,43.459554551350585,86699971.0126191,0.9882352941176472,0.8571428571428571
3,0,0,1722090,2024-08-01,rule_based_central,45241.03472717985,1.0,1.0,1.0,1.0,1.0,1.0,1.0,1.0,180,0,0,0,0,0,0,0,0,30,0,0,0,0.6166666666666667,1.0,132.46331024302376,6.602870093451606e-05,6.602870093451606e-05,50.0,0.0,0.0,0,0,1986.9498362516367,6160,207,1.0,30,,,,,0,0,0,0,1.0,1.0,1.0,73,57,50,,,,0,0,0,71,71,315,162,8,4.649999999999977,177.6874038537341,32.425018438910826,75599979.57561168,1.0,1.0
3,0,1,1722091,2024-08-01,rule_based_central,45241.03472717985,1.0,1.0,1.0,1.0,1.0,1.0,1.0,1.0,180,0,0,0,0,0,0,0,0,30,0,0,0,0.6222222222222222,1.0,130.27937494383917,6.689760420057509e-05,6.689760420057509e-05,50.0,0.0,0.0,0,0,1954.1910984093952,5788,249,1.0,30,,,,,0,0,0,0,1.0,1.0,1.0,73,57,50,,,,0,0,0,84,84,382,189,6,4.0,112.87559287451076,30.2162636657436,57700000.90861795,1.0,1.0
3,0,2,1722092,2024-08-01,rule_based_central,45241.03472717985,1.0,1.0,1.0,1.0,1.0,1.0,1.0,1.0,180,0,0,0,0,0,0,0,0,30,0,0,0,0.6111111111111112,1.0,136.29918849070867,6.099806891547309e-05,6.099806891547309e-05,50.0,0.0,0.0,0,0,2044.488223383824,5342,219,1.0,30,,,,,0,0,0,0,1.0,1.0,1.0,73,57,50,,,,0,0,0,84,84,323,154,7,4.0,157.19998779296878,26.480219175615417,157199988.1898606,1.0,1.0
3,1,0,1723090,2024-08-01,rule_based_central,45241.03472717985,1.0,1.0,1.0,1.0,1.0,1.0,1.0,1.0,180,0,0,0,0,0,0,0,0,30,0,0,0,0.6555555555555556,1.0,181.69038664036327,7.449256049262153e-05,7.449256049262153e-05,50.0,0.0,0.0,0,0,2725.3560181061425,5957,240,1.0,30,,,,,0,0,0,0,1.0,1.0,1.0,74,50,56,,,,0,0,0,82,82,292,156,5,4.0,104.30000228881836,29.04171454140007,104300002.55215056,1.0,1.0
3,1,1,1723091,2024-08-01,rule_based_central,45241.03472717985,1.0,1.0,1.0,1.0,1.0,1.0,1.0,1.0,180,0,1,0,0,0,0,0,0,30,0,0,0,0.6222222222222222,1.0,184.80894774662124,6.592538621690538e-05,6.592538621690538e-05,50.0,0.0,0.0,0,0,2772.1343928029146,5385,222,1.0,30,,,,,0,0,0,0,1.0,1.0,1.0,74,50,56,,,,0,0,0,78,78,293,145,8,3.649999999999977,215.39999198383745,33.34642921610041,197399958.3300877,1.0,1.0
3,1,2,1723092,2024-08-01,rule_based_central,45241.03472717985,1.0,1.0,1.0,1.0,1.0,1.0,1.0,1.0,180,0,0,0,0,0,0,0,0,30,0,0,0,0.6,1.0,184.37551469438608,7.005797492133246e-05,7.005797492133246e-05,50.0,0.0,0.0,0,0,2765.6332608958087,6141,253,1.0,30,,,,,0,0,0,0,1.0,1.0,1.0,74,50,56,,,,0,0,0,95,95,570,222,8,6.0,168.70000076293945,44.2005835780154,165399978.594346,1.0,1.0
3,2,0,1724090,2024-08-01,rule_based_central,45241.03472717985,1.0,1.0,1.0,1.0,1.0,1.0,1.0,1.0,180,0,0,0,0,0,0,0,0,30,0,0,0,0.4333333333333333,1.0,208.92464821752571,5.939801534016927e-05,5.939801534016927e-05,50.0,0.0,0.0,0,0,3133.870164910954,6099,222,1.0,30,,,,,0,0,0,0,1.0,1.0,1.0,79,76,25,,,,0,0,0,78,78,464,213,6,5.0,140.10000228881836,40.41781468448344,107700001.0348558,1.0,1.0
3,2,1,1724091,2024-08-01,rule_based_central,45241.03472717985,0.9666666666666668,0.9655172413793104,1.0,0.9944444444444446,0.9942528735632185,1.0,0.9944444444444444,0.9944444444444444,180,1,0,0,1,0,0,1,0,30,1,1,0,0.4277777777777777,0.9944444444444444,211.394162343608,1.4524569220013088,1.4524569220013088,50.0,0.0,0.0,0,0,3149.1266091565285,5849,218,1.0,30,39,39,,39,1,1,0,1,0.9873417721518988,1.0,1.0,79,76,25,39,,,1,0,0,75,75,277,159,5,3.0,132.49402675909334,30.8484604600474,76900001.72003275,0.9893617021276596,1.0
3,2,2,1724092,2024-08-01,rule_based_central,45241.03472717985,1.0,1.0,1.0,1.0,1.0,1.0,1.0,1.0,180,0,0,0,0,0,0,0,0,30,0,0,0,0.4444444444444444,1.0,205.28092019319948,6.112787458631728e-05,6.112787458631728e-05,50.0,0.0,0.0,0,0,3079.2140473400555,6432,236,1.0,30,,,,,0,0,0,0,1.0,1.0,1.0,79,76,25,,,,0,0,0,80,80,345,186,6,4.0,123.60000228881836,37.769903000441815,123600002.60087836,1.0,1.0
3,3,0,1725090,2024-08-01,rule_based_central,45241.03472717985,1.0,1.0,1.0,1.0,1.0,1.0,1.0,1.0,180,0,0,0,0,0,0,0,0,30,0,0,0,0.4777777777777778,1.0,136.43709212938944,5.447665850321452e-05,5.447665850321452e-05,50.0,0.0,0.0,0,0,2046.556833138069,5076,229,1.0,30,,,,,0,0,0,0,1.0,1.0,1.0,78,90,12,,,,0,0,0,87,87,465,195,8,6.0,137.39997475147143,38.66451725470554,110499963.20489512,1.0,1.0
3,3,1,1725091,2024-08-01,rule_based_central,45241.03472717985,1.0,1.0,1.0,1.0,1.0,1.0,1.0,1.0,180,0,0,0,0,0,0,0,0,30,0,0,0,0.5,1.0,143.74407422277662,7.730589972601997e-05,7.730589972601997e-05,50.0,0.0,0.0,0,0,2156.1614814549694,5254,261,1.0,30,,,,,0,0,0,0,1.0,1.0,1.0,78,90,12,,,,0,0,0,81,81,402,196,4,4.0,99.5,25.99643935537,91200000.99319732,1.0,1.0
3,3,2,1725092,2024-08-01,rule_based_central,45241.03472717985,1.0,1.0,1.0,1.0,1.0,1.0,1.0,1.0,180,0,0,0,0,0,0,0,0,30,0,0,0,0.5444444444444444,1.0,141.9158532102903,6.087223688761393e-05,6.087223688761393e-05,50.0,0.0,0.0,0,0,2128.7381956974677,4867,210,1.0,30,,,,,0,0,0,0,1.0,1.0,1.0,78,90,12,,,,0,0,0,79,79,261,142,4,3.0,96.70000076293944,29.543173997343946,96700001.00708348,1.0,1.0
3,4,0,1726090,2024-08-01,rule_based_central,45241.03472717985,1.0,1.0,1.0,1.0,1.0,1.0,1.0,1.0,180,0,0,0,0,0,0,0,0,30,0,0,0,0.4722222222222222,1.0,159.29893377158376,6.096694204542372e-05,6.096694204542372e-05,50.0,0.0,0.0,0,0,2389.484193680187,5163,224,1.0,30,,,,,0,0,0,0,1.0,1.0,1.0,66,91,23,,,,0,0,0,83,83,302,163,5,3.0,88.49999603430405,24.87320365916092,88499996.25774506,1.0,1.0
3,4,1,1726091,2024-08-01,rule_based_central,45241.03472717985,1.0,1.0,1.0,1.0,1.0,1.0,1.0,1.0,180,0,0,0,0,0,0,0,0,30,0,0,0,0.5055555555555555,1.0,158.43782512280677,6.245838271247016e-05,6.245838271247016e-05,50.0,0.0,0.0,0,0,2376.567806834044,4784,237,1.0,30,,,,,0,0,0,0,1.0,1.0,1.0,66,91,23,,,,0,0,0,73,73,309,171,5,3.649999999999977,115.89999647140505,32.76346233500616,93500000.2360648,1.0,1.0
3,4,2,1726092,2024-08-01,rule_based_central,45241.03472717985,1.0,1.0,1.0,1.0,1.0,1.0,1.0,1.0,180,0,0,0,0,0,0,0,0,30,0,0,0,0.5055555555555555,1.0,155.76749726732572,0.062958315345976,0.062958315345976,50.0,0.0,0.0,0,0,2335.569378438716,5818,257,1.0,30,,,,,0,0,0,0,1.0,1.0,1.0,66,91,23,,,,0,0,0,83,83,435,180,7,5.0,126.74307650806225,38.21953928765079,107699987.41320673,1.0,1.0
3,5,0,1727090,2024-08-01,rule_based_central,45241.03472717985,1.0,1.0,1.0,1.0,1.0,1.0,1.0,1.0,180,0,0,0,0,0,0,0,0,30,0,0,0,0.5333333333333333,1.0,164.0038546277417,7.055468029446073e-05,7.055468029446073e-05,50.0,0.0,0.0,0,0,2460.058377941448,6655,192,1.0,30,,,,,0,0,0,0,1.0,1.0,1.0,86,50,44,,,,0,0,0,75,75,518,172,7,6.0,173.60000228881836,61.41384245838509,151699992.70592746,1.0,1.0
3,5,1,1727091,2024-08-01,rule_based_central,45241.03472717985,1.0,1.0,1.0,1.0,1.0,1.0,1.0,1.0,180,0,0,0,0,0,0,0,0,30,0,0,0,0.6222222222222222,1.0,165.03596829573314,0.0117019573847452,0.0117019573847452,50.0,0.0,0.0,0,0,2475.365222965678,5957,207,1.0,30,,,,,0,0,0,0,1.0,1.0,1.0,86,50,44,,,,0,0,0,69,69,337,163,6,4.0,128.51525244672416,33.88376300419613,66000000.16663398,1.0,1.0
3,5,2,1727092,2024-08-01,rule_based_central,45241.03472717985,1.0,1.0,1.0,1.0,1.0,1.0,1.0,1.0,180,0,0,0,0,0,0,0,0,30,0,0,0,0.5944444444444444,1.0,157.006880784697,0.0516597337192959,0.0516597337192959,50.0,0.0,0.0,0,0,2354.330010653783,6792,243,1.0,30,,,,,0,0,0,0,1.0,1.0,1.0,86,50,44,,,,0,0,0,82,82,603,254,7,6.0,151.1000022411347,43.81799926676325,141100010.94202822,1.0,1.0
3,6,0,1728090,2024-08-01,rule_based_central,45241.03472717985,1.0,1.0,1.0,1.0,1.0,1.0,1.0,1.0,180,0,0,0,0,0,0,0,0,30,0,0,0,0.6611111111111111,1.0,119.05745338930024,5.085468292236328e-05,5.085468292236328e-05,50.0,0.0,0.0,0,0,1785.8623781204224,4910,235,1.0,30,,,,,0,0,0,0,1.0,1.0,1.0,80,51,49,,,,0,0,0,87,87,677,203,9,7.0,181.29998733202524,56.98343531321234,131900001.8588944,1.0,1.0
3,6,1,1728091,2024-08-01,rule_based_central,45241.03472717985,1.0,1.0,1.0,1.0,1.0,1.0,1.0,1.0,180,0,0,0,0,0,0,0,0,30,0,0,0,0.7,1.0,120.06816840536064,5.3882598876953125e-05,5.3882598876953125e-05,50.0,0.0,0.0,0,0,1801.022498418887,4995,199,1.0,30,,,,,0,0,0,0,1.0,1.0,1.0,80,51,49,,,,0,0,0,67,67,232,156,5,2.0,139.7778593054569,24.228686914775324,46700000.88084562,1.0,1.0
3,6,2,1728092,2024-08-01,rule_based_central,45241.03472717985,1.0,1.0,1.0,1.0,1.0,1.0,1.0,1.0,180,0,0,0,0,0,0,0,0,30,0,0,0,0.6888888888888889,1.0,118.58219328655136,6.440480550130208e-05,6.440480550130208e-05,50.0,0.0,0.0,0,0,1778.7332593301935,5263,218,1.0,30,,,,,0,0,0,0,1.0,1.0,1.0,80,51,49,,,,0,0,0,78,78,435,192,7,5.0,134.60000228881836,32.05032195349392,88500000.22344102,1.0,1.0
3,7,0,1729090,2024-08-01,rule_based_central,45241.03472717985,0.9666666666666668,0.9655172413793104,1.0,0.9888888888888888,0.9885057471264368,1.0,0.9888888888888888,0.9888888888888888,180,2,0,0,2,0,0,2,0,30,1,1,0,0.5722222222222222,0.9888888888888888,169.92800258133147,1.6157192945480348,1.6157192945480348,50.0,0.0,0.0,0,0,2524.685428328811,6289,210,1.0,30,34,34,,34,1,1,0,1,0.9759036144578314,1.0,1.0,83,44,53,34,,,1,0,0,80,80,420,183,8,5.0,168.0999871611588,45.27855860887717,47900000.88387533,0.9864864864864864,1.0
3,7,1,1729091,2024-08-01,rule_based_central,45241.03472717985,0.9666666666666668,0.9655172413793104,1.0,0.9833333333333332,0.9827586206896552,1.0,0.9833333333333332,0.9833333333333332,180,3,2,1,3,2,1,3,0,30,1,1,0,0.5444444444444444,0.9833333333333332,177.77018375992776,2.335267024570041,2.335267024570041,50.0,0.0,0.0,0,0,2631.525013148785,6057,234,1.0,30,34,34,,34,1,1,0,1,0.963855421686747,1.0,1.0,83,44,53,34,,,1,0,0,84,84,461,209,6,4.0,143.39999618530277,40.4315227286201,93400001.76169124,0.9763779527559056,1.0
3,7,2,1729092,2024-08-01,rule_based_central,45241.03472717985,1.0,1.0,1.0,1.0,1.0,1.0,1.0,1.0,180,0,0,0,0,0,0,0,0,30,0,0,0,0.55,1.0,178.8046877125899,0.0481455485026041,0.0481455485026041,50.0,0.0,0.0,0,0,2681.3496052374444,6434,239,1.0,30,,,,,0,0,0,0,1.0,1.0,1.0,83,44,53,,,,0,0,0,85,85,446,219,5,4.0,135.19998295307087,33.083237288221376,115899983.95299868,1.0,1.0
3,8,0,1730090,2024-08-01,rule_based_central,45241.03472717985,1.0,1.0,1.0,1.0,1.0,1.0,1.0,1.0,180,0,0,0,0,0,0,0,0,30,0,0,0,0.4388888888888889,1.0,166.09234106921488,6.609939866595798e-05,6.609939866595798e-05,50.0,0.0,0.0,0,0,2491.385400563479,6513,209,1.0,30,,,,,0,0,0,0,1.0,1.0,1.0,105,49,26,,,,0,0,0,86,86,524,204,6,5.0,146.10000147819522,45.01031413757856,124199981.24008848,1.0,1.0
3,8,1,1730091,2024-08-01,rule_based_central,45241.03472717985,1.0,1.0,1.0,1.0,1.0,1.0,1.0,1.0,180,0,0,0,0,0,0,0,0,30,0,0,0,0.45,1.0,170.0961286526587,0.2041830165518654,0.2041830165518654,50.0,0.0,0.0,0,0,2548.380529393753,5427,199,1.0,30,,,,,0,0,0,0,1.0,1.0,1.0,105,49,26,,,,0,0,0,71,71,239,146,5,3.0,110.61429029040887,27.495921998363112,69200000.93765266,1.0,1.0
3,8,2,1730092,2024-08-01,rule_based_central,45241.03472717985,1.0,1.0,1.0,1.0,1.0,1.0,1.0,1.0,180,0,0,0,0,0,0,0,0,30,0,0,0,0.4388888888888889,1.0,169.06365506715244,6.356454557842679e-05,6.356454557842679e-05,50.0,0.0,0.0,0,0,2535.955207571388,6810,206,1.0,30,,,,,0,0,0,0,1.0,1.0,1.0,105,49,26,,,,0,0,0,75,75,421,176,8,5.0,181.79999465942385,41.98719622073811,47420044.808904365,1.0,1.0
3,9,0,1731090,2024-08-01,rule_based_central,45241.03472717985,1.0,1.0,1.0,1.0,1.0,1.0,1.0,1.0,180,0,0,0,0,0,0,0,0,30,0,0,0,0.5888888888888889,1.0,146.6391007118755,8.035500844319662e-05,8.035500844319662e-05,50.0,0.0,0.0,0,0,2199.586436231932,5139,214,1.0,30,,,,,0,0,0,0,1.0,1.0,1.0,96,67,17,,,,0,0,0,65,65,135,115,2,2.0,77.5,16.121607759378207,77500000.1956687,1.0,1.0
3,9,1,1731091,2024-08-01,rule_based_central,45241.03472717985,1.0,1.0,1.0,1.0,1.0,1.0,1.0,1.0,180,0,0,0,0,0,0,0,0,30,0,0,0,0.6222222222222222,1.0,139.83538971477086,6.07609748840332e-05,6.07609748840332e-05,50.0,0.0,0.0,0,0,2097.531154414018,5112,213,1.0,30,,,,,0,0,0,0,1.0,1.0,1.0,96,67,17,,,,0,0,0,84,84,270,148,5,4.0,115.9000015258789,27.26878814062392,115900001.81849828,1.0,1.0
3,9,2,1731092,2024-08-01,rule_based_central,45241.03472717985,1.0,1.0,1.0,1.0,1.0,1.0,1.0,1.0,180,0,0,0,0,0,0,0,0,30,0,0,0,0.6944444444444444,1.0,134.84366420043838,7.038778728908962e-05,7.038778728908962e-05,50.0,0.0,0.0,0,0,2022.6552832474324,5749,208,1.0,30,,,,,0,0,0,0,1.0,1.0,1.0,96,67,17,,,,0,0,0,84,84,265,166,5,3.0,133.6057240542422,27.229491344728142,46700000.88084562,1.0,1.0
3,10,0,1732090,2024-08-01,rule_based_central,45241.03472717985,1.0,1.0,1.0,1.0,1.0,1.0,1.0,1.0,180,0,0,0,0,0,0,0,0,30,0,0,0,0.5611111111111111,1.0,168.21954737504322,6.208154890272353e-05,6.208154890272353e-05,50.0,0.0,0.0,0,0,2523.293686777353,6928,226,1.0,30,,,,,0,0,0,0,1.0,1.0,1.0,89,54,37,,,,0,0,0,80,80,475,214,7,5.0,193.5,35.11263137378428,38500000.09720316,1.0,1.0
3,10,1,1732091,2024-08-01,rule_based_central,45241.03472717985,1.0,1.0,1.0,1.0,1.0,1.0,1.0,1.0,180,0,0,0,0,0,0,0,0,30,0,0,0,0.5944444444444444,1.0,171.97449132468967,6.661613782246908e-05,6.661613782246908e-05,50.0,0.0,0.0,0,0,2579.617548435925,6266,186,1.0,30,,,,,0,0,0,0,1.0,1.0,1.0,89,54,37,,,,0,0,0,76,76,308,131,7,4.0,132.77211228498203,31.71698551570521,50000000.12623786,1.0,1.0
3,10,2,1732092,2024-08-01,rule_based_central,45241.03472717985,1.0,1.0,1.0,1.0,1.0,1.0,1.0,1.0,180,0,0,0,0,0,0,0,0,30,0,0,0,0.6111111111111112,1.0,173.05633888178403,6.17100132836236e-05,6.17100132836236e-05,50.0,0.0,0.0,0,0,2595.8454108014703,5685,217,1.0,30,,,,,0,0,0,0,1.0,1.0,1.0,89,54,37,,,,0,0,0,71,71,316,160,5,3.649999999999977,91.19060821533203,28.954097888894847,75537973.97611545,1.0,1.0
3,11,0,1733090,2024-08-01,rule_based_central,45241.03472717985,0.9666666666666668,0.9655172413793104,1.0,0.9944444444444446,0.9942528735632185,1.0,0.9944444444444444,0.9944444444444444,180,1,3,1,1,1,1,1,0,30,1,1,0,0.5777777777777777,0.9944444444444444,197.98329117910728,2.896759462356568,2.896759462356568,50.0,0.0,0.0,0,0,2926.2990544363865,5479,218,1.0,30,37,37,,37,1,1,0,1,1.0,0.9818181818181818,1.0,81,55,44,,37,,0,1,0,84,84,309,153,6,4.0,124.20000076293944,32.109214145954404,96199985.64636628,0.9907407407407408,1.0
3,11,1,1733091,2024-08-01,rule_based_central,45241.03472717985,0.9333333333333332,0.9310344827586208,1.0,0.9833333333333332,0.9827586206896552,1.0,0.9833333333333332,0.9833333333333332,180,3,3,3,3,3,3,3,0,30,2,2,0,0.5333333333333333,0.9833333333333332,199.80786074532404,4.507340799437629,4.507340799437629,50.0,0.0,0.0,0,0,2929.509196008245,4564,242,1.0,30,34;37,34;37,,34;37,2,2,0,2,1.0,0.9454545454545454,1.0,81,55,44,,34;37,,0,2,0,81,81,422,171,6,5.0,169.93746994237176,42.91104460635545,127657991.90644702,0.9895833333333334,0.9761904761904762
3,11,2,1733092,2024-08-01,rule_based_central,45241.03472717985,0.9666666666666668,0.9655172413793104,1.0,0.9944444444444446,0.9942528735632185,1.0,0.9944444444444444,0.9944444444444444,180,1,1,1,1,1,1,1,0,30,1,1,0,0.5611111111111111,0.9944444444444444,195.45030044383472,1.308098970519172,1.308098970519172,50.0,0.0,0.0,0,0,2912.1347752312845,6095,227,1.0,30,37,37,,37,1,1,0,1,1.0,0.9818181818181818,1.0,81,55,44,,37,,0,1,0,90,90,392,181,7,4.0,143.39998816914016,34.75773836364488,101642396.91365483,1.0,0.9821428571428572
3,12,0,1734090,2024-08-01,rule_based_central,45241.03472717985,1.0,1.0,1.0,1.0,1.0,1.0,1.0,1.0,180,0,0,0,0,0,0,0,0,30,0,0,0,0.5833333333333334,1.0,162.84879383709696,6.898774041069878e-05,6.898774041069878e-05,50.0,0.0,0.0,0,0,2442.7320969030266,5283,237,1.0,30,,,,,0,0,0,0,1.0,1.0,1.0,83,54,43,,,,0,0,0,76,76,432,180,6,5.0,160.49998779296874,38.88278677022885,74200000.95027645,1.0,1.0
3,12,1,1734091,2024-08-01,rule_based_central,45241.03472717985,1.0,1.0,1.0,1.0,1.0,1.0,1.0,1.0,180,0,0,0,0,0,0,0,0,30,0,0,0,0.5944444444444444,1.0,161.15772403677303,6.571610768636068e-05,6.571610768636068e-05,50.0,0.0,0.0,0,0,2417.3661233981466,6054,226,1.0,30,,,,,0,0,0,0,1.0,1.0,1.0,83,54,43,,,,0,0,0,88,88,359,190,5,4.0,96.70000076293944,33.14425998695323,88399960.83643995,1.0,1.0
3,12,2,1734092,2024-08-01,rule_based_central,45241.03472717985,1.0,1.0,1.0,1.0,1.0,1.0,1.0,1.0,180,0,0,0,0,0,0,0,0,30,0,0,0,0.5777777777777777,1.0,167.48042210804093,6.083912319607205e-05,6.083912319607205e-05,50.0,0.0,0.0,0,0,2512.206390808027,5306,210,1.0,30,,,,,0,0,0,0,1.0,1.0,1.0,83,54,43,,,,0,0,0,80,80,272,152,6,3.0,100.31156543095896,25.515824519028232,50000000.12623786,1.0,1.0
3,13,0,1735090,2024-08-01,rule_based_central,45241.03472717985,1.0,1.0,1.0,1.0,1.0,1.0,1.0,1.0,180,0,0,0,0,0,0,0,0,30,0,0,0,0.6833333333333333,1.0,139.81490301622284,5.01606199476454e-05,5.01606199476454e-05,50.0,0.0,0.0,0,0,2097.22367178897,5122,204,1.0,30,,,,,0,0,0,0,1.0,1.0,1.0,76,60,44,,,,0,0,0,73,73,198,140,3,2.0,99.25823745727544,23.040099764733117,77500000.1956687,1.0,1.0
3,13,1,1735091,2024-08-01,rule_based_central,45241.03472717985,1.0,1.0,1.0,1.0,1.0,1.0,1.0,1.0,180,0,0,0,0,0,0,0,0,30,0,0,0,0.6722222222222223,1.0,135.04710233476428,6.256898244222005e-05,6.256898244222005e-05,50.0,0.0,0.0,0,0,2025.7068752714736,4927,248,1.0,30,,,,,0,0,0,0,1.0,1.0,1.0,76,60,44,,,,0,0,0,74,74,394,224,5,3.649999999999977,138.4999914328248,28.520540493825926,138499991.78250366,1.0,1.0
3,13,2,1735092,2024-08-01,rule_based_central,45241.03472717985,1.0,1.0,1.0,1.0,1.0,1.0,1.0,1.0,180,0,0,0,0,0,0,0,0,30,0,0,0,0.6333333333333333,1.0,135.03985419008467,5.924701690673828e-05,5.924701690673828e-05,50.0,0.0,0.0,0,0,2025.5985305607317,5949,223,1.0,30,,,,,0,0,0,0,1.0,1.0,1.0,76,60,44,,,,0,0,0,83,83,679,199,11,9.0,201.1000022888184,51.72811832913568,85199981.14162299,1.0,1.0
3,14,0,1736090,2024-08-01,rule_based_central,45241.03472717985,0.9,0.896551724137931,1.0,0.9388888888888888,0.9367816091954022,1.0,0.9388888888888888,0.9388888888888888,180,11,10,10,11,10,10,11,0,30,3,3,0,0.4777777777777778,0.9388888888888888,339.9033822748396,13.738014923201668,13.738014923201668,50.0,0.0,0.0,0,0,4892.481622086217,5898,244,1.0,30,24;37;42,24;37;42,,24;37;42,3,3,0,3,0.9878048780487804,0.8360655737704918,1.0,82,61,37,24,37;42,,1,2,0,70,70,455,213,5,4.0,101.32652767207328,30.67120635514036,85200000.97804877,0.9523809523809524,0.9074074074074074
3,14,1,1736091,2024-08-01,rule_based_central,45241.03472717985,0.9666666666666668,0.9655172413793104,1.0,0.9833333333333332,0.9827586206896552,1.0,0.9833333333333332,0.9833333333333332,180,3,4,3,3,3,3,3,0,30,1,1,0,0.4833333333333333,0.9833333333333332,337.16172842648297,5.043434993426005,5.043434993426005,50.0,0.0,0.0,0,0,4981.775593092043,6020,230,1.0,30,37,37,,37,1,1,0,1,1.0,0.9508196721311476,1.0,82,61,37,,37,,0,1,0,76,76,372,215,5,3.0,124.20000076293944,33.27138782836383,88499969.69261731,0.9854014598540146,0.9767441860465116
3,14,2,1736092,2024-08-01,rule_based_central,45241.03472717985,0.7333333333333333,0.7241379310344828,1.0,0.8833333333333333,0.8793103448275863,1.0,0.8833333333333333,0.8833333333333333,180,21,16,16,22,16,16,21,0,30,8,9,0,0.4666666666666667,0.8833333333333333,337.3713866677549,28.81778421666887,28.81778421666887,50.0,0.0,0.0,0,0,4628.305260909566,5558,223,1.0,30,22;24;28;37;38;40;42;43,22;24;28;37;38;40;42;43,,22;24;28;37;38;40;42;43,8,8,0,8,0.8780487804878049,0.819672131147541,1.0,82,61,37,22;24;38;40;43,28;37;42,,5,3,0,82,82,559,195,7,5.0,165.39998070398948,46.44974681794075,98500002.33087708,0.8943661971830986,0.8421052631578947
3,15,0,1737090,2024-08-01,rule_based_central,45241.03472717985,1.0,1.0,1.0,1.0,1.0,1.0,1.0,1.0,180,0,2,0,0,0,0,0,0,30,0,0,0,0.6111111111111112,1.0,194.3221780916055,0.0309555186165703,0.0309555186165703,50.0,0.0,0.0,0,0,2914.3695557191954,5083,231,1.0,30,,,,,0,0,0,0,1.0,1.0,1.0,76,53,51,,,,0,0,0,76,76,426,183,6,5.0,123.70000076293944,38.55829021066726,115899984.95833065,1.0,1.0
3,15,1,1737091,2024-08-01,rule_based_central,45241.03472717985,1.0,1.0,1.0,1.0,1.0,1.0,1.0,1.0,180,0,0,0,0,0,0,0,0,30,0,0,0,0.6,1.0,189.7315097739299,8.166101243760851e-05,8.166101243760851e-05,50.0,0.0,0.0,0,0,2845.973114279409,6077,194,1.0,30,,,,,0,0,0,0,1.0,1.0,1.0,76,53,51,,,,0,0,0,75,75,251,159,5,3.0,103.44441489260936,29.7421223092643,85357985.0921407,1.0,1.0
3,15,2,1737092,2024-08-01,rule_based_central,45241.03472717985,1.0,1.0,1.0,1.0,1.0,1.0,1.0,1.0,180,0,0,0,0,0,0,0,0,30,0,0,0,0.6222222222222222,1.0,189.6695055299335,7.258256276448568e-05,7.258256276448568e-05,50.0,0.0,0.0,0,0,2845.042827785014,6175,216,1.0,30,,,,,0,0,0,0,1.0,1.0,1.0,76,53,51,,,,0,0,0,86,86,341,217,5,3.0,140.3753815669252,21.25017489448139,96699995.2691427,1.0,1.0
3,16,0,1738090,2024-08-01,rule_based_central,45241.03472717985,0.5,0.4827586206896552,1.0,0.8055555555555555,0.7988505747126436,1.0,0.8055555555555556,0.8055555555555556,180,35,26,17,35,26,17,35,0,30,15,15,0,0.5,0.8055555555555556,321.1050439092848,64.38460661570231,64.38460661570231,50.0,0.0,0.0,0,0,3850.808368042111,5480,216,1.0,30,28;29;30;31;33;34;35;36;37;38;39;40;41;42;43,28;29;30;31;33;34;35;36;37;38;39;40;41;42;43,,28;29;30;31;33;34;35;36;37;38;39;40;41;42;43,15,15,0,15,0.686046511627907,0.8518518518518519,1.0,86,54,40,28;29;30;31;33;34;37;38;39;40;42;43,35;36;41,,12,3,0,67,67,1230,246,14,11.649999999999975,270.72705230712904,91.17589341787767,46700000.11790617,0.8055555555555556,
3,16,1,1738091,2024-08-01,rule_based_central,45241.03472717985,0.5666666666666667,0.5517241379310345,0.75,0.8055555555555556,0.7988505747126438,0.75,0.8055555555555556,0.8055555555555556,180,35,11,6,35,11,6,35,0,30,13,13,0,0.4055555555555555,0.8055555555555556,334.84965574211543,61.22598010169135,61.22598010169135,50.0,0.0,0.0,0,0,4104.357083012658,5981,207,1.0,30,30;31;33;34;39;40;41;42;43;44;45;46;47,30;31;33;34;39;40;41;42;43;44;45;46;47,45;47,30;31;33;34;39;40;41;42;43;44;45;46;47,13,13,2,13,0.7906976744186046,0.9074074074074074,0.7,86,54,40,30;31;33;34;39;40;42;43;44,41;46,45;47,9,2,2,81,81,1181,225,14,12.0,332.62784037590023,115.28655822427028,91200000.23025788,0.8055555555555556,
3,16,2,1738092,2024-08-01,rule_based_central,45241.03472717985,0.6333333333333333,0.6206896551724138,1.0,0.8777777777777779,0.8735632183908046,1.0,0.8777777777777778,0.8777777777777778,180,22,17,11,22,17,11,22,0,30,11,11,0,0.5,0.8777777777777778,324.9133220831553,71.2195836491055,71.2195836491055,50.0,0.0,0.0,0,0,3805.408033223201,5986,229,1.0,30,30;31;33;34;37;38;39;40;41;42;43,30;31;33;34;37;38;39;40;41;42;43,,30;31;33;34;37;38;39;40;41;42;43,11,11,0,11,0.7558139534883721,0.9814814814814816,1.0,86,54,40,30;31;33;34;37;38;39;40;42;43,41,,10,1,0,87,87,1427,268,16,12.0,339.9520069103241,107.42792968773664,115999988.08584055,0.8777777777777778,
3,17,0,1739090,2024-08-01,rule_based_central,45241.03472717985,1.0,1.0,1.0,1.0,1.0,1.0,1.0,1.0,180,0,0,0,0,0,0,0,0,30,0,0,0,0.4333333333333333,1.0,201.95111759702365,7.231500413682726e-05,7.231500413682726e-05,50.0,0.0,0.0,0,0,3029.266877969106,5479,188,1.0,30,,,,,0,0,0,0,1.0,1.0,1.0,59,84,37,,,,0,0,0,70,70,117,90,3,2.0,109.17483644385467,17.402593036071647,69200000.93765266,1.0,1.0
3,17,1,1739091,2024-08-01,rule_based_central,45241.03472717985,1.0,1.0,1.0,1.0,1.0,1.0,1.0,1.0,180,0,0,0,0,0,0,0,0,30,0,0,0,0.4333333333333333,1.0,202.11000759270456,8.214049869113499e-05,8.214049869113499e-05,50.0,0.0,0.0,0,0,3031.650384152929,6212,209,1.0,30,,,,,0,0,0,0,1.0,1.0,1.0,59,84,37,,,,0,0,0,76,76,202,134,4,3.0,88.5,19.500305669723552,88500000.22344102,1.0,1.0
3,17,2,1739092,2024-08-01,rule_based_central,45241.03472717985,1.0,1.0,1.0,1.0,1.0,1.0,1.0,1.0,180,0,0,0,0,0,0,0,0,30,0,0,0,0.4277777777777777,1.0,195.393550754918,7.767147488064236e-05,7.767147488064236e-05,50.0,0.0,0.0,0,0,2930.903518040974,5807,194,1.0,30,,,,,0,0,0,0,1.0,1.0,1.0,59,84,37,,,,0,0,0,74,74,275,125,6,4.0,143.8276574980286,32.790231229814154,93399978.94900626,1.0,1.0
3,18,0,1740090,2024-08-01,rule_based_central,45241.03472717985,0.9333333333333332,0.9310344827586208,1.0,0.9888888888888888,0.9885057471264368,1.0,0.9888888888888888,0.9888888888888888,180,2,2,2,2,2,2,2,0,30,2,2,0,0.6944444444444444,0.9888888888888888,192.64857085347177,2.14836953745948,2.14836953745948,50.0,0.0,0.0,0,0,2857.504295001428,6035,209,1.0,30,37;38,37;38,,37;38,2,2,0,2,1.0,0.9649122807017544,1.0,67,57,56,,37;38,,0,2,0,75,75,321,149,5,4.0,126.89997887081628,35.17638203482404,88499995.64580429,0.9905660377358492,0.9864864864864864
3,18,1,1740091,2024-08-01,rule_based_central,45241.03472717985,0.9,0.896551724137931,1.0,0.9833333333333332,0.9827586206896552,1.0,0.9833333333333332,0.9833333333333332,180,3,4,3,3,3,3,3,0,30,3,3,0,0.6888888888888889,0.9833333333333332,194.8575444122156,7.166656968328688,7.166656968328688,50.0,0.0,0.0,0,0,2815.3646540989484,5494,212,1.0,30,36;37;38,36;37;38,,36;37;38,3,3,0,3,1.0,0.9473684210526316,1.0,67,57,56,,36;37;38,,0,3,0,82,82,315,161,8,4.0,186.31996767467905,31.067471396916364,186319968.1450917,0.9724770642201837,1.0
3,18,2,1740092,2024-08-01,rule_based_central,45241.03472717985,0.9,0.896551724137931,1.0,0.9833333333333332,0.9827586206896552,1.0,0.9833333333333332,0.9833333333333332,180,3,4,3,3,3,3,3,0,30,3,3,0,0.6611111111111111,0.9833333333333332,193.47837984230785,4.421162194675869,4.421162194675869,50.0,0.0,0.0,0,0,2835.8600311775995,5912,222,1.0,30,36;37;38,36;37;38,,36;37;38,3,3,0,3,1.0,0.9473684210526316,1.0,67,57,56,,36;37;38,,0,3,0,88,88,442,170,7,5.0,162.70000076293945,42.28264814754319,162700001.17371747,0.9830508474576272,0.9838709677419356
3,19,0,1741090,2024-08-01,rule_based_central,45241.03472717985,0.7666666666666667,0.7586206896551724,1.0,0.9166666666666666,0.913793103448276,1.0,0.9166666666666666,0.9166666666666666,180,15,9,7,15,9,7,15,0,30,7,7,0,0.4388888888888889,0.9166666666666666,241.9362960841921,28.92674878173404,28.92674878173404,50.0,0.0,0.0,0,0,3195.1449231108045,5698,234,1.0,30,29;34;35;36;37;38;39,29;34;35;36;37;38;39,,29;34;35;36;37;38;39,7,7,0,7,0.8787878787878788,0.9361702127659576,1.0,99,47,34,29;34;35;36;38;39,37,,6,1,0,84,84,1359,238,13,11.0,297.3000030517578,111.59096408061,104399985.29089788,0.9166666666666666,
3,19,1,1741091,2024-08-01,rule_based_central,45241.03472717985,0.7333333333333333,0.7241379310344828,0.75,0.8555555555555556,0.8505747126436782,0.75,0.8555555555555555,0.8555555555555555,180,26,4,2,26,4,2,26,0,30,8,8,0,0.3833333333333333,0.8555555555555555,250.3319722692172,40.59889184633891,40.59889184633891,50.0,0.0,0.0,0,0,3145.9983054160466,5739,222,1.0,30,34;35;36;38;39;45;46;47,34;35;36;38;39;45;46;47,45;47,34;35;36;38;39;45;46;47,8,8,2,8,0.9090909090909092,0.8936170212765957,0.6470588235294118,99,47,34,34;35;36;38;39,46,45;47,5,1,2,80,80,1432,252,15,12.0,366.70000076293945,115.00110033080296,87900001.74780507,0.8539325842696629,1.0
3,19,2,1741092,2024-08-01,rule_based_central,45241.03472717985,0.7333333333333333,0.7241379310344828,0.875,0.9055555555555554,0.9022988505747126,0.9791666666666669,0.9055555555555556,0.9055555555555556,180,17,11,9,17,11,9,17,0,30,8,8,0,0.4888888888888889,0.9055555555555556,227.92086177666985,32.304020794232684,32.304020794232684,50.0,0.0,0.0,0,0,2934.2542762402454,5290,222,1.0,30,29;34;35;36;37;38;39;45,29;34;35;36;37;38;39;45,45,29;34;35;36;37;38;39;45,8,8,1,8,0.8686868686868687,0.9361702127659576,0.9705882352941176,99,47,34,29;34;35;36;38;39,37,45,6,1,1,86,86,1324,255,13,12.0,280.2881423950196,99.1717003575446,131799993.0848375,0.9028571428571428,1.0
3,20,0,1742090,2024-08-01,rule_based_central,45241.03472717985,0.9666666666666668,0.9655172413793104,1.0,0.9833333333333332,0.9827586206896552,1.0,0.9833333333333332,0.9833333333333332,180,3,3,3,3,3,3,3,0,30,1,1,0,0.5222222222222223,0.9833333333333332,181.92879413432544,3.163456610838572,3.163456610838572,50.0,0.0,0.0,0,0,2681.481567859649,5213,234,1.0,30,34,34,,34,1,1,0,1,1.0,0.9620253164556962,1.0,63,79,38,,34,,0,1,0,79,79,530,189,10,6.0,173.09999885559083,45.50876913075076,120599979.92366987,0.991869918699187,0.9649122807017544
3,20,1,1742091,2024-08-01,rule_based_central,45241.03472717985,0.9666666666666668,0.9655172413793104,1.0,0.9833333333333332,0.9827586206896552,1.0,0.9833333333333332,0.9833333333333332,180,3,3,3,3,3,3,3,0,30,1,1,0,0.5388888888888889,0.9833333333333332,184.7426037596332,2.484005909495884,2.484005909495884,50.0,0.0,0.0,0,0,2733.880330284436,5765,209,1.0,30,34,34,,34,1,1,0,1,1.0,0.9620253164556962,1.0,63,79,38,,34,,0,1,0,85,85,471,148,8,7.0,207.0316608870912,56.58796192985131,99499976.79082516,0.9736842105263158,1.0
3,20,2,1742092,2024-08-01,rule_based_central,45241.03472717985,0.9666666666666668,0.9655172413793104,1.0,0.9888888888888888,0.9885057471264368,1.0,0.9888888888888888,0.9888888888888888,180,2,3,2,2,2,2,2,0,30,1,1,0,0.5666666666666667,0.9888888888888888,191.19696881042583,1.844014455212487,1.844014455212487,50.0,0.0,0.0,0,0,2840.295350154241,6236,195,1.0,30,34,34,,34,1,1,0,1,1.0,0.9746835443037974,1.0,63,79,38,,34,,0,1,0,86,86,309,183,6,3.649999999999977,116.0,21.25621427702226,116000000.29287183,1.0,0.9615384615384616
3,21,0,1743090,2024-08-01,rule_based_central,45241.03472717985,1.0,1.0,1.0,1.0,1.0,1.0,1.0,1.0,180,0,0,0,0,0,0,0,0,30,0,0,0,0.7222222222222222,1.0,129.25750330487887,5.972650316026476e-05,5.972650316026476e-05,50.0,0.0,0.0,0,0,1938.8628917435808,5166,208,1.0,30,,,,,0,0,0,0,1.0,1.0,1.0,86,47,47,,,,0,0,0,73,73,296,152,6,3.0,61.1382748966324,19.71095258418545,57699988.70158667,1.0,1.0
3,21,1,1743091,2024-08-01,rule_based_central,45241.03472717985,1.0,1.0,1.0,1.0,1.0,1.0,1.0,1.0,180,0,0,0,0,0,0,0,0,30,0,0,0,0.7166666666666667,1.0,128.35767533050642,6.346437666151258e-05,6.346437666151258e-05,50.0,0.0,0.0,0,0,1925.3655919432636,5287,217,1.0,30,,,,,0,0,0,0,1.0,1.0,1.0,86,47,47,,,,0,0,0,83,83,363,189,7,3.0,179.70382139565555,27.945802099224547,61000000.15401019,1.0,1.0
3,21,2,1743092,2024-08-01,rule_based_central,45241.03472717985,1.0,1.0,1.0,1.0,1.0,1.0,1.0,1.0,180,0,0,0,0,0,0,0,0,30,0,0,0,0.7333333333333333,1.0,125.52520937124888,6.169213189019097e-05,6.169213189019097e-05,50.0,0.0,0.0,0,0,1882.8784606754773,5043,225,1.0,30,,,,,0,0,0,0,1.0,1.0,1.0,86,47,47,,,,0,0,0,77,77,321,155,5,4.0,110.49998321533204,31.2205295359894,110499983.49431768,1.0,1.0
3,22,0,1744090,2024-08-01,rule_based_central,45241.03472717985,1.0,1.0,1.0,1.0,1.0,1.0,1.0,1.0,180,0,0,0,0,0,0,0,0,30,0,0,0,0.6555555555555556,1.0,156.63579968942537,7.085800170898437e-05,7.085800170898437e-05,50.0,0.0,0.0,0,0,2349.537117272616,5505,236,1.0,30,,,,,0,0,0,0,1.0,1.0,1.0,71,63,46,,,,0,0,0,93,93,313,178,7,4.0,91.87536327343624,21.71194600929905,91800023.10406104,1.0,1.0
3,22,1,1744091,2024-08-01,rule_based_central,45241.03472717985,1.0,1.0,1.0,1.0,1.0,1.0,1.0,1.0,180,0,0,0,0,0,0,0,0,30,0,0,0,0.65,1.0,151.98805076347458,0.2535022603140937,0.2535022603140937,50.0,0.0,0.0,0,0,2276.019512727856,5364,247,1.0,30,,,,,0,0,0,0,1.0,1.0,1.0,71,63,46,,,,0,0,0,81,81,461,192,10,6.0,197.9000015258789,40.252703495743496,85099989.56549387,1.0,1.0
3,22,2,1744092,2024-08-01,rule_based_central,45241.03472717985,1.0,1.0,1.0,1.0,1.0,1.0,1.0,1.0,180,0,0,0,0,0,0,0,0,30,0,0,0,0.6777777777777778,1.0,153.6179991337988,6.0068236456977e-05,6.0068236456977e-05,50.0,0.0,0.0,0,0,2304.270145455995,4513,196,1.0,30,,,,,0,0,0,0,1.0,1.0,1.0,71,63,46,,,,0,0,0,76,76,312,132,6,4.0,115.4000015258789,30.5530248675668,75000004.26631455,1.0,1.0
3,23,0,1745090,2024-08-01,rule_based_central,45241.03472717985,0.8333333333333334,0.8275862068965517,1.0,0.8944444444444444,0.8908045977011494,1.0,0.8944444444444445,0.8944444444444445,180,19,21,19,19,19,19,19,0,30,5,5,0,0.4166666666666667,0.8944444444444445,261.2127558545934,49.32414268652598,49.32414268652598,50.0,0.0,0.0,0,0,3178.33018441995,5144,197,1.0,30,37;40;41;42;44,37;40;41;42;44,,37;40;41;42;44,5,5,0,5,1.0,0.8137254901960784,1.0,55,102,23,,37;40;41;42;44,,0,5,0,73,73,167,132,3,2.0,59.02970155198129,14.855273240590206,44378005.33054955,0.9595959595959596,0.8148148148148148
3,23,1,1745091,2024-08-01,rule_based_central,45241.03472717985,0.8333333333333334,0.8275862068965517,1.0,0.9055555555555554,0.9022988505747128,1.0,0.9055555555555556,0.9055555555555556,180,17,18,17,17,17,17,17,0,30,5,5,0,0.3777777777777777,0.9055555555555556,264.6280809044838,30.98250980112288,30.98250980112288,50.0,0.0,0.0,0,0,3504.6843463741243,4644,212,1.0,30,37;40;41;42;44,37;40;41;42;44,,37;40;41;42;44,5,5,0,5,1.0,0.8333333333333334,1.0,55,102,23,,37;40;41;42;44,,0,5,0,82,82,180,145,3,2.0,96.70000076293944,16.312390876725576,96700001.00708348,0.9384615384615383,0.8869565217391304
3,23,2,1745092,2024-08-01,rule_based_central,45241.03472717985,0.8333333333333334,0.8275862068965517,1.0,0.8944444444444444,0.8908045977011494,1.0,0.8944444444444445,0.8944444444444445,180,19,20,19,19,19,19,19,0,30,5,5,0,0.3888888888888889,0.8944444444444445,263.53216694990795,61.035961124632095,61.035961124632095,50.0,0.0,0.0,0,0,3037.443966587385,5189,201,1.0,30,37;40;41;42;44,37;40;41;42;44,,37;40;41;42;44,5,5,0,5,1.0,0.8137254901960784,1.0,55,102,23,,37;40;41;42;44,,0,5,0,72,72,123,95,3,2.0,77.5,16.002711171352452,77500000.1956687,0.8857142857142857,0.9
4,0,0,1822090,2024-08-03,rule_based_central,32788.017208990794,0.4137931034482758,0.3461538461538461,0.3333333333333333,0.6494252873563219,0.608974358974359,0.4999999999999999,0.6494252873563219,0.6494252873563219,174,61,21,11,61,21,11,61,0,29,17,17,0,0.2183908045977011,0.6494252873563219,347.6017698912785,139.41623455354537,139.41623455354537,50.0,0.0,0.0,0,0,3018.6918686330305,3894,214,1.0,29,22;23;29;30;31;33;34;35;36;38;39;40;43;44;45;46;47,22;23;29;30;31;33;34;35;36;38;39;40;43;44;45;46;47,36;38;44;47,22;23;29;30;31;33;34;35;36;38;39;40;43;44;45;46;47,17,17,4,17,0.5754716981132075,0.8863636363636364,0.5416666666666666,106,44,24,22;23;29;30;31;33;34;35;36;38;39;40;43;46,39;45,36;38;44;47,14,2,4,75,75,1532,241,16,15.0,376.36250142902094,131.7804228851545,71400001.70614658,0.6494252873563219,
4,0,1,1822091,2024-08-03,rule_based_central,32788.017208990794,0.5517241379310345,0.5,0.8333333333333334,0.7528735632183909,0.7243589743589745,0.9444444444444444,0.7528735632183908,0.7528735632183908,174,43,26,20,43,25,20,43,0,29,13,13,0,0.3160919540229885,0.7528735632183908,324.4528489469112,106.62024893705872,106.62024893705872,50.0,0.0,0.0,0,0,3158.5746116514006,3932,228,1.0,29,23;28;29;30;31;33;34;35;36;38;39;40;43,23;28;29;30;31;33;34;35;36;38;39;40;43,38,23;28;29;30;31;33;34;35;36;38;39;40;43,13,13,1,13,0.6320754716981132,0.9318181818181818,0.9583333333333334,106,44,24,23;28;29;30;31;33;34;35;36;38;39;40;43,39,38,13,1,1,72,72,1479,228,17,14.0,324.79999636411657,121.5716571193532,135899989.66196218,0.7409638554216867,1.0
4,0,2,1822092,2024-08-03,rule_based_central,32788.017208990794,0.3793103448275862,0.3076923076923077,0.5,0.6091954022988506,0.5641025641025641,0.7444444444444445,0.6091954022988506,0.6091954022988506,174,68,14,12,68,14,12,68,0,29,18,18,0,0.2011494252873563,0.6091954022988506,346.77075878231005,132.5183796279732,132.5183796279732,50.0,0.0,0.0,0,0,3106.661136200033,3848,233,1.0,29,23;28;29;30;31;33;34;35;36;38;39;40;41;42;43;44;45;46,23;28;29;30;31;33;34;35;36;38;39;40;41;42;43;44;45;46,38;40;44,23;28;29;30;31;33;34;35;36;38;39;40;41;42;43;44;45;46,18,18,3,18,0.490566037735849,0.8636363636363636,0.6666666666666666,106,44,24,23;28;29;30;31;33;34;35;36;38;39;40;41;42;43;46,45,38;40;44,16,1,3,80,80,1558,247,16,14.0,374.10025711059575,134.18218836094022,77500000.1956687,0.6091954022988506,
4,1,0,1823090,2024-08-03,rule_based_central,32788.017208990794,1.0,1.0,1.0,1.0,1.0,1.0,1.0,1.0,174,0,0,0,0,0,0,0,0,29,0,0,0,0.6264367816091954,1.0,135.00215981712287,0.0881305357505535,0.0881305357505535,50.0,0.0,0.0,0,0,1956.255109836657,5622,239,1.0,29,,,,,0,0,0,0,1.0,1.0,1.0,81,48,45,,,,0,0,0,71,71,565,237,9,5.0,210.39999694824223,41.74202159359858,107699996.45721912,1.0,1.0
4,1,1,1823091,2024-08-03,rule_based_central,32788.017208990794,1.0,1.0,1.0,1.0,1.0,1.0,1.0,1.0,174,0,0,0,0,0,0,0,0,29,0,0,0,0.632183908045977,1.0,134.59069733955394,4.89086940370757e-05,4.89086940370757e-05,50.0,0.0,0.0,0,0,1951.565537966788,5493,236,1.0,29,,,,,0,0,0,0,1.0,1.0,1.0,81,48,45,,,,0,0,0,72,72,405,225,7,4.0,175.47152481079104,31.613169619407635,99999991.53165407,1.0,1.0
4,1,2,1823092,2024-08-03,rule_based_central,32788.017208990794,0.9655172413793104,0.9615384615384616,0.8888888888888888,0.9942528735632185,0.9935897435897436,0.9814814814814816,0.9942528735632185,0.9942528735632185,174,1,0,0,1,0,0,1,0,29,1,1,0,0.4655172413793103,0.9942528735632185,156.9325599286748,2.5431384396278998,2.5431384396278998,50.0,0.0,0.0,0,0,2238.648568098743,7064,212,1.0,29,47,47,47,47,1,1,1,1,1.0,1.0,0.9777777777777776,81,48,45,,,47,0,0,1,85,85,984,244,15,11.0,343.99998418225226,74.68870355711223,65900001.692260414,0.9940476190476192,1.0
4,2,0,1824090,2024-08-03,rule_based_central,32788.017208990794,1.0,1.0,1.0,1.0,1.0,1.0,1.0,1.0,174,0,0,0,0,0,0,0,0,29,0,0,0,0.6781609195402298,1.0,168.5770318854129,6.444426788680854e-05,6.444426788680854e-05,50.0,0.0,0.0,0,0,2444.367464413247,5578,192,1.0,29,,,,,0,0,0,0,1.0,1.0,1.0,57,60,57,,,,0,0,0,78,78,275,131,5,4.0,135.19999645815955,31.07644321161488,135199996.79950672,1.0,1.0
4,2,1,1824091,2024-08-03,rule_based_central,32788.017208990794,0.9655172413793104,0.9615384615384616,1.0,0.9942528735632185,0.9935897435897436,1.0,0.9942528735632185,0.9942528735632185,174,1,1,1,1,1,1,1,0,29,1,1,0,0.6666666666666666,0.9942528735632185,170.46052118896068,0.9279534460484296,0.9279534460484296,50.0,0.0,0.0,0,0,2458.223534216485,5761,212,1.0,29,36,36,,36,1,1,0,1,0.9824561403508772,1.0,1.0,57,60,57,36,,,1,0,0,88,88,327,186,6,3.0,151.69999858538287,28.176365515873947,85200000.97804877,0.991304347826087,1.0
4,2,2,1824092,2024-08-03,rule_based_central,32788.017208990794,1.0,1.0,1.0,1.0,1.0,1.0,1.0,1.0,174,0,0,0,0,0,0,0,0,29,0,0,0,0.6666666666666666,1.0,168.2733183763493,5.988417000606143e-05,5.988417000606143e-05,50.0,0.0,0.0,0,0,2439.9634825450685,4973,222,1.0,29,,,,,0,0,0,0,1.0,1.0,1.0,57,60,57,,,,0,0,0,85,85,310,177,5,3.0,82.2092215610268,28.97947942293234,69200000.93765266,1.0,1.0
4,3,0,1825090,2024-08-03,rule_based_central,32788.017208990794,1.0,1.0,1.0,1.0,1.0,1.0,1.0,1.0,174,0,0,0,0,0,0,0,0,29,0,0,0,0.6494252873563219,1.0,135.60334605732183,7.313695447198276e-05,7.313695447198276e-05,50.0,0.0,0.0,0,0,1966.248431369662,4739,202,1.0,29,,,,,0,0,0,0,1.0,1.0,1.0,88,44,42,,,,0,0,0,82,82,262,163,4,3.0,88.49999828338623,23.875145195858643,85200000.31577493,1.0,1.0
4,3,1,1825091,2024-08-03,rule_based_central,32788.017208990794,1.0,1.0,1.0,1.0,1.0,1.0,1.0,1.0,174,0,0,0,0,0,0,0,0,29,0,0,0,0.6666666666666666,1.0,132.64597628650995,7.394264484273976e-05,7.394264484273976e-05,50.0,0.0,0.0,0,0,1923.367031544446,4689,220,1.0,29,,,,,0,0,0,0,1.0,1.0,1.0,88,44,42,,,,0,0,0,77,77,372,199,6,4.0,148.4000015258789,29.26678419225606,148400001.9005529,1.0,1.0
4,3,2,1825092,2024-08-03,rule_based_central,32788.017208990794,1.0,1.0,1.0,1.0,1.0,1.0,1.0,1.0,174,0,0,0,0,0,0,0,0,29,0,0,0,0.632183908045977,1.0,135.6248597982286,6.396194984172953e-05,6.396194984172953e-05,50.0,0.0,0.0,0,0,1966.5611479282377,5983,246,1.0,29,,,,,0,0,0,0,1.0,1.0,1.0,88,44,42,,,,0,0,0,84,84,598,236,8,5.0,166.5358910694078,42.29358572803629,87900001.74780507,1.0,1.0
4,4,0,1826090,2024-08-03,rule_based_central,32788.017208990794,1.0,1.0,1.0,1.0,1.0,1.0,1.0,1.0,174,0,0,0,0,0,0,0,0,29,0,0,0,0.4482758620689655,1.0,196.906062480362,6.902491909334029e-05,6.902491909334029e-05,50.0,0.0,0.0,0,0,2855.138504346212,4815,226,1.0,29,,,,,0,0,0,0,1.0,1.0,1.0,93,62,19,,,,0,0,0,86,86,567,177,8,6.0,226.9999906619382,61.57881128814892,151411970.13935864,1.0,1.0
4,4,1,1826091,2024-08-03,rule_based_central,32788.017208990794,0.896551724137931,0.8846153846153846,1.0,0.9770114942528736,0.9743589743589745,1.0,0.9770114942528736,0.9770114942528736,174,4,0,0,4,0,0,4,0,29,3,3,0,0.4712643678160919,0.9770114942528736,190.18784529313277,2.5462330456437736,2.5462330456437736,50.0,0.0,0.0,0,0,2720.804519621036,4483,202,1.0,29,41;42;43,41;42;43,,41;42;43,3,3,0,3,0.956989247311828,1.0,1.0,93,62,19,41;42;43,,,3,0,0,73,73,440,160,10,6.0,190.14309926448587,46.47656998172887,74200000.95027645,0.9655172413793104,1.0
4,4,2,1826092,2024-08-03,rule_based_central,32788.017208990794,1.0,1.0,1.0,1.0,1.0,1.0,1.0,1.0,174,0,0,0,0,0,0,0,0,29,0,0,0,0.4425287356321839,1.0,195.21482124479337,5.830978525095972e-05,5.830978525095972e-05,50.0,0.0,0.0,0,0,2830.6155287263314,5729,237,1.0,29,,,,,0,0,0,0,1.0,1.0,1.0,93,62,19,,,,0,0,0,79,79,611,193,11,7.0,240.19999923706047,60.5761904478274,196099971.76831567,1.0,1.0
4,5,0,1827090,2024-08-03,rule_based_central,32788.017208990794,1.0,1.0,1.0,1.0,1.0,1.0,1.0,1.0,174,0,0,0,0,0,0,0,0,29,0,0,0,0.6091954022988506,1.0,164.98365648656056,7.592124500493894e-05,7.592124500493894e-05,50.0,0.0,0.0,0,0,2392.263097097478,5431,209,1.0,29,,,,,0,0,0,0,1.0,1.0,1.0,70,48,56,,,,0,0,0,74,74,259,147,5,3.0,138.4999812126146,27.07899130388016,138499981.5622934,1.0,1.0
4,5,1,1827091,2024-08-03,rule_based_central,32788.017208990794,1.0,1.0,1.0,1.0,1.0,1.0,1.0,1.0,174,0,0,0,0,0,0,0,0,29,0,0,0,0.603448275862069,1.0,165.35312272265725,6.814934741491559e-05,6.814934741491559e-05,50.0,0.0,0.0,0,0,2397.6208349826443,5962,225,1.0,29,,,,,0,0,0,0,1.0,1.0,1.0,70,48,56,,,,0,0,0,91,91,503,198,9,6.0,134.69998850822446,43.791207817543295,96699984.2224155,1.0,1.0
4,5,2,1827092,2024-08-03,rule_based_central,32788.017208990794,1.0,1.0,1.0,1.0,1.0,1.0,1.0,1.0,174,0,0,0,0,0,0,0,0,29,0,0,0,0.5747126436781609,1.0,163.66377485552053,5.8382407002065376e-05,5.8382407002065376e-05,50.0,0.0,0.0,0,0,2373.125090410313,4814,224,1.0,29,,,,,0,0,0,0,1.0,1.0,1.0,70,48,56,,,,0,0,0,73,73,404,212,5,4.0,116.0,30.890719801584613,116000000.29287183,1.0,1.0
4,6,0,1828090,2024-08-03,rule_based_central,32788.017208990794,1.0,1.0,1.0,1.0,1.0,1.0,1.0,1.0,174,0,0,0,0,0,0,0,0,29,0,0,0,0.6379310344827587,1.0,136.461857460011,6.180248041262571e-05,6.180248041262571e-05,50.0,0.0,0.0,0,0,1978.697253788511,5439,215,1.0,29,,,,,0,0,0,0,1.0,1.0,1.0,68,49,57,,,,0,0,0,86,86,420,179,8,5.0,161.9999992370606,43.48273216675446,161999999.64607129,1.0,1.0
4,6,1,1828091,2024-08-03,rule_based_central,32788.017208990794,1.0,1.0,1.0,1.0,1.0,1.0,1.0,1.0,174,0,0,0,0,0,0,0,0,29,0,0,0,0.6781609195402298,1.0,137.08319054800887,7.175577097925646e-05,7.175577097925646e-05,50.0,0.0,0.0,0,0,1987.706655484315,5193,213,1.0,29,,,,,0,0,0,0,1.0,1.0,1.0,68,49,57,,,,0,0,0,76,76,386,185,8,4.0,161.999991607666,30.91786077915188,100699949.13729966,1.0,1.0
4,6,2,1828092,2024-08-03,rule_based_central,32788.017208990794,1.0,1.0,1.0,1.0,1.0,1.0,1.0,1.0,174,0,0,0,0,0,0,0,0,29,0,0,0,0.632183908045977,1.0,138.12392144162078,6.147362720007184e-05,6.147362720007184e-05,50.0,0.0,0.0,0,0,2002.7973414460816,5337,231,1.0,29,,,,,0,0,0,0,1.0,1.0,1.0,68,49,57,,,,0,0,0,83,83,483,211,9,5.0,209.8999833848742,29.86274151178863,127000000.32064416,1.0,1.0
4,7,0,1829090,2024-08-03,rule_based_central,32788.017208990794,1.0,1.0,1.0,1.0,1.0,1.0,1.0,1.0,174,0,0,0,0,0,0,0,0,29,0,0,0,0.6551724137931034,1.0,158.4028929424012,7.004847471741424e-05,7.004847471741424e-05,50.0,0.0,0.0,0,0,2296.8426904380326,4876,211,1.0,29,,,,,0,0,0,0,1.0,1.0,1.0,66,52,56,,,,0,0,0,84,84,544,189,10,6.0,220.3999809622754,52.68590378845881,180299953.90001345,1.0,1.0
4,7,1,1829091,2024-08-03,rule_based_central,32788.017208990794,1.0,1.0,1.0,1.0,1.0,1.0,1.0,1.0,174,0,0,0,0,0,0,0,0,29,0,0,0,0.6609195402298851,1.0,155.54546220172412,1.0745658737489547,1.0745658737489547,50.0,0.0,0.0,0,0,2239.829371068626,5030,234,1.0,29,,,,,0,0,0,0,1.0,1.0,1.0,66,52,56,,,,0,0,0,84,84,537,205,7,6.0,146.2032256920277,42.88206968408504,91200000.99319732,1.0,1.0
4,7,2,1829092,2024-08-03,rule_based_central,32788.017208990794,1.0,1.0,1.0,1.0,1.0,1.0,1.0,1.0,174,0,0,0,0,0,0,0,0,29,0,0,0,0.7183908045977011,1.0,152.31723471003016,6.604742729800872e-05,6.604742729800872e-05,50.0,0.0,0.0,0,0,2208.5999381542206,5474,219,1.0,29,,,,,0,0,0,0,1.0,1.0,1.0,66,52,56,,,,0,0,0,73,73,412,214,6,4.0,126.86791497158048,29.58053555475617,99500000.25121336,1.0,1.0
4,8,0,1830090,2024-08-03,rule_based_central,32788.017208990794,1.0,1.0,1.0,1.0,1.0,1.0,1.0,1.0,174,0,0,0,0,0,0,0,0,29,0,0,0,0.7241379310344828,1.0,135.07140329000595,5.3614035420034126e-05,5.3614035420034126e-05,50.0,0.0,0.0,0,0,1958.5357037981355,3864,221,1.0,29,,,,,0,0,0,0,1.0,1.0,1.0,60,54,60,,,,0,0,0,74,74,250,173,3,2.6499999999999773,78.36914672851572,22.06211419303546,74200000.187337,1.0,1.0
4,8,1,1830091,2024-08-03,rule_based_central,32788.017208990794,1.0,1.0,1.0,1.0,1.0,1.0,1.0,1.0,174,0,0,0,0,0,0,0,0,29,0,0,0,0.7241379310344828,1.0,134.3619996713496,6.174767154386674e-05,6.174767154386674e-05,50.0,0.0,0.0,0,0,1948.2491233944893,4861,223,1.0,29,,,,,0,0,0,0,1.0,1.0,1.0,60,54,60,,,,0,0,0,80,80,303,189,4,3.0,69.47446298100405,19.561930784059875,57699982.03911232,1.0,1.0
4,8,2,1830092,2024-08-03,rule_based_central,32788.017208990794,1.0,1.0,1.0,1.0,1.0,1.0,1.0,1.0,174,0,0,0,0,0,0,0,0,29,0,0,0,0.7298850574712644,1.0,132.70888139495904,6.274519295528017e-05,6.274519295528017e-05,50.0,0.0,0.0,0,0,1924.2791714717944,4989,209,1.0,29,,,,,0,0,0,0,1.0,1.0,1.0,60,54,60,,,,0,0,0,75,75,351,197,6,4.0,137.89998035430875,27.43542955028857,137899980.70247275,1.0,1.0
4,9,0,1831090,2024-08-03,rule_based_central,32788.017208990794,1.0,1.0,1.0,1.0,1.0,1.0,1.0,1.0,174,0,0,0,0,0,0,0,0,29,0,0,0,0.6494252873563219,1.0,156.6623447160611,6.708605536099137e-05,6.708605536099137e-05,50.0,0.0,0.0,0,0,2271.604388506215,4898,222,1.0,29,,,,,0,0,0,0,1.0,1.0,1.0,60,54,60,,,,0,0,0,78,78,276,152,5,3.0,104.4000015258789,33.97600911778663,96700001.00708348,1.0,1.0
4,9,1,1831091,2024-08-03,rule_based_central,32788.017208990794,1.0,1.0,1.0,1.0,1.0,1.0,1.0,1.0,174,0,0,0,0,0,0,0,0,29,0,0,0,0.6609195402298851,1.0,156.6412328015799,6.37481952535695e-05,6.37481952535695e-05,50.0,0.0,0.0,0,0,2271.2981443405138,4851,206,1.0,29,,,,,0,0,0,0,1.0,1.0,1.0,60,54,60,,,,0,0,0,72,72,245,163,5,3.0,88.5999893188477,23.49820840467063,88599989.54254118,1.0,1.0
4,9,2,1831092,2024-08-03,rule_based_central,32788.017208990794,1.0,1.0,1.0,1.0,1.0,1.0,1.0,1.0,174,0,2,0,0,0,0,0,0,29,0,0,0,0.6781609195402298,1.0,153.7809893749226,6.645027248338722e-05,6.645027248338722e-05,50.0,0.0,0.0,0,0,2229.8246807555342,4692,258,1.0,29,,,,,0,0,0,0,1.0,1.0,1.0,60,54,60,,,,0,0,0,78,78,470,216,7,5.0,151.19996061325077,34.82915683093868,151199960.99499398,1.0,1.0
4,10,0,1832090,2024-08-03,rule_based_central,32788.017208990794,1.0,1.0,1.0,1.0,1.0,1.0,1.0,1.0,174,0,0,0,0,0,0,0,0,29,0,0,0,0.4942528735632184,1.0,141.06277699169073,6.448331920579932e-05,6.448331920579932e-05,50.0,0.0,0.0,0,0,2045.410657335073,4652,237,1.0,29,,,,,0,0,0,0,1.0,1.0,1.0,77,80,17,,,,0,0,0,83,83,437,205,5,4.0,118.70000076293944,30.388410152625937,96100002.53144754,1.0,1.0
4,10,1,1832091,2024-08-03,rule_based_central,32788.017208990794,1.0,1.0,1.0,1.0,1.0,1.0,1.0,1.0,174,0,0,0,0,0,0,0,0,29,0,0,0,0.5287356321839081,1.0,142.81276500477702,6.926402278330135e-05,6.926402278330135e-05,50.0,0.0,0.0,0,0,2070.7852318088203,5366,214,1.0,29,,,,,0,0,0,0,1.0,1.0,1.0,77,80,17,,,,0,0,0,81,81,217,149,6,2.0,77.5,25.64930802874845,74200000.90259273,1.0,1.0
4,10,2,1832092,2024-08-03,rule_based_central,32788.017208990794,1.0,1.0,1.0,1.0,1.0,1.0,1.0,1.0,174,0,0,0,0,0,0,0,0,29,0,0,0,0.4942528735632184,1.0,143.84650028574055,5.95792956735896e-05,5.95792956735896e-05,50.0,0.0,0.0,0,0,2085.774575024844,4153,210,1.0,29,,,,,0,0,0,0,1.0,1.0,1.0,77,80,17,,,,0,0,0,64,64,304,151,6,5.0,123.60000228881836,29.822348378811437,123600002.60087836,1.0,1.0
4,11,0,1833090,2024-08-03,rule_based_central,32788.017208990794,0.7586206896551724,0.7307692307692307,0.7142857142857143,0.8678160919540229,0.8525641025641026,0.7619047619047619,0.867816091954023,0.867816091954023,174,23,0,0,23,0,0,23,0,29,7,7,0,0.2183908045977011,0.867816091954023,215.0121336339534,28.719209312022414,28.719209312022414,50.0,0.0,0.0,0,0,2701.249090929825,4496,225,1.0,29,39;41;42;43;45;46;47,39;41;42;43;45;46;47,43;47,39;41;42;43;45;46;47,7,7,2,7,0.8910891089108911,0.9444444444444444,0.7297297297297297,101,36,37,41;42;46,39;45,43;47,3,2,2,86,86,1374,252,16,14.0,373.5000023206071,110.81909350295224,149400001.90307766,0.867816091954023,
4,11,1,1833091,2024-08-03,rule_based_central,32788.017208990794,0.7586206896551724,0.7307692307692307,0.7142857142857143,0.8735632183908046,0.858974358974359,0.880952380952381,0.8735632183908046,0.8735632183908046,174,22,0,0,22,0,0,22,0,29,7,7,0,0.264367816091954,0.8735632183908046,202.11820336936532,25.84288108485869,25.84288108485869,50.0,0.0,0.0,0,0,2555.993896350264,5120,223,1.0,29,38;39;40;41;45;46;47,38;39;40;41;45;46;47,40;47,38;39;40;41;45;46;47,7,7,2,7,0.8910891089108911,0.8333333333333334,0.8648648648648649,101,36,37,38;41;46,39;45,40;47,3,2,2,78,78,1143,247,15,12.649999999999975,350.00000381469727,89.86177883728254,85099983.81165856,0.8705882352941177,1.0
4,11,2,1833092,2024-08-03,rule_based_central,32788.017208990794,0.7241379310344828,0.6923076923076923,0.5714285714285714,0.7528735632183907,0.7243589743589743,0.5714285714285714,0.7528735632183908,0.7528735632183908,174,43,0,0,43,0,0,43,0,29,8,8,0,0.2356321839080459,0.7528735632183908,231.66278118032147,52.30808359179004,52.30808359179004,50.0,0.0,0.0,0,0,2600.64461746812,5107,224,1.0,29,38;41;42;43;44;45;46;47,38;41;42;43;44;45;46;47,43;44;47,38;41;42;43;44;45;46;47,8,8,3,8,0.8118811881188119,0.8333333333333334,0.5135135135135135,101,36,37,38;41;42;46,45,43;44;47,4,1,3,83,83,1445,207,19,16.0,342.700001176198,138.0805131601063,107599987.20632578,0.7133333333333334,1.0
4,12,0,1834090,2024-08-03,rule_based_central,32788.017208990794,0.9310344827586208,0.9230769230769232,1.0,0.9827586206896552,0.9807692307692308,1.0,0.9827586206896552,0.9827586206896552,174,3,1,1,3,1,1,3,0,29,2,2,0,0.5114942528735632,0.9827586206896552,164.53357398372958,1.5401446243812298,1.5401446243812298,50.0,0.0,0.0,0,0,2363.406736476348,6762,241,1.0,29,36;45,36;45,,36;45,2,2,0,2,0.9605263157894736,1.0,1.0,76,55,43,36;45,,,2,0,0,82,82,1128,265,13,9.649999999999975,236.8000030517578,75.87054081248199,110499943.16978616,0.9827586206896552,
4,12,1,1834091,2024-08-03,rule_based_central,32788.017208990794,0.9310344827586208,0.9230769230769232,1.0,0.9827586206896552,0.9807692307692308,1.0,0.9827586206896552,0.9827586206896552,174,3,1,0,3,1,0,3,0,29,2,2,0,0.4942528735632184,0.9827586206896552,164.23777265110235,2.193252969062191,2.193252969062191,50.0,0.0,0.0,0,0,2349.646929098915,5772,203,1.0,29,36;45,36;45,,36;45,2,2,0,2,0.9605263157894736,1.0,1.0,76,55,43,36;45,,,2,0,0,69,69,755,232,9,7.0,187.39999097188263,60.92794813398768,96200001.00582112,0.9824561403508772,1.0
4,12,2,1834092,2024-08-03,rule_based_central,32788.017208990794,0.896551724137931,0.8846153846153846,0.8888888888888888,0.9770114942528736,0.9743589743589745,0.9814814814814816,0.9770114942528736,0.9770114942528736,174,4,3,2,4,3,2,4,0,29,3,3,0,0.3218390804597701,0.9770114942528736,185.87318785437225,10.49933738270025,10.49933738270025,50.0,0.0,0.0,0,0,2542.9224195803204,5344,215,1.0,29,36;45;47,36;45;47,47,36;45;47,3,3,1,3,0.9605263157894736,1.0,0.9767441860465116,76,55,43,36;45,,47,2,0,1,81,81,1120,245,13,10.0,300.6237488746636,97.87301400342164,80199991.76246749,0.9759036144578314,1.0
4,13,0,1835090,2024-08-03,rule_based_central,32788.017208990794,0.9310344827586208,0.9230769230769232,1.0,0.9885057471264368,0.9871794871794872,1.0,0.9885057471264368,0.9885057471264368,174,2,0,0,2,0,0,2,0,29,2,2,0,0.3735632183908046,0.9885057471264368,225.1813477496991,1.3231050885956863,1.3231050885956863,50.0,0.0,0.0,0,0,3245.946128189564,4857,227,1.0,29,36;37,36;37,,36;37,2,2,0,2,0.9761904761904762,1.0,1.0,84,53,37,36;37,,,2,0,0,78,78,762,225,10,8.0,231.3000030040741,68.94936200966373,93400001.71400754,0.9864864864864864,1.0
4,13,1,1835091,2024-08-03,rule_based_central,32788.017208990794,1.0,1.0,1.0,1.0,1.0,1.0,1.0,1.0,174,0,0,0,0,0,0,0,0,29,0,0,0,0.425287356321839,1.0,218.15456676003575,7.54663313942394e-05,7.54663313942394e-05,50.0,0.0,0.0,0,0,3163.2417771021514,5734,225,1.0,29,,,,,0,0,0,0,1.0,1.0,1.0,84,53,37,,,,0,0,0,75,75,606,217,11,7.0,209.0734904199238,55.56466740774643,96699996.4294468,1.0,1.0
4,13,2,1835092,2024-08-03,rule_based_central,32788.017208990794,0.9655172413793104,0.9615384615384616,0.875,0.9942528735632185,0.9935897435897436,0.9791666666666669,0.9942528735632185,0.9942528735632185,174,1,0,0,1,0,0,1,0,29,1,1,0,0.2988505747126437,0.9942528735632185,248.63942305983483,1.006853484559333,1.006853484559333,50.0,0.0,0.0,0,0,3590.673990676801,5721,237,1.0,29,47,47,47,47,1,1,1,1,1.0,1.0,0.972972972972973,84,53,37,,,47,0,0,1,82,82,960,239,15,10.0,307.4999946276345,76.97867771801094,96699995.31682642,0.9933774834437086,1.0
4,14,0,1836090,2024-08-03,rule_based_central,32788.017208990794,1.0,1.0,1.0,1.0,1.0,1.0,1.0,1.0,174,0,0,0,0,0,0,0,0,29,0,0,0,0.3563218390804598,1.0,230.58505642859416,6.664758441091955e-05,6.664758441091955e-05,50.0,0.0,0.0,0,0,3343.4839126629136,5177,244,1.0,29,,,,,0,0,0,0,1.0,1.0,1.0,47,92,35,,,,0,0,0,84,84,319,191,5,3.0,78.09949030874269,22.861173143160823,76999975.78034376,1.0,1.0
4,14,1,1836091,2024-08-03,rule_based_central,32788.017208990794,1.0,1.0,1.0,1.0,1.0,1.0,1.0,1.0,174,0,0,0,0,0,0,0,0,29,0,0,0,0.3735632183908046,1.0,234.8191691630188,7.892477101293104e-05,7.892477101293104e-05,50.0,0.0,0.0,0,0,3404.878388566277,5709,211,1.0,29,,,,,0,0,0,0,1.0,1.0,1.0,47,92,35,,,,0,0,0,82,82,328,177,8,3.0,175.2921928243719,31.79993031161671,68700000.93639028,1.0,1.0
4,14,2,1836092,2024-08-03,rule_based_central,32788.017208990794,1.0,1.0,1.0,1.0,1.0,1.0,1.0,1.0,174,0,0,0,0,0,0,0,0,29,0,0,0,0.3333333333333333,1.0,238.2585106761805,8.288197133732938e-05,8.288197133732938e-05,50.0,0.0,0.0,0,0,3454.74865370989,6327,242,1.0,29,,,,,0,0,0,0,1.0,1.0,1.0,47,92,35,,,,0,0,0,82,82,316,181,6,3.0,104.4999916738936,25.869522030423028,76900000.9570933,1.0,1.0
4,15,0,1837090,2024-08-03,rule_based_central,32788.017208990794,1.0,1.0,1.0,1.0,1.0,1.0,1.0,1.0,174,0,0,0,0,0,0,0,0,29,0,0,0,0.6551724137931034,1.0,148.1490752124067,7.022112265400503e-05,7.022112265400503e-05,50.0,0.0,0.0,0,0,2148.162071446576,5240,218,1.0,29,,,,,0,0,0,0,1.0,1.0,1.0,75,55,44,,,,0,0,0,86,86,409,183,6,5.0,146.10000228881836,30.783966874283507,60399992.47541679,1.0,1.0
4,15,1,1837091,2024-08-03,rule_based_central,32788.017208990794,1.0,1.0,1.0,1.0,1.0,1.0,1.0,1.0,174,0,0,0,0,0,0,0,0,29,0,0,0,0.6609195402298851,1.0,146.2162674203001,6.367694372418283e-05,6.367694372418283e-05,50.0,0.0,0.0,0,0,2120.1362243046374,5080,198,1.0,29,,,,,0,0,0,0,1.0,1.0,1.0,75,55,44,,,,0,0,0,71,71,227,153,6,2.0,112.44903685109604,19.83573839191652,50000000.12623786,1.0,1.0
4,15,2,1837092,2024-08-03,rule_based_central,32788.017208990794,1.0,1.0,1.0,1.0,1.0,1.0,1.0,1.0,174,0,0,0,0,0,0,0,0,29,0,0,0,0.6609195402298851,1.0,145.47632107104377,5.8590680703349495e-05,5.8590680703349495e-05,50.0,0.0,0.0,0,0,2109.406961485743,4738,192,1.0,29,,,,,0,0,0,0,1.0,1.0,1.0,75,55,44,,,,0,0,0,72,72,277,150,5,3.0,96.70000076293944,26.365310100637807,52200000.89473178,1.0,1.0
4,16,0,1838090,2024-08-03,rule_based_central,32788.017208990794,1.0,1.0,1.0,1.0,1.0,1.0,1.0,1.0,174,0,0,0,0,0,0,0,0,29,0,0,0,0.4885057471264368,1.0,192.0100103260457,6.264379654807606e-05,6.264379654807606e-05,50.0,0.0,0.0,0,0,2784.145525505145,4706,214,1.0,29,,,,,0,0,0,0,1.0,1.0,1.0,65,70,39,,,,0,0,0,88,88,244,166,5,3.0,87.99999542236328,18.593420901261712,61000000.15401019,1.0,1.0
4,16,1,1838091,2024-08-03,rule_based_central,32788.017208990794,1.0,1.0,1.0,1.0,1.0,1.0,1.0,1.0,174,0,0,0,0,0,0,0,0,29,0,0,0,0.4540229885057471,1.0,187.28831715967465,6.500331834815014e-05,6.500331834815014e-05,50.0,0.0,0.0,0,0,2715.680730626608,4995,200,1.0,29,,,,,0,0,0,0,1.0,1.0,1.0,65,70,39,,,,0,0,0,83,83,367,163,6,5.0,135.19999237060546,33.101771445322825,135199992.71195263,1.0,1.0
4,16,2,1838092,2024-08-03,rule_based_central,32788.017208990794,1.0,1.0,1.0,1.0,1.0,1.0,1.0,1.0,174,0,0,0,0,0,0,0,0,29,0,0,0,0.4540229885057471,1.0,189.6493118902048,6.253143836712015e-05,6.253143836712015e-05,50.0,0.0,0.0,0,0,2749.9152672290797,5124,218,1.0,29,,,,,0,0,0,0,1.0,1.0,1.0,65,70,39,,,,0,0,0,88,88,363,174,6,5.0,159.99998300075393,36.83226550144387,159999983.40471506,1.0,1.0
4,17,0,1839090,2024-08-03,rule_based_central,32788.017208990794,0.6551724137931034,0.6153846153846154,0.7142857142857143,0.7528735632183907,0.7243589743589745,0.7857142857142857,0.7528735632183908,0.7528735632183908,174,43,1,0,43,1,0,43,0,29,10,10,0,0.2126436781609195,0.7528735632183908,258.6324034504507,62.09188090795758,62.09188090795758,50.0,0.0,0.0,0,0,2849.839223946134,5069,213,1.0,29,35;36;37;38;39;40;41;45;46;47,35;36;37;38;39;40;41;45;46;47,38;47,35;36;37;38;39;40;41;45;46;47,10,10,2,10,0.7211538461538461,0.8409090909090909,0.7307692307692307,104,44,26,35;36;37;38;40;41;45;46,39;45,38;47,8,2,2,89,89,1443,256,15,13.0,365.3192126043317,103.64732334291712,174599977.55263904,0.7528735632183908,
4,17,1,1839091,2024-08-03,rule_based_central,32788.017208990794,0.7241379310344828,0.6923076923076923,0.8571428571428571,0.839080459770115,0.8205128205128206,0.8571428571428571,0.8390804597701149,0.8390804597701149,174,28,1,0,28,1,0,28,0,29,8,8,0,0.2241379310344827,0.8390804597701149,261.49599914269885,49.78268974128811,49.78268974128811,50.0,0.0,0.0,0,0,3069.844556298107,6150,195,1.0,29,35;36;37;38;39;40;41;45,35;36;37;38;39;40;41;45,38,35;36;37;38;39;40;41;45,8,8,1,8,0.8365384615384616,0.7954545454545454,0.9230769230769232,104,44,26,35;36;37;38;40;41;45,39;45,38,7,2,1,72,72,1003,217,17,14.0,308.39999694824223,84.98729881139285,69199996.36001594,0.8120805369127517,1.0
4,17,2,1839092,2024-08-03,rule_based_central,32788.017208990794,0.7931034482758621,0.7692307692307693,0.7142857142857143,0.8505747126436782,0.8333333333333334,0.7857142857142857,0.8505747126436781,0.8505747126436781,174,26,0,0,26,0,0,26,0,29,6,6,0,0.2241379310344827,0.8505747126436781,240.36980384108665,27.871125215771556,27.871125215771556,50.0,0.0,0.0,0,0,3081.232367888091,5233,201,1.0,29,37;38;40;41;46;47,37;38;40;41;46;47,40;47,37;38;40;41;46;47,6,6,2,6,0.8269230769230769,1.0,0.6923076923076923,104,44,26,37;38;40;41;46,,40;47,5,0,2,67,67,863,196,15,13.0,320.4400054931641,86.5581105216116,121999991.91568644,0.8181818181818182,1.0
4,18,0,1840090,2024-08-03,rule_based_central,32788.017208990794,0.7586206896551724,0.7307692307692307,0.7777777777777778,0.896551724137931,0.8846153846153846,0.925925925925926,0.896551724137931,0.896551724137931,174,18,3,3,18,3,3,18,0,29,7,7,0,0.3333333333333333,0.896551724137931,276.5320241040197,41.81043531154764,41.81043531154764,50.0,0.0,0.0,0,0,3403.4647069970792,4974,202,1.0,29,30;35;37;38;39;45;47,30;35;37;38;39;45;47,38;47,30;35;37;38;39;45;47,7,7,2,7,0.9367088607594936,0.8043478260869565,0.9183673469387756,79,46,49,30;35;37,37;39;45,38;47,3,3,2,75,75,1221,213,16,13.649999999999975,408.4000015258789,122.4266900961714,57700000.86093423,0.8881987577639752,1.0
4,18,1,1840091,2024-08-03,rule_based_central,32788.017208990794,0.7586206896551724,0.7307692307692307,0.6666666666666666,0.8793103448275862,0.8653846153846152,0.8333333333333333,0.8793103448275862,0.8793103448275862,174,21,7,3,21,7,3,21,0,29,7,7,0,0.3045977011494253,0.8793103448275862,269.12867942897753,52.54963772872399,52.54963772872399,50.0,0.0,0.0,0,0,3140.3978286186843,4379,253,1.0,29,30;35;36;37;39;43;47,30;35;36;37;39;43;47,36;43;47,30;35;36;37;39;43;47,7,7,3,7,0.8987341772151899,0.9130434782608696,0.8163265306122449,79,46,49,30;35;37,37;39,36;43;47,3,2,3,78,78,1384,272,16,12.0,416.5000037670136,107.0988071947678,141199987.132211,0.8786127167630058,1.0
4,18,2,1840092,2024-08-03,rule_based_central,32788.017208990794,0.7586206896551724,0.7307692307692307,0.8888888888888888,0.8793103448275863,0.8653846153846155,0.8888888888888888,0.8793103448275862,0.8793103448275862,174,21,5,3,21,5,3,21,0,29,7,7,0,0.2471264367816092,0.8793103448275862,271.7232760473572,34.81413433469575,34.81413433469575,50.0,0.0,0.0,0,0,3435.1838967973986,4693,215,1.0,29,30;35;37;42;43;45;46,30;35;37;42;43;45;46,43,30;35;37;42;43;45;46,7,7,1,7,0.8860759493670886,0.8695652173913043,0.8775510204081632,79,46,49,30;35;37;42;46,45,43,5,1,1,73,73,1070,200,19,16.0,420.8000068664551,111.7119751144391,96700001.00708348,0.85,1.0
4,19,0,1841090,2024-08-03,rule_based_central,32788.017208990794,1.0,1.0,1.0,1.0,1.0,1.0,1.0,1.0,174,0,0,0,0,0,0,0,0,29,0,0,0,0.4367816091954023,1.0,174.86387865930453,6.75872139547063e-05,6.75872139547063e-05,50.0,0.0,0.0,0,0,2535.5263398488355,5699,208,1.0,29,,,,,0,0,0,0,1.0,1.0,1.0,90,60,24,,,,0,0,0,81,81,281,187,4,3.0,127.5,26.38770105790801,127500000.32190657,1.0,1.0
4,19,1,1841091,2024-08-03,rule_based_central,32788.017208990794,1.0,1.0,1.0,1.0,1.0,1.0,1.0,1.0,174,0,0,0,0,0,0,0,0,29,0,0,0,0.4310344827586206,1.0,179.62357577373243,6.155275750434261e-05,6.155275750434261e-05,50.0,0.0,0.0,0,0,2604.5421715329085,5500,223,1.0,29,,,,,0,0,0,0,1.0,1.0,1.0,90,60,24,,,,0,0,0,74,74,267,178,4,3.0,96.89999610980313,19.515832631774614,96899996.3544521,1.0,1.0
4,19,2,1841092,2024-08-03,rule_based_central,32788.017208990794,0.9655172413793104,0.9615384615384616,1.0,0.9942528735632185,0.9935897435897436,1.0,0.9942528735632185,0.9942528735632185,174,1,2,1,1,1,1,1,0,29,1,1,0,0.4195402298850574,0.9942528735632185,180.9164862752646,0.8395562660077522,0.8395562660077522,50.0,0.0,0.0,0,0,2611.116689371565,4528,247,1.0,29,33,33,,33,1,1,0,1,1.0,0.9833333333333332,1.0,90,60,24,,33,,0,1,0,74,74,328,170,7,4.0,151.0399447536471,28.36745904614492,151039945.13498628,0.9882352941176472,1.0
4,20,0,1842090,2024-08-03,rule_based_central,32788.017208990794,1.0,1.0,1.0,1.0,1.0,1.0,1.0,1.0,174,0,0,0,0,0,0,0,0,29,0,0,0,0.3563218390804598,1.0,140.39941261349054,5.568581065912356e-05,5.568581065912356e-05,50.0,0.0,0.0,0,0,2035.791608552138,4243,234,1.0,29,,,,,0,0,0,0,1.0,1.0,1.0,70,90,14,,,,0,0,0,71,71,214,156,4,2.0,96.70000076293944,26.5270948666684,96700001.00708348,1.0,1.0
4,20,1,1842091,2024-08-03,rule_based_central,32788.017208990794,1.0,1.0,1.0,1.0,1.0,1.0,1.0,1.0,174,0,0,0,0,0,0,0,0,29,0,0,0,0.3275862068965517,1.0,141.83082119144242,6.320558745285561e-05,6.320558745285561e-05,50.0,0.0,0.0,0,0,2056.5471661761408,4359,214,1.0,29,,,,,0,0,0,0,1.0,1.0,1.0,70,90,14,,,,0,0,0,71,71,215,123,5,3.0,127.0,26.614121436900323,80299999.6146384,1.0,1.0
4,20,2,1842092,2024-08-03,rule_based_central,32788.017208990794,1.0,1.0,1.0,1.0,1.0,1.0,1.0,1.0,174,0,0,0,0,0,0,0,0,29,0,0,0,0.3218390804597701,1.0,139.73391576059933,6.699836117097701e-05,6.699836117097701e-05,50.0,0.0,0.0,0,0,2026.14222078522,5530,234,1.0,29,,,,,0,0,0,0,1.0,1.0,1.0,70,90,14,,,,0,0,0,92,92,400,200,7,5.0,126.49998045497382,31.53390987352577,108831981.7315307,1.0,1.0
4,21,0,1843090,2024-08-03,rule_based_central,32788.017208990794,1.0,1.0,1.0,1.0,1.0,1.0,1.0,1.0,174,0,0,0,0,0,0,0,0,29,0,0,0,0.4425287356321839,1.0,191.3038237519648,6.751356453731142e-05,6.751356453731142e-05,50.0,0.0,0.0,0,0,2773.905488827266,4915,220,1.0,29,,,,,0,0,0,0,1.0,1.0,1.0,48,90,36,,,,0,0,0,69,69,214,153,5,2.0,49.39998774528468,17.488726938491716,46700000.88084562,1.0,1.0
4,21,1,1843091,2024-08-03,rule_based_central,32788.017208990794,1.0,1.0,1.0,1.0,1.0,1.0,1.0,1.0,174,0,0,0,0,0,0,0,0,29,0,0,0,0.4425287356321839,1.0,191.4183320327737,5.917713559907058e-05,5.917713559907058e-05,50.0,0.0,0.0,0,0,2775.565704246362,4372,201,1.0,29,,,,,0,0,0,0,1.0,1.0,1.0,48,90,36,,,,0,0,0,73,73,243,125,6,4.0,147.1799797058106,28.710771511467197,147179980.07740435,1.0,1.0
4,21,2,1843092,2024-08-03,rule_based_central,32788.017208990794,1.0,1.0,1.0,1.0,1.0,1.0,1.0,1.0,174,0,0,0,0,0,0,0,0,29,0,0,0,0.4425287356321839,1.0,190.4069437425712,7.30054131869612e-05,7.30054131869612e-05,50.0,0.0,0.0,0,0,2760.900775581598,4470,218,1.0,29,,,,,0,0,0,0,1.0,1.0,1.0,48,90,36,,,,0,0,0,67,67,233,173,3,2.0,74.20000000000002,18.35871962226215,74200000.18733701,1.0,1.0
4,22,0,1844090,2024-08-03,rule_based_central,32788.017208990794,1.0,1.0,1.0,1.0,1.0,1.0,1.0,1.0,174,0,0,0,0,0,0,0,0,29,0,0,0,0.632183908045977,1.0,141.80710427514438,5.915247160812904e-05,5.915247160812904e-05,50.0,0.0,0.0,0,0,2056.203431000313,4916,211,1.0,29,,,,,0,0,0,0,1.0,1.0,1.0,67,52,55,,,,0,0,0,82,82,489,219,7,5.0,154.3000030517578,34.79217467006653,115399989.6102046,1.0,1.0
4,22,1,1844091,2024-08-03,rule_based_central,32788.017208990794,1.0,1.0,1.0,1.0,1.0,1.0,1.0,1.0,174,0,0,0,0,0,0,0,0,29,0,0,0,0.6609195402298851,1.0,140.573131389188,7.956260922311366e-05,7.956260922311366e-05,50.0,0.0,0.0,0,0,2038.310822650172,6283,204,1.0,29,,,,,0,0,0,0,1.0,1.0,1.0,67,52,55,,,,0,0,0,76,76,267,155,4,3.0,96.69999641047582,27.05387421862276,49500000.12497549,1.0,1.0
4,22,2,1844092,2024-08-03,rule_based_central,32788.017208990794,1.0,1.0,1.0,1.0,1.0,1.0,1.0,1.0,174,0,0,0,0,0,0,0,0,29,0,0,0,0.6724137931034483,1.0,142.43196714129942,6.928868677424288e-05,6.928868677424288e-05,50.0,0.0,0.0,0,0,2065.263861904542,5673,227,1.0,29,,,,,0,0,0,0,1.0,1.0,1.0,67,52,55,,,,0,0,0,82,82,375,181,6,4.0,137.9000015258789,31.26729755960025,137900001.87404293,1.0,1.0
4,23,0,1845090,2024-08-03,rule_based_central,32788.017208990794,0.9655172413793104,0.9615384615384616,1.0,0.9885057471264368,0.9871794871794872,1.0,0.9885057471264368,0.9885057471264368,174,2,0,0,2,0,0,2,0,29,1,1,0,0.2413793103448276,0.9885057471264368,228.7916385767789,1.4472395267294742,1.4472395267294742,50.0,0.0,0.0,0,0,3296.4956105475626,5452,234,1.0,29,38,38,,38,1,1,0,1,0.9743589743589745,1.0,1.0,78,83,13,38,,,1,0,0,74,74,745,214,12,8.649999999999977,269.8999758720398,59.770468303768425,60500000.15274782,0.9861111111111112,1.0
4,23,1,1845091,2024-08-03,rule_based_central,32788.017208990794,1.0,1.0,1.0,1.0,1.0,1.0,1.0,1.0,174,0,0,0,0,0,0,0,0,29,0,0,0,0.264367816091954,1.0,215.70032256807403,5.595129111717488e-05,5.595129111717488e-05,50.0,0.0,0.0,0,0,3127.655046150089,5103,233,1.0,29,,,,,0,0,0,0,1.0,1.0,1.0,78,83,13,,,,0,0,0,68,68,429,177,6,5.0,110.5,41.8846562432936,88500000.22344102,1.0,1.0
4,23,2,1845092,2024-08-03,rule_based_central,32788.017208990794,0.9655172413793104,1.0,1.0,0.9942528735632185,1.0,1.0,0.9942528735632185,0.9942528735632185,174,1,4,1,1,1,1,1,0,29,1,1,0,0.2471264367816092,0.9942528735632185,214.2268378231032,0.276957034037031,0.276957034037031,50.0,0.0,0.0,0,0,3102.274811704953,5275,214,1.0,29,25,,,25,1,0,0,1,1.0,0.9879518072289156,1.0,78,83,13,,25,,0,1,0,70,70,486,196,8,5.0,154.39999610582936,45.36165689896144,88399992.6255827,1.0,0.9767441860465116
