block,baseline_kw,up_kw,down_kw,offered_capacity_kw,precision_stay_rate,precision_failed_steps,precision_pass_II,up_stay_rate,down_stay_rate,idle_stay_rate,up_pass_II,down_pass_II,idle_pass_II,active_up_pass_II,active_down_pass_II,up_active_steps,down_active_steps,idle_active_steps,up_assessment_i_unmet_ratio,down_assessment_i_unmet_ratio,up_supply_capacity_30min_kw,down_supply_capacity_30min_kw,participating,scenario,seed,service_date,band_up_kw,band_down_kw,band_idle_kw,utilization,has_unreachable_step
0,-250.7600023905436,0.0,259.4000015258789,259.4000015258789,0.0,6,0,0.0,1.0,1.0,1,0,1,0,1,6,0,0,0.0,0.0,0.0,493.2516023905436,1,0,0,2024-04-07,0.0,25.940000152587892,25.940000152587892,2.8431308218904568e-08,0
1,-125.95999946594247,0.0,278.60000228881836,278.60000228881836,0.16666666666666666,5,0,1.0,1.0,0.16666666666666666,1,0,0,1,1,0,0,6,0.0,0.0,35.60355339050284,368.4515994659425,1,0,0,2024-04-07,0.0,27.860000228881837,27.860000228881837,1.3692383861379477e-09,0
2,0.0,0.0,0.0,0.0,1.0,0,1,1.0,1.0,0.0,1,1,0,1,1,0,0,6,0.0,0.0,158.06494140625,242.4916,0,0,0,2024-04-07,0.0,0.0,0.0,0.0,0
3,0.0,0.0,0.0,0.0,1.0,0,1,1.0,1.0,0.0,1,1,0,1,1,0,0,6,0.0,0.0,201.22637774023437,242.4916,0,0,0,2024-04-07,0.0,0.0,0.0,0.0,0
4,0.0,0.0,0.0,0.0,1.0,0,1,1.0,1.0,0.0,1,1,0,1,1,0,0,6,0.0,0.0,204.43247219238282,242.4916,0,0,0,2024-04-07,0.0,0.0,0.0,0.0,0
5,0.0,0.0,0.0,0.0,1.0,0,1,1.0,1.0,0.0,1,1,0,1,1,0,0,6,0.0,0.0,204.46660610351563,232.28136440429688,0,0,0,2024-04-07,0.0,0.0,0.0,0.0,0
6,0.0,0.0,0.0,0.0,1.0,0,1,1.0,1.0,0.0,1,1,0,1,1,0,0,6,0.0,0.0,159.83382412109376,187.4916,0,0,0,2024-04-07,0.0,0.0,0.0,0.0,0
7,0.0,0.0,0.0,0.0,1.0,0,1,1.0,1.0,0.0,1,1,0,1,1,0,0,6,0.0,0.0,174.26868435058594,187.4916,0,0,0,2024-04-07,0.0,0.0,0.0,0.0,0
8,0.0,0.0,0.0,0.0,1.0,0,1,1.0,1.0,0.0,1,1,0,1,1,0,0,6,0.0,0.0,186.43582912597657,187.4916,0,0,0,2024-04-07,0.0,0.0,0.0,0.0,0
9,0.0,0.0,0.0,0.0,1.0,0,1,1.0,1.0,0.0,1,1,0,1,1,0,0,6,0.0,0.0,214.9916,214.9916,0,0,0,2024-04-07,0.0,0.0,0.0,0.0,0
10,0.0,0.0,0.0,0.0,1.0,0,1,1.0,1.0,0.0,1,1,0,1,1,0,0,6,0.0,0.0,214.9916,214.56885524902344,0,0,0,2024-04-07,0.0,0.0,0.0,0.0,0
11,0.0,0.0,0.0,0.0,1.0,0,1,1.0,1.0,0.0,1,1,0,1,1,0,0,6,0.0,0.0,214.9916,205.4340285888672,0,0,0,2024-04-07,0.0,0.0,0.0,0.0,0
12,0.0,0.0,0.0,0.0,1.0,0,1,1.0,1.0,0.0,1,1,0,1,1,0,0,6,0.0,0.0,261.47795864257813,246.6499709716797,0,0,0,2024-04-07,0.0,0.0,0.0,0.0,0
13,0.0,0.0,0.0,0.0,1.0,0,1,1.0,1.0,0.0,1,1,0,1,1,0,0,6,0.0,0.0,266.49788662109376,242.4916,0,0,0,2024-04-07,0.0,0.0,0.0,0.0,0
14,0.0,0.0,0.0,0.0,1.0,0,1,1.0,1.0,0.0,1,1,0,1,1,0,0,6,0.0,0.0,321.41338344726563,303.4916,0,0,0,2024-04-07,0.0,0.0,0.0,0.0,0
15,0.0,0.0,0.0,0.0,1.0,0,1,1.0,1.0,0.0,1,1,0,1,1,0,0,6,0.0,0.0,417.36299892578126,433.3215255371094,0,0,0,2024-04-07,0.0,0.0,0.0,0.0,0
16,0.0,0.0,0.0,0.0,1.0,0,1,1.0,1.0,0.0,1,1,0,1,1,0,0,6,0.0,0.0,506.2269515625,531.94423671875,0,0,0,2024-04-07,0.0,0.0,0.0,0.0,0
17,93.70000457763669,291.2000045776367,250.0,541.2000045776367,1.0,0,1,1.0,1.0,1.0,1,1,1,1,1,0,0,6,0.0,0.0,625.4918670288085,477.363311730957,1,0,0,2024-04-07,29.120000457763673,25.0,54.12000045776367,5.251609236881821e-17,0
18,49.976773977307424,307.7000045776367,307.70000084809726,615.400005425734,1.0,0,1,1.0,1.0,1.0,1,1,1,1,1,6,0,0,0.0,0.0,647.2572874052961,567.26812192113,1,0,0,2024-04-07,30.770000457763672,30.770000084809727,61.5400005425734,2.711988625123651e-09,0
19,56.0650005340576,354.4000053405762,331.48333867390954,685.8833440144857,1.0,0,1,1.0,1.0,1.0,1,1,1,1,1,6,0,0,0.0,0.0,782.2909144989013,670.6405634883764,1,0,0,2024-04-07,35.44000053405762,33.14833386739095,68.58833440144858,2.780864465140536e-09,0
20,45.88000068664555,458.8000068664551,458.8000068664551,917.6000137329102,1.0,0,1,1.0,1.0,1.0,1,1,1,1,1,0,2,4,0.0,0.0,742.2749955264092,742.6116603485107,1,0,0,2024-04-07,45.88000068664551,45.88000068664551,91.76000137329102,0.019444443867047863,0
21,64.52000160217287,453.200008392334,453.200008392334,906.400016784668,1.0,0,1,1.0,1.0,1.0,1,1,1,1,1,0,6,0,0.0,0.0,824.5430405703545,783.3843181243896,1,0,0,2024-04-07,45.3200008392334,45.3200008392334,90.6400016784668,0.003333335914622973,0
22,53.081676239418,523.9000015258789,530.700008392334,1054.600009918213,1.0,0,1,1.0,1.0,1.0,1,1,1,1,1,0,0,6,0.0,0.0,823.9015948345095,792.7722894832382,1,0,0,2024-04-07,52.390000152587895,53.0700008392334,105.46000099182129,2.311172888816379e-10,0
23,97.02000160217284,503.200008392334,503.200008392334,1006.400016784668,1.0,0,1,1.0,1.0,1.0,1,1,1,1,1,0,6,0,0.0,0.0,939.4957283281644,836.4215495697022,1,0,0,2024-04-07,50.3200008392334,50.3200008392334,100.6400016784668,2.653306888683733e-09,0
24,63.840000915527256,629.8000091552734,638.4000091552734,1268.200018310547,1.0,0,1,1.0,1.0,1.0,1,1,1,1,1,0,0,6,0.0,0.0,982.0238538383801,948.8196899047852,1,0,0,2024-04-07,62.98000091552734,63.84000091552735,126.8200018310547,6.015922993236214e-10,0
25,99.59000091552731,610.9000091552734,610.9000091552734,1221.8000183105469,1.0,0,1,1.0,1.0,1.0,1,1,1,1,1,0,6,0,0.0,0.0,1036.7527693851152,928.0015746704103,1,0,0,2024-04-07,61.09000091552735,61.09000091552735,122.1800018310547,2.497755604868726e-09,0
26,69.94004374657202,699.4000091552734,699.3999615652239,1398.7999707204972,1.0,0,1,1.0,1.0,1.0,1,1,1,1,1,6,0,0,0.0,0.0,1043.6480133754783,972.5915112697528,1,0,0,2024-04-07,69.94000091552735,69.93999615652238,139.87999707204972,2.2577875148733914e-09,0
27,71.59000091552724,715.9000091552734,715.9000091552734,1431.8000183105469,1.0,0,1,1.0,1.0,1.0,1,1,1,1,1,2,4,0,0.0,0.0,1106.6648528686524,1038.0648409838338,1,0,0,2024-04-07,71.59000091552734,71.59000091552734,143.18000183105468,0.006666667661326299,0
28,81.37113339591518,715.9000091552734,705.0320841770645,1420.932093332338,1.0,0,1,1.0,1.0,1.0,1,1,1,1,1,6,0,0,0.0,0.0,1103.153260739665,1028.1288666040848,1,0,0,2024-04-07,71.59000091552734,70.50320841770645,142.0932093332338,1.054900885773968e-09,0
29,73.24009747053746,732.4000091552734,732.3999018719289,1464.7999110272024,1.0,0,1,1.0,1.0,1.0,1,1,1,1,1,0,0,6,0.0,0.0,1062.8875202244437,1039.1092634806687,1,0,0,2024-04-07,73.24000091552735,73.2399901871929,146.47999110272025,2.8989558435076975e-10,0
30,113.57000236511233,742.5266787211101,751.700008392334,1494.226687113444,1.0,0,1,1.0,1.0,1.0,1,1,1,1,1,5,1,0,0.0,0.0,1081.0378457021077,983.0623447052002,1,0,0,2024-04-07,74.25266787211102,75.1700008392334,149.42266871134441,0.01285622469447869,0
31,146.50534281302987,762.3266779581706,706.6607386848495,1468.9874166430202,1.0,0,1,1.0,1.0,1.0,1,1,1,1,1,6,0,0,0.0,0.0,1069.9974692778737,902.3092552338452,1,0,0,2024-04-07,76.23266779581706,70.66607386848496,146.89874166430204,1.5227210046103641e-09,0
32,94.75000076293951,0.0,837.5000076293945,837.5000076293945,1.0,0,1,1.0,1.0,1.0,1,1,1,1,1,0,0,6,0.0,0.0,947.759920873642,901.4323951354979,1,0,0,2024-04-07,0.0,83.75000076293946,83.75000076293946,9.109725375236765e-10,0
33,139.57000083923333,839.8966757456461,845.700008392334,1685.59668413798,1.0,0,1,1.0,1.0,1.0,1,1,1,1,1,0,6,0,0.0,0.0006915049191664016,979.1364591121672,845.1152026763916,1,0,0,2024-04-07,83.98966757456462,84.5700008392334,168.55966841379802,3.847293650254804e-09,0
34,683.9000091552734,908.9000091552734,250.0,1158.9000091552734,1.0,0,1,1.0,1.0,1.0,1,1,1,1,1,0,6,0,0.0,0.0,1522.2736228402455,272.6599502197265,1,0,0,2024-04-07,90.89000091552735,25.0,115.89000091552735,1.3166613980460823e-08,0
35,90.60980482670658,840.200008392334,840.200008392334,1680.400016784668,1.0,0,1,1.0,1.0,1.0,1,1,1,1,1,6,0,0,0.0,0.05843601148502725,997.9035849405625,791.1020710521996,1,0,0,2024-04-07,84.0200008392334,84.0200008392334,168.0400016784668,1.535713403612018e-09,0
36,85.12000083923337,842.600008392334,851.200008392334,1693.800016784668,1.0,0,1,1.0,1.0,1.0,1,1,1,1,1,0,6,0,0.0,0.14725761389209482,870.6346346569061,725.8543262115478,1,0,0,2024-04-07,84.2600008392334,85.1200008392334,169.3800016784668,1.1260766574172786e-09,0
37,164.12258185107456,721.6333368937175,722.0000076293945,1443.633344523112,1.0,0,1,1.0,1.0,1.0,1,1,1,1,1,0,6,0,0.0,0.06484715880012923,901.648338687012,675.1803584809567,1,0,0,2024-04-07,72.16333368937175,72.20000076293945,144.36333445231122,5.02915341742693e-09,0
38,85.6400012969971,664.0333346048991,664.4000053405762,1328.4333399454754,1.0,0,1,1.0,1.0,1.0,1,1,1,1,1,6,0,0,0.0,0.0,794.8661365509033,742.2599849334716,1,0,0,2024-04-07,66.40333346048992,66.44000053405762,132.84333399454755,1.4357880097412305e-09,0
39,108.47000120347913,617.3333338419596,617.7000045776367,1235.0333384195965,1.0,0,1,1.0,1.0,1.0,1,1,1,1,1,0,0,6,0.0,0.0,816.6081237620729,719.9631881519896,1,0,0,2024-04-07,61.733333384195966,61.77000045776367,123.50333384195966,1.3946179358495367e-11,0
40,123.42774354255766,659.0333346048991,659.4000053405762,1318.4333399454754,1.0,0,1,1.0,1.0,1.0,1,1,1,1,1,6,0,0,0.0,0.014568969803062928,795.9655243042764,649.7932265746298,1,0,0,2024-04-07,65.90333346048992,65.94000053405762,131.84333399454755,1.1666597667556806e-09,0
41,98.6100006103515,597.4733370463053,601.1000061035156,1198.573343149821,1.0,0,1,1.0,1.0,1.0,1,1,1,1,1,0,0,6,0.0,0.0,742.8386383056641,663.1716384521485,1,0,0,2024-04-07,59.747333704630535,60.11000061035156,119.85733431498211,4.742589945428364e-17,0
42,149.37474382543942,624.3400032043457,639.6000061035156,1263.9400093078614,1.0,0,1,1.0,1.0,1.0,1,1,1,1,1,6,0,0,0.0,0.17391144343190487,737.6372560324706,528.366245822998,1,0,0,2024-04-07,62.43400032043458,63.960000610351564,126.39400093078615,2.551429231390499e-09,0
43,80.96000061035157,523.600001525879,534.6000061035156,1058.2000076293946,1.0,0,1,1.0,1.0,1.0,1,1,1,1,1,6,0,0,0.0,0.0,686.2562652587891,594.2614577880859,1,0,0,2024-04-07,52.3600001525879,53.460000610351564,105.82000076293946,1.441957006024621e-09,0
44,48.055920611572176,468.6000015258789,479.6000061035156,948.2000076293946,1.0,0,1,1.0,1.0,1.0,1,1,1,1,1,0,0,6,0.0,0.0,610.0866823303222,587.135691595459,1,0,0,2024-04-07,46.860000152587894,47.960000610351564,94.82000076293946,1.0170379369246187e-09,0
45,44.26271126280208,396.96667226155597,407.6000061035156,804.5666783650715,1.0,0,1,1.0,1.0,1.0,1,1,1,1,1,0,0,6,0.0,0.0,586.1079871417083,589.2161934246978,1,0,0,2024-04-07,39.6966672261556,40.76000061035157,80.45666783650717,8.594850300578026e-10,0
46,60.56000061035157,385.6000061035156,385.6000061035156,771.2000122070312,1.0,0,1,1.0,1.0,1.0,1,1,1,1,1,0,0,6,0.0,0.0,546.8600189208985,519.6316115966796,1,0,0,2024-04-07,38.560000610351565,38.560000610351565,77.12000122070313,9.89288681407059e-10,0
47,117.56321078068686,374.7000045776367,374.7000045776367,749.4000091552734,1.0,0,1,1.0,1.0,1.0,1,1,1,1,1,6,0,0,0.0,0.0,576.3632290912337,435.12840142634434,1,0,0,2024-04-07,37.470000457763675,37.470000457763675,74.94000091552735,1.663991776675657e-09,0
0,-250.7600023905436,0.0,259.4000015258789,259.4000015258789,0.0,6,0,0.0,1.0,1.0,1,0,1,0,1,6,0,0,0.0,0.0,0.0,517.4515993387859,1,0,1,2024-04-07,0.0,25.940000152587892,25.940000152587892,2.8431308218904568e-08,0
1,-125.95999946594247,0.0,278.60000228881836,278.60000228881836,0.0,6,0,1.0,1.0,0.0,1,0,0,1,1,0,0,6,0.0,0.0,34.80124626159659,399.15159641418467,1,0,1,2024-04-07,0.0,27.860000228881837,27.860000228881837,1.3692383861379477e-09,0
2,0.0,0.0,0.0,0.0,1.0,0,1,1.0,1.0,0.0,1,1,0,1,1,0,0,6,0.0,0.0,151.9977264404297,273.1915969482422,0,0,1,2024-04-07,0.0,0.0,0.0,0.0,0
3,0.0,0.0,0.0,0.0,1.0,0,1,1.0,1.0,0.0,1,1,0,1,1,0,0,6,0.0,0.0,144.77387996826172,245.6915969482422,0,0,1,2024-04-07,0.0,0.0,0.0,0.0,0
4,0.0,0.0,0.0,0.0,1.0,0,1,1.0,1.0,0.0,1,1,0,1,1,0,0,6,0.0,0.0,136.72004696044922,215.98860927734376,0,0,1,2024-04-07,0.0,0.0,0.0,0.0,0
5,0.0,0.0,0.0,0.0,1.0,0,1,1.0,1.0,0.0,1,1,0,1,1,0,0,6,0.0,0.0,128.29392238769532,190.6915969482422,0,0,1,2024-04-07,0.0,0.0,0.0,0.0,0
6,0.0,0.0,0.0,0.0,1.0,0,1,1.0,1.0,0.0,1,1,0,1,1,0,0,6,0.0,0.0,133.01612087402344,190.6915969482422,0,0,1,2024-04-07,0.0,0.0,0.0,0.0,0
7,0.0,0.0,0.0,0.0,1.0,0,1,1.0,1.0,0.0,1,1,0,1,1,0,0,6,0.0,0.0,136.20012661132813,190.6915969482422,0,0,1,2024-04-07,0.0,0.0,0.0,0.0,0
8,0.0,0.0,0.0,0.0,1.0,0,1,1.0,1.0,0.0,1,1,0,1,1,0,0,6,0.0,0.0,137.55086513671876,190.6915969482422,0,0,1,2024-04-07,0.0,0.0,0.0,0.0,0
9,0.0,0.0,0.0,0.0,1.0,0,1,1.0,1.0,0.0,1,1,0,1,1,0,0,6,0.0,0.0,140.32940670166016,190.6915969482422,0,0,1,2024-04-07,0.0,0.0,0.0,0.0,0
10,0.0,0.0,0.0,0.0,1.0,0,1,1.0,1.0,0.0,1,1,0,1,1,0,0,6,0.0,0.0,140.6915969482422,189.88791652832032,0,0,1,2024-04-07,0.0,0.0,0.0,0.0,0
11,0.0,0.0,0.0,0.0,1.0,0,1,1.0,1.0,0.0,1,1,0,1,1,0,0,6,0.0,0.0,156.2418899169922,174.78983303222657,0,0,1,2024-04-07,0.0,0.0,0.0,0.0,0
12,0.0,0.0,0.0,0.0,1.0,0,1,1.0,1.0,0.0,1,1,0,1,1,0,0,6,0.0,0.0,184.0747298828125,161.58019252929688,0,0,1,2024-04-07,0.0,0.0,0.0,0.0,0
13,0.0,0.0,0.0,0.0,1.0,0,1,1.0,1.0,0.0,1,1,0,1,1,0,0,6,0.0,0.0,218.1915969482422,186.17119594726563,0,0,1,2024-04-07,0.0,0.0,0.0,0.0,0
14,0.0,0.0,0.0,0.0,1.0,0,1,1.0,1.0,0.0,1,1,0,1,1,0,0,6,0.0,0.0,267.8159103027344,254.13846584472657,0,0,1,2024-04-07,0.0,0.0,0.0,0.0,0
15,0.0,0.0,0.0,0.0,1.0,0,1,1.0,1.0,0.0,1,1,0,1,1,0,0,6,0.0,0.0,335.6690597167969,313.2800521484375,0,0,1,2024-04-07,0.0,0.0,0.0,0.0,0
16,0.0,0.0,0.0,0.0,1.0,0,1,1.0,1.0,0.0,1,1,0,1,1,0,0,6,0.0,0.0,463.8933333984375,403.22295375976563,0,0,1,2024-04-07,0.0,0.0,0.0,0.0,0
17,93.70000457763669,291.2000045776367,250.0,541.2000045776367,1.0,0,1,1.0,1.0,1.0,1,1,1,1,1,0,0,6,0.0,0.0,626.4762420288085,375.2590942016602,1,0,1,2024-04-07,29.120000457763673,25.0,54.12000045776367,5.251609236881821e-17,0
18,49.976773977307424,307.7000045776367,307.70000084809726,615.400005425734,1.0,0,1,1.0,1.0,1.0,1,1,1,1,1,6,0,0,0.0,0.0,603.7864175430575,451.9612676730832,1,0,1,2024-04-07,30.770000457763672,30.770000084809727,61.5400005425734,2.711988625123651e-09,0
19,56.0650005340576,354.4000053405762,331.48333867390954,685.8833440144857,1.0,0,1,1.0,1.0,1.0,1,1,1,1,1,6,0,0,0.0,0.0,544.3596172332764,460.62328525695796,1,0,1,2024-04-07,35.44000053405762,33.14833386739095,68.58833440144858,2.780864465140536e-09,0
20,45.88000068664555,458.8000068664551,458.8000068664551,917.6000137329102,1.0,0,1,1.0,1.0,1.0,1,1,1,1,1,0,2,4,0.0,0.0,508.66314133246743,467.2817653289794,1,0,1,2024-04-07,45.88000068664551,45.88000068664551,91.76000137329102,0.019444443867047863,0
21,64.52000160217287,453.200008392334,453.200008392334,906.400016784668,1.0,0,1,1.0,1.0,1.0,1,1,1,1,1,0,6,0,0.0,0.0,493.24605877563863,475.1643169036864,1,0,1,2024-04-07,45.3200008392334,45.3200008392334,90.6400016784668,0.003333335914622973,0
22,53.081676239418,523.9000015258789,530.700008392334,1054.600009918213,1.0,0,1,1.0,1.0,1.0,1,1,1,1,1,0,0,6,0.08207825399765202,0.056156339026581494,480.89920413126754,500.89783879964443,1,0,1,2024-04-07,52.390000152587895,53.0700008392334,105.46000099182129,2.311172888816379e-10,0
23,97.02000160217284,503.200008392334,503.200008392334,1006.400016784668,1.0,0,1,1.0,1.0,1.0,1,1,1,1,1,0,6,0,0.009824116608197786,0.13907746407208335,498.2565128326416,433.2162273040771,1,0,1,2024-04-07,50.3200008392334,50.3200008392334,100.6400016784668,2.653306888683733e-09,0
24,63.840000915527256,629.8000091552734,638.4000091552734,1268.200018310547,1.0,0,1,1.0,1.0,1.0,1,1,1,1,1,0,0,6,0.21144085791548536,0.22458336210250807,496.63455490430187,495.0259887329102,1,0,1,2024-04-07,62.98000091552734,63.84000091552735,126.8200018310547,6.015922993236214e-10,0
25,99.59000091552731,610.9000091552734,610.9000091552734,1221.8000183105469,1.0,0,1,1.0,1.0,1.0,1,1,1,1,1,0,6,0,0.0,0.0,735.9779386615753,666.8199950805664,1,0,1,2024-04-07,61.09000091552735,61.09000091552735,122.1800018310547,2.497755604868726e-09,0
26,69.94004374657202,699.4000091552734,699.3999615652239,1398.7999707204972,1.0,0,1,1.0,1.0,1.0,1,1,1,1,1,6,0,0,0.0,0.0,750.372660078944,728.4238096713967,1,0,1,2024-04-07,69.94000091552735,69.93999615652238,139.87999707204972,2.2577875148733914e-09,0
27,71.59000091552724,715.9000091552734,715.9000091552734,1431.8000183105469,1.0,0,1,1.0,1.0,1.0,1,1,1,1,1,2,4,0,0.0,0.0,864.8537566772459,777.4874286329671,1,0,1,2024-04-07,71.59000091552734,71.59000091552734,143.18000183105468,0.006666667661326299,0
28,81.37113339591518,715.9000091552734,705.0320841770645,1420.932093332338,1.0,0,1,1.0,1.0,1.0,1,1,1,1,1,6,0,0,0.0,0.0,865.0443740209151,796.6991319714748,1,0,1,2024-04-07,71.59000091552734,70.50320841770645,142.0932093332338,1.054900885773968e-09,0
29,73.24009747053746,732.4000091552734,732.3999018719289,1464.7999110272024,1.0,0,1,1.0,1.0,1.0,1,1,1,1,1,0,0,6,0.0,0.0,892.7872790112174,763.0507579005563,1,0,1,2024-04-07,73.24000091552735,73.2399901871929,146.47999110272025,2.8989558435076975e-10,0
30,113.57000236511233,742.5266787211101,751.700008392334,1494.226687113444,1.0,0,1,1.0,1.0,1.0,1,1,1,1,1,5,1,0,0.0,0.041631747671232046,905.4380226961772,720.4054233184813,1,0,1,2024-04-07,74.25266787211102,75.1700008392334,149.42266871134441,0.01285622469447869,0
31,146.50534281302987,762.3266779581706,706.6607386848495,1468.9874166430202,1.0,0,1,1.0,1.0,1.0,1,1,1,1,1,6,0,0,0.0,0.026803212415406685,950.2339805083424,687.7199608002513,1,0,1,2024-04-07,76.23266779581706,70.66607386848496,146.89874166430204,1.5227210046103641e-09,0
32,94.75000076293951,0.0,837.5000076293945,837.5000076293945,1.0,0,1,1.0,1.0,1.0,1,1,1,1,1,0,0,6,0.0,0.12420634237801781,899.8125007629395,733.4771949401854,1,0,1,2024-04-07,0.0,83.75000076293946,83.75000076293946,9.109725375236765e-10,0
33,139.57000083923333,839.8966757456461,845.700008392334,1685.59668413798,1.0,0,1,1.0,1.0,1.0,1,1,1,1,1,0,6,0,0.0,0.13915109427343758,931.6696102142333,728.0199267974854,1,0,1,2024-04-07,83.98966757456462,84.5700008392334,168.55966841379802,3.847293650254804e-09,0
34,683.9000091552734,908.9000091552734,250.0,1158.9000091552734,1.0,0,1,1.0,1.0,1.0,1,1,1,1,1,0,6,0,0.0,0.0,1480.296127319336,266.79160305175776,1,0,1,2024-04-07,90.89000091552735,25.0,115.89000091552735,1.3166613980460823e-08,0
35,90.60980482670658,840.200008392334,840.200008392334,1680.400016784668,1.0,0,1,1.0,1.0,1.0,1,1,1,1,1,6,0,0,0.0,0.0,1040.6726100024878,880.4038288646996,1,0,1,2024-04-07,84.0200008392334,84.0200008392334,168.0400016784668,1.535713403612018e-09,0
36,85.12000083923337,842.600008392334,851.200008392334,1693.800016784668,1.0,0,1,1.0,1.0,1.0,1,1,1,1,1,0,6,0,0.0,0.0,1096.1358089447021,929.181291543579,1,0,1,2024-04-07,84.2600008392334,85.1200008392334,169.3800016784668,1.1260766574172786e-09,0
37,164.12258185107456,721.6333368937175,722.0000076293945,1443.633344523112,1.0,0,1,1.0,1.0,1.0,1,1,1,1,1,0,6,0,0.0,0.0,1147.004539858887,811.4766841645504,1,0,1,2024-04-07,72.16333368937175,72.20000076293945,144.36333445231122,5.02915341742693e-09,0
38,85.6400012969971,664.0333346048991,664.4000053405762,1328.4333399454754,1.0,0,1,1.0,1.0,1.0,1,1,1,1,1,6,0,0,0.0,0.0,1105.6152820587158,934.9497432342529,1,0,1,2024-04-07,66.40333346048992,66.44000053405762,132.84333399454755,1.4357880097412305e-09,0
39,108.47000120347913,617.3333338419596,617.7000045776367,1235.0333384195965,1.0,0,1,1.0,1.0,1.0,1,1,1,1,1,0,0,6,0.0,0.0,1136.7242702915885,966.2573165699584,1,0,1,2024-04-07,61.733333384195966,61.77000045776367,123.50333384195966,1.3946179358495367e-11,0
40,123.42774354255766,659.0333346048991,659.4000053405762,1318.4333399454754,1.0,0,1,1.0,1.0,1.0,1,1,1,1,1,6,0,0,0.0,0.0,1132.939816296464,959.4527724730674,1,0,1,2024-04-07,65.90333346048992,65.94000053405762,131.84333399454755,1.1666597667556806e-09,0
41,98.6100006103515,597.4733370463053,601.1000061035156,1198.573343149821,1.0,0,1,1.0,1.0,1.0,1,1,1,1,1,0,0,6,0.0,0.0,984.824516690572,877.3181228271485,1,0,1,2024-04-07,59.747333704630535,60.11000061035156,119.85733431498211,4.742589945428364e-17,0
42,149.37474382543942,624.3400032043457,639.6000061035156,1263.9400093078614,1.0,0,1,1.0,1.0,1.0,1,1,1,1,1,6,0,0,0.0,0.0,1030.6846353545227,798.0797467995606,1,0,1,2024-04-07,62.43400032043458,63.960000610351564,126.39400093078615,2.551429231390499e-09,0
43,80.96000061035157,523.600001525879,534.6000061035156,1058.2000076293946,1.0,0,1,1.0,1.0,1.0,1,1,1,1,1,6,0,0,0.0,0.0,802.4716643619537,752.4277785888671,1,0,1,2024-04-07,52.3600001525879,53.460000610351564,105.82000076293946,1.441957006024621e-09,0
44,48.055920611572176,468.6000015258789,479.6000061035156,948.2000076293946,1.0,0,1,1.0,1.0,1.0,1,1,1,1,1,0,0,6,0.0,0.0,682.7248659240722,685.260447454834,1,0,1,2024-04-07,46.860000152587894,47.960000610351564,94.82000076293946,1.0170379369246187e-09,0
45,44.26271126280208,396.96667226155597,407.6000061035156,804.5666783650715,1.0,0,1,1.0,1.0,1.0,1,1,1,1,1,0,0,6,0.0,0.0,652.5183875323333,629.4699776043853,1,0,1,2024-04-07,39.6966672261556,40.76000061035157,80.45666783650717,8.594850300578026e-10,0
46,60.56000061035157,385.6000061035156,385.6000061035156,771.2000122070312,1.0,0,1,1.0,1.0,1.0,1,1,1,1,1,0,0,6,0.0,0.0,535.9048492431641,474.0375564208984,1,0,1,2024-04-07,38.560000610351565,38.560000610351565,77.12000122070313,9.89288681407059e-10,0
47,117.56321078068686,374.7000045776367,374.7000045776367,749.4000091552734,1.0,0,1,1.0,1.0,1.0,1,1,1,1,1,6,0,0,0.0,0.0,677.9040921283431,499.47849908259434,1,0,1,2024-04-07,37.470000457763675,37.470000457763675,74.94000091552735,1.663991776675657e-09,0
0,-250.7600023905436,0.0,259.4000015258789,259.4000015258789,0.0,6,0,0.0,1.0,1.0,1,0,1,0,1,6,0,0,0.0,0.0,25.429657969156892,543.151596287028,1,0,2,2024-04-07,0.0,25.940000152587892,25.940000152587892,2.8431308218904568e-08,0
1,-125.95999946594247,0.0,278.60000228881836,278.60000228881836,0.0,6,0,1.0,1.0,0.0,1,0,0,1,1,0,0,6,0.0,0.0,133.50112113952628,445.85159336242685,1,0,2,2024-04-07,0.0,27.860000228881837,27.860000228881837,1.3692383861379477e-09,0
2,0.0,0.0,0.0,0.0,1.0,0,1,1.0,1.0,0.0,1,1,0,1,1,0,0,6,0.0,0.0,253.793212890625,319.8915938964844,0,0,2,2024-04-07,0.0,0.0,0.0,0.0,0
3,0.0,0.0,0.0,0.0,1.0,0,1,1.0,1.0,0.0,1,1,0,1,1,0,0,6,0.0,0.0,277.93001552734376,297.3915938964844,0,0,2,2024-04-07,0.0,0.0,0.0,0.0,0
4,0.0,0.0,0.0,0.0,1.0,0,1,1.0,1.0,0.0,1,1,0,1,1,0,0,6,0.0,0.0,294.284812890625,297.3915938964844,0,0,2,2024-04-07,0.0,0.0,0.0,0.0,0
5,0.0,0.0,0.0,0.0,1.0,0,1,1.0,1.0,0.0,1,1,0,1,1,0,0,6,0.0,0.0,269.8915938964844,269.8915938964844,0,0,2,2024-04-07,0.0,0.0,0.0,0.0,0
6,0.0,0.0,0.0,0.0,1.0,0,1,1.0,1.0,0.0,1,1,0,1,1,0,0,6,0.0,0.0,250.6915969482422,250.6915969482422,0,0,2,2024-04-07,0.0,0.0,0.0,0.0,0
7,0.0,0.0,0.0,0.0,1.0,0,1,1.0,1.0,0.0,1,1,0,1,1,0,0,6,0.0,0.0,250.6915969482422,250.6915969482422,0,0,2,2024-04-07,0.0,0.0,0.0,0.0,0
8,0.0,0.0,0.0,0.0,1.0,0,1,1.0,1.0,0.0,1,1,0,1,1,0,0,6,0.0,0.0,206.6915969482422,206.6915969482422,0,0,2,2024-04-07,0.0,0.0,0.0,0.0,0
9,0.0,0.0,0.0,0.0,1.0,0,1,1.0,1.0,0.0,1,1,0,1,1,0,0,6,0.0,0.0,206.6915969482422,202.2146224609375,0,0,2,2024-04-07,0.0,0.0,0.0,0.0,0
10,0.0,0.0,0.0,0.0,1.0,0,1,1.0,1.0,0.0,1,1,0,1,1,0,0,6,0.0,0.0,206.6915969482422,197.46738430175782,0,0,2,2024-04-07,0.0,0.0,0.0,0.0,0
11,0.0,0.0,0.0,0.0,1.0,0,1,1.0,1.0,0.0,1,1,0,1,1,0,0,6,0.0,0.0,206.6915969482422,195.5502395263672,0,0,2,2024-04-07,0.0,0.0,0.0,0.0,0
12,0.0,0.0,0.0,0.0,1.0,0,1,1.0,1.0,0.0,1,1,0,1,1,0,0,6,0.0,0.0,179.1915969482422,161.75598903808594,0,0,2,2024-04-07,0.0,0.0,0.0,0.0,0
13,0.0,0.0,0.0,0.0,1.0,0,1,1.0,1.0,0.0,1,1,0,1,1,0,0,6,0.0,0.0,179.1915969482422,144.05204006347657,0,0,2,2024-04-07,0.0,0.0,0.0,0.0,0
14,0.0,0.0,0.0,0.0,1.0,0,1,1.0,1.0,0.0,1,1,0,1,1,0,0,6,0.0,0.0,188.32952114257813,172.5862502685547,0,0,2,2024-04-07,0.0,0.0,0.0,0.0,0
15,0.0,0.0,0.0,0.0,1.0,0,1,1.0,1.0,0.0,1,1,0,1,1,0,0,6,0.0,0.0,191.179832421875,155.77483364257813,0,0,2,2024-04-07,0.0,0.0,0.0,0.0,0
16,0.0,0.0,0.0,0.0,1.0,0,1,1.0,1.0,0.0,1,1,0,1,1,0,0,6,0.0,0.0,285.5915755859375,277.3102492919922,0,0,2,2024-04-07,0.0,0.0,0.0,0.0,0
17,93.70000457763669,291.2000045776367,250.0,541.2000045776367,1.0,0,1,1.0,1.0,1.0,1,1,1,1,1,0,0,6,0.0,0.0,500.5243072143554,259.6795043579102,1,0,2,2024-04-07,29.120000457763673,25.0,54.12000045776367,5.251609236881821e-17,0
18,49.976773977307424,307.7000045776367,307.70000084809726,615.400005425734,1.0,0,1,1.0,1.0,1.0,1,1,1,1,1,6,0,0,0.0,0.0,550.4885766140262,425.48345620272323,1,0,2,2024-04-07,30.770000457763672,30.770000084809727,61.5400005425734,2.711988625123651e-09,0
19,56.0650005340576,354.4000053405762,331.48333867390954,685.8833440144857,1.0,0,1,1.0,1.0,1.0,1,1,1,1,1,6,0,0,0.0,0.0,593.3463344207763,491.2830219268799,1,0,2,2024-04-07,35.44000053405762,33.14833386739095,68.58833440144858,2.780864465140536e-09,0
20,45.88000068664555,458.8000068664551,458.8000068664551,917.6000137329102,1.0,0,1,1.0,1.0,1.0,1,1,1,1,1,0,2,4,0.0,0.0,524.3842044464112,491.843933666578,1,0,2,2024-04-07,45.88000068664551,45.88000068664551,91.76000137329102,0.019444443867047863,0
21,64.52000160217287,453.200008392334,453.200008392334,906.400016784668,1.0,0,1,1.0,1.0,1.0,1,1,1,1,1,0,6,0,0.0,0.0,624.1978808990478,577.1321987285949,1,0,2,2024-04-07,45.3200008392334,45.3200008392334,90.6400016784668,0.003333335914622973,0
22,53.081676239418,523.9000015258789,530.700008392334,1054.600009918213,1.0,0,1,1.0,1.0,1.0,1,1,1,1,1,0,0,6,0.0,0.0,708.069614130043,682.5761606746445,1,0,2,2024-04-07,52.390000152587895,53.0700008392334,105.46000099182129,2.311172888816379e-10,0
23,97.02000160217284,503.200008392334,503.200008392334,1006.400016784668,1.0,0,1,1.0,1.0,1.0,1,1,1,1,1,0,6,0,0.0,0.0,803.3231250396727,691.1287085767553,1,0,2,2024-04-07,50.3200008392334,50.3200008392334,100.6400016784668,2.653306888683733e-09,0
24,63.840000915527256,629.8000091552734,638.4000091552734,1268.200018310547,1.0,0,1,1.0,1.0,1.0,1,1,1,1,1,0,0,6,0.0,0.0,763.3533294311522,715.223719956952,1,0,2,2024-04-07,62.98000091552734,63.84000091552735,126.8200018310547,6.015922993236214e-10,0
25,99.59000091552731,610.9000091552734,610.9000091552734,1221.8000183105469,1.0,0,1,1.0,1.0,1.0,1,1,1,1,1,0,6,0,0.0,0.0,817.8733489624022,715.2245788996196,1,0,2,2024-04-07,61.09000091552735,61.09000091552735,122.1800018310547,2.497755604868726e-09,0
26,69.94004374657202,699.4000091552734,699.3999615652239,1398.7999707204972,1.0,0,1,1.0,1.0,1.0,1,1,1,1,1,6,0,0,0.0,0.0,791.2960846645407,738.5850926483339,1,0,2,2024-04-07,69.94000091552735,69.93999615652238,139.87999707204972,2.2577875148733914e-09,0
27,71.59000091552724,715.9000091552734,715.9000091552734,1431.8000183105469,1.0,0,1,1.0,1.0,1.0,1,1,1,1,1,2,4,0,0.0005778518136082735,0.06597959852276476,715.4863250366209,668.6652139687649,1,0,2,2024-04-07,71.59000091552734,71.59000091552734,143.18000183105468,0.006666667661326299,0
28,81.37113339591518,715.9000091552734,705.0320841770645,1420.932093332338,1.0,0,1,1.0,1.0,1.0,1,1,1,1,1,6,0,0,0.0,0.05459022905881876,736.5802016576339,666.5442212080221,1,0,2,2024-04-07,71.59000091552734,70.50320841770645,142.0932093332338,1.054900885773968e-09,0
29,73.24009747053746,732.4000091552734,732.3999018719289,1464.7999110272024,1.0,0,1,1.0,1.0,1.0,1,1,1,1,1,0,0,6,0.0,0.06470001325071263,745.4412921970999,685.0136185159945,1,0,2,2024-04-07,73.24000091552735,73.2399901871929,146.47999110272025,2.8989558435076975e-10,0
30,113.57000236511233,742.5266787211101,751.700008392334,1494.226687113444,1.0,0,1,1.0,1.0,1.0,1,1,1,1,1,5,1,0,0.0,0.08316707637286222,784.0045173680942,689.1833163848876,1,0,2,2024-04-07,74.25266787211102,75.1700008392334,149.42266871134441,0.01285622469447869,0
31,146.50534281302987,762.3266779581706,706.6607386848495,1468.9874166430202,1.0,0,1,1.0,1.0,1.0,1,1,1,1,1,6,0,0,0.0,0.07219379784484727,795.7437607599408,655.6442161713451,1,0,2,2024-04-07,76.23266779581706,70.66607386848496,146.89874166430204,1.5227210046103641e-09,0
32,94.75000076293951,0.0,837.5000076293945,837.5000076293945,1.0,0,1,1.0,1.0,1.0,1,1,1,1,1,0,0,6,0.0,0.09774893240448529,819.0429695129395,755.6352759948729,1,0,2,2024-04-07,0.0,83.75000076293946,83.75000076293946,9.109725375236765e-10,0
33,139.57000083923333,839.8966757456461,845.700008392334,1685.59668413798,1.0,0,1,1.0,1.0,1.0,1,1,1,1,1,0,6,0,0.004447557051775431,0.18806243214404886,836.1611873626708,686.6556079498291,1,0,2,2024-04-07,83.98966757456462,84.5700008392334,168.55966841379802,3.847293650254804e-09,0
34,683.9000091552734,908.9000091552734,250.0,1158.9000091552734,1.0,0,1,1.0,1.0,1.0,1,1,1,1,1,0,6,0,0.0,0.41003402724609395,1429.1260223388672,147.4914931884765,1,0,2,2024-04-07,90.89000091552735,25.0,115.89000091552735,1.3166613980460823e-08,0
35,90.60980482670658,840.200008392334,840.200008392334,1680.400016784668,1.0,0,1,1.0,1.0,1.0,1,1,1,1,1,6,0,0,0.0,0.14624055293701335,900.1954664446214,717.3286945873558,1,0,2,2024-04-07,84.0200008392334,84.0200008392334,168.0400016784668,1.535713403612018e-09,0
36,85.12000083923337,842.600008392334,851.200008392334,1693.800016784668,1.0,0,1,1.0,1.0,1.0,1,1,1,1,1,0,6,0,0.031744880565326414,0.18905658512938078,815.8517717615763,690.275041543579,1,0,2,2024-04-07,84.2600008392334,85.1200008392334,169.3800016784668,1.1260766574172786e-09,0
37,164.12258185107456,721.6333368937175,722.0000076293945,1443.633344523112,1.0,0,1,1.0,1.0,1.0,1,1,1,1,1,0,6,0,0.0,0.1493036677382237,861.3257678862308,614.2027583833004,1,0,2,2024-04-07,72.16333368937175,72.20000076293945,144.36333445231122,5.02915341742693e-09,0
38,85.6400012969971,664.0333346048991,664.4000053405762,1328.4333399454754,1.0,0,1,1.0,1.0,1.0,1,1,1,1,1,6,0,0,0.0,0.0,746.7137317657471,671.4023189178466,1,0,2,2024-04-07,66.40333346048992,66.44000053405762,132.84333399454755,1.4357880097412305e-09,0
39,108.47000120347913,617.3333338419596,617.7000045776367,1235.0333384195965,1.0,0,1,1.0,1.0,1.0,1,1,1,1,1,0,0,6,0.0,0.09557619254114505,671.0738989085572,558.6625900074583,1,0,2,2024-04-07,61.733333384195966,61.77000045776367,123.50333384195966,1.3946179358495367e-11,0
40,123.42774354255766,659.0333346048991,659.4000053405762,1318.4333399454754,1.0,0,1,1.0,1.0,1.0,1,1,1,1,1,6,0,0,0.0,0.22997947308074346,673.2415944826263,507.75153956291103,1,0,2,2024-04-07,65.90333346048992,65.94000053405762,131.84333399454755,1.1666597667556806e-09,0
41,98.6100006103515,597.4733370463053,601.1000061035156,1198.573343149821,1.0,0,1,1.0,1.0,1.0,1,1,1,1,1,0,0,6,0.0,0.1461906590217874,651.0166697120667,513.2248000732422,1,0,2,2024-04-07,59.747333704630535,60.11000061035156,119.85733431498211,4.742589945428364e-17,0
42,149.37474382543942,624.3400032043457,639.6000061035156,1263.9400093078614,1.0,0,1,1.0,1.0,1.0,1,1,1,1,1,6,0,0,0.0,0.2834233611520109,718.6343540778198,458.32242258081055,1,0,2,2024-04-07,62.43400032043458,63.960000610351564,126.39400093078615,2.551429231390499e-09,0
43,80.96000061035157,523.600001525879,534.6000061035156,1058.2000076293946,1.0,0,1,1.0,1.0,1.0,1,1,1,1,1,6,0,0,0.0,0.15603917693666244,587.4497085205078,451.18146116078833,1,0,2,2024-04-07,52.3600001525879,53.460000610351564,105.82000076293946,1.441957006024621e-09,0
44,48.055920611572176,468.6000015258789,479.6000061035156,948.2000076293946,1.0,0,1,1.0,1.0,1.0,1,1,1,1,1,0,0,6,0.11394034690729846,0.23428454429660667,415.20755479125967,367.2371372289037,1,0,2,2024-04-07,46.860000152587894,47.960000610351564,94.82000076293946,1.0170379369246187e-09,0
45,44.26271126280208,396.96667226155597,407.6000061035156,804.5666783650715,1.0,0,1,1.0,1.0,1.0,1,1,1,1,1,0,0,6,0.0,0.09446792529783041,416.09824436827085,369.0948791755335,1,0,2,2024-04-07,39.6966672261556,40.76000061035157,80.45666783650717,8.594850300578026e-10,0
46,60.56000061035157,385.6000061035156,385.6000061035156,771.2000122070312,1.0,0,1,1.0,1.0,1.0,1,1,1,1,1,0,0,6,0.0,0.19609904878704892,425.8040703437169,309.98421169433595,1,0,2,2024-04-07,38.560000610351565,38.560000610351565,77.12000122070313,9.89288681407059e-10,0
47,117.56321078068686,374.7000045776367,374.7000045776367,749.4000091552734,1.0,0,1,1.0,1.0,1.0,1,1,1,1,1,6,0,0,0.0,0.3647494197627905,459.82880526310873,238.02839532282877,1,0,2,2024-04-07,37.470000457763675,37.470000457763675,74.94000091552735,1.663991776675657e-09,0
0,-250.7600023905436,0.0,259.4000015258789,259.4000015258789,0.0,6,0,0.0,0.0,1.0,1,0,1,0,0,4,2,0,0.0,0.0,1.634115594482438,562.8516084940593,1,1,0,2024-04-07,0.0,25.940000152587892,25.940000152587892,0.004166686315314998,0
1,-125.95999946594247,0.0,278.60000228881836,278.60000228881836,0.3333333333333333,4,0,1.0,0.25,0.5,1,0,0,1,0,0,4,2,0.0,0.0,61.160163497924714,457.25161777648935,1,1,0,2024-04-07,0.0,27.860000228881837,27.860000228881837,0.023333333196409855,0
2,0.0,0.0,0.0,0.0,1.0,0,1,1.0,1.0,0.0,1,1,0,1,1,0,0,6,0.0,0.0,168.43145751953125,320.2916183105469,0,1,0,2024-04-07,0.0,0.0,0.0,0.0,0
3,0.0,0.0,0.0,0.0,1.0,0,1,1.0,1.0,0.0,1,1,0,1,1,0,0,6,0.0,0.0,234.7755568173828,320.2916183105469,0,1,0,2024-04-07,0.0,0.0,0.0,0.0,0
4,0.0,0.0,0.0,0.0,1.0,0,1,1.0,1.0,0.0,1,1,0,1,1,0,0,6,0.0,0.0,255.75708767089844,320.2916183105469,0,1,0,2024-04-07,0.0,0.0,0.0,0.0,0
5,0.0,0.0,0.0,0.0,1.0,0,1,1.0,1.0,0.0,1,1,0,1,1,0,0,6,0.0,0.0,263.23014064941407,296.8930892578125,0,1,0,2024-04-07,0.0,0.0,0.0,0.0,0
6,0.0,0.0,0.0,0.0,1.0,0,1,1.0,1.0,0.0,1,1,0,1,1,0,0,6,0.0,0.0,241.44303127441407,254.3639602294922,0,1,0,2024-04-07,0.0,0.0,0.0,0.0,0
7,0.0,0.0,0.0,0.0,1.0,0,1,1.0,1.0,0.0,1,1,0,1,1,0,0,6,0.0,0.0,242.99535366210938,215.29160305175782,0,1,0,2024-04-07,0.0,0.0,0.0,0.0,0
8,0.0,0.0,0.0,0.0,1.0,0,1,1.0,1.0,0.0,1,1,0,1,1,0,0,6,0.0,0.0,244.8598861328125,215.29160305175782,0,1,0,2024-04-07,0.0,0.0,0.0,0.0,0
9,0.0,0.0,0.0,0.0,1.0,0,1,1.0,1.0,0.0,1,1,0,1,1,0,0,6,0.0,0.0,222.45885463867188,215.29160305175782,0,1,0,2024-04-07,0.0,0.0,0.0,0.0,0
10,0.0,0.0,0.0,0.0,1.0,0,1,1.0,1.0,0.0,1,1,0,1,1,0,0,6,0.0,0.0,242.10782619628907,215.29160305175782,0,1,0,2024-04-07,0.0,0.0,0.0,0.0,0
11,0.0,0.0,0.0,0.0,1.0,0,1,1.0,1.0,0.0,1,1,0,1,1,0,0,6,0.0,0.0,203.3734817138672,215.29160305175782,0,1,0,2024-04-07,0.0,0.0,0.0,0.0,0
12,0.0,0.0,0.0,0.0,1.0,0,1,1.0,1.0,0.0,1,1,0,1,1,0,0,6,0.0,0.0,211.80579372558594,215.29160305175782,0,1,0,2024-04-07,0.0,0.0,0.0,0.0,0
13,0.0,0.0,0.0,0.0,1.0,0,1,1.0,1.0,0.0,1,1,0,1,1,0,0,6,0.0,0.0,215.29158779296876,215.29158779296876,0,1,0,2024-04-07,0.0,0.0,0.0,0.0,0
14,0.0,0.0,0.0,0.0,1.0,0,1,1.0,1.0,0.0,1,1,0,1,1,0,0,6,0.0,0.0,215.29158779296876,215.29158779296876,0,1,0,2024-04-07,0.0,0.0,0.0,0.0,0
15,0.0,0.0,0.0,0.0,1.0,0,1,1.0,1.0,0.0,1,1,0,1,1,0,0,6,0.0,0.0,277.1937179199219,282.82242580566407,0,1,0,2024-04-07,0.0,0.0,0.0,0.0,0
16,0.0,0.0,0.0,0.0,1.0,0,1,1.0,1.0,0.0,1,1,0,1,1,0,0,6,0.0,0.0,293.687156640625,276.2916030517578,0,1,0,2024-04-07,0.0,0.0,0.0,0.0,0
17,93.70000457763669,291.2000045776367,250.0,541.2000045776367,1.0,0,1,1.0,1.0,1.0,1,1,1,1,1,0,1,5,0.0,0.0,456.19978328857417,251.29159542236332,1,1,0,2024-04-07,29.120000457763673,25.0,54.12000045776367,0.001539788112130028,0
18,49.976773977307424,307.7000045776367,307.70000084809726,615.400005425734,1.0,0,1,1.0,1.0,1.0,1,1,1,1,1,6,0,0,0.0,0.0,445.50209590113553,352.6148016086301,1,1,0,2024-04-07,30.770000457763672,30.770000084809727,61.5400005425734,2.711988625123651e-09,0
19,56.0650005340576,354.4000053405762,331.48333867390954,685.8833440144857,0.8333333333333334,1,0,1.0,0.6666666666666666,1.0,0,0,1,1,0,3,3,0,0.0,0.0,436.0562428105672,357.2207889190674,1,1,0,2024-04-07,35.44000053405762,33.14833386739095,68.58833440144858,0.08546250160896184,0
20,45.88000068664555,458.8000068664551,458.8000068664551,917.6000137329102,0.8333333333333334,1,0,1.0,0.0,1.0,0,0,1,1,0,0,1,5,0.0,0.064768153417743,498.284970135966,429.084377633667,1,1,0,2024-04-07,45.88000068664551,45.88000068664551,91.76000137329102,0.08307916749150067,0
21,64.52000160217287,453.200008392334,453.200008392334,906.400016784668,1.0,0,1,1.0,1.0,1.0,1,1,1,1,1,0,6,0,0.0,8.420876383268936e-05,548.6867496490479,453.1618449798583,1,1,0,2024-04-07,45.3200008392334,45.3200008392334,90.6400016784668,2.946037091169704e-09,0
22,53.081676239418,523.9000015258789,530.700008392334,1054.600009918213,1.0,0,1,1.0,1.0,1.0,1,1,1,1,1,0,0,6,0.0,0.0,618.1569936222305,586.0846674129257,1,1,0,2024-04-07,52.390000152587895,53.0700008392334,105.46000099182129,2.311172888816379e-10,0
23,97.02000160217284,503.200008392334,503.200008392334,1006.400016784668,1.0,0,1,1.0,1.0,1.0,1,1,1,1,1,5,1,0,0.0,0.0,718.8415958404541,589.7851970306397,1,1,0,2024-04-07,50.3200008392334,50.3200008392334,100.6400016784668,0.35666665754434496,0
24,63.840000915527256,629.8000091552734,638.4000091552734,1268.200018310547,1.0,0,1,1.0,1.0,1.0,1,1,1,1,1,5,0,1,0.0,0.0,706.9472396850585,709.6515380493164,1,1,0,2024-04-07,62.98000091552734,63.84000091552735,126.8200018310547,0.24964139620329082,0
25,99.59000091552731,610.9000091552734,610.9000091552734,1221.8000183105469,1.0,0,1,1.0,1.0,1.0,1,1,1,1,1,4,2,0,0.0,0.0,758.480564880371,754.1016112915039,1,1,0,2024-04-07,61.09000091552735,61.09000091552735,122.1800018310547,0.26374999646541564,0
26,69.94004374657202,699.4000091552734,699.3999615652239,1398.7999707204972,1.0,0,1,1.0,1.0,1.0,1,1,1,1,1,6,0,0,0.0,0.0,786.5620530239157,849.6515318393655,1,1,0,2024-04-07,69.94000091552735,69.93999615652238,139.87999707204972,2.2577875148733914e-09,0
27,71.59000091552724,715.9000091552734,715.9000091552734,1431.8000183105469,1.0,0,1,1.0,1.0,1.0,1,1,1,1,1,2,4,0,0.0,0.0,849.0032089233398,925.5016357055665,1,1,0,2024-04-07,71.59000091552734,71.59000091552734,143.18000183105468,0.07791666537005683,0
28,81.37113339591518,715.9000091552734,705.0320841770645,1420.932093332338,1.0,0,1,1.0,1.0,1.0,1,1,1,1,1,4,2,0,0.0,0.0,897.6044326146651,977.5112207693496,1,1,0,2024-04-07,71.59000091552734,70.50320841770645,142.0932093332338,0.027697584695925623,0
29,73.24009747053746,732.4000091552734,732.3999018719289,1464.7999110272024,1.0,0,1,1.0,1.0,1.0,1,1,1,1,1,0,1,5,0.0,0.0,837.5302814549124,956.0117639198838,1,1,0,2024-04-07,73.24000091552735,73.2399901871929,146.47999110272025,1.6663018327733085e-05,0
30,113.57000236511233,742.5266787211101,751.700008392334,1494.226687113444,1.0,0,1,1.0,1.0,1.0,1,1,1,1,1,6,0,0,0.0,0.0,837.4359920135498,874.2215854278563,1,1,0,2024-04-07,74.25266787211102,75.1700008392334,149.42266871134441,1.7870702849482074e-09,0
31,146.50534281302987,762.3266779581706,706.6607386848495,1468.9874166430202,1.0,0,1,1.0,1.0,1.0,1,1,1,1,1,6,0,0,0.0,0.0,787.6930869536549,769.2863060150951,1,1,0,2024-04-07,76.23266779581706,70.66607386848496,146.89874166430204,1.5227210046103641e-09,0
32,94.75000076293951,0.0,837.5000076293945,837.5000076293945,1.0,0,1,1.0,1.0,1.0,1,1,1,1,1,0,0,6,0.0,0.03935326479279704,716.017945098877,804.5416480651854,1,1,0,2024-04-07,0.0,83.75000076293946,83.75000076293946,9.109725375236765e-10,0
33,139.57000083923333,839.8966757456461,845.700008392334,1685.59668413798,1.0,0,1,1.0,1.0,1.0,1,1,1,1,1,0,6,0,0.2008965870000721,0.1992176406900099,671.1643001556396,677.2216479888916,1,1,0,2024-04-07,83.98966757456462,84.5700008392334,168.55966841379802,3.847293650254804e-09,0
34,683.9000091552734,908.9000091552734,250.0,1158.9000091552734,1.0,0,1,1.0,1.0,1.0,1,1,1,1,1,0,6,0,0.0,0.896433685449219,1195.3502044677734,25.89157863769526,1,1,0,2024-04-07,90.89000091552735,25.0,115.89000091552735,1.3166613980460823e-08,0
35,90.60980482670658,840.200008392334,840.200008392334,1680.400016784668,1.0,0,1,1.0,1.0,1.0,1,1,1,1,1,6,0,0,0.1421245874189871,0.27281382326636777,720.786928850144,610.9818317943871,1,1,0,2024-04-07,84.0200008392334,84.0200008392334,168.0400016784668,1.535713403612018e-09,0
36,85.12000083923337,842.600008392334,851.200008392334,1693.800016784668,1.0,0,1,1.0,1.0,1.0,1,1,1,1,1,0,6,0,0.1765675082346007,0.27576164151907145,693.8242244720459,616.4716968170166,1,1,0,2024-04-07,84.2600008392334,85.1200008392334,169.3800016784668,1.1260766574172786e-09,0
37,164.12258185107456,721.6333368937175,722.0000076293945,1443.633344523112,1.0,0,1,1.0,1.0,1.0,1,1,1,1,1,0,6,0,0.0,0.14824223087703692,821.5888294096683,614.9691158051754,1,1,0,2024-04-07,72.16333368937175,72.20000076293945,144.36333445231122,5.02915341742693e-09,0
38,85.6400012969971,664.0333346048991,664.4000053405762,1328.4333399454754,1.0,0,1,1.0,1.0,1.0,1,1,1,1,1,6,0,0,0.0,0.022348484762239627,701.4823474884033,649.5516719451904,1,1,0,2024-04-07,66.40333346048992,66.44000053405762,132.84333399454755,1.4357880097412305e-09,0
39,108.47000120347913,617.3333338419596,617.7000045776367,1235.0333384195965,1.0,0,1,1.0,1.0,1.0,1,1,1,1,1,0,0,6,0.0,0.07736969310482725,672.3780212230104,569.9087447926146,1,1,0,2024-04-07,61.733333384195966,61.77000045776367,123.50333384195966,1.3946179358495367e-11,0
40,123.42774354255766,659.0333346048991,659.4000053405762,1318.4333399454754,1.0,0,1,1.0,1.0,1.0,1,1,1,1,1,6,0,0,0.0,0.13396128749225195,726.3349090699014,571.0659316527548,1,1,0,2024-04-07,65.90333346048992,65.94000053405762,131.84333399454755,1.1666597667556806e-09,0
41,98.6100006103515,597.4733370463053,601.1000061035156,1198.573343149821,1.0,0,1,1.0,1.0,1.0,1,1,1,1,1,0,0,6,0.0,0.08540193879781244,671.4476470947266,549.7649001708985,1,1,0,2024-04-07,59.747333704630535,60.11000061035156,119.85733431498211,4.742589945428364e-17,0
42,149.37474382543942,624.3400032043457,639.6000061035156,1263.9400093078614,1.0,0,1,1.0,1.0,1.0,1,1,1,1,1,6,0,0,0.0,0.4052648860804489,632.5074342551269,380.3925824929199,1,1,0,2024-04-07,62.43400032043458,63.960000610351564,126.39400093078615,2.551429231390499e-09,0
43,80.96000061035157,523.600001525879,534.6000061035156,1058.2000076293946,1.0,0,1,1.0,1.0,1.0,1,1,1,1,1,6,0,0,0.06859825528103822,0.239746373651491,487.6819549560547,406.4315932861328,1,1,0,2024-04-07,52.3600001525879,53.460000610351564,105.82000076293946,1.441957006024621e-09,0
44,48.055920611572176,468.6000015258789,479.6000061035156,948.2000076293946,1.0,0,1,1.0,1.0,1.0,1,1,1,1,1,0,0,6,0.12615856325925826,0.19885572177539232,409.4820985900878,384.22880072631847,1,1,0,2024-04-07,46.860000152587894,47.960000610351564,94.82000076293946,1.0170379369246187e-09,0
45,44.26271126280208,396.96667226155597,407.6000061035156,804.5666783650715,1.0,0,1,1.0,1.0,1.0,1,1,1,1,1,0,0,6,0.0,0.09667324515576499,401.2739060959218,368.19599078797916,1,1,0,2024-04-07,39.6966672261556,40.76000061035157,80.45666783650717,8.594850300578026e-10,0
46,60.56000061035157,385.6000061035156,385.6000061035156,771.2000122070312,1.0,0,1,1.0,1.0,1.0,1,1,1,1,1,0,0,6,0.0,0.14255288806214247,391.93124058087665,330.6316115966797,1,1,0,2024-04-07,38.560000610351565,38.560000610351565,77.12000122070313,9.89288681407059e-10,0
47,117.56321078068686,374.7000045776367,374.7000045776367,749.4000091552734,1.0,0,1,1.0,1.0,1.0,1,1,1,1,1,6,0,0,0.0,0.2697400638284502,444.13105325467063,273.6284014263444,1,1,0,2024-04-07,37.470000457763675,37.470000457763675,74.94000091552735,1.663991776675657e-09,0
0,-250.7600023905436,0.0,259.4000015258789,259.4000015258789,0.0,6,0,0.0,0.0,1.0,1,0,1,0,0,4,2,0,0.0,0.0,0.0,435.9515993387858,1,1,1,2024-04-07,0.0,25.940000152587892,25.940000152587892,0.004166686315314998,1
1,-125.95999946594247,0.0,278.60000228881836,278.60000228881836,0.0,6,0,1.0,0.0,0.0,1,0,0,1,0,0,4,2,0.0,0.0,0.0,311.15159641418467,1,1,1,2024-04-07,0.0,27.860000228881837,27.860000228881837,0.023333333196409855,1
2,0.0,0.0,0.0,0.0,1.0,0,1,1.0,1.0,0.0,1,1,0,1,1,0,0,6,0.0,0.0,88.0,185.1915969482422,0,1,1,2024-04-07,0.0,0.0,0.0,0.0,0
3,0.0,0.0,0.0,0.0,1.0,0,1,1.0,1.0,0.0,1,1,0,1,1,0,0,6,0.0,0.0,125.21247698339845,196.1915969482422,0,1,1,2024-04-07,0.0,0.0,0.0,0.0,0
4,0.0,0.0,0.0,0.0,1.0,0,1,1.0,1.0,0.0,1,1,0,1,1,0,0,6,0.0,0.0,126.56947322998047,168.6915969482422,0,1,1,2024-04-07,0.0,0.0,0.0,0.0,0
5,0.0,0.0,0.0,0.0,1.0,0,1,1.0,1.0,0.0,1,1,0,1,1,0,0,6,0.0,0.0,131.78600307617188,168.6915969482422,0,1,1,2024-04-07,0.0,0.0,0.0,0.0,0
6,0.0,0.0,0.0,0.0,1.0,0,1,1.0,1.0,0.0,1,1,0,1,1,0,0,6,0.0,0.0,136.56436153564454,157.6915969482422,0,1,1,2024-04-07,0.0,0.0,0.0,0.0,0
7,0.0,0.0,0.0,0.0,1.0,0,1,1.0,1.0,0.0,1,1,0,1,1,0,0,6,0.0,0.0,155.86875911865235,146.46245571289063,0,1,1,2024-04-07,0.0,0.0,0.0,0.0,0
8,0.0,0.0,0.0,0.0,1.0,0,1,1.0,1.0,0.0,1,1,0,1,1,0,0,6,0.0,0.0,157.6915969482422,132.84534450683594,0,1,1,2024-04-07,0.0,0.0,0.0,0.0,0
9,0.0,0.0,0.0,0.0,1.0,0,1,1.0,1.0,0.0,1,1,0,1,1,0,0,6,0.0,0.0,157.6915969482422,119.47570034179688,0,1,1,2024-04-07,0.0,0.0,0.0,0.0,0
10,0.0,0.0,0.0,0.0,1.0,0,1,1.0,1.0,0.0,1,1,0,1,1,0,0,6,0.0,0.0,157.6915969482422,117.426902734375,0,1,1,2024-04-07,0.0,0.0,0.0,0.0,0
11,0.0,0.0,0.0,0.0,1.0,0,1,1.0,1.0,0.0,1,1,0,1,1,0,0,6,0.0,0.0,157.6915969482422,121.31031032714844,0,1,1,2024-04-07,0.0,0.0,0.0,0.0,0
12,0.0,0.0,0.0,0.0,1.0,0,1,1.0,1.0,0.0,1,1,0,1,1,0,0,6,0.0,0.0,157.6915969482422,121.13179775390626,0,1,1,2024-04-07,0.0,0.0,0.0,0.0,0
13,0.0,0.0,0.0,0.0,1.0,0,1,1.0,1.0,0.0,1,1,0,1,1,0,0,6,0.0,0.0,207.6915969482422,169.17404934082032,0,1,1,2024-04-07,0.0,0.0,0.0,0.0,0
14,0.0,0.0,0.0,0.0,1.0,0,1,1.0,1.0,0.0,1,1,0,1,1,0,0,6,0.0,0.0,281.8915938964844,199.75814052734376,0,1,1,2024-04-07,0.0,0.0,0.0,0.0,0
15,0.0,0.0,0.0,0.0,1.0,0,1,1.0,1.0,0.0,1,1,0,1,1,0,0,6,0.0,0.0,336.8915938964844,244.20305629882813,0,1,1,2024-04-07,0.0,0.0,0.0,0.0,0
16,0.0,0.0,0.0,0.0,1.0,0,1,1.0,1.0,0.0,1,1,0,1,1,0,0,6,0.0,0.0,382.34539028320313,291.8915938964844,0,1,1,2024-04-07,0.0,0.0,0.0,0.0,0
17,93.70000457763669,291.2000045776367,250.0,541.2000045776367,1.0,0,1,1.0,1.0,1.0,1,1,1,1,1,0,1,5,0.0,0.0,552.2703399291992,391.69161983642584,1,1,1,2024-04-07,29.120000457763673,25.0,54.12000045776367,0.001539788112130028,0
18,49.976773977307424,307.7000045776367,307.70000084809726,615.400005425734,1.0,0,1,1.0,1.0,1.0,1,1,1,1,1,6,0,0,0.0,0.0,520.8370753430962,456.12206479222385,1,1,1,2024-04-07,30.770000457763672,30.770000084809727,61.5400005425734,2.711988625123651e-09,0
19,56.0650005340576,354.4000053405762,331.48333867390954,685.8833440144857,1.0,0,1,1.0,1.0,1.0,1,1,1,1,1,3,3,0,0.0,0.0,648.3017787567138,550.7574710479736,1,1,1,2024-04-07,35.44000053405762,33.14833386739095,68.58833440144858,0.08546250160896184,0
20,45.88000068664555,458.8000068664551,458.8000068664551,917.6000137329102,1.0,0,1,1.0,1.0,1.0,1,1,1,1,1,0,1,5,0.0,0.0,710.7054202712377,635.1005519500732,1,1,1,2024-04-07,45.88000068664551,45.88000068664551,91.76000137329102,0.08307916749150067,0
21,64.52000160217287,453.200008392334,453.200008392334,906.400016784668,1.0,0,1,1.0,1.0,1.0,1,1,1,1,1,0,6,0,0.0,0.0,757.7705523662568,630.6716106048583,1,1,1,2024-04-07,45.3200008392334,45.3200008392334,90.6400016784668,2.946037091169704e-09,0
22,53.081676239418,523.9000015258789,530.700008392334,1054.600009918213,1.0,0,1,1.0,1.0,1.0,1,1,1,1,1,0,0,6,0.0,0.0,753.8631932316055,663.1352722118304,1,1,1,2024-04-07,52.390000152587895,53.0700008392334,105.46000099182129,2.311172888816379e-10,0
23,97.02000160217284,503.200008392334,503.200008392334,1006.400016784668,1.0,0,1,1.0,1.0,1.0,1,1,1,1,1,5,1,0,0.0,0.0,775.9305717280299,677.4996745697022,1,1,1,2024-04-07,50.3200008392334,50.3200008392334,100.6400016784668,0.35666665754434496,0
24,63.840000915527256,629.8000091552734,638.4000091552734,1268.200018310547,1.0,0,1,1.0,1.0,1.0,1,1,1,1,1,5,0,1,0.0,0.0,784.0849057327499,869.1515990844727,1,1,1,2024-04-07,62.98000091552734,63.84000091552735,126.8200018310547,0.24964139620329082,0
25,99.59000091552731,610.9000091552734,610.9000091552734,1221.8000183105469,0.8333333333333334,1,0,0.75,1.0,1.0,0,0,1,0,1,4,2,0,0.0,0.0,734.921726989746,985.0015746704103,1,1,1,2024-04-07,61.09000091552735,61.09000091552735,122.1800018310547,0.26374999646541564,0
26,69.94004374657202,699.4000091552734,699.3999615652239,1398.7999707204972,1.0,0,1,1.0,1.0,1.0,1,1,1,1,1,6,0,0,0.03246662495606682,0.0,676.6928513637595,1000.4515806674906,1,1,1,2024-04-07,69.94000091552735,69.93999615652238,139.87999707204972,2.2577875148733914e-09,0
27,71.59000091552724,715.9000091552734,715.9000091552734,1431.8000183105469,1.0,0,1,1.0,1.0,1.0,1,1,1,1,1,2,4,0,0.15530747381035775,0.0,604.7153872325559,998.8015014282228,1,1,1,2024-04-07,71.59000091552734,71.59000091552734,143.18000183105468,0.07791666537005683,0
28,81.37113339591518,715.9000091552734,705.0320841770645,1420.932093332338,1.0,0,1,1.0,1.0,1.0,1,1,1,1,1,4,2,0,0.16753068589600545,0.0,595.9647895885339,969.8204177759599,1,1,1,2024-04-07,71.59000091552734,70.50320841770645,142.0932093332338,0.027697584695925623,0
29,73.24009747053746,732.4000091552734,732.3999018719289,1464.7999110272024,1.0,0,1,1.0,1.0,1.0,1,1,1,1,1,0,1,5,0.1607829774535714,0.0,614.6425549962656,997.1514048732126,1,1,1,2024-04-07,73.24000091552735,73.2399901871929,146.47999110272025,1.6663018327733085e-05,0
30,113.57000236511233,742.5266787211101,751.700008392334,1494.226687113444,1.0,0,1,1.0,1.0,1.0,1,1,1,1,1,6,0,0,0.0,0.0,752.5348461151124,984.7593661895752,1,1,1,2024-04-07,74.25266787211102,75.1700008392334,149.42266871134441,1.7870702849482074e-09,0
31,146.50534281302987,762.3266779581706,706.6607386848495,1468.9874166430202,1.0,0,1,1.0,1.0,1.0,1,1,1,1,1,6,0,0,0.0,0.0,811.7033408599049,927.3501487885327,1,1,1,2024-04-07,76.23266779581706,70.66607386848496,146.89874166430204,1.5227210046103641e-09,0
32,94.75000076293951,0.0,837.5000076293945,837.5000076293945,0.0,6,0,1.0,1.0,0.0,1,0,0,1,1,0,0,6,0.0,0.0,705.6532600402833,921.4413062683104,1,1,1,2024-04-07,0.0,83.75000076293946,83.75000076293946,9.109725375236765e-10,0
33,139.57000083923333,839.8966757456461,845.700008392334,1685.59668413798,0.8333333333333334,1,0,1.0,0.8333333333333334,1.0,0,0,1,1,0,0,6,0,0.2630086611585528,0.1515146646627861,618.9965755462646,717.5640552154541,1,1,1,2024-04-07,83.98966757456462,84.5700008392334,168.55966841379802,3.847293650254804e-09,0
34,683.9000091552734,908.9000091552734,250.0,1158.9000091552734,1.0,0,1,1.0,1.0,1.0,1,1,1,1,1,0,6,0,0.0,0.470110199121094,1231.4566497802734,132.4724502197265,1,1,1,2024-04-07,90.89000091552735,25.0,115.89000091552735,1.3166613980460823e-08,0
35,90.60980482670658,840.200008392334,840.200008392334,1680.400016784668,1.0,0,1,1.0,1.0,1.0,1,1,1,1,1,6,0,0,0.09514771249768339,0.12978067468705715,760.256899553269,731.1582844311058,1,1,1,2024-04-07,84.0200008392334,84.0200008392334,168.0400016784668,1.535713403612018e-09,0
36,85.12000083923337,842.600008392334,851.200008392334,1693.800016784668,1.0,0,1,1.0,1.0,1.0,1,1,1,1,1,0,6,0,0.24759755090570612,0.20327579734196904,633.9743099212646,678.1716479888916,1,1,1,2024-04-07,84.2600008392334,85.1200008392334,169.3800016784668,1.1260766574172786e-09,0
37,164.12258185107456,721.6333368937175,722.0000076293945,1443.633344523112,1.0,0,1,1.0,1.0,1.0,1,1,1,1,1,0,6,0,0.0,0.1402050336692896,743.618309390137,620.7719722504879,1,1,1,2024-04-07,72.16333368937175,72.20000076293945,144.36333445231122,5.02915341742693e-09,0
38,85.6400012969971,664.0333346048991,664.4000053405762,1328.4333399454754,1.0,0,1,1.0,1.0,1.0,1,1,1,1,1,6,0,0,0.08153174012122869,0.09173445142469103,609.8935413360596,603.4516353240966,1,1,1,2024-04-07,66.40333346048992,66.44000053405762,132.84333399454755,1.4357880097412305e-09,0
39,108.47000120347913,617.3333338419596,617.7000045776367,1235.0333384195965,1.0,0,1,1.0,1.0,1.0,1,1,1,1,1,0,0,6,0.0,0.1170740648763147,626.2362365550416,545.3833541676146,1,1,1,2024-04-07,61.733333384195966,61.77000045776367,123.50333384195966,1.3946179358495367e-11,0
40,123.42774354255766,659.0333346048991,659.4000053405762,1318.4333399454754,1.0,0,1,1.0,1.0,1.0,1,1,1,1,1,6,0,0,0.016237864802024052,0.21823321385158712,648.3320404175577,515.4970229613485,1,1,1,2024-04-07,65.90333346048992,65.94000053405762,131.84333399454755,1.1666597667556806e-09,0
41,98.6100006103515,597.4733370463053,601.1000061035156,1198.573343149821,1.0,0,1,1.0,1.0,1.0,1,1,1,1,1,0,0,6,0.028932047493121563,0.20275829713845034,580.1872100830078,479.2219924560547,1,1,1,2024-04-07,59.747333704630535,60.11000061035156,119.85733431498211,4.742589945428364e-17,0
42,149.37474382543942,624.3400032043457,639.6000061035156,1263.9400093078614,1.0,0,1,1.0,1.0,1.0,1,1,1,1,1,6,0,0,0.0,0.30531394990985244,677.3243287863769,444.32120187768555,1,1,1,2024-04-07,62.43400032043458,63.960000610351564,126.39400093078615,2.551429231390499e-09,0
43,80.96000061035157,523.600001525879,534.6000061035156,1058.2000076293946,1.0,0,1,1.0,1.0,1.0,1,1,1,1,1,6,0,0,0.0,0.03735209670772663,589.4912506103516,514.6315749755859,1,1,1,2024-04-07,52.3600001525879,53.460000610351564,105.82000076293946,1.441957006024621e-09,0
44,48.055920611572176,468.6000015258789,479.6000061035156,948.2000076293946,1.0,0,1,1.0,1.0,1.0,1,1,1,1,1,0,0,6,0.0,0.0,509.46502983843476,506.6853131774903,1,1,1,2024-04-07,46.860000152587894,47.960000610351564,94.82000076293946,1.0170379369246187e-09,0
45,44.26271126280208,396.96667226155597,407.6000061035156,804.5666783650715,1.0,0,1,1.0,1.0,1.0,1,1,1,1,1,0,0,6,0.0,0.0,467.1344093673426,481.01306842469785,1,1,1,2024-04-07,39.6966672261556,40.76000061035157,80.45666783650717,8.594850300578026e-10,0
46,60.56000061035157,385.6000061035156,385.6000061035156,771.2000122070312,1.0,0,1,1.0,1.0,1.0,1,1,1,1,1,0,0,6,0.0,0.0,464.81446281835935,417.45976711425783,1,1,1,2024-04-07,38.560000610351565,38.560000610351565,77.12000122070313,9.89288681407059e-10,0
47,117.56321078068686,374.7000045776367,374.7000045776367,749.4000091552734,1.0,0,1,1.0,1.0,1.0,1,1,1,1,1,6,0,0,0.0,0.11496684898475883,527.661005543194,331.6219257367711,1,1,1,2024-04-07,37.470000457763675,37.470000457763675,74.94000091552735,1.663991776675657e-09,0
0,-250.7600023905436,0.0,259.4000015258789,259.4000015258789,0.0,6,0,0.0,0.0,1.0,1,0,1,0,0,4,2,0,0.0,0.0,0.0,502.9515993387858,1,1,2,2024-04-07,0.0,25.940000152587892,25.940000152587892,0.004166686315314998,1
1,-125.95999946594247,0.0,278.60000228881836,278.60000228881836,0.16666666666666666,5,0,1.0,0.25,0.0,1,0,0,1,0,0,4,2,0.0,0.0,0.0,378.15159641418467,1,1,2,2024-04-07,0.0,27.860000228881837,27.860000228881837,0.023333333196409855,0
2,0.0,0.0,0.0,0.0,1.0,0,1,1.0,1.0,0.0,1,1,0,1,1,0,0,6,0.0,0.0,81.2197494506836,252.1915969482422,0,1,2,2024-04-07,0.0,0.0,0.0,0.0,0
3,0.0,0.0,0.0,0.0,1.0,0,1,1.0,1.0,0.0,1,1,0,1,1,0,0,6,0.0,0.0,179.73635698828124,252.1915969482422,0,1,2,2024-04-07,0.0,0.0,0.0,0.0,0
4,0.0,0.0,0.0,0.0,1.0,0,1,1.0,1.0,0.0,1,1,0,1,1,0,0,6,0.0,0.0,278.6008529296875,301.326316796875,0,1,2,2024-04-07,0.0,0.0,0.0,0.0,0
5,0.0,0.0,0.0,0.0,1.0,0,1,1.0,1.0,0.0,1,1,0,1,1,0,0,6,0.0,0.0,365.00643154296876,354.38448330078126,0,1,2,2024-04-07,0.0,0.0,0.0,0.0,0
6,0.0,0.0,0.0,0.0,1.0,0,1,1.0,1.0,0.0,1,1,0,1,1,0,0,6,0.0,0.0,369.51827236328126,346.3247298828125,0,1,2,2024-04-07,0.0,0.0,0.0,0.0,0
7,0.0,0.0,0.0,0.0,1.0,0,1,1.0,1.0,0.0,1,1,0,1,1,0,0,6,0.0,0.0,402.7855453125,355.9191817871094,0,1,2,2024-04-07,0.0,0.0,0.0,0.0,0
8,0.0,0.0,0.0,0.0,1.0,0,1,1.0,1.0,0.0,1,1,0,1,1,0,0,6,0.0,0.0,357.19161220703126,351.9145736328125,0,1,2,2024-04-07,0.0,0.0,0.0,0.0,0
9,0.0,0.0,0.0,0.0,1.0,0,1,1.0,1.0,0.0,1,1,0,1,1,0,0,6,0.0,0.0,384.69161220703126,339.927146875,0,1,2,2024-04-07,0.0,0.0,0.0,0.0,0
10,0.0,0.0,0.0,0.0,1.0,0,1,1.0,1.0,0.0,1,1,0,1,1,0,0,6,0.0,0.0,384.69161220703126,289.98906704101563,0,1,2,2024-04-07,0.0,0.0,0.0,0.0,0
11,0.0,0.0,0.0,0.0,1.0,0,1,1.0,1.0,0.0,1,1,0,1,1,0,0,6,0.0,0.0,384.69161220703126,248.35002895507813,0,1,2,2024-04-07,0.0,0.0,0.0,0.0,0
12,0.0,0.0,0.0,0.0,1.0,0,1,1.0,1.0,0.0,1,1,0,1,1,0,0,6,0.0,0.0,384.69161220703126,233.63626857910157,0,1,2,2024-04-07,0.0,0.0,0.0,0.0,0
13,0.0,0.0,0.0,0.0,1.0,0,1,1.0,1.0,0.0,1,1,0,1,1,0,0,6,0.0,0.0,395.69161220703126,238.5749740234375,0,1,2,2024-04-07,0.0,0.0,0.0,0.0,0
14,0.0,0.0,0.0,0.0,1.0,0,1,1.0,1.0,0.0,1,1,0,1,1,0,0,6,0.0,0.0,449.49691005859376,309.930320703125,0,1,2,2024-04-07,0.0,0.0,0.0,0.0,0
15,0.0,0.0,0.0,0.0,1.0,0,1,1.0,1.0,0.0,1,1,0,1,1,0,0,6,0.0,0.0,452.24922939453126,300.31780239257813,0,1,2,2024-04-07,0.0,0.0,0.0,0.0,0
16,0.0,0.0,0.0,0.0,1.0,0,1,1.0,1.0,0.0,1,1,0,1,1,0,0,6,0.0,0.0,448.987937890625,302.3231124511719,0,1,2,2024-04-07,0.0,0.0,0.0,0.0,0
17,93.70000457763669,291.2000045776367,250.0,541.2000045776367,1.0,0,1,1.0,1.0,1.0,1,1,1,1,1,0,1,5,0.0,0.0,570.4789580932617,309.4400939575196,1,1,2,2024-04-07,29.120000457763673,25.0,54.12000045776367,0.001539788112130028,0
18,49.976773977307424,307.7000045776367,307.70000084809726,615.400005425734,1.0,0,1,1.0,1.0,1.0,1,1,1,1,1,6,0,0,0.0,0.0,759.0073144069949,614.9313319644228,1,1,2,2024-04-07,30.770000457763672,30.770000084809727,61.5400005425734,2.711988625123651e-09,0
19,56.0650005340576,354.4000053405762,331.48333867390954,685.8833440144857,1.0,0,1,1.0,1.0,1.0,1,1,1,1,1,3,3,0,0.0,0.0,694.3002228005091,565.0758304229736,1,1,2,2024-04-07,35.44000053405762,33.14833386739095,68.58833440144858,0.08546250160896184,0
20,45.88000068664555,458.8000068664551,458.8000068664551,917.6000137329102,1.0,0,1,1.0,1.0,1.0,1,1,1,1,1,0,1,5,0.0,0.0,667.084764497757,598.5263942352294,1,1,2,2024-04-07,45.88000068664551,45.88000068664551,91.76000137329102,0.08307916749150067,0
21,64.52000160217287,453.200008392334,453.200008392334,906.400016784668,1.0,0,1,1.0,1.0,1.0,1,1,1,1,1,0,6,0,0.0,0.0,756.8236427264761,686.1203410736083,1,1,2,2024-04-07,45.3200008392334,45.3200008392334,90.6400016784668,2.946037091169704e-09,0
22,53.081676239418,523.9000015258789,530.700008392334,1054.600009918213,1.0,0,1,1.0,1.0,1.0,1,1,1,1,1,0,0,6,0.0,0.0,703.6048476250788,707.9470941707382,1,1,2,2024-04-07,52.390000152587895,53.0700008392334,105.46000099182129,2.311172888816379e-10,0
23,97.02000160217284,503.200008392334,503.200008392334,1006.400016784668,0.8333333333333334,1,0,0.8,1.0,1.0,0,0,1,0,1,5,1,0,0.0,0.0,707.4845054960251,715.5818889251709,1,1,2,2024-04-07,50.3200008392334,50.3200008392334,100.6400016784668,0.35666665754434496,0
24,63.840000915527256,629.8000091552734,638.4000091552734,1268.200018310547,0.5,3,0,0.4,1.0,1.0,0,0,1,0,1,5,0,1,0.0,0.0,660.9980819702148,814.0677367797852,1,1,2,2024-04-07,62.98000091552734,63.84000091552735,126.8200018310547,0.24964139620329082,0
25,99.59000091552731,610.9000091552734,610.9000091552734,1221.8000183105469,0.5,3,0,0.25,1.0,1.0,0,0,1,0,1,4,2,0,0.0,0.0,725.2475326538085,925.0399047485353,1,1,2,2024-04-07,61.09000091552735,61.09000091552735,122.1800018310547,0.26374999646541564,0
26,69.94004374657202,699.4000091552734,699.3999615652239,1398.7999707204972,1.0,0,1,1.0,1.0,1.0,1,1,1,1,1,6,0,0,0.00843776319910128,0.0,693.498637496572,1037.351605081553,1,1,2,2024-04-07,69.94000091552735,69.93999615652238,139.87999707204972,2.2577875148733914e-09,0
27,71.59000091552724,715.9000091552734,715.9000091552734,1431.8000183105469,1.0,0,1,1.0,1.0,1.0,1,1,1,1,1,2,4,0,0.04973006820970634,0.0,680.2982528686523,1012.5212279907228,1,1,2,2024-04-07,71.59000091552734,71.59000091552734,143.18000183105468,0.07791666537005683,0
28,81.37113339591518,715.9000091552734,705.0320841770645,1420.932093332338,1.0,0,1,1.0,1.0,1.0,1,1,1,1,1,4,2,0,0.10007945073596539,0.0,644.2531294571411,1033.5204910181474,1,1,2,2024-04-07,71.59000091552734,70.50320841770645,142.0932093332338,0.027697584695925623,0
29,73.24009747053746,732.4000091552734,732.3999018719289,1464.7999110272024,1.0,0,1,1.0,1.0,1.0,1,1,1,1,1,0,1,5,0.16670878945133982,0.0,610.3024902348476,1033.3514781154001,1,1,2,2024-04-07,73.24000091552735,73.2399901871929,146.47999110272025,1.6663018327733085e-05,0
30,113.57000236511233,742.5266787211101,751.700008392334,1494.226687113444,1.0,0,1,1.0,1.0,1.0,1,1,1,1,1,6,0,0,0.09305347288303124,0.0,673.431992557808,1048.0011874786378,1,1,2,2024-04-07,74.25266787211102,75.1700008392334,149.42266871134441,1.7870702849482074e-09,0
31,146.50534281302987,762.3266779581706,706.6607386848495,1468.9874166430202,1.0,0,1,1.0,1.0,1.0,1,1,1,1,1,6,0,0,0.0,0.0,779.7969077544361,1103.9933372650953,1,1,2,2024-04-07,76.23266779581706,70.66607386848496,146.89874166430204,1.5227210046103641e-09,0
32,94.75000076293951,0.0,837.5000076293945,837.5000076293945,1.0,0,1,1.0,1.0,1.0,1,1,1,1,1,0,0,6,0.0,0.0,691.4024055480958,1137.2362281433107,1,1,2,2024-04-07,0.0,83.75000076293946,83.75000076293946,9.109725375236765e-10,0
33,139.57000083923333,839.8966757456461,845.700008392334,1685.59668413798,1.0,0,1,1.0,1.0,1.0,1,1,1,1,1,0,6,0,0.22922176419743176,0.0,647.3740779876708,989.6215503326417,1,1,2,2024-04-07,83.98966757456462,84.5700008392334,168.55966841379802,3.847293650254804e-09,0
34,683.9000091552734,908.9000091552734,250.0,1158.9000091552734,1.0,0,1,1.0,1.0,1.0,1,1,1,1,1,0,6,0,0.0,0.0,1267.9581146240234,491.4089736572266,1,1,2,2024-04-07,90.89000091552735,25.0,115.89000091552735,1.3166613980460823e-08,0
35,90.60980482670658,840.200008392334,840.200008392334,1680.400016784668,1.0,0,1,1.0,1.0,1.0,1,1,1,1,1,6,0,0,0.0,0.0,944.6676806572577,1027.901204352981,1,1,2,2024-04-07,84.0200008392334,84.0200008392334,168.0400016784668,1.535713403612018e-09,0
36,85.12000083923337,842.600008392334,851.200008392334,1693.800016784668,1.0,0,1,1.0,1.0,1.0,1,1,1,1,1,0,6,0,0.0,0.0,926.2751140228271,1056.0245532623292,1,1,2,2024-04-07,84.2600008392334,85.1200008392334,169.3800016784668,1.1260766574172786e-09,0
37,164.12258185107456,721.6333368937175,722.0000076293945,1443.633344523112,1.0,0,1,1.0,1.0,1.0,1,1,1,1,1,0,6,0,0.0,0.0,976.928024624512,1013.6226082104915,1,1,2,2024-04-07,72.16333368937175,72.20000076293945,144.36333445231122,5.02915341742693e-09,0
38,85.6400012969971,664.0333346048991,664.4000053405762,1328.4333399454754,1.0,0,1,1.0,1.0,1.0,1,1,1,1,1,6,0,0,0.0,0.0,818.9027804962158,1095.9515742889405,1,1,2,2024-04-07,66.40333346048992,66.44000053405762,132.84333399454755,1.4357880097412305e-09,0
39,108.47000120347913,617.3333338419596,617.7000045776367,1235.0333384195965,1.0,0,1,1.0,1.0,1.0,1,1,1,1,1,0,0,6,0.0,0.0,784.881481051293,1011.035758952771,1,1,2,2024-04-07,61.733333384195966,61.77000045776367,123.50333384195966,1.3946179358495367e-11,0
40,123.42774354255766,659.0333346048991,659.4000053405762,1318.4333399454754,1.0,0,1,1.0,1.0,1.0,1,1,1,1,1,6,0,0,0.0,0.0,854.4756255388091,1042.743177746505,1,1,2,2024-04-07,65.90333346048992,65.94000053405762,131.84333399454755,1.1666597667556806e-09,0
41,98.6100006103515,597.4733370463053,601.1000061035156,1198.573343149821,1.0,0,1,1.0,1.0,1.0,1,1,1,1,1,0,0,6,0.0,0.0,881.2174835205078,1094.481574975586,1,1,2,2024-04-07,59.747333704630535,60.11000061035156,119.85733431498211,4.742589945428364e-17,0
42,149.37474382543942,624.3400032043457,639.6000061035156,1263.9400093078614,0.8333333333333334,1,0,0.8333333333333334,1.0,1.0,0,0,1,0,1,6,0,0,0.0,0.0,916.1346925559081,991.4623151589357,1,1,2,2024-04-07,62.43400032043458,63.960000610351564,126.39400093078615,2.551429231390499e-09,0
43,80.96000061035157,523.600001525879,534.6000061035156,1058.2000076293946,0.0,6,0,0.0,1.0,1.0,0,0,1,0,1,6,0,0,0.0,0.0,826.6267486572266,974.4490798583985,1,1,2,2024-04-07,52.3600001525879,53.460000610351564,105.82000076293946,1.441957006024621e-09,0
44,48.055920611572176,468.6000015258789,479.6000061035156,948.2000076293946,0.6666666666666666,2,0,1.0,1.0,0.6666666666666666,0,0,0,1,1,0,0,6,0.0,0.0,577.670605670166,751.225535345459,1,1,2,2024-04-07,46.860000152587894,47.960000610351564,94.82000076293946,1.0170379369246187e-09,0
45,44.26271126280208,396.96667226155597,407.6000061035156,804.5666783650715,0.5,3,0,1.0,1.0,0.5,0,0,0,1,1,0,0,6,0.0,0.0,537.4121863604583,690.5288765301666,1,1,2,2024-04-07,39.6966672261556,40.76000061035157,80.45666783650717,8.594850300578026e-10,0
46,60.56000061035157,385.6000061035156,385.6000061035156,771.2000122070312,0.5,3,0,1.0,1.0,0.5,0,0,0,1,1,0,0,6,0.0,0.0,502.6114837646484,555.0315749755858,1,1,2,2024-04-07,38.560000610351565,38.560000610351565,77.12000122070313,9.89288681407059e-10,0
47,117.56321078068686,374.7000045776367,374.7000045776367,749.4000091552734,1.0,0,1,1.0,1.0,1.0,1,1,1,1,1,6,0,0,0.0,0.0,570.9137356830306,498.0283648052506,1,1,2,2024-04-07,37.470000457763675,37.470000457763675,74.94000091552735,1.663991776675657e-09,0
0,-250.7600023905436,0.0,259.4000015258789,259.4000015258789,0.3333333333333333,4,0,0.3333333333333333,1.0,1.0,1,0,1,0,1,6,0,0,0.0,0.0,0.0,666.2516023905437,1,2,0,2024-04-07,0.0,25.940000152587892,25.940000152587892,2.8431308218904568e-08,1
1,-125.95999946594247,0.0,278.60000228881836,278.60000228881836,0.0,6,0,1.0,1.0,0.0,1,0,0,1,1,0,0,6,0.0,0.0,93.7814250946044,541.4515994659425,1,2,0,2024-04-07,0.0,27.860000228881837,27.860000228881837,1.3692383861379477e-09,0
2,0.0,0.0,0.0,0.0,1.0,0,1,1.0,1.0,0.0,1,1,0,1,1,0,0,6,0.0,0.0,162.95443725585938,365.4916,0,2,0,2024-04-07,0.0,0.0,0.0,0.0,0
3,0.0,0.0,0.0,0.0,1.0,0,1,1.0,1.0,0.0,1,1,0,1,1,0,0,6,0.0,0.0,234.81640459570312,337.9916,0,2,0,2024-04-07,0.0,0.0,0.0,0.0,0
4,0.0,0.0,0.0,0.0,1.0,0,1,1.0,1.0,0.0,1,1,0,1,1,0,0,6,0.0,0.0,225.36197658691407,287.9916,0,2,0,2024-04-07,0.0,0.0,0.0,0.0,0
5,0.0,0.0,0.0,0.0,1.0,0,1,1.0,1.0,0.0,1,1,0,1,1,0,0,6,0.0,0.0,234.69812770996094,284.251609765625,0,2,0,2024-04-07,0.0,0.0,0.0,0.0,0
6,0.0,0.0,0.0,0.0,1.0,0,1,1.0,1.0,0.0,1,1,0,1,1,0,0,6,0.0,0.0,234.878074609375,280.46553798828126,0,2,0,2024-04-07,0.0,0.0,0.0,0.0,0
7,0.0,0.0,0.0,0.0,1.0,0,1,1.0,1.0,0.0,1,1,0,1,1,0,0,6,0.0,0.0,236.3833236328125,278.62688442382813,0,2,0,2024-04-07,0.0,0.0,0.0,0.0,0
8,0.0,0.0,0.0,0.0,1.0,0,1,1.0,1.0,0.0,1,1,0,1,1,0,0,6,0.0,0.0,237.9916,277.1965102783203,0,2,0,2024-04-07,0.0,0.0,0.0,0.0,0
9,0.0,0.0,0.0,0.0,1.0,0,1,1.0,1.0,0.0,1,1,0,1,1,0,0,6,0.0,0.0,237.9916,271.7928390136719,0,2,0,2024-04-07,0.0,0.0,0.0,0.0,0
10,0.0,0.0,0.0,0.0,1.0,0,1,1.0,1.0,0.0,1,1,0,1,1,0,0,6,0.0,0.0,242.35770412597657,251.34551235351563,0,2,0,2024-04-07,0.0,0.0,0.0,0.0,0
11,0.0,0.0,0.0,0.0,1.0,0,1,1.0,1.0,0.0,1,1,0,1,1,0,0,6,0.0,0.0,243.50231166992188,236.3232650390625,0,2,0,2024-04-07,0.0,0.0,0.0,0.0,0
12,0.0,0.0,0.0,0.0,1.0,0,1,1.0,1.0,0.0,1,1,0,1,1,0,0,6,0.0,0.0,235.35112758789063,211.49814602050782,0,2,0,2024-04-07,0.0,0.0,0.0,0.0,0
13,0.0,0.0,0.0,0.0,1.0,0,1,1.0,1.0,0.0,1,1,0,1,1,0,0,6,0.0,0.0,257.1237563720703,215.49161525878907,0,2,0,2024-04-07,0.0,0.0,0.0,0.0,0
14,0.0,0.0,0.0,0.0,1.0,0,1,1.0,1.0,0.0,1,1,0,1,1,0,0,6,0.0,0.0,295.08486171875,223.96622463378907,0,2,0,2024-04-07,0.0,0.0,0.0,0.0,0
15,0.0,0.0,0.0,0.0,1.0,0,1,1.0,1.0,0.0,1,1,0,1,1,0,0,6,0.0,0.0,264.8915938964844,214.89159389648438,0,2,0,2024-04-07,0.0,0.0,0.0,0.0,0
16,0.0,0.0,0.0,0.0,1.0,0,1,1.0,1.0,0.0,1,1,0,1,1,0,0,6,0.0,0.0,309.3784408203125,264.8915938964844,0,2,0,2024-04-07,0.0,0.0,0.0,0.0,0
17,93.70000457763669,291.2000045776367,250.0,541.2000045776367,1.0,0,1,1.0,1.0,1.0,1,1,1,1,1,0,0,6,0.0,0.0,640.4560699096679,409.7041320434571,1,2,0,2024-04-07,29.120000457763673,25.0,54.12000045776367,5.251609236881821e-17,0
18,49.976773977307424,307.7000045776367,307.70000084809726,615.400005425734,1.0,0,1,1.0,1.0,1.0,1,1,1,1,1,6,0,0,0.0,0.0,676.2526146999636,518.24321957738,1,2,0,2024-04-07,30.770000457763672,30.770000084809727,61.5400005425734,2.711988625123651e-09,0
19,56.0650005340576,354.4000053405762,331.48333867390954,685.8833440144857,1.0,0,1,1.0,1.0,1.0,1,1,1,1,1,6,0,0,0.0,0.0,693.9959314329783,566.1737308135986,1,2,0,2024-04-07,35.44000053405762,33.14833386739095,68.58833440144858,2.780864465140536e-09,0
20,45.88000068664555,458.8000068664551,458.8000068664551,917.6000137329102,1.0,0,1,1.0,1.0,1.0,1,1,1,1,1,0,0,6,0.0,0.0,691.957297704951,634.2593654266357,1,2,0,2024-04-07,45.88000068664551,45.88000068664551,91.76000137329102,4.157254542281278e-10,0
21,64.52000160217287,453.200008392334,453.200008392334,906.400016784668,1.0,0,1,1.0,1.0,1.0,1,1,1,1,1,0,6,0,0.0,0.0,719.2861827198029,640.662028085327,1,2,0,2024-04-07,45.3200008392334,45.3200008392334,90.6400016784668,2.946037091169704e-09,0
22,53.081676239418,523.9000015258789,530.700008392334,1054.600009918213,1.0,0,1,1.0,1.0,1.0,1,1,1,1,1,0,0,6,0.0,0.0,831.2461049503555,784.7435419246444,1,2,0,2024-04-07,52.390000152587895,53.0700008392334,105.46000099182129,2.311172888816379e-10,0
23,97.02000160217284,503.200008392334,503.200008392334,1006.400016784668,1.0,0,1,1.0,1.0,1.0,1,1,1,1,1,0,6,0,0.0,0.0,1003.6992008209229,747.1999309173584,1,2,0,2024-04-07,50.3200008392334,50.3200008392334,100.6400016784668,0.45555505930293755,0
24,63.840000915527256,629.8000091552734,638.4000091552734,1268.200018310547,1.0,0,1,1.0,1.0,1.0,1,1,1,1,1,0,0,6,0.0,0.0,1036.6573339798251,753.5662109008789,1,2,0,2024-04-07,62.98000091552734,63.84000091552735,126.8200018310547,6.015922993236214e-10,0
25,99.59000091552731,610.9000091552734,610.9000091552734,1221.8000183105469,1.0,0,1,1.0,1.0,1.0,1,1,1,1,1,0,6,0,0.0,0.0,1036.5244720092774,701.6451903930664,1,2,0,2024-04-07,61.09000091552735,61.09000091552735,122.1800018310547,2.497755604868726e-09,0
26,69.94004374657202,699.4000091552734,699.3999615652239,1398.7999707204972,1.0,0,1,1.0,1.0,1.0,1,1,1,1,1,6,0,0,0.0,0.0,1019.7922671510393,755.7280088901467,1,2,0,2024-04-07,69.94000091552735,69.93999615652238,139.87999707204972,2.2577875148733914e-09,0
27,71.59000091552724,715.9000091552734,715.9000091552734,1431.8000183105469,1.0,0,1,1.0,1.0,1.0,1,1,1,1,1,0,6,0,0.0,0.0,1012.083206471026,756.7303344360353,1,2,0,2024-04-07,71.59000091552734,71.59000091552734,143.18000183105468,0.0013888906354638682,0
28,81.37113339591518,715.9000091552734,705.0320841770645,1420.932093332338,1.0,0,1,1.0,1.0,1.0,1,1,1,1,1,5,1,0,0.0,0.0,931.7415118284077,785.0872024439285,1,2,0,2024-04-07,71.59000091552734,70.50320841770645,142.0932093332338,0.0013782666683517322,0
29,73.24009747053746,732.4000091552734,732.3999018719289,1464.7999110272024,1.0,0,1,1.0,1.0,1.0,1,1,1,1,1,1,2,3,0.0,0.0,858.5630955174124,746.8686289943063,1,2,0,2024-04-07,73.24000091552735,73.2399901871929,146.47999110272025,0.0041666664608121,0
30,113.57000236511233,742.5266787211101,751.700008392334,1494.226687113444,1.0,0,1,1.0,1.0,1.0,1,1,1,1,1,2,4,0,0.0,0.0543024088744728,867.3920238494874,710.8808871856688,1,2,0,2024-04-07,74.25266787211102,75.1700008392334,149.42266871134441,0.018166400940947975,0
31,146.50534281302987,762.3266779581706,706.6607386848495,1468.9874166430202,1.0,0,1,1.0,1.0,1.0,1,1,1,1,1,2,4,0,0.0,0.05943884028041587,900.3460410552174,664.6576439057201,1,2,0,2024-04-07,76.23266779581706,70.66607386848496,146.89874166430204,0.010690065597302961,0
32,94.75000076293951,0.0,837.5000076293945,837.5000076293945,1.0,0,1,1.0,1.0,1.0,1,1,1,1,1,0,4,2,0.0,0.06939983343232733,897.4046808274587,779.3776466003417,1,2,0,2024-04-07,0.0,83.75000076293946,83.75000076293946,0.022222221210030566,0
33,139.57000083923333,839.8966757456461,845.700008392334,1685.59668413798,1.0,0,1,1.0,1.0,1.0,1,1,1,1,1,0,6,0,0.0,0.07399597540917249,962.4253746032714,783.1216113677979,1,2,0,2024-04-07,83.98966757456462,84.5700008392334,168.55966841379802,3.847293650254804e-09,0
34,683.9000091552734,908.9000091552734,250.0,1158.9000091552734,1.0,0,1,1.0,1.0,1.0,1,1,1,1,1,2,4,0,0.0,0.0,1541.143783569336,254.74533840332026,1,2,0,2024-04-07,90.89000091552735,25.0,115.89000091552735,0.1742840531856945,0
35,90.60980482670658,840.200008392334,840.200008392334,1680.400016784668,1.0,0,1,1.0,1.0,1.0,1,1,1,1,1,6,0,0,0.0,0.0,910.2223307299455,877.3191731029808,1,2,0,2024-04-07,84.0200008392334,84.0200008392334,168.0400016784668,1.535713403612018e-09,0
36,85.12000083923337,842.600008392334,851.200008392334,1693.800016784668,0.5,3,0,0.0,1.0,1.0,0,0,1,0,1,3,3,0,0.0017825542302287833,0.0,841.0980281829834,862.210588418579,1,2,0,2024-04-07,84.2600008392334,85.1200008392334,169.3800016784668,0.0829049175504746,0
37,164.12258185107456,721.6333368937175,722.0000076293945,1443.633344523112,1.0,0,1,1.0,1.0,1.0,1,1,1,1,1,2,4,0,0.0,0.0,932.1595081206058,835.6428218598629,1,2,0,2024-04-07,72.16333368937175,72.20000076293945,144.36333445231122,3.556622941706608e-06,0
38,85.6400012969971,664.0333346048991,664.4000053405762,1328.4333399454754,1.0,0,1,1.0,1.0,1.0,1,1,1,1,1,6,0,0,0.0,0.0,873.9182012367248,910.0658931365966,1,2,0,2024-04-07,66.40333346048992,66.44000053405762,132.84333399454755,1.4357880097412305e-09,0
39,108.47000120347913,617.3333338419596,617.7000045776367,1235.0333384195965,1.0,0,1,1.0,1.0,1.0,1,1,1,1,1,3,0,3,0.0,0.0,866.6668279539165,942.8425216480834,1,2,0,2024-04-07,61.733333384195966,61.77000045776367,123.50333384195966,0.10552421428144021,0
40,123.42774354255766,659.0333346048991,659.4000053405762,1318.4333399454754,1.0,0,1,1.0,1.0,1.0,1,1,1,1,1,6,0,0,0.0,0.0,830.1228206280526,863.4680312621298,1,2,0,2024-04-07,65.90333346048992,65.94000053405762,131.84333399454755,1.1666597667556806e-09,0
41,98.6100006103515,597.4733370463053,601.1000061035156,1198.573343149821,1.0,0,1,1.0,1.0,1.0,1,1,1,1,1,0,0,6,0.0,0.0,801.3227938810983,877.2363357177735,1,2,0,2024-04-07,59.747333704630535,60.11000061035156,119.85733431498211,4.742589945428364e-17,0
42,149.37474382543942,624.3400032043457,639.6000061035156,1263.9400093078614,1.0,0,1,1.0,1.0,1.0,1,1,1,1,1,6,0,0,0.0,0.0,869.7626239409484,849.1169172097168,1,2,0,2024-04-07,62.43400032043458,63.960000610351564,126.39400093078615,2.551429231390499e-09,0
43,80.96000061035157,523.600001525879,534.6000061035156,1058.2000076293946,1.0,0,1,1.0,1.0,1.0,1,1,1,1,1,6,0,0,0.0,0.0,785.9872693379721,877.5981277099609,1,2,0,2024-04-07,52.3600001525879,53.460000610351564,105.82000076293946,1.441957006024621e-09,0
44,48.055920611572176,468.6000015258789,479.6000061035156,948.2000076293946,1.0,0,1,1.0,1.0,1.0,1,1,1,1,1,0,0,6,0.0,0.0,717.5016203033447,884.435740423584,1,2,0,2024-04-07,46.860000152587894,47.960000610351564,94.82000076293946,1.0170379369246187e-09,0
45,44.26271126280208,396.96667226155597,407.6000061035156,804.5666783650715,1.0,0,1,1.0,1.0,1.0,1,1,1,1,1,0,0,6,0.0,0.0,684.9292762042083,879.9289619793853,1,2,0,2024-04-07,39.6966672261556,40.76000061035157,80.45666783650717,8.594850300578026e-10,0
46,60.56000061035157,385.6000061035156,385.6000061035156,771.2000122070312,1.0,0,1,1.0,1.0,1.0,1,1,1,1,1,0,0,6,0.0,0.0,658.7141754150391,824.0056960693358,1,2,0,2024-04-07,38.560000610351565,38.560000610351565,77.12000122070313,9.89288681407059e-10,0
47,117.56321078068686,374.7000045776367,374.7000045776367,749.4000091552734,1.0,0,1,1.0,1.0,1.0,1,1,1,1,1,6,0,0,0.0,0.0,675.4889920306869,716.8086382427506,1,2,0,2024-04-07,37.470000457763675,37.470000457763675,74.94000091552735,1.663991776675657e-09,0
0,-250.7600023905436,0.0,259.4000015258789,259.4000015258789,0.16666666666666666,5,0,0.16666666666666666,1.0,1.0,1,0,1,0,1,6,0,0,0.0,0.0,253.3318173360189,842.7516023905436,1,2,1,2024-04-07,0.0,25.940000152587892,25.940000152587892,2.8431308218904568e-08,0
1,-125.95999946594247,0.0,278.60000228881836,278.60000228881836,0.5,3,0,1.0,1.0,0.5,1,0,0,1,1,0,0,6,0.0,0.0,330.26502948913566,731.2373847483938,1,2,1,2024-04-07,0.0,27.860000228881837,27.860000228881837,1.3692383861379477e-09,0
2,0.0,0.0,0.0,0.0,1.0,0,1,1.0,1.0,0.0,1,1,0,1,1,0,0,6,0.0,0.0,405.2535323730469,580.231590234375,0,2,1,2024-04-07,0.0,0.0,0.0,0.0,0
3,0.0,0.0,0.0,0.0,1.0,0,1,1.0,1.0,0.0,1,1,0,1,1,0,0,6,0.0,0.0,362.3056869140625,515.2889022460937,0,2,1,2024-04-07,0.0,0.0,0.0,0.0,0
4,0.0,0.0,0.0,0.0,1.0,0,1,1.0,1.0,0.0,1,1,0,1,1,0,0,6,0.0,0.0,300.08357998046876,422.58870693359376,0,2,1,2024-04-07,0.0,0.0,0.0,0.0,0
5,0.0,0.0,0.0,0.0,1.0,0,1,1.0,1.0,0.0,1,1,0,1,1,0,0,6,0.0,0.0,278.37654873046876,406.19161220703126,0,2,1,2024-04-07,0.0,0.0,0.0,0.0,0
6,0.0,0.0,0.0,0.0,1.0,0,1,1.0,1.0,0.0,1,1,0,1,1,0,0,6,0.0,0.0,302.3578109375,402.3961104980469,0,2,1,2024-04-07,0.0,0.0,0.0,0.0,0
7,0.0,0.0,0.0,0.0,1.0,0,1,1.0,1.0,0.0,1,1,0,1,1,0,0,6,0.0,0.0,326.79232021484376,395.9587630859375,0,2,1,2024-04-07,0.0,0.0,0.0,0.0,0
8,0.0,0.0,0.0,0.0,1.0,0,1,1.0,1.0,0.0,1,1,0,1,1,0,0,6,0.0,0.0,320.6632003417969,360.24861904296876,0,2,1,2024-04-07,0.0,0.0,0.0,0.0,0
9,0.0,0.0,0.0,0.0,1.0,0,1,1.0,1.0,0.0,1,1,0,1,1,0,0,6,0.0,0.0,325.6990890136719,337.23213955078126,0,2,1,2024-04-07,0.0,0.0,0.0,0.0,0
10,0.0,0.0,0.0,0.0,1.0,0,1,1.0,1.0,0.0,1,1,0,1,1,0,0,6,0.0,0.0,326.65084072265626,303.0261458984375,0,2,1,2024-04-07,0.0,0.0,0.0,0.0,0
11,0.0,0.0,0.0,0.0,1.0,0,1,1.0,1.0,0.0,1,1,0,1,1,0,0,6,0.0,0.0,328.1945724121094,297.14385219726563,0,2,1,2024-04-07,0.0,0.0,0.0,0.0,0
12,0.0,0.0,0.0,0.0,1.0,0,1,1.0,1.0,0.0,1,1,0,1,1,0,0,6,0.0,0.0,371.30461879882813,359.4916,0,2,1,2024-04-07,0.0,0.0,0.0,0.0,0
13,0.0,0.0,0.0,0.0,1.0,0,1,1.0,1.0,0.0,1,1,0,1,1,0,0,6,0.0,0.0,378.495750390625,359.4916,0,2,1,2024-04-07,0.0,0.0,0.0,0.0,0
14,0.0,0.0,0.0,0.0,1.0,0,1,1.0,1.0,0.0,1,1,0,1,1,0,0,6,0.0,0.0,435.73223110351563,433.0722884765625,0,2,1,2024-04-07,0.0,0.0,0.0,0.0,0
15,0.0,0.0,0.0,0.0,1.0,0,1,1.0,1.0,0.0,1,1,0,1,1,0,0,6,0.0,0.0,463.0420150390625,420.0328292480469,0,2,1,2024-04-07,0.0,0.0,0.0,0.0,0
16,0.0,0.0,0.0,0.0,1.0,0,1,1.0,1.0,0.0,1,1,0,1,1,0,0,6,0.0,0.0,511.57772060546876,462.25045009765626,0,2,1,2024-04-07,0.0,0.0,0.0,0.0,0
17,93.70000457763669,291.2000045776367,250.0,541.2000045776367,1.0,0,1,1.0,1.0,1.0,1,1,1,1,1,0,0,6,0.0,0.0,718.8504790893554,469.41012569580073,1,2,1,2024-04-07,29.120000457763673,25.0,54.12000045776367,5.251609236881821e-17,0
18,49.976773977307424,307.7000045776367,307.70000084809726,615.400005425734,1.0,0,1,1.0,1.0,1.0,1,1,1,1,1,6,0,0,0.0,0.0,713.3216454616824,535.8232748508176,1,2,1,2024-04-07,30.770000457763672,30.770000084809727,61.5400005425734,2.711988625123651e-09,0
19,56.0650005340576,354.4000053405762,331.48333867390954,685.8833440144857,1.0,0,1,1.0,1.0,1.0,1,1,1,1,1,6,0,0,0.0,0.0,615.4914149871826,502.2350482940674,1,2,1,2024-04-07,35.44000053405762,33.14833386739095,68.58833440144858,2.780864465140536e-09,0
20,45.88000068664555,458.8000068664551,458.8000068664551,917.6000137329102,1.0,0,1,1.0,1.0,1.0,1,1,1,1,1,0,0,6,0.0,0.0,559.170306741333,539.9200481414795,1,2,1,2024-04-07,45.88000068664551,45.88000068664551,91.76000137329102,4.157254542281278e-10,0
21,64.52000160217287,453.200008392334,453.200008392334,906.400016784668,1.0,0,1,1.0,1.0,1.0,1,1,1,1,1,0,6,0,0.0,0.0,640.6306811920166,581.8819423196499,1,2,1,2024-04-07,45.3200008392334,45.3200008392334,90.6400016784668,2.946037091169704e-09,0
22,53.081676239418,523.9000015258789,530.700008392334,1054.600009918213,1.0,0,1,1.0,1.0,1.0,1,1,1,1,1,0,0,6,0.0,0.0,650.1065403995742,593.187366729332,1,2,1,2024-04-07,52.390000152587895,53.0700008392334,105.46000099182129,2.311172888816379e-10,0
23,97.02000160217284,503.200008392334,503.200008392334,1006.400016784668,0.6666666666666666,2,0,1.0,0.6666666666666666,1.0,0,0,1,1,0,0,6,0,0.0,0.0,707.2318164459227,579.5450008392334,1,2,1,2024-04-07,50.3200008392334,50.3200008392334,100.6400016784668,0.45555505930293755,0
24,63.840000915527256,629.8000091552734,638.4000091552734,1268.200018310547,1.0,0,1,1.0,1.0,1.0,1,1,1,1,1,0,0,6,0.0,0.07685327300184133,755.3548553100585,589.3368789672852,1,2,1,2024-04-07,62.98000091552734,63.84000091552735,126.8200018310547,6.015922993236214e-10,0
25,99.59000091552731,610.9000091552734,610.9000091552734,1221.8000183105469,1.0,0,1,1.0,1.0,1.0,1,1,1,1,1,0,6,0,0.0,0.0,886.4905364624022,663.879298400879,1,2,1,2024-04-07,61.09000091552735,61.09000091552735,122.1800018310547,2.497755604868726e-09,0
26,69.94004374657202,699.4000091552734,699.3999615652239,1398.7999707204972,1.0,0,1,1.0,1.0,1.0,1,1,1,1,1,6,0,0,0.0,0.0,959.0485871059469,838.1083571323343,1,2,1,2024-04-07,69.94000091552735,69.93999615652238,139.87999707204972,2.2577875148733914e-09,0
27,71.59000091552724,715.9000091552734,715.9000091552734,1431.8000183105469,1.0,0,1,1.0,1.0,1.0,1,1,1,1,1,0,6,0,0.0,0.0,941.6241424194334,868.0317642211915,1,2,1,2024-04-07,71.59000091552734,71.59000091552734,143.18000183105468,0.0013888906354638682,0
28,81.37113339591518,715.9000091552734,705.0320841770645,1420.932093332338,1.0,0,1,1.0,1.0,1.0,1,1,1,1,1,5,1,0,0.0,0.0,938.0269179662276,822.152745320072,1,2,1,2024-04-07,71.59000091552734,70.50320841770645,142.0932093332338,0.0013782666683517322,0
29,73.24009747053746,732.4000091552734,732.3999018719289,1464.7999110272024,1.0,0,1,1.0,1.0,1.0,1,1,1,1,1,1,2,3,0.0,0.0,952.0366389861421,847.6262583888375,1,2,1,2024-04-07,73.24000091552735,73.2399901871929,146.47999110272025,0.0041666664608121,0
30,113.57000236511233,742.5266787211101,751.700008392334,1494.226687113444,1.0,0,1,1.0,1.0,1.0,1,1,1,1,1,2,4,0,0.0,0.0,989.7684667201996,799.2228671661376,1,2,1,2024-04-07,74.25266787211102,75.1700008392334,149.42266871134441,0.018166400940947975,0
31,146.50534281302987,762.3266779581706,706.6607386848495,1468.9874166430202,1.0,0,1,1.0,1.0,1.0,1,1,1,1,1,2,4,0,0.0,0.040706248802894585,971.9968207427173,677.8952308367068,1,2,1,2024-04-07,76.23266779581706,70.66607386848496,146.89874166430204,0.010690065597302961,0
32,94.75000076293951,0.0,837.5000076293945,837.5000076293945,1.0,0,1,1.0,1.0,1.0,1,1,1,1,1,0,4,2,0.0,0.08765087243467895,998.7777335754395,764.0924012966278,1,2,1,2024-04-07,0.0,83.75000076293946,83.75000076293946,0.022222221210030566,0
33,139.57000083923333,839.8966757456461,845.700008392334,1685.59668413798,1.0,0,1,1.0,1.0,1.0,1,1,1,1,1,0,6,0,0.0,0.08296802695754271,1069.2500774017333,775.5339472980447,1,2,1,2024-04-07,83.98966757456462,84.5700008392334,168.55966841379802,3.847293650254804e-09,0
34,683.9000091552734,908.9000091552734,250.0,1158.9000091552734,1.0,0,1,1.0,1.0,1.0,1,1,1,1,1,2,4,0,0.0,0.008169092066263602,1629.1058425537108,247.9577269834341,1,2,1,2024-04-07,90.89000091552735,25.0,115.89000091552735,0.1742840531856945,0
35,90.60980482670658,840.200008392334,840.200008392334,1680.400016784668,1.0,0,1,1.0,1.0,1.0,1,1,1,1,1,6,0,0,0.0,0.03114584368007391,1015.7245858934739,814.0312702709496,1,2,1,2024-04-07,84.0200008392334,84.0200008392334,168.0400016784668,1.535713403612018e-09,0
36,85.12000083923337,842.600008392334,851.200008392334,1693.800016784668,1.0,0,1,1.0,1.0,1.0,1,1,1,1,1,3,3,0,0.0,0.022494499217801143,896.7169857025146,832.0526904693603,1,2,1,2024-04-07,84.2600008392334,85.1200008392334,169.3800016784668,0.0829049175504746,0
37,164.12258185107456,721.6333368937175,722.0000076293945,1443.633344523112,1.0,0,1,1.0,1.0,1.0,1,1,1,1,1,2,4,0,0.0,0.09234079124094845,891.607078921387,655.3299556489254,1,2,1,2024-04-07,72.16333368937175,72.20000076293945,144.36333445231122,3.556622941706608e-06,0
38,85.6400012969971,664.0333346048991,664.4000053405762,1328.4333399454754,1.0,0,1,1.0,1.0,1.0,1,1,1,1,1,6,0,0,0.0,0.01923921943738678,689.1730823516846,651.6174678436279,1,2,1,2024-04-07,66.40333346048992,66.44000053405762,132.84333399454755,1.4357880097412305e-09,0
39,108.47000120347913,617.3333338419596,617.7000045776367,1235.0333384195965,0.6666666666666666,2,0,0.3333333333333333,1.0,1.0,0,0,1,0,1,3,0,3,0.0,0.11171953178148487,627.9407043284791,548.6908492848021,1,2,1,2024-04-07,61.733333384195966,61.77000045776367,123.50333384195966,0.10552421428144021,0
40,123.42774354255766,659.0333346048991,659.4000053405762,1318.4333399454754,1.0,0,1,1.0,1.0,1.0,1,1,1,1,1,6,0,0,0.0,0.18666830083972946,680.7609954956827,536.3109267699423,1,2,1,2024-04-07,65.90333346048992,65.94000053405762,131.84333399454755,1.1666597667556806e-09,0
41,98.6100006103515,597.4733370463053,601.1000061035156,1198.573343149821,1.0,0,1,1.0,1.0,1.0,1,1,1,1,1,0,0,6,0.0,0.14650796872290958,658.7658843994141,513.034065209961,1,2,1,2024-04-07,59.747333704630535,60.11000061035156,119.85733431498211,4.742589945428364e-17,0
42,149.37474382543942,624.3400032043457,639.6000061035156,1263.9400093078614,1.0,0,1,1.0,1.0,1.0,1,1,1,1,1,6,0,0,0.0,0.28162837791544615,731.7759889426269,459.47049386987305,1,2,1,2024-04-07,62.43400032043458,63.960000610351564,126.39400093078615,2.551429231390499e-09,0
43,80.96000061035157,523.600001525879,534.6000061035156,1058.2000076293946,1.0,0,1,1.0,1.0,1.0,1,1,1,1,1,6,0,0,0.0,0.0676234103044949,651.6815582275391,498.4485305419921,1,2,1,2024-04-07,52.3600001525879,53.460000610351564,105.82000076293946,1.441957006024621e-09,0
44,48.055920611572176,468.6000015258789,479.6000061035156,948.2000076293946,1.0,0,1,1.0,1.0,1.0,1,1,1,1,1,0,0,6,0.0,0.0,597.7061891662597,519.2176618103027,1,2,1,2024-04-07,46.860000152587894,47.960000610351564,94.82000076293946,1.0170379369246187e-09,0
45,44.26271126280208,396.96667226155597,407.6000061035156,804.5666783650715,1.0,0,1,1.0,1.0,1.0,1,1,1,1,1,0,0,6,0.0,0.0,558.8572622713444,485.9612800946197,1,2,1,2024-04-07,39.6966672261556,40.76000061035157,80.45666783650717,8.594850300578026e-10,0
46,60.56000061035157,385.6000061035156,385.6000061035156,771.2000122070312,1.0,0,1,1.0,1.0,1.0,1,1,1,1,1,0,0,6,0.0,0.0,549.5025392627716,465.2488296142578,1,2,1,2024-04-07,38.560000610351565,38.560000610351565,77.12000122070313,9.89288681407059e-10,0
47,117.56321078068686,374.7000045776367,374.7000045776367,749.4000091552734,1.0,0,1,1.0,1.0,1.0,1,1,1,1,1,6,0,0,0.0,0.09933877091588075,550.114429419107,337.4777666607194,1,2,1,2024-04-07,37.470000457763675,37.470000457763675,74.94000091552735,1.663991776675657e-09,0
0,-250.7600023905436,0.0,259.4000015258789,259.4000015258789,0.0,6,0,0.0,1.0,1.0,1,0,1,0,1,6,0,0,0.0,0.0,0.0,413.35160849405923,1,2,2,2024-04-07,0.0,25.940000152587892,25.940000152587892,2.8431308218904568e-08,1
1,-125.95999946594247,0.0,278.60000228881836,278.60000228881836,0.0,6,0,1.0,1.0,0.0,1,0,0,1,1,0,0,6,0.0,0.0,0.0,288.5516055694581,1,2,2,2024-04-07,0.0,27.860000228881837,27.860000228881837,1.3692383861379477e-09,1
2,0.0,0.0,0.0,0.0,1.0,0,1,1.0,1.0,0.0,1,1,0,1,1,0,0,6,0.0,0.0,115.45198059082031,162.59160610351563,0,2,2,2024-04-07,0.0,0.0,0.0,0.0,0
3,0.0,0.0,0.0,0.0,1.0,0,1,1.0,1.0,0.0,1,1,0,1,1,0,0,6,0.0,0.0,145.63293291601562,151.5915984741211,0,2,2,2024-04-07,0.0,0.0,0.0,0.0,0
4,0.0,0.0,0.0,0.0,1.0,0,1,1.0,1.0,0.0,1,1,0,1,1,0,0,6,0.0,0.0,104.89160152587891,104.89160152587891,0,2,2,2024-04-07,0.0,0.0,0.0,0.0,0
5,0.0,0.0,0.0,0.0,1.0,0,1,1.0,1.0,0.0,1,1,0,1,1,0,0,6,0.0,0.0,104.89160152587891,104.89160152587891,0,2,2,2024-04-07,0.0,0.0,0.0,0.0,0
6,0.0,0.0,0.0,0.0,1.0,0,1,1.0,1.0,0.0,1,1,0,1,1,0,0,6,0.0,0.0,154.8916015258789,154.8916015258789,0,2,2,2024-04-07,0.0,0.0,0.0,0.0,0
7,0.0,0.0,0.0,0.0,1.0,0,1,1.0,1.0,0.0,1,1,0,1,1,0,0,6,0.0,0.0,135.6915969482422,135.6915969482422,0,2,2,2024-04-07,0.0,0.0,0.0,0.0,0
8,0.0,0.0,0.0,0.0,1.0,0,1,1.0,1.0,0.0,1,1,0,1,1,0,0,6,0.0,0.0,135.6915969482422,135.6915969482422,0,2,2,2024-04-07,0.0,0.0,0.0,0.0,0
9,0.0,0.0,0.0,0.0,1.0,0,1,1.0,1.0,0.0,1,1,0,1,1,0,0,6,0.0,0.0,135.6915969482422,135.6915969482422,0,2,2,2024-04-07,0.0,0.0,0.0,0.0,0
10,0.0,0.0,0.0,0.0,1.0,0,1,1.0,1.0,0.0,1,1,0,1,1,0,0,6,0.0,0.0,85.69160076293946,82.38685985717774,0,2,2,2024-04-07,0.0,0.0,0.0,0.0,0
11,0.0,0.0,0.0,0.0,1.0,0,1,1.0,1.0,0.0,1,1,0,1,1,0,0,6,0.0,0.0,85.69160076293946,75.63710399780274,0,2,2,2024-04-07,0.0,0.0,0.0,0.0,0
12,0.0,0.0,0.0,0.0,1.0,0,1,1.0,1.0,0.0,1,1,0,1,1,0,0,6,0.0,0.0,85.69160076293946,67.32006450805665,0,2,2,2024-04-07,0.0,0.0,0.0,0.0,0
13,0.0,0.0,0.0,0.0,1.0,0,1,1.0,1.0,0.0,1,1,0,1,1,0,0,6,0.0,0.0,85.69160076293946,62.50785442504883,0,2,2,2024-04-07,0.0,0.0,0.0,0.0,0
14,0.0,0.0,0.0,0.0,1.0,0,1,1.0,1.0,0.0,1,1,0,1,1,0,0,6,0.0,0.0,85.69160076293946,61.69077678833008,0,2,2,2024-04-07,0.0,0.0,0.0,0.0,0
15,0.0,0.0,0.0,0.0,1.0,0,1,1.0,1.0,0.0,1,1,0,1,1,0,0,6,0.0,0.0,152.1915969482422,116.39789577636719,0,2,2,2024-04-07,0.0,0.0,0.0,0.0,0
16,0.0,0.0,0.0,0.0,1.0,0,1,1.0,1.0,0.0,1,1,0,1,1,0,0,6,0.0,0.0,197.71419521484376,190.6915969482422,0,2,2,2024-04-07,0.0,0.0,0.0,0.0,0
17,93.70000457763669,291.2000045776367,250.0,541.2000045776367,1.0,0,1,1.0,1.0,1.0,1,1,1,1,1,0,0,6,0.0,0.12643371596679673,406.2578277221679,218.39157100830082,1,2,2,2024-04-07,29.120000457763673,25.0,54.12000045776367,5.251609236881821e-17,0
18,49.976773977307424,307.7000045776367,307.70000084809726,615.400005425734,1.0,0,1,1.0,1.0,1.0,1,1,1,1,1,6,0,0,0.0,0.0,474.76836177027616,337.31697950481026,1,2,2,2024-04-07,30.770000457763672,30.770000084809727,61.5400005425734,2.711988625123651e-09,0
19,56.0650005340576,354.4000053405762,331.48333867390954,685.8833440144857,1.0,0,1,1.0,1.0,1.0,1,1,1,1,1,6,0,0,0.0,0.0,546.7565517059326,403.124320842042,1,2,2,2024-04-07,35.44000053405762,33.14833386739095,68.58833440144858,2.780864465140536e-09,0
20,45.88000068664555,458.8000068664551,458.8000068664551,917.6000137329102,1.0,0,1,1.0,1.0,1.0,1,1,1,1,1,0,0,6,0.0,0.0,739.089064555645,618.2782252899169,1,2,2,2024-04-07,45.88000068664551,45.88000068664551,91.76000137329102,4.157254542281278e-10,0
21,64.52000160217287,453.200008392334,453.200008392334,906.400016784668,1.0,0,1,1.0,1.0,1.0,1,1,1,1,1,0,6,0,0.0,0.0,732.0385688611667,563.5048625579833,1,2,2,2024-04-07,45.3200008392334,45.3200008392334,90.6400016784668,2.946037091169704e-09,0
22,53.081676239418,523.9000015258789,530.700008392334,1054.600009918213,1.0,0,1,1.0,1.0,1.0,1,1,1,1,1,0,0,6,0.0,0.0,749.847172222065,597.4356805965194,1,2,2,2024-04-07,52.390000152587895,53.0700008392334,105.46000099182129,2.311172888816379e-10,0
23,97.02000160217284,503.200008392334,503.200008392334,1006.400016784668,0.16666666666666666,5,0,1.0,0.16666666666666666,1.0,0,0,1,1,0,0,6,0,0.0,0.0,804.6944502978324,561.3272502532959,1,2,2,2024-04-07,50.3200008392334,50.3200008392334,100.6400016784668,0.45555505930293755,0
24,63.840000915527256,629.8000091552734,638.4000091552734,1268.200018310547,1.0,0,1,1.0,1.0,1.0,1,1,1,1,1,0,0,6,0.0,0.010907352319769728,835.2768075760307,631.4367553344727,1,2,2,2024-04-07,62.98000091552734,63.84000091552735,126.8200018310547,6.015922993236214e-10,0
25,99.59000091552731,610.9000091552734,610.9000091552734,1221.8000183105469,1.0,0,1,1.0,1.0,1.0,1,1,1,1,1,0,6,0,0.0,0.0,983.6910979858397,805.3934445160378,1,2,2,2024-04-07,61.09000091552735,61.09000091552735,122.1800018310547,2.497755604868726e-09,0
26,69.94004374657202,699.4000091552734,699.3999615652239,1398.7999707204972,1.0,0,1,1.0,1.0,1.0,1,1,1,1,1,6,0,0,0.0,0.0,980.9531891567282,839.9382215804195,1,2,2,2024-04-07,69.94000091552735,69.93999615652238,139.87999707204972,2.2577875148733914e-09,0
27,71.59000091552724,715.9000091552734,715.9000091552734,1431.8000183105469,1.0,0,1,1.0,1.0,1.0,1,1,1,1,1,0,6,0,0.0,0.0,1103.155758630371,953.0940987721945,1,2,2,2024-04-07,71.59000091552734,71.59000091552734,143.18000183105468,0.0013888906354638682,0
28,81.37113339591518,715.9000091552734,705.0320841770645,1420.932093332338,1.0,0,1,1.0,1.0,1.0,1,1,1,1,1,5,1,0,0.0,0.0,1138.9144912084153,964.3677766476014,1,2,2,2024-04-07,71.59000091552734,70.50320841770645,142.0932093332338,0.0013782666683517322,0
29,73.24009747053746,732.4000091552734,732.3999018719289,1464.7999110272024,1.0,0,1,1.0,1.0,1.0,1,1,1,1,1,1,2,3,0.0,0.0,1157.2460243662297,1019.2536997950876,1,2,2,2024-04-07,73.24000091552735,73.2399901871929,146.47999110272025,0.0041666664608121,0
30,113.57000236511233,742.5266787211101,751.700008392334,1494.226687113444,1.0,0,1,1.0,1.0,1.0,1,1,1,1,1,2,4,0,0.0,0.0,1200.7086908981742,1004.2942782989502,1,2,2,2024-04-07,74.25266787211102,75.1700008392334,149.42266871134441,0.018166400940947975,0
31,146.50534281302987,762.3266779581706,706.6607386848495,1468.9874166430202,1.0,0,1,1.0,1.0,1.0,1,1,1,1,1,2,4,0,0.0,0.0,1166.31344828178,991.4705101166577,1,2,2,2024-04-07,76.23266779581706,70.66607386848496,146.89874166430204,0.010690065597302961,0
32,94.75000076293951,0.0,837.5000076293945,837.5000076293945,1.0,0,1,1.0,1.0,1.0,1,1,1,1,1,0,4,2,0.0,0.0,1094.2388718509674,1095.5790015808107,1,2,2,2024-04-07,0.0,83.75000076293946,83.75000076293946,0.022222221210030566,0
33,139.57000083923333,839.8966757456461,845.700008392334,1685.59668413798,1.0,0,1,1.0,1.0,1.0,1,1,1,1,1,0,6,0,0.0,0.0,1044.6707316986083,995.074944040041,1,2,2,2024-04-07,83.98966757456462,84.5700008392334,168.55966841379802,3.847293650254804e-09,0
34,683.9000091552734,908.9000091552734,250.0,1158.9000091552734,1.0,0,1,1.0,1.0,1.0,1,1,1,1,1,2,4,0,0.0,0.0,1556.7340163818358,329.9582900634765,1,2,2,2024-04-07,90.89000091552735,25.0,115.89000091552735,0.1742840531856945,0
35,90.60980482670658,840.200008392334,840.200008392334,1680.400016784668,1.0,0,1,1.0,1.0,1.0,1,1,1,1,1,6,0,0,0.10026439321510296,0.023306436567381603,755.9578643715522,820.6179401928246,1,2,2,2024-04-07,84.0200008392334,84.0200008392334,168.0400016784668,1.535713403612018e-09,0
36,85.12000083923337,842.600008392334,851.200008392334,1693.800016784668,1.0,0,1,1.0,1.0,1.0,1,1,1,1,1,3,3,0,0.19461713796707636,0.01753704203259013,678.6156063079834,836.2724780670166,1,2,2,2024-04-07,84.2600008392334,85.1200008392334,169.3800016784668,0.0829049175504746,0
37,164.12258185107456,721.6333368937175,722.0000076293945,1443.633344523112,1.0,0,1,1.0,1.0,1.0,1,1,1,1,1,2,4,0,0.0,0.0,762.3394397612308,767.8148189301754,1,2,2,2024-04-07,72.16333368937175,72.20000076293945,144.36333445231122,3.556622941706608e-06,0
38,85.6400012969971,664.0333346048991,664.4000053405762,1328.4333399454754,1.0,0,1,1.0,1.0,1.0,1,1,1,1,1,6,0,0,0.035511520399699,0.0,640.4525012969971,754.8500117889404,1,2,2,2024-04-07,66.40333346048992,66.44000053405762,132.84333399454755,1.4357880097412305e-09,0
39,108.47000120347913,617.3333338419596,617.7000045776367,1235.0333384195965,0.8333333333333334,1,0,0.6666666666666666,1.0,1.0,0,0,1,0,1,3,0,3,0.12625619785943873,0.0,539.3911742991822,649.1216354176146,1,2,2,2024-04-07,61.733333384195966,61.77000045776367,123.50333384195966,0.10552421428144021,0
40,123.42774354255766,659.0333346048991,659.4000053405762,1318.4333399454754,1.0,0,1,1.0,1.0,1.0,1,1,1,1,1,6,0,0,0.15046437910647292,0.08468099919971915,559.8722931031045,603.561354016036,1,2,2,2024-04-07,65.90333346048992,65.94000053405762,131.84333399454755,1.1666597667556806e-09,0
41,98.6100006103515,597.4733370463053,601.1000061035156,1198.573343149821,1.0,0,1,1.0,1.0,1.0,1,1,1,1,1,0,0,6,0.11431648213233521,0.02819673664487881,529.1722869873047,584.1509475341797,1,2,2,2024-04-07,59.747333704630535,60.11000061035156,119.85733431498211,4.742589945428364e-17,0
42,149.37474382543942,624.3400032043457,639.6000061035156,1263.9400093078614,1.0,0,1,1.0,1.0,1.0,1,1,1,1,1,6,0,0,0.15744607764765242,0.26835819376552983,526.0401185812988,467.9581037331543,1,2,2,2024-04-07,62.43400032043458,63.960000610351564,126.39400093078615,2.551429231390499e-09,0
43,80.96000061035157,523.600001525879,534.6000061035156,1058.2000076293946,1.0,0,1,1.0,1.0,1.0,1,1,1,1,1,6,0,0,0.1849876701495222,0.07345383178558156,426.74045715332034,495.3315871826171,1,2,2,2024-04-07,52.3600001525879,53.460000610351564,105.82000076293946,1.441957006024621e-09,0
44,48.055920611572176,468.6000015258789,479.6000061035156,948.2000076293946,1.0,0,1,1.0,1.0,1.0,1,1,1,1,1,0,0,6,0.2983143687024304,0.05893320053478278,328.8098878967284,451.3356427673341,1,2,2,2024-04-07,46.860000152587894,47.960000610351564,94.82000076293946,1.0170379369246187e-09,0
45,44.26271126280208,396.96667226155597,407.6000061035156,804.5666783650715,1.0,0,1,1.0,1.0,1.0,1,1,1,1,1,0,0,6,0.28878655598383196,0.0,282.32803413877866,416.7288887371979,1,2,2,2024-04-07,39.6966672261556,40.76000061035157,80.45666783650717,8.594850300578026e-10,0
46,60.56000061035157,385.6000061035156,385.6000061035156,771.2000122070312,1.0,0,1,1.0,1.0,1.0,1,1,1,1,1,0,0,6,0.28022056547583485,0.011328807920577643,277.5469543457031,381.23161770019533,1,2,2,2024-04-07,38.560000610351565,38.560000610351565,77.12000122070313,9.89288681407059e-10,0
47,117.56321078068686,374.7000045776367,374.7000045776367,749.4000091552734,1.0,0,1,1.0,1.0,1.0,1,1,1,1,1,6,0,0,0.1054277213538649,0.1859397075090566,335.19623690373373,305.02839532282877,1,2,2,2024-04-07,37.470000457763675,37.470000457763675,74.94000091552735,1.663991776675657e-09,0
0,-250.7600023905436,0.0,259.4000015258789,259.4000015258789,0.0,6,0,0.0,1.0,1.0,1,0,1,0,1,6,0,0,0.0,0.0,0.0,374.9515993387858,1,3,0,2024-04-07,0.0,25.940000152587892,25.940000152587892,2.8431308218904568e-08,1
1,-125.95999946594247,0.0,278.60000228881836,278.60000228881836,0.0,6,0,1.0,1.0,0.0,1,0,0,1,1,0,0,6,0.0,0.10211200876137061,0.0,250.15159641418467,1,3,0,2024-04-07,0.0,27.860000228881837,27.860000228881837,1.3692383861379477e-09,1
2,0.0,0.0,0.0,0.0,1.0,0,1,1.0,1.0,0.0,1,1,0,1,1,0,0,6,0.0,0.0,88.16230010986328,124.19159694824219,0,3,0,2024-04-07,0.0,0.0,0.0,0.0,0
3,0.0,0.0,0.0,0.0,1.0,0,1,1.0,1.0,0.0,1,1,0,1,1,0,0,6,0.0,0.0,85.69160076293946,85.69160076293946,0,3,0,2024-04-07,0.0,0.0,0.0,0.0,0
4,0.0,0.0,0.0,0.0,1.0,0,1,1.0,1.0,0.0,1,1,0,1,1,0,0,6,0.0,0.0,85.69160076293946,85.69160076293946,0,3,0,2024-04-07,0.0,0.0,0.0,0.0,0
5,0.0,0.0,0.0,0.0,1.0,0,1,1.0,1.0,0.0,1,1,0,1,1,0,0,6,0.0,0.0,85.69160076293946,85.69160076293946,0,3,0,2024-04-07,0.0,0.0,0.0,0.0,0
6,0.0,0.0,0.0,0.0,1.0,0,1,1.0,1.0,0.0,1,1,0,1,1,0,0,6,0.0,0.0,85.69160076293946,85.69160076293946,0,3,0,2024-04-07,0.0,0.0,0.0,0.0,0
7,0.0,0.0,0.0,0.0,1.0,0,1,1.0,1.0,0.0,1,1,0,1,1,0,0,6,0.0,0.0,85.69160076293946,85.69160076293946,0,3,0,2024-04-07,0.0,0.0,0.0,0.0,0
8,0.0,0.0,0.0,0.0,1.0,0,1,1.0,1.0,0.0,1,1,0,1,1,0,0,6,0.0,0.0,85.69160076293946,85.69160076293946,0,3,0,2024-04-07,0.0,0.0,0.0,0.0,0
9,0.0,0.0,0.0,0.0,1.0,0,1,1.0,1.0,0.0,1,1,0,1,1,0,0,6,0.0,0.0,85.69160076293946,85.69160076293946,0,3,0,2024-04-07,0.0,0.0,0.0,0.0,0
10,0.0,0.0,0.0,0.0,1.0,0,1,1.0,1.0,0.0,1,1,0,1,1,0,0,6,0.0,0.0,85.69160076293946,85.69160076293946,0,3,0,2024-04-07,0.0,0.0,0.0,0.0,0
11,0.0,0.0,0.0,0.0,1.0,0,1,1.0,1.0,0.0,1,1,0,1,1,0,0,6,0.0,0.0,85.69160076293946,85.69160076293946,0,3,0,2024-04-07,0.0,0.0,0.0,0.0,0
12,0.0,0.0,0.0,0.0,1.0,0,1,1.0,1.0,0.0,1,1,0,1,1,0,0,6,0.0,0.0,161.2774123779297,163.1915969482422,0,3,0,2024-04-07,0.0,0.0,0.0,0.0,0
13,0.0,0.0,0.0,0.0,1.0,0,1,1.0,1.0,0.0,1,1,0,1,1,0,0,6,0.0,0.0,213.1915969482422,207.96770473632813,0,3,0,2024-04-07,0.0,0.0,0.0,0.0,0
14,0.0,0.0,0.0,0.0,1.0,0,1,1.0,1.0,0.0,1,1,0,1,1,0,0,6,0.0,0.0,285.2254562011719,269.76880642089844,0,3,0,2024-04-07,0.0,0.0,0.0,0.0,0
15,0.0,0.0,0.0,0.0,1.0,0,1,1.0,1.0,0.0,1,1,0,1,1,0,0,6,0.0,0.0,304.93892666015626,282.7715072265625,0,3,0,2024-04-07,0.0,0.0,0.0,0.0,0
16,0.0,0.0,0.0,0.0,1.0,0,1,1.0,1.0,0.0,1,1,0,1,1,0,0,6,0.0,0.0,346.5909347167969,314.08144375,0,3,0,2024-04-07,0.0,0.0,0.0,0.0,0
17,93.70000457763669,291.2000045776367,250.0,541.2000045776367,1.0,0,1,1.0,1.0,1.0,1,1,1,1,1,0,2,4,0.0,0.0,553.9190826049804,349.5543517700196,1,3,0,2024-04-07,29.120000457763673,25.0,54.12000045776367,0.09163617011709511,0
18,49.976773977307424,307.7000045776367,307.70000084809726,615.400005425734,1.0,0,1,1.0,1.0,1.0,1,1,1,1,1,1,5,0,0.0,0.0,620.1269340841163,546.8126165500363,1,3,0,2024-04-07,30.770000457763672,30.770000084809727,61.5400005425734,0.14932052036202986,0
19,56.0650005340576,354.4000053405762,331.48333867390954,685.8833440144857,1.0,0,1,1.0,1.0,1.0,1,1,1,1,1,6,0,0,0.0,0.0,673.5302927819798,611.2858523956298,1,3,0,2024-04-07,35.44000053405762,33.14833386739095,68.58833440144858,0.210043069843766,0
20,45.88000068664555,458.8000068664551,458.8000068664551,917.6000137329102,1.0,0,1,1.0,1.0,1.0,1,1,1,1,1,0,6,0,0.0,0.0,700.0704599038671,699.6167873016357,1,3,0,2024-04-07,45.88000068664551,45.88000068664551,91.76000137329102,0.14715442711616478,0
21,64.52000160217287,453.200008392334,453.200008392334,906.400016784668,1.0,0,1,1.0,1.0,1.0,1,1,1,1,1,1,5,0,0.0,0.0,774.6973697662354,665.7264201751708,1,3,0,2024-04-07,45.3200008392334,45.3200008392334,90.6400016784668,0.21286553456969867,0
22,53.081676239418,523.9000015258789,530.700008392334,1054.600009918213,1.0,0,1,1.0,1.0,1.0,1,1,1,1,1,1,4,1,0.0,0.0,819.5256708203226,682.1305658504257,1,3,0,2024-04-07,52.390000152587895,53.0700008392334,105.46000099182129,0.15374637725124757,0
23,97.02000160217284,503.200008392334,503.200008392334,1006.400016784668,1.0,0,1,1.0,1.0,1.0,1,1,1,1,1,0,6,0,0.0,0.0,898.848820840454,640.0815837493897,1,3,0,2024-04-07,50.3200008392334,50.3200008392334,100.6400016784668,0.10422131306956882,0
24,63.840000915527256,629.8000091552734,638.4000091552734,1268.200018310547,1.0,0,1,1.0,1.0,1.0,1,1,1,1,1,6,0,0,0.0,0.0,878.762448083496,694.2136771530899,1,3,0,2024-04-07,62.98000091552734,63.84000091552735,126.8200018310547,0.2490933976933212,0
25,99.59000091552731,610.9000091552734,610.9000091552734,1221.8000183105469,1.0,0,1,1.0,1.0,1.0,1,1,1,1,1,5,1,0,0.0,0.0,945.7990081420897,770.111615762301,1,3,0,2024-04-07,61.09000091552735,61.09000091552735,122.1800018310547,0.010975608842284528,0
26,69.94004374657202,699.4000091552734,699.3999615652239,1398.7999707204972,1.0,0,1,1.0,1.0,1.0,1,1,1,1,1,3,3,0,0.0,0.0,983.8247711879782,845.9169948231777,1,3,0,2024-04-07,69.94000091552735,69.93999615652238,139.87999707204972,0.02764227700181227,0
27,71.59000091552724,715.9000091552734,715.9000091552734,1431.8000183105469,1.0,0,1,1.0,1.0,1.0,1,1,1,1,1,0,6,0,0.0,0.0,1078.5158660522459,919.0635635375977,1,3,0,2024-04-07,71.59000091552734,71.59000091552734,143.18000183105468,0.006504067102749667,0
28,81.37113339591518,715.9000091552734,705.0320841770645,1420.932093332338,1.0,0,1,1.0,1.0,1.0,1,1,1,1,1,3,3,0,0.0,0.0,1103.39080956779,935.3741058618973,1,3,0,2024-04-07,71.59000091552734,70.50320841770645,142.0932093332338,0.0040339501264614695,0
29,73.24009747053746,732.4000091552734,732.3999018719289,1464.7999110272024,1.0,0,1,1.0,1.0,1.0,1,1,1,1,1,4,1,1,0.0,0.0,1178.958626181475,1028.5370948469003,1,3,0,2024-04-07,73.24000091552735,73.2399901871929,146.47999110272025,0.0032520324139837966,0
30,113.57000236511233,742.5266787211101,751.700008392334,1494.226687113444,1.0,0,1,1.0,1.0,1.0,1,1,1,1,1,6,0,0,0.0,0.0,1124.532000314331,882.3134625123676,1,3,0,2024-04-07,74.25266787211102,75.1700008392334,149.42266871134441,1.7870702849482074e-09,0
31,146.50534281302987,762.3266779581706,706.6607386848495,1468.9874166430202,1.0,0,1,1.0,1.0,1.0,1,1,1,1,1,6,0,0,0.0,0.0,1166.188654238811,800.6032337079233,1,3,0,2024-04-07,76.23266779581706,70.66607386848496,146.89874166430204,1.5227210046103641e-09,0
32,94.75000076293951,0.0,837.5000076293945,837.5000076293945,1.0,0,1,1.0,1.0,1.0,1,1,1,1,1,0,0,6,0.0,0.06739537364392462,1055.0695426574707,781.0563816884218,1,3,0,2024-04-07,0.0,83.75000076293946,83.75000076293946,9.109725375236765e-10,0
33,139.57000083923333,839.8966757456461,845.700008392334,1685.59668413798,1.0,0,1,1.0,1.0,1.0,1,1,1,1,1,1,5,0,0.0,0.18403172577981272,1009.3408977142333,690.0643763558907,1,3,0,2024-04-07,83.98966757456462,84.5700008392334,168.55966841379802,0.026824886108425854,0
34,683.9000091552734,908.9000091552734,250.0,1158.9000091552734,1.0,0,1,1.0,1.0,1.0,1,1,1,1,1,6,0,0,0.0,0.3339641031269839,1525.490669213867,166.50897421825402,1,3,0,2024-04-07,90.89000091552735,25.0,115.89000091552735,0.6312483038932453,0
35,90.60980482670658,840.200008392334,840.200008392334,1680.400016784668,1.0,0,1,1.0,1.0,1.0,1,1,1,1,1,6,0,0,0.18168687951695212,0.011368767920999672,687.5466906974139,830.6479694896996,1,3,0,2024-04-07,84.0200008392334,84.0200008392334,168.0400016784668,0.30487804992862105,0
36,85.12000083923337,842.600008392334,851.200008392334,1693.800016784668,1.0,0,1,1.0,1.0,1.0,1,1,1,1,1,0,6,0,0.3081560006858414,0.10012731645931838,582.9477596282959,765.9716357818603,1,3,0,2024-04-07,84.2600008392334,85.1200008392334,169.3800016784668,1.1260766574172786e-09,0
37,164.12258185107456,721.6333368937175,722.0000076293945,1443.633344523112,0.3333333333333333,4,0,0.3333333333333333,1.0,1.0,0,0,1,0,1,6,0,0,0.11553492462814745,0.03702341239443787,638.2594837065433,695.2691035981442,1,3,0,2024-04-07,72.16333368937175,72.20000076293945,144.36333445231122,0.20577038168581804,0
38,85.6400012969971,664.0333346048991,664.4000053405762,1328.4333399454754,0.16666666666666666,5,0,0.16666666666666666,1.0,1.0,0,0,1,0,1,6,0,0,0.27085834572137807,0.0,484.1743640899658,787.9516353240966,1,3,0,2024-04-07,66.40333346048992,66.44000053405762,132.84333399454755,0.17271653812712162,1
39,108.47000120347913,617.3333338419596,617.7000045776367,1235.0333384195965,0.0,6,0,1.0,1.0,0.0,0,0,0,1,1,0,0,6,0.17973589710056634,0.0,506.3763732737916,765.1216354176146,1,3,0,2024-04-07,61.733333384195966,61.77000045776367,123.50333384195966,1.3946179358495367e-11,0
40,123.42774354255766,659.0333346048991,659.4000053405762,1318.4333399454754,0.0,6,0,0.0,1.0,1.0,0,0,1,0,1,6,0,0,0.14262161931676148,0.0,565.0409332398233,706.663893078536,1,3,0,2024-04-07,65.90333346048992,65.94000053405762,131.84333399454755,1.1666597667556806e-09,0
41,98.6100006103515,597.4733370463053,601.1000061035156,1198.573343149821,0.0,6,0,1.0,1.0,0.0,0,0,0,1,1,0,0,6,0.2215299525410436,0.0,465.1150970458984,604.5816115966797,1,3,0,2024-04-07,59.747333704630535,60.11000061035156,119.85733431498211,4.742589945428364e-17,0
42,149.37474382543942,624.3400032043457,639.6000061035156,1263.9400093078614,1.0,0,1,1.0,1.0,1.0,1,1,1,1,1,6,0,0,0.1935326712335899,0.23730956427244754,503.50981462622065,487.81680734643555,1,3,0,2024-04-07,62.43400032043458,63.960000610351564,126.39400093078615,2.551429231390499e-09,0
43,80.96000061035157,523.600001525879,534.6000061035156,1058.2000076293946,0.3333333333333333,4,0,0.3333333333333333,1.0,1.0,0,0,1,0,1,6,0,0,0.144262265337944,0.0,448.0642791748047,556.2315505615234,1,3,0,2024-04-07,52.3600001525879,53.460000610351564,105.82000076293946,1.441957006024621e-09,0
44,48.055920611572176,468.6000015258789,479.6000061035156,948.2000076293946,0.8333333333333334,1,0,1.0,1.0,0.8333333333333334,0,0,0,1,1,0,0,6,0.12258658690511913,0.0,411.1559267150878,578.1356305603027,1,3,0,2024-04-07,46.860000152587894,47.960000610351564,94.82000076293946,1.0170379369246187e-09,0
45,44.26271126280208,396.96667226155597,407.6000061035156,804.5666783650715,0.0,6,0,1.0,1.0,0.0,0,0,0,1,1,0,0,6,0.0980656998044642,0.0,358.0378577471771,516.8622505536041,1,3,0,2024-04-07,39.6966672261556,40.76000061035157,80.45666783650717,8.594850300578026e-10,0
46,60.56000061035157,385.6000061035156,385.6000061035156,771.2000122070312,1.0,0,1,1.0,1.0,1.0,1,1,1,1,1,0,0,6,0.1711199484050332,0.0,319.61615295410155,407.7315871826172,1,3,0,2024-04-07,38.560000610351565,38.560000610351565,77.12000122070313,9.89288681407059e-10,0
47,117.56321078068686,374.7000045776367,374.7000045776367,749.4000091552734,1.0,0,1,1.0,1.0,1.0,1,1,1,1,1,6,0,0,0.0,0.07678565382772516,400.6494534564681,345.92841973689127,1,3,0,2024-04-07,37.470000457763675,37.470000457763675,74.94000091552735,1.663991776675657e-09,0
0,-250.7600023905436,0.0,259.4000015258789,259.4000015258789,0.5,3,0,0.5,1.0,1.0,1,0,1,0,1,6,0,0,0.0,0.0,124.93535460815428,705.3516084940593,1,3,1,2024-04-07,0.0,25.940000152587892,25.940000152587892,2.8431308218904568e-08,0
1,-125.95999946594247,0.0,278.60000228881836,278.60000228881836,0.0,6,0,1.0,1.0,0.0,1,0,0,1,1,0,0,6,0.0,0.0,229.82421073913565,583.0516055694582,1,3,1,2024-04-07,0.0,27.860000228881837,27.860000228881837,1.3692383861379477e-09,0
2,0.0,0.0,0.0,0.0,1.0,0,1,1.0,1.0,0.0,1,1,0,1,1,0,0,6,0.0,0.0,289.5375360696615,368.59163662109376,0,3,1,2024-04-07,0.0,0.0,0.0,0.0,0
3,0.0,0.0,0.0,0.0,1.0,0,1,1.0,1.0,0.0,1,1,0,1,1,0,0,6,0.0,0.0,276.2626723876953,321.8916244140625,0,3,1,2024-04-07,0.0,0.0,0.0,0.0,0
4,0.0,0.0,0.0,0.0,1.0,0,1,1.0,1.0,0.0,1,1,0,1,1,0,0,6,0.0,0.0,279.0990981689453,321.8916244140625,0,3,1,2024-04-07,0.0,0.0,0.0,0.0,0
5,0.0,0.0,0.0,0.0,1.0,0,1,1.0,1.0,0.0,1,1,0,1,1,0,0,6,0.0,0.0,282.63954921875,321.8916244140625,0,3,1,2024-04-07,0.0,0.0,0.0,0.0,0
6,0.0,0.0,0.0,0.0,1.0,0,1,1.0,1.0,0.0,1,1,0,1,1,0,0,6,0.0,0.0,260.42842861328126,294.3915938964844,0,3,1,2024-04-07,0.0,0.0,0.0,0.0,0
7,0.0,0.0,0.0,0.0,1.0,0,1,1.0,1.0,0.0,1,1,0,1,1,0,0,6,0.0,0.0,280.5683517089844,294.3915938964844,0,3,1,2024-04-07,0.0,0.0,0.0,0.0,0
8,0.0,0.0,0.0,0.0,1.0,0,1,1.0,1.0,0.0,1,1,0,1,1,0,0,6,0.0,0.0,275.1915969482422,275.1915969482422,0,3,1,2024-04-07,0.0,0.0,0.0,0.0,0
9,0.0,0.0,0.0,0.0,1.0,0,1,1.0,1.0,0.0,1,1,0,1,1,0,0,6,0.0,0.0,275.1915969482422,275.1915969482422,0,3,1,2024-04-07,0.0,0.0,0.0,0.0,0
10,0.0,0.0,0.0,0.0,1.0,0,1,1.0,1.0,0.0,1,1,0,1,1,0,0,6,0.0,0.0,255.9916,255.9916,0,3,1,2024-04-07,0.0,0.0,0.0,0.0,0
11,0.0,0.0,0.0,0.0,1.0,0,1,1.0,1.0,0.0,1,1,0,1,1,0,0,6,0.0,0.0,255.9916,255.9916,0,3,1,2024-04-07,0.0,0.0,0.0,0.0,0
12,0.0,0.0,0.0,0.0,1.0,0,1,1.0,1.0,0.0,1,1,0,1,1,0,0,6,0.0,0.0,286.19161220703126,286.19161220703126,0,3,1,2024-04-07,0.0,0.0,0.0,0.0,0
13,0.0,0.0,0.0,0.0,1.0,0,1,1.0,1.0,0.0,1,1,0,1,1,0,0,6,0.0,0.0,305.3915938964844,294.6401595703125,0,3,1,2024-04-07,0.0,0.0,0.0,0.0,0
14,0.0,0.0,0.0,0.0,1.0,0,1,1.0,1.0,0.0,1,1,0,1,1,0,0,6,0.0,0.0,401.92009731445313,393.8916244140625,0,3,1,2024-04-07,0.0,0.0,0.0,0.0,0
15,0.0,0.0,0.0,0.0,1.0,0,1,1.0,1.0,0.0,1,1,0,1,1,0,0,6,0.0,0.0,440.19405361328126,443.291648828125,0,3,1,2024-04-07,0.0,0.0,0.0,0.0,0
16,0.0,0.0,0.0,0.0,1.0,0,1,1.0,1.0,0.0,1,1,0,1,1,0,0,6,0.0,0.0,462.60845180664063,465.291648828125,0,3,1,2024-04-07,0.0,0.0,0.0,0.0,0
17,93.70000457763669,291.2000045776367,250.0,541.2000045776367,1.0,0,1,1.0,1.0,1.0,1,1,1,1,1,0,2,4,0.0,0.0,595.1909675231933,401.0366515747071,1,3,1,2024-04-07,29.120000457763673,25.0,54.12000045776367,0.09163617011709511,0
18,49.976773977307424,307.7000045776367,307.70000084809726,615.400005425734,1.0,0,1,1.0,1.0,1.0,1,1,1,1,1,1,5,0,0.0,0.0,549.9087604315717,440.8221685519895,1,3,1,2024-04-07,30.770000457763672,30.770000084809727,61.5400005425734,0.14932052036202986,0
19,56.0650005340576,354.4000053405762,331.48333867390954,685.8833440144857,1.0,0,1,1.0,1.0,1.0,1,1,1,1,1,6,0,0,0.0,0.0,745.9535878133138,607.7162112823486,1,3,1,2024-04-07,35.44000053405762,33.14833386739095,68.58833440144858,0.210043069843766,0
20,45.88000068664555,458.8000068664551,458.8000068664551,917.6000137329102,1.0,0,1,1.0,1.0,1.0,1,1,1,1,1,0,6,0,0.0,0.0,752.1467527229945,649.8678859344482,1,3,1,2024-04-07,45.88000068664551,45.88000068664551,91.76000137329102,0.14715442711616478,0
21,64.52000160217287,453.200008392334,453.200008392334,906.400016784668,1.0,0,1,1.0,1.0,1.0,1,1,1,1,1,1,5,0,0.0,0.0,868.417489321963,673.8992949070868,1,3,1,2024-04-07,45.3200008392334,45.3200008392334,90.6400016784668,0.21286553456969867,0
22,53.081676239418,523.9000015258789,530.700008392334,1054.600009918213,1.0,0,1,1.0,1.0,1.0,1,1,1,1,1,1,4,1,0.0,0.0,891.0025364933242,706.247011037257,1,3,1,2024-04-07,52.390000152587895,53.0700008392334,105.46000099182129,0.15374637725124757,0
23,97.02000160217284,503.200008392334,503.200008392334,1006.400016784668,1.0,0,1,1.0,1.0,1.0,1,1,1,1,1,0,6,0,0.0,0.0,963.3656055084227,707.0800350189209,1,3,1,2024-04-07,50.3200008392334,50.3200008392334,100.6400016784668,0.10422131306956882,0
24,63.840000915527256,629.8000091552734,638.4000091552734,1268.200018310547,1.0,0,1,1.0,1.0,1.0,1,1,1,1,1,6,0,0,0.0,0.0,964.313229333496,814.4600479125977,1,3,1,2024-04-07,62.98000091552734,63.84000091552735,126.8200018310547,0.2490933976933212,0
25,99.59000091552731,610.9000091552734,610.9000091552734,1221.8000183105469,1.0,0,1,1.0,1.0,1.0,1,1,1,1,1,5,1,0,0.0,0.0,1086.6139495483399,915.2889053344727,1,3,1,2024-04-07,61.09000091552735,61.09000091552735,122.1800018310547,0.010975608842284528,0
26,69.94004374657202,699.4000091552734,699.3999615652239,1398.7999707204972,1.0,0,1,1.0,1.0,1.0,1,1,1,1,1,3,3,0,0.0,0.0,1054.7467072231345,944.9343459018655,1,3,1,2024-04-07,69.94000091552735,69.93999615652238,139.87999707204972,0.02764227700181227,0
27,71.59000091552724,715.9000091552734,715.9000091552734,1431.8000183105469,1.0,0,1,1.0,1.0,1.0,1,1,1,1,1,0,6,0,0.0,0.0,1031.7696502319334,941.8755752563477,1,3,1,2024-04-07,71.59000091552734,71.59000091552734,143.18000183105468,0.006504067102749667,0
28,81.37113339591518,715.9000091552734,705.0320841770645,1420.932093332338,1.0,0,1,1.0,1.0,1.0,1,1,1,1,1,3,3,0,0.0,0.0,1038.7156386693525,939.6288666040848,1,3,1,2024-04-07,71.59000091552734,70.50320841770645,142.0932093332338,0.0040339501264614695,0
29,73.24009747053746,732.4000091552734,732.3999018719289,1464.7999110272024,1.0,0,1,1.0,1.0,1.0,1,1,1,1,1,4,1,1,0.0,0.0,996.7757648533499,984.2413478419626,1,3,1,2024-04-07,73.24000091552735,73.2399901871929,146.47999110272025,0.0032520324139837966,0
30,113.57000236511233,742.5266787211101,751.700008392334,1494.226687113444,1.0,0,1,1.0,1.0,1.0,1,1,1,1,1,6,0,0,0.0,0.0,1010.3706843963623,956.7688648223876,1,3,1,2024-04-07,74.25266787211102,75.1700008392334,149.42266871134441,1.7870702849482074e-09,0
31,146.50534281302987,762.3266779581706,706.6607386848495,1468.9874166430202,1.0,0,1,1.0,1.0,1.0,1,1,1,1,1,6,0,0,0.0,0.0,1004.5267279692798,913.8341006861116,1,3,1,2024-04-07,76.23266779581706,70.66607386848496,146.89874166430204,1.5227210046103641e-09,0
32,94.75000076293951,0.0,837.5000076293945,837.5000076293945,1.0,0,1,1.0,1.0,1.0,1,1,1,1,1,0,0,6,0.0,0.0,952.3797233215332,981.4522000661692,1,3,1,2024-04-07,0.0,83.75000076293946,83.75000076293946,9.109725375236765e-10,0
33,139.57000083923333,839.8966757456461,845.700008392334,1685.59668413798,1.0,0,1,1.0,1.0,1.0,1,1,1,1,1,1,5,0,0.0,0.0,1027.5246135345458,963.8700306054253,1,3,1,2024-04-07,83.98966757456462,84.5700008392334,168.55966841379802,0.026824886108425854,0
34,683.9000091552734,908.9000091552734,250.0,1158.9000091552734,1.0,0,1,1.0,1.0,1.0,1,1,1,1,1,6,0,0,0.0,0.0,1448.611595079427,406.4452285400391,1,3,1,2024-04-07,90.89000091552735,25.0,115.89000091552735,0.6312483038932453,0
35,90.60980482670658,840.200008392334,840.200008392334,1680.400016784668,0.6666666666666666,2,0,0.6666666666666666,1.0,1.0,0,0,1,0,1,6,0,0,0.2847998957126181,0.0,600.9111336244564,984.281819587356,1,3,1,2024-04-07,84.0200008392334,84.0200008392334,168.0400016784668,0.30487804992862105,0
36,85.12000083923337,842.600008392334,851.200008392334,1693.800016784668,1.0,0,1,1.0,1.0,1.0,1,1,1,1,1,0,6,0,0.32574804690909187,0.0,568.1247013329468,959.5716724029542,1,3,1,2024-04-07,84.2600008392334,85.1200008392334,169.3800016784668,1.1260766574172786e-09,0
37,164.12258185107456,721.6333368937175,722.0000076293945,1443.633344523112,0.0,6,0,0.0,1.0,1.0,0,0,1,0,1,6,0,0,0.12597791604346423,0.0,630.7234729643558,811.3690181489254,1,3,1,2024-04-07,72.16333368937175,72.20000076293945,144.36333445231122,0.20577038168581804,1
38,85.6400012969971,664.0333346048991,664.4000053405762,1328.4333399454754,0.0,6,0,0.0,1.0,1.0,0,0,1,0,1,6,0,0,0.23211831706684904,0.0,509.89903450012207,853.7348994842529,1,3,1,2024-04-07,66.40333346048992,66.44000053405762,132.84333399454755,0.17271653812712162,1
39,108.47000120347913,617.3333338419596,617.7000045776367,1235.0333384195965,0.3333333333333333,4,0,1.0,1.0,0.3333333333333333,0,0,0,1,1,0,0,6,0.26160752296221695,0.0,455.83428953355724,685.6215743824583,1,3,1,2024-04-07,61.733333384195966,61.77000045776367,123.50333384195966,1.3946179358495367e-11,0
40,123.42774354255766,659.0333346048991,659.4000053405762,1318.4333399454754,1.0,0,1,1.0,1.0,1.0,1,1,1,1,1,6,0,0,0.30938165309937,0.024622646596447174,455.14051209724516,643.1638320433798,1,3,1,2024-04-07,65.90333346048992,65.94000053405762,131.84333399454755,1.1666597667556806e-09,0
41,98.6100006103515,597.4733370463053,601.1000061035156,1198.573343149821,1.0,0,1,1.0,1.0,1.0,1,1,1,1,1,0,0,6,0.3499602921987516,0.0,388.38139343261713,640.4816360107422,1,3,1,2024-04-07,59.747333704630535,60.11000061035156,119.85733431498211,4.742589945428364e-17,0
42,149.37474382543942,624.3400032043457,639.6000061035156,1263.9400093078614,1.0,0,1,1.0,1.0,1.0,1,1,1,1,1,6,0,0,0.2508509138476724,0.05219373513023146,467.7237428488769,606.2168927956543,1,3,1,2024-04-07,62.43400032043458,63.960000610351564,126.39400093078615,2.551429231390499e-09,0
43,80.96000061035157,523.600001525879,534.6000061035156,1058.2000076293946,1.0,0,1,1.0,1.0,1.0,1,1,1,1,1,6,0,0,0.31337580870015413,0.0,359.5164276123047,592.2345412841796,1,3,1,2024-04-07,52.3600001525879,53.460000610351564,105.82000076293946,1.441957006024621e-09,0
44,48.055920611572176,468.6000015258789,479.6000061035156,948.2000076293946,1.0,0,1,1.0,1.0,1.0,1,1,1,1,1,0,0,6,0.2685789420043487,0.0,342.74390889282216,622.801707220459,1,3,1,2024-04-07,46.860000152587894,47.960000610351564,94.82000076293946,1.0170379369246187e-09,0
45,44.26271126280208,396.96667226155597,407.6000061035156,804.5666783650715,1.0,0,1,1.0,1.0,1.0,1,1,1,1,1,0,0,6,0.0,0.0,438.8479468585052,665.2288887371978,1,3,1,2024-04-07,39.6966672261556,40.76000061035157,80.45666783650717,8.594850300578026e-10,0
46,60.56000061035157,385.6000061035156,385.6000061035156,771.2000122070312,1.0,0,1,1.0,1.0,1.0,1,1,1,1,1,0,0,6,0.0,0.0,406.0878631591797,637.9315993896483,1,3,1,2024-04-07,38.560000610351565,38.560000610351565,77.12000122070313,9.89288681407059e-10,0
47,117.56321078068686,374.7000045776367,374.7000045776367,749.4000091552734,0.6666666666666666,2,0,0.6666666666666666,1.0,1.0,0,0,1,0,1,6,0,0,0.0,0.0,428.6152737689681,553.4283892193131,1,3,1,2024-04-07,37.470000457763675,37.470000457763675,74.94000091552735,1.663991776675657e-09,0
0,-250.7600023905436,0.0,259.4000015258789,259.4000015258789,1.0,0,1,1.0,1.0,1.0,1,1,1,1,1,6,0,0,0.0,0.0,42.47672242635093,666.8515779764812,1,3,2,2024-04-07,0.0,25.940000152587892,25.940000152587892,2.8431308218904568e-08,0
1,-125.95999946594247,0.0,278.60000228881836,278.60000228881836,1.0,0,1,1.0,1.0,1.0,1,1,1,1,1,0,0,6,0.0,0.0,128.56361144193005,542.05157505188,1,3,2,2024-04-07,0.0,27.860000228881837,27.860000228881837,1.3692383861379477e-09,0
2,0.0,0.0,0.0,0.0,1.0,0,1,1.0,1.0,0.0,1,1,0,1,1,0,0,6,0.0,0.0,231.22320703718566,388.5915755859375,0,3,2,2024-04-07,0.0,0.0,0.0,0.0,0
3,0.0,0.0,0.0,0.0,1.0,0,1,1.0,1.0,0.0,1,1,0,1,1,0,0,6,0.0,0.0,300.4363404242299,388.5915755859375,0,3,2,2024-04-07,0.0,0.0,0.0,0.0,0
4,0.0,0.0,0.0,0.0,1.0,0,1,1.0,1.0,0.0,1,1,0,1,1,0,0,6,0.0,0.0,336.00041958007813,386.2033919921875,0,3,2,2024-04-07,0.0,0.0,0.0,0.0,0
5,0.0,0.0,0.0,0.0,1.0,0,1,1.0,1.0,0.0,1,1,0,1,1,0,0,6,0.0,0.0,363.4241866699219,377.5915755859375,0,3,2,2024-04-07,0.0,0.0,0.0,0.0,0
6,0.0,0.0,0.0,0.0,1.0,0,1,1.0,1.0,0.0,1,1,0,1,1,0,0,6,0.0,0.0,383.42763515625,377.5915755859375,0,3,2,2024-04-07,0.0,0.0,0.0,0.0,0
7,0.0,0.0,0.0,0.0,1.0,0,1,1.0,1.0,0.0,1,1,0,1,1,0,0,6,0.0,0.0,405.0915755859375,405.0915755859375,0,3,2,2024-04-07,0.0,0.0,0.0,0.0,0
8,0.0,0.0,0.0,0.0,1.0,0,1,1.0,1.0,0.0,1,1,0,1,1,0,0,6,0.0,0.0,405.0915755859375,405.0915755859375,0,3,2,2024-04-07,0.0,0.0,0.0,0.0,0
9,0.0,0.0,0.0,0.0,1.0,0,1,1.0,1.0,0.0,1,1,0,1,1,0,0,6,0.0,0.0,405.0915755859375,405.0915755859375,0,3,2,2024-04-07,0.0,0.0,0.0,0.0,0
10,0.0,0.0,0.0,0.0,1.0,0,1,1.0,1.0,0.0,1,1,0,1,1,0,0,6,0.0,0.0,405.0915755859375,405.0915755859375,0,3,2,2024-04-07,0.0,0.0,0.0,0.0,0
11,0.0,0.0,0.0,0.0,1.0,0,1,1.0,1.0,0.0,1,1,0,1,1,0,0,6,0.0,0.0,405.0915755859375,405.0915755859375,0,3,2,2024-04-07,0.0,0.0,0.0,0.0,0
12,0.0,0.0,0.0,0.0,1.0,0,1,1.0,1.0,0.0,1,1,0,1,1,0,0,6,0.0,0.0,405.0915755859375,405.0915755859375,0,3,2,2024-04-07,0.0,0.0,0.0,0.0,0
13,0.0,0.0,0.0,0.0,1.0,0,1,1.0,1.0,0.0,1,1,0,1,1,0,0,6,0.0,0.0,467.76924892578126,467.90322109375,0,3,2,2024-04-07,0.0,0.0,0.0,0.0,0
14,0.0,0.0,0.0,0.0,1.0,0,1,1.0,1.0,0.0,1,1,0,1,1,0,0,6,0.0,0.0,530.7159041992187,492.00191494140626,0,3,2,2024-04-07,0.0,0.0,0.0,0.0,0
15,0.0,0.0,0.0,0.0,1.0,0,1,1.0,1.0,0.0,1,1,0,1,1,0,0,6,0.0,0.0,530.1712264648437,463.9182357421875,0,3,2,2024-04-07,0.0,0.0,0.0,0.0,0
16,0.0,0.0,0.0,0.0,1.0,0,1,1.0,1.0,0.0,1,1,0,1,1,0,0,6,0.0,0.0,598.4425887695312,523.3464278808593,0,3,2,2024-04-07,0.0,0.0,0.0,0.0,0
17,93.70000457763669,291.2000045776367,250.0,541.2000045776367,1.0,0,1,1.0,1.0,1.0,1,1,1,1,1,0,2,4,0.0,0.0,780.5648345581054,507.13241573486323,1,3,2,2024-04-07,29.120000457763673,25.0,54.12000045776367,0.09163617011709511,0
18,49.976773977307424,307.7000045776367,307.70000084809726,615.400005425734,0.3333333333333333,4,0,1.0,0.2,1.0,0,0,1,1,0,1,5,0,0.0,0.0,750.8683228060681,663.0987493625363,1,3,2,2024-04-07,30.770000457763672,30.770000084809727,61.5400005425734,0.14932052036202986,0
19,56.0650005340576,354.4000053405762,331.48333867390954,685.8833440144857,1.0,0,1,1.0,1.0,1.0,1,1,1,1,1,6,0,0,0.0,0.0,684.1445493054937,671.0266360870361,1,3,2,2024-04-07,35.44000053405762,33.14833386739095,68.58833440144858,0.210043069843766,0
20,45.88000068664555,458.8000068664551,458.8000068664551,917.6000137329102,1.0,0,1,1.0,1.0,1.0,1,1,1,1,1,0,6,0,0.0,0.0,679.7712775347621,693.0721095672607,1,3,2,2024-04-07,45.88000068664551,45.88000068664551,91.76000137329102,0.14715442711616478,0
21,64.52000160217287,453.200008392334,453.200008392334,906.400016784668,0.5,3,0,1.0,0.4,1.0,0,0,1,1,0,1,5,0,0.0,0.0,708.2256290435791,609.0717570892333,1,3,2,2024-04-07,45.3200008392334,45.3200008392334,90.6400016784668,0.21286553456969867,0
22,53.081676239418,523.9000015258789,530.700008392334,1054.600009918213,0.8333333333333334,1,0,1.0,0.75,1.0,0,0,1,1,0,1,4,1,0.0,0.0,710.8475851586481,656.5149042293319,1,3,2,2024-04-07,52.390000152587895,53.0700008392334,105.46000099182129,0.15374637725124757,0
23,97.02000160217284,503.200008392334,503.200008392334,1006.400016784668,1.0,0,1,1.0,1.0,1.0,1,1,1,1,1,0,6,0,0.0,0.0,853.3802921295166,683.6588542572022,1,3,2,2024-04-07,50.3200008392334,50.3200008392334,100.6400016784668,0.10422131306956882,0
24,63.840000915527256,629.8000091552734,638.4000091552734,1268.200018310547,1.0,0,1,1.0,1.0,1.0,1,1,1,1,1,6,0,0,0.0,0.0,906.6452161536814,815.9108764282227,1,3,2,2024-04-07,62.98000091552734,63.84000091552735,126.8200018310547,0.2490933976933212,0
25,99.59000091552731,610.9000091552734,610.9000091552734,1221.8000183105469,1.0,0,1,1.0,1.0,1.0,1,1,1,1,1,5,1,0,0.0,0.0,886.7608001342772,819.9491649480593,1,3,2,2024-04-07,61.09000091552735,61.09000091552735,122.1800018310547,0.010975608842284528,0
26,69.94004374657202,699.4000091552734,699.3999615652239,1398.7999707204972,1.0,0,1,1.0,1.0,1.0,1,1,1,1,1,3,3,0,0.0,0.0,864.2421906215719,863.6273898726375,1,3,2,2024-04-07,69.94000091552735,69.93999615652238,139.87999707204972,0.02764227700181227,0
27,71.59000091552724,715.9000091552734,715.9000091552734,1431.8000183105469,1.0,0,1,1.0,1.0,1.0,1,1,1,1,1,0,6,0,0.0,0.0,1009.2849700561521,1009.0962783813477,1,3,2,2024-04-07,71.59000091552734,71.59000091552734,143.18000183105468,0.006504067102749667,0
28,81.37113339591518,715.9000091552734,705.0320841770645,1420.932093332338,1.0,0,1,1.0,1.0,1.0,1,1,1,1,1,3,3,0,0.0,0.0,1077.8336196263838,1106.4281830103348,1,3,2,2024-04-07,71.59000091552734,70.50320841770645,142.0932093332338,0.0040339501264614695,0
29,73.24009747053746,732.4000091552734,732.3999018719289,1464.7999110272024,1.0,0,1,1.0,1.0,1.0,1,1,1,1,1,4,1,1,0.0,0.0,956.2474445408499,1093.1108338256306,1,3,2,2024-04-07,73.24000091552735,73.2399901871929,146.47999110272025,0.0032520324139837966,0
30,113.57000236511233,742.5266787211101,751.700008392334,1494.226687113444,1.0,0,1,1.0,1.0,1.0,1,1,1,1,1,6,0,0,0.0,0.0,933.5769832244873,1009.6564967890746,1,3,2,2024-04-07,74.25266787211102,75.1700008392334,149.42266871134441,1.7870702849482074e-09,0
31,146.50534281302987,762.3266779581706,706.6607386848495,1468.9874166430202,1.0,0,1,1.0,1.0,1.0,1,1,1,1,1,6,0,0,0.0,0.0,887.9709341704518,899.7863060150952,1,3,2,2024-04-07,76.23266779581706,70.66607386848496,146.89874166430204,1.5227210046103641e-09,0
32,94.75000076293951,0.0,837.5000076293945,837.5000076293945,1.0,0,1,1.0,1.0,1.0,1,1,1,1,1,0,0,6,0.0,0.0,837.244293902588,951.5416480651855,1,3,2,2024-04-07,0.0,83.75000076293946,83.75000076293946,9.109725375236765e-10,0
33,139.57000083923333,839.8966757456461,845.700008392334,1685.59668413798,1.0,0,1,1.0,1.0,1.0,1,1,1,1,1,1,5,0,0.0,0.0,898.2466594329833,907.8341147388998,1,3,2,2024-04-07,83.98966757456462,84.5700008392334,168.55966841379802,0.026824886108425854,0
34,683.9000091552734,908.9000091552734,250.0,1158.9000091552734,1.0,0,1,1.0,1.0,1.0,1,1,1,1,1,6,0,0,0.0,0.0,1314.2449361751608,320.691566430664,1,3,2,2024-04-07,90.89000091552735,25.0,115.89000091552735,0.6312483038932453,0
35,90.60980482670658,840.200008392334,840.200008392334,1680.400016784668,0.3333333333333333,4,0,0.3333333333333333,1.0,1.0,0,0,1,0,1,6,0,0,0.3015907361149679,0.0,586.8034693774878,913.9817707592308,1,3,2,2024-04-07,84.0200008392334,84.0200008392334,168.0400016784668,0.30487804992862105,1
36,85.12000083923337,842.600008392334,851.200008392334,1693.800016784668,1.0,0,1,1.0,1.0,1.0,1,1,1,1,1,0,6,0,0.3259975198057373,0.0,567.9144954681396,950.2715625396729,1,3,2,2024-04-07,84.2600008392334,85.1200008392334,169.3800016784668,1.1260766574172786e-09,0
37,164.12258185107456,721.6333368937175,722.0000076293945,1443.633344523112,0.0,6,0,0.0,1.0,1.0,0,0,1,0,1,6,0,0,0.12779158970033916,0.0,629.4146655913089,863.0690303559568,1,3,2,2024-04-07,72.16333368937175,72.20000076293945,144.36333445231122,0.20577038168581804,0
38,85.6400012969971,664.0333346048991,664.4000053405762,1328.4333399454754,0.16666666666666666,5,0,0.16666666666666666,1.0,1.0,0,0,1,0,1,6,0,0,0.26443113329337453,0.0,488.44224739074707,870.0516719451904,1,3,2,2024-04-07,66.40333346048992,66.44000053405762,132.84333399454755,0.17271653812712162,0
39,108.47000120347913,617.3333338419596,617.7000045776367,1235.0333384195965,1.0,0,1,1.0,1.0,1.0,1,1,1,1,1,0,0,6,0.1650958634813345,0.0,515.4141540355104,847.2216720387083,1,3,2,2024-04-07,61.733333384195966,61.77000045776367,123.50333384195966,1.3946179358495367e-11,0
40,123.42774354255766,659.0333346048991,659.4000053405762,1318.4333399454754,1.0,0,1,1.0,1.0,1.0,1,1,1,1,1,6,0,0,0.12585127554834216,0.0,576.0931488159952,782.7638686644735,1,3,2,2024-04-07,65.90333346048992,65.94000053405762,131.84333399454755,1.1666597667556806e-09,0
41,98.6100006103515,597.4733370463053,601.1000061035156,1198.573343149821,0.6666666666666666,2,0,1.0,1.0,0.6666666666666666,0,0,0,1,1,0,0,6,0.05953199677115405,0.0,561.9045562744141,780.0816115966797,1,3,2,2024-04-07,59.747333704630535,60.11000061035156,119.85733431498211,4.742589945428364e-17,0
42,149.37474382543942,624.3400032043457,639.6000061035156,1263.9400093078614,0.8333333333333334,1,0,0.8333333333333334,1.0,1.0,0,0,1,0,1,6,0,0,0.15911478315148408,0.05297556913646085,524.9982789816894,605.716831760498,1,3,2,2024-04-07,62.43400032043458,63.960000610351564,126.39400093078615,2.551429231390499e-09,0
43,80.96000061035157,523.600001525879,534.6000061035156,1058.2000076293946,0.0,6,0,0.0,1.0,1.0,0,0,1,0,1,6,0,0,0.056212000322416265,0.0,494.1673980712891,646.6315749755859,1,3,2,2024-04-07,52.3600001525879,53.460000610351564,105.82000076293946,1.441957006024621e-09,0
44,48.055920611572176,468.6000015258789,479.6000061035156,948.2000076293946,0.0,6,0,1.0,1.0,0.0,0,0,0,1,1,0,0,6,0.10654707931490219,0.0,418.6720399963378,602.0357160095215,1,3,2,2024-04-07,46.860000152587894,47.960000610351564,94.82000076293946,1.0170379369246187e-09,0
45,44.26271126280208,396.96667226155597,407.6000061035156,804.5666783650715,0.0,6,0,1.0,1.0,0.0,0,0,0,1,1,0,0,6,0.3038140349689312,0.0,276.36262581358335,459.6289131512604,1,3,2,2024-04-07,39.6966672261556,40.76000061035157,80.45666783650717,8.594850300578026e-10,1
46,60.56000061035157,385.6000061035156,385.6000061035156,771.2000122070312,0.16666666666666666,5,0,1.0,1.0,0.16666666666666666,0,0,0,1,1,0,0,6,0.19272352048116473,0.0,311.2858154296875,424.1316115966797,1,3,2,2024-04-07,38.560000610351565,38.560000610351565,77.12000122070313,9.89288681407059e-10,0
47,117.56321078068686,374.7000045776367,374.7000045776367,749.4000091552734,1.0,0,1,1.0,1.0,1.0,1,1,1,1,1,6,0,0,0.0,0.10080495035194857,374.9924710345931,336.92838921931315,1,3,2,2024-04-07,37.470000457763675,37.470000457763675,74.94000091552735,1.663991776675657e-09,0
0,-250.7600023905436,0.0,259.4000015258789,259.4000015258789,0.0,6,0,0.0,1.0,1.0,1,0,1,0,1,6,0,0,0.0,0.0,0.0,383.7516023905436,1,4,0,2024-04-07,0.0,25.940000152587892,25.940000152587892,2.8431308218904568e-08,1
1,-125.95999946594247,0.0,278.60000228881836,278.60000228881836,0.0,6,0,1.0,1.0,0.0,1,0,0,1,1,0,0,6,0.0,0.031042364507629386,0.0,269.9515994659425,1,4,0,2024-04-07,0.0,27.860000228881837,27.860000228881837,1.3692383861379477e-09,1
2,0.0,0.0,0.0,0.0,1.0,0,1,1.0,1.0,0.0,1,1,0,1,1,0,0,6,0.0,0.0,65.891357421875,143.9916,0,4,0,2024-04-07,0.0,0.0,0.0,0.0,0
3,0.0,0.0,0.0,0.0,1.0,0,1,1.0,1.0,0.0,1,1,0,1,1,0,0,6,0.0,0.0,92.51293178710938,93.9916,0,4,0,2024-04-07,0.0,0.0,0.0,0.0,0
4,0.0,0.0,0.0,0.0,1.0,0,1,1.0,1.0,0.0,1,1,0,1,1,0,0,6,0.0,0.0,93.9916,93.9916,0,4,0,2024-04-07,0.0,0.0,0.0,0.0,0
5,0.0,0.0,0.0,0.0,1.0,0,1,1.0,1.0,0.0,1,1,0,1,1,0,0,6,0.0,0.0,93.9916,93.9916,0,4,0,2024-04-07,0.0,0.0,0.0,0.0,0
6,0.0,0.0,0.0,0.0,1.0,0,1,1.0,1.0,0.0,1,1,0,1,1,0,0,6,0.0,0.0,93.9916,93.9916,0,4,0,2024-04-07,0.0,0.0,0.0,0.0,0
7,0.0,0.0,0.0,0.0,1.0,0,1,1.0,1.0,0.0,1,1,0,1,1,0,0,6,0.0,0.0,93.9916,93.9916,0,4,0,2024-04-07,0.0,0.0,0.0,0.0,0
8,0.0,0.0,0.0,0.0,1.0,0,1,1.0,1.0,0.0,1,1,0,1,1,0,0,6,0.0,0.0,93.9916,93.9916,0,4,0,2024-04-07,0.0,0.0,0.0,0.0,0
9,0.0,0.0,0.0,0.0,1.0,0,1,1.0,1.0,0.0,1,1,0,1,1,0,0,6,0.0,0.0,93.9916,93.34560390625,0,4,0,2024-04-07,0.0,0.0,0.0,0.0,0
10,0.0,0.0,0.0,0.0,1.0,0,1,1.0,1.0,0.0,1,1,0,1,1,0,0,6,0.0,0.0,82.9916,82.9916,0,4,0,2024-04-07,0.0,0.0,0.0,0.0,0
11,0.0,0.0,0.0,0.0,1.0,0,1,1.0,1.0,0.0,1,1,0,1,1,0,0,6,0.0,0.0,82.9916,82.9916,0,4,0,2024-04-07,0.0,0.0,0.0,0.0,0
12,0.0,0.0,0.0,0.0,1.0,0,1,1.0,1.0,0.0,1,1,0,1,1,0,0,6,0.0,0.0,102.19159694824219,102.19159694824219,0,4,0,2024-04-07,0.0,0.0,0.0,0.0,0
13,0.0,0.0,0.0,0.0,1.0,0,1,1.0,1.0,0.0,1,1,0,1,1,0,0,6,0.0,0.0,154.49639125976563,176.39159389648438,0,4,0,2024-04-07,0.0,0.0,0.0,0.0,0
14,0.0,0.0,0.0,0.0,1.0,0,1,1.0,1.0,0.0,1,1,0,1,1,0,0,6,0.0,0.0,218.29119106445313,253.89159389648438,0,4,0,2024-04-07,0.0,0.0,0.0,0.0,0
15,0.0,0.0,0.0,0.0,1.0,0,1,1.0,1.0,0.0,1,1,0,1,1,0,0,6,0.0,0.0,314.94515224609376,330.79158779296876,0,4,0,2024-04-07,0.0,0.0,0.0,0.0,0
16,0.0,0.0,0.0,0.0,1.0,0,1,1.0,1.0,0.0,1,1,0,1,1,0,0,6,0.0,0.0,382.56710048828126,409.4672774902344,0,4,0,2024-04-07,0.0,0.0,0.0,0.0,0
17,93.70000457763669,291.2000045776367,250.0,541.2000045776367,1.0,0,1,1.0,1.0,1.0,1,1,1,1,1,6,0,0,0.0,0.0,622.3331451049804,445.11654659423823,1,4,0,2024-04-07,29.120000457763673,25.0,54.12000045776367,0.13451589159025182,0
18,49.976773977307424,307.7000045776367,307.70000084809726,615.400005425734,1.0,0,1,1.0,1.0,1.0,1,1,1,1,1,6,0,0,0.0,0.0,774.3805520168581,728.3405706515988,1,4,0,2024-04-07,30.770000457763672,30.770000084809727,61.5400005425734,0.10894094222245969,0
19,56.0650005340576,354.4000053405762,331.48333867390954,685.8833440144857,1.0,0,1,1.0,1.0,1.0,1,1,1,1,1,6,0,0,0.0,0.0,731.5341677164396,747.7570438018798,1,4,0,2024-04-07,35.44000053405762,33.14833386739095,68.58833440144858,0.11757744559280343,0
20,45.88000068664555,458.8000068664551,458.8000068664551,917.6000137329102,1.0,0,1,1.0,1.0,1.0,1,1,1,1,1,0,0,6,0.0,0.0,628.6029173985481,746.2326320281982,1,4,0,2024-04-07,45.88000068664551,45.88000068664551,91.76000137329102,4.157254542281278e-10,0
21,64.52000160217287,453.200008392334,453.200008392334,906.400016784668,1.0,0,1,1.0,1.0,1.0,1,1,1,1,1,0,6,0,0.0,0.0,648.2173282623291,727.4449260345458,1,4,0,2024-04-07,45.3200008392334,45.3200008392334,90.6400016784668,0.00307690302444629,0
22,53.081676239418,523.9000015258789,530.700008392334,1054.600009918213,1.0,0,1,1.0,1.0,1.0,1,1,1,1,1,1,5,0,0.0,0.0,699.561900848793,798.7291376277694,1,4,0,2024-04-07,52.390000152587895,53.0700008392334,105.46000099182129,0.05313671115354809,0
23,97.02000160217284,503.200008392334,503.200008392334,1006.400016784668,1.0,0,1,1.0,1.0,1.0,1,1,1,1,1,0,6,0,0.0,0.0,798.8404972076416,771.6825358978272,1,4,0,2024-04-07,50.3200008392334,50.3200008392334,100.6400016784668,2.653306888683733e-09,0
24,63.840000915527256,629.8000091552734,638.4000091552734,1268.200018310547,1.0,0,1,1.0,1.0,1.0,1,1,1,1,1,0,0,6,0.0,0.0,901.348484802246,914.1360961547852,1,4,0,2024-04-07,62.98000091552734,63.84000091552735,126.8200018310547,6.015922993236214e-10,0
25,99.59000091552731,610.9000091552734,610.9000091552734,1221.8000183105469,1.0,0,1,1.0,1.0,1.0,1,1,1,1,1,0,6,0,0.0,0.0,994.1262287171681,904.2206908813477,1,4,0,2024-04-07,61.09000091552735,61.09000091552735,122.1800018310547,2.497755604868726e-09,0
26,69.94004374657202,699.4000091552734,699.3999615652239,1398.7999707204972,1.0,0,1,1.0,1.0,1.0,1,1,1,1,1,6,0,0,0.0,0.0,943.6288254848532,880.6625181674905,1,4,0,2024-04-07,69.94000091552735,69.93999615652238,139.87999707204972,2.2577875148733914e-09,0
27,71.59000091552724,715.9000091552734,715.9000091552734,1431.8000183105469,1.0,0,1,1.0,1.0,1.0,1,1,1,1,1,6,0,0,0.0,0.0,855.1836495702564,922.1424438110353,1,4,0,2024-04-07,71.59000091552734,71.59000091552734,143.18000183105468,0.12500000053285332,0
28,81.37113339591518,715.9000091552734,705.0320841770645,1420.932093332338,1.0,0,1,1.0,1.0,1.0,1,1,1,1,1,6,0,0,0.0,0.0,824.9422393529464,919.8624099634598,1,4,0,2024-04-07,71.59000091552734,70.50320841770645,142.0932093332338,1.054900885773968e-09,0
29,73.24009747053746,732.4000091552734,732.3999018719289,1464.7999110272024,1.0,0,1,1.0,1.0,1.0,1,1,1,1,1,0,3,3,0.0,0.0,815.2456516697562,927.1278453029,1,4,0,2024-04-07,73.24000091552735,73.2399901871929,146.47999110272025,0.038736641926076794,0
30,113.57000236511233,742.5266787211101,751.700008392334,1494.226687113444,1.0,0,1,1.0,1.0,1.0,1,1,1,1,1,6,0,0,0.0,0.0,842.7736156463624,865.1270419708251,1,4,0,2024-04-07,74.25266787211102,75.1700008392334,149.42266871134441,1.7870702849482074e-09,0
31,146.50534281302987,762.3266779581706,706.6607386848495,1468.9874166430202,1.0,0,1,1.0,1.0,1.0,1,1,1,1,1,6,0,0,0.0,0.0,958.1388877349049,938.9014183197827,1,4,0,2024-04-07,76.23266779581706,70.66607386848496,146.89874166430204,0.012602725352626033,0
32,94.75000076293951,0.0,837.5000076293945,837.5000076293945,1.0,0,1,1.0,1.0,1.0,1,1,1,1,1,0,0,6,0.0,0.0,844.3149421691895,996.295432244873,1,4,0,2024-04-07,0.0,83.75000076293946,83.75000076293946,9.109725375236765e-10,0
33,139.57000083923333,839.8966757456461,845.700008392334,1685.59668413798,0.5,3,0,0.0,1.0,1.0,0,0,1,0,1,3,3,0,0.15295520412732594,0.006431566488298466,711.4301082611083,840.2608325592041,1,4,0,2024-04-07,83.98966757456462,84.5700008392334,168.55966841379802,0.03737089327069924,0
34,683.9000091552734,908.9000091552734,250.0,1158.9000091552734,1.0,0,1,1.0,1.0,1.0,1,1,1,1,1,6,0,0,0.0,0.0,1241.2914276123047,271.850013696289,1,4,0,2024-04-07,90.89000091552735,25.0,115.89000091552735,0.11560649156729066,0
35,90.60980482670658,840.200008392334,840.200008392334,1680.400016784668,1.0,0,1,1.0,1.0,1.0,1,1,1,1,1,6,0,0,0.0,0.0,862.116518693894,874.4818317943871,1,4,0,2024-04-07,84.0200008392334,84.0200008392334,168.0400016784668,1.535713403612018e-09,0
36,85.12000083923337,842.600008392334,851.200008392334,1693.800016784668,1.0,0,1,1.0,1.0,1.0,1,1,1,1,1,4,2,0,0.06200909909325984,0.0,790.3511409759521,853.407854043579,1,4,0,2024-04-07,84.2600008392334,85.1200008392334,169.3800016784668,0.04852836460351622,0
37,164.12258185107456,721.6333368937175,722.0000076293945,1443.633344523112,1.0,0,1,1.0,1.0,1.0,1,1,1,1,1,3,3,0,0.0,0.0,829.1614002104495,750.3062129731442,1,4,0,2024-04-07,72.16333368937175,72.20000076293945,144.36333445231122,0.0374904774027081,0
38,85.6400012969971,664.0333346048991,664.4000053405762,1328.4333399454754,1.0,0,1,1.0,1.0,1.0,1,1,1,1,1,6,0,0,0.0,0.0,715.9254627227783,821.7515620819091,1,4,0,2024-04-07,66.40333346048992,66.44000053405762,132.84333399454755,1.4357880097412305e-09,0
39,108.47000120347913,617.3333338419596,617.7000045776367,1235.0333384195965,1.0,0,1,1.0,1.0,1.0,1,1,1,1,1,0,0,6,0.0,0.0,753.5637512034791,826.4215621754271,1,4,0,2024-04-07,61.733333384195966,61.77000045776367,123.50333384195966,1.3946179358495367e-11,0
40,123.42774354255766,659.0333346048991,659.4000053405762,1318.4333399454754,1.0,0,1,1.0,1.0,1.0,1,1,1,1,1,6,0,0,0.0,0.0,790.7938928790546,861.4638198363485,1,4,0,2024-04-07,65.90333346048992,65.94000053405762,131.84333399454755,1.1666597667556806e-09,0
41,98.6100006103515,597.4733370463053,601.1000061035156,1198.573343149821,1.0,0,1,1.0,1.0,1.0,1,1,1,1,1,0,0,6,0.0,0.0,751.7956085205078,878.5816115966797,1,4,0,2024-04-07,59.747333704630535,60.11000061035156,119.85733431498211,4.742589945428364e-17,0
42,149.37474382543942,624.3400032043457,639.6000061035156,1263.9400093078614,1.0,0,1,1.0,1.0,1.0,1,1,1,1,1,6,0,0,0.0,0.0,755.3734620871581,753.6168561745606,1,4,0,2024-04-07,62.43400032043458,63.960000610351564,126.39400093078615,2.551429231390499e-09,0
43,80.96000061035157,523.600001525879,534.6000061035156,1058.2000076293946,1.0,0,1,1.0,1.0,1.0,1,1,1,1,1,6,0,0,0.0,0.0,664.6033721923828,772.5315993896484,1,4,0,2024-04-07,52.3600001525879,53.460000610351564,105.82000076293946,1.441957006024621e-09,0
44,48.055920611572176,468.6000015258789,479.6000061035156,948.2000076293946,0.5,3,0,1.0,1.0,0.5,0,0,0,1,1,0,0,6,0.0,0.0,601.0321169006347,742.1356305603027,1,4,0,2024-04-07,46.860000152587894,47.960000610351564,94.82000076293946,1.0170379369246187e-09,0
45,44.26271126280208,396.96667226155597,407.6000061035156,804.5666783650715,1.0,0,1,1.0,1.0,1.0,1,1,1,1,1,0,0,6,0.0,0.0,602.5581214190521,743.2096016278228,1,4,0,2024-04-07,39.6966672261556,40.76000061035157,80.45666783650717,8.594850300578026e-10,0
46,60.56000061035157,385.6000061035156,385.6000061035156,771.2000122070312,0.8333333333333334,1,0,1.0,1.0,0.8333333333333334,0,0,0,1,1,0,0,6,0.0,0.0,631.9231597900391,725.1140945068358,1,4,0,2024-04-07,38.560000610351565,38.560000610351565,77.12000122070313,9.89288681407059e-10,0
47,117.56321078068686,374.7000045776367,374.7000045776367,749.4000091552734,1.0,0,1,1.0,1.0,1.0,1,1,1,1,1,6,0,0,0.0,0.0,650.0196316791244,600.1284014263443,1,4,0,2024-04-07,37.470000457763675,37.470000457763675,74.94000091552735,1.663991776675657e-09,0
0,-250.7600023905436,0.0,259.4000015258789,259.4000015258789,0.0,6,0,0.0,1.0,1.0,1,0,1,0,1,6,0,0,0.0,0.0,0.0,374.9515993387858,1,4,1,2024-04-07,0.0,25.940000152587892,25.940000152587892,2.8431308218904568e-08,1
1,-125.95999946594247,0.0,278.60000228881836,278.60000228881836,0.0,6,0,1.0,1.0,0.0,1,0,0,1,1,0,0,6,0.0,0.03319598428218735,0.0,269.3516009918214,1,4,1,2024-04-07,0.0,27.860000228881837,27.860000228881837,1.3692383861379477e-09,0
2,0.0,0.0,0.0,0.0,1.0,0,1,1.0,1.0,0.0,1,1,0,1,1,0,0,6,0.0,0.0,89.5472412109375,132.3916015258789,0,4,1,2024-04-07,0.0,0.0,0.0,0.0,0
3,0.0,0.0,0.0,0.0,1.0,0,1,1.0,1.0,0.0,1,1,0,1,1,0,0,6,0.0,0.0,176.52296282324218,182.39159389648438,0,4,1,2024-04-07,0.0,0.0,0.0,0.0,0
4,0.0,0.0,0.0,0.0,1.0,0,1,1.0,1.0,0.0,1,1,0,1,1,0,0,6,0.0,0.0,182.39159389648438,182.39159389648438,0,4,1,2024-04-07,0.0,0.0,0.0,0.0,0
5,0.0,0.0,0.0,0.0,1.0,0,1,1.0,1.0,0.0,1,1,0,1,1,0,0,6,0.0,0.0,182.39159389648438,176.72325893554688,0,4,1,2024-04-07,0.0,0.0,0.0,0.0,0
6,0.0,0.0,0.0,0.0,1.0,0,1,1.0,1.0,0.0,1,1,0,1,1,0,0,6,0.0,0.0,182.39159389648438,174.38072963867188,0,4,1,2024-04-07,0.0,0.0,0.0,0.0,0
7,0.0,0.0,0.0,0.0,1.0,0,1,1.0,1.0,0.0,1,1,0,1,1,0,0,6,0.0,0.0,182.39159389648438,173.29061123046876,0,4,1,2024-04-07,0.0,0.0,0.0,0.0,0
8,0.0,0.0,0.0,0.0,1.0,0,1,1.0,1.0,0.0,1,1,0,1,1,0,0,6,0.0,0.0,132.3916015258789,132.3916015258789,0,4,1,2024-04-07,0.0,0.0,0.0,0.0,0
9,0.0,0.0,0.0,0.0,1.0,0,1,1.0,1.0,0.0,1,1,0,1,1,0,0,6,0.0,0.0,132.3916015258789,130.3995818725586,0,4,1,2024-04-07,0.0,0.0,0.0,0.0,0
10,0.0,0.0,0.0,0.0,1.0,0,1,1.0,1.0,0.0,1,1,0,1,1,0,0,6,0.0,0.0,132.3916015258789,122.45295711669922,0,4,1,2024-04-07,0.0,0.0,0.0,0.0,0
11,0.0,0.0,0.0,0.0,1.0,0,1,1.0,1.0,0.0,1,1,0,1,1,0,0,6,0.0,0.0,158.135887109375,144.87837215576172,0,4,1,2024-04-07,0.0,0.0,0.0,0.0,0
12,0.0,0.0,0.0,0.0,1.0,0,1,1.0,1.0,0.0,1,1,0,1,1,0,0,6,0.0,0.0,151.59160610351563,151.59160610351563,0,4,1,2024-04-07,0.0,0.0,0.0,0.0,0
13,0.0,0.0,0.0,0.0,1.0,0,1,1.0,1.0,0.0,1,1,0,1,1,0,0,6,0.0,0.0,201.09160610351563,201.09160610351563,0,4,1,2024-04-07,0.0,0.0,0.0,0.0,0
14,0.0,0.0,0.0,0.0,1.0,0,1,1.0,1.0,0.0,1,1,0,1,1,0,0,6,0.0,0.0,227.24227138671876,228.59159084472657,0,4,1,2024-04-07,0.0,0.0,0.0,0.0,0
15,0.0,0.0,0.0,0.0,1.0,0,1,1.0,1.0,0.0,1,1,0,1,1,0,0,6,0.0,0.0,249.12717434082032,250.59159084472657,0,4,1,2024-04-07,0.0,0.0,0.0,0.0,0
16,0.0,0.0,0.0,0.0,1.0,0,1,1.0,1.0,0.0,1,1,0,1,1,0,0,6,0.0,0.0,330.37895961914063,335.31649013671876,0,4,1,2024-04-07,0.0,0.0,0.0,0.0,0
17,93.70000457763669,291.2000045776367,250.0,541.2000045776367,1.0,0,1,1.0,1.0,1.0,1,1,1,1,1,6,0,0,0.0,0.0,513.4532012573242,335.38429977830094,1,4,1,2024-04-07,29.120000457763673,25.0,54.12000045776367,0.13451589159025182,0
18,49.976773977307424,307.7000045776367,307.70000084809726,615.400005425734,0.6666666666666666,2,0,0.6666666666666666,1.0,1.0,0,0,1,0,1,6,0,0,0.0,0.0,531.2298791042606,458.3514966462796,1,4,1,2024-04-07,30.770000457763672,30.770000084809727,61.5400005425734,0.10894094222245969,0
19,56.0650005340576,354.4000053405762,331.48333867390954,685.8833440144857,1.0,0,1,1.0,1.0,1.0,1,1,1,1,1,6,0,0,0.0,0.0,548.5067958465576,478.3320941925049,1,4,1,2024-04-07,35.44000053405762,33.14833386739095,68.58833440144858,0.11757744559280343,0
20,45.88000068664555,458.8000068664551,458.8000068664551,917.6000137329102,1.0,0,1,1.0,1.0,1.0,1,1,1,1,1,0,0,6,0.0,0.0,556.3411136260987,531.2668846436815,1,4,1,2024-04-07,45.88000068664551,45.88000068664551,91.76000137329102,4.157254542281278e-10,0
21,64.52000160217287,453.200008392334,453.200008392334,906.400016784668,1.0,0,1,1.0,1.0,1.0,1,1,1,1,1,0,6,0,0.0,0.0,589.212456221517,544.771647225952,1,4,1,2024-04-07,45.3200008392334,45.3200008392334,90.6400016784668,0.00307690302444629,0
22,53.081676239418,523.9000015258789,530.700008392334,1054.600009918213,1.0,0,1,1.0,1.0,1.0,1,1,1,1,1,1,5,0,0.0,0.0,573.3328266691436,575.4099237605819,1,4,1,2024-04-07,52.390000152587895,53.0700008392334,105.46000099182129,0.05313671115354809,0
23,97.02000160217284,503.200008392334,503.200008392334,1006.400016784668,1.0,0,1,1.0,1.0,1.0,1,1,1,1,1,0,6,0,0.0,0.0,679.7050636733372,597.4716594329834,1,4,1,2024-04-07,50.3200008392334,50.3200008392334,100.6400016784668,2.653306888683733e-09,0
24,63.840000915527256,629.8000091552734,638.4000091552734,1268.200018310547,1.0,0,1,1.0,1.0,1.0,1,1,1,1,1,0,0,6,0.0,0.0,714.508885192871,699.8376952758789,1,4,1,2024-04-07,62.98000091552734,63.84000091552735,126.8200018310547,6.015922993236214e-10,0
25,99.59000091552731,610.9000091552734,610.9000091552734,1221.8000183105469,1.0,0,1,1.0,1.0,1.0,1,1,1,1,1,0,6,0,0.0,0.0,796.2061326281229,692.6421996704102,1,4,1,2024-04-07,61.09000091552735,61.09000091552735,122.1800018310547,2.497755604868726e-09,0
26,69.94004374657202,699.4000091552734,699.3999615652239,1398.7999707204972,1.0,0,1,1.0,1.0,1.0,1,1,1,1,1,6,0,0,0.0,0.0,780.353129684072,786.551556253428,1,4,1,2024-04-07,69.94000091552735,69.93999615652238,139.87999707204972,2.2577875148733914e-09,0
27,71.59000091552724,715.9000091552734,715.9000091552734,1431.8000183105469,1.0,0,1,1.0,1.0,1.0,1,1,1,1,1,6,0,0,0.0,0.0,759.5624130249023,784.9015990844728,1,4,1,2024-04-07,71.59000091552734,71.59000091552734,143.18000183105468,0.12500000053285332,0
28,81.37113339591518,715.9000091552734,705.0320841770645,1420.932093332338,1.0,0,1,1.0,1.0,1.0,1,1,1,1,1,6,0,0,0.023620588152996648,0.0,698.9900298802902,788.0214675806473,1,4,1,2024-04-07,71.59000091552734,70.50320841770645,142.0932093332338,1.054900885773968e-09,0
29,73.24009747053746,732.4000091552734,732.3999018719289,1464.7999110272024,1.0,0,1,1.0,1.0,1.0,1,1,1,1,1,0,3,3,0.16629371398047904,0.044079770323753056,610.6064915135062,700.115882412275,1,4,1,2024-04-07,73.24000091552735,73.2399901871929,146.47999110272025,0.038736641926076794,0
30,113.57000236511233,742.5266787211101,751.700008392334,1494.226687113444,1.0,0,1,1.0,1.0,1.0,1,1,1,1,1,6,0,0,0.10824544853483478,0.1158512925650142,662.1515453338624,664.6145907989501,1,4,1,2024-04-07,74.25266787211102,75.1700008392334,149.42266871134441,1.7870702849482074e-09,0
31,146.50534281302987,762.3266779581706,706.6607386848495,1468.9874166430202,1.0,0,1,1.0,1.0,1.0,1,1,1,1,1,6,0,0,0.03471298105785503,0.07779462653890126,735.8640464263111,651.6863304291576,1,4,1,2024-04-07,76.23266779581706,70.66607386848496,146.89874166430204,0.012602725352626033,0
32,94.75000076293951,0.0,837.5000076293945,837.5000076293945,1.0,0,1,1.0,1.0,1.0,1,1,1,1,1,0,0,6,0.0,0.16006965245243232,672.8987434387208,703.4416724792479,1,4,1,2024-04-07,0.0,83.75000076293946,83.75000076293946,9.109725375236765e-10,0
33,139.57000083923333,839.8966757456461,845.700008392334,1685.59668413798,1.0,0,1,1.0,1.0,1.0,1,1,1,1,1,3,3,0,0.19417571693498956,0.24403254314100273,676.8091365814208,639.3216846099854,1,4,1,2024-04-07,83.98966757456462,84.5700008392334,168.55966841379802,0.03737089327069924,0
34,683.9000091552734,908.9000091552734,250.0,1158.9000091552734,1.0,0,1,1.0,1.0,1.0,1,1,1,1,1,6,0,0,0.0,0.687633392480469,1198.220199584961,78.09165187988276,1,4,1,2024-04-07,90.89000091552735,25.0,115.89000091552735,0.11560649156729066,0
35,90.60980482670658,840.200008392334,840.200008392334,1680.400016784668,1.0,0,1,1.0,1.0,1.0,1,1,1,1,1,6,0,0,0.020500667842950383,0.15098643219568955,822.9753470986386,713.3412067943871,1,4,1,2024-04-07,84.0200008392334,84.0200008392334,168.0400016784668,1.535713403612018e-09,0
36,85.12000083923337,842.600008392334,851.200008392334,1693.800016784668,1.0,0,1,1.0,1.0,1.0,1,1,1,1,1,4,2,0,0.06369370316258854,0.13325695801693113,788.931693572998,737.7716846099853,1,4,1,2024-04-07,84.2600008392334,85.1200008392334,169.3800016784668,0.04852836460351622,0
37,164.12258185107456,721.6333368937175,722.0000076293945,1443.633344523112,1.0,0,1,1.0,1.0,1.0,1,1,1,1,1,3,3,0,0.0,0.06564036221431495,860.1955188627933,674.6076656098629,1,4,1,2024-04-07,72.16333368937175,72.20000076293945,144.36333445231122,0.0374904774027081,0
38,85.6400012969971,664.0333346048991,664.4000053405762,1328.4333399454754,1.0,0,1,1.0,1.0,1.0,1,1,1,1,1,6,0,0,0.0,0.021106285219526746,679.3306140899658,650.3769893280029,1,4,1,2024-04-07,66.40333346048992,66.44000053405762,132.84333399454755,1.4357880097412305e-09,0
39,108.47000120347913,617.3333338419596,617.7000045776367,1235.0333384195965,1.0,0,1,1.0,1.0,1.0,1,1,1,1,1,0,0,6,0.0,0.05338911180968905,666.3405456370729,584.7215499683958,1,4,1,2024-04-07,61.733333384195966,61.77000045776367,123.50333384195966,1.3946179358495367e-11,0
40,123.42774354255766,659.0333346048991,659.4000053405762,1318.4333399454754,1.0,0,1,1.0,1.0,1.0,1,1,1,1,1,6,0,0,0.0,0.13819801959605602,676.1018768433389,568.2722304808798,1,4,1,2024-04-07,65.90333346048992,65.94000053405762,131.84333399454755,1.1666597667556806e-09,0
41,98.6100006103515,597.4733370463053,601.1000061035156,1198.573343149821,1.0,0,1,1.0,1.0,1.0,1,1,1,1,1,0,0,6,0.0,0.0,698.9952545166016,642.682258569336,1,4,1,2024-04-07,59.747333704630535,60.11000061035156,119.85733431498211,4.742589945428364e-17,0
42,149.37474382543942,624.3400032043457,639.6000061035156,1263.9400093078614,1.0,0,1,1.0,1.0,1.0,1,1,1,1,1,6,0,0,0.0,0.16207715044416768,697.5821412863769,535.9354596901856,1,4,1,2024-04-07,62.43400032043458,63.960000610351564,126.39400093078615,2.551429231390499e-09,0
43,80.96000061035157,523.600001525879,534.6000061035156,1058.2000076293946,1.0,0,1,1.0,1.0,1.0,1,1,1,1,1,6,0,0,0.0,0.0,578.0335479736328,577.7191604248046,1,4,1,2024-04-07,52.3600001525879,53.460000610351564,105.82000076293946,1.441957006024621e-09,0
44,48.055920611572176,468.6000015258789,479.6000061035156,948.2000076293946,1.0,0,1,1.0,1.0,1.0,1,1,1,1,1,0,0,6,0.0,0.0,503.67408467407216,566.4934796813965,1,4,1,2024-04-07,46.860000152587894,47.960000610351564,94.82000076293946,1.0170379369246187e-09,0
45,44.26271126280208,396.96667226155597,407.6000061035156,804.5666783650715,1.0,0,1,1.0,1.0,1.0,1,1,1,1,1,0,0,6,0.0,0.0,438.1658789874115,517.2288887371978,1,4,1,2024-04-07,39.6966672261556,40.76000061035157,80.45666783650717,8.594850300578026e-10,0
46,60.56000061035157,385.6000061035156,385.6000061035156,771.2000122070312,1.0,0,1,1.0,1.0,1.0,1,1,1,1,1,0,0,6,0.0,0.0,452.05304260253905,500.9315993896484,1,4,1,2024-04-07,38.560000610351565,38.560000610351565,77.12000122070313,9.89288681407059e-10,0
47,117.56321078068686,374.7000045776367,374.7000045776367,749.4000091552734,1.0,0,1,1.0,1.0,1.0,1,1,1,1,1,6,0,0,0.0,0.0,509.28171664006186,452.22837701228184,1,4,1,2024-04-07,37.470000457763675,37.470000457763675,74.94000091552735,1.663991776675657e-09,0
0,-250.7600023905436,0.0,259.4000015258789,259.4000015258789,0.0,6,0,0.0,1.0,1.0,1,0,1,0,1,6,0,0,0.0,0.0,0.0,529.8515932352702,1,4,2,2024-04-07,0.0,25.940000152587892,25.940000152587892,2.8431308218904568e-08,0
1,-125.95999946594247,0.0,278.60000228881836,278.60000228881836,0.0,6,0,1.0,1.0,0.0,1,0,0,1,1,0,0,6,0.0,0.0,0.0,405.05159031066904,1,4,2,2024-04-07,0.0,27.860000228881837,27.860000228881837,1.3692383861379477e-09,1
2,0.0,0.0,0.0,0.0,1.0,0,1,1.0,1.0,0.0,1,1,0,1,1,0,0,6,0.0,0.0,131.8125457763672,248.29160305175782,0,4,2,2024-04-07,0.0,0.0,0.0,0.0,0
3,0.0,0.0,0.0,0.0,1.0,0,1,1.0,1.0,0.0,1,1,0,1,1,0,0,6,0.0,0.0,197.9136183408203,248.29160305175782,0,4,2,2024-04-07,0.0,0.0,0.0,0.0,0
4,0.0,0.0,0.0,0.0,1.0,0,1,1.0,1.0,0.0,1,1,0,1,1,0,0,6,0.0,0.0,177.9476546875,198.29160305175782,0,4,2,2024-04-07,0.0,0.0,0.0,0.0,0
5,0.0,0.0,0.0,0.0,1.0,0,1,1.0,1.0,0.0,1,1,0,1,1,0,0,6,0.0,0.0,198.23499294433594,206.59159084472657,0,4,2,2024-04-07,0.0,0.0,0.0,0.0,0
6,0.0,0.0,0.0,0.0,1.0,0,1,1.0,1.0,0.0,1,1,0,1,1,0,0,6,0.0,0.0,151.59160610351563,151.59160610351563,0,4,2,2024-04-07,0.0,0.0,0.0,0.0,0
7,0.0,0.0,0.0,0.0,1.0,0,1,1.0,1.0,0.0,1,1,0,1,1,0,0,6,0.0,0.0,151.59160610351563,151.59160610351563,0,4,2,2024-04-07,0.0,0.0,0.0,0.0,0
8,0.0,0.0,0.0,0.0,1.0,0,1,1.0,1.0,0.0,1,1,0,1,1,0,0,6,0.0,0.0,151.59160610351563,151.59160610351563,0,4,2,2024-04-07,0.0,0.0,0.0,0.0,0
9,0.0,0.0,0.0,0.0,1.0,0,1,1.0,1.0,0.0,1,1,0,1,1,0,0,6,0.0,0.0,151.59160610351563,151.59160610351563,0,4,2,2024-04-07,0.0,0.0,0.0,0.0,0
10,0.0,0.0,0.0,0.0,1.0,0,1,1.0,1.0,0.0,1,1,0,1,1,0,0,6,0.0,0.0,151.59160610351563,151.59160610351563,0,4,2,2024-04-07,0.0,0.0,0.0,0.0,0
11,0.0,0.0,0.0,0.0,1.0,0,1,1.0,1.0,0.0,1,1,0,1,1,0,0,6,0.0,0.0,151.59160610351563,151.59160610351563,0,4,2,2024-04-07,0.0,0.0,0.0,0.0,0
12,0.0,0.0,0.0,0.0,1.0,0,1,1.0,1.0,0.0,1,1,0,1,1,0,0,6,0.0,0.0,151.59160610351563,151.59160610351563,0,4,2,2024-04-07,0.0,0.0,0.0,0.0,0
13,0.0,0.0,0.0,0.0,1.0,0,1,1.0,1.0,0.0,1,1,0,1,1,0,0,6,0.0,0.0,240.29769130859376,256.59159084472657,0,4,2,2024-04-07,0.0,0.0,0.0,0.0,0
14,0.0,0.0,0.0,0.0,1.0,0,1,1.0,1.0,0.0,1,1,0,1,1,0,0,6,0.0,0.0,355.5522689453125,364.29158779296876,0,4,2,2024-04-07,0.0,0.0,0.0,0.0,0
15,0.0,0.0,0.0,0.0,1.0,0,1,1.0,1.0,0.0,1,1,0,1,1,0,0,6,0.0,0.0,354.4040755859375,364.29158779296876,0,4,2,2024-04-07,0.0,0.0,0.0,0.0,0
16,0.0,0.0,0.0,0.0,1.0,0,1,1.0,1.0,0.0,1,1,0,1,1,0,0,6,0.0,0.0,348.8833236328125,386.19158168945313,0,4,2,2024-04-07,0.0,0.0,0.0,0.0,0
17,93.70000457763669,291.2000045776367,250.0,541.2000045776367,1.0,0,1,1.0,1.0,1.0,1,1,1,1,1,6,0,0,0.0,0.0,433.28242489013667,292.49157711181647,1,4,2,2024-04-07,29.120000457763673,25.0,54.12000045776367,0.13451589159025182,0
18,49.976773977307424,307.7000045776367,307.70000084809726,615.400005425734,1.0,0,1,1.0,1.0,1.0,1,1,1,1,1,6,0,0,0.0,0.0,439.43193598902616,421.43377663412343,1,4,2,2024-04-07,30.770000457763672,30.770000084809727,61.5400005425734,0.10894094222245969,0
19,56.0650005340576,354.4000053405762,331.48333867390954,685.8833440144857,1.0,0,1,1.0,1.0,1.0,1,1,1,1,1,6,0,0,0.0,0.0,563.1458644500732,549.6216349772756,1,4,2,2024-04-07,35.44000053405762,33.14833386739095,68.58833440144858,0.11757744559280343,0
20,45.88000068664555,458.8000068664551,458.8000068664551,917.6000137329102,1.0,0,1,1.0,1.0,1.0,1,1,1,1,1,0,0,6,0.0,0.0,668.083636819458,722.1075512498766,1,4,2,2024-04-07,45.88000068664551,45.88000068664551,91.76000137329102,4.157254542281278e-10,0
21,64.52000160217287,453.200008392334,453.200008392334,906.400016784668,1.0,0,1,1.0,1.0,1.0,1,1,1,1,1,0,6,0,0.0,0.0,685.2957812896728,686.7345539617143,1,4,2,2024-04-07,45.3200008392334,45.3200008392334,90.6400016784668,0.00307690302444629,0
22,53.081676239418,523.9000015258789,530.700008392334,1054.600009918213,1.0,0,1,1.0,1.0,1.0,1,1,1,1,1,1,5,0,0.0,0.0,677.4637791691055,694.8301745303858,1,4,2,2024-04-07,52.390000152587895,53.0700008392334,105.46000099182129,0.05313671115354809,0
23,97.02000160217284,503.200008392334,503.200008392334,1006.400016784668,1.0,0,1,1.0,1.0,1.0,1,1,1,1,1,0,6,0,0.0,0.0,864.9206592193602,794.7972096774454,1,4,2,2024-04-07,50.3200008392334,50.3200008392334,100.6400016784668,2.653306888683733e-09,0
24,63.840000915527256,629.8000091552734,638.4000091552734,1268.200018310547,1.0,0,1,1.0,1.0,1.0,1,1,1,1,1,0,0,6,0.0,0.0,775.7502478837331,796.7077514282227,1,4,2,2024-04-07,62.98000091552734,63.84000091552735,126.8200018310547,6.015922993236214e-10,0
25,99.59000091552731,610.9000091552734,610.9000091552734,1221.8000183105469,1.0,0,1,1.0,1.0,1.0,1,1,1,1,1,0,6,0,0.0,0.0,846.9982771809259,818.5731078735352,1,4,2,2024-04-07,61.09000091552735,61.09000091552735,122.1800018310547,2.497755604868726e-09,0
26,69.94004374657202,699.4000091552734,699.3999615652239,1398.7999707204972,1.0,0,1,1.0,1.0,1.0,1,1,1,1,1,6,0,0,0.0,0.0,825.8118431360297,875.408001565928,1,4,2,2024-04-07,69.94000091552735,69.93999615652238,139.87999707204972,2.2577875148733914e-09,0
27,71.59000091552724,715.9000091552734,715.9000091552734,1431.8000183105469,1.0,0,1,1.0,1.0,1.0,1,1,1,1,1,6,0,0,0.0,0.0,841.8789413452148,899.2050658813478,1,4,2,2024-04-07,71.59000091552734,71.59000091552734,143.18000183105468,0.12500000053285332,0
28,81.37113339591518,715.9000091552734,705.0320841770645,1420.932093332338,1.0,0,1,1.0,1.0,1.0,1,1,1,1,1,6,0,0,0.0,0.0,791.4798980443527,909.2828201197098,1,4,2,2024-04-07,71.59000091552734,70.50320841770645,142.0932093332338,1.054900885773968e-09,0
29,73.24009747053746,732.4000091552734,732.3999018719289,1464.7999110272024,1.0,0,1,1.0,1.0,1.0,1,1,1,1,1,0,3,3,0.0,0.0,736.9870387938178,914.5491709864938,1,4,2,2024-04-07,73.24000091552735,73.2399901871929,146.47999110272025,0.038736641926076794,0
30,113.57000236511233,742.5266787211101,751.700008392334,1494.226687113444,1.0,0,1,1.0,1.0,1.0,1,1,1,1,1,6,0,0,0.0,0.0,804.5420896196366,934.8489657989502,1,4,2,2024-04-07,74.25266787211102,75.1700008392334,149.42266871134441,1.7870702849482074e-09,0
31,146.50534281302987,762.3266779581706,706.6607386848495,1468.9874166430202,1.0,0,1,1.0,1.0,1.0,1,1,1,1,1,6,0,0,0.0,0.0,833.5931724028736,898.6996360932202,1,4,2,2024-04-07,76.23266779581706,70.66607386848496,146.89874166430204,0.012602725352626033,0
32,94.75000076293951,0.0,837.5000076293945,837.5000076293945,1.0,0,1,1.0,1.0,1.0,1,1,1,1,1,0,0,6,0.0,0.0,725.8665225028992,908.1436378112792,1,4,2,2024-04-07,0.0,83.75000076293946,83.75000076293946,9.109725375236765e-10,0
33,139.57000083923333,839.8966757456461,845.700008392334,1685.59668413798,1.0,0,1,1.0,1.0,1.0,1,1,1,1,1,3,3,0,0.09366359176228183,0.0,761.2289363861083,863.6240527740479,1,4,2,2024-04-07,83.98966757456462,84.5700008392334,168.55966841379802,0.03737089327069924,0
34,683.9000091552734,908.9000091552734,250.0,1158.9000091552734,1.0,0,1,1.0,1.0,1.0,1,1,1,1,1,6,0,0,0.0,0.0,1382.2256105581919,382.5785293212891,1,4,2,2024-04-07,90.89000091552735,25.0,115.89000091552735,0.11560649156729066,0
35,90.60980482670658,840.200008392334,840.200008392334,1680.400016784668,1.0,0,1,1.0,1.0,1.0,1,1,1,1,1,6,0,0,0.000563161849374107,0.0,839.7268398017636,922.3016560131371,1,4,2,2024-04-07,84.0200008392334,84.0200008392334,168.0400016784668,1.535713403612018e-09,0
36,85.12000083923337,842.600008392334,851.200008392334,1693.800016784668,1.0,0,1,1.0,1.0,1.0,1,1,1,1,1,4,2,0,0.1518159634354724,0.0,714.6798763275146,876.621965371704,1,4,2,2024-04-07,84.2600008392334,85.1200008392334,169.3800016784668,0.04852836460351622,0
37,164.12258185107456,721.6333368937175,722.0000076293945,1443.633344523112,1.0,0,1,1.0,1.0,1.0,1,1,1,1,1,3,3,0,0.0,0.0,727.7084476601973,778.4909663911129,1,4,2,2024-04-07,72.16333368937175,72.20000076293945,144.36333445231122,0.0374904774027081,0
38,85.6400012969971,664.0333346048991,664.4000053405762,1328.4333399454754,1.0,0,1,1.0,1.0,1.0,1,1,1,1,1,6,0,0,0.0681896911758399,0.0,618.7531065877279,838.4840449920654,1,4,2,2024-04-07,66.40333346048992,66.44000053405762,132.84333399454755,1.4357880097412305e-09,0
39,108.47000120347913,617.3333338419596,617.7000045776367,1235.0333384195965,1.0,0,1,1.0,1.0,1.0,1,1,1,1,1,0,0,6,0.0,0.0,707.3140563792604,783.4176559254271,1,4,2,2024-04-07,61.733333384195966,61.77000045776367,123.50333384195966,1.3946179358495367e-11,0
40,123.42774354255766,659.0333346048991,659.4000053405762,1318.4333399454754,1.0,0,1,1.0,1.0,1.0,1,1,1,1,1,6,0,0,0.0,0.0,748.2314544800577,766.3739150511923,1,4,2,2024-04-07,65.90333346048992,65.94000053405762,131.84333399454755,1.1666597667556806e-09,0
41,98.6100006103515,597.4733370463053,601.1000061035156,1198.573343149821,1.0,0,1,1.0,1.0,1.0,1,1,1,1,1,0,0,6,0.0,0.0,765.5507965087891,812.133430444336,1,4,2,2024-04-07,59.747333704630535,60.11000061035156,119.85733431498211,4.742589945428364e-17,0
42,149.37474382543942,624.3400032043457,639.6000061035156,1263.9400093078614,1.0,0,1,1.0,1.0,1.0,1,1,1,1,1,6,0,0,0.0,0.0,775.3973268332519,724.6655011940918,1,4,2,2024-04-07,62.43400032043458,63.960000610351564,126.39400093078615,2.551429231390499e-09,0
43,80.96000061035157,523.600001525879,534.6000061035156,1058.2000076293946,1.0,0,1,1.0,1.0,1.0,1,1,1,1,1,6,0,0,0.0,0.0,692.5138336181641,743.0001052490234,1,4,2,2024-04-07,52.3600001525879,53.460000610351564,105.82000076293946,1.441957006024621e-09,0
44,48.055920611572176,468.6000015258789,479.6000061035156,948.2000076293946,1.0,0,1,1.0,1.0,1.0,1,1,1,1,1,0,0,6,0.0,0.0,553.9570228127161,627.641306829834,1,4,2,2024-04-07,46.860000152587894,47.960000610351564,94.82000076293946,1.0170379369246187e-09,0
45,44.26271126280208,396.96667226155597,407.6000061035156,804.5666783650715,1.0,0,1,1.0,1.0,1.0,1,1,1,1,1,0,0,6,0.0,0.0,562.2692375358937,632.2227241864166,1,4,2,2024-04-07,39.6966672261556,40.76000061035157,80.45666783650717,8.594850300578026e-10,0
46,60.56000061035157,385.6000061035156,385.6000061035156,771.2000122070312,1.0,0,1,1.0,1.0,1.0,1,1,1,1,1,0,0,6,0.0,0.0,602.2772247314454,619.1087234130858,1,4,2,2024-04-07,38.560000610351565,38.560000610351565,77.12000122070313,9.89288681407059e-10,0
47,117.56321078068686,374.7000045776367,374.7000045776367,749.4000091552734,1.0,0,1,1.0,1.0,1.0,1,1,1,1,1,6,0,0,0.0,0.0,686.5138943744369,543.4539019146256,1,4,2,2024-04-07,37.470000457763675,37.470000457763675,74.94000091552735,1.663991776675657e-09,0
0,-250.7600023905436,0.0,259.4000015258789,259.4000015258789,1.0,0,1,1.0,1.0,1.0,1,1,1,1,1,6,0,0,0.0,0.0,55.50581969604491,693.6516268046062,1,5,0,2024-04-07,0.0,25.940000152587892,25.940000152587892,2.8431308218904568e-08,0
1,-125.95999946594247,0.0,278.60000228881836,278.60000228881836,0.3333333333333333,4,0,1.0,1.0,0.3333333333333333,1,0,0,1,1,0,0,6,0.0,0.0,84.90705070495596,579.851623880005,1,5,0,2024-04-07,0.0,27.860000228881837,27.860000228881837,1.3692383861379477e-09,0
2,0.0,0.0,0.0,0.0,1.0,0,1,1.0,1.0,0.0,1,1,0,1,1,0,0,6,0.0,0.0,190.3842010498047,442.8916244140625,0,5,0,2024-04-07,0.0,0.0,0.0,0.0,0
3,0.0,0.0,0.0,0.0,1.0,0,1,1.0,1.0,0.0,1,1,0,1,1,0,0,6,0.0,0.0,249.26476885351562,442.8916244140625,0,5,0,2024-04-07,0.0,0.0,0.0,0.0,0
4,0.0,0.0,0.0,0.0,1.0,0,1,1.0,1.0,0.0,1,1,0,1,1,0,0,6,0.0,0.0,266.0716323486328,442.8916244140625,0,5,0,2024-04-07,0.0,0.0,0.0,0.0,0
5,0.0,0.0,0.0,0.0,1.0,0,1,1.0,1.0,0.0,1,1,0,1,1,0,0,6,0.0,0.0,262.12918850097657,431.8916244140625,0,5,0,2024-04-07,0.0,0.0,0.0,0.0,0
6,0.0,0.0,0.0,0.0,1.0,0,1,1.0,1.0,0.0,1,1,0,1,1,0,0,6,0.0,0.0,265.50308986816407,420.46233364257813,0,5,0,2024-04-07,0.0,0.0,0.0,0.0,0
7,0.0,0.0,0.0,0.0,1.0,0,1,1.0,1.0,0.0,1,1,0,1,1,0,0,6,0.0,0.0,285.0334701171875,410.71370693359376,0,5,0,2024-04-07,0.0,0.0,0.0,0.0,0
8,0.0,0.0,0.0,0.0,1.0,0,1,1.0,1.0,0.0,1,1,0,1,1,0,0,6,0.0,0.0,321.76131435546876,398.3150558105469,0,5,0,2024-04-07,0.0,0.0,0.0,0.0,0
9,0.0,0.0,0.0,0.0,1.0,0,1,1.0,1.0,0.0,1,1,0,1,1,0,0,6,0.0,0.0,271.85147854003907,346.71175380859376,0,5,0,2024-04-07,0.0,0.0,0.0,0.0,0
10,0.0,0.0,0.0,0.0,1.0,0,1,1.0,1.0,0.0,1,1,0,1,1,0,0,6,0.0,0.0,294.82021328125,327.88607021484376,0,5,0,2024-04-07,0.0,0.0,0.0,0.0,0
11,0.0,0.0,0.0,0.0,1.0,0,1,1.0,1.0,0.0,1,1,0,1,1,0,0,6,0.0,0.0,297.47908779296876,323.46395107421876,0,5,0,2024-04-07,0.0,0.0,0.0,0.0,0
12,0.0,0.0,0.0,0.0,1.0,0,1,1.0,1.0,0.0,1,1,0,1,1,0,0,6,0.0,0.0,332.29817958984376,334.29170986328126,0,5,0,2024-04-07,0.0,0.0,0.0,0.0,0
13,0.0,0.0,0.0,0.0,1.0,0,1,1.0,1.0,0.0,1,1,0,1,1,0,0,6,0.0,0.0,435.194480859375,359.71834560546876,0,5,0,2024-04-07,0.0,0.0,0.0,0.0,0
14,0.0,0.0,0.0,0.0,1.0,0,1,1.0,1.0,0.0,1,1,0,1,1,0,0,6,0.0,0.0,521.8650130859374,395.727928125,0,5,0,2024-04-07,0.0,0.0,0.0,0.0,0
15,0.0,0.0,0.0,0.0,1.0,0,1,1.0,1.0,0.0,1,1,0,1,1,0,0,6,0.0,0.0,580.8558578125,449.25334926757813,0,5,0,2024-04-07,0.0,0.0,0.0,0.0,0
16,0.0,0.0,0.0,0.0,1.0,0,1,1.0,1.0,0.0,1,1,0,1,1,0,0,6,0.0,0.0,640.6858138671874,545.6228255859374,0,5,0,2024-04-07,0.0,0.0,0.0,0.0,0
17,93.70000457763669,291.2000045776367,250.0,541.2000045776367,1.0,0,1,1.0,1.0,1.0,1,1,1,1,1,0,0,6,0.0,0.0,775.6208648315429,581.1392516723632,1,5,0,2024-04-07,29.120000457763673,25.0,54.12000045776367,5.251609236881821e-17,0
18,49.976773977307424,307.7000045776367,307.70000084809726,615.400005425734,1.0,0,1,1.0,1.0,1.0,1,1,1,1,1,6,0,0,0.0,0.0,737.2823998562136,619.1222478976925,1,5,0,2024-04-07,30.770000457763672,30.770000084809727,61.5400005425734,2.711988625123651e-09,0
19,56.0650005340576,354.4000053405762,331.48333867390954,685.8833440144857,1.0,0,1,1.0,1.0,1.0,1,1,1,1,1,5,1,0,0.0,0.0,712.2573451629638,626.8309800488643,1,5,0,2024-04-07,35.44000053405762,33.14833386739095,68.58833440144858,0.03221960668527978,0
20,45.88000068664555,458.8000068664551,458.8000068664551,917.6000137329102,1.0,0,1,1.0,1.0,1.0,1,1,1,1,1,0,2,4,0.0,0.0,635.2559390655517,634.3084908826045,1,5,0,2024-04-07,45.88000068664551,45.88000068664551,91.76000137329102,0.16666666153938545,0
21,64.52000160217287,453.200008392334,453.200008392334,906.400016784668,1.0,0,1,1.0,1.0,1.0,1,1,1,1,1,0,6,0,0.0,0.0,839.0072681060791,772.3906128341802,1,5,0,2024-04-07,45.3200008392334,45.3200008392334,90.6400016784668,2.946037091169704e-09,0
22,53.081676239418,523.9000015258789,530.700008392334,1054.600009918213,1.0,0,1,1.0,1.0,1.0,1,1,1,1,1,0,0,6,0.0,0.0,852.2107884464492,799.6745111629257,1,5,0,2024-04-07,52.390000152587895,53.0700008392334,105.46000099182129,2.311172888816379e-10,0
23,97.02000160217284,503.200008392334,503.200008392334,1006.400016784668,1.0,0,1,1.0,1.0,1.0,1,1,1,1,1,0,6,0,0.0,0.0,979.6040698638915,873.4715373626709,1,5,0,2024-04-07,50.3200008392334,50.3200008392334,100.6400016784668,2.653306888683733e-09,0
24,63.840000915527256,629.8000091552734,638.4000091552734,1268.200018310547,1.0,0,1,1.0,1.0,1.0,1,1,1,1,1,0,0,6,0.0,0.0,1007.2833221069335,943.4968336276631,1,5,0,2024-04-07,62.98000091552734,63.84000091552735,126.8200018310547,6.015922993236214e-10,0
25,99.59000091552731,610.9000091552734,610.9000091552734,1221.8000183105469,1.0,0,1,1.0,1.0,1.0,1,1,1,1,1,0,6,0,0.0,0.0,1003.5482757202147,914.4099380493165,1,5,0,2024-04-07,61.09000091552735,61.09000091552735,122.1800018310547,2.497755604868726e-09,0
26,69.94004374657202,699.4000091552734,699.3999615652239,1398.7999707204972,1.0,0,1,1.0,1.0,1.0,1,1,1,1,1,6,0,0,0.0,0.0,1074.8177521450095,1045.759907425303,1,5,0,2024-04-07,69.94000091552735,69.93999615652238,139.87999707204972,2.2577875148733914e-09,0
27,71.59000091552724,715.9000091552734,715.9000091552734,1431.8000183105469,1.0,0,1,1.0,1.0,1.0,1,1,1,1,1,0,6,0,0.0,0.0,1175.4484222045899,1146.2099258422852,1,5,0,2024-04-07,71.59000091552734,71.59000091552734,143.18000183105468,2.1314135185017507e-09,0
28,81.37113339591518,715.9000091552734,705.0320841770645,1420.932093332338,1.0,0,1,1.0,1.0,1.0,1,1,1,1,1,6,0,0,0.0,0.0,1184.3301406224778,1174.9287933618973,1,5,0,2024-04-07,71.59000091552734,70.50320841770645,142.0932093332338,1.054900885773968e-09,0
29,73.24009747053746,732.4000091552734,732.3999018719289,1464.7999110272024,1.0,0,1,1.0,1.0,1.0,1,1,1,1,1,0,0,6,0.0,0.0,1141.6860431736625,1205.5599513575876,1,5,0,2024-04-07,73.24000091552735,73.2399901871929,146.47999110272025,2.8989558435076975e-10,0
30,113.57000236511233,742.5266787211101,751.700008392334,1494.226687113444,1.0,0,1,1.0,1.0,1.0,1,1,1,1,1,6,0,0,0.0,0.0,1124.905291329956,1133.8899585723877,1,5,0,2024-04-07,74.25266787211102,75.1700008392334,149.42266871134441,1.7870702849482074e-09,0
31,146.50534281302987,762.3266779581706,706.6607386848495,1468.9874166430202,1.0,0,1,1.0,1.0,1.0,1,1,1,1,1,6,0,0,0.0,0.0,1188.3447211333423,1141.7616505467058,1,5,0,2024-04-07,76.23266779581706,70.66607386848496,146.89874166430204,1.5227210046103641e-09,0
32,94.75000076293951,0.0,837.5000076293945,837.5000076293945,1.0,0,1,1.0,1.0,1.0,1,1,1,1,1,0,0,6,0.0,0.0,1159.983666192627,1243.937865447998,1,5,0,2024-04-07,0.0,83.75000076293946,83.75000076293946,9.109725375236765e-10,0
33,139.57000083923333,839.8966757456461,845.700008392334,1685.59668413798,1.0,0,1,1.0,1.0,1.0,1,1,1,1,1,0,6,0,0.0,0.0,1154.9332439056395,1195.911810233344,1,5,0,2024-04-07,83.98966757456462,84.5700008392334,168.55966841379802,3.847293650254804e-09,0
34,683.9000091552734,908.9000091552734,250.0,1158.9000091552734,0.5,3,0,1.0,0.5,1.0,0,0,1,1,0,0,6,0,0.0,0.0,1720.8916091552735,553.4459609619141,1,5,0,2024-04-07,90.89000091552735,25.0,115.89000091552735,1.3166613980460823e-08,0
35,90.60980482670658,840.200008392334,840.200008392334,1680.400016784668,1.0,0,1,1.0,1.0,1.0,1,1,1,1,1,6,0,0,0.0,0.0,1019.7535426196753,1072.909505134231,1,5,0,2024-04-07,84.0200008392334,84.0200008392334,168.0400016784668,1.535713403612018e-09,0
36,85.12000083923337,842.600008392334,851.200008392334,1693.800016784668,1.0,0,1,1.0,1.0,1.0,1,1,1,1,1,0,6,0,0.0,0.0,938.9677791595459,1050.1967944732667,1,5,0,2024-04-07,84.2600008392334,85.1200008392334,169.3800016784668,1.1260766574172786e-09,0
37,164.12258185107456,721.6333368937175,722.0000076293945,1443.633344523112,1.0,0,1,1.0,1.0,1.0,1,1,1,1,1,0,6,0,0.0,0.0,1034.9009631987308,1026.711669516113,1,5,0,2024-04-07,72.16333368937175,72.20000076293945,144.36333445231122,5.02915341742693e-09,0
38,85.6400012969971,664.0333346048991,664.4000053405762,1328.4333399454754,1.0,0,1,1.0,1.0,1.0,1,1,1,1,1,6,0,0,0.0,0.0,838.9199695587158,979.282751046753,1,5,0,2024-04-07,66.40333346048992,66.44000053405762,132.84333399454755,1.4357880097412305e-09,0
39,108.47000120347913,617.3333338419596,617.7000045776367,1235.0333384195965,1.0,0,1,1.0,1.0,1.0,1,1,1,1,1,0,0,6,0.0,0.0,857.6014098948854,929.0312423512084,1,5,0,2024-04-07,61.733333384195966,61.77000045776367,123.50333384195966,1.3946179358495367e-11,0
40,123.42774354255766,659.0333346048991,659.4000053405762,1318.4333399454754,1.0,0,1,1.0,1.0,1.0,1,1,1,1,1,2,4,0,0.0,0.0,870.2916362772581,735.0846084105673,1,5,0,2024-04-07,65.90333346048992,65.94000053405762,131.84333399454755,0.3223118511112071,0
41,98.6100006103515,597.4733370463053,601.1000061035156,1198.573343149821,1.0,0,1,1.0,1.0,1.0,1,1,1,1,1,0,0,6,0.0,0.0,788.0019978315174,757.8188552490235,1,5,0,2024-04-07,59.747333704630535,60.11000061035156,119.85733431498211,4.742589945428364e-17,0
42,149.37474382543942,624.3400032043457,639.6000061035156,1263.9400093078614,1.0,0,1,1.0,1.0,1.0,1,1,1,1,1,6,0,0,0.0,0.0,736.537152328191,705.6520124245606,1,5,0,2024-04-07,62.43400032043458,63.960000610351564,126.39400093078615,2.551429231390499e-09,0
43,80.96000061035157,523.600001525879,534.6000061035156,1058.2000076293946,1.0,0,1,1.0,1.0,1.0,1,1,1,1,1,6,0,0,0.0,0.0,587.1672750105997,700.4396804443359,1,5,0,2024-04-07,52.3600001525879,53.460000610351564,105.82000076293946,1.441957006024621e-09,0
44,48.055920611572176,468.6000015258789,479.6000061035156,948.2000076293946,1.0,0,1,1.0,1.0,1.0,1,1,1,1,1,0,0,6,0.0,0.0,485.12942439312735,697.0189313415527,1,5,0,2024-04-07,46.860000152587894,47.960000610351564,94.82000076293946,1.0170379369246187e-09,0
45,44.26271126280208,396.96667226155597,407.6000061035156,804.5666783650715,1.0,0,1,1.0,1.0,1.0,1,1,1,1,1,0,0,6,0.019962431450435664,0.0,389.0422522784271,623.5812446942291,1,5,0,2024-04-07,39.6966672261556,40.76000061035157,80.45666783650717,8.594850300578026e-10,0
46,60.56000061035157,385.6000061035156,385.6000061035156,771.2000122070312,1.0,0,1,1.0,1.0,1.0,1,1,1,1,1,0,0,6,0.20055540250160248,0.0,308.2658416748047,513.5316360107421,1,5,0,2024-04-07,38.560000610351565,38.560000610351565,77.12000122070313,9.89288681407059e-10,0
47,117.56321078068686,374.7000045776367,374.7000045776367,749.4000091552734,0.8333333333333334,1,0,0.8333333333333334,1.0,1.0,0,0,1,0,1,6,0,0,0.06847355723669263,0.0,349.0429623676009,434.3664995708756,1,5,0,2024-04-07,37.470000457763675,37.470000457763675,74.94000091552735,1.663991776675657e-09,0
0,-250.7600023905436,0.0,259.4000015258789,259.4000015258789,0.0,6,0,0.0,1.0,1.0,1,0,1,0,1,6,0,0,0.0,0.0,0.0,452.4515993387858,1,5,1,2024-04-07,0.0,25.940000152587892,25.940000152587892,2.8431308218904568e-08,1
1,-125.95999946594247,0.0,278.60000228881836,278.60000228881836,0.0,6,0,1.0,1.0,0.0,1,0,0,1,1,0,0,6,0.0,0.0,0.0,346.85159336242685,1,5,1,2024-04-07,0.0,27.860000228881837,27.860000228881837,1.3692383861379477e-09,1
2,0.0,0.0,0.0,0.0,1.0,0,1,1.0,1.0,0.0,1,1,0,1,1,0,0,6,0.0,0.0,100.4115982055664,220.89159389648438,0,5,1,2024-04-07,0.0,0.0,0.0,0.0,0
3,0.0,0.0,0.0,0.0,1.0,0,1,1.0,1.0,0.0,1,1,0,1,1,0,0,6,0.0,0.0,178.468229546875,251.6915969482422,0,5,1,2024-04-07,0.0,0.0,0.0,0.0,0
4,0.0,0.0,0.0,0.0,1.0,0,1,1.0,1.0,0.0,1,1,0,1,1,0,0,6,0.0,0.0,232.34737392578126,276.60625454101563,0,5,1,2024-04-07,0.0,0.0,0.0,0.0,0
5,0.0,0.0,0.0,0.0,1.0,0,1,1.0,1.0,0.0,1,1,0,1,1,0,0,6,0.0,0.0,240.6915969482422,263.55977626953126,0,5,1,2024-04-07,0.0,0.0,0.0,0.0,0
6,0.0,0.0,0.0,0.0,1.0,0,1,1.0,1.0,0.0,1,1,0,1,1,0,0,6,0.0,0.0,290.69161220703126,298.40657802734376,0,5,1,2024-04-07,0.0,0.0,0.0,0.0,0
7,0.0,0.0,0.0,0.0,1.0,0,1,1.0,1.0,0.0,1,1,0,1,1,0,0,6,0.0,0.0,340.69161220703126,338.20552822265626,0,5,1,2024-04-07,0.0,0.0,0.0,0.0,0
8,0.0,0.0,0.0,0.0,1.0,0,1,1.0,1.0,0.0,1,1,0,1,1,0,0,6,0.0,0.0,340.69161220703126,304.96700283203126,0,5,1,2024-04-07,0.0,0.0,0.0,0.0,0
9,0.0,0.0,0.0,0.0,1.0,0,1,1.0,1.0,0.0,1,1,0,1,1,0,0,6,0.0,0.0,340.69161220703126,270.38648220214844,0,5,1,2024-04-07,0.0,0.0,0.0,0.0,0
10,0.0,0.0,0.0,0.0,1.0,0,1,1.0,1.0,0.0,1,1,0,1,1,0,0,6,0.0,0.0,340.69161220703126,234.08568569335938,0,5,1,2024-04-07,0.0,0.0,0.0,0.0,0
11,0.0,0.0,0.0,0.0,1.0,0,1,1.0,1.0,0.0,1,1,0,1,1,0,0,6,0.0,0.0,340.69161220703126,230.4926223388672,0,5,1,2024-04-07,0.0,0.0,0.0,0.0,0
12,0.0,0.0,0.0,0.0,1.0,0,1,1.0,1.0,0.0,1,1,0,1,1,0,0,6,0.0,0.0,304.41402431640626,269.46660610351563,0,5,1,2024-04-07,0.0,0.0,0.0,0.0,0
13,0.0,0.0,0.0,0.0,1.0,0,1,1.0,1.0,0.0,1,1,0,1,1,0,0,6,0.0,0.0,357.6345138183594,278.67757412109376,0,5,1,2024-04-07,0.0,0.0,0.0,0.0,0
14,0.0,0.0,0.0,0.0,1.0,0,1,1.0,1.0,0.0,1,1,0,1,1,0,0,6,0.0,0.0,409.3915938964844,255.00936123046876,0,5,1,2024-04-07,0.0,0.0,0.0,0.0,0
15,0.0,0.0,0.0,0.0,1.0,0,1,1.0,1.0,0.0,1,1,0,1,1,0,0,6,0.0,0.0,434.59160610351563,277.54129787597657,0,5,1,2024-04-07,0.0,0.0,0.0,0.0,0
16,0.0,0.0,0.0,0.0,1.0,0,1,1.0,1.0,0.0,1,1,0,1,1,0,0,6,0.0,0.0,505.3915938964844,362.73702236328126,0,5,1,2024-04-07,0.0,0.0,0.0,0.0,0
17,93.70000457763669,291.2000045776367,250.0,541.2000045776367,1.0,0,1,1.0,1.0,1.0,1,1,1,1,1,0,0,6,0.0,0.0,679.2577056518554,354.42993160400397,1,5,1,2024-04-07,29.120000457763673,25.0,54.12000045776367,5.251609236881821e-17,0
18,49.976773977307424,307.7000045776367,307.70000084809726,615.400005425734,1.0,0,1,1.0,1.0,1.0,1,1,1,1,1,6,0,0,0.0,0.0,791.8671166530886,555.4569290374574,1,5,1,2024-04-07,30.770000457763672,30.770000084809727,61.5400005425734,2.711988625123651e-09,0
19,56.0650005340576,354.4000053405762,331.48333867390954,685.8833440144857,1.0,0,1,1.0,1.0,1.0,1,1,1,1,1,5,1,0,0.0,0.0,933.9897670379638,709.9983241026817,1,5,1,2024-04-07,35.44000053405762,33.14833386739095,68.58833440144858,0.03221960668527978,0
20,45.88000068664555,458.8000068664551,458.8000068664551,917.6000137329102,1.0,0,1,1.0,1.0,1.0,1,1,1,1,1,0,2,4,0.0,0.0,880.0984170780818,649.1540797821044,1,5,1,2024-04-07,45.88000068664551,45.88000068664551,91.76000137329102,0.16666666153938545,0
21,64.52000160217287,453.200008392334,453.200008392334,906.400016784668,1.0,0,1,1.0,1.0,1.0,1,1,1,1,1,0,6,0,0.0,0.0,895.7268155918757,624.5842692962646,1,5,1,2024-04-07,45.3200008392334,45.3200008392334,90.6400016784668,2.946037091169704e-09,0
22,53.081676239418,523.9000015258789,530.700008392334,1054.600009918213,1.0,0,1,1.0,1.0,1.0,1,1,1,1,1,0,0,6,0.0,0.0,907.3811628966242,665.2038690730819,1,5,1,2024-04-07,52.390000152587895,53.0700008392334,105.46000099182129,2.311172888816379e-10,0
23,97.02000160217284,503.200008392334,503.200008392334,1006.400016784668,1.0,0,1,1.0,1.0,1.0,1,1,1,1,1,0,6,0,0.0,0.0,1039.4383129002888,662.5781657806397,1,5,1,2024-04-07,50.3200008392334,50.3200008392334,100.6400016784668,2.653306888683733e-09,0
24,63.840000915527256,629.8000091552734,638.4000091552734,1268.200018310547,1.0,0,1,1.0,1.0,1.0,1,1,1,1,1,0,0,6,0.0,0.0,1039.6705507288614,700.6308471313477,1,5,1,2024-04-07,62.98000091552734,63.84000091552735,126.8200018310547,6.015922993236214e-10,0
25,99.59000091552731,610.9000091552734,610.9000091552734,1221.8000183105469,1.0,0,1,1.0,1.0,1.0,1,1,1,1,1,0,6,0,0.0,0.0,1130.890441911443,708.9411498657227,1,5,1,2024-04-07,61.09000091552735,61.09000091552735,122.1800018310547,2.497755604868726e-09,0
26,69.94004374657202,699.4000091552734,699.3999615652239,1398.7999707204972,1.0,0,1,1.0,1.0,1.0,1,1,1,1,1,6,0,0,0.0,0.0,1131.2281525356345,779.5101808247617,1,5,1,2024-04-07,69.94000091552735,69.93999615652238,139.87999707204972,2.2577875148733914e-09,0
27,71.59000091552724,715.9000091552734,715.9000091552734,1431.8000183105469,1.0,0,1,1.0,1.0,1.0,1,1,1,1,1,0,6,0,0.0,0.0,1166.6782806030274,825.6569587201711,1,5,1,2024-04-07,71.59000091552734,71.59000091552734,143.18000183105468,2.1314135185017507e-09,0
28,81.37113339591518,715.9000091552734,705.0320841770645,1420.932093332338,1.0,0,1,1.0,1.0,1.0,1,1,1,1,1,6,0,0,0.0,0.0,1197.6206679662278,852.1867558560756,1,5,1,2024-04-07,71.59000091552734,70.50320841770645,142.0932093332338,1.054900885773968e-09,0
29,73.24009747053746,732.4000091552734,732.3999018719289,1464.7999110272024,1.0,0,1,1.0,1.0,1.0,1,1,1,1,1,0,0,6,0.0,0.0,1086.5360510981875,832.5414805568063,1,5,1,2024-04-07,73.24000091552735,73.2399901871929,146.47999110272025,2.8989558435076975e-10,0
30,113.57000236511233,742.5266787211101,751.700008392334,1494.226687113444,1.0,0,1,1.0,1.0,1.0,1,1,1,1,1,6,0,0,0.0,0.07563645705882334,1004.4296825408936,694.8440829864501,1,5,1,2024-04-07,74.25266787211102,75.1700008392334,149.42266871134441,1.7870702849482074e-09,0
31,146.50534281302987,762.3266779581706,706.6607386848495,1468.9874166430202,1.0,0,1,1.0,1.0,1.0,1,1,1,1,1,6,0,0,0.0,0.0721570037014357,1002.0503257231861,655.6702171479076,1,5,1,2024-04-07,76.23266779581706,70.66607386848496,146.89874166430204,1.5227210046103641e-09,0
32,94.75000076293951,0.0,837.5000076293945,837.5000076293945,1.0,0,1,1.0,1.0,1.0,1,1,1,1,1,0,0,6,0.0,0.044776466119326,1052.7622077941894,799.9997169128417,1,5,1,2024-04-07,0.0,83.75000076293946,83.75000076293946,9.109725375236765e-10,0
33,139.57000083923333,839.8966757456461,845.700008392334,1685.59668413798,1.0,0,1,1.0,1.0,1.0,1,1,1,1,1,0,6,0,0.0,0.035802127958729696,1120.9434139251707,815.4221484771729,1,5,1,2024-04-07,83.98966757456462,84.5700008392334,168.55966841379802,3.847293650254804e-09,0
34,683.9000091552734,908.9000091552734,250.0,1158.9000091552734,0.8333333333333334,1,0,1.0,0.8333333333333334,1.0,0,0,1,1,0,0,6,0,0.0,0.35626596083984396,1710.042709350586,160.933509790039,1,5,1,2024-04-07,90.89000091552735,25.0,115.89000091552735,1.3166613980460823e-08,0
35,90.60980482670658,840.200008392334,840.200008392334,1680.400016784668,1.0,0,1,1.0,1.0,1.0,1,1,1,1,1,6,0,0,0.0,0.19695218080021387,1133.5401153502712,674.7207844311058,1,5,1,2024-04-07,84.0200008392334,84.0200008392334,168.0400016784668,1.535713403612018e-09,0
36,85.12000083923337,842.600008392334,851.200008392334,1693.800016784668,1.0,0,1,1.0,1.0,1.0,1,1,1,1,1,0,6,0,0.0,0.21846173414155146,1046.055913925171,665.2453784576416,1,5,1,2024-04-07,84.2600008392334,85.1200008392334,169.3800016784668,1.1260766574172786e-09,0
37,164.12258185107456,721.6333368937175,722.0000076293945,1443.633344523112,1.0,0,1,1.0,1.0,1.0,1,1,1,1,1,0,6,0,0.0,0.14557223869610952,1158.4114612456058,616.8968501801754,1,5,1,2024-04-07,72.16333368937175,72.20000076293945,144.36333445231122,5.02915341742693e-09,0
38,85.6400012969971,664.0333346048991,664.4000053405762,1328.4333399454754,1.0,0,1,1.0,1.0,1.0,1,1,1,1,1,6,0,0,0.0,0.0,945.1289539337158,726.9898433319091,1,5,1,2024-04-07,66.40333346048992,66.44000053405762,132.84333399454755,1.4357880097412305e-09,0
39,108.47000120347913,617.3333338419596,617.7000045776367,1235.0333384195965,1.0,0,1,1.0,1.0,1.0,1,1,1,1,1,0,0,6,0.0,0.0,963.9255676097291,737.2299117848021,1,5,1,2024-04-07,61.733333384195966,61.77000045776367,123.50333384195966,1.3946179358495367e-11,0
40,123.42774354255766,659.0333346048991,659.4000053405762,1318.4333399454754,1.0,0,1,1.0,1.0,1.0,1,1,1,1,1,2,4,0,0.0,0.0,986.6321502808389,667.186109875411,1,5,1,2024-04-07,65.90333346048992,65.94000053405762,131.84333399454755,0.3223118511112071,0
41,98.6100006103515,597.4733370463053,601.1000061035156,1198.573343149821,1.0,0,1,1.0,1.0,1.0,1,1,1,1,1,0,0,6,0.0,0.0,775.8206939697266,606.7280959716797,1,5,1,2024-04-07,59.747333704630535,60.11000061035156,119.85733431498211,4.742589945428364e-17,0
42,149.37474382543942,624.3400032043457,639.6000061035156,1263.9400093078614,1.0,0,1,1.0,1.0,1.0,1,1,1,1,1,6,0,0,0.0,0.19879519775051668,784.1818727316894,512.4505964089356,1,5,1,2024-04-07,62.43400032043458,63.960000610351564,126.39400093078615,2.551429231390499e-09,0
43,80.96000061035157,523.600001525879,534.6000061035156,1058.2000076293946,1.0,0,1,1.0,1.0,1.0,1,1,1,1,1,6,0,0,0.0,0.0,706.5608657137553,578.7026809326171,1,5,1,2024-04-07,52.3600001525879,53.460000610351564,105.82000076293946,1.441957006024621e-09,0
44,48.055920611572176,468.6000015258789,479.6000061035156,948.2000076293946,1.0,0,1,1.0,1.0,1.0,1,1,1,1,1,0,0,6,0.0,0.0,672.7881664319356,620.0675153259277,1,5,1,2024-04-07,46.860000152587894,47.960000610351564,94.82000076293946,1.0170379369246187e-09,0
45,44.26271126280208,396.96667226155597,407.6000061035156,804.5666783650715,1.0,0,1,1.0,1.0,1.0,1,1,1,1,1,0,0,6,0.0,0.0,579.3665264838486,595.2564155926666,1,5,1,2024-04-07,39.6966672261556,40.76000061035157,80.45666783650717,8.594850300578026e-10,0
46,60.56000061035157,385.6000061035156,385.6000061035156,771.2000122070312,1.0,0,1,1.0,1.0,1.0,1,1,1,1,1,0,0,6,0.0,0.0,535.6414829230855,514.1418044677733,1,5,1,2024-04-07,38.560000610351565,38.560000610351565,77.12000122070313,9.89288681407059e-10,0
47,117.56321078068686,374.7000045776367,374.7000045776367,749.4000091552734,1.0,0,1,1.0,1.0,1.0,1,1,1,1,1,6,0,0,0.0,0.0,538.1912426393446,386.0825029888444,1,5,1,2024-04-07,37.470000457763675,37.470000457763675,74.94000091552735,1.663991776675657e-09,0
0,-250.7600023905436,0.0,259.4000015258789,259.4000015258789,0.0,6,0,0.0,1.0,1.0,1,0,1,0,1,6,0,0,0.0,0.0,0.0,473.8515932352702,1,5,2,2024-04-07,0.0,25.940000152587892,25.940000152587892,2.8431308218904568e-08,1
1,-125.95999946594247,0.0,278.60000228881836,278.60000228881836,0.0,6,0,1.0,1.0,0.0,1,0,0,1,1,0,0,6,0.0,0.0,0.0,368.25158725891123,1,5,2,2024-04-07,0.0,27.860000228881837,27.860000228881837,1.3692383861379477e-09,0
2,0.0,0.0,0.0,0.0,1.0,0,1,1.0,1.0,0.0,1,1,0,1,1,0,0,6,0.0,0.0,103.431640625,242.29158779296876,0,5,2,2024-04-07,0.0,0.0,0.0,0.0,0
3,0.0,0.0,0.0,0.0,1.0,0,1,1.0,1.0,0.0,1,1,0,1,1,0,0,6,0.0,0.0,176.38624407324218,242.29158779296876,0,5,2,2024-04-07,0.0,0.0,0.0,0.0,0
4,0.0,0.0,0.0,0.0,1.0,0,1,1.0,1.0,0.0,1,1,0,1,1,0,0,6,0.0,0.0,215.60613247070313,242.29158779296876,0,5,2,2024-04-07,0.0,0.0,0.0,0.0,0
5,0.0,0.0,0.0,0.0,1.0,0,1,1.0,1.0,0.0,1,1,0,1,1,0,0,6,0.0,0.0,242.29158779296876,242.29158779296876,0,5,2,2024-04-07,0.0,0.0,0.0,0.0,0
6,0.0,0.0,0.0,0.0,1.0,0,1,1.0,1.0,0.0,1,1,0,1,1,0,0,6,0.0,0.0,214.79158779296876,214.79158779296876,0,5,2,2024-04-07,0.0,0.0,0.0,0.0,0
7,0.0,0.0,0.0,0.0,1.0,0,1,1.0,1.0,0.0,1,1,0,1,1,0,0,6,0.0,0.0,187.29160305175782,187.29160305175782,0,5,2,2024-04-07,0.0,0.0,0.0,0.0,0
8,0.0,0.0,0.0,0.0,1.0,0,1,1.0,1.0,0.0,1,1,0,1,1,0,0,6,0.0,0.0,187.29160305175782,187.29160305175782,0,5,2,2024-04-07,0.0,0.0,0.0,0.0,0
9,0.0,0.0,0.0,0.0,1.0,0,1,1.0,1.0,0.0,1,1,0,1,1,0,0,6,0.0,0.0,187.29160305175782,187.29160305175782,0,5,2,2024-04-07,0.0,0.0,0.0,0.0,0
10,0.0,0.0,0.0,0.0,1.0,0,1,1.0,1.0,0.0,1,1,0,1,1,0,0,6,0.0,0.0,187.29160305175782,187.29160305175782,0,5,2,2024-04-07,0.0,0.0,0.0,0.0,0
11,0.0,0.0,0.0,0.0,1.0,0,1,1.0,1.0,0.0,1,1,0,1,1,0,0,6,0.0,0.0,211.7049026123047,214.79160305175782,0,5,2,2024-04-07,0.0,0.0,0.0,0.0,0
12,0.0,0.0,0.0,0.0,1.0,0,1,1.0,1.0,0.0,1,1,0,1,1,0,0,6,0.0,0.0,242.29160305175782,242.29160305175782,0,5,2,2024-04-07,0.0,0.0,0.0,0.0,0
13,0.0,0.0,0.0,0.0,1.0,0,1,1.0,1.0,0.0,1,1,0,1,1,0,0,6,0.0,0.0,261.4916,261.4916,0,5,2,2024-04-07,0.0,0.0,0.0,0.0,0
14,0.0,0.0,0.0,0.0,1.0,0,1,1.0,1.0,0.0,1,1,0,1,1,0,0,6,0.0,0.0,268.3200606933594,248.56633754882813,0,5,2,2024-04-07,0.0,0.0,0.0,0.0,0
15,0.0,0.0,0.0,0.0,1.0,0,1,1.0,1.0,0.0,1,1,0,1,1,0,0,6,0.0,0.0,267.331687890625,243.05303188476563,0,5,2,2024-04-07,0.0,0.0,0.0,0.0,0
16,0.0,0.0,0.0,0.0,1.0,0,1,1.0,1.0,0.0,1,1,0,1,1,0,0,6,0.0,0.0,243.81505581054688,253.29158779296876,0,5,2,2024-04-07,0.0,0.0,0.0,0.0,0
17,93.70000457763669,291.2000045776367,250.0,541.2000045776367,1.0,0,1,1.0,1.0,1.0,1,1,1,1,1,0,0,6,0.0,0.0,503.7121429077148,394.79159542236334,1,5,2,2024-04-07,29.120000457763673,25.0,54.12000045776367,5.251609236881821e-17,0
18,49.976773977307424,307.7000045776367,307.70000084809726,615.400005425734,1.0,0,1,1.0,1.0,1.0,1,1,1,1,1,6,0,0,0.0,0.0,451.5375878444949,400.64516744731515,1,5,2,2024-04-07,30.770000457763672,30.770000084809727,61.5400005425734,2.711988625123651e-09,0
19,56.0650005340576,354.4000053405762,331.48333867390954,685.8833440144857,1.0,0,1,1.0,1.0,1.0,1,1,1,1,1,5,1,0,0.0,0.0,494.5432338348389,422.6933307647705,1,5,2,2024-04-07,35.44000053405762,33.14833386739095,68.58833440144858,0.03221960668527978,0
20,45.88000068664555,458.8000068664551,458.8000068664551,917.6000137329102,0.6666666666666666,2,0,1.0,0.0,1.0,0,0,1,1,0,0,2,4,0.0,0.04982004448612088,523.7366519561768,435.9425701141357,1,5,2,2024-04-07,45.88000068664551,45.88000068664551,91.76000137329102,0.16666666153938545,0
21,64.52000160217287,453.200008392334,453.200008392334,906.400016784668,1.0,0,1,1.0,1.0,1.0,1,1,1,1,1,0,6,0,0.0,0.0,600.7899829498291,453.58259849548335,1,5,2,2024-04-07,45.3200008392334,45.3200008392334,90.6400016784668,2.946037091169704e-09,0
22,53.081676239418,523.9000015258789,530.700008392334,1054.600009918213,1.0,0,1,1.0,1.0,1.0,1,1,1,1,1,0,0,6,0.0,0.09555263692440147,602.0795018253555,479.9902231746445,1,5,2,2024-04-07,52.390000152587895,53.0700008392334,105.46000099182129,2.311172888816379e-10,0
23,97.02000160217284,503.200008392334,503.200008392334,1006.400016784668,1.0,0,1,1.0,1.0,1.0,1,1,1,1,1,0,6,0,0.0,0.016819127981053863,679.8591357818602,494.73662305111594,1,5,2,2024-04-07,50.3200008392334,50.3200008392334,100.6400016784668,2.653306888683733e-09,0
24,63.840000915527256,629.8000091552734,638.4000091552734,1268.200018310547,1.0,0,1,1.0,1.0,1.0,1,1,1,1,1,0,0,6,0.0,0.051441079551662106,712.6759612670897,605.5600234985352,1,5,2,2024-04-07,62.98000091552734,63.84000091552735,126.8200018310547,6.015922993236214e-10,0
25,99.59000091552731,610.9000091552734,610.9000091552734,1221.8000183105469,1.0,0,1,1.0,1.0,1.0,1,1,1,1,1,0,6,0,0.0,0.00594758814598165,773.4959075561522,607.2666275024415,1,5,2,2024-04-07,61.09000091552735,61.09000091552735,122.1800018310547,2.497755604868726e-09,0
26,69.94004374657202,699.4000091552734,699.3999615652239,1398.7999707204972,1.0,0,1,1.0,1.0,1.0,1,1,1,1,1,6,0,0,0.0,0.0,860.9166290981344,757.059956253428,1,5,2,2024-04-07,69.94000091552735,69.93999615652238,139.87999707204972,2.2577875148733914e-09,0
27,71.59000091552724,715.9000091552734,715.9000091552734,1431.8000183105469,1.0,0,1,1.0,1.0,1.0,1,1,1,1,1,0,6,0,0.0,0.0,888.1993377319334,794.7356826782227,1,5,2,2024-04-07,71.59000091552734,71.59000091552734,143.18000183105468,2.1314135185017507e-09,0
28,81.37113339591518,715.9000091552734,705.0320841770645,1420.932093332338,1.0,0,1,1.0,1.0,1.0,1,1,1,1,1,6,0,0,0.0,0.0,898.5104384740401,867.589620998616,1,5,2,2024-04-07,71.59000091552734,70.50320841770645,142.0932093332338,1.054900885773968e-09,0
29,73.24009747053746,732.4000091552734,732.3999018719289,1464.7999110272024,1.0,0,1,1.0,1.0,1.0,1,1,1,1,1,0,0,6,0.0,0.0,912.8100666111624,927.8648219630563,1,5,2,2024-04-07,73.24000091552735,73.2399901871929,146.47999110272025,2.8989558435076975e-10,0
30,113.57000236511233,742.5266787211101,751.700008392334,1494.226687113444,1.0,0,1,1.0,1.0,1.0,1,1,1,1,1,6,0,0,0.0,0.0,963.3492000213623,919.3140308380126,1,5,2,2024-04-07,74.25266787211102,75.1700008392334,149.42266871134441,1.7870702849482074e-09,0
31,146.50534281302987,762.3266779581706,706.6607386848495,1468.9874166430202,1.0,0,1,1.0,1.0,1.0,1,1,1,1,1,6,0,0,0.0,0.0,976.2080023833423,872.1241464551524,1,5,2,2024-04-07,76.23266779581706,70.66607386848496,146.89874166430204,1.5227210046103641e-09,0
32,94.75000076293951,0.0,837.5000076293945,837.5000076293945,1.0,0,1,1.0,1.0,1.0,1,1,1,1,1,0,0,6,0.0,0.0,990.0270621887207,900.1962170073419,1,5,2,2024-04-07,0.0,83.75000076293946,83.75000076293946,9.109725375236765e-10,0
33,139.57000083923333,839.8966757456461,845.700008392334,1685.59668413798,1.0,0,1,1.0,1.0,1.0,1,1,1,1,1,0,6,0,0.0,0.01590827538218691,1006.2689372650145,832.246379768111,1,5,2,2024-04-07,83.98966757456462,84.5700008392334,168.55966841379802,3.847293650254804e-09,0
34,683.9000091552734,908.9000091552734,250.0,1158.9000091552734,1.0,0,1,1.0,1.0,1.0,1,1,1,1,1,0,6,0,0.0,0.0,1537.8386306396483,301.13339992675776,1,5,2,2024-04-07,90.89000091552735,25.0,115.89000091552735,1.3166613980460823e-08,0
35,90.60980482670658,840.200008392334,840.200008392334,1680.400016784668,1.0,0,1,1.0,1.0,1.0,1,1,1,1,1,6,0,0,0.0,0.0,953.4314805513718,912.0906574779808,1,5,2,2024-04-07,84.0200008392334,84.0200008392334,168.0400016784668,1.535713403612018e-09,0
36,85.12000083923337,842.600008392334,851.200008392334,1693.800016784668,1.0,0,1,1.0,1.0,1.0,1,1,1,1,1,0,6,0,0.0,0.05011857183059873,862.5470027923584,808.5390796295166,1,5,2,2024-04-07,84.2600008392334,85.1200008392334,169.3800016784668,1.1260766574172786e-09,0
37,164.12258185107456,721.6333368937175,722.0000076293945,1443.633344523112,1.0,0,1,1.0,1.0,1.0,1,1,1,1,1,0,6,0,0.0,0.0,945.2963489409183,723.8423457856442,1,5,2,2024-04-07,72.16333368937175,72.20000076293945,144.36333445231122,5.02915341742693e-09,0
38,85.6400012969971,664.0333346048991,664.4000053405762,1328.4333399454754,1.0,0,1,1.0,1.0,1.0,1,1,1,1,1,6,0,0,0.0,0.0,843.7059908866883,768.4446773162841,1,5,2,2024-04-07,66.40333346048992,66.44000053405762,132.84333399454755,1.4357880097412305e-09,0
39,108.47000120347913,617.3333338419596,617.7000045776367,1235.0333384195965,1.0,0,1,1.0,1.0,1.0,1,1,1,1,1,0,0,6,0.0,0.0,836.6210446026541,724.0360641285521,1,5,2,2024-04-07,61.733333384195966,61.77000045776367,123.50333384195966,1.3946179358495367e-11,0
40,123.42774354255766,659.0333346048991,659.4000053405762,1318.4333399454754,1.0,0,1,1.0,1.0,1.0,1,1,1,1,1,2,4,0,0.0,0.10324553510960645,859.941050287451,591.319898937911,1,5,2,2024-04-07,65.90333346048992,65.94000053405762,131.84333399454755,0.3223118511112071,0
41,98.6100006103515,597.4733370463053,601.1000061035156,1198.573343149821,1.0,0,1,1.0,1.0,1.0,1,1,1,1,1,0,0,6,0.0,0.0,881.4583892822266,622.3285598388672,1,5,2,2024-04-07,59.747333704630535,60.11000061035156,119.85733431498211,4.742589945428364e-17,0
42,149.37474382543942,624.3400032043457,639.6000061035156,1263.9400093078614,1.0,0,1,1.0,1.0,1.0,1,1,1,1,1,6,0,0,0.0,0.19155896283139376,909.4015382590331,517.078892307373,1,5,2,2024-04-07,62.43400032043458,63.960000610351564,126.39400093078615,2.551429231390499e-09,0
43,80.96000061035157,523.600001525879,534.6000061035156,1058.2000076293946,1.0,0,1,1.0,1.0,1.0,1,1,1,1,1,6,0,0,0.0,0.0,803.5781036376953,554.4395583740234,1,5,2,2024-04-07,52.3600001525879,53.460000610351564,105.82000076293946,1.441957006024621e-09,0
44,48.055920611572176,468.6000015258789,479.6000061035156,948.2000076293946,1.0,0,1,1.0,1.0,1.0,1,1,1,1,1,0,0,6,0.0,0.0,772.8963130914688,589.2766828063965,1,5,2,2024-04-07,46.860000152587894,47.960000610351564,94.82000076293946,1.0170379369246187e-09,0
45,44.26271126280208,396.96667226155597,407.6000061035156,804.5666783650715,1.0,0,1,1.0,1.0,1.0,1,1,1,1,1,0,0,6,0.0,0.0,702.0107647006708,517.4473335614166,1,5,2,2024-04-07,39.6966672261556,40.76000061035157,80.45666783650717,8.594850300578026e-10,0
46,60.56000061035157,385.6000061035156,385.6000061035156,771.2000122070312,1.0,0,1,1.0,1.0,1.0,1,1,1,1,1,0,0,6,0.0,0.0,687.7051422119141,485.6930739990234,1,5,2,2024-04-07,38.560000610351565,38.560000610351565,77.12000122070313,9.89288681407059e-10,0
47,117.56321078068686,374.7000045776367,374.7000045776367,749.4000091552734,1.0,0,1,1.0,1.0,1.0,1,1,1,1,1,6,0,0,0.0,0.0,644.6260769916244,402.68394341853184,1,5,2,2024-04-07,37.470000457763675,37.470000457763675,74.94000091552735,1.663991776675657e-09,0
0,-250.7600023905436,0.0,259.4000015258789,259.4000015258789,0.0,6,0,0.0,1.0,1.0,1,0,1,0,1,6,0,0,0.0,0.0,0.0,491.4515993387858,1,6,0,2024-04-07,0.0,25.940000152587892,25.940000152587892,2.8431308218904568e-08,0
1,-125.95999946594247,0.0,278.60000228881836,278.60000228881836,1.0,0,1,1.0,1.0,1.0,1,1,1,1,1,0,0,6,0.0,0.0,45.235358810424714,394.15159641418467,1,6,0,2024-04-07,0.0,27.860000228881837,27.860000228881837,1.3692383861379477e-09,0
2,0.0,0.0,0.0,0.0,1.0,0,1,1.0,1.0,0.0,1,1,0,1,1,0,0,6,0.0,0.0,161.57742309570312,268.1915969482422,0,6,0,2024-04-07,0.0,0.0,0.0,0.0,0
3,0.0,0.0,0.0,0.0,1.0,0,1,1.0,1.0,0.0,1,1,0,1,1,0,0,6,0.0,0.0,206.52017046484374,268.1915969482422,0,6,0,2024-04-07,0.0,0.0,0.0,0.0,0
4,0.0,0.0,0.0,0.0,1.0,0,1,1.0,1.0,0.0,1,1,0,1,1,0,0,6,0.0,0.0,252.0338821044922,301.30648037109376,0,6,0,2024-04-07,0.0,0.0,0.0,0.0,0
5,0.0,0.0,0.0,0.0,1.0,0,1,1.0,1.0,0.0,1,1,0,1,1,0,0,6,0.0,0.0,251.39083095703126,277.2399825683594,0,6,0,2024-04-07,0.0,0.0,0.0,0.0,0
6,0.0,0.0,0.0,0.0,1.0,0,1,1.0,1.0,0.0,1,1,0,1,1,0,0,6,0.0,0.0,256.08184047851563,253.83467861328126,0,6,0,2024-04-07,0.0,0.0,0.0,0.0,0
7,0.0,0.0,0.0,0.0,1.0,0,1,1.0,1.0,0.0,1,1,0,1,1,0,0,6,0.0,0.0,240.6915969482422,228.76721950683594,0,6,0,2024-04-07,0.0,0.0,0.0,0.0,0
8,0.0,0.0,0.0,0.0,1.0,0,1,1.0,1.0,0.0,1,1,0,1,1,0,0,6,0.0,0.0,240.6915969482422,200.65869899902344,0,6,0,2024-04-07,0.0,0.0,0.0,0.0,0
9,0.0,0.0,0.0,0.0,1.0,0,1,1.0,1.0,0.0,1,1,0,1,1,0,0,6,0.0,0.0,240.6915969482422,190.6915969482422,0,6,0,2024-04-07,0.0,0.0,0.0,0.0,0
10,0.0,0.0,0.0,0.0,1.0,0,1,1.0,1.0,0.0,1,1,0,1,1,0,0,6,0.0,0.0,240.6915969482422,179.01473232421876,0,6,0,2024-04-07,0.0,0.0,0.0,0.0,0
11,0.0,0.0,0.0,0.0,1.0,0,1,1.0,1.0,0.0,1,1,0,1,1,0,0,6,0.0,0.0,267.0694350830078,190.23738857421876,0,6,0,2024-04-07,0.0,0.0,0.0,0.0,0
12,0.0,0.0,0.0,0.0,1.0,0,1,1.0,1.0,0.0,1,1,0,1,1,0,0,6,0.0,0.0,239.04639431152344,177.76584621582032,0,6,0,2024-04-07,0.0,0.0,0.0,0.0,0
13,0.0,0.0,0.0,0.0,1.0,0,1,1.0,1.0,0.0,1,1,0,1,1,0,0,6,0.0,0.0,284.19161220703126,221.85433193359376,0,6,0,2024-04-07,0.0,0.0,0.0,0.0,0
14,0.0,0.0,0.0,0.0,1.0,0,1,1.0,1.0,0.0,1,1,0,1,1,0,0,6,0.0,0.0,334.2856673828125,237.39159389648438,0,6,0,2024-04-07,0.0,0.0,0.0,0.0,0
15,0.0,0.0,0.0,0.0,1.0,0,1,1.0,1.0,0.0,1,1,0,1,1,0,0,6,0.0,0.0,353.8915938964844,226.39159389648438,0,6,0,2024-04-07,0.0,0.0,0.0,0.0,0
16,0.0,0.0,0.0,0.0,1.0,0,1,1.0,1.0,0.0,1,1,0,1,1,0,0,6,0.0,0.0,419.8916244140625,292.3915938964844,0,6,0,2024-04-07,0.0,0.0,0.0,0.0,0
17,93.70000457763669,291.2000045776367,250.0,541.2000045776367,1.0,0,1,1.0,1.0,1.0,1,1,1,1,1,0,2,4,0.0,0.0,587.7916106811523,272.89157100830084,1,6,0,2024-04-07,29.120000457763673,25.0,54.12000045776367,0.012318304897039858,0
18,49.976773977307424,307.7000045776367,307.70000084809726,615.400005425734,1.0,0,1,1.0,1.0,1.0,1,1,1,1,1,6,0,0,0.0,0.0,557.727040969495,378.45868469991933,1,6,0,2024-04-07,30.770000457763672,30.770000084809727,61.5400005425734,2.711988625123651e-09,0
19,56.0650005340576,354.4000053405762,331.48333867390954,685.8833440144857,1.0,0,1,1.0,1.0,1.0,1,1,1,1,1,6,0,0,0.0,0.0,750.8183192840576,569.0295882396047,1,6,0,2024-04-07,35.44000053405762,33.14833386739095,68.58833440144858,2.780864465140536e-09,0
20,45.88000068664555,458.8000068664551,458.8000068664551,917.6000137329102,1.0,0,1,1.0,1.0,1.0,1,1,1,1,1,0,0,6,0.0,0.0,882.6931338897705,742.2294397496076,1,6,0,2024-04-07,45.88000068664551,45.88000068664551,91.76000137329102,4.157254542281278e-10,0
21,64.52000160217287,453.200008392334,453.200008392334,906.400016784668,1.0,0,1,1.0,1.0,1.0,1,1,1,1,1,0,6,0,0.0,0.0,948.84535082016,772.9687297454833,1,6,0,2024-04-07,45.3200008392334,45.3200008392334,90.6400016784668,2.946037091169704e-09,0
22,53.081676239418,523.9000015258789,530.700008392334,1054.600009918213,1.0,0,1,1.0,1.0,1.0,1,1,1,1,1,0,0,6,0.0,0.0,1040.1092926289468,881.9724237605819,1,6,0,2024-04-07,52.390000152587895,53.0700008392334,105.46000099182129,2.311172888816379e-10,0
23,97.02000160217284,503.200008392334,503.200008392334,1006.400016784668,1.0,0,1,1.0,1.0,1.0,1,1,1,1,1,0,6,0,0.0,0.0,1118.8187819321315,872.4086711517334,1,6,0,2024-04-07,50.3200008392334,50.3200008392334,100.6400016784668,2.653306888683733e-09,0
24,63.840000915527256,629.8000091552734,638.4000091552734,1268.200018310547,1.0,0,1,1.0,1.0,1.0,1,1,1,1,1,0,0,6,0.0,0.0,1120.194797499911,872.6619140258789,1,6,0,2024-04-07,62.98000091552734,63.84000091552735,126.8200018310547,6.015922993236214e-10,0
25,99.59000091552731,610.9000091552734,610.9000091552734,1221.8000183105469,1.0,0,1,1.0,1.0,1.0,1,1,1,1,1,0,6,0,0.0,0.0,1272.8594329467774,941.672412072754,1,6,0,2024-04-07,61.09000091552735,61.09000091552735,122.1800018310547,2.497755604868726e-09,0
26,69.94004374657202,699.4000091552734,699.3999615652239,1398.7999707204972,1.0,0,1,1.0,1.0,1.0,1,1,1,1,1,6,0,0,0.0,0.0,1324.8365509731345,1086.3842327433622,1,6,0,2024-04-07,69.94000091552735,69.93999615652238,139.87999707204972,2.2577875148733914e-09,0
27,71.59000091552724,715.9000091552734,715.9000091552734,1431.8000183105469,1.0,0,1,1.0,1.0,1.0,1,1,1,1,1,0,6,0,0.0,0.0,1259.8756682983399,1079.526744599065,1,6,0,2024-04-07,71.59000091552734,71.59000091552734,143.18000183105468,2.1314135185017507e-09,0
28,81.37113339591518,715.9000091552734,705.0320841770645,1420.932093332338,1.0,0,1,1.0,1.0,1.0,1,1,1,1,1,0,6,0,0.0,0.0,1254.8518691381028,1063.4884857447098,1,6,0,2024-04-07,71.59000091552734,70.50320841770645,142.0932093332338,0.07493955229752788,0
29,73.24009747053746,732.4000091552734,732.3999018719289,1464.7999110272024,1.0,0,1,1.0,1.0,1.0,1,1,1,1,1,0,6,0,0.0,0.0,1357.579231650225,1217.9203139450206,1,6,0,2024-04-07,73.24000091552735,73.2399901871929,146.47999110272025,0.04799999872553557,0
30,113.57000236511233,742.5266787211101,751.700008392334,1494.226687113444,1.0,0,1,1.0,1.0,1.0,1,1,1,1,1,6,0,0,0.0,0.0,1447.590140759023,1248.5927402130128,1,6,0,2024-04-07,74.25266787211102,75.1700008392334,149.42266871134441,1.7870702849482074e-09,0
31,146.50534281302987,762.3266779581706,706.6607386848495,1468.9874166430202,1.0,0,1,1.0,1.0,1.0,1,1,1,1,1,6,0,0,0.0,0.0,1315.983126016155,1166.2267357025953,1,6,0,2024-04-07,76.23266779581706,70.66607386848496,146.89874166430204,1.5227210046103641e-09,0
32,94.75000076293951,0.0,837.5000076293945,837.5000076293945,1.0,0,1,1.0,1.0,1.0,1,1,1,1,1,0,0,6,0.0,0.0,1289.1610714961191,1241.9585181823732,1,6,0,2024-04-07,0.0,83.75000076293946,83.75000076293946,9.109725375236765e-10,0
33,139.57000083923333,839.8966757456461,845.700008392334,1685.59668413798,1.0,0,1,1.0,1.0,1.0,1,1,1,1,1,0,6,0,0.0,0.0,1264.1197063079835,1100.344391366701,1,6,0,2024-04-07,83.98966757456462,84.5700008392334,168.55966841379802,3.847293650254804e-09,0
34,683.9000091552734,908.9000091552734,250.0,1158.9000091552734,0.8333333333333334,1,0,1.0,0.8333333333333334,1.0,0,0,1,1,0,0,6,0,0.0,0.0,1803.2612286961923,438.8352431884766,1,6,0,2024-04-07,90.89000091552735,25.0,115.89000091552735,1.3166613980460823e-08,0
35,90.60980482670658,840.200008392334,840.200008392334,1680.400016784668,1.0,0,1,1.0,1.0,1.0,1,1,1,1,1,6,0,0,0.0,0.0,1193.5584534076443,1020.0299885326685,1,6,0,2024-04-07,84.0200008392334,84.0200008392334,168.0400016784668,0.016666668126709652,0
36,85.12000083923337,842.600008392334,851.200008392334,1693.800016784668,1.0,0,1,1.0,1.0,1.0,1,1,1,1,1,2,4,0,0.0,0.0,1042.9506481030426,970.6235522857667,1,6,0,2024-04-07,84.2600008392334,85.1200008392334,169.3800016784668,0.05895801194036237,0
37,164.12258185107456,721.6333368937175,722.0000076293945,1443.633344523112,1.0,0,1,1.0,1.0,1.0,1,1,1,1,1,0,6,0,0.0,0.0,1076.9045027151442,874.944823812988,1,6,0,2024-04-07,72.16333368937175,72.20000076293945,144.36333445231122,0.016670904008259647,0
38,85.6400012969971,664.0333346048991,664.4000053405762,1328.4333399454754,1.0,0,1,1.0,1.0,1.0,1,1,1,1,1,4,2,0,0.0,0.0,1050.3783435821533,971.4442500701905,1,6,0,2024-04-07,66.40333346048992,66.44000053405762,132.84333399454755,0.029955117121991115,0
39,108.47000120347913,617.3333338419596,617.7000045776367,1235.0333384195965,1.0,0,1,1.0,1.0,1.0,1,1,1,1,1,0,4,2,0.0,0.0,936.6402282542604,921.7024459644897,1,6,0,2024-04-07,61.733333384195966,61.77000045776367,123.50333384195966,0.06668645532006776,0
40,123.42774354255766,659.0333346048991,659.4000053405762,1318.4333399454754,1.0,0,1,1.0,1.0,1.0,1,1,1,1,1,0,6,0,0.0,0.0,926.1500946167764,832.1267226683798,1,6,0,2024-04-07,65.90333346048992,65.94000053405762,131.84333399454755,0.07678685592379357,0
41,98.6100006103515,597.4733370463053,601.1000061035156,1198.573343149821,1.0,0,1,1.0,1.0,1.0,1,1,1,1,1,0,4,2,0.0,0.0,897.8123931884766,842.1782912841797,1,6,0,2024-04-07,59.747333704630535,60.11000061035156,119.85733431498211,0.05260363857558313,0
42,149.37474382543942,624.3400032043457,639.6000061035156,1263.9400093078614,1.0,0,1,1.0,1.0,1.0,1,1,1,1,1,1,5,0,0.0,0.0,797.2657960715331,675.795689182373,1,6,0,2024-04-07,62.43400032043458,63.960000610351564,126.39400093078615,0.07745355942052778,0
43,80.96000061035157,523.600001525879,534.6000061035156,1058.2000076293946,0.16666666666666666,5,0,1.0,0.16666666666666666,1.0,0,0,1,1,0,0,6,0,0.0,0.0,751.0961090087891,675.3795608154296,1,6,0,2024-04-07,52.3600001525879,53.460000610351564,105.82000076293946,0.08743062662571068,0
44,48.055920611572176,468.6000015258789,479.6000061035156,948.2000076293946,1.0,0,1,1.0,1.0,1.0,1,1,1,1,1,4,2,0,0.0,0.0,649.0518922912597,657.5373639587402,1,6,0,2024-04-07,46.860000152587894,47.960000610351564,94.82000076293946,0.042012002845747465,0
45,44.26271126280208,396.96667226155597,407.6000061035156,804.5666783650715,1.0,0,1,1.0,1.0,1.0,1,1,1,1,1,6,0,0,0.0,0.0,540.9899565324185,570.0870430340728,1,6,0,2024-04-07,39.6966672261556,40.76000061035157,80.45666783650717,0.0386473534651527,0
46,60.56000061035157,385.6000061035156,385.6000061035156,771.2000122070312,1.0,0,1,1.0,1.0,1.0,1,1,1,1,1,0,0,6,0.0,0.0,528.1514846435547,528.9023025146483,1,6,0,2024-04-07,38.560000610351565,38.560000610351565,77.12000122070313,9.89288681407059e-10,0
47,117.56321078068686,374.7000045776367,374.7000045776367,749.4000091552734,1.0,0,1,1.0,1.0,1.0,1,1,1,1,1,2,4,0,0.0,0.0,552.4614269916244,409.54153610867866,1,6,0,2024-04-07,37.470000457763675,37.470000457763675,74.94000091552735,0.006666668962590468,0
0,-250.7600023905436,0.0,259.4000015258789,259.4000015258789,0.0,6,0,0.0,1.0,1.0,1,0,1,0,1,6,0,0,0.0,0.0,0.0,551.8515779764812,1,6,1,2024-04-07,0.0,25.940000152587892,25.940000152587892,2.8431308218904568e-08,0
1,-125.95999946594247,0.0,278.60000228881836,278.60000228881836,0.0,6,0,1.0,1.0,0.0,1,0,0,1,1,0,0,6,0.0,0.0,61.67966423034659,427.05157505188,1,6,1,2024-04-07,0.0,27.860000228881837,27.860000228881837,1.3692383861379477e-09,0
2,0.0,0.0,0.0,0.0,1.0,0,1,1.0,1.0,0.0,1,1,0,1,1,0,0,6,0.0,0.0,233.6654815673828,297.79158779296876,0,6,1,2024-04-07,0.0,0.0,0.0,0.0,0
3,0.0,0.0,0.0,0.0,1.0,0,1,1.0,1.0,0.0,1,1,0,1,1,0,0,6,0.0,0.0,292.529752984375,300.5915755859375,0,6,1,2024-04-07,0.0,0.0,0.0,0.0,0
4,0.0,0.0,0.0,0.0,1.0,0,1,1.0,1.0,0.0,1,1,0,1,1,0,0,6,0.0,0.0,241.7902297607422,250.59159084472657,0,6,1,2024-04-07,0.0,0.0,0.0,0.0,0
5,0.0,0.0,0.0,0.0,1.0,0,1,1.0,1.0,0.0,1,1,0,1,1,0,0,6,0.0,0.0,266.41297145996094,278.09159084472657,0,6,1,2024-04-07,0.0,0.0,0.0,0.0,0
6,0.0,0.0,0.0,0.0,1.0,0,1,1.0,1.0,0.0,1,1,0,1,1,0,0,6,0.0,0.0,288.1429671875,275.3196944824219,0,6,1,2024-04-07,0.0,0.0,0.0,0.0,0
7,0.0,0.0,0.0,0.0,1.0,0,1,1.0,1.0,0.0,1,1,0,1,1,0,0,6,0.0,0.0,253.08092495117188,260.1125411621094,0,6,1,2024-04-07,0.0,0.0,0.0,0.0,0
8,0.0,0.0,0.0,0.0,1.0,0,1,1.0,1.0,0.0,1,1,0,1,1,0,0,6,0.0,0.0,230.42574306640626,236.89159389648438,0,6,1,2024-04-07,0.0,0.0,0.0,0.0,0
9,0.0,0.0,0.0,0.0,1.0,0,1,1.0,1.0,0.0,1,1,0,1,1,0,0,6,0.0,0.0,278.6230239501953,291.8915938964844,0,6,1,2024-04-07,0.0,0.0,0.0,0.0,0
10,0.0,0.0,0.0,0.0,1.0,0,1,1.0,1.0,0.0,1,1,0,1,1,0,0,6,0.0,0.0,281.5508498779297,291.8915938964844,0,6,1,2024-04-07,0.0,0.0,0.0,0.0,0
11,0.0,0.0,0.0,0.0,1.0,0,1,1.0,1.0,0.0,1,1,0,1,1,0,0,6,0.0,0.0,285.484519921875,291.8915938964844,0,6,1,2024-04-07,0.0,0.0,0.0,0.0,0
12,0.0,0.0,0.0,0.0,1.0,0,1,1.0,1.0,0.0,1,1,0,1,1,0,0,6,0.0,0.0,302.2424544921875,311.0915755859375,0,6,1,2024-04-07,0.0,0.0,0.0,0.0,0
13,0.0,0.0,0.0,0.0,1.0,0,1,1.0,1.0,0.0,1,1,0,1,1,0,0,6,0.0,0.0,301.84127041015626,311.0915755859375,0,6,1,2024-04-07,0.0,0.0,0.0,0.0,0
14,0.0,0.0,0.0,0.0,1.0,0,1,1.0,1.0,0.0,1,1,0,1,1,0,0,6,0.0,0.0,332.2233810058594,361.09160610351563,0,6,1,2024-04-07,0.0,0.0,0.0,0.0,0
15,0.0,0.0,0.0,0.0,1.0,0,1,1.0,1.0,0.0,1,1,0,1,1,0,0,6,0.0,0.0,323.8825912109375,352.8915938964844,0,6,1,2024-04-07,0.0,0.0,0.0,0.0,0
16,0.0,0.0,0.0,0.0,1.0,0,1,1.0,1.0,0.0,1,1,0,1,1,0,0,6,0.0,0.0,374.01357265625,391.6890792480469,0,6,1,2024-04-07,0.0,0.0,0.0,0.0,0
17,93.70000457763669,291.2000045776367,250.0,541.2000045776367,1.0,0,1,1.0,1.0,1.0,1,1,1,1,1,0,2,4,0.0,0.0,502.9809290201823,314.2643127075196,1,6,1,2024-04-07,29.120000457763673,25.0,54.12000045776367,0.012318304897039858,0
18,49.976773977307424,307.7000045776367,307.70000084809726,615.400005425734,1.0,0,1,1.0,1.0,1.0,1,1,1,1,1,6,0,0,0.0,0.0,587.2128731838503,474.88567563206755,1,6,1,2024-04-07,30.770000457763672,30.770000084809727,61.5400005425734,2.711988625123651e-09,0
19,56.0650005340576,354.4000053405762,331.48333867390954,685.8833440144857,1.0,0,1,1.0,1.0,1.0,1,1,1,1,1,6,0,0,0.0,0.0,550.8787223799387,529.0221805206298,1,6,1,2024-04-07,35.44000053405762,33.14833386739095,68.58833440144858,2.780864465140536e-09,0
20,45.88000068664555,458.8000068664551,458.8000068664551,917.6000137329102,1.0,0,1,1.0,1.0,1.0,1,1,1,1,1,0,0,6,0.0,0.0,538.2804134352367,562.4249538055419,1,6,1,2024-04-07,45.88000068664551,45.88000068664551,91.76000137329102,4.157254542281278e-10,0
21,64.52000160217287,453.200008392334,453.200008392334,906.400016784668,1.0,0,1,1.0,1.0,1.0,1,1,1,1,1,0,6,0,0.0,0.0,692.2199527740479,708.572916757202,1,6,1,2024-04-07,45.3200008392334,45.3200008392334,90.6400016784668,2.946037091169704e-09,0
22,53.081676239418,523.9000015258789,530.700008392334,1054.600009918213,1.0,0,1,1.0,1.0,1.0,1,1,1,1,1,0,0,6,0.0,0.0,739.3425404972305,796.5246088191757,1,6,1,2024-04-07,52.390000152587895,53.0700008392334,105.46000099182129,2.311172888816379e-10,0
23,97.02000160217284,503.200008392334,503.200008392334,1006.400016784668,1.0,0,1,1.0,1.0,1.0,1,1,1,1,1,0,6,0,0.0,0.0,862.6365787506104,827.1540324798584,1,6,1,2024-04-07,50.3200008392334,50.3200008392334,100.6400016784668,2.653306888683733e-09,0
24,63.840000915527256,629.8000091552734,638.4000091552734,1268.200018310547,1.0,0,1,1.0,1.0,1.0,1,1,1,1,1,0,0,6,0.0,0.0,863.512747144699,924.2060424438477,1,6,1,2024-04-07,62.98000091552734,63.84000091552735,126.8200018310547,6.015922993236214e-10,0
25,99.59000091552731,610.9000091552734,610.9000091552734,1221.8000183105469,1.0,0,1,1.0,1.0,1.0,1,1,1,1,1,0,6,0,0.0,0.0,961.3658416381835,987.1630728232035,1,6,1,2024-04-07,61.09000091552735,61.09000091552735,122.1800018310547,2.497755604868726e-09,0
26,69.94004374657202,699.4000091552734,699.3999615652239,1398.7999707204972,1.0,0,1,1.0,1.0,1.0,1,1,1,1,1,6,0,0,0.0,0.0,946.5227081996969,1009.0905248330537,1,6,1,2024-04-07,69.94000091552735,69.93999615652238,139.87999707204972,2.2577875148733914e-09,0
27,71.59000091552724,715.9000091552734,715.9000091552734,1431.8000183105469,1.0,0,1,1.0,1.0,1.0,1,1,1,1,1,0,6,0,0.0,0.0,936.5525481811521,1059.5865915914012,1,6,1,2024-04-07,71.59000091552734,71.59000091552734,143.18000183105468,2.1314135185017507e-09,0
28,81.37113339591518,715.9000091552734,705.0320841770645,1420.932093332338,1.0,0,1,1.0,1.0,1.0,1,1,1,1,1,0,6,0,0.0,0.0,995.1846328099776,1119.8530245941138,1,6,1,2024-04-07,71.59000091552734,70.50320841770645,142.0932093332338,0.07493955229752788,0
29,73.24009747053746,732.4000091552734,732.3999018719289,1464.7999110272024,1.0,0,1,1.0,1.0,1.0,1,1,1,1,1,0,6,0,0.0,0.0,1097.1570943352199,1151.7075572169626,1,6,1,2024-04-07,73.24000091552735,73.2399901871929,146.47999110272025,0.04799999872553557,0
30,113.57000236511233,742.5266787211101,751.700008392334,1494.226687113444,1.0,0,1,1.0,1.0,1.0,1,1,1,1,1,6,0,0,0.0,0.0,1083.1261547088623,1046.6758700958253,1,6,1,2024-04-07,74.25266787211102,75.1700008392334,149.42266871134441,1.7870702849482074e-09,0
31,146.50534281302987,762.3266779581706,706.6607386848495,1468.9874166430202,1.0,0,1,1.0,1.0,1.0,1,1,1,1,1,6,0,0,0.0,0.0,1136.2981284575612,1016.9895530854077,1,6,1,2024-04-07,76.23266779581706,70.66607386848496,146.89874166430204,1.5227210046103641e-09,0
32,94.75000076293951,0.0,837.5000076293945,837.5000076293945,1.0,0,1,1.0,1.0,1.0,1,1,1,1,1,0,0,6,0.0,0.0,1118.362770579656,1083.7509986511232,1,6,1,2024-04-07,0.0,83.75000076293946,83.75000076293946,9.109725375236765e-10,0
33,139.57000083923333,839.8966757456461,845.700008392334,1685.59668413798,1.0,0,1,1.0,1.0,1.0,1,1,1,1,1,0,6,0,0.0,0.0,1048.2346736907957,1091.7431323638916,1,6,1,2024-04-07,83.98966757456462,84.5700008392334,168.55966841379802,3.847293650254804e-09,0
34,683.9000091552734,908.9000091552734,250.0,1158.9000091552734,0.6666666666666666,2,0,1.0,0.6666666666666666,1.0,0,0,1,1,0,0,6,0,0.0,0.0,1595.3340301513672,484.2143935791016,1,6,1,2024-04-07,90.89000091552735,25.0,115.89000091552735,1.3166613980460823e-08,0
35,90.60980482670658,840.200008392334,840.200008392334,1680.400016784668,1.0,0,1,1.0,1.0,1.0,1,1,1,1,1,6,0,0,0.0,0.0,1119.3186242160498,1041.3122150951685,1,6,1,2024-04-07,84.0200008392334,84.0200008392334,168.0400016784668,0.016666668126709652,0
36,85.12000083923337,842.600008392334,851.200008392334,1693.800016784668,1.0,0,1,1.0,1.0,1.0,1,1,1,1,1,2,4,0,0.0,0.0,1101.9453018188476,1061.5741138092042,1,6,1,2024-04-07,84.2600008392334,85.1200008392334,169.3800016784668,0.05895801194036237,0
37,164.12258185107456,721.6333368937175,722.0000076293945,1443.633344523112,1.0,0,1,1.0,1.0,1.0,1,1,1,1,1,0,6,0,0.0,0.0,1124.306594537486,884.8016963715818,1,6,1,2024-04-07,72.16333368937175,72.20000076293945,144.36333445231122,0.016670904008259647,0
38,85.6400012969971,664.0333346048991,664.4000053405762,1328.4333399454754,1.0,0,1,1.0,1.0,1.0,1,1,1,1,1,4,2,0,0.0,0.0,1045.8220920196534,941.8855952850342,1,6,1,2024-04-07,66.40333346048992,66.44000053405762,132.84333399454755,0.029955117121991115,0
39,108.47000120347913,617.3333338419596,617.7000045776367,1235.0333384195965,1.0,0,1,1.0,1.0,1.0,1,1,1,1,1,0,4,2,0.0,0.0,979.2688521800416,885.7550143156956,1,6,1,2024-04-07,61.733333384195966,61.77000045776367,123.50333384195966,0.06668645532006776,0
40,123.42774354255766,659.0333346048991,659.4000053405762,1318.4333399454754,1.0,0,1,1.0,1.0,1.0,1,1,1,1,1,0,6,0,0.0,0.0,960.5500808472451,790.194297897735,1,6,1,2024-04-07,65.90333346048992,65.94000053405762,131.84333399454755,0.07678685592379357,0
41,98.6100006103515,597.4733370463053,601.1000061035156,1198.573343149821,1.0,0,1,1.0,1.0,1.0,1,1,1,1,1,0,4,2,0.0,0.0,959.6049575439451,841.3206401241089,1,6,1,2024-04-07,59.747333704630535,60.11000061035156,119.85733431498211,0.05260363857558313,0
42,149.37474382543942,624.3400032043457,639.6000061035156,1263.9400093078614,1.0,0,1,1.0,1.0,1.0,1,1,1,1,1,1,5,0,0.0,0.0,933.4650376730956,744.5946886535736,1,6,1,2024-04-07,62.43400032043458,63.960000610351564,126.39400093078615,0.07745355942052778,0
43,80.96000061035157,523.600001525879,534.6000061035156,1058.2000076293946,1.0,0,1,1.0,1.0,1.0,1,1,1,1,1,0,6,0,0.0,0.0,779.5733657470703,718.4069204671196,1,6,1,2024-04-07,52.3600001525879,53.460000610351564,105.82000076293946,0.08743062662571068,0
44,48.055920611572176,468.6000015258789,479.6000061035156,948.2000076293946,1.0,0,1,1.0,1.0,1.0,1,1,1,1,1,4,2,0,0.0,0.0,672.4855699279784,664.4127943908663,1,6,1,2024-04-07,46.860000152587894,47.960000610351564,94.82000076293946,0.042012002845747465,0
45,44.26271126280208,396.96667226155597,407.6000061035156,804.5666783650715,0.8333333333333334,1,0,0.8333333333333334,1.0,1.0,0,0,1,0,1,6,0,0,0.0,0.0,597.680580794052,624.2420430622403,1,6,1,2024-04-07,39.6966672261556,40.76000061035157,80.45666783650717,0.0386473534651527,0
46,60.56000061035157,385.6000061035156,385.6000061035156,771.2000122070312,1.0,0,1,1.0,1.0,1.0,1,1,1,1,1,0,0,6,0.0,0.0,525.3667780632019,509.8316238037109,1,6,1,2024-04-07,38.560000610351565,38.560000610351565,77.12000122070313,9.89288681407059e-10,0
47,117.56321078068686,374.7000045776367,374.7000045776367,749.4000091552734,1.0,0,1,1.0,1.0,1.0,1,1,1,1,1,2,4,0,0.0,0.0,547.8494829763757,425.3284136333756,1,6,1,2024-04-07,37.470000457763675,37.470000457763675,74.94000091552735,0.006666668962590468,0
0,-250.7600023905436,0.0,259.4000015258789,259.4000015258789,0.0,6,0,0.0,1.0,1.0,1,0,1,0,1,6,0,0,0.0,0.0,0.0,463.85160849405923,1,6,2,2024-04-07,0.0,25.940000152587892,25.940000152587892,2.8431308218904568e-08,1
1,-125.95999946594247,0.0,278.60000228881836,278.60000228881836,0.0,6,0,1.0,1.0,0.0,1,0,0,1,1,0,0,6,0.0,0.0,0.0,339.0516055694581,1,6,2,2024-04-07,0.0,27.860000228881837,27.860000228881837,1.3692383861379477e-09,0
2,0.0,0.0,0.0,0.0,1.0,0,1,1.0,1.0,0.0,1,1,0,1,1,0,0,6,0.0,0.0,96.78443908691406,224.09160610351563,0,6,2,2024-04-07,0.0,0.0,0.0,0.0,0
3,0.0,0.0,0.0,0.0,1.0,0,1,1.0,1.0,0.0,1,1,0,1,1,0,0,6,0.0,0.0,144.9351027158203,189.65209194335938,0,6,2,2024-04-07,0.0,0.0,0.0,0.0,0
4,0.0,0.0,0.0,0.0,1.0,0,1,1.0,1.0,0.0,1,1,0,1,1,0,0,6,0.0,0.0,110.18492885742188,163.09160610351563,0,6,2,2024-04-07,0.0,0.0,0.0,0.0,0
5,0.0,0.0,0.0,0.0,1.0,0,1,1.0,1.0,0.0,1,1,0,1,1,0,0,6,0.0,0.0,146.3154754272461,190.59160610351563,0,6,2,2024-04-07,0.0,0.0,0.0,0.0,0
6,0.0,0.0,0.0,0.0,1.0,0,1,1.0,1.0,0.0,1,1,0,1,1,0,0,6,0.0,0.0,174.73155971679688,190.59160610351563,0,6,2,2024-04-07,0.0,0.0,0.0,0.0,0
7,0.0,0.0,0.0,0.0,1.0,0,1,1.0,1.0,0.0,1,1,0,1,1,0,0,6,0.0,0.0,190.59160610351563,190.59160610351563,0,6,2,2024-04-07,0.0,0.0,0.0,0.0,0
8,0.0,0.0,0.0,0.0,1.0,0,1,1.0,1.0,0.0,1,1,0,1,1,0,0,6,0.0,0.0,201.59160610351563,201.59160610351563,0,6,2,2024-04-07,0.0,0.0,0.0,0.0,0
9,0.0,0.0,0.0,0.0,1.0,0,1,1.0,1.0,0.0,1,1,0,1,1,0,0,6,0.0,0.0,201.59160610351563,200.14475246582032,0,6,2,2024-04-07,0.0,0.0,0.0,0.0,0
10,0.0,0.0,0.0,0.0,1.0,0,1,1.0,1.0,0.0,1,1,0,1,1,0,0,6,0.0,0.0,182.39159389648438,174.75525661621094,0,6,2,2024-04-07,0.0,0.0,0.0,0.0,0
11,0.0,0.0,0.0,0.0,1.0,0,1,1.0,1.0,0.0,1,1,0,1,1,0,0,6,0.0,0.0,182.39159389648438,173.73572536621094,0,6,2,2024-04-07,0.0,0.0,0.0,0.0,0
12,0.0,0.0,0.0,0.0,1.0,0,1,1.0,1.0,0.0,1,1,0,1,1,0,0,6,0.0,0.0,193.39159389648438,177.10164638671876,0,6,2,2024-04-07,0.0,0.0,0.0,0.0,0
13,0.0,0.0,0.0,0.0,1.0,0,1,1.0,1.0,0.0,1,1,0,1,1,0,0,6,0.0,0.0,228.70757290039063,201.17166896972657,0,6,2,2024-04-07,0.0,0.0,0.0,0.0,0
14,0.0,0.0,0.0,0.0,1.0,0,1,1.0,1.0,0.0,1,1,0,1,1,0,0,6,0.0,0.0,347.79158779296876,293.5920638671875,0,6,2,2024-04-07,0.0,0.0,0.0,0.0,0
15,0.0,0.0,0.0,0.0,1.0,0,1,1.0,1.0,0.0,1,1,0,1,1,0,0,6,0.0,0.0,386.2916183105469,317.09160610351563,0,6,2,2024-04-07,0.0,0.0,0.0,0.0,0
16,0.0,0.0,0.0,0.0,1.0,0,1,1.0,1.0,0.0,1,1,0,1,1,0,0,6,0.0,0.0,429.69161220703126,378.09160610351563,0,6,2,2024-04-07,0.0,0.0,0.0,0.0,0
17,93.70000457763669,291.2000045776367,250.0,541.2000045776367,1.0,0,1,1.0,1.0,1.0,1,1,1,1,1,0,2,4,0.0,0.0,614.0574493041992,408.61241358241875,1,6,2,2024-04-07,29.120000457763673,25.0,54.12000045776367,0.012318304897039858,0
18,49.976773977307424,307.7000045776367,307.70000084809726,615.400005425734,1.0,0,1,1.0,1.0,1.0,1,1,1,1,1,6,0,0,0.0,0.0,614.6226708523074,470.65174017070376,1,6,2,2024-04-07,30.770000457763672,30.770000084809727,61.5400005425734,2.711988625123651e-09,0
19,56.0650005340576,354.4000053405762,331.48333867390954,685.8833440144857,1.0,0,1,1.0,1.0,1.0,1,1,1,1,1,6,0,0,0.0,0.0,633.4590053192138,512.2908600342416,1,6,2,2024-04-07,35.44000053405762,33.14833386739095,68.58833440144858,2.780864465140536e-09,0
20,45.88000068664555,458.8000068664551,458.8000068664551,917.6000137329102,1.0,0,1,1.0,1.0,1.0,1,1,1,1,1,0,0,6,0.0,0.0,610.2084208580653,586.6115993133544,1,6,2,2024-04-07,45.88000068664551,45.88000068664551,91.76000137329102,4.157254542281278e-10,0
21,64.52000160217287,453.200008392334,453.200008392334,906.400016784668,1.0,0,1,1.0,1.0,1.0,1,1,1,1,1,0,6,0,0.0,0.0,663.9649766696294,610.218912850952,1,6,2,2024-04-07,45.3200008392334,45.3200008392334,90.6400016784668,2.946037091169704e-09,0
22,53.081676239418,523.9000015258789,530.700008392334,1054.600009918213,1.0,0,1,1.0,1.0,1.0,1,1,1,1,1,0,0,6,0.0,0.0,785.3608455633392,727.7121698543319,1,6,2,2024-04-07,52.390000152587895,53.0700008392334,105.46000099182129,2.311172888816379e-10,0
23,97.02000160217284,503.200008392334,503.200008392334,1006.400016784668,1.0,0,1,1.0,1.0,1.0,1,1,1,1,1,0,6,0,0.0,0.0,970.9146716941198,804.1003825775147,1,6,2,2024-04-07,50.3200008392334,50.3200008392334,100.6400016784668,2.653306888683733e-09,0
24,63.840000915527256,629.8000091552734,638.4000091552734,1268.200018310547,1.0,0,1,1.0,1.0,1.0,1,1,1,1,1,0,0,6,0.0,0.0,957.6004607788085,862.3628483398381,1,6,2,2024-04-07,62.98000091552734,63.84000091552735,126.8200018310547,6.015922993236214e-10,0
25,99.59000091552731,610.9000091552734,610.9000091552734,1221.8000183105469,1.0,0,1,1.0,1.0,1.0,1,1,1,1,1,0,6,0,0.0,0.0,988.0861175170897,784.4105390553736,1,6,2,2024-04-07,61.09000091552735,61.09000091552735,122.1800018310547,2.497755604868726e-09,0
26,69.94004374657202,699.4000091552734,699.3999615652239,1398.7999707204972,1.0,0,1,1.0,1.0,1.0,1,1,1,1,1,6,0,0,0.0,0.0,962.8527863246969,809.0868952009729,1,6,2,2024-04-07,69.94000091552735,69.93999615652238,139.87999707204972,2.2577875148733914e-09,0
27,71.59000091552724,715.9000091552734,715.9000091552734,1431.8000183105469,1.0,0,1,1.0,1.0,1.0,1,1,1,1,1,0,6,0,0.0,0.0,1051.8532073608396,935.7243301391602,1,6,2,2024-04-07,71.59000091552734,71.59000091552734,143.18000183105468,2.1314135185017507e-09,0
28,81.37113339591518,715.9000091552734,705.0320841770645,1420.932093332338,1.0,0,1,1.0,1.0,1.0,1,1,1,1,1,0,6,0,0.0,0.0,1204.0404677709153,1059.1814113925052,1,6,2,2024-04-07,71.59000091552734,70.50320841770645,142.0932093332338,0.07493955229752788,0
29,73.24009747053746,732.4000091552734,732.3999018719289,1464.7999110272024,1.0,0,1,1.0,1.0,1.0,1,1,1,1,1,0,6,0,0.0,0.0,1253.45056954085,1053.3701548732126,1,6,2,2024-04-07,73.24000091552735,73.2399901871929,146.47999110272025,0.04799999872553557,0
30,113.57000236511233,742.5266787211101,751.700008392334,1494.226687113444,1.0,0,1,1.0,1.0,1.0,1,1,1,1,1,6,0,0,0.0,0.0,1248.6757152557373,1005.8554355255127,1,6,2,2024-04-07,74.25266787211102,75.1700008392334,149.42266871134441,1.7870702849482074e-09,0
31,146.50534281302987,762.3266779581706,706.6607386848495,1468.9874166430202,1.0,0,1,1.0,1.0,1.0,1,1,1,1,1,6,0,0,0.0,0.0,1284.6268027739675,996.8828636322827,1,6,2,2024-04-07,76.23266779581706,70.66607386848496,146.89874166430204,1.5227210046103641e-09,0
32,94.75000076293951,0.0,837.5000076293945,837.5000076293945,0.5,3,0,1.0,1.0,0.5,1,0,0,1,1,0,0,6,0.0,0.0,1148.260376739502,1055.1797095886232,1,6,2,2024-04-07,0.0,83.75000076293946,83.75000076293946,9.109725375236765e-10,0
33,139.57000083923333,839.8966757456461,845.700008392334,1685.59668413798,1.0,0,1,1.0,1.0,1.0,1,1,1,1,1,0,6,0,0.0,0.0,1065.1406795501707,910.4112842193605,1,6,2,2024-04-07,83.98966757456462,84.5700008392334,168.55966841379802,3.847293650254804e-09,0
34,683.9000091552734,908.9000091552734,250.0,1158.9000091552734,1.0,0,1,1.0,1.0,1.0,1,1,1,1,1,0,6,0,0.0,0.0,1582.8179779052734,255.75302883300776,1,6,2,2024-04-07,90.89000091552735,25.0,115.89000091552735,1.3166613980460823e-08,0
35,90.60980482670658,840.200008392334,840.200008392334,1680.400016784668,1.0,0,1,1.0,1.0,1.0,1,1,1,1,1,6,0,0,0.0,0.01866901420869474,1009.6902136359463,824.5143024975121,1,6,2,2024-04-07,84.0200008392334,84.0200008392334,168.0400016784668,0.016666668126709652,0
36,85.12000083923337,842.600008392334,851.200008392334,1693.800016784668,1.0,0,1,1.0,1.0,1.0,1,1,1,1,1,2,4,0,0.0,0.04675140644866788,981.4206828704833,811.4052108308745,1,6,2,2024-04-07,84.2600008392334,85.1200008392334,169.3800016784668,0.05895801194036237,0
37,164.12258185107456,721.6333368937175,722.0000076293945,1443.633344523112,1.0,0,1,1.0,1.0,1.0,1,1,1,1,1,0,6,0,0.0,0.0,1073.6857150541996,733.7180854168871,1,6,2,2024-04-07,72.16333368937175,72.20000076293945,144.36333445231122,0.016670904008259647,0
38,85.6400012969971,664.0333346048991,664.4000053405762,1328.4333399454754,1.0,0,1,1.0,1.0,1.0,1,1,1,1,1,4,2,0,0.0,0.0,914.0138034454345,767.1699070031642,1,6,2,2024-04-07,66.40333346048992,66.44000053405762,132.84333399454755,0.029955117121991115,0
39,108.47000120347913,617.3333338419596,617.7000045776367,1235.0333384195965,1.0,0,1,1.0,1.0,1.0,1,1,1,1,1,0,4,2,0.0,0.0,905.3922652659791,683.8159241618978,1,6,2,2024-04-07,61.733333384195966,61.77000045776367,123.50333384195966,0.06668645532006776,0
40,123.42774354255766,659.0333346048991,659.4000053405762,1318.4333399454754,1.0,0,1,1.0,1.0,1.0,1,1,1,1,1,0,6,0,0.0,0.0266134626868216,902.2792068238076,641.8510879027548,1,6,2,2024-04-07,65.90333346048992,65.94000053405762,131.84333399454755,0.07678685592379357,0
41,98.6100006103515,597.4733370463053,601.1000061035156,1198.573343149821,1.0,0,1,1.0,1.0,1.0,1,1,1,1,1,0,4,2,0.0,0.0,795.5186920166016,617.2382278076172,1,6,2,2024-04-07,59.747333704630535,60.11000061035156,119.85733431498211,0.05260363857558313,0
42,149.37474382543942,624.3400032043457,639.6000061035156,1263.9400093078614,1.0,0,1,1.0,1.0,1.0,1,1,1,1,1,1,5,0,0.0,0.26123065028215636,728.2181276145019,472.51688058862305,1,6,2,2024-04-07,62.43400032043458,63.960000610351564,126.39400093078615,0.07745355942052778,0
43,80.96000061035157,523.600001525879,534.6000061035156,1058.2000076293946,1.0,0,1,1.0,1.0,1.0,1,1,1,1,1,0,6,0,0.0,0.0,645.9125152587891,552.4316238037109,1,6,2,2024-04-07,52.3600001525879,53.460000610351564,105.82000076293946,0.08743062662571068,0
44,48.055920611572176,468.6000015258789,479.6000061035156,948.2000076293946,0.8333333333333334,1,0,0.75,1.0,1.0,0,0,1,0,1,4,2,0,0.0,0.0,606.7558717834472,585.3357038024902,1,6,2,2024-04-07,46.860000152587894,47.960000610351564,94.82000076293946,0.042012002845747465,0
45,44.26271126280208,396.96667226155597,407.6000061035156,804.5666783650715,0.0,6,0,0.0,1.0,1.0,0,0,1,0,1,6,0,0,0.0,0.0,611.2627112628021,597.4289009442291,1,6,2,2024-04-07,39.6966672261556,40.76000061035157,80.45666783650717,0.0386473534651527,0
46,60.56000061035157,385.6000061035156,385.6000061035156,771.2000122070312,1.0,0,1,1.0,1.0,1.0,1,1,1,1,1,0,0,6,0.0,0.0,574.6358062744141,542.7315871826171,1,6,2,2024-04-07,38.560000610351565,38.560000610351565,77.12000122070313,9.89288681407059e-10,0
47,117.56321078068686,374.7000045776367,374.7000045776367,749.4000091552734,1.0,0,1,1.0,1.0,1.0,1,1,1,1,1,2,4,0,0.0,0.07144805047686743,530.1925227754531,347.92841973689127,1,6,2,2024-04-07,37.470000457763675,37.470000457763675,74.94000091552735,0.006666668962590468,0
0,-250.7600023905436,0.0,259.4000015258789,259.4000015258789,0.0,6,0,0.0,1.0,1.0,1,0,1,0,1,6,0,0,0.0,0.0,23.177603143310535,628.9516145975749,1,7,0,2024-04-07,0.0,25.940000152587892,25.940000152587892,2.8431308218904568e-08,0
1,-125.95999946594247,0.0,278.60000228881836,278.60000228881836,0.3333333333333333,4,0,1.0,1.0,0.3333333333333333,1,0,0,1,1,0,0,6,0.0,0.0,144.1945110321044,554.6516116729738,1,7,0,2024-04-07,0.0,27.860000228881837,27.860000228881837,1.3692383861379477e-09,0
2,0.0,0.0,0.0,0.0,1.0,0,1,1.0,1.0,0.0,1,1,0,1,1,0,0,6,0.0,0.0,214.94422912597656,417.69161220703126,0,7,0,2024-04-07,0.0,0.0,0.0,0.0,0
3,0.0,0.0,0.0,0.0,1.0,0,1,1.0,1.0,0.0,1,1,0,1,1,0,0,6,0.0,0.0,292.9643843320313,413.22823330078126,0,7,0,2024-04-07,0.0,0.0,0.0,0.0,0
4,0.0,0.0,0.0,0.0,1.0,0,1,1.0,1.0,0.0,1,1,0,1,1,0,0,6,0.0,0.0,345.65560146484376,400.4807357421875,0,7,0,2024-04-07,0.0,0.0,0.0,0.0,0
5,0.0,0.0,0.0,0.0,1.0,0,1,1.0,1.0,0.0,1,1,0,1,1,0,0,6,0.0,0.0,417.9196700683594,411.6241378417969,0,7,0,2024-04-07,0.0,0.0,0.0,0.0,0
6,0.0,0.0,0.0,0.0,1.0,0,1,1.0,1.0,0.0,1,1,0,1,1,0,0,6,0.0,0.0,371.9197005859375,328.12325283203126,0,7,0,2024-04-07,0.0,0.0,0.0,0.0,0
7,0.0,0.0,0.0,0.0,1.0,0,1,1.0,1.0,0.0,1,1,0,1,1,0,0,6,0.0,0.0,309.5534896484375,261.97884365234376,0,7,0,2024-04-07,0.0,0.0,0.0,0.0,0
8,0.0,0.0,0.0,0.0,1.0,0,1,1.0,1.0,0.0,1,1,0,1,1,0,0,6,0.0,0.0,312.88704677734376,229.1915969482422,0,7,0,2024-04-07,0.0,0.0,0.0,0.0,0
9,0.0,0.0,0.0,0.0,1.0,0,1,1.0,1.0,0.0,1,1,0,1,1,0,0,6,0.0,0.0,271.1624221435547,226.66606899414063,0,7,0,2024-04-07,0.0,0.0,0.0,0.0,0
10,0.0,0.0,0.0,0.0,1.0,0,1,1.0,1.0,0.0,1,1,0,1,1,0,0,6,0.0,0.0,201.6915969482422,201.6915969482422,0,7,0,2024-04-07,0.0,0.0,0.0,0.0,0
11,0.0,0.0,0.0,0.0,1.0,0,1,1.0,1.0,0.0,1,1,0,1,1,0,0,6,0.0,0.0,212.6915969482422,212.6915969482422,0,7,0,2024-04-07,0.0,0.0,0.0,0.0,0
12,0.0,0.0,0.0,0.0,1.0,0,1,1.0,1.0,0.0,1,1,0,1,1,0,0,6,0.0,0.0,212.6915969482422,210.33849331054688,0,7,0,2024-04-07,0.0,0.0,0.0,0.0,0
13,0.0,0.0,0.0,0.0,1.0,0,1,1.0,1.0,0.0,1,1,0,1,1,0,0,6,0.0,0.0,262.6915969482422,255.44124599609376,0,7,0,2024-04-07,0.0,0.0,0.0,0.0,0
14,0.0,0.0,0.0,0.0,1.0,0,1,1.0,1.0,0.0,1,1,0,1,1,0,0,6,0.0,0.0,301.0915755859375,286.420555078125,0,7,0,2024-04-07,0.0,0.0,0.0,0.0,0
15,0.0,0.0,0.0,0.0,1.0,0,1,1.0,1.0,0.0,1,1,0,1,1,0,0,6,0.0,0.0,367.09160610351563,334.18544765625,0,7,0,2024-04-07,0.0,0.0,0.0,0.0,0
16,0.0,0.0,0.0,0.0,1.0,0,1,1.0,1.0,0.0,1,1,0,1,1,0,0,6,0.0,0.0,444.59160610351563,403.31661220703126,0,7,0,2024-04-07,0.0,0.0,0.0,0.0,0
17,93.70000457763669,291.2000045776367,250.0,541.2000045776367,1.0,0,1,1.0,1.0,1.0,1,1,1,1,1,0,5,1,0.0,0.0,567.5960540405273,312.73382141526383,1,7,0,2024-04-07,29.120000457763673,25.0,54.12000045776367,0.009388957633793073,0
18,49.976773977307424,307.7000045776367,307.70000084809726,615.400005425734,1.0,0,1,1.0,1.0,1.0,1,1,1,1,1,6,0,0,0.0,0.0,559.421865188245,379.5485100799604,1,7,0,2024-04-07,30.770000457763672,30.770000084809727,61.5400005425734,0.004065041774353487,0
19,56.0650005340576,354.4000053405762,331.48333867390954,685.8833440144857,0.8333333333333334,1,0,1.0,0.75,1.0,0,0,1,1,0,2,4,0,0.0,0.0,497.9918422332764,385.9025439536703,1,7,0,2024-04-07,35.44000053405762,33.14833386739095,68.58833440144858,0.21399767141531412,0
20,45.88000068664555,458.8000068664551,458.8000068664551,917.6000137329102,1.0,0,1,1.0,1.0,1.0,1,1,1,1,1,0,0,6,0.0,0.0927181271592731,536.2301517120362,416.2609294891357,1,7,0,2024-04-07,45.88000068664551,45.88000068664551,91.76000137329102,4.157254542281278e-10,0
21,64.52000160217287,453.200008392334,453.200008392334,906.400016784668,1.0,0,1,1.0,1.0,1.0,1,1,1,1,1,0,6,0,0.0,0.1384731908476594,558.6903125396728,390.4439571380615,1,7,0,2024-04-07,45.3200008392334,45.3200008392334,90.6400016784668,2.946037091169704e-09,0
22,53.081676239418,523.9000015258789,530.700008392334,1054.600009918213,1.0,0,1,1.0,1.0,1.0,1,1,1,1,1,0,0,6,0.0,0.14277296050238467,620.862582880043,454.9303970555201,1,7,0,2024-04-07,52.390000152587895,53.0700008392334,105.46000099182129,2.311172888816379e-10,0
23,97.02000160217284,503.200008392334,503.200008392334,1006.400016784668,1.0,0,1,1.0,1.0,1.0,1,1,1,1,1,0,6,0,0.0,0.12873225833975835,679.9390918365477,438.4219349154035,1,7,0,2024-04-07,50.3200008392334,50.3200008392334,100.6400016784668,2.653306888683733e-09,0
24,63.840000915527256,629.8000091552734,638.4000091552734,1268.200018310547,1.0,0,1,1.0,1.0,1.0,1,1,1,1,1,0,0,6,0.0,0.1740125247730743,660.688229333496,527.3104117470106,1,7,0,2024-04-07,62.98000091552734,63.84000091552735,126.8200018310547,6.015922993236214e-10,0
25,99.59000091552731,610.9000091552734,610.9000091552734,1221.8000183105469,1.0,0,1,1.0,1.0,1.0,1,1,1,1,1,1,5,0,0.0,0.0,801.7377288452147,620.5702628205248,1,7,0,2024-04-07,61.09000091552735,61.09000091552735,122.1800018310547,0.04674796698723113,0
26,69.94004374657202,699.4000091552734,699.3999615652239,1398.7999707204972,1.0,0,1,1.0,1.0,1.0,1,1,1,1,1,1,5,0,0.0,0.0,947.1623566371969,770.3031391824161,1,7,0,2024-04-07,69.94000091552735,69.93999615652238,139.87999707204972,0.2564272379661809,0
27,71.59000091552724,715.9000091552734,715.9000091552734,1431.8000183105469,1.0,0,1,1.0,1.0,1.0,1,1,1,1,1,0,6,0,0.0,0.0,966.4411590209959,791.360743713379,1,7,0,2024-04-07,71.59000091552734,71.59000091552734,143.18000183105468,2.1314135185017507e-09,0
28,81.37113339591518,715.9000091552734,705.0320841770645,1420.932093332338,1.0,0,1,1.0,1.0,1.0,1,1,1,1,1,4,2,0,0.0,0.0,968.9474501927901,785.9179291040848,1,7,0,2024-04-07,71.59000091552734,70.50320841770645,142.0932093332338,0.008067898814793691,0
29,73.24009747053746,732.4000091552734,732.3999018719289,1464.7999110272024,0.8333333333333334,1,0,1.0,0.6666666666666666,1.0,0,0,1,1,0,0,3,3,0.0,0.0,1041.0149005955375,910.5232081935251,1,7,0,2024-04-07,73.24000091552735,73.2399901871929,146.47999110272025,0.06910568794560733,0
30,113.57000236511233,742.5266787211101,751.700008392334,1494.226687113444,1.0,0,1,1.0,1.0,1.0,1,1,1,1,1,4,2,0,0.0,0.0,1044.910418283081,820.6551527194148,1,7,0,2024-04-07,74.25266787211102,75.1700008392334,149.42266871134441,0.02044998519548441,0
31,146.50534281302987,762.3266779581706,706.6607386848495,1468.9874166430202,1.0,0,1,1.0,1.0,1.0,1,1,1,1,1,1,5,0,0.0,0.0,1146.3106635161548,879.9919095341467,1,7,0,2024-04-07,76.23266779581706,70.66607386848496,146.89874166430204,0.09591910770449755,0
32,94.75000076293951,0.0,837.5000076293945,837.5000076293945,1.0,0,1,1.0,1.0,1.0,1,1,1,1,1,0,1,5,0.0,0.0,1201.039086114502,1009.577457756306,1,7,0,2024-04-07,0.0,83.75000076293946,83.75000076293946,0.05691057052769692,0
33,139.57000083923333,839.8966757456461,845.700008392334,1685.59668413798,1.0,0,1,1.0,1.0,1.0,1,1,1,1,1,0,6,0,0.0,0.0,1129.253922616577,872.1059701340582,1,7,0,2024-04-07,83.98966757456462,84.5700008392334,168.55966841379802,3.847293650254804e-09,0
34,683.9000091552734,908.9000091552734,250.0,1158.9000091552734,1.0,0,1,1.0,1.0,1.0,1,1,1,1,1,1,5,0,0.0,0.12922730864681625,1675.2237014404295,217.69317283829594,1,7,0,2024-04-07,90.89000091552735,25.0,115.89000091552735,0.1307130437295333,0
35,90.60980482670658,840.200008392334,840.200008392334,1680.400016784668,1.0,0,1,1.0,1.0,1.0,1,1,1,1,1,6,0,0,0.0,0.09187625940384363,1091.9553025337377,763.0055744701683,1,7,0,2024-04-07,84.0200008392334,84.0200008392334,168.0400016784668,1.535713403612018e-09,0
36,85.12000083923337,842.600008392334,851.200008392334,1693.800016784668,0.3333333333333333,4,0,1.0,0.3333333333333333,1.0,0,0,1,1,0,0,6,0,0.0,0.15529873216109583,1047.7586105286102,719.0097262734904,1,7,0,2024-04-07,84.2600008392334,85.1200008392334,169.3800016784668,0.465767564481056,0
37,164.12258185107456,721.6333368937175,722.0000076293945,1443.633344523112,1.0,0,1,1.0,1.0,1.0,1,1,1,1,1,4,2,0,0.0,0.1543628544056772,1156.6742404448246,610.5500255708005,1,7,0,2024-04-07,72.16333368937175,72.20000076293945,144.36333445231122,0.275442686886981,0
38,85.6400012969971,664.0333346048991,664.4000053405762,1328.4333399454754,1.0,0,1,1.0,1.0,1.0,1,1,1,1,1,6,0,0,0.0,0.0,1072.4326266876221,788.1369609128295,1,7,0,2024-04-07,66.40333346048992,66.44000053405762,132.84333399454755,1.4357880097412305e-09,0
39,108.47000120347913,617.3333338419596,617.7000045776367,1235.0333384195965,1.0,0,1,1.0,1.0,1.0,1,1,1,1,1,0,0,6,0.0,0.0,1096.2545699534792,760.9442394425309,1,7,0,2024-04-07,61.733333384195966,61.77000045776367,123.50333384195966,1.3946179358495367e-11,0
40,123.42774354255766,659.0333346048991,659.4000053405762,1318.4333399454754,1.0,0,1,1.0,1.0,1.0,1,1,1,1,1,5,1,0,0.0,0.0,1111.9095779175577,768.2120278387958,1,7,0,2024-04-07,65.90333346048992,65.94000053405762,131.84333399454755,0.012198514890380905,0
41,98.6100006103515,597.4733370463053,601.1000061035156,1198.573343149821,1.0,0,1,1.0,1.0,1.0,1,1,1,1,1,4,2,0,0.0,0.0,1094.119056665039,807.0344105532956,1,7,0,2024-04-07,59.747333704630535,60.11000061035156,119.85733431498211,0.04460474557234779,0
42,149.37474382543942,624.3400032043457,639.6000061035156,1263.9400093078614,1.0,0,1,1.0,1.0,1.0,1,1,1,1,1,5,1,0,0.0,0.0,1173.2795158762651,770.8941388894043,1,7,0,2024-04-07,62.43400032043458,63.960000610351564,126.39400093078615,0.016456479346609806,0
43,80.96000061035157,523.600001525879,534.6000061035156,1058.2000076293946,1.0,0,1,1.0,1.0,1.0,1,1,1,1,1,5,1,0,0.0,0.0,984.7770810804685,791.1056960693359,1,7,0,2024-04-07,52.3600001525879,53.460000610351564,105.82000076293946,0.1951473047537485,0
44,48.055920611572176,468.6000015258789,479.6000061035156,948.2000076293946,1.0,0,1,1.0,1.0,1.0,1,1,1,1,1,0,0,6,0.0,0.0,704.0123415100097,661.722605657959,1,7,0,2024-04-07,46.860000152587894,47.960000610351564,94.82000076293946,1.0170379369246187e-09,0
45,44.26271126280208,396.96667226155597,407.6000061035156,804.5666783650715,1.0,0,1,1.0,1.0,1.0,1,1,1,1,1,0,0,6,0.0,0.0,758.5838172198333,721.3491890301666,1,7,0,2024-04-07,39.6966672261556,40.76000061035157,80.45666783650717,8.594850300578026e-10,0
46,60.56000061035157,385.6000061035156,385.6000061035156,771.2000122070312,0.0,6,0,1.0,1.0,0.0,0,0,0,1,1,0,0,6,0.0,0.0,692.9890777587891,654.8473708740233,1,7,0,2024-04-07,38.560000610351565,38.560000610351565,77.12000122070313,9.89288681407059e-10,0
47,117.56321078068686,374.7000045776367,374.7000045776367,749.4000091552734,1.0,0,1,1.0,1.0,1.0,1,1,1,1,1,6,0,0,0.0,0.0,555.8226899823217,440.3418413677506,1,7,0,2024-04-07,37.470000457763675,37.470000457763675,74.94000091552735,1.663991776675657e-09,0
0,-250.7600023905436,0.0,259.4000015258789,259.4000015258789,0.0,6,0,0.0,1.0,1.0,1,0,1,0,1,6,0,0,0.0,0.0,57.063772576904285,600.7516023905437,1,7,1,2024-04-07,0.0,25.940000152587892,25.940000152587892,2.8431308218904568e-08,0
1,-125.95999946594247,0.0,278.60000228881836,278.60000228881836,0.0,6,0,1.0,1.0,0.0,1,0,0,1,1,0,0,6,0.0,0.0,134.76061210632315,475.9515994659425,1,7,1,2024-04-07,0.0,27.860000228881837,27.860000228881837,1.3692383861379477e-09,0
2,0.0,0.0,0.0,0.0,1.0,0,1,1.0,1.0,0.0,1,1,0,1,1,0,0,6,0.0,0.0,223.74670327441407,303.29158779296876,0,7,1,2024-04-07,0.0,0.0,0.0,0.0,0
3,0.0,0.0,0.0,0.0,1.0,0,1,1.0,1.0,0.0,1,1,0,1,1,0,0,6,0.0,0.0,226.83786770019532,275.79158779296876,0,7,1,2024-04-07,0.0,0.0,0.0,0.0,0
4,0.0,0.0,0.0,0.0,1.0,0,1,1.0,1.0,0.0,1,1,0,1,1,0,0,6,0.0,0.0,218.33513637695313,256.59159084472657,0,7,1,2024-04-07,0.0,0.0,0.0,0.0,0
5,0.0,0.0,0.0,0.0,1.0,0,1,1.0,1.0,0.0,1,1,0,1,1,0,0,6,0.0,0.0,255.61714931640626,284.0915755859375,0,7,1,2024-04-07,0.0,0.0,0.0,0.0,0
6,0.0,0.0,0.0,0.0,1.0,0,1,1.0,1.0,0.0,1,1,0,1,1,0,0,6,0.0,0.0,297.52236171875,311.5915755859375,0,7,1,2024-04-07,0.0,0.0,0.0,0.0,0
7,0.0,0.0,0.0,0.0,1.0,0,1,1.0,1.0,0.0,1,1,0,1,1,0,0,6,0.0,0.0,284.0915755859375,284.0915755859375,0,7,1,2024-04-07,0.0,0.0,0.0,0.0,0
8,0.0,0.0,0.0,0.0,1.0,0,1,1.0,1.0,0.0,1,1,0,1,1,0,0,6,0.0,0.0,284.0915755859375,284.0915755859375,0,7,1,2024-04-07,0.0,0.0,0.0,0.0,0
9,0.0,0.0,0.0,0.0,1.0,0,1,1.0,1.0,0.0,1,1,0,1,1,0,0,6,0.0,0.0,311.5915755859375,311.5915755859375,0,7,1,2024-04-07,0.0,0.0,0.0,0.0,0
10,0.0,0.0,0.0,0.0,1.0,0,1,1.0,1.0,0.0,1,1,0,1,1,0,0,6,0.0,0.0,311.5915755859375,310.23116298828126,0,7,1,2024-04-07,0.0,0.0,0.0,0.0,0
11,0.0,0.0,0.0,0.0,1.0,0,1,1.0,1.0,0.0,1,1,0,1,1,0,0,6,0.0,0.0,322.5915755859375,319.30376430664063,0,7,1,2024-04-07,0.0,0.0,0.0,0.0,0
12,0.0,0.0,0.0,0.0,1.0,0,1,1.0,1.0,0.0,1,1,0,1,1,0,0,6,0.0,0.0,372.5915755859375,371.7899093261719,0,7,1,2024-04-07,0.0,0.0,0.0,0.0,0
13,0.0,0.0,0.0,0.0,1.0,0,1,1.0,1.0,0.0,1,1,0,1,1,0,0,6,0.0,0.0,432.255271875,415.70052333984376,0,7,1,2024-04-07,0.0,0.0,0.0,0.0,0
14,0.0,0.0,0.0,0.0,1.0,0,1,1.0,1.0,0.0,1,1,0,1,1,0,0,6,0.0,0.0,430.91655727539063,408.6087875,0,7,1,2024-04-07,0.0,0.0,0.0,0.0,0
15,0.0,0.0,0.0,0.0,1.0,0,1,1.0,1.0,0.0,1,1,0,1,1,0,0,6,0.0,0.0,435.19161220703126,392.63811489257813,0,7,1,2024-04-07,0.0,0.0,0.0,0.0,0
16,0.0,0.0,0.0,0.0,1.0,0,1,1.0,1.0,0.0,1,1,0,1,1,0,0,6,0.0,0.0,415.9916,359.52400966796876,0,7,1,2024-04-07,0.0,0.0,0.0,0.0,0
17,93.70000457763669,291.2000045776367,250.0,541.2000045776367,1.0,0,1,1.0,1.0,1.0,1,1,1,1,1,0,5,1,0.0,0.0,605.7916106811523,324.00390621337897,1,7,1,2024-04-07,29.120000457763673,25.0,54.12000045776367,0.009388957633793073,0
18,49.976773977307424,307.7000045776367,307.70000084809726,615.400005425734,1.0,0,1,1.0,1.0,1.0,1,1,1,1,1,6,0,0,0.0,0.0,624.7733433336535,423.910181247302,1,7,1,2024-04-07,30.770000457763672,30.770000084809727,61.5400005425734,0.004065041774353487,0
19,56.0650005340576,354.4000053405762,331.48333867390954,685.8833440144857,1.0,0,1,1.0,1.0,1.0,1,1,1,1,1,2,4,0,0.0,0.0,674.9606210035324,536.0266360870361,1,7,1,2024-04-07,35.44000053405762,33.14833386739095,68.58833440144858,0.21399767141531412,0
20,45.88000068664555,458.8000068664551,458.8000068664551,917.6000137329102,1.0,0,1,1.0,1.0,1.0,1,1,1,1,1,0,0,6,0.0,0.0,727.036787853241,634.7116359344482,1,7,1,2024-04-07,45.88000068664551,45.88000068664551,91.76000137329102,4.157254542281278e-10,0
21,64.52000160217287,453.200008392334,453.200008392334,906.400016784668,1.0,0,1,1.0,1.0,1.0,1,1,1,1,1,0,6,0,0.0,0.0,780.0032615216574,643.7734172454833,1,7,1,2024-04-07,45.3200008392334,45.3200008392334,90.6400016784668,2.946037091169704e-09,0
22,53.081676239418,523.9000015258789,530.700008392334,1054.600009918213,1.0,0,1,1.0,1.0,1.0,1,1,1,1,1,0,0,6,0.0,0.0,883.7766250636647,784.8548700496444,1,7,1,2024-04-07,52.390000152587895,53.0700008392334,105.46000099182129,2.311172888816379e-10,0
23,97.02000160217284,503.200008392334,503.200008392334,1006.400016784668,1.0,0,1,1.0,1.0,1.0,1,1,1,1,1,0,6,0,0.0,0.0,935.0577359437943,749.3802898040772,1,7,1,2024-04-07,50.3200008392334,50.3200008392334,100.6400016784668,2.653306888683733e-09,0
24,63.840000915527256,629.8000091552734,638.4000091552734,1268.200018310547,1.0,0,1,1.0,1.0,1.0,1,1,1,1,1,0,0,6,0.0,0.0,1019.3427932437261,882.6308471313477,1,7,1,2024-04-07,62.98000091552734,63.84000091552735,126.8200018310547,6.015922993236214e-10,0
25,99.59000091552731,610.9000091552734,610.9000091552734,1221.8000183105469,1.0,0,1,1.0,1.0,1.0,1,1,1,1,1,1,5,0,0.0,0.0,1081.7612884155274,873.5075561157227,1,7,1,2024-04-07,61.09000091552735,61.09000091552735,122.1800018310547,0.04674796698723113,0
26,69.94004374657202,699.4000091552734,699.3999615652239,1398.7999707204972,1.0,0,1,1.0,1.0,1.0,1,1,1,1,1,1,5,0,0.0,0.0,1172.750003121572,1026.1595943177695,1,7,1,2024-04-07,69.94000091552735,69.93999615652238,139.87999707204972,0.2564272379661809,0
27,71.59000091552724,715.9000091552734,715.9000091552734,1431.8000183105469,1.0,0,1,1.0,1.0,1.0,1,1,1,1,1,0,6,0,0.0,0.0,1300.1639983764649,1129.3386956911802,1,7,1,2024-04-07,71.59000091552734,71.59000091552734,143.18000183105468,2.1314135185017507e-09,0
28,81.37113339591518,715.9000091552734,705.0320841770645,1420.932093332338,1.0,0,1,1.0,1.0,1.0,1,1,1,1,1,4,2,0,0.0,0.0,1354.0708632787278,1137.7204421900224,1,7,1,2024-04-07,71.59000091552734,70.50320841770645,142.0932093332338,0.008067898814793691,0
29,73.24009747053746,732.4000091552734,732.3999018719289,1464.7999110272024,1.0,0,1,1.0,1.0,1.0,1,1,1,1,1,0,3,3,0.0,0.0,1224.0883381305691,1037.0035777247751,1,7,1,2024-04-07,73.24000091552735,73.2399901871929,146.47999110272025,0.06910568794560733,0
30,113.57000236511233,742.5266787211101,751.700008392334,1494.226687113444,1.0,0,1,1.0,1.0,1.0,1,1,1,1,1,4,2,0,0.0,0.0,1199.6275824944178,942.0235263458252,1,7,1,2024-04-07,74.25266787211102,75.1700008392334,149.42266871134441,0.02044998519548441,0
31,146.50534281302987,762.3266779581706,706.6607386848495,1468.9874166430202,1.0,0,1,1.0,1.0,1.0,1,1,1,1,1,1,5,0,0.0,0.0,1216.63913187553,906.3838401947827,1,7,1,2024-04-07,76.23266779581706,70.66607386848496,146.89874166430204,0.09591910770449755,0
32,94.75000076293951,0.0,837.5000076293945,837.5000076293945,1.0,0,1,1.0,1.0,1.0,1,1,1,1,1,0,1,5,0.0,0.0,1123.247449127833,931.7003394714355,1,7,1,2024-04-07,0.0,83.75000076293946,83.75000076293946,0.05691057052769692,0
33,139.57000083923333,839.8966757456461,845.700008392334,1685.59668413798,1.0,0,1,1.0,1.0,1.0,1,1,1,1,1,0,6,0,0.0,0.004308002080496244,1043.443230819702,842.0567309967041,1,7,1,2024-04-07,83.98966757456462,84.5700008392334,168.55966841379802,3.847293650254804e-09,0
34,683.9000091552734,908.9000091552734,250.0,1158.9000091552734,1.0,0,1,1.0,1.0,1.0,1,1,1,1,1,1,5,0,0.0,0.0,1563.0719451904297,265.759925805664,1,7,1,2024-04-07,90.89000091552735,25.0,115.89000091552735,0.1307130437295333,0
35,90.60980482670658,840.200008392334,840.200008392334,1680.400016784668,1.0,0,1,1.0,1.0,1.0,1,1,1,1,1,6,0,0,0.0,0.0,1079.7543360767065,900.9817707592308,1,7,1,2024-04-07,84.0200008392334,84.0200008392334,168.0400016784668,1.535713403612018e-09,0
36,85.12000083923337,842.600008392334,851.200008392334,1693.800016784668,1.0,0,1,1.0,1.0,1.0,1,1,1,1,1,0,6,0,0.0,0.06827559847309041,1051.9926953835043,793.0838183990478,1,7,1,2024-04-07,84.2600008392334,85.1200008392334,169.3800016784668,0.465767564481056,0
37,164.12258185107456,721.6333368937175,722.0000076293945,1443.633344523112,1.0,0,1,1.0,1.0,1.0,1,1,1,1,1,4,2,0,0.0,0.07294505301857516,1070.9212928503828,669.3336787934567,1,7,1,2024-04-07,72.16333368937175,72.20000076293945,144.36333445231122,0.275442686886981,0
38,85.6400012969971,664.0333346048991,664.4000053405762,1328.4333399454754,1.0,0,1,1.0,1.0,1.0,1,1,1,1,1,6,0,0,0.0,0.0,874.1484241485596,730.6697139373779,1,7,1,2024-04-07,66.40333346048992,66.44000053405762,132.84333399454755,1.4357880097412305e-09,0
39,108.47000120347913,617.3333338419596,617.7000045776367,1235.0333384195965,1.0,0,1,1.0,1.0,1.0,1,1,1,1,1,0,0,6,0.0,0.0,837.0448303050416,676.2543868824583,1,7,1,2024-04-07,61.733333384195966,61.77000045776367,123.50333384195966,1.3946179358495367e-11,0
40,123.42774354255766,659.0333346048991,659.4000053405762,1318.4333399454754,1.0,0,1,1.0,1.0,1.0,1,1,1,1,1,5,1,0,0.0,0.0,827.5820404175577,677.3420546996298,1,7,1,2024-04-07,65.90333346048992,65.94000053405762,131.84333399454755,0.012198514890380905,0
41,98.6100006103515,597.4733370463053,601.1000061035156,1198.573343149821,1.0,0,1,1.0,1.0,1.0,1,1,1,1,1,4,2,0,0.0,0.0,776.1229400634766,682.6012649169922,1,7,1,2024-04-07,59.747333704630535,60.11000061035156,119.85733431498211,0.04460474557234779,0
42,149.37474382543942,624.3400032043457,639.6000061035156,1263.9400093078614,1.0,0,1,1.0,1.0,1.0,1,1,1,1,1,5,1,0,0.0,0.09047029738711608,772.5786012473144,581.7352033425293,1,7,1,2024-04-07,62.43400032043458,63.960000610351564,126.39400093078615,0.016456479346609806,0
43,80.96000061035157,523.600001525879,534.6000061035156,1058.2000076293946,0.6666666666666666,2,0,0.6,1.0,1.0,0,0,1,0,1,5,1,0,0.0,0.0,660.5777374267578,603.2418655029296,1,7,1,2024-04-07,52.3600001525879,53.460000610351564,105.82000076293946,0.1951473047537485,0
44,48.055920611572176,468.6000015258789,479.6000061035156,948.2000076293946,1.0,0,1,1.0,1.0,1.0,1,1,1,1,1,0,0,6,0.0,0.0,530.4479799377441,513.635691595459,1,7,1,2024-04-07,46.860000152587894,47.960000610351564,94.82000076293946,1.0170379369246187e-09,0
45,44.26271126280208,396.96667226155597,407.6000061035156,804.5666783650715,1.0,0,1,1.0,1.0,1.0,1,1,1,1,1,0,0,6,0.0,0.0,557.4607093096771,536.6289131512603,1,7,1,2024-04-07,39.6966672261556,40.76000061035157,80.45666783650717,8.594850300578026e-10,0
46,60.56000061035157,385.6000061035156,385.6000061035156,771.2000122070312,1.0,0,1,1.0,1.0,1.0,1,1,1,1,1,0,0,6,0.0,0.0,583.7374908447266,520.3316238037108,1,7,1,2024-04-07,38.560000610351565,38.560000610351565,77.12000122070313,9.89288681407059e-10,0
47,117.56321078068686,374.7000045776367,374.7000045776367,749.4000091552734,1.0,0,1,1.0,1.0,1.0,1,1,1,1,1,6,0,0,0.0,0.0,593.3621609759994,409.97654595759434,1,7,1,2024-04-07,37.470000457763675,37.470000457763675,74.94000091552735,1.663991776675657e-09,0
0,-250.7600023905436,0.0,259.4000015258789,259.4000015258789,0.16666666666666666,5,0,0.16666666666666666,1.0,1.0,1,0,1,0,1,6,0,0,0.0,0.0,5.7639068542480345,593.151596287028,1,7,2,2024-04-07,0.0,25.940000152587892,25.940000152587892,2.8431308218904568e-08,0
1,-125.95999946594247,0.0,278.60000228881836,278.60000228881836,1.0,0,1,1.0,1.0,1.0,1,1,1,1,1,0,0,6,0.0,0.0,35.47262241045624,471.55157505188,1,7,2,2024-04-07,0.0,27.860000228881837,27.860000228881837,1.3692383861379477e-09,0
2,0.0,0.0,0.0,0.0,1.0,0,1,1.0,1.0,0.0,1,1,0,1,1,0,0,6,0.0,0.0,145.6950931294759,356.5915755859375,0,7,2,2024-04-07,0.0,0.0,0.0,0.0,0
3,0.0,0.0,0.0,0.0,1.0,0,1,1.0,1.0,0.0,1,1,0,1,1,0,0,6,0.0,0.0,221.54358669433594,356.5915755859375,0,7,2,2024-04-07,0.0,0.0,0.0,0.0,0
4,0.0,0.0,0.0,0.0,1.0,0,1,1.0,1.0,0.0,1,1,0,1,1,0,0,6,0.0,0.0,267.89307399902344,367.5915755859375,0,7,2,2024-04-07,0.0,0.0,0.0,0.0,0
5,0.0,0.0,0.0,0.0,1.0,0,1,1.0,1.0,0.0,1,1,0,1,1,0,0,6,0.0,0.0,348.4782943359375,410.3620833984375,0,7,2,2024-04-07,0.0,0.0,0.0,0.0,0
6,0.0,0.0,0.0,0.0,1.0,0,1,1.0,1.0,0.0,1,1,0,1,1,0,0,6,0.0,0.0,367.5915755859375,406.518211328125,0,7,2,2024-04-07,0.0,0.0,0.0,0.0,0
7,0.0,0.0,0.0,0.0,1.0,0,1,1.0,1.0,0.0,1,1,0,1,1,0,0,6,0.0,0.0,367.5915755859375,398.1401290527344,0,7,2,2024-04-07,0.0,0.0,0.0,0.0,0
8,0.0,0.0,0.0,0.0,1.0,0,1,1.0,1.0,0.0,1,1,0,1,1,0,0,6,0.0,0.0,390.0915755859375,365.059226953125,0,7,2,2024-04-07,0.0,0.0,0.0,0.0,0
9,0.0,0.0,0.0,0.0,1.0,0,1,1.0,1.0,0.0,1,1,0,1,1,0,0,6,0.0,0.0,390.0915755859375,301.03047939453126,0,7,2,2024-04-07,0.0,0.0,0.0,0.0,0
10,0.0,0.0,0.0,0.0,1.0,0,1,1.0,1.0,0.0,1,1,0,1,1,0,0,6,0.0,0.0,401.4757003417969,274.03092189941407,0,7,2,2024-04-07,0.0,0.0,0.0,0.0,0
11,0.0,0.0,0.0,0.0,1.0,0,1,1.0,1.0,0.0,1,1,0,1,1,0,0,6,0.0,0.0,358.3768233886719,265.0137710205078,0,7,2,2024-04-07,0.0,0.0,0.0,0.0,0
12,0.0,0.0,0.0,0.0,1.0,0,1,1.0,1.0,0.0,1,1,0,1,1,0,0,6,0.0,0.0,404.13262172851563,293.2258529296875,0,7,2,2024-04-07,0.0,0.0,0.0,0.0,0
13,0.0,0.0,0.0,0.0,1.0,0,1,1.0,1.0,0.0,1,1,0,1,1,0,0,6,0.0,0.0,417.59160610351563,301.0012435546875,0,7,2,2024-04-07,0.0,0.0,0.0,0.0,0
14,0.0,0.0,0.0,0.0,1.0,0,1,1.0,1.0,0.0,1,1,0,1,1,0,0,6,0.0,0.0,444.2119369140625,346.62114711914063,0,7,2,2024-04-07,0.0,0.0,0.0,0.0,0
15,0.0,0.0,0.0,0.0,1.0,0,1,1.0,1.0,0.0,1,1,0,1,1,0,0,6,0.0,0.0,435.78023525390626,319.7380599609375,0,7,2,2024-04-07,0.0,0.0,0.0,0.0,0
16,0.0,0.0,0.0,0.0,1.0,0,1,1.0,1.0,0.0,1,1,0,1,1,0,0,6,0.0,0.0,405.5327071777344,244.44612880859376,0,7,2,2024-04-07,0.0,0.0,0.0,0.0,0
17,93.70000457763669,291.2000045776367,250.0,541.2000045776367,0.8333333333333334,1,0,1.0,0.8,1.0,0,0,1,1,0,0,5,1,0.0,0.12938769545898424,567.2133330932617,217.65307613525394,1,7,2,2024-04-07,29.120000457763673,25.0,54.12000045776367,0.009388957633793073,0
18,49.976773977307424,307.7000045776367,307.70000084809726,615.400005425734,1.0,0,1,1.0,1.0,1.0,1,1,1,1,1,6,0,0,0.0,0.0,624.1251631272911,326.8045904269895,1,7,2,2024-04-07,30.770000457763672,30.770000084809727,61.5400005425734,0.004065041774353487,0
19,56.0650005340576,354.4000053405762,331.48333867390954,685.8833440144857,0.8333333333333334,1,0,1.0,0.75,1.0,0,0,1,1,0,2,4,0,0.0,0.0,625.5637798309326,462.5271243682861,1,7,2,2024-04-07,35.44000053405762,33.14833386739095,68.58833440144858,0.21399767141531412,0
20,45.88000068664555,458.8000068664551,458.8000068664551,917.6000137329102,1.0,0,1,1.0,1.0,1.0,1,1,1,1,1,0,0,6,0.0,0.0,634.838374710083,477.6986049285888,1,7,2,2024-04-07,45.88000068664551,45.88000068664551,91.76000137329102,4.157254542281278e-10,0
21,64.52000160217287,453.200008392334,453.200008392334,906.400016784668,1.0,0,1,1.0,1.0,1.0,1,1,1,1,1,0,6,0,0.0,0.0,707.6172091166179,544.555338632202,1,7,2,2024-04-07,45.3200008392334,45.3200008392334,90.6400016784668,2.946037091169704e-09,0
22,53.081676239418,523.9000015258789,530.700008392334,1054.600009918213,1.0,0,1,1.0,1.0,1.0,1,1,1,1,1,0,0,6,0.0,0.0,780.4531830162277,704.1676141902694,1,7,2,2024-04-07,52.390000152587895,53.0700008392334,105.46000099182129,2.311172888816379e-10,0
23,97.02000160217284,503.200008392334,503.200008392334,1006.400016784668,1.0,0,1,1.0,1.0,1.0,1,1,1,1,1,0,6,0,0.0,0.0,862.1829654693604,713.3424480072022,1,7,2,2024-04-07,50.3200008392334,50.3200008392334,100.6400016784668,2.653306888683733e-09,0
24,63.840000915527256,629.8000091552734,638.4000091552734,1268.200018310547,1.0,0,1,1.0,1.0,1.0,1,1,1,1,1,0,0,6,0.0,0.0,851.8117889944712,759.9958373657227,1,7,2,2024-04-07,62.98000091552734,63.84000091552735,126.8200018310547,6.015922993236214e-10,0
25,99.59000091552731,610.9000091552734,610.9000091552734,1221.8000183105469,1.0,0,1,1.0,1.0,1.0,1,1,1,1,1,1,5,0,0.0,0.0,945.2621495930354,787.7814208618164,1,7,2,2024-04-07,61.09000091552735,61.09000091552735,122.1800018310547,0.04674796698723113,0
26,69.94004374657202,699.4000091552734,699.3999615652239,1398.7999707204972,1.0,0,1,1.0,1.0,1.0,1,1,1,1,1,1,5,0,0.0,0.0,988.259860351082,848.5392881870217,1,7,2,2024-04-07,69.94000091552735,69.93999615652238,139.87999707204972,0.2564272379661809,0
27,71.59000091552724,715.9000091552734,715.9000091552734,1431.8000183105469,1.0,0,1,1.0,1.0,1.0,1,1,1,1,1,0,6,0,0.0,0.0,964.5791780790785,841.7936278930665,1,7,2,2024-04-07,71.59000091552734,71.59000091552734,143.18000183105468,2.1314135185017507e-09,0
28,81.37113339591518,715.9000091552734,705.0320841770645,1420.932093332338,1.0,0,1,1.0,1.0,1.0,1,1,1,1,1,4,2,0,0.0,0.0,910.8952644493133,808.4992507837723,1,7,2,2024-04-07,71.59000091552734,70.50320841770645,142.0932093332338,0.008067898814793691,0
29,73.24009747053746,732.4000091552734,732.3999018719289,1464.7999110272024,1.0,0,1,1.0,1.0,1.0,1,1,1,1,1,0,3,3,0.0,0.0,796.0485309666311,752.192651557992,1,7,2,2024-04-07,73.24000091552735,73.2399901871929,146.47999110272025,0.06910568794560733,0
30,113.57000236511233,742.5266787211101,751.700008392334,1494.226687113444,1.0,0,1,1.0,1.0,1.0,1,1,1,1,1,4,2,0,0.0,0.04816088891636631,853.2099788299561,715.4974677897192,1,7,2,2024-04-07,74.25266787211102,75.1700008392334,149.42266871134441,0.02044998519548441,0
31,146.50534281302987,762.3266779581706,706.6607386848495,1468.9874166430202,1.0,0,1,1.0,1.0,1.0,1,1,1,1,1,1,5,0,0.0,0.0,929.832222022617,723.0319725190013,1,7,2,2024-04-07,76.23266779581706,70.66607386848496,146.89874166430204,0.09591910770449755,0
32,94.75000076293951,0.0,837.5000076293945,837.5000076293945,1.0,0,1,1.0,1.0,1.0,1,1,1,1,1,0,1,5,0.0,0.0548852725804092,889.6553881715826,791.5335914245604,1,7,2,2024-04-07,0.0,83.75000076293946,83.75000076293946,0.05691057052769692,0
33,139.57000083923333,839.8966757456461,845.700008392334,1685.59668413798,1.0,0,1,1.0,1.0,1.0,1,1,1,1,1,0,6,0,0.0,0.04713098033167457,1019.5775822559635,805.8413379302979,1,7,2,2024-04-07,83.98966757456462,84.5700008392334,168.55966841379802,3.847293650254804e-09,0
34,683.9000091552734,908.9000091552734,250.0,1158.9000091552734,1.0,0,1,1.0,1.0,1.0,1,1,1,1,1,1,5,0,0.0,0.0,1602.9869413804652,266.140912046759,1,7,2,2024-04-07,90.89000091552735,25.0,115.89000091552735,0.1307130437295333,0
35,90.60980482670658,840.200008392334,840.200008392334,1680.400016784668,1.0,0,1,1.0,1.0,1.0,1,1,1,1,1,6,0,0,0.0,0.044488710856245534,966.7458140063941,802.8205931575524,1,7,2,2024-04-07,84.0200008392334,84.0200008392334,168.0400016784668,1.535713403612018e-09,0
36,85.12000083923337,842.600008392334,851.200008392334,1693.800016784668,0.0,6,0,1.0,0.0,1.0,0,0,1,1,0,0,6,0,0.0,0.13997458063595242,915.4803752532958,732.0536441802979,1,7,2,2024-04-07,84.2600008392334,85.1200008392334,169.3800016784668,0.465767564481056,0
37,164.12258185107456,721.6333368937175,722.0000076293945,1443.633344523112,1.0,0,1,1.0,1.0,1.0,1,1,1,1,1,4,2,0,0.0,0.18094307291808584,970.2405856596682,591.3591076020505,1,7,2,2024-04-07,72.16333368937175,72.20000076293945,144.36333445231122,0.275442686886981,0
38,85.6400012969971,664.0333346048991,664.4000053405762,1328.4333399454754,1.0,0,1,1.0,1.0,1.0,1,1,1,1,1,6,0,0,0.0,0.05348214422845466,777.906747781372,628.8664684295654,1,7,2,2024-04-07,66.40333346048992,66.44000053405762,132.84333399454755,1.4357880097412305e-09,0
39,108.47000120347913,617.3333338419596,617.7000045776367,1235.0333384195965,1.0,0,1,1.0,1.0,1.0,1,1,1,1,1,0,0,6,0.0,0.024981270778257084,737.4291305003541,602.2690735035521,1,7,2,2024-04-07,61.733333384195966,61.77000045776367,123.50333384195966,1.3946179358495367e-11,0
40,123.42774354255766,659.0333346048991,659.4000053405762,1318.4333399454754,1.0,0,1,1.0,1.0,1.0,1,1,1,1,1,5,1,0,0.0,0.110629613198679,787.9670119995889,586.4508378065414,1,7,2,2024-04-07,65.90333346048992,65.94000053405762,131.84333399454755,0.012198514890380905,0
41,98.6100006103515,597.4733370463053,601.1000061035156,1198.573343149821,1.0,0,1,1.0,1.0,1.0,1,1,1,1,1,4,2,0,0.0,0.03947308982470481,742.7264785400389,577.372731568961,1,7,2,2024-04-07,59.747333704630535,60.11000061035156,119.85733431498211,0.04460474557234779,0
42,149.37474382543942,624.3400032043457,639.6000061035156,1263.9400093078614,1.0,0,1,1.0,1.0,1.0,1,1,1,1,1,5,1,0,0.0,0.13362503611718202,798.5419419699706,554.1334321873835,1,7,2,2024-04-07,62.43400032043458,63.960000610351564,126.39400093078615,0.016456479346609806,0
43,80.96000061035157,523.600001525879,534.6000061035156,1058.2000076293946,0.8333333333333334,1,0,0.8,1.0,1.0,0,0,1,0,1,5,1,0,0.0,0.0,603.0549331298828,551.2757781982422,1,7,2,2024-04-07,52.3600001525879,53.460000610351564,105.82000076293946,0.1951473047537485,0
44,48.055920611572176,468.6000015258789,479.6000061035156,948.2000076293946,1.0,0,1,1.0,1.0,1.0,1,1,1,1,1,0,0,6,0.0,0.0,496.04793896280916,575.4294538024902,1,7,2,2024-04-07,46.860000152587894,47.960000610351564,94.82000076293946,1.0170379369246187e-09,0
45,44.26271126280208,396.96667226155597,407.6000061035156,804.5666783650715,1.0,0,1,1.0,1.0,1.0,1,1,1,1,1,0,0,6,0.0,0.0,439.5493488685964,542.3878853192291,1,7,2,2024-04-07,39.6966672261556,40.76000061035157,80.45666783650717,8.594850300578026e-10,0
46,60.56000061035157,385.6000061035156,385.6000061035156,771.2000122070312,1.0,0,1,1.0,1.0,1.0,1,1,1,1,1,0,0,6,0.014381004833981163,0.0,380.0546905517578,499.4315993896484,1,7,2,2024-04-07,38.560000610351565,38.560000610351565,77.12000122070313,9.89288681407059e-10,0
47,117.56321078068686,374.7000045776367,374.7000045776367,749.4000091552734,1.0,0,1,1.0,1.0,1.0,1,1,1,1,1,6,0,0,0.0,0.0,438.6819241595931,402.34873834040684,1,7,2,2024-04-07,37.470000457763675,37.470000457763675,74.94000091552735,1.663991776675657e-09,0
0,-250.7600023905436,0.0,259.4000015258789,259.4000015258789,0.3333333333333333,4,0,0.3333333333333333,1.0,1.0,1,0,1,0,1,6,0,0,0.0,0.0,71.59871520385741,668.4516145975749,1,8,0,2024-04-07,0.0,25.940000152587892,25.940000152587892,2.8431308218904568e-08,0
1,-125.95999946594247,0.0,278.60000228881836,278.60000228881836,0.0,6,0,1.0,1.0,0.0,1,0,0,1,1,0,0,6,0.0,0.0,129.1956554412841,543.6516116729738,1,8,0,2024-04-07,0.0,27.860000228881837,27.860000228881837,1.3692383861379477e-09,0
2,0.0,0.0,0.0,0.0,1.0,0,1,1.0,1.0,0.0,1,1,0,1,1,0,0,6,0.0,0.0,195.0420684814453,359.3915938964844,0,8,0,2024-04-07,0.0,0.0,0.0,0.0,0
3,0.0,0.0,0.0,0.0,1.0,0,1,1.0,1.0,0.0,1,1,0,1,1,0,0,6,0.0,0.0,239.96751238378906,359.3915938964844,0,8,0,2024-04-07,0.0,0.0,0.0,0.0,0
4,0.0,0.0,0.0,0.0,1.0,0,1,1.0,1.0,0.0,1,1,0,1,1,0,0,6,0.0,0.0,262.5308761230469,359.3915938964844,0,8,0,2024-04-07,0.0,0.0,0.0,0.0,0
5,0.0,0.0,0.0,0.0,1.0,0,1,1.0,1.0,0.0,1,1,0,1,1,0,0,6,0.0,0.0,275.27591701660157,350.3696212402344,0,8,0,2024-04-07,0.0,0.0,0.0,0.0,0
6,0.0,0.0,0.0,0.0,1.0,0,1,1.0,1.0,0.0,1,1,0,1,1,0,0,6,0.0,0.0,277.07997890625,339.60088344726563,0,8,0,2024-04-07,0.0,0.0,0.0,0.0,0
7,0.0,0.0,0.0,0.0,1.0,0,1,1.0,1.0,0.0,1,1,0,1,1,0,0,6,0.0,0.0,284.62020107421876,329.425926171875,0,8,0,2024-04-07,0.0,0.0,0.0,0.0,0
8,0.0,0.0,0.0,0.0,1.0,0,1,1.0,1.0,0.0,1,1,0,1,1,0,0,6,0.0,0.0,293.70247646484376,302.92009731445313,0,8,0,2024-04-07,0.0,0.0,0.0,0.0,0
9,0.0,0.0,0.0,0.0,1.0,0,1,1.0,1.0,0.0,1,1,0,1,1,0,0,6,0.0,0.0,298.1556319824219,292.69670864257813,0,8,0,2024-04-07,0.0,0.0,0.0,0.0,0
10,0.0,0.0,0.0,0.0,1.0,0,1,1.0,1.0,0.0,1,1,0,1,1,0,0,6,0.0,0.0,285.94939418945313,266.97135158691407,0,8,0,2024-04-07,0.0,0.0,0.0,0.0,0
11,0.0,0.0,0.0,0.0,1.0,0,1,1.0,1.0,0.0,1,1,0,1,1,0,0,6,0.0,0.0,287.2119063964844,261.45540615234376,0,8,0,2024-04-07,0.0,0.0,0.0,0.0,0
12,0.0,0.0,0.0,0.0,1.0,0,1,1.0,1.0,0.0,1,1,0,1,1,0,0,6,0.0,0.0,260.8752669921875,261.26383205566407,0,8,0,2024-04-07,0.0,0.0,0.0,0.0,0
13,0.0,0.0,0.0,0.0,1.0,0,1,1.0,1.0,0.0,1,1,0,1,1,0,0,6,0.0,0.0,301.64434047851563,283.37369533691407,0,8,0,2024-04-07,0.0,0.0,0.0,0.0,0
14,0.0,0.0,0.0,0.0,1.0,0,1,1.0,1.0,0.0,1,1,0,1,1,0,0,6,0.0,0.0,308.58931728515626,278.8080520263672,0,8,0,2024-04-07,0.0,0.0,0.0,0.0,0
15,0.0,0.0,0.0,0.0,1.0,0,1,1.0,1.0,0.0,1,1,0,1,1,0,0,6,0.0,0.0,375.8916244140625,309.75130458984376,0,8,0,2024-04-07,0.0,0.0,0.0,0.0,0
16,0.0,0.0,0.0,0.0,1.0,0,1,1.0,1.0,0.0,1,1,0,1,1,0,0,6,0.0,0.0,533.5916366210937,468.2601546875,0,8,0,2024-04-07,0.0,0.0,0.0,0.0,0
17,93.70000457763669,291.2000045776367,250.0,541.2000045776367,1.0,0,1,1.0,1.0,1.0,1,1,1,1,1,2,0,4,0.0,0.0,819.9980010620117,589.3852233520507,1,8,0,2024-04-07,29.120000457763673,25.0,54.12000045776367,0.04184938904296875,0
18,49.976773977307424,307.7000045776367,307.70000084809726,615.400005425734,1.0,0,1,1.0,1.0,1.0,1,1,1,1,1,6,0,0,0.0,0.0,981.2099839019417,841.5924627414425,1,8,0,2024-04-07,30.770000457763672,30.770000084809727,61.5400005425734,2.711988625123651e-09,0
19,56.0650005340576,354.4000053405762,331.48333867390954,685.8833440144857,1.0,0,1,1.0,1.0,1.0,1,1,1,1,1,1,5,0,0.0,0.0,900.2698654415766,796.4117679229736,1,8,0,2024-04-07,35.44000053405762,33.14833386739095,68.58833440144858,0.04027450302660949,0
20,45.88000068664555,458.8000068664551,458.8000068664551,917.6000137329102,1.0,0,1,1.0,1.0,1.0,1,1,1,1,1,0,0,6,0.0,0.0,897.8038288116455,809.4484523406982,1,8,0,2024-04-07,45.88000068664551,45.88000068664551,91.76000137329102,4.157254542281278e-10,0
21,64.52000160217287,453.200008392334,453.200008392334,906.400016784668,1.0,0,1,1.0,1.0,1.0,1,1,1,1,1,0,6,0,0.0,0.0,949.1606174850465,866.0148723236083,1,8,0,2024-04-07,45.3200008392334,45.3200008392334,90.6400016784668,2.946037091169704e-09,0
22,53.081676239418,523.9000015258789,530.700008392334,1054.600009918213,1.0,0,1,1.0,1.0,1.0,1,1,1,1,1,0,0,6,0.0,0.0,978.2118642276993,969.0971185848007,1,8,0,2024-04-07,52.390000152587895,53.0700008392334,105.46000099182129,2.311172888816379e-10,0
23,97.02000160217284,503.200008392334,503.200008392334,1006.400016784668,1.0,0,1,1.0,1.0,1.0,1,1,1,1,1,0,6,0,0.0,0.0,1084.6362381013234,1047.8824870697022,1,8,0,2024-04-07,50.3200008392334,50.3200008392334,100.6400016784668,2.653306888683733e-09,0
24,63.840000915527256,629.8000091552734,638.4000091552734,1268.200018310547,1.0,0,1,1.0,1.0,1.0,1,1,1,1,1,0,0,6,0.0,0.0,1104.7488310782114,1153.8516723266603,1,8,0,2024-04-07,62.98000091552734,63.84000091552735,126.8200018310547,6.015922993236214e-10,0
25,99.59000091552731,610.9000091552734,610.9000091552734,1221.8000183105469,1.0,0,1,1.0,1.0,1.0,1,1,1,1,1,0,6,0,0.0,0.0,1237.226761118571,1185.7512084594728,1,8,0,2024-04-07,61.09000091552735,61.09000091552735,122.1800018310547,2.497755604868726e-09,0
26,69.94004374657202,699.4000091552734,699.3999615652239,1398.7999707204972,1.0,0,1,1.0,1.0,1.0,1,1,1,1,1,6,0,0,0.0,0.0,1188.4535935512595,1182.416546487803,1,8,0,2024-04-07,69.94000091552735,69.93999615652238,139.87999707204972,2.2577875148733914e-09,0
27,71.59000091552724,715.9000091552734,715.9000091552734,1431.8000183105469,1.0,0,1,1.0,1.0,1.0,1,1,1,1,1,0,6,0,0.0,0.0,1255.8440537309646,1223.9799682250978,1,8,0,2024-04-07,71.59000091552734,71.59000091552734,143.18000183105468,2.1314135185017507e-09,0
28,81.37113339591518,715.9000091552734,705.0320841770645,1420.932093332338,1.0,0,1,1.0,1.0,1.0,1,1,1,1,1,6,0,0,0.0,0.0,1244.298487251684,1190.3276199243974,1,8,0,2024-04-07,71.59000091552734,70.50320841770645,142.0932093332338,1.054900885773968e-09,0
29,73.24009747053746,732.4000091552734,732.3999018719289,1464.7999110272024,1.0,0,1,1.0,1.0,1.0,1,1,1,1,1,0,0,6,0.0,0.0,1155.95323886028,1190.0583872950876,1,8,0,2024-04-07,73.24000091552735,73.2399901871929,146.47999110272025,2.8989558435076975e-10,0
30,113.57000236511233,742.5266787211101,751.700008392334,1494.226687113444,1.0,0,1,1.0,1.0,1.0,1,1,1,1,1,6,0,0,0.0,0.0,1133.4968337750981,1097.5335361114503,1,8,0,2024-04-07,74.25266787211102,75.1700008392334,149.42266871134441,1.7870702849482074e-09,0
31,146.50534281302987,762.3266779581706,706.6607386848495,1468.9874166430202,1.0,0,1,1.0,1.0,1.0,1,1,1,1,1,6,0,0,0.0,0.0,1102.4618474814793,1044.0145774994703,1,8,0,2024-04-07,76.23266779581706,70.66607386848496,146.89874166430204,1.5227210046103641e-09,0
32,94.75000076293951,0.0,837.5000076293945,837.5000076293945,1.0,0,1,1.0,1.0,1.0,1,1,1,1,1,0,0,6,0.0,0.0,1017.154921829501,1081.0511695495607,1,8,0,2024-04-07,0.0,83.75000076293946,83.75000076293946,9.109725375236765e-10,0
33,139.57000083923333,839.8966757456461,845.700008392334,1685.59668413798,1.0,0,1,1.0,1.0,1.0,1,1,1,1,1,5,1,0,0.0,0.0,906.5260555267333,1044.0121753326416,1,8,0,2024-04-07,83.98966757456462,84.5700008392334,168.55966841379802,0.1176491044654853,0
34,683.9000091552734,908.9000091552734,250.0,1158.9000091552734,0.5,3,0,1.0,0.5,1.0,0,0,1,1,0,0,6,0,0.0,0.0,1416.7828826904297,400.0107802978516,1,8,0,2024-04-07,90.89000091552735,25.0,115.89000091552735,1.3166613980460823e-08,0
35,90.60980482670658,840.200008392334,840.200008392334,1680.400016784668,1.0,0,1,1.0,1.0,1.0,1,1,1,1,1,6,0,0,0.0,0.0,1012.941714006394,946.468831306106,1,8,0,2024-04-07,84.0200008392334,84.0200008392334,168.0400016784668,1.535713403612018e-09,0
36,85.12000083923337,842.600008392334,851.200008392334,1693.800016784668,1.0,0,1,1.0,1.0,1.0,1,1,1,1,1,0,6,0,0.0,0.0,898.0314388275146,906.085344277954,1,8,0,2024-04-07,84.2600008392334,85.1200008392334,169.3800016784668,1.1260766574172786e-09,0
37,164.12258185107456,721.6333368937175,722.0000076293945,1443.633344523112,1.0,0,1,1.0,1.0,1.0,1,1,1,1,1,0,6,0,0.0,0.0,879.4953235502933,787.6114497895504,1,8,0,2024-04-07,72.16333368937175,72.20000076293945,144.36333445231122,0.0036120333174549713,0
38,85.6400012969971,664.0333346048991,664.4000053405762,1328.4333399454754,1.0,0,1,1.0,1.0,1.0,1,1,1,1,1,6,0,0,0.0,0.0,808.5952625274658,861.4083003631591,1,8,0,2024-04-07,66.40333346048992,66.44000053405762,132.84333399454755,1.4357880097412305e-09,0
39,108.47000120347913,617.3333338419596,617.7000045776367,1235.0333384195965,0.8333333333333334,1,0,0.0,1.0,1.0,0,0,1,0,1,1,0,5,0.0,0.0,892.4171447581666,940.6154098316772,1,8,0,2024-04-07,61.733333384195966,61.77000045776367,123.50333384195966,0.005553906186675376,0
40,123.42774354255766,659.0333346048991,659.4000053405762,1318.4333399454754,1.0,0,1,1.0,1.0,1.0,1,1,1,1,1,6,0,0,0.0,0.0,877.6898285034952,937.5692275511924,1,8,0,2024-04-07,65.90333346048992,65.94000053405762,131.84333399454755,1.1666597667556806e-09,0
41,98.6100006103515,597.4733370463053,601.1000061035156,1198.573343149821,1.0,0,1,1.0,1.0,1.0,1,1,1,1,1,5,0,1,0.0,0.0,848.4947052001953,952.3538283935547,1,8,0,2024-04-07,59.747333704630535,60.11000061035156,119.85733431498211,0.026494302511741896,0
42,149.37474382543942,624.3400032043457,639.6000061035156,1263.9400093078614,1.0,0,1,1.0,1.0,1.0,1,1,1,1,1,6,0,0,0.0,0.0,728.7987230378824,794.4922834206543,1,8,0,2024-04-07,62.43400032043458,63.960000610351564,126.39400093078615,2.551429231390499e-09,0
43,80.96000061035157,523.600001525879,534.6000061035156,1058.2000076293946,1.0,0,1,1.0,1.0,1.0,1,1,1,1,1,6,0,0,0.0,0.0,634.4665313720703,842.0414260498046,1,8,0,2024-04-07,52.3600001525879,53.460000610351564,105.82000076293946,0.013744514446505984,0
44,48.055920611572176,468.6000015258789,479.6000061035156,948.2000076293946,1.0,0,1,1.0,1.0,1.0,1,1,1,1,1,0,0,6,0.0,0.0,591.8308839904785,881.821970892334,1,8,0,2024-04-07,46.860000152587894,47.960000610351564,94.82000076293946,1.0170379369246187e-09,0
45,44.26271126280208,396.96667226155597,407.6000061035156,804.5666783650715,0.3333333333333333,4,0,1.0,1.0,0.3333333333333333,0,0,0,1,1,0,0,6,0.0,0.0,575.4121253253021,835.7775337567291,1,8,0,2024-04-07,39.6966672261556,40.76000061035157,80.45666783650717,8.594850300578026e-10,0
46,60.56000061035157,385.6000061035156,385.6000061035156,771.2000122070312,0.0,6,0,1.0,1.0,0.0,0,0,0,1,1,0,0,6,0.0,0.0,547.8273040771485,728.9024856201171,1,8,0,2024-04-07,38.560000610351565,38.560000610351565,77.12000122070313,9.89288681407059e-10,0
47,117.56321078068686,374.7000045776367,374.7000045776367,749.4000091552734,0.8333333333333334,1,0,0.8333333333333334,1.0,1.0,0,0,1,0,1,6,0,0,0.0,0.0,547.2084134174056,568.8794390240006,1,8,0,2024-04-07,37.470000457763675,37.470000457763675,74.94000091552735,1.663991776675657e-09,0
0,-250.7600023905436,0.0,259.4000015258789,259.4000015258789,0.0,6,0,0.0,1.0,1.0,1,0,1,0,1,6,0,0,0.0,0.0,0.0,527.151596287028,1,8,1,2024-04-07,0.0,25.940000152587892,25.940000152587892,2.8431308218904568e-08,1
1,-125.95999946594247,0.0,278.60000228881836,278.60000228881836,0.0,6,0,1.0,1.0,0.0,1,0,0,1,1,0,0,6,0.0,0.0,64.20226249694815,429.85159336242685,1,8,1,2024-04-07,0.0,27.860000228881837,27.860000228881837,1.3692383861379477e-09,0
2,0.0,0.0,0.0,0.0,1.0,0,1,1.0,1.0,0.0,1,1,0,1,1,0,0,6,0.0,0.0,162.0831293313802,257.1915969482422,0,8,1,2024-04-07,0.0,0.0,0.0,0.0,0
3,0.0,0.0,0.0,0.0,1.0,0,1,1.0,1.0,0.0,1,1,0,1,1,0,0,6,0.0,0.0,196.44085527929687,257.1915969482422,0,8,1,2024-04-07,0.0,0.0,0.0,0.0,0
4,0.0,0.0,0.0,0.0,1.0,0,1,1.0,1.0,0.0,1,1,0,1,1,0,0,6,0.0,0.0,179.6915969482422,225.270164453125,0,8,1,2024-04-07,0.0,0.0,0.0,0.0,0
5,0.0,0.0,0.0,0.0,1.0,0,1,1.0,1.0,0.0,1,1,0,1,1,0,0,6,0.0,0.0,241.35732265625,253.1086654296875,0,8,1,2024-04-07,0.0,0.0,0.0,0.0,0
6,0.0,0.0,0.0,0.0,1.0,0,1,1.0,1.0,0.0,1,1,0,1,1,0,0,6,0.0,0.0,237.55541225585938,240.6915969482422,0,8,1,2024-04-07,0.0,0.0,0.0,0.0,0
7,0.0,0.0,0.0,0.0,1.0,0,1,1.0,1.0,0.0,1,1,0,1,1,0,0,6,0.0,0.0,224.1915969482422,210.69565578613282,0,8,1,2024-04-07,0.0,0.0,0.0,0.0,0
8,0.0,0.0,0.0,0.0,1.0,0,1,1.0,1.0,0.0,1,1,0,1,1,0,0,6,0.0,0.0,224.1915969482422,195.22757717285157,0,8,1,2024-04-07,0.0,0.0,0.0,0.0,0
9,0.0,0.0,0.0,0.0,1.0,0,1,1.0,1.0,0.0,1,1,0,1,1,0,0,6,0.0,0.0,285.19161220703126,198.03223415527344,0,8,1,2024-04-07,0.0,0.0,0.0,0.0,0
10,0.0,0.0,0.0,0.0,1.0,0,1,1.0,1.0,0.0,1,1,0,1,1,0,0,6,0.0,0.0,257.6915969482422,169.14749904785157,0,8,1,2024-04-07,0.0,0.0,0.0,0.0,0
11,0.0,0.0,0.0,0.0,1.0,0,1,1.0,1.0,0.0,1,1,0,1,1,0,0,6,0.0,0.0,207.6915969482422,111.73709865722657,0,8,1,2024-04-07,0.0,0.0,0.0,0.0,0
12,0.0,0.0,0.0,0.0,1.0,0,1,1.0,1.0,0.0,1,1,0,1,1,0,0,6,0.0,0.0,188.4916,91.36626430664063,0,8,1,2024-04-07,0.0,0.0,0.0,0.0,0
13,0.0,0.0,0.0,0.0,1.0,0,1,1.0,1.0,0.0,1,1,0,1,1,0,0,6,0.0,0.0,157.6915969482422,88.4916,0,8,1,2024-04-07,0.0,0.0,0.0,0.0,0
14,0.0,0.0,0.0,0.0,1.0,0,1,1.0,1.0,0.0,1,1,0,1,1,0,0,6,0.0,0.0,196.09159084472657,146.09160610351563,0,8,1,2024-04-07,0.0,0.0,0.0,0.0,0
15,0.0,0.0,0.0,0.0,1.0,0,1,1.0,1.0,0.0,1,1,0,1,1,0,0,6,0.0,0.0,284.3042220703125,253.79158779296876,0,8,1,2024-04-07,0.0,0.0,0.0,0.0,0
16,0.0,0.0,0.0,0.0,1.0,0,1,1.0,1.0,0.0,1,1,0,1,1,0,0,6,0.0,0.0,388.9916,338.9916,0,8,1,2024-04-07,0.0,0.0,0.0,0.0,0
17,93.70000457763669,291.2000045776367,250.0,541.2000045776367,1.0,0,1,1.0,1.0,1.0,1,1,1,1,1,2,0,4,0.0,0.0,581.1313018432617,357.15332027587897,1,8,1,2024-04-07,29.120000457763673,25.0,54.12000045776367,0.04184938904296875,0
18,49.976773977307424,307.7000045776367,307.70000084809726,615.400005425734,1.0,0,1,1.0,1.0,1.0,1,1,1,1,1,6,0,0,0.0,0.0,613.5176293484011,465.2512457004269,1,8,1,2024-04-07,30.770000457763672,30.770000084809727,61.5400005425734,2.711988625123651e-09,0
19,56.0650005340576,354.4000053405762,331.48333867390954,685.8833440144857,1.0,0,1,1.0,1.0,1.0,1,1,1,1,1,1,5,0,0.0,0.0,702.6171474090576,541.1768925526092,1,8,1,2024-04-07,35.44000053405762,33.14833386739095,68.58833440144858,0.04027450302660949,0
20,45.88000068664555,458.8000068664551,458.8000068664551,917.6000137329102,1.0,0,1,1.0,1.0,1.0,1,1,1,1,1,0,0,6,0.0,0.0,658.595843850708,558.2112930092851,1,8,1,2024-04-07,45.88000068664551,45.88000068664551,91.76000137329102,4.157254542281278e-10,0
21,64.52000160217287,453.200008392334,453.200008392334,906.400016784668,1.0,0,1,1.0,1.0,1.0,1,1,1,1,1,0,6,0,0.0,0.0,751.5618335357666,627.1157415908855,1,8,1,2024-04-07,45.3200008392334,45.3200008392334,90.6400016784668,2.946037091169704e-09,0
22,53.081676239418,523.9000015258789,530.700008392334,1054.600009918213,1.0,0,1,1.0,1.0,1.0,1,1,1,1,1,0,0,6,0.0,0.0,809.2326390323867,695.7589301840278,1,8,1,2024-04-07,52.390000152587895,53.0700008392334,105.46000099182129,2.311172888816379e-10,0
23,97.02000160217284,503.200008392334,503.200008392334,1006.400016784668,1.0,0,1,1.0,1.0,1.0,1,1,1,1,1,0,6,0,0.0,0.0,832.606145059204,653.129138675665,1,8,1,2024-04-07,50.3200008392334,50.3200008392334,100.6400016784668,2.653306888683733e-09,0
24,63.840000915527256,629.8000091552734,638.4000091552734,1268.200018310547,1.0,0,1,1.0,1.0,1.0,1,1,1,1,1,0,0,6,0.0,0.0,754.7894256225585,682.1078179145454,1,8,1,2024-04-07,62.98000091552734,63.84000091552735,126.8200018310547,6.015922993236214e-10,0
25,99.59000091552731,610.9000091552734,610.9000091552734,1221.8000183105469,1.0,0,1,1.0,1.0,1.0,1,1,1,1,1,0,6,0,0.0,0.0,739.5983245483397,620.7148696899415,1,8,1,2024-04-07,61.09000091552735,61.09000091552735,122.1800018310547,2.497755604868726e-09,0
26,69.94004374657202,699.4000091552734,699.3999615652239,1398.7999707204972,1.0,0,1,1.0,1.0,1.0,1,1,1,1,1,6,0,0,0.0,0.01020184842767918,710.7532379848532,692.2647891670108,1,8,1,2024-04-07,69.94000091552735,69.93999615652238,139.87999707204972,2.2577875148733914e-09,0
27,71.59000091552724,715.9000091552734,715.9000091552734,1431.8000183105469,1.0,0,1,1.0,1.0,1.0,1,1,1,1,1,0,6,0,0.0,0.0,783.8381927124021,769.5314495773528,1,8,1,2024-04-07,71.59000091552734,71.59000091552734,143.18000183105468,2.1314135185017507e-09,0
28,81.37113339591518,715.9000091552734,705.0320841770645,1420.932093332338,1.0,0,1,1.0,1.0,1.0,1,1,1,1,1,6,0,0,0.0,0.0,849.0149550756026,859.8206880889895,1,8,1,2024-04-07,71.59000091552734,70.50320841770645,142.0932093332338,1.054900885773968e-09,0
29,73.24009747053746,732.4000091552734,732.3999018719289,1464.7999110272024,1.0,0,1,1.0,1.0,1.0,1,1,1,1,1,0,0,6,0.0,0.0,770.0369201738354,938.3602671779,1,8,1,2024-04-07,73.24000091552735,73.2399901871929,146.47999110272025,2.8989558435076975e-10,0
30,113.57000236511233,742.5266787211101,751.700008392334,1494.226687113444,1.0,0,1,1.0,1.0,1.0,1,1,1,1,1,6,0,0,0.0,0.0,789.2904751986187,873.9383212677001,1,8,1,2024-04-07,74.25266787211102,75.1700008392334,149.42266871134441,1.7870702849482074e-09,0
31,146.50534281302987,762.3266779581706,706.6607386848495,1468.9874166430202,1.0,0,1,1.0,1.0,1.0,1,1,1,1,1,6,0,0,0.0,0.0,871.1048301177174,883.5840355072827,1,8,1,2024-04-07,76.23266779581706,70.66607386848496,146.89874166430204,1.5227210046103641e-09,0
32,94.75000076293951,0.0,837.5000076293945,837.5000076293945,1.0,0,1,1.0,1.0,1.0,1,1,1,1,1,0,0,6,0.0,0.0,940.633179473877,1017.6019507995605,1,8,1,2024-04-07,0.0,83.75000076293946,83.75000076293946,9.109725375236765e-10,0
33,139.57000083923333,839.8966757456461,845.700008392334,1685.59668413798,1.0,0,1,1.0,1.0,1.0,1,1,1,1,1,5,1,0,0.0,0.0,1004.0879451751708,994.3980395904542,1,8,1,2024-04-07,83.98966757456462,84.5700008392334,168.55966841379802,0.1176491044654853,0
34,683.9000091552734,908.9000091552734,250.0,1158.9000091552734,1.0,0,1,1.0,1.0,1.0,1,1,1,1,1,0,6,0,0.0,0.0,1531.855941772461,485.9368056884766,1,8,1,2024-04-07,90.89000091552735,25.0,115.89000091552735,1.3166613980460823e-08,0
35,90.60980482670658,840.200008392334,840.200008392334,1680.400016784668,1.0,0,1,1.0,1.0,1.0,1,1,1,1,1,6,0,0,0.0,0.0,1161.421115256389,1014.8817951732935,1,8,1,2024-04-07,84.0200008392334,84.0200008392334,168.0400016784668,1.535713403612018e-09,0
36,85.12000083923337,842.600008392334,851.200008392334,1693.800016784668,1.0,0,1,1.0,1.0,1.0,1,1,1,1,1,0,6,0,0.0,0.0,1041.3153361907957,962.740271009442,1,8,1,2024-04-07,84.2600008392334,85.1200008392334,169.3800016784668,1.1260766574172786e-09,0
37,164.12258185107456,721.6333368937175,722.0000076293945,1443.633344523112,1.0,0,1,1.0,1.0,1.0,1,1,1,1,1,0,6,0,0.0,0.0,1007.0387423979495,799.067212969357,1,8,1,2024-04-07,72.16333368937175,72.20000076293945,144.36333445231122,0.0036120333174549713,0
38,85.6400012969971,664.0333346048991,664.4000053405762,1328.4333399454754,1.0,0,1,1.0,1.0,1.0,1,1,1,1,1,6,0,0,0.0,0.0,868.610605203247,795.7244396209717,1,8,1,2024-04-07,66.40333346048992,66.44000053405762,132.84333399454755,1.4357880097412305e-09,0
39,108.47000120347913,617.3333338419596,617.7000045776367,1235.0333384195965,1.0,0,1,1.0,1.0,1.0,1,1,1,1,1,1,0,5,0.0,0.0,896.1027755198853,772.4555969410521,1,8,1,2024-04-07,61.733333384195966,61.77000045776367,123.50333384195966,0.005553906186675376,0
40,123.42774354255766,659.0333346048991,659.4000053405762,1318.4333399454754,1.0,0,1,1.0,1.0,1.0,1,1,1,1,1,6,0,0,0.0,0.0,981.5498367066201,826.7256378050986,1,8,1,2024-04-07,65.90333346048992,65.94000053405762,131.84333399454755,1.1666597667556806e-09,0
41,98.6100006103515,597.4733370463053,601.1000061035156,1198.573343149821,1.0,0,1,1.0,1.0,1.0,1,1,1,1,1,5,0,1,0.0,0.0,963.6162490478514,863.6030788122232,1,8,1,2024-04-07,59.747333704630535,60.11000061035156,119.85733431498211,0.026494302511741896,0
42,149.37474382543942,624.3400032043457,639.6000061035156,1263.9400093078614,1.0,0,1,1.0,1.0,1.0,1,1,1,1,1,6,0,0,0.0,0.0,1003.3239243918456,816.9257118473698,1,8,1,2024-04-07,62.43400032043458,63.960000610351564,126.39400093078615,2.551429231390499e-09,0
43,80.96000061035157,523.600001525879,534.6000061035156,1058.2000076293946,1.0,0,1,1.0,1.0,1.0,1,1,1,1,1,6,0,0,0.0,0.0,933.5258193603515,881.8366270648255,1,8,1,2024-04-07,52.3600001525879,53.460000610351564,105.82000076293946,0.013744514446505984,0
44,48.055920611572176,468.6000015258789,479.6000061035156,948.2000076293946,1.0,0,1,1.0,1.0,1.0,1,1,1,1,1,0,0,6,0.0,0.0,872.1105088928222,903.4331530070551,1,8,1,2024-04-07,46.860000152587894,47.960000610351564,94.82000076293946,1.0170379369246187e-09,0
45,44.26271126280208,396.96667226155597,407.6000061035156,804.5666783650715,1.0,0,1,1.0,1.0,1.0,1,1,1,1,1,0,0,6,0.0,0.0,754.302117035647,860.6803047528228,1,8,1,2024-04-07,39.6966672261556,40.76000061035157,80.45666783650717,8.594850300578026e-10,0
46,60.56000061035157,385.6000061035156,385.6000061035156,771.2000122070312,1.0,0,1,1.0,1.0,1.0,1,1,1,1,1,0,0,6,0.0,0.0,688.0723525634766,772.7755935302733,1,8,1,2024-04-07,38.560000610351565,38.560000610351565,77.12000122070313,9.89288681407059e-10,0
47,117.56321078068686,374.7000045776367,374.7000045776367,749.4000091552734,1.0,0,1,1.0,1.0,1.0,1,1,1,1,1,6,0,0,0.0,0.0,703.506598193076,680.3434282818131,1,8,1,2024-04-07,37.470000457763675,37.470000457763675,74.94000091552735,1.663991776675657e-09,0
0,-250.7600023905436,0.0,259.4000015258789,259.4000015258789,0.0,6,0,0.0,1.0,1.0,1,0,1,0,1,6,0,0,0.0,0.0,1.6905273376465004,560.0515901835124,1,8,2,2024-04-07,0.0,25.940000152587892,25.940000152587892,2.8431308218904568e-08,0
1,-125.95999946594247,0.0,278.60000228881836,278.60000228881836,0.16666666666666666,5,0,1.0,1.0,0.16666666666666666,1,0,0,1,1,0,0,6,0.0,0.0,101.37453422546378,435.25158725891123,1,8,2,2024-04-07,0.0,27.860000228881837,27.860000228881837,1.3692383861379477e-09,0
2,0.0,0.0,0.0,0.0,1.0,0,1,1.0,1.0,0.0,1,1,0,1,1,0,0,6,0.0,0.0,176.3000030517578,259.2916030517578,0,8,2,2024-04-07,0.0,0.0,0.0,0.0,0
3,0.0,0.0,0.0,0.0,1.0,0,1,1.0,1.0,0.0,1,1,0,1,1,0,0,6,0.0,0.0,218.37975908789062,259.2916030517578,0,8,2,2024-04-07,0.0,0.0,0.0,0.0,0
4,0.0,0.0,0.0,0.0,1.0,0,1,1.0,1.0,0.0,1,1,0,1,1,0,0,6,0.0,0.0,231.79160305175782,259.2916030517578,0,8,2,2024-04-07,0.0,0.0,0.0,0.0,0
5,0.0,0.0,0.0,0.0,1.0,0,1,1.0,1.0,0.0,1,1,0,1,1,0,0,6,0.0,0.0,231.79160305175782,259.2916030517578,0,8,2,2024-04-07,0.0,0.0,0.0,0.0,0
6,0.0,0.0,0.0,0.0,1.0,0,1,1.0,1.0,0.0,1,1,0,1,1,0,0,6,0.0,0.0,231.79160305175782,259.09949489746094,0,8,2,2024-04-07,0.0,0.0,0.0,0.0,0
7,0.0,0.0,0.0,0.0,1.0,0,1,1.0,1.0,0.0,1,1,0,1,1,0,0,6,0.0,0.0,231.79160305175782,239.08142849121094,0,8,2,2024-04-07,0.0,0.0,0.0,0.0,0
8,0.0,0.0,0.0,0.0,1.0,0,1,1.0,1.0,0.0,1,1,0,1,1,0,0,6,0.0,0.0,212.59160610351563,200.26074978027344,0,8,2,2024-04-07,0.0,0.0,0.0,0.0,0
9,0.0,0.0,0.0,0.0,1.0,0,1,1.0,1.0,0.0,1,1,0,1,1,0,0,6,0.0,0.0,235.13565822753907,182.55931850585938,0,8,2,2024-04-07,0.0,0.0,0.0,0.0,0
10,0.0,0.0,0.0,0.0,1.0,0,1,1.0,1.0,0.0,1,1,0,1,1,0,0,6,0.0,0.0,235.32225795898438,159.89159389648438,0,8,2,2024-04-07,0.0,0.0,0.0,0.0,0
11,0.0,0.0,0.0,0.0,1.0,0,1,1.0,1.0,0.0,1,1,0,1,1,0,0,6,0.0,0.0,218.76377102050782,159.89159389648438,0,8,2,2024-04-07,0.0,0.0,0.0,0.0,0
12,0.0,0.0,0.0,0.0,1.0,0,1,1.0,1.0,0.0,1,1,0,1,1,0,0,6,0.0,0.0,200.11154934082032,206.59160610351563,0,8,2,2024-04-07,0.0,0.0,0.0,0.0,0
13,0.0,0.0,0.0,0.0,1.0,0,1,1.0,1.0,0.0,1,1,0,1,1,0,0,6,0.0,0.0,210.49300380859376,229.19762416992188,0,8,2,2024-04-07,0.0,0.0,0.0,0.0,0
14,0.0,0.0,0.0,0.0,1.0,0,1,1.0,1.0,0.0,1,1,0,1,1,0,0,6,0.0,0.0,265.60144802246094,262.9201888671875,0,8,2,2024-04-07,0.0,0.0,0.0,0.0,0
15,0.0,0.0,0.0,0.0,1.0,0,1,1.0,1.0,0.0,1,1,0,1,1,0,0,6,0.0,0.0,313.61980434570313,336.19161220703126,0,8,2,2024-04-07,0.0,0.0,0.0,0.0,0
16,0.0,0.0,0.0,0.0,1.0,0,1,1.0,1.0,0.0,1,1,0,1,1,0,0,6,0.0,0.0,434.9737472167969,475.46285244140626,0,8,2,2024-04-07,0.0,0.0,0.0,0.0,0
17,93.70000457763669,291.2000045776367,250.0,541.2000045776367,1.0,0,1,1.0,1.0,1.0,1,1,1,1,1,2,0,4,0.0,0.0,618.231901767985,472.5335998168945,1,8,2,2024-04-07,29.120000457763673,25.0,54.12000045776367,0.04184938904296875,0
18,49.976773977307424,307.7000045776367,307.70000084809726,615.400005425734,1.0,0,1,1.0,1.0,1.0,1,1,1,1,1,6,0,0,0.0,0.0,646.6133893628556,624.0006048312863,1,8,2,2024-04-07,30.770000457763672,30.770000084809727,61.5400005425734,2.711988625123651e-09,0
19,56.0650005340576,354.4000053405762,331.48333867390954,685.8833440144857,1.0,0,1,1.0,1.0,1.0,1,1,1,1,1,1,5,0,0.0,0.0,660.7556286756992,641.0075320831298,1,8,2,2024-04-07,35.44000053405762,33.14833386739095,68.58833440144858,0.04027450302660949,0
20,45.88000068664555,458.8000068664551,458.8000068664551,917.6000137329102,1.0,0,1,1.0,1.0,1.0,1,1,1,1,1,0,0,6,0.0,0.0,806.3635250990391,785.5179713836669,1,8,2,2024-04-07,45.88000068664551,45.88000068664551,91.76000137329102,4.157254542281278e-10,0
21,64.52000160217287,453.200008392334,453.200008392334,906.400016784668,1.0,0,1,1.0,1.0,1.0,1,1,1,1,1,0,6,0,0.0,0.0,870.4161479345958,855.1823527923583,1,8,2,2024-04-07,45.3200008392334,45.3200008392334,90.6400016784668,2.946037091169704e-09,0
22,53.081676239418,523.9000015258789,530.700008392334,1054.600009918213,1.0,0,1,1.0,1.0,1.0,1,1,1,1,1,0,0,6,0.0,0.0,873.3880587190857,878.6460077449569,1,8,2,2024-04-07,52.390000152587895,53.0700008392334,105.46000099182129,2.311172888816379e-10,0
23,97.02000160217284,503.200008392334,503.200008392334,1006.400016784668,1.0,0,1,1.0,1.0,1.0,1,1,1,1,1,0,6,0,0.0,0.0,960.0422183990479,827.1450603118897,1,8,2,2024-04-07,50.3200008392334,50.3200008392334,100.6400016784668,2.653306888683733e-09,0
24,63.840000915527256,629.8000091552734,638.4000091552734,1268.200018310547,1.0,0,1,1.0,1.0,1.0,1,1,1,1,1,0,0,6,0.0,0.0,1010.4532189528147,917.9833251586914,1,8,2,2024-04-07,62.98000091552734,63.84000091552735,126.8200018310547,6.015922993236214e-10,0
25,99.59000091552731,610.9000091552734,610.9000091552734,1221.8000183105469,1.0,0,1,1.0,1.0,1.0,1,1,1,1,1,0,6,0,0.0,0.0,965.5429371667454,844.8207885375977,1,8,2,2024-04-07,61.09000091552735,61.09000091552735,122.1800018310547,2.497755604868726e-09,0
26,69.94004374657202,699.4000091552734,699.3999615652239,1398.7999707204972,1.0,0,1,1.0,1.0,1.0,1,1,1,1,1,6,0,0,0.0,0.0,979.4461090786032,958.027075852958,1,8,2,2024-04-07,69.94000091552735,69.93999615652238,139.87999707204972,2.2577875148733914e-09,0
27,71.59000091552724,715.9000091552734,715.9000091552734,1431.8000183105469,1.0,0,1,1.0,1.0,1.0,1,1,1,1,1,0,6,0,0.0,0.0,934.7347381225584,972.7592422485352,1,8,2,2024-04-07,71.59000091552734,71.59000091552734,143.18000183105468,2.1314135185017507e-09,0
28,81.37113339591518,715.9000091552734,705.0320841770645,1420.932093332338,1.0,0,1,1.0,1.0,1.0,1,1,1,1,1,6,0,0,0.0,0.0,896.8230605443526,1009.5183929712723,1,8,2,2024-04-07,71.59000091552734,70.50320841770645,142.0932093332338,1.054900885773968e-09,0
29,73.24009747053746,732.4000091552734,732.3999018719289,1464.7999110272024,1.0,0,1,1.0,1.0,1.0,1,1,1,1,1,0,0,6,0.0,0.0,848.7085041111624,1008.5333400294626,1,8,2,2024-04-07,73.24000091552735,73.2399901871929,146.47999110272025,2.8989558435076975e-10,0
30,113.57000236511233,742.5266787211101,751.700008392334,1494.226687113444,1.0,0,1,1.0,1.0,1.0,1,1,1,1,1,6,0,0,0.0,0.0,868.4333064666748,947.6430103302001,1,8,2,2024-04-07,74.25266787211102,75.1700008392334,149.42266871134441,1.7870702849482074e-09,0
31,146.50534281302987,762.3266779581706,706.6607386848495,1468.9874166430202,1.0,0,1,1.0,1.0,1.0,1,1,1,1,1,6,0,0,0.0,0.0,987.3622992583423,1040.0591750667204,1,8,2,2024-04-07,76.23266779581706,70.66607386848496,146.89874166430204,1.5227210046103641e-09,0
32,94.75000076293951,0.0,837.5000076293945,837.5000076293945,1.0,0,1,1.0,1.0,1.0,1,1,1,1,1,0,0,6,0.0,0.0,948.7756761637371,1105.0415259948732,1,8,2,2024-04-07,0.0,83.75000076293946,83.75000076293946,9.109725375236765e-10,0
33,139.57000083923333,839.8966757456461,845.700008392334,1685.59668413798,1.0,0,1,1.0,1.0,1.0,1,1,1,1,1,5,1,0,0.0,0.0,846.7886937127431,1059.5821216217041,1,8,2,2024-04-07,83.98966757456462,84.5700008392334,168.55966841379802,0.1176491044654853,0
34,683.9000091552734,908.9000091552734,250.0,1158.9000091552734,0.16666666666666666,5,0,1.0,0.16666666666666666,1.0,0,0,1,1,0,0,6,0,0.0,0.0,1372.1582083113353,536.8949355712891,1,8,2,2024-04-07,90.89000091552735,25.0,115.89000091552735,1.3166613980460823e-08,0
35,90.60980482670658,840.200008392334,840.200008392334,1680.400016784668,1.0,0,1,1.0,1.0,1.0,1,1,1,1,1,6,0,0,0.0,0.0,1032.4447047290503,1154.6037190014185,1,8,2,2024-04-07,84.0200008392334,84.0200008392334,168.0400016784668,1.535713403612018e-09,0
36,85.12000083923337,842.600008392334,851.200008392334,1693.800016784668,1.0,0,1,1.0,1.0,1.0,1,1,1,1,1,0,6,0,0.0,0.0,972.8026180267334,1158.8026294342042,1,8,2,2024-04-07,84.2600008392334,85.1200008392334,169.3800016784668,1.1260766574172786e-09,0
37,164.12258185107456,721.6333368937175,722.0000076293945,1443.633344523112,1.0,0,1,1.0,1.0,1.0,1,1,1,1,1,0,6,0,0.0,0.0,941.1628040190433,984.7017818208005,1,8,2,2024-04-07,72.16333368937175,72.20000076293945,144.36333445231122,0.0036120333174549713,0
38,85.6400012969971,664.0333346048991,664.4000053405762,1328.4333399454754,1.0,0,1,1.0,1.0,1.0,1,1,1,1,1,6,0,0,0.03851560454391695,0.0,638.4576892852783,902.4011592498779,1,8,2,2024-04-07,66.40333346048992,66.44000053405762,132.84333399454755,1.4357880097412305e-09,0
39,108.47000120347913,617.3333338419596,617.7000045776367,1235.0333384195965,0.8333333333333334,1,0,0.0,1.0,1.0,0,0,1,0,1,1,0,5,0.0,0.0,644.0644836253541,847.0488815113646,1,8,2,2024-04-07,61.733333384195966,61.77000045776367,123.50333384195966,0.005553906186675376,0
40,123.42774354255766,659.0333346048991,659.4000053405762,1318.4333399454754,1.0,0,1,1.0,1.0,1.0,1,1,1,1,1,6,0,0,0.09626063167777635,0.0,595.5943695191202,765.9220717894735,1,8,2,2024-04-07,65.90333346048992,65.94000053405762,131.84333399454755,1.1666597667556806e-09,0
41,98.6100006103515,597.4733370463053,601.1000061035156,1198.573343149821,1.0,0,1,1.0,1.0,1.0,1,1,1,1,1,5,0,1,0.10158760687939764,0.0,536.7774505615234,757.081672631836,1,8,2,2024-04-07,59.747333704630535,60.11000061035156,119.85733431498211,0.026494302511741896,0
42,149.37474382543942,624.3400032043457,639.6000061035156,1263.9400093078614,1.0,0,1,1.0,1.0,1.0,1,1,1,1,1,6,0,0,0.0,0.0,700.8158448996581,817.2168927956543,1,8,2,2024-04-07,62.43400032043458,63.960000610351564,126.39400093078615,2.551429231390499e-09,0
43,80.96000061035157,523.600001525879,534.6000061035156,1058.2000076293946,1.0,0,1,1.0,1.0,1.0,1,1,1,1,1,6,0,0,0.0,0.0,555.6167538340886,816.9315627685546,1,8,2,2024-04-07,52.3600001525879,53.460000610351564,105.82000076293946,0.013744514446505984,0
44,48.055920611572176,468.6000015258789,479.6000061035156,948.2000076293946,1.0,0,1,1.0,1.0,1.0,1,1,1,1,1,0,0,6,0.0,0.0,522.6769190061161,849.835642767334,1,8,2,2024-04-07,46.860000152587894,47.960000610351564,94.82000076293946,1.0170379369246187e-09,0
45,44.26271126280208,396.96667226155597,407.6000061035156,804.5666783650715,1.0,0,1,1.0,1.0,1.0,1,1,1,1,1,0,0,6,0.0,0.0,446.9030005694427,792.6288521161041,1,8,2,2024-04-07,39.6966672261556,40.76000061035157,80.45666783650717,8.594850300578026e-10,0
46,60.56000061035157,385.6000061035156,385.6000061035156,771.2000122070312,1.0,0,1,1.0,1.0,1.0,1,1,1,1,1,0,0,6,0.0,0.0,437.1225921630859,748.8315627685546,1,8,2,2024-04-07,38.560000610351565,38.560000610351565,77.12000122070313,9.89288681407059e-10,0
47,117.56321078068686,374.7000045776367,374.7000045776367,749.4000091552734,1.0,0,1,1.0,1.0,1.0,1,1,1,1,1,6,0,0,0.0,0.0,551.4373868060775,711.0284258404068,1,8,2,2024-04-07,37.470000457763675,37.470000457763675,74.94000091552735,1.663991776675657e-09,0
0,-250.7600023905436,0.0,259.4000015258789,259.4000015258789,0.0,6,0,0.0,1.0,1.0,1,0,1,0,1,6,0,0,0.0,0.0,0.0,519.9515993387859,1,9,0,2024-04-07,0.0,25.940000152587892,25.940000152587892,2.8431308218904568e-08,0
1,-125.95999946594247,0.0,278.60000228881836,278.60000228881836,0.0,6,0,1.0,1.0,0.0,1,0,0,1,1,0,0,6,0.0,0.0,116.61472282409659,415.4515994659425,1,9,0,2024-04-07,0.0,27.860000228881837,27.860000228881837,1.3692383861379477e-09,0
2,0.0,0.0,0.0,0.0,1.0,0,1,1.0,1.0,0.0,1,1,0,1,1,0,0,6,0.0,0.0,276.7445983886719,336.19161220703126,0,9,0,2024-04-07,0.0,0.0,0.0,0.0,0
3,0.0,0.0,0.0,0.0,1.0,0,1,1.0,1.0,0.0,1,1,0,1,1,0,0,6,0.0,0.0,211.3527297607422,217.4916,0,9,0,2024-04-07,0.0,0.0,0.0,0.0,0
4,0.0,0.0,0.0,0.0,1.0,0,1,1.0,1.0,0.0,1,1,0,1,1,0,0,6,0.0,0.0,209.14473720703126,217.4916,0,9,0,2024-04-07,0.0,0.0,0.0,0.0,0
5,0.0,0.0,0.0,0.0,1.0,0,1,1.0,1.0,0.0,1,1,0,1,1,0,0,6,0.0,0.0,212.4535140625,228.4916,0,9,0,2024-04-07,0.0,0.0,0.0,0.0,0
6,0.0,0.0,0.0,0.0,1.0,0,1,1.0,1.0,0.0,1,1,0,1,1,0,0,6,0.0,0.0,209.29158779296876,228.4916,0,9,0,2024-04-07,0.0,0.0,0.0,0.0,0
7,0.0,0.0,0.0,0.0,1.0,0,1,1.0,1.0,0.0,1,1,0,1,1,0,0,6,0.0,0.0,209.29158779296876,228.3311233154297,0,9,0,2024-04-07,0.0,0.0,0.0,0.0,0
8,0.0,0.0,0.0,0.0,1.0,0,1,1.0,1.0,0.0,1,1,0,1,1,0,0,6,0.0,0.0,209.29158779296876,213.80564113769532,0,9,0,2024-04-07,0.0,0.0,0.0,0.0,0
9,0.0,0.0,0.0,0.0,1.0,0,1,1.0,1.0,0.0,1,1,0,1,1,0,0,6,0.0,0.0,209.29158779296876,209.29160305175782,0,9,0,2024-04-07,0.0,0.0,0.0,0.0,0
10,0.0,0.0,0.0,0.0,1.0,0,1,1.0,1.0,0.0,1,1,0,1,1,0,0,6,0.0,0.0,209.29158779296876,204.2263869873047,0,9,0,2024-04-07,0.0,0.0,0.0,0.0,0
11,0.0,0.0,0.0,0.0,1.0,0,1,1.0,1.0,0.0,1,1,0,1,1,0,0,6,0.0,0.0,200.0928420654297,201.1432571044922,0,9,0,2024-04-07,0.0,0.0,0.0,0.0,0
12,0.0,0.0,0.0,0.0,1.0,0,1,1.0,1.0,0.0,1,1,0,1,1,0,0,6,0.0,0.0,194.39513393554688,208.51840969238282,0,9,0,2024-04-07,0.0,0.0,0.0,0.0,0
13,0.0,0.0,0.0,0.0,1.0,0,1,1.0,1.0,0.0,1,1,0,1,1,0,0,6,0.0,0.0,266.25868984375,314.49578090820313,0,9,0,2024-04-07,0.0,0.0,0.0,0.0,0
14,0.0,0.0,0.0,0.0,1.0,0,1,1.0,1.0,0.0,1,1,0,1,1,0,0,6,0.0,0.0,283.09847255859376,346.5339583984375,0,9,0,2024-04-07,0.0,0.0,0.0,0.0,0
15,0.0,0.0,0.0,0.0,1.0,0,1,1.0,1.0,0.0,1,1,0,1,1,0,0,6,0.0,0.0,403.7268294921875,456.85677333984376,0,9,0,2024-04-07,0.0,0.0,0.0,0.0,0
16,0.0,0.0,0.0,0.0,1.0,0,1,1.0,1.0,0.0,1,1,0,1,1,0,0,6,0.0,0.0,476.49544521484376,497.47417446289063,0,9,0,2024-04-07,0.0,0.0,0.0,0.0,0
17,93.70000457763669,291.2000045776367,250.0,541.2000045776367,1.0,0,1,1.0,1.0,1.0,1,1,1,1,1,0,0,6,0.0,0.0,615.7098846069335,430.794464074707,1,9,0,2024-04-07,29.120000457763673,25.0,54.12000045776367,5.251609236881821e-17,0
18,49.976773977307424,307.7000045776367,307.70000084809726,615.400005425734,1.0,0,1,1.0,1.0,1.0,1,1,1,1,1,6,0,0,0.0,0.0,738.1073281765262,606.2517034640988,1,9,0,2024-04-07,30.770000457763672,30.770000084809727,61.5400005425734,2.711988625123651e-09,0
19,56.0650005340576,354.4000053405762,331.48333867390954,685.8833440144857,1.0,0,1,1.0,1.0,1.0,1,1,1,1,1,6,0,0,0.0,0.0,750.1638774871826,582.6499271026611,1,9,0,2024-04-07,35.44000053405762,33.14833386739095,68.58833440144858,2.780864465140536e-09,0
20,45.88000068664555,458.8000068664551,458.8000068664551,917.6000137329102,1.0,0,1,1.0,1.0,1.0,1,1,1,1,1,0,0,6,0.0,0.0,731.2725788116455,596.6936915985107,1,9,0,2024-04-07,45.88000068664551,45.88000068664551,91.76000137329102,4.157254542281278e-10,0
21,64.52000160217287,453.200008392334,453.200008392334,906.400016784668,1.0,0,1,1.0,1.0,1.0,1,1,1,1,1,0,6,0,0.0,0.0,759.3715030670166,589.415446054077,1,9,0,2024-04-07,45.3200008392334,45.3200008392334,90.6400016784668,2.946037091169704e-09,0
22,53.081676239418,523.9000015258789,530.700008392334,1054.600009918213,1.0,0,1,1.0,1.0,1.0,1,1,1,1,1,0,0,6,0.0,0.0,825.052867645668,749.8622553035507,1,9,0,2024-04-07,52.390000152587895,53.0700008392334,105.46000099182129,2.311172888816379e-10,0
23,97.02000160217284,503.200008392334,503.200008392334,1006.400016784668,1.0,0,1,1.0,1.0,1.0,1,1,1,1,1,0,6,0,0.0,0.0,924.3756534576416,756.8716838470459,1,9,0,2024-04-07,50.3200008392334,50.3200008392334,100.6400016784668,2.653306888683733e-09,0
24,63.840000915527256,629.8000091552734,638.4000091552734,1268.200018310547,1.0,0,1,1.0,1.0,1.0,1,1,1,1,1,5,1,0,0.0,0.0,972.9929550170898,830.9352294555664,1,9,0,2024-04-07,62.98000091552734,63.84000091552735,126.8200018310547,0.33262447383668603,0
25,99.59000091552731,610.9000091552734,610.9000091552734,1221.8000183105469,1.0,0,1,1.0,1.0,1.0,1,1,1,1,1,5,1,0,0.0,0.0,896.7922890856069,849.9492065063477,1,9,0,2024-04-07,61.09000091552735,61.09000091552735,122.1800018310547,0.13461538214965152,0
26,69.94004374657202,699.4000091552734,699.3999615652239,1398.7999707204972,1.0,0,1,1.0,1.0,1.0,1,1,1,1,1,6,0,0,0.0,0.0,779.5607424825594,876.7516294956155,1,9,0,2024-04-07,69.94000091552735,69.93999615652238,139.87999707204972,0.12692307976498987,0
27,71.59000091552724,715.9000091552734,715.9000091552734,1431.8000183105469,1.0,0,1,1.0,1.0,1.0,1,1,1,1,1,0,6,0,0.0,0.0,745.2247542739103,913.6016723266603,1,9,0,2024-04-07,71.59000091552734,71.59000091552734,143.18000183105468,0.15512820881719,0
28,81.37113339591518,715.9000091552734,705.0320841770645,1420.932093332338,1.0,0,1,1.0,1.0,1.0,1,1,1,1,1,6,0,0,0.0,0.0,865.6986936441095,994.5204910181474,1,9,0,2024-04-07,71.59000091552734,70.50320841770645,142.0932093332338,0.3216723852256524,0
29,73.24009747053746,732.4000091552734,732.3999018719289,1464.7999110272024,1.0,0,1,1.0,1.0,1.0,1,1,1,1,1,0,1,5,0.003165469776494019,0.0,730.0816190619885,992.3821177638376,1,9,0,2024-04-07,73.24000091552735,73.2399901871929,146.47999110272025,0.012820512350151083,0
30,113.57000236511233,742.5266787211101,751.700008392334,1494.226687113444,1.0,0,1,1.0,1.0,1.0,1,1,1,1,1,5,1,0,0.0,0.0,829.066070554362,1013.3926669708252,1,9,0,2024-04-07,74.25266787211102,75.1700008392334,149.42266871134441,0.007739534460808684,0
31,146.50534281302987,762.3266779581706,706.6607386848495,1468.9874166430202,1.0,0,1,1.0,1.0,1.0,1,1,1,1,1,6,0,0,0.0,0.0,890.4709189849049,982.1752220307202,1,9,0,2024-04-07,76.23266779581706,70.66607386848496,146.89874166430204,1.5227210046103641e-09,0
32,94.75000076293951,0.0,837.5000076293945,837.5000076293945,1.0,0,1,1.0,1.0,1.0,1,1,1,1,1,0,0,6,0.0,0.0,876.1898903783164,1041.7210914245607,1,9,0,2024-04-07,0.0,83.75000076293946,83.75000076293946,9.109725375236765e-10,0
33,139.57000083923333,839.8966757456461,845.700008392334,1685.59668413798,1.0,0,1,1.0,1.0,1.0,1,1,1,1,1,0,6,0,0.0,0.0,954.3486194258371,1075.7655933013916,1,9,0,2024-04-07,83.98966757456462,84.5700008392334,168.55966841379802,3.847293650254804e-09,0
34,683.9000091552734,908.9000091552734,250.0,1158.9000091552734,0.3333333333333333,4,0,1.0,0.3333333333333333,1.0,0,0,1,1,0,0,6,0,0.0,0.0,1576.317367553711,488.8966445556641,1,9,0,2024-04-07,90.89000091552735,25.0,115.89000091552735,1.3166613980460823e-08,0
35,90.60980482670658,840.200008392334,840.200008392334,1680.400016784668,1.0,0,1,1.0,1.0,1.0,1,1,1,1,1,6,0,0,0.0,0.0,1034.7548853931128,957.501057868606,1,9,0,2024-04-07,84.0200008392334,84.0200008392334,168.0400016784668,1.535713403612018e-09,0
36,85.12000083923337,842.600008392334,851.200008392334,1693.800016784668,1.0,0,1,1.0,1.0,1.0,1,1,1,1,1,1,5,0,0.0,0.0,916.9715023040771,919.795305215454,1,9,0,2024-04-07,84.2600008392334,85.1200008392334,169.3800016784668,0.08291021987001648,0
37,164.12258185107456,721.6333368937175,722.0000076293945,1443.633344523112,1.0,0,1,1.0,1.0,1.0,1,1,1,1,1,0,6,0,0.0,0.0,1004.6797107573245,842.2870479340817,1,9,0,2024-04-07,72.16333368937175,72.20000076293945,144.36333445231122,0.3347003901837605,0
38,85.6400012969971,664.0333346048991,664.4000053405762,1328.4333399454754,1.0,0,1,1.0,1.0,1.0,1,1,1,1,1,6,0,0,0.0,0.0,837.3205958421122,883.7706660858154,1,9,0,2024-04-07,66.40333346048992,66.44000053405762,132.84333399454755,0.2460859073625738,0
39,108.47000120347913,617.3333338419596,617.7000045776367,1235.0333384195965,1.0,0,1,1.0,1.0,1.0,1,1,1,1,1,1,3,2,0.0,0.0,797.4286123603293,807.8578414723021,1,9,0,2024-04-07,61.733333384195966,61.77000045776367,123.50333384195966,0.16540859007270634,0
40,123.42774354255766,659.0333346048991,659.4000053405762,1318.4333399454754,1.0,0,1,1.0,1.0,1.0,1,1,1,1,1,6,0,0,0.0,0.0,774.7135259086618,710.806471203536,1,9,0,2024-04-07,65.90333346048992,65.94000053405762,131.84333399454755,1.1666597667556806e-09,0
41,98.6100006103515,597.4733370463053,601.1000061035156,1198.573343149821,1.0,0,1,1.0,1.0,1.0,1,1,1,1,1,0,0,6,0.0,0.0,672.1081643327586,691.6515578857422,1,9,0,2024-04-07,59.747333704630535,60.11000061035156,119.85733431498211,4.742589945428364e-17,0
42,149.37474382543942,624.3400032043457,639.6000061035156,1263.9400093078614,1.0,0,1,1.0,1.0,1.0,1,1,1,1,1,6,0,0,0.0,0.1156843248041729,640.3185609641113,565.6083112526856,1,9,0,2024-04-07,62.43400032043458,63.960000610351564,126.39400093078615,2.551429231390499e-09,0
43,80.96000061035157,523.600001525879,534.6000061035156,1058.2000076293946,1.0,0,1,1.0,1.0,1.0,1,1,1,1,1,6,0,0,0.0,0.0,556.935678100586,634.7737868896484,1,9,0,2024-04-07,52.3600001525879,53.460000610351564,105.82000076293946,1.441957006024621e-09,0
44,48.055920611572176,468.6000015258789,479.6000061035156,948.2000076293946,1.0,0,1,1.0,1.0,1.0,1,1,1,1,1,0,0,6,0.0,0.0,495.71485615844716,647.0357160095215,1,9,0,2024-04-07,46.860000152587894,47.960000610351564,94.82000076293946,1.0170379369246187e-09,0
45,44.26271126280208,396.96667226155597,407.6000061035156,804.5666783650715,1.0,0,1,1.0,1.0,1.0,1,1,1,1,1,0,0,6,0.19198462784386097,0.0,320.7551734210052,518.7795479168853,1,9,0,2024-04-07,39.6966672261556,40.76000061035157,80.45666783650717,8.594850300578026e-10,0
46,60.56000061035157,385.6000061035156,385.6000061035156,771.2000122070312,1.0,0,1,1.0,1.0,1.0,1,1,1,1,1,0,0,6,0.3304339708758157,0.0,258.1846649169922,453.13161159667965,1,9,0,2024-04-07,38.560000610351565,38.560000610351565,77.12000122070313,9.89288681407059e-10,0
47,117.56321078068686,374.7000045776367,374.7000045776367,749.4000091552734,1.0,0,1,1.0,1.0,1.0,1,1,1,1,1,6,0,0,0.15362806489448094,0.0,317.13556795842123,396.12840142634434,1,9,0,2024-04-07,37.470000457763675,37.470000457763675,74.94000091552735,1.663991776675657e-09,0
0,-250.7600023905436,0.0,259.4000015258789,259.4000015258789,0.0,6,0,0.0,1.0,1.0,1,0,1,0,1,6,0,0,0.0,0.0,0.0,553.151596287028,1,9,1,2024-04-07,0.0,25.940000152587892,25.940000152587892,2.8431308218904568e-08,0
1,-125.95999946594247,0.0,278.60000228881836,278.60000228881836,0.0,6,0,1.0,1.0,0.0,1,0,0,1,1,0,0,6,0.0,0.0,55.85350761413565,430.35159336242685,1,9,1,2024-04-07,0.0,27.860000228881837,27.860000228881837,1.3692383861379477e-09,0
2,0.0,0.0,0.0,0.0,1.0,0,1,1.0,1.0,0.0,1,1,0,1,1,0,0,6,0.0,0.0,175.092041015625,304.3915938964844,0,9,1,2024-04-07,0.0,0.0,0.0,0.0,0
3,0.0,0.0,0.0,0.0,1.0,0,1,1.0,1.0,0.0,1,1,0,1,1,0,0,6,0.0,0.0,226.2477247861328,299.1059798828125,0,9,1,2024-04-07,0.0,0.0,0.0,0.0,0
4,0.0,0.0,0.0,0.0,1.0,0,1,1.0,1.0,0.0,1,1,0,1,1,0,0,6,0.0,0.0,255.01584621582032,297.304832421875,0,9,1,2024-04-07,0.0,0.0,0.0,0.0,0
5,0.0,0.0,0.0,0.0,1.0,0,1,1.0,1.0,0.0,1,1,0,1,1,0,0,6,0.0,0.0,242.30628200683594,257.97257229003907,0,9,1,2024-04-07,0.0,0.0,0.0,0.0,0
6,0.0,0.0,0.0,0.0,1.0,0,1,1.0,1.0,0.0,1,1,0,1,1,0,0,6,0.0,0.0,200.58374782714844,205.39795681152344,0,9,1,2024-04-07,0.0,0.0,0.0,0.0,0
7,0.0,0.0,0.0,0.0,1.0,0,1,1.0,1.0,0.0,1,1,0,1,1,0,0,6,0.0,0.0,205.68314357910157,182.30457302246094,0,9,1,2024-04-07,0.0,0.0,0.0,0.0,0
8,0.0,0.0,0.0,0.0,1.0,0,1,1.0,1.0,0.0,1,1,0,1,1,0,0,6,0.0,0.0,240.3809280029297,182.23145290527344,0,9,1,2024-04-07,0.0,0.0,0.0,0.0,0
9,0.0,0.0,0.0,0.0,1.0,0,1,1.0,1.0,0.0,1,1,0,1,1,0,0,6,0.0,0.0,244.299461328125,157.6915969482422,0,9,1,2024-04-07,0.0,0.0,0.0,0.0,0
10,0.0,0.0,0.0,0.0,1.0,0,1,1.0,1.0,0.0,1,1,0,1,1,0,0,6,0.0,0.0,252.6178664794922,157.6915969482422,0,9,1,2024-04-07,0.0,0.0,0.0,0.0,0
11,0.0,0.0,0.0,0.0,1.0,0,1,1.0,1.0,0.0,1,1,0,1,1,0,0,6,0.0,0.0,254.55721279296876,157.6915969482422,0,9,1,2024-04-07,0.0,0.0,0.0,0.0,0
12,0.0,0.0,0.0,0.0,1.0,0,1,1.0,1.0,0.0,1,1,0,1,1,0,0,6,0.0,0.0,319.5300521484375,223.59159084472657,0,9,1,2024-04-07,0.0,0.0,0.0,0.0,0
13,0.0,0.0,0.0,0.0,1.0,0,1,1.0,1.0,0.0,1,1,0,1,1,0,0,6,0.0,0.0,323.59160610351563,223.59159084472657,0,9,1,2024-04-07,0.0,0.0,0.0,0.0,0
14,0.0,0.0,0.0,0.0,1.0,0,1,1.0,1.0,0.0,1,1,0,1,1,0,0,6,0.0,0.0,359.3916244140625,252.26668544921876,0,9,1,2024-04-07,0.0,0.0,0.0,0.0,0
15,0.0,0.0,0.0,0.0,1.0,0,1,1.0,1.0,0.0,1,1,0,1,1,0,0,6,0.0,0.0,397.7916183105469,289.6348800292969,0,9,1,2024-04-07,0.0,0.0,0.0,0.0,0
16,0.0,0.0,0.0,0.0,1.0,0,1,1.0,1.0,0.0,1,1,0,1,1,0,0,6,0.0,0.0,461.57390590820313,377.36458583984376,0,9,1,2024-04-07,0.0,0.0,0.0,0.0,0
17,93.70000457763669,291.2000045776367,250.0,541.2000045776367,1.0,0,1,1.0,1.0,1.0,1,1,1,1,1,0,0,6,0.0,0.0,691.8062896362304,394.73104854736334,1,9,1,2024-04-07,29.120000457763673,25.0,54.12000045776367,5.251609236881821e-17,0
18,49.976773977307424,307.7000045776367,307.70000084809726,615.400005425734,1.0,0,1,1.0,1.0,1.0,1,1,1,1,1,6,0,0,0.0,0.0,672.4673363796511,493.2198515964851,1,9,1,2024-04-07,30.770000457763672,30.770000084809727,61.5400005425734,2.711988625123651e-09,0
19,56.0650005340576,354.4000053405762,331.48333867390954,685.8833440144857,1.0,0,1,1.0,1.0,1.0,1,1,1,1,1,6,0,0,0.0,0.0,812.9657191864013,643.3125629425049,1,9,1,2024-04-07,35.44000053405762,33.14833386739095,68.58833440144858,2.780864465140536e-09,0
20,45.88000068664555,458.8000068664551,458.8000068664551,917.6000137329102,1.0,0,1,1.0,1.0,1.0,1,1,1,1,1,0,0,6,0.0,0.0,796.9858584991455,712.8254376067129,1,9,1,2024-04-07,45.88000068664551,45.88000068664551,91.76000137329102,4.157254542281278e-10,0
21,64.52000160217287,453.200008392334,453.200008392334,906.400016784668,1.0,0,1,1.0,1.0,1.0,1,1,1,1,1,0,6,0,0.0,0.0,854.0140430084228,760.4234757079091,1,9,1,2024-04-07,45.3200008392334,45.3200008392334,90.6400016784668,2.946037091169704e-09,0
22,53.081676239418,523.9000015258789,530.700008392334,1054.600009918213,1.0,0,1,1.0,1.0,1.0,1,1,1,1,1,0,0,6,0.0,0.0,978.5784642276992,878.476429229332,1,9,1,2024-04-07,52.390000152587895,53.0700008392334,105.46000099182129,2.311172888816379e-10,0
23,97.02000160217284,503.200008392334,503.200008392334,1006.400016784668,1.0,0,1,1.0,1.0,1.0,1,1,1,1,1,0,6,0,0.0,0.0,1027.6778613677977,850.1112327755322,1,9,1,2024-04-07,50.3200008392334,50.3200008392334,100.6400016784668,2.653306888683733e-09,0
24,63.840000915527256,629.8000091552734,638.4000091552734,1268.200018310547,1.0,0,1,1.0,1.0,1.0,1,1,1,1,1,5,1,0,0.0,0.0,955.326412927246,944.9011847632523,1,9,1,2024-04-07,62.98000091552734,63.84000091552735,126.8200018310547,0.33262447383668603,0
25,99.59000091552731,610.9000091552734,610.9000091552734,1221.8000183105469,1.0,0,1,1.0,1.0,1.0,1,1,1,1,1,5,1,0,0.0,0.0,950.3663299194335,986.7574111938477,1,9,1,2024-04-07,61.09000091552735,61.09000091552735,122.1800018310547,0.13461538214965152,0
26,69.94004374657202,699.4000091552734,699.3999615652239,1398.7999707204972,1.0,0,1,1.0,1.0,1.0,1,1,1,1,1,6,0,0,0.0,0.0,878.1309845668844,1068.025776565928,1,9,1,2024-04-07,69.94000091552735,69.93999615652238,139.87999707204972,0.12692307976498987,0
27,71.59000091552724,715.9000091552734,715.9000091552734,1431.8000183105469,1.0,0,1,1.0,1.0,1.0,1,1,1,1,1,0,6,0,0.0,0.0,919.3572967163084,1185.5099746704102,1,9,1,2024-04-07,71.59000091552734,71.59000091552734,143.18000183105468,0.15512820881719,0
28,81.37113339591518,715.9000091552734,705.0320841770645,1420.932093332338,0.8333333333333334,1,0,0.8333333333333334,1.0,1.0,0,0,1,0,1,6,0,0,0.0,0.0,972.2968154271651,1200.1113113941283,1,9,1,2024-04-07,71.59000091552734,70.50320841770645,142.0932093332338,0.3216723852256524,0
29,73.24009747053746,732.4000091552734,732.3999018719289,1464.7999110272024,1.0,0,1,1.0,1.0,1.0,1,1,1,1,1,0,1,5,0.0,0.0,921.7650837010061,1251.8900351679306,1,9,1,2024-04-07,73.24000091552735,73.2399901871929,146.47999110272025,0.012820512350151083,0
30,113.57000236511233,742.5266787211101,751.700008392334,1494.226687113444,1.0,0,1,1.0,1.0,1.0,1,1,1,1,1,5,1,0,0.0,0.0,1023.1862361541748,1247.4032339025975,1,9,1,2024-04-07,74.25266787211102,75.1700008392334,149.42266871134441,0.007739534460808684,0
31,146.50534281302987,762.3266779581706,706.6607386848495,1468.9874166430202,1.0,0,1,1.0,1.0,1.0,1,1,1,1,1,6,0,0,0.0,0.0,956.0367759184986,1088.2463890229078,1,9,1,2024-04-07,76.23266779581706,70.66607386848496,146.89874166430204,1.5227210046103641e-09,0
32,94.75000076293951,0.0,837.5000076293945,837.5000076293945,1.0,0,1,1.0,1.0,1.0,1,1,1,1,1,0,0,6,0.0,0.0,823.6035163879395,1065.9371558776857,1,9,1,2024-04-07,0.0,83.75000076293946,83.75000076293946,9.109725375236765e-10,0
33,139.57000083923333,839.8966757456461,845.700008392334,1685.59668413798,1.0,0,1,1.0,1.0,1.0,1,1,1,1,1,0,6,0,0.04899126159946418,0.0,798.7490779876708,952.4215991607667,1,9,1,2024-04-07,83.98966757456462,84.5700008392334,168.55966841379802,3.847293650254804e-09,0
34,683.9000091552734,908.9000091552734,250.0,1158.9000091552734,0.6666666666666666,2,0,1.0,0.6666666666666666,1.0,0,0,1,1,0,0,6,0,0.0,0.0,1356.0694427490234,384.2189101806641,1,9,1,2024-04-07,90.89000091552735,25.0,115.89000091552735,1.3166613980460823e-08,0
35,90.60980482670658,840.200008392334,840.200008392334,1680.400016784668,1.0,0,1,1.0,1.0,1.0,1,1,1,1,1,6,0,0,0.0,0.0,913.0605494556128,944.7960407787623,1,9,1,2024-04-07,84.0200008392334,84.0200008392334,168.0400016784668,1.535713403612018e-09,0
36,85.12000083923337,842.600008392334,851.200008392334,1693.800016784668,0.8333333333333334,1,0,0.0,1.0,1.0,0,0,1,0,1,1,5,0,0.12214850261729561,0.0,739.6776790618896,857.340959512329,1,9,1,2024-04-07,84.2600008392334,85.1200008392334,169.3800016784668,0.08291021987001648,1
37,164.12258185107456,721.6333368937175,722.0000076293945,1443.633344523112,0.8333333333333334,1,0,1.0,0.8333333333333334,1.0,0,0,1,1,0,0,6,0,0.0,0.03549127782354349,746.0324939604495,696.3753047700192,1,9,1,2024-04-07,72.16333368937175,72.20000076293945,144.36333445231122,0.3347003901837605,0
38,85.6400012969971,664.0333346048991,664.4000053405762,1328.4333399454754,1.0,0,1,1.0,1.0,1.0,1,1,1,1,1,6,0,0,0.0,0.0,710.9067484211018,700.9256953826904,1,9,1,2024-04-07,66.40333346048992,66.44000053405762,132.84333399454755,0.2460859073625738,0
39,108.47000120347913,617.3333338419596,617.7000045776367,1235.0333384195965,1.0,0,1,1.0,1.0,1.0,1,1,1,1,1,1,3,2,0.0,0.0,669.3385880411256,619.3542403980833,1,9,1,2024-04-07,61.733333384195966,61.77000045776367,123.50333384195966,0.16540859007270634,0
40,123.42774354255766,659.0333346048991,659.4000053405762,1318.4333399454754,1.0,0,1,1.0,1.0,1.0,1,1,1,1,1,6,0,0,0.0,0.0252885351474121,806.6317371095845,642.7247451293173,1,9,1,2024-04-07,65.90333346048992,65.94000053405762,131.84333399454755,1.1666597667556806e-09,0
41,98.6100006103515,597.4733370463053,601.1000061035156,1198.573343149821,1.0,0,1,1.0,1.0,1.0,1,1,1,1,1,0,0,6,0.0,0.0,791.0032501220703,686.836067163086,1,9,1,2024-04-07,59.747333704630535,60.11000061035156,119.85733431498211,4.742589945428364e-17,0
42,149.37474382543942,624.3400032043457,639.6000061035156,1263.9400093078614,1.0,0,1,1.0,1.0,1.0,1,1,1,1,1,6,0,0,0.0,0.046850964186649045,811.2970460715331,609.6341291237793,1,9,1,2024-04-07,62.43400032043458,63.960000610351564,126.39400093078615,2.551429231390499e-09,0
43,80.96000061035157,523.600001525879,534.6000061035156,1058.2000076293946,1.0,0,1,1.0,1.0,1.0,1,1,1,1,1,6,0,0,0.0,0.0,644.3472686767578,624.9945510498046,1,9,1,2024-04-07,52.3600001525879,53.460000610351564,105.82000076293946,1.441957006024621e-09,0
44,48.055920611572176,468.6000015258789,479.6000061035156,948.2000076293946,1.0,0,1,1.0,1.0,1.0,1,1,1,1,1,0,0,6,0.040959945812347826,0.0,449.4061708557128,548.305857611084,1,9,1,2024-04-07,46.860000152587894,47.960000610351564,94.82000076293946,1.0170379369246187e-09,0
45,44.26271126280208,396.96667226155597,407.6000061035156,804.5666783650715,1.0,0,1,1.0,1.0,1.0,1,1,1,1,1,0,0,6,0.09250334658454103,0.0,360.24592659483335,497.8761665692291,1,9,1,2024-04-07,39.6966672261556,40.76000061035157,80.45666783650717,8.594850300578026e-10,0
46,60.56000061035157,385.6000061035156,385.6000061035156,771.2000122070312,1.0,0,1,1.0,1.0,1.0,1,1,1,1,1,0,0,6,0.28173101145430113,0.004586053609475158,276.9645263671875,383.83162380371095,1,9,1,2024-04-07,38.560000610351565,38.560000610351565,77.12000122070313,9.89288681407059e-10,0
47,117.56321078068686,374.7000045776367,374.7000045776367,749.4000091552734,1.0,0,1,1.0,1.0,1.0,1,1,1,1,1,6,0,0,0.024743261033547202,0.20115182819178296,365.4287045551009,299.32841363337565,1,9,1,2024-04-07,37.470000457763675,37.470000457763675,74.94000091552735,1.663991776675657e-09,0
0,-250.7600023905436,0.0,259.4000015258789,259.4000015258789,0.0,6,0,0.0,1.0,1.0,1,0,1,0,1,6,0,0,0.0,0.0,0.0,607.3515779764812,1,9,2,2024-04-07,0.0,25.940000152587892,25.940000152587892,2.8431308218904568e-08,0
1,-125.95999946594247,0.0,278.60000228881836,278.60000228881836,0.0,6,0,1.0,1.0,0.0,1,0,0,1,1,0,0,6,0.0,0.0,4.467429733276276,482.55157505188,1,9,2,2024-04-07,0.0,27.860000228881837,27.860000228881837,1.3692383861379477e-09,0
2,0.0,0.0,0.0,0.0,1.0,0,1,1.0,1.0,0.0,1,1,0,1,1,0,0,6,0.0,0.0,116.69212341308594,345.5915755859375,0,9,2,2024-04-07,0.0,0.0,0.0,0.0,0
3,0.0,0.0,0.0,0.0,1.0,0,1,1.0,1.0,0.0,1,1,0,1,1,0,0,6,0.0,0.0,204.74279619726562,345.5915755859375,0,9,2,2024-04-07,0.0,0.0,0.0,0.0,0
4,0.0,0.0,0.0,0.0,1.0,0,1,1.0,1.0,0.0,1,1,0,1,1,0,0,6,0.0,0.0,293.0241622558594,375.7916183105469,0,9,2,2024-04-07,0.0,0.0,0.0,0.0,0
5,0.0,0.0,0.0,0.0,1.0,0,1,1.0,1.0,0.0,1,1,0,1,1,0,0,6,0.0,0.0,315.3261947265625,326.21602626953126,0,9,2,2024-04-07,0.0,0.0,0.0,0.0,0
6,0.0,0.0,0.0,0.0,1.0,0,1,1.0,1.0,0.0,1,1,0,1,1,0,0,6,0.0,0.0,316.7238998046875,292.5056380859375,0,9,2,2024-04-07,0.0,0.0,0.0,0.0,0
7,0.0,0.0,0.0,0.0,1.0,0,1,1.0,1.0,0.0,1,1,0,1,1,0,0,6,0.0,0.0,327.16976162109376,232.35710903320313,0,9,2,2024-04-07,0.0,0.0,0.0,0.0,0
8,0.0,0.0,0.0,0.0,1.0,0,1,1.0,1.0,0.0,1,1,0,1,1,0,0,6,0.0,0.0,268.1915969482422,192.81150051269532,0,9,2,2024-04-07,0.0,0.0,0.0,0.0,0
9,0.0,0.0,0.0,0.0,1.0,0,1,1.0,1.0,0.0,1,1,0,1,1,0,0,6,0.0,0.0,248.9916,152.3821487060547,0,9,2,2024-04-07,0.0,0.0,0.0,0.0,0
10,0.0,0.0,0.0,0.0,1.0,0,1,1.0,1.0,0.0,1,1,0,1,1,0,0,6,0.0,0.0,198.9916,148.9916,0,9,2,2024-04-07,0.0,0.0,0.0,0.0,0
11,0.0,0.0,0.0,0.0,1.0,0,1,1.0,1.0,0.0,1,1,0,1,1,0,0,6,0.0,0.0,198.9916,139.2147903076172,0,9,2,2024-04-07,0.0,0.0,0.0,0.0,0
12,0.0,0.0,0.0,0.0,1.0,0,1,1.0,1.0,0.0,1,1,0,1,1,0,0,6,0.0,0.0,198.9916,137.9916,0,9,2,2024-04-07,0.0,0.0,0.0,0.0,0
13,0.0,0.0,0.0,0.0,1.0,0,1,1.0,1.0,0.0,1,1,0,1,1,0,0,6,0.0,0.0,148.9916,137.9916,0,9,2,2024-04-07,0.0,0.0,0.0,0.0,0
14,0.0,0.0,0.0,0.0,1.0,0,1,1.0,1.0,0.0,1,1,0,1,1,0,0,6,0.0,0.0,195.6915969482422,177.51340480957032,0,9,2,2024-04-07,0.0,0.0,0.0,0.0,0
15,0.0,0.0,0.0,0.0,1.0,0,1,1.0,1.0,0.0,1,1,0,1,1,0,0,6,0.0,0.0,250.6915969482422,225.57085415039063,0,9,2,2024-04-07,0.0,0.0,0.0,0.0,0
16,0.0,0.0,0.0,0.0,1.0,0,1,1.0,1.0,0.0,1,1,0,1,1,0,0,6,0.0,0.0,267.1915969482422,249.7836379638672,0,9,2,2024-04-07,0.0,0.0,0.0,0.0,0
17,93.70000457763669,291.2000045776367,250.0,541.2000045776367,1.0,0,1,1.0,1.0,1.0,1,1,1,1,1,0,0,6,0.0,0.15131726088867173,469.48052466227216,212.17068477783207,1,9,2,2024-04-07,29.120000457763673,25.0,54.12000045776367,5.251609236881821e-17,0
18,49.976773977307424,307.7000045776367,307.70000084809726,615.400005425734,1.0,0,1,1.0,1.0,1.0,1,1,1,1,1,6,0,0,0.0,0.0,514.2720976304649,363.4306280246457,1,9,2,2024-04-07,30.770000457763672,30.770000084809727,61.5400005425734,2.711988625123651e-09,0
19,56.0650005340576,354.4000053405762,331.48333867390954,685.8833440144857,1.0,0,1,1.0,1.0,1.0,1,1,1,1,1,6,0,0,0.0,0.0,624.7894683455785,592.0489139190673,1,9,2,2024-04-07,35.44000053405762,33.14833386739095,68.58833440144858,2.780864465140536e-09,0
20,45.88000068664555,458.8000068664551,458.8000068664551,917.6000137329102,1.0,0,1,1.0,1.0,1.0,1,1,1,1,1,0,0,6,0.0,0.0,825.7466732517242,815.9076198211669,1,9,2,2024-04-07,45.88000068664551,45.88000068664551,91.76000137329102,4.157254542281278e-10,0
21,64.52000160217287,453.200008392334,453.200008392334,906.400016784668,1.0,0,1,1.0,1.0,1.0,1,1,1,1,1,0,6,0,0.0,0.0,932.7313224537533,888.9727580657958,1,9,2,2024-04-07,45.3200008392334,45.3200008392334,90.6400016784668,2.946037091169704e-09,0
22,53.081676239418,523.9000015258789,530.700008392334,1054.600009918213,1.0,0,1,1.0,1.0,1.0,1,1,1,1,1,0,0,6,0.0,0.0,959.054965692543,935.4787810165434,1,9,2,2024-04-07,52.390000152587895,53.0700008392334,105.46000099182129,2.311172888816379e-10,0
23,97.02000160217284,503.200008392334,503.200008392334,1006.400016784668,1.0,0,1,1.0,1.0,1.0,1,1,1,1,1,0,6,0,0.0,0.0,1074.6656242497127,950.0470378509522,1,9,2,2024-04-07,50.3200008392334,50.3200008392334,100.6400016784668,2.653306888683733e-09,0
24,63.840000915527256,629.8000091552734,638.4000091552734,1268.200018310547,1.0,0,1,1.0,1.0,1.0,1,1,1,1,1,5,1,0,0.0,0.0,968.1065642944335,1006.1129666777044,1,9,2,2024-04-07,62.98000091552734,63.84000091552735,126.8200018310547,0.33262447383668603,0
25,99.59000091552731,610.9000091552734,610.9000091552734,1221.8000183105469,1.0,0,1,1.0,1.0,1.0,1,1,1,1,1,5,1,0,0.0,0.0,942.8035247436522,946.8315056099959,1,9,2,2024-04-07,61.09000091552735,61.09000091552735,122.1800018310547,0.13461538214965152,0
26,69.94004374657202,699.4000091552734,699.3999615652239,1398.7999707204972,1.0,0,1,1.0,1.0,1.0,1,1,1,1,1,6,0,0,0.0,0.0,932.1788971645407,1016.511860550303,1,9,2,2024-04-07,69.94000091552735,69.93999615652238,139.87999707204972,0.12692307976498987,0
27,71.59000091552724,715.9000091552734,715.9000091552734,1431.8000183105469,1.0,0,1,1.0,1.0,1.0,1,1,1,1,1,0,6,0,0.0,0.0,919.2154510131834,1055.6518379455877,1,9,2,2024-04-07,71.59000091552734,71.59000091552734,143.18000183105468,0.15512820881719,0
28,81.37113339591518,715.9000091552734,705.0320841770645,1420.932093332338,1.0,0,1,1.0,1.0,1.0,1,1,1,1,1,6,0,0,0.0,0.0,922.6461196263839,1046.9354031816847,1,9,2,2024-04-07,71.59000091552734,70.50320841770645,142.0932093332338,0.3216723852256524,0
29,73.24009747053746,732.4000091552734,732.3999018719289,1464.7999110272024,1.0,0,1,1.0,1.0,1.0,1,1,1,1,1,0,1,5,0.0,0.0,857.6590656345999,1056.6472565410334,1,9,2,2024-04-07,73.24000091552735,73.2399901871929,146.47999110272025,0.012820512350151083,0
30,113.57000236511233,742.5266787211101,751.700008392334,1494.226687113444,1.0,0,1,1.0,1.0,1.0,1,1,1,1,1,5,1,0,0.0,0.0,989.9445369354248,1098.7212909332163,1,9,2,2024-04-07,74.25266787211102,75.1700008392334,149.42266871134441,0.007739534460808684,0
31,146.50534281302987,762.3266779581706,706.6607386848495,1468.9874166430202,1.0,0,1,1.0,1.0,1.0,1,1,1,1,1,6,0,0,0.0,0.0,983.4230902739673,1055.2057702968932,1,9,2,2024-04-07,76.23266779581706,70.66607386848496,146.89874166430204,1.5227210046103641e-09,0
32,94.75000076293951,0.0,837.5000076293945,837.5000076293945,1.0,0,1,1.0,1.0,1.0,1,1,1,1,1,0,0,6,0.0,0.0,946.1358878723145,1145.0611145900118,1,9,2,2024-04-07,0.0,83.75000076293946,83.75000076293946,9.109725375236765e-10,0
33,139.57000083923333,839.8966757456461,845.700008392334,1685.59668413798,1.0,0,1,1.0,1.0,1.0,1,1,1,1,1,0,6,0,0.0,0.0,992.8086711517333,1136.6319315201467,1,9,2,2024-04-07,83.98966757456462,84.5700008392334,168.55966841379802,3.847293650254804e-09,0
34,683.9000091552734,908.9000091552734,250.0,1158.9000091552734,0.16666666666666666,5,0,1.0,0.16666666666666666,1.0,0,0,1,1,0,0,6,0,0.0,0.0,1627.0433425537108,554.8542861572266,1,9,2,2024-04-07,90.89000091552735,25.0,115.89000091552735,1.3166613980460823e-08,0
35,90.60980482670658,840.200008392334,840.200008392334,1680.400016784668,1.0,0,1,1.0,1.0,1.0,1,1,1,1,1,6,0,0,0.0,0.0,976.291079240769,988.2638752514185,1,9,2,2024-04-07,84.0200008392334,84.0200008392334,168.0400016784668,1.535713403612018e-09,0
36,85.12000083923337,842.600008392334,851.200008392334,1693.800016784668,0.6666666666666666,2,0,0.0,0.8,1.0,0,0,1,0,0,1,5,0,0.09478286252169016,0.02974672624113513,762.7359676361084,825.8795947662353,1,9,2,2024-04-07,84.2600008392334,85.1200008392334,169.3800016784668,0.08291021987001648,1
37,164.12258185107456,721.6333368937175,722.0000076293945,1443.633344523112,0.8333333333333334,1,0,1.0,0.8333333333333334,1.0,0,0,1,1,0,0,6,0,0.0,0.12130729835781562,782.2915881987308,634.4161372895504,1,9,2,2024-04-07,72.16333368937175,72.20000076293945,144.36333445231122,0.3347003901837605,0
38,85.6400012969971,664.0333346048991,664.4000053405762,1328.4333399454754,0.0,6,0,0.0,1.0,1.0,0,0,1,0,1,6,0,0,0.014928079617399967,0.04492414318722153,654.1205921173096,634.5524043670654,1,9,2,2024-04-07,66.40333346048992,66.44000053405762,132.84333399454755,0.2460859073625738,0
39,108.47000120347913,617.3333338419596,617.7000045776367,1235.0333384195965,0.5,3,0,0.0,1.0,0.0,0,0,0,0,1,1,3,2,0.0,0.029212490771791264,638.6793517894166,599.6554488941771,1,9,2,2024-04-07,61.733333384195966,61.77000045776367,123.50333384195966,0.16540859007270634,0
40,123.42774354255766,659.0333346048991,659.4000053405762,1318.4333399454754,1.0,0,1,1.0,1.0,1.0,1,1,1,1,1,6,0,0,0.0,0.16229783507728796,668.2987762574014,552.3808120238485,1,9,2,2024-04-07,65.90333346048992,65.94000053405762,131.84333399454755,1.1666597667556806e-09,0
41,98.6100006103515,597.4733370463053,601.1000061035156,1198.573343149821,1.0,0,1,1.0,1.0,1.0,1,1,1,1,1,0,0,6,0.003950698917714164,0.1405532079477702,595.1128997802734,516.6134719482422,1,9,2,2024-04-07,59.747333704630535,60.11000061035156,119.85733431498211,4.742589945428364e-17,0
42,149.37474382543942,624.3400032043457,639.6000061035156,1263.9400093078614,1.0,0,1,1.0,1.0,1.0,1,1,1,1,1,6,0,0,0.02192235005175996,0.36050247969023225,610.6530031027831,409.02261789331055,1,9,2,2024-04-07,62.43400032043458,63.960000610351564,126.39400093078615,2.551429231390499e-09,0
43,80.96000061035157,523.600001525879,534.6000061035156,1058.2000076293946,1.0,0,1,1.0,1.0,1.0,1,1,1,1,1,6,0,0,0.09474625825166644,0.1985940536619581,473.9908605607351,428.4316238037109,1,9,2,2024-04-07,52.3600001525879,53.460000610351564,105.82000076293946,1.441957006024621e-09,0
44,48.055920611572176,468.6000015258789,479.6000061035156,948.2000076293946,1.0,0,1,1.0,1.0,1.0,1,1,1,1,1,0,0,6,0.1591402588689268,0.12398730973998759,394.02687597707103,420.1356915954591,1,9,2,2024-04-07,46.860000152587894,47.960000610351564,94.82000076293946,1.0170379369246187e-09,0
45,44.26271126280208,396.96667226155597,407.6000061035156,804.5666783650715,1.0,0,1,1.0,1.0,1.0,1,1,1,1,1,0,0,6,0.0,0.0,430.6786722851791,470.62891315126035,1,9,2,2024-04-07,39.6966672261556,40.76000061035157,80.45666783650717,8.594850300578026e-10,0
46,60.56000061035157,385.6000061035156,385.6000061035156,771.2000122070312,1.0,0,1,1.0,1.0,1.0,1,1,1,1,1,0,0,6,0.1534951882020174,0.14384956853954314,326.41226059595743,330.1316115966797,1,9,2,2024-04-07,38.560000610351565,38.560000610351565,77.12000122070313,9.89288681407059e-10,0
47,117.56321078068686,374.7000045776367,374.7000045776367,749.4000091552734,1.0,0,1,1.0,1.0,1.0,1,1,1,1,1,6,0,0,0.0,0.19768241859187088,419.5672844450342,300.6284014263444,1,9,2,2024-04-07,37.470000457763675,37.470000457763675,74.94000091552735,1.663991776675657e-09,0
0,-250.7600023905436,0.0,259.4000015258789,259.4000015258789,1.0,0,1,1.0,1.0,1.0,1,1,1,1,1,6,0,0,0.0,0.0,80.1972958516439,608.2516329081218,1,10,0,2024-04-07,0.0,25.940000152587892,25.940000152587892,2.8431308218904568e-08,0
1,-125.95999946594247,0.0,278.60000228881836,278.60000228881836,1.0,0,1,1.0,1.0,1.0,1,1,1,1,1,0,0,6,0.0,0.0,166.2627711883544,482.66256706650904,1,10,0,2024-04-07,0.0,27.860000228881837,27.860000228881837,1.3692383861379477e-09,0
2,0.0,0.0,0.0,0.0,1.0,0,1,1.0,1.0,0.0,1,1,0,1,1,0,0,6,0.0,0.0,280.24874111328126,354.0570661458953,0,10,0,2024-04-07,0.0,0.0,0.0,0.0,0
3,0.0,0.0,0.0,0.0,1.0,0,1,1.0,1.0,0.0,1,1,0,1,1,0,0,6,0.0,0.0,337.0517806640625,377.49163051757813,0,10,0,2024-04-07,0.0,0.0,0.0,0.0,0
4,0.0,0.0,0.0,0.0,1.0,0,1,1.0,1.0,0.0,1,1,0,1,1,0,0,6,0.0,0.0,325.66670986328126,349.99163051757813,0,10,0,2024-04-07,0.0,0.0,0.0,0.0,0
5,0.0,0.0,0.0,0.0,1.0,0,1,1.0,1.0,0.0,1,1,0,1,1,0,0,6,0.0,0.0,337.63082119140626,336.2267989746094,0,10,0,2024-04-07,0.0,0.0,0.0,0.0,0
6,0.0,0.0,0.0,0.0,1.0,0,1,1.0,1.0,0.0,1,1,0,1,1,0,0,6,0.0,0.0,322.49163051757813,293.94319912109376,0,10,0,2024-04-07,0.0,0.0,0.0,0.0,0
7,0.0,0.0,0.0,0.0,1.0,0,1,1.0,1.0,0.0,1,1,0,1,1,0,0,6,0.0,0.0,333.49163051757813,289.38994594726563,0,10,0,2024-04-07,0.0,0.0,0.0,0.0,0
8,0.0,0.0,0.0,0.0,1.0,0,1,1.0,1.0,0.0,1,1,0,1,1,0,0,6,0.0,0.0,314.2916183105469,278.76216884765626,0,10,0,2024-04-07,0.0,0.0,0.0,0.0,0
9,0.0,0.0,0.0,0.0,1.0,0,1,1.0,1.0,0.0,1,1,0,1,1,0,0,6,0.0,0.0,286.79158779296876,260.97132106933594,0,10,0,2024-04-07,0.0,0.0,0.0,0.0,0
10,0.0,0.0,0.0,0.0,1.0,0,1,1.0,1.0,0.0,1,1,0,1,1,0,0,6,0.0,0.0,286.79158779296876,245.77648159179688,0,10,0,2024-04-07,0.0,0.0,0.0,0.0,0
11,0.0,0.0,0.0,0.0,1.0,0,1,1.0,1.0,0.0,1,1,0,1,1,0,0,6,0.0,0.0,286.79158779296876,242.85301967773438,0,10,0,2024-04-07,0.0,0.0,0.0,0.0,0
12,0.0,0.0,0.0,0.0,1.0,0,1,1.0,1.0,0.0,1,1,0,1,1,0,0,6,0.0,0.0,305.4609298339844,275.4170150390625,0,10,0,2024-04-07,0.0,0.0,0.0,0.0,0
13,0.0,0.0,0.0,0.0,1.0,0,1,1.0,1.0,0.0,1,1,0,1,1,0,0,6,0.0,0.0,336.19158168945313,305.4691390625,0,10,0,2024-04-07,0.0,0.0,0.0,0.0,0
14,0.0,0.0,0.0,0.0,1.0,0,1,1.0,1.0,0.0,1,1,0,1,1,0,0,6,0.0,0.0,386.19158168945313,314.720359765625,0,10,0,2024-04-07,0.0,0.0,0.0,0.0,0
15,0.0,0.0,0.0,0.0,1.0,0,1,1.0,1.0,0.0,1,1,0,1,1,0,0,6,0.0,0.0,405.4915694824219,300.11690517578126,0,10,0,2024-04-07,0.0,0.0,0.0,0.0,0
16,0.0,0.0,0.0,0.0,1.0,0,1,1.0,1.0,0.0,1,1,0,1,1,0,0,6,0.0,0.0,386.29158779296876,289.07537075195313,0,10,0,2024-04-07,0.0,0.0,0.0,0.0,0
17,93.70000457763669,291.2000045776367,250.0,541.2000045776367,1.0,0,1,1.0,1.0,1.0,1,1,1,1,1,0,0,6,0.0,0.0,728.3408965698242,455.8436584106445,1,10,0,2024-04-07,29.120000457763673,25.0,54.12000045776367,5.251609236881821e-17,0
18,49.976773977307424,307.7000045776367,307.70000084809726,615.400005425734,1.0,0,1,1.0,1.0,1.0,1,1,1,1,1,6,0,0,0.0,0.0,818.4491559584577,611.1047308078488,1,10,0,2024-04-07,30.770000457763672,30.770000084809727,61.5400005425734,2.711988625123651e-09,0
19,56.0650005340576,354.4000053405762,331.48333867390954,685.8833440144857,1.0,0,1,1.0,1.0,1.0,1,1,1,1,1,5,1,0,0.0,0.0,1006.8315028778076,809.0502987980358,1,10,0,2024-04-07,35.44000053405762,33.14833386739095,68.58833440144858,0.014528449458001155,0
20,45.88000068664555,458.8000068664551,458.8000068664551,917.6000137329102,0.8333333333333334,1,0,1.0,0.8,1.0,0,0,1,1,0,0,5,1,0.0,0.0,986.308978616333,863.2893373234207,1,10,0,2024-04-07,45.88000068664551,45.88000068664551,91.76000137329102,0.21855227157998994,0
21,64.52000160217287,453.200008392334,453.200008392334,906.400016784668,1.0,0,1,1.0,1.0,1.0,1,1,1,1,1,2,4,0,0.0,0.0,981.1854297271728,883.7292888275146,1,10,0,2024-04-07,45.3200008392334,45.3200008392334,90.6400016784668,0.040460593023409826,0
22,53.081676239418,523.9000015258789,530.700008392334,1054.600009918213,1.0,0,1,1.0,1.0,1.0,1,1,1,1,1,0,6,0,0.0,0.0,962.4689671573867,923.5292498147057,1,10,0,2024-04-07,52.390000152587895,53.0700008392334,105.46000099182129,0.04933568640719674,0
23,97.02000160217284,503.200008392334,503.200008392334,1006.400016784668,1.0,0,1,1.0,1.0,1.0,1,1,1,1,1,3,3,0,0.0,0.0,999.2415210357665,933.4797121169261,1,10,0,2024-04-07,50.3200008392334,50.3200008392334,100.6400016784668,0.012889710796600581,0
24,63.840000915527256,629.8000091552734,638.4000091552734,1268.200018310547,1.0,0,1,1.0,1.0,1.0,1,1,1,1,1,2,4,0,0.0,0.0,1010.5454681030272,1085.6068069739795,1,10,0,2024-04-07,62.98000091552734,63.84000091552735,126.8200018310547,0.1069119129226714,0
25,99.59000091552731,610.9000091552734,610.9000091552734,1221.8000183105469,1.0,0,1,1.0,1.0,1.0,1,1,1,1,1,2,4,0,0.0,0.0,965.7591521850585,1013.2797297261725,1,10,0,2024-04-07,61.09000091552735,61.09000091552735,122.1800018310547,0.0702614380574642,0
26,69.94004374657202,699.4000091552734,699.3999615652239,1398.7999707204972,1.0,0,1,1.0,1.0,1.0,1,1,1,1,1,5,1,0,0.0,0.0,885.2585367124839,1029.393353128428,1,10,0,2024-04-07,69.94000091552735,69.93999615652238,139.87999707204972,0.008169936191956325,0
27,71.59000091552724,715.9000091552734,715.9000091552734,1431.8000183105469,1.0,0,1,1.0,1.0,1.0,1,1,1,1,1,0,6,0,0.0,0.0,934.3896429191182,1091.7641479125978,1,10,0,2024-04-07,71.59000091552734,71.59000091552734,143.18000183105468,0.06307189543876747,0
28,81.37113339591518,715.9000091552734,705.0320841770645,1420.932093332338,1.0,0,1,1.0,1.0,1.0,1,1,1,1,1,5,1,0,0.0,0.0,798.0654693334152,1039.9289382837724,1,10,0,2024-04-07,71.59000091552734,70.50320841770645,142.0932093332338,0.0016214900739548747,0
29,73.24009747053746,732.4000091552734,732.3999018719289,1464.7999110272024,1.0,0,1,1.0,1.0,1.0,1,1,1,1,1,0,0,6,0.0,0.0,775.6468967869437,1043.4604869044626,1,10,0,2024-04-07,73.24000091552735,73.2399901871929,146.47999110272025,2.8989558435076975e-10,0
30,113.57000236511233,742.5266787211101,751.700008392334,1494.226687113444,1.0,0,1,1.0,1.0,1.0,1,1,1,1,1,6,0,0,0.0,0.0,785.7622631072999,975.7005282989502,1,10,0,2024-04-07,74.25266787211102,75.1700008392334,149.42266871134441,1.7870702849482074e-09,0
31,146.50534281302987,762.3266779581706,706.6607386848495,1468.9874166430202,1.0,0,1,1.0,1.0,1.0,1,1,1,1,1,6,0,0,0.0,0.0,863.8153403716236,987.3016868744702,1,10,0,2024-04-07,76.23266779581706,70.66607386848496,146.89874166430204,1.5227210046103641e-09,0
32,94.75000076293951,0.0,837.5000076293945,837.5000076293945,1.0,0,1,1.0,1.0,1.0,1,1,1,1,1,0,0,6,0.0,0.0,838.1416023254395,1057.7118140808107,1,10,0,2024-04-07,0.0,83.75000076293946,83.75000076293946,9.109725375236765e-10,0
33,139.57000083923333,839.8966757456461,845.700008392334,1685.59668413798,1.0,0,1,1.0,1.0,1.0,1,1,1,1,1,0,6,0,0.013034733923490936,0.0,828.9488460540771,956.0232837310792,1,10,0,2024-04-07,83.98966757456462,84.5700008392334,168.55966841379802,3.847293650254804e-09,0
34,683.9000091552734,908.9000091552734,250.0,1158.9000091552734,0.5,3,0,1.0,0.5,1.0,0,0,1,1,0,0,6,0,0.0,0.0,1378.8697967529297,328.7654189697265,1,10,0,2024-04-07,90.89000091552735,25.0,115.89000091552735,0.18188309202814057,0
35,90.60980482670658,840.200008392334,840.200008392334,1680.400016784668,1.0,0,1,1.0,1.0,1.0,1,1,1,1,1,3,3,0,0.0,0.0,1102.1366602954565,846.1472981029808,1,10,0,2024-04-07,84.0200008392334,84.0200008392334,168.0400016784668,0.10947712491745473,0
36,85.12000083923337,842.600008392334,851.200008392334,1693.800016784668,1.0,0,1,1.0,1.0,1.0,1,1,1,1,1,0,6,0,0.0,0.03635059814537691,937.7918148040771,820.2583789459228,1,10,0,2024-04-07,84.2600008392334,85.1200008392334,169.3800016784668,0.013138266857490368,0
37,164.12258185107456,721.6333368937175,722.0000076293945,1443.633344523112,1.0,0,1,1.0,1.0,1.0,1,1,1,1,1,0,6,0,0.0,0.08850377645181112,918.1697620268558,658.1002803559567,1,10,0,2024-04-07,72.16333368937175,72.20000076293945,144.36333445231122,0.06537607116705059,0
38,85.6400012969971,664.0333346048991,664.4000053405762,1328.4333399454754,1.0,0,1,1.0,1.0,1.0,1,1,1,1,1,3,3,0,0.0,0.0,905.405365743637,786.5392818084716,1,10,0,2024-04-07,66.40333346048992,66.44000053405762,132.84333399454755,0.1657247847370067,0
39,108.47000120347913,617.3333338419596,617.7000045776367,1235.0333384195965,1.0,0,1,1.0,1.0,1.0,1,1,1,1,1,3,0,3,0.0,0.0,800.6411490924307,708.6080245777708,1,10,0,2024-04-07,61.733333384195966,61.77000045776367,123.50333384195966,0.16923078780439432,0
40,123.42774354255766,659.0333346048991,659.4000053405762,1318.4333399454754,1.0,0,1,1.0,1.0,1.0,1,1,1,1,1,6,0,0,0.0,0.0989566907936543,732.0723019231983,594.1479629027548,1,10,0,2024-04-07,65.90333346048992,65.94000053405762,131.84333399454755,1.1666597667556806e-09,0
41,98.6100006103515,597.4733370463053,601.1000061035156,1198.573343149821,1.0,0,1,1.0,1.0,1.0,1,1,1,1,1,2,0,4,0.0,0.00041553615312492744,706.619237513738,600.850227319336,1,10,0,2024-04-07,59.747333704630535,60.11000061035156,119.85733431498211,0.02020013027904591,0
42,149.37474382543942,624.3400032043457,639.6000061035156,1263.9400093078614,1.0,0,1,1.0,1.0,1.0,1,1,1,1,1,6,0,0,0.0,0.23908358344529396,761.2062486105956,486.6821446726552,1,10,0,2024-04-07,62.43400032043458,63.960000610351564,126.39400093078615,0.03906507489215501,0
43,80.96000061035157,523.600001525879,534.6000061035156,1058.2000076293946,1.0,0,1,1.0,1.0,1.0,1,1,1,1,1,6,0,0,0.0,0.0,705.6918349853515,547.5644705903796,1,10,0,2024-04-07,52.3600001525879,53.460000610351564,105.82000076293946,1.441957006024621e-09,0
44,48.055920611572176,468.6000015258789,479.6000061035156,948.2000076293946,1.0,0,1,1.0,1.0,1.0,1,1,1,1,1,0,0,6,0.0,0.0,688.5785264709472,578.0441160095215,1,10,0,2024-04-07,46.860000152587894,47.960000610351564,94.82000076293946,1.0170379369246187e-09,0
45,44.26271126280208,396.96667226155597,407.6000061035156,804.5666783650715,1.0,0,1,1.0,1.0,1.0,1,1,1,1,1,0,0,6,0.0,0.0,675.5966574542083,620.8373253582917,1,10,0,2024-04-07,39.6966672261556,40.76000061035157,80.45666783650717,8.594850300578026e-10,0
46,60.56000061035157,385.6000061035156,385.6000061035156,771.2000122070312,1.0,0,1,1.0,1.0,1.0,1,1,1,1,1,0,0,6,0.0,0.0,657.5017348876953,567.913327806566,1,10,0,2024-04-07,38.560000610351565,38.560000610351565,77.12000122070313,9.89288681407059e-10,0
47,117.56321078068686,374.7000045776367,374.7000045776367,749.4000091552734,1.0,0,1,1.0,1.0,1.0,1,1,1,1,1,6,0,0,0.0,0.0,648.3494274799056,443.50591290924115,1,10,0,2024-04-07,37.470000457763675,37.470000457763675,74.94000091552735,1.663991776675657e-09,0
0,-250.7600023905436,0.0,259.4000015258789,259.4000015258789,0.0,6,0,0.0,1.0,1.0,1,0,1,0,1,6,0,0,0.0,0.0,0.0,468.2516023905436,1,10,1,2024-04-07,0.0,25.940000152587892,25.940000152587892,2.8431308218904568e-08,1
1,-125.95999946594247,0.0,278.60000228881836,278.60000228881836,0.0,6,0,1.0,1.0,0.0,1,0,0,1,1,0,0,6,0.0,0.0,20.02182731628409,362.65159641418467,1,10,1,2024-04-07,0.0,27.860000228881837,27.860000228881837,1.3692383861379477e-09,0
2,0.0,0.0,0.0,0.0,1.0,0,1,1.0,1.0,0.0,1,1,0,1,1,0,0,6,0.0,0.0,143.45538330078125,236.6915969482422,0,10,1,2024-04-07,0.0,0.0,0.0,0.0,0
3,0.0,0.0,0.0,0.0,1.0,0,1,1.0,1.0,0.0,1,1,0,1,1,0,0,6,0.0,0.0,222.0934279111328,264.1915969482422,0,10,1,2024-04-07,0.0,0.0,0.0,0.0,0
4,0.0,0.0,0.0,0.0,1.0,0,1,1.0,1.0,0.0,1,1,0,1,1,0,0,6,0.0,0.0,233.5045852294922,264.1915969482422,0,10,1,2024-04-07,0.0,0.0,0.0,0.0,0
5,0.0,0.0,0.0,0.0,1.0,0,1,1.0,1.0,0.0,1,1,0,1,1,0,0,6,0.0,0.0,218.46434780273438,244.99158474121094,0,10,1,2024-04-07,0.0,0.0,0.0,0.0,0
6,0.0,0.0,0.0,0.0,1.0,0,1,1.0,1.0,0.0,1,1,0,1,1,0,0,6,0.0,0.0,217.49158474121094,244.99158474121094,0,10,1,2024-04-07,0.0,0.0,0.0,0.0,0
7,0.0,0.0,0.0,0.0,1.0,0,1,1.0,1.0,0.0,1,1,0,1,1,0,0,6,0.0,0.0,217.49158474121094,244.99158474121094,0,10,1,2024-04-07,0.0,0.0,0.0,0.0,0
8,0.0,0.0,0.0,0.0,1.0,0,1,1.0,1.0,0.0,1,1,0,1,1,0,0,6,0.0,0.0,221.18192287597657,244.99158474121094,0,10,1,2024-04-07,0.0,0.0,0.0,0.0,0
9,0.0,0.0,0.0,0.0,1.0,0,1,1.0,1.0,0.0,1,1,0,1,1,0,0,6,0.0,0.0,222.677879296875,244.99158474121094,0,10,1,2024-04-07,0.0,0.0,0.0,0.0,0
10,0.0,0.0,0.0,0.0,1.0,0,1,1.0,1.0,0.0,1,1,0,1,1,0,0,6,0.0,0.0,228.38684841308594,234.90699001464844,0,10,1,2024-04-07,0.0,0.0,0.0,0.0,0
11,0.0,0.0,0.0,0.0,1.0,0,1,1.0,1.0,0.0,1,1,0,1,1,0,0,6,0.0,0.0,214.97757717285157,224.97551723632813,0,10,1,2024-04-07,0.0,0.0,0.0,0.0,0
12,0.0,0.0,0.0,0.0,1.0,0,1,1.0,1.0,0.0,1,1,0,1,1,0,0,6,0.0,0.0,189.65116115722657,221.9453811279297,0,10,1,2024-04-07,0.0,0.0,0.0,0.0,0
13,0.0,0.0,0.0,0.0,1.0,0,1,1.0,1.0,0.0,1,1,0,1,1,0,0,6,0.0,0.0,215.3111037841797,262.8624953857422,0,10,1,2024-04-07,0.0,0.0,0.0,0.0,0
14,0.0,0.0,0.0,0.0,1.0,0,1,1.0,1.0,0.0,1,1,0,1,1,0,0,6,0.0,0.0,286.2266769042969,304.2105636230469,0,10,1,2024-04-07,0.0,0.0,0.0,0.0,0
15,0.0,0.0,0.0,0.0,1.0,0,1,1.0,1.0,0.0,1,1,0,1,1,0,0,6,0.0,0.0,346.115379296875,343.02584072265626,0,10,1,2024-04-07,0.0,0.0,0.0,0.0,0
16,0.0,0.0,0.0,0.0,1.0,0,1,1.0,1.0,0.0,1,1,0,1,1,0,0,6,0.0,0.0,396.841941796875,377.891746484375,0,10,1,2024-04-07,0.0,0.0,0.0,0.0,0
17,93.70000457763669,291.2000045776367,250.0,541.2000045776367,1.0,0,1,1.0,1.0,1.0,1,1,1,1,1,0,0,6,0.0,0.0,570.0479888549804,410.7916564575196,1,10,1,2024-04-07,29.120000457763673,25.0,54.12000045776367,5.251609236881821e-17,0
18,49.976773977307424,307.7000045776367,307.70000084809726,615.400005425734,1.0,0,1,1.0,1.0,1.0,1,1,1,1,1,6,0,0,0.0,0.0,607.2880761257449,517.6191582055752,1,10,1,2024-04-07,30.770000457763672,30.770000084809727,61.5400005425734,2.711988625123651e-09,0
19,56.0650005340576,354.4000053405762,331.48333867390954,685.8833440144857,1.0,0,1,1.0,1.0,1.0,1,1,1,1,1,5,1,0,0.0,0.0,681.5874663431804,636.3843485302278,1,10,1,2024-04-07,35.44000053405762,33.14833386739095,68.58833440144858,0.014528449458001155,0
20,45.88000068664555,458.8000068664551,458.8000068664551,917.6000137329102,1.0,0,1,1.0,1.0,1.0,1,1,1,1,1,0,5,1,0.0,0.0,635.9949021052679,612.5918849578857,1,10,1,2024-04-07,45.88000068664551,45.88000068664551,91.76000137329102,0.21855227157998994,0
21,64.52000160217287,453.200008392334,453.200008392334,906.400016784668,1.0,0,1,1.0,1.0,1.0,1,1,1,1,1,2,4,0,0.0,0.0,737.7303516021728,633.724772225952,1,10,1,2024-04-07,45.3200008392334,45.3200008392334,90.6400016784668,0.040460593023409826,0
22,53.081676239418,523.9000015258789,530.700008392334,1054.600009918213,1.0,0,1,1.0,1.0,1.0,1,1,1,1,1,0,6,0,0.0,0.0,685.688754755043,630.1796381160507,1,10,1,2024-04-07,52.390000152587895,53.0700008392334,105.46000099182129,0.04933568640719674,0
23,97.02000160217284,503.200008392334,503.200008392334,1006.400016784668,1.0,0,1,1.0,1.0,1.0,1,1,1,1,1,3,3,0,0.0,0.0,754.7739307037352,618.5205767528953,1,10,1,2024-04-07,50.3200008392334,50.3200008392334,100.6400016784668,0.012889710796600581,0
24,63.840000915527256,629.8000091552734,638.4000091552734,1268.200018310547,1.0,0,1,1.0,1.0,1.0,1,1,1,1,1,2,4,0,0.0,0.0,740.4089934936522,678.7507696367048,1,10,1,2024-04-07,62.98000091552734,63.84000091552735,126.8200018310547,0.1069119129226714,0
25,99.59000091552731,610.9000091552734,610.9000091552734,1221.8000183105469,1.0,0,1,1.0,1.0,1.0,1,1,1,1,1,2,4,0,0.0,0.0,744.7876556030272,643.2099258422852,1,10,1,2024-04-07,61.09000091552735,61.09000091552735,122.1800018310547,0.0702614380574642,0
26,69.94004374657202,699.4000091552734,699.3999615652239,1398.7999707204972,1.0,0,1,1.0,1.0,1.0,1,1,1,1,1,5,1,0,0.0,0.0,802.3505890590719,783.259907425303,1,10,1,2024-04-07,69.94000091552735,69.93999615652238,139.87999707204972,0.008169936191956325,0
27,71.59000091552724,715.9000091552734,715.9000091552734,1431.8000183105469,1.0,0,1,1.0,1.0,1.0,1,1,1,1,1,0,6,0,0.0,0.0,881.1105926147459,860.8670303344727,1,10,1,2024-04-07,71.59000091552734,71.59000091552734,143.18000183105468,0.06307189543876747,0
28,81.37113339591518,715.9000091552734,705.0320841770645,1420.932093332338,1.0,0,1,1.0,1.0,1.0,1,1,1,1,1,5,1,0,0.0,0.0,885.0915541966964,891.4046429397122,1,10,1,2024-04-07,71.59000091552734,70.50320841770645,142.0932093332338,0.0016214900739548747,0
29,73.24009747053746,732.4000091552734,732.3999018719289,1464.7999110272024,1.0,0,1,1.0,1.0,1.0,1,1,1,1,1,0,0,6,0.0,0.0,809.0139240330374,875.395312771376,1,10,1,2024-04-07,73.24000091552735,73.2399901871929,146.47999110272025,2.8989558435076975e-10,0
30,113.57000236511233,742.5266787211101,751.700008392334,1494.226687113444,1.0,0,1,1.0,1.0,1.0,1,1,1,1,1,6,0,0,0.0,0.0,838.5268733612061,855.053260440069,1,10,1,2024-04-07,74.25266787211102,75.1700008392334,149.42266871134441,1.7870702849482074e-09,0
31,146.50534281302987,762.3266779581706,706.6607386848495,1468.9874166430202,1.0,0,1,1.0,1.0,1.0,1,1,1,1,1,6,0,0,0.0,0.0,885.4079535552173,894.3359203143192,1,10,1,2024-04-07,76.23266779581706,70.66607386848496,146.89874166430204,1.5227210046103641e-09,0
32,94.75000076293951,0.0,837.5000076293945,837.5000076293945,1.0,0,1,1.0,1.0,1.0,1,1,1,1,1,0,0,6,0.0,0.0,854.12495234375,1028.0345679870607,1,10,1,2024-04-07,0.0,83.75000076293946,83.75000076293946,9.109725375236765e-10,0
33,139.57000083923333,839.8966757456461,845.700008392334,1685.59668413798,1.0,0,1,1.0,1.0,1.0,1,1,1,1,1,0,6,0,0.09587632489411807,0.0016819098392408265,759.3704691843668,844.2776172271729,1,10,1,2024-04-07,83.98966757456462,84.5700008392334,168.55966841379802,3.847293650254804e-09,0
34,683.9000091552734,908.9000091552734,250.0,1158.9000091552734,0.8333333333333334,1,0,1.0,0.8333333333333334,1.0,0,0,1,1,0,0,6,0,0.0,0.0,1361.2904063372293,310.9077529541015,1,10,1,2024-04-07,90.89000091552735,25.0,115.89000091552735,0.18188309202814057,0
35,90.60980482670658,840.200008392334,840.200008392334,1680.400016784668,1.0,0,1,1.0,1.0,1.0,1,1,1,1,1,3,3,0,0.0,0.0,1151.655934129685,915.6093342357933,1,10,1,2024-04-07,84.0200008392334,84.0200008392334,168.0400016784668,0.10947712491745473,0
36,85.12000083923337,842.600008392334,851.200008392334,1693.800016784668,1.0,0,1,1.0,1.0,1.0,1,1,1,1,1,0,6,0,0.0,0.0,1232.9260300668082,1052.9190845123292,1,10,1,2024-04-07,84.2600008392334,85.1200008392334,169.3800016784668,0.013138266857490368,0
37,164.12258185107456,721.6333368937175,722.0000076293945,1443.633344523112,1.0,0,1,1.0,1.0,1.0,1,1,1,1,1,0,6,0,0.0,0.0,1274.6839925451968,986.1016841645505,1,10,1,2024-04-07,72.16333368937175,72.20000076293945,144.36333445231122,0.06537607116705059,0
38,85.6400012969971,664.0333346048991,664.4000053405762,1328.4333399454754,0.8333333333333334,1,0,1.0,0.6666666666666666,1.0,0,0,1,1,0,3,3,0,0.0,0.0,1185.7939718659718,1055.8639278045655,1,10,1,2024-04-07,66.40333346048992,66.44000053405762,132.84333399454755,0.1657247847370067,0
39,108.47000120347913,617.3333338419596,617.7000045776367,1235.0333384195965,1.0,0,1,1.0,1.0,1.0,1,1,1,1,1,3,0,3,0.0,0.0,1175.6355279957968,1048.509635905896,1,10,1,2024-04-07,61.733333384195966,61.77000045776367,123.50333384195966,0.16923078780439432,0
40,123.42774354255766,659.0333346048991,659.4000053405762,1318.4333399454754,1.0,0,1,1.0,1.0,1.0,1,1,1,1,1,6,0,0,0.0,0.0,1113.066545561682,1026.15016016838,1,10,1,2024-04-07,65.90333346048992,65.94000053405762,131.84333399454755,1.1666597667556806e-09,0
41,98.6100006103515,597.4733370463053,601.1000061035156,1198.573343149821,1.0,0,1,1.0,1.0,1.0,1,1,1,1,1,2,0,4,0.0,0.0,933.2986602783203,896.2328567138672,1,10,1,2024-04-07,59.747333704630535,60.11000061035156,119.85733431498211,0.02020013027904591,0
42,149.37474382543942,624.3400032043457,639.6000061035156,1263.9400093078614,1.0,0,1,1.0,1.0,1.0,1,1,1,1,1,6,0,0,0.0,0.0,942.7532228293456,800.4446759987793,1,10,1,2024-04-07,62.43400032043458,63.960000610351564,126.39400093078615,0.03906507489215501,0
43,80.96000061035157,523.600001525879,534.6000061035156,1058.2000076293946,1.0,0,1,1.0,1.0,1.0,1,1,1,1,1,6,0,0,0.0,0.0,858.0992828369141,848.0427688232421,1,10,1,2024-04-07,52.3600001525879,53.460000610351564,105.82000076293946,1.441957006024621e-09,0
44,48.055920611572176,468.6000015258789,479.6000061035156,948.2000076293946,1.0,0,1,1.0,1.0,1.0,1,1,1,1,1,0,0,6,0.0,0.0,709.7522096740722,833.4356793884277,1,10,1,2024-04-07,46.860000152587894,47.960000610351564,94.82000076293946,1.0170379369246187e-09,0
45,44.26271126280208,396.96667226155597,407.6000061035156,804.5666783650715,1.0,0,1,1.0,1.0,1.0,1,1,1,1,1,0,0,6,0.0,0.0,564.9986121417083,779.5289375653228,1,10,1,2024-04-07,39.6966672261556,40.76000061035157,80.45666783650717,8.594850300578026e-10,0
46,60.56000061035157,385.6000061035156,385.6000061035156,771.2000122070312,1.0,0,1,1.0,1.0,1.0,1,1,1,1,1,0,0,6,0.0,0.0,504.0424835205078,705.5316360107421,1,10,1,2024-04-07,38.560000610351565,38.560000610351565,77.12000122070313,9.89288681407059e-10,0
47,117.56321078068686,374.7000045776367,374.7000045776367,749.4000091552734,1.0,0,1,1.0,1.0,1.0,1,1,1,1,1,6,0,0,0.0,0.0,515.7823269916244,599.1284014263443,1,10,1,2024-04-07,37.470000457763675,37.470000457763675,74.94000091552735,1.663991776675657e-09,0
0,-250.7600023905436,0.0,259.4000015258789,259.4000015258789,0.0,6,0,0.0,1.0,1.0,1,0,1,0,1,6,0,0,0.0,0.0,0.0,494.151596287028,1,10,2,2024-04-07,0.0,25.940000152587892,25.940000152587892,2.8431308218904568e-08,1
1,-125.95999946594247,0.0,278.60000228881836,278.60000228881836,0.0,6,0,1.0,1.0,0.0,1,0,0,1,1,0,0,6,0.0,0.0,0.0,380.35159336242685,1,10,2,2024-04-07,0.0,27.860000228881837,27.860000228881837,1.3692383861379477e-09,1
2,0.0,0.0,0.0,0.0,1.0,0,1,1.0,1.0,0.0,1,1,0,1,1,0,0,6,0.0,0.0,106.567138671875,254.39159389648438,0,10,2,2024-04-07,0.0,0.0,0.0,0.0,0
3,0.0,0.0,0.0,0.0,1.0,0,1,1.0,1.0,0.0,1,1,0,1,1,0,0,6,0.0,0.0,158.2016830078125,199.39159389648438,0,10,2,2024-04-07,0.0,0.0,0.0,0.0,0
4,0.0,0.0,0.0,0.0,1.0,0,1,1.0,1.0,0.0,1,1,0,1,1,0,0,6,0.0,0.0,180.74610134277344,199.39159389648438,0,10,2,2024-04-07,0.0,0.0,0.0,0.0,0
5,0.0,0.0,0.0,0.0,1.0,0,1,1.0,1.0,0.0,1,1,0,1,1,0,0,6,0.0,0.0,226.89159389648438,213.52909084472657,0,10,2,2024-04-07,0.0,0.0,0.0,0.0,0
6,0.0,0.0,0.0,0.0,1.0,0,1,1.0,1.0,0.0,1,1,0,1,1,0,0,6,0.0,0.0,226.89159389648438,210.70383449707032,0,10,2,2024-04-07,0.0,0.0,0.0,0.0,0
7,0.0,0.0,0.0,0.0,1.0,0,1,1.0,1.0,0.0,1,1,0,1,1,0,0,6,0.0,0.0,254.39159389648438,181.69670864257813,0,10,2,2024-04-07,0.0,0.0,0.0,0.0,0
8,0.0,0.0,0.0,0.0,1.0,0,1,1.0,1.0,0.0,1,1,0,1,1,0,0,6,0.0,0.0,176.89159389648438,126.89160152587891,0,10,2,2024-04-07,0.0,0.0,0.0,0.0,0
9,0.0,0.0,0.0,0.0,1.0,0,1,1.0,1.0,0.0,1,1,0,1,1,0,0,6,0.0,0.0,126.89160152587891,126.89160152587891,0,10,2,2024-04-07,0.0,0.0,0.0,0.0,0
10,0.0,0.0,0.0,0.0,1.0,0,1,1.0,1.0,0.0,1,1,0,1,1,0,0,6,0.0,0.0,115.89160152587891,115.89160152587891,0,10,2,2024-04-07,0.0,0.0,0.0,0.0,0
11,0.0,0.0,0.0,0.0,1.0,0,1,1.0,1.0,0.0,1,1,0,1,1,0,0,6,0.0,0.0,115.89160152587891,115.89160152587891,0,10,2,2024-04-07,0.0,0.0,0.0,0.0,0
12,0.0,0.0,0.0,0.0,1.0,0,1,1.0,1.0,0.0,1,1,0,1,1,0,0,6,0.0,0.0,126.89160152587891,126.89160152587891,0,10,2,2024-04-07,0.0,0.0,0.0,0.0,0
13,0.0,0.0,0.0,0.0,1.0,0,1,1.0,1.0,0.0,1,1,0,1,1,0,0,6,0.0,0.0,184.59160610351563,184.59160610351563,0,10,2,2024-04-07,0.0,0.0,0.0,0.0,0
14,0.0,0.0,0.0,0.0,1.0,0,1,1.0,1.0,0.0,1,1,0,1,1,0,0,6,0.0,0.0,253.79160305175782,253.79160305175782,0,10,2,2024-04-07,0.0,0.0,0.0,0.0,0
15,0.0,0.0,0.0,0.0,1.0,0,1,1.0,1.0,0.0,1,1,0,1,1,0,0,6,0.0,0.0,303.2916183105469,303.2916183105469,0,10,2,2024-04-07,0.0,0.0,0.0,0.0,0
16,0.0,0.0,0.0,0.0,1.0,0,1,1.0,1.0,0.0,1,1,0,1,1,0,0,6,0.0,0.0,407.3915938964844,410.9916,0,10,2,2024-04-07,0.0,0.0,0.0,0.0,0
17,93.70000457763669,291.2000045776367,250.0,541.2000045776367,1.0,0,1,1.0,1.0,1.0,1,1,1,1,1,0,0,6,0.0,0.0,634.3468411397298,435.8204650512695,1,10,2,2024-04-07,29.120000457763673,25.0,54.12000045776367,5.251609236881821e-17,0
18,49.976773977307424,307.7000045776367,307.70000084809726,615.400005425734,1.0,0,1,1.0,1.0,1.0,1,1,1,1,1,6,0,0,0.0,0.0,700.68813868678,610.8254339328488,1,10,2,2024-04-07,30.770000457763672,30.770000084809727,61.5400005425734,2.711988625123651e-09,0
19,56.0650005340576,354.4000053405762,331.48333867390954,685.8833440144857,1.0,0,1,1.0,1.0,1.0,1,1,1,1,1,5,1,0,0.0,0.0,673.8281535736083,594.5266360870361,1,10,2,2024-04-07,35.44000053405762,33.14833386739095,68.58833440144858,0.014528449458001155,0
20,45.88000068664555,458.8000068664551,458.8000068664551,917.6000137329102,1.0,0,1,1.0,1.0,1.0,1,1,1,1,1,0,5,1,0.0,0.0,700.3774600616455,665.7116359344482,1,10,2,2024-04-07,45.88000068664551,45.88000068664551,91.76000137329102,0.21855227157998994,0
21,64.52000160217287,453.200008392334,453.200008392334,906.400016784668,1.0,0,1,1.0,1.0,1.0,1,1,1,1,1,2,4,0,0.0,0.0,797.6431705474854,700.2909953704833,1,10,2,2024-04-07,45.3200008392334,45.3200008392334,90.6400016784668,0.040460593023409826,0
22,53.081676239418,523.9000015258789,530.700008392334,1054.600009918213,1.0,0,1,1.0,1.0,1.0,1,1,1,1,1,0,6,0,0.0,0.0,865.8886650903047,767.4087030574569,1,10,2,2024-04-07,52.390000152587895,53.0700008392334,105.46000099182129,0.04933568640719674,0
23,97.02000160217284,503.200008392334,503.200008392334,1006.400016784668,1.0,0,1,1.0,1.0,1.0,1,1,1,1,1,3,3,0,0.0,0.0,883.0342456451415,724.9358692315388,1,10,2,2024-04-07,50.3200008392334,50.3200008392334,100.6400016784668,0.012889710796600581,0
24,63.840000915527256,629.8000091552734,638.4000091552734,1268.200018310547,1.0,0,1,1.0,1.0,1.0,1,1,1,1,1,2,4,0,0.0,0.0,827.9083221069335,730.9455201613077,1,10,2,2024-04-07,62.98000091552734,63.84000091552735,126.8200018310547,0.1069119129226714,0
25,99.59000091552731,610.9000091552734,610.9000091552734,1221.8000183105469,1.0,0,1,1.0,1.0,1.0,1,1,1,1,1,2,4,0,0.0,0.0,992.2546966186522,835.4012543815951,1,10,2,2024-04-07,61.09000091552735,61.09000091552735,122.1800018310547,0.0702614380574642,0
26,69.94004374657202,699.4000091552734,699.3999615652239,1398.7999707204972,1.0,0,1,1.0,1.0,1.0,1,1,1,1,1,5,1,0,0.0,0.0,1032.3575470668845,913.3039789240302,1,10,2,2024-04-07,69.94000091552735,69.93999615652238,139.87999707204972,0.008169936191956325,0
27,71.59000091552724,715.9000091552734,715.9000091552734,1431.8000183105469,1.0,0,1,1.0,1.0,1.0,1,1,1,1,1,0,6,0,0.0,0.0,982.4191863647459,969.846250517912,1,10,2,2024-04-07,71.59000091552734,71.59000091552734,143.18000183105468,0.06307189543876747,0
28,81.37113339591518,715.9000091552734,705.0320841770645,1420.932093332338,1.0,0,1,1.0,1.0,1.0,1,1,1,1,1,5,1,0,0.0,0.0,931.283326552106,915.7167800806473,1,10,2,2024-04-07,71.59000091552734,70.50320841770645,142.0932093332338,0.0016214900739548747,0
29,73.24009747053746,732.4000091552734,732.3999018719289,1464.7999110272024,1.0,0,1,1.0,1.0,1.0,1,1,1,1,1,0,0,6,0.0,0.0,938.3526410824575,939.0193247950875,1,10,2,2024-04-07,73.24000091552735,73.2399901871929,146.47999110272025,2.8989558435076975e-10,0
30,113.57000236511233,742.5266787211101,751.700008392334,1494.226687113444,1.0,0,1,1.0,1.0,1.0,1,1,1,1,1,6,0,0,0.0,0.0,1014.2102001190186,963.0436679473877,1,10,2,2024-04-07,74.25266787211102,75.1700008392334,149.42266871134441,1.7870702849482074e-09,0
31,146.50534281302987,762.3266779581706,706.6607386848495,1468.9874166430202,1.0,0,1,1.0,1.0,1.0,1,1,1,1,1,6,0,0,0.0,0.0,970.6211265044361,936.7565208588452,1,10,2,2024-04-07,76.23266779581706,70.66607386848496,146.89874166430204,1.5227210046103641e-09,0
32,94.75000076293951,0.0,837.5000076293945,837.5000076293945,1.0,0,1,1.0,1.0,1.0,1,1,1,1,1,0,0,6,0.0,0.0,806.8934166558585,915.8276588073729,1,10,2,2024-04-07,0.0,83.75000076293946,83.75000076293946,9.109725375236765e-10,0
33,139.57000083923333,839.8966757456461,845.700008392334,1685.59668413798,1.0,0,1,1.0,1.0,1.0,1,1,1,1,1,0,6,0,0.1414185038280106,0.06585716077376384,721.1197444915771,790.0046069732666,1,10,2,2024-04-07,83.98966757456462,84.5700008392334,168.55966841379802,3.847293650254804e-09,0
34,683.9000091552734,908.9000091552734,250.0,1158.9000091552734,0.5,3,0,1.0,0.5,1.0,0,0,1,1,0,0,6,0,0.0,0.05483358779296896,1287.790023803711,236.29160305175776,1,10,2,2024-04-07,90.89000091552735,25.0,115.89000091552735,0.18188309202814057,0
35,90.60980482670658,840.200008392334,840.200008392334,1680.400016784668,0.8333333333333334,1,0,1.0,0.6666666666666666,1.0,0,0,1,1,0,3,3,0,0.0,0.04858154345552027,971.1021928635719,799.3817951732933,1,10,2,2024-04-07,84.0200008392334,84.0200008392334,168.0400016784668,0.10947712491745473,0
36,85.12000083923337,842.600008392334,851.200008392334,1693.800016784668,1.0,0,1,1.0,1.0,1.0,1,1,1,1,1,0,6,0,0.0,0.07376123347374416,893.2744197845459,788.414445840454,1,10,2,2024-04-07,84.2600008392334,85.1200008392334,169.3800016784668,0.013138266857490368,0
37,164.12258185107456,721.6333368937175,722.0000076293945,1443.633344523112,1.0,0,1,1.0,1.0,1.0,1,1,1,1,1,0,6,0,0.0,0.0,945.152977358887,723.1690669770504,1,10,2,2024-04-07,72.16333368937175,72.20000076293945,144.36333445231122,0.06537607116705059,0
38,85.6400012969971,664.0333346048991,664.4000053405762,1328.4333399454754,1.0,0,1,1.0,1.0,1.0,1,1,1,1,1,3,3,0,0.0,0.0,901.3848743438721,867.5655879608154,1,10,2,2024-04-07,66.40333346048992,66.44000053405762,132.84333399454755,0.1657247847370067,0
39,108.47000120347913,617.3333338419596,617.7000045776367,1235.0333384195965,1.0,0,1,1.0,1.0,1.0,1,1,1,1,1,3,0,3,0.0,0.0,923.7214660472291,845.8019943043333,1,10,2,2024-04-07,61.733333384195966,61.77000045776367,123.50333384195966,0.16923078780439432,0
40,123.42774354255766,659.0333346048991,659.4000053405762,1318.4333399454754,1.0,0,1,1.0,1.0,1.0,1,1,1,1,1,6,0,0,0.0,0.0,932.1196991089639,832.6985000121298,1,10,2,2024-04-07,65.90333346048992,65.94000053405762,131.84333399454755,1.1666597667556806e-09,0
41,98.6100006103515,597.4733370463053,601.1000061035156,1198.573343149821,1.0,0,1,1.0,1.0,1.0,1,1,1,1,1,2,0,4,0.0,0.0,935.2188873291016,870.7627029052735,1,10,2,2024-04-07,59.747333704630535,60.11000061035156,119.85733431498211,0.02020013027904591,0
42,149.37474382543942,624.3400032043457,639.6000061035156,1263.9400093078614,1.0,0,1,1.0,1.0,1.0,1,1,1,1,1,6,0,0,0.0,0.0,957.4371217551269,813.0228009987793,1,10,2,2024-04-07,62.43400032043458,63.960000610351564,126.39400093078615,0.03906507489215501,0
43,80.96000061035157,523.600001525879,534.6000061035156,1058.2000076293946,1.0,0,1,1.0,1.0,1.0,1,1,1,1,1,6,0,0,0.0,0.0,882.9662872314453,870.9243606201171,1,10,2,2024-04-07,52.3600001525879,53.460000610351564,105.82000076293946,1.441957006024621e-09,0
44,48.055920611572176,468.6000015258789,479.6000061035156,948.2000076293946,1.0,0,1,1.0,1.0,1.0,1,1,1,1,1,0,0,6,0.0,0.0,790.8582685799917,850.8357038024902,1,10,2,2024-04-07,46.860000152587894,47.960000610351564,94.82000076293946,1.0170379369246187e-09,0
45,44.26271126280208,396.96667226155597,407.6000061035156,804.5666783650715,1.0,0,1,1.0,1.0,1.0,1,1,1,1,1,0,0,6,0.0,0.0,734.0818417487093,775.3936226239166,1,10,2,2024-04-07,39.6966672261556,40.76000061035157,80.45666783650717,8.594850300578026e-10,0
46,60.56000061035157,385.6000061035156,385.6000061035156,771.2000122070312,1.0,0,1,1.0,1.0,1.0,1,1,1,1,1,0,0,6,0.0,0.0,695.8319765314013,690.0498244873046,1,10,2,2024-04-07,38.560000610351565,38.560000610351565,77.12000122070313,9.89288681407059e-10,0
47,117.56321078068686,374.7000045776367,374.7000045776367,749.4000091552734,1.0,0,1,1.0,1.0,1.0,1,1,1,1,1,6,0,0,0.0,0.0,748.554236784157,588.4733110943131,1,10,2,2024-04-07,37.470000457763675,37.470000457763675,74.94000091552735,1.663991776675657e-09,0
0,-250.7600023905436,0.0,259.4000015258789,259.4000015258789,0.3333333333333333,4,0,0.3333333333333333,1.0,1.0,1,0,1,0,1,6,0,0,0.0,0.0,5.518682855224597,617.7516023905437,1,11,0,2024-04-07,0.0,25.940000152587892,25.940000152587892,2.8431308218904568e-08,0
1,-125.95999946594247,0.0,278.60000228881836,278.60000228881836,1.0,0,1,1.0,1.0,1.0,1,1,1,1,1,0,0,6,0.0,0.0,93.01428248405449,512.1516116729738,1,11,0,2024-04-07,0.0,27.860000228881837,27.860000228881837,1.3692383861379477e-09,0
2,0.0,0.0,0.0,0.0,1.0,0,1,1.0,1.0,0.0,1,1,0,1,1,0,0,6,0.0,0.0,211.55279604593912,386.19161220703126,0,11,0,2024-04-07,0.0,0.0,0.0,0.0,0
3,0.0,0.0,0.0,0.0,1.0,0,1,1.0,1.0,0.0,1,1,0,1,1,0,0,6,0.0,0.0,303.3752364746094,405.3916244140625,0,11,0,2024-04-07,0.0,0.0,0.0,0.0,0
4,0.0,0.0,0.0,0.0,1.0,0,1,1.0,1.0,0.0,1,1,0,1,1,0,0,6,0.0,0.0,261.21277614746094,347.19161220703126,0,11,0,2024-04-07,0.0,0.0,0.0,0.0,0
5,0.0,0.0,0.0,0.0,1.0,0,1,1.0,1.0,0.0,1,1,0,1,1,0,0,6,0.0,0.0,264.2113265625,347.19161220703126,0,11,0,2024-04-07,0.0,0.0,0.0,0.0,0
6,0.0,0.0,0.0,0.0,1.0,0,1,1.0,1.0,0.0,1,1,0,1,1,0,0,6,0.0,0.0,269.99544521484376,347.19161220703126,0,11,0,2024-04-07,0.0,0.0,0.0,0.0,0
7,0.0,0.0,0.0,0.0,1.0,0,1,1.0,1.0,0.0,1,1,0,1,1,0,0,6,0.0,0.0,270.52324672851563,336.61177822265626,0,11,0,2024-04-07,0.0,0.0,0.0,0.0,0
8,0.0,0.0,0.0,0.0,1.0,0,1,1.0,1.0,0.0,1,1,0,1,1,0,0,6,0.0,0.0,234.80034633789063,308.79158779296876,0,11,0,2024-04-07,0.0,0.0,0.0,0.0,0
9,0.0,0.0,0.0,0.0,1.0,0,1,1.0,1.0,0.0,1,1,0,1,1,0,0,6,0.0,0.0,236.2755813232422,308.47383876953126,0,11,0,2024-04-07,0.0,0.0,0.0,0.0,0
10,0.0,0.0,0.0,0.0,1.0,0,1,1.0,1.0,0.0,1,1,0,1,1,0,0,6,0.0,0.0,244.60912319335938,288.20442958984376,0,11,0,2024-04-07,0.0,0.0,0.0,0.0,0
11,0.0,0.0,0.0,0.0,1.0,0,1,1.0,1.0,0.0,1,1,0,1,1,0,0,6,0.0,0.0,247.02457424316407,285.1645736328125,0,11,0,2024-04-07,0.0,0.0,0.0,0.0,0
12,0.0,0.0,0.0,0.0,1.0,0,1,1.0,1.0,0.0,1,1,0,1,1,0,0,6,0.0,0.0,286.06697841796876,297.4133529296875,0,11,0,2024-04-07,0.0,0.0,0.0,0.0,0
13,0.0,0.0,0.0,0.0,1.0,0,1,1.0,1.0,0.0,1,1,0,1,1,0,0,6,0.0,0.0,305.5582198730469,300.81307216796876,0,11,0,2024-04-07,0.0,0.0,0.0,0.0,0
14,0.0,0.0,0.0,0.0,1.0,0,1,1.0,1.0,0.0,1,1,0,1,1,0,0,6,0.0,0.0,401.85945888671876,392.34600063476563,0,11,0,2024-04-07,0.0,0.0,0.0,0.0,0
15,0.0,0.0,0.0,0.0,1.0,0,1,1.0,1.0,0.0,1,1,0,1,1,0,0,6,0.0,0.0,435.29158779296876,422.13277431640626,0,11,0,2024-04-07,0.0,0.0,0.0,0.0,0
16,0.0,0.0,0.0,0.0,1.0,0,1,1.0,1.0,0.0,1,1,0,1,1,0,0,6,0.0,0.0,552.6449203125,545.3564071289062,0,11,0,2024-04-07,0.0,0.0,0.0,0.0,0
17,93.70000457763669,291.2000045776367,250.0,541.2000045776367,1.0,0,1,1.0,1.0,1.0,1,1,1,1,1,4,2,0,0.0,0.0,630.1886434310914,437.13281246337885,1,11,0,2024-04-07,29.120000457763673,25.0,54.12000045776367,0.24609685176533427,0
18,49.976773977307424,307.7000045776367,307.70000084809726,615.400005425734,1.0,0,1,1.0,1.0,1.0,1,1,1,1,1,3,3,0,0.0,0.0,600.0753536836265,501.71489926488005,1,11,0,2024-04-07,30.770000457763672,30.770000084809727,61.5400005425734,0.1948955119094182,0
19,56.0650005340576,354.4000053405762,331.48333867390954,685.8833440144857,0.6666666666666666,2,0,1.0,0.6666666666666666,1.0,0,0,1,1,0,0,6,0,0.0,0.0,588.0797710418701,506.85592075500483,1,11,0,2024-04-07,35.44000053405762,33.14833386739095,68.58833440144858,0.06765894740089375,0
20,45.88000068664555,458.8000068664551,458.8000068664551,917.6000137329102,0.6666666666666666,2,0,1.0,0.6666666666666666,1.0,0,0,1,1,0,0,6,0,0.0,0.0,579.5875812530518,527.4257472625732,1,11,0,2024-04-07,45.88000068664551,45.88000068664551,91.76000137329102,0.07249770143291182,0
21,64.52000160217287,453.200008392334,453.200008392334,906.400016784668,1.0,0,1,1.0,1.0,1.0,1,1,1,1,1,0,6,0,0.0,0.0,694.3566715240479,603.6716106048583,1,11,0,2024-04-07,45.3200008392334,45.3200008392334,90.6400016784668,0.05249770244878727,0
22,53.081676239418,523.9000015258789,530.700008392334,1054.600009918213,1.0,0,1,1.0,1.0,1.0,1,1,1,1,1,0,6,0,0.0,0.0,756.8930912187169,682.6788446590194,1,11,0,2024-04-07,52.390000152587895,53.0700008392334,105.46000099182129,0.08806188065367043,0
23,97.02000160217284,503.200008392334,503.200008392334,1006.400016784668,1.0,0,1,1.0,1.0,1.0,1,1,1,1,1,0,6,0,0.0,0.0,882.5433780670166,703.1905925384522,1,11,0,2024-04-07,50.3200008392334,50.3200008392334,100.6400016784668,0.17916475675951976,0
24,63.840000915527256,629.8000091552734,638.4000091552734,1268.200018310547,1.0,0,1,1.0,1.0,1.0,1,1,1,1,1,0,6,0,0.0,0.0,981.8597763061523,811.3982421508789,1,11,0,2024-04-07,62.98000091552734,63.84000091552735,126.8200018310547,0.17534620032567394,0
25,99.59000091552731,610.9000091552734,610.9000091552734,1221.8000183105469,1.0,0,1,1.0,1.0,1.0,1,1,1,1,1,0,6,0,0.0,0.0,1089.5752313613891,804.8992187133789,1,11,0,2024-04-07,61.09000091552735,61.09000091552735,122.1800018310547,0.22320804583021814,0
26,69.94004374657202,699.4000091552734,699.3999615652239,1398.7999707204972,1.0,0,1,1.0,1.0,1.0,1,1,1,1,1,5,1,0,0.0,0.0,1113.6891611394349,818.8880430698342,1,11,0,2024-04-07,69.94000091552735,69.93999615652238,139.87999707204972,0.1366666733942347,0
27,71.59000091552724,715.9000091552734,715.9000091552734,1431.8000183105469,1.0,0,1,1.0,1.0,1.0,1,1,1,1,1,0,6,0,0.0,0.0,1076.5700652709959,892.0895079481709,1,11,0,2024-04-07,71.59000091552734,71.59000091552734,143.18000183105468,0.029166667821182355,0
28,81.37113339591518,715.9000091552734,705.0320841770645,1420.932093332338,1.0,0,1,1.0,1.0,1.0,1,1,1,1,1,1,5,0,0.0,0.0,1076.9477553685713,858.4043952485656,1,11,0,2024-04-07,71.59000091552734,70.50320841770645,142.0932093332338,0.1376887777995336,0
29,73.24009747053746,732.4000091552734,732.3999018719289,1464.7999110272024,1.0,0,1,1.0,1.0,1.0,1,1,1,1,1,0,0,6,0.0,0.0,982.9086994236624,832.5482003147487,1,11,0,2024-04-07,73.24000091552735,73.2399901871929,146.47999110272025,2.8989558435076975e-10,0
30,113.57000236511233,742.5266787211101,751.700008392334,1494.226687113444,1.0,0,1,1.0,1.0,1.0,1,1,1,1,1,6,0,0,0.0,0.0,1005.3848445526123,772.475782015405,1,11,0,2024-04-07,74.25266787211102,75.1700008392334,149.42266871134441,1.7870702849482074e-09,0
31,146.50534281302987,762.3266779581706,706.6607386848495,1468.9874166430202,1.0,0,1,1.0,1.0,1.0,1,1,1,1,1,3,3,0,0.0,0.09435907351486068,990.6195732676655,639.9808860932201,1,11,0,2024-04-07,76.23266779581706,70.66607386848496,146.89874166430204,0.0276605453538827,0
32,94.75000076293951,0.0,837.5000076293945,837.5000076293945,1.0,0,1,1.0,1.0,1.0,1,1,1,1,1,0,3,3,0.0,0.1895173113492842,966.9859197846324,678.7792579284667,1,11,0,2024-04-07,0.0,83.75000076293946,83.75000076293946,0.17803720796010297,0
33,139.57000083923333,839.8966757456461,845.700008392334,1685.59668413798,0.8333333333333334,1,0,0.8333333333333334,1.0,1.0,0,0,1,0,1,6,0,0,0.0,0.1900996148214785,967.3980876556395,684.9327625424302,1,11,0,2024-04-07,83.98966757456462,84.5700008392334,168.55966841379802,0.3225117933439001,0
34,683.9000091552734,908.9000091552734,250.0,1158.9000091552734,1.0,0,1,1.0,1.0,1.0,1,1,1,1,1,6,0,0,0.0,0.28574276748046895,1462.8360671630858,178.56430812988276,1,11,0,2024-04-07,90.89000091552735,25.0,115.89000091552735,0.352316342928376,0
35,90.60980482670658,840.200008392334,840.200008392334,1680.400016784668,1.0,0,1,1.0,1.0,1.0,1,1,1,1,1,6,0,0,0.0,0.07575920379251391,862.9444224048316,776.5471247300673,1,11,0,2024-04-07,84.0200008392334,84.0200008392334,168.0400016784668,0.047173425076783876,0
36,85.12000083923337,842.600008392334,851.200008392334,1693.800016784668,1.0,0,1,1.0,1.0,1.0,1,1,1,1,1,0,6,0,0.0,0.062055941348339874,842.8011149993896,798.3779905958329,1,11,0,2024-04-07,84.2600008392334,85.1200008392334,169.3800016784668,1.5415989210494203e-06,0
37,164.12258185107456,721.6333368937175,722.0000076293945,1443.633344523112,1.0,0,1,1.0,1.0,1.0,1,1,1,1,1,5,1,0,0.0,0.006522785954866953,922.278854702637,717.2905561202157,1,11,0,2024-04-07,72.16333368937175,72.20000076293945,144.36333445231122,0.08143234229978576,0
38,85.6400012969971,664.0333346048991,664.4000053405762,1328.4333399454754,1.0,0,1,1.0,1.0,1.0,1,1,1,1,1,0,6,0,0.0,0.0,905.224130593872,870.1073900649232,1,11,0,2024-04-07,66.40333346048992,66.44000053405762,132.84333399454755,0.08908762234317381,0
39,108.47000120347913,617.3333338419596,617.7000045776367,1235.0333384195965,1.0,0,1,1.0,1.0,1.0,1,1,1,1,1,0,6,0,0.0,0.0,892.7158736644166,750.6482849293334,1,11,0,2024-04-07,61.733333384195966,61.77000045776367,123.50333384195966,0.12178434819600213,0
40,123.42774354255766,659.0333346048991,659.4000053405762,1318.4333399454754,0.8333333333333334,1,0,1.0,0.6666666666666666,1.0,0,0,1,1,0,3,3,0,0.0,0.0,897.4784255738076,699.3856719847861,1,11,0,2024-04-07,65.90333346048992,65.94000053405762,131.84333399454755,0.20161707393653203,0
41,98.6100006103515,597.4733370463053,601.1000061035156,1198.573343149821,1.0,0,1,1.0,1.0,1.0,1,1,1,1,1,2,4,0,0.0,0.0,911.1919936767576,700.9449920654297,1,11,0,2024-04-07,59.747333704630535,60.11000061035156,119.85733431498211,0.0572983089059465,0
42,149.37474382543942,624.3400032043457,639.6000061035156,1263.9400093078614,1.0,0,1,1.0,1.0,1.0,1,1,1,1,1,4,2,0,0.0,0.010879287743399184,867.1953233176268,632.6416135964356,1,11,0,2024-04-07,62.43400032043458,63.960000610351564,126.39400093078615,0.15133203784026825,0
43,80.96000061035157,523.600001525879,534.6000061035156,1058.2000076293946,1.0,0,1,1.0,1.0,1.0,1,1,1,1,1,6,0,0,0.0,0.0,781.0681167236328,746.8860127062459,1,11,0,2024-04-07,52.3600001525879,53.460000610351564,105.82000076293946,0.08149452032957039,0
44,48.055920611572176,468.6000015258789,479.6000061035156,948.2000076293946,1.0,0,1,1.0,1.0,1.0,1,1,1,1,1,2,0,4,0.0,0.0,554.8786973693847,657.8085332618551,1,11,0,2024-04-07,46.860000152587894,47.960000610351564,94.82000076293946,0.06506960476380304,0
45,44.26271126280208,396.96667226155597,407.6000061035156,804.5666783650715,1.0,0,1,1.0,1.0,1.0,1,1,1,1,1,0,0,6,0.0,0.0,508.23349827452085,636.1373131512604,1,11,0,2024-04-07,39.6966672261556,40.76000061035157,80.45666783650717,8.594850300578026e-10,0
46,60.56000061035157,385.6000061035156,385.6000061035156,771.2000122070312,1.0,0,1,1.0,1.0,1.0,1,1,1,1,1,0,1,5,0.0,0.0,485.9526626220703,588.5606048583984,1,11,0,2024-04-07,38.560000610351565,38.560000610351565,77.12000122070313,0.0022090010273565102,0
47,117.56321078068686,374.7000045776367,374.7000045776367,749.4000091552734,0.8333333333333334,1,0,1.0,0.5,1.0,0,0,1,1,0,4,2,0,0.0,0.0,473.3706677142806,459.26625699275064,1,11,0,2024-04-07,37.470000457763675,37.470000457763675,74.94000091552735,0.09256411894318298,0
0,-250.7600023905436,0.0,259.4000015258789,259.4000015258789,0.0,6,0,0.0,1.0,1.0,1,0,1,0,1,6,0,0,0.0,0.0,0.0,521.3515932352702,1,11,1,2024-04-07,0.0,25.940000152587892,25.940000152587892,2.8431308218904568e-08,0
1,-125.95999946594247,0.0,278.60000228881836,278.60000228881836,0.0,6,0,1.0,1.0,0.0,1,0,0,1,1,0,0,6,0.0,0.0,46.59464225769034,415.15686069641123,1,11,1,2024-04-07,0.0,27.860000228881837,27.860000228881837,1.3692383861379477e-09,0
2,0.0,0.0,0.0,0.0,1.0,0,1,1.0,1.0,0.0,1,1,0,1,1,0,0,6,0.0,0.0,151.2350305764974,282.29158779296876,0,11,1,2024-04-07,0.0,0.0,0.0,0.0,0
3,0.0,0.0,0.0,0.0,1.0,0,1,1.0,1.0,0.0,1,1,0,1,1,0,0,6,0.0,0.0,198.76240374121093,291.85665126953126,0,11,1,2024-04-07,0.0,0.0,0.0,0.0,0
4,0.0,0.0,0.0,0.0,1.0,0,1,1.0,1.0,0.0,1,1,0,1,1,0,0,6,0.0,0.0,223.99158474121094,296.990867578125,0,11,1,2024-04-07,0.0,0.0,0.0,0.0,0
5,0.0,0.0,0.0,0.0,1.0,0,1,1.0,1.0,0.0,1,1,0,1,1,0,0,6,0.0,0.0,223.99158474121094,288.00771328125,0,11,1,2024-04-07,0.0,0.0,0.0,0.0,0
6,0.0,0.0,0.0,0.0,1.0,0,1,1.0,1.0,0.0,1,1,0,1,1,0,0,6,0.0,0.0,223.99158474121094,276.05171962890626,0,11,1,2024-04-07,0.0,0.0,0.0,0.0,0
7,0.0,0.0,0.0,0.0,1.0,0,1,1.0,1.0,0.0,1,1,0,1,1,0,0,6,0.0,0.0,204.79158779296876,254.79160305175782,0,11,1,2024-04-07,0.0,0.0,0.0,0.0,0
8,0.0,0.0,0.0,0.0,1.0,0,1,1.0,1.0,0.0,1,1,0,1,1,0,0,6,0.0,0.0,204.79158779296876,247.6238021484375,0,11,1,2024-04-07,0.0,0.0,0.0,0.0,0
9,0.0,0.0,0.0,0.0,1.0,0,1,1.0,1.0,0.0,1,1,0,1,1,0,0,6,0.0,0.0,185.59159084472657,210.05498500976563,0,11,1,2024-04-07,0.0,0.0,0.0,0.0,0
10,0.0,0.0,0.0,0.0,1.0,0,1,1.0,1.0,0.0,1,1,0,1,1,0,0,6,0.0,0.0,202.6809310546875,192.2888412109375,0,11,1,2024-04-07,0.0,0.0,0.0,0.0,0
11,0.0,0.0,0.0,0.0,1.0,0,1,1.0,1.0,0.0,1,1,0,1,1,0,0,6,0.0,0.0,236.2356185546875,190.37375637207032,0,11,1,2024-04-07,0.0,0.0,0.0,0.0,0
12,0.0,0.0,0.0,0.0,1.0,0,1,1.0,1.0,0.0,1,1,0,1,1,0,0,6,0.0,0.0,343.484519921875,289.51985927734376,0,11,1,2024-04-07,0.0,0.0,0.0,0.0,0
13,0.0,0.0,0.0,0.0,1.0,0,1,1.0,1.0,0.0,1,1,0,1,1,0,0,6,0.0,0.0,400.77239223632813,373.5127181640625,0,11,1,2024-04-07,0.0,0.0,0.0,0.0,0
14,0.0,0.0,0.0,0.0,1.0,0,1,1.0,1.0,0.0,1,1,0,1,1,0,0,6,0.0,0.0,508.6712875,409.86702724609376,0,11,1,2024-04-07,0.0,0.0,0.0,0.0,0
15,0.0,0.0,0.0,0.0,1.0,0,1,1.0,1.0,0.0,1,1,0,1,1,0,0,6,0.0,0.0,548.8074569335937,433.74208828125,0,11,1,2024-04-07,0.0,0.0,0.0,0.0,0
16,0.0,0.0,0.0,0.0,1.0,0,1,1.0,1.0,0.0,1,1,0,1,1,0,0,6,0.0,0.0,617.3850936523437,494.14861293945313,0,11,1,2024-04-07,0.0,0.0,0.0,0.0,0
17,93.70000457763669,291.2000045776367,250.0,541.2000045776367,1.0,0,1,1.0,1.0,1.0,1,1,1,1,1,4,2,0,0.0,0.0,767.8414458862304,455.047637902832,1,11,1,2024-04-07,29.120000457763673,25.0,54.12000045776367,0.24609685176533427,0
18,49.976773977307424,307.7000045776367,307.70000084809726,615.400005425734,1.0,0,1,1.0,1.0,1.0,1,1,1,1,1,3,3,0,0.0,0.0,729.666581617701,568.6666814914425,1,11,1,2024-04-07,30.770000457763672,30.770000084809727,61.5400005425734,0.1948955119094182,0
19,56.0650005340576,354.4000053405762,331.48333867390954,685.8833440144857,0.6666666666666666,2,0,1.0,0.6666666666666666,1.0,0,0,1,1,0,0,6,0,0.0,0.0,811.4039711883227,636.0565433135986,1,11,1,2024-04-07,35.44000053405762,33.14833386739095,68.58833440144858,0.06765894740089375,0
20,45.88000068664555,458.8000068664551,458.8000068664551,917.6000137329102,1.0,0,1,1.0,1.0,1.0,1,1,1,1,1,0,6,0,0.0,0.0,892.8319049835205,671.6550563446044,1,11,1,2024-04-07,45.88000068664551,45.88000068664551,91.76000137329102,0.07249770143291182,0
21,64.52000160217287,453.200008392334,453.200008392334,906.400016784668,1.0,0,1,1.0,1.0,1.0,1,1,1,1,1,0,6,0,0.0,0.0,947.4064197444916,717.6197307220458,1,11,1,2024-04-07,45.3200008392334,45.3200008392334,90.6400016784668,0.05249770244878727,0
22,53.081676239418,523.9000015258789,530.700008392334,1054.600009918213,1.0,0,1,1.0,1.0,1.0,1,1,1,1,1,0,6,0,0.0,0.0,985.8744521596501,725.4494135066757,1,11,1,2024-04-07,52.390000152587895,53.0700008392334,105.46000099182129,0.08806188065367043,0
23,97.02000160217284,503.200008392334,503.200008392334,1006.400016784668,1.0,0,1,1.0,1.0,1.0,1,1,1,1,1,0,6,0,0.0,0.0,1114.7095328235625,693.0857103994974,1,11,1,2024-04-07,50.3200008392334,50.3200008392334,100.6400016784668,0.17916475675951976,0
24,63.840000915527256,629.8000091552734,638.4000091552734,1268.200018310547,1.0,0,1,1.0,1.0,1.0,1,1,1,1,1,0,6,0,0.0,0.0,1058.0018279663084,714.2804981304138,1,11,1,2024-04-07,62.98000091552734,63.84000091552735,126.8200018310547,0.17534620032567394,0
25,99.59000091552731,610.9000091552734,610.9000091552734,1221.8000183105469,1.0,0,1,1.0,1.0,1.0,1,1,1,1,1,0,6,0,0.0,0.0,1301.5775725952149,809.6645156860352,1,11,1,2024-04-07,61.09000091552735,61.09000091552735,122.1800018310547,0.22320804583021814,0
26,69.94004374657202,699.4000091552734,699.3999615652239,1398.7999707204972,1.0,0,1,1.0,1.0,1.0,1,1,1,1,1,5,1,0,0.0,0.0,1245.1619904262595,839.6809889682718,1,11,1,2024-04-07,69.94000091552735,69.93999615652238,139.87999707204972,0.1366666733942347,0
27,71.59000091552724,715.9000091552734,715.9000091552734,1431.8000183105469,1.0,0,1,1.0,1.0,1.0,1,1,1,1,1,0,6,0,0.0,0.0,1159.6901214233399,862.1488906860352,1,11,1,2024-04-07,71.59000091552734,71.59000091552734,143.18000183105468,0.029166667821182355,0
28,81.37113339591518,715.9000091552734,705.0320841770645,1420.932093332338,0.8333333333333334,1,0,1.0,0.8,1.0,0,0,1,1,0,1,5,0,0.0,0.0,1179.3126845677903,821.7503918733439,1,11,1,2024-04-07,71.59000091552734,70.50320841770645,142.0932093332338,0.1376887777995336,0
29,73.24009747053746,732.4000091552734,732.3999018719289,1464.7999110272024,1.0,0,1,1.0,1.0,1.0,1,1,1,1,1,0,0,6,0.0,0.0,1158.09217110335,833.8202744256023,1,11,1,2024-04-07,73.24000091552735,73.2399901871929,146.47999110272025,2.8989558435076975e-10,0
30,113.57000236511233,742.5266787211101,751.700008392334,1494.226687113444,1.0,0,1,1.0,1.0,1.0,1,1,1,1,1,6,0,0,0.0,0.0,1160.9881160369873,764.3510409942626,1,11,1,2024-04-07,74.25266787211102,75.1700008392334,149.42266871134441,1.7870702849482074e-09,0
31,146.50534281302987,762.3266779581706,706.6607386848495,1468.9874166430202,1.0,0,1,1.0,1.0,1.0,1,1,1,1,1,3,3,0,0.0,0.0,1245.150657082795,719.9305931244701,1,11,1,2024-04-07,76.23266779581706,70.66607386848496,146.89874166430204,0.0276605453538827,0
32,94.75000076293951,0.0,837.5000076293945,837.5000076293945,1.0,0,1,1.0,1.0,1.0,1,1,1,1,1,0,3,3,0.0,0.08206847254266579,1203.4826716000875,768.7676612487792,1,11,1,2024-04-07,0.0,83.75000076293946,83.75000076293946,0.17803720796010297,0
33,139.57000083923333,839.8966757456461,845.700008392334,1685.59668413798,0.6666666666666666,2,0,0.6666666666666666,1.0,1.0,0,0,1,0,1,6,0,0,0.0,0.0,1277.3875285736085,881.3692309967041,1,11,1,2024-04-07,83.98966757456462,84.5700008392334,168.55966841379802,0.3225117933439001,0
34,683.9000091552734,908.9000091552734,250.0,1158.9000091552734,1.0,0,1,1.0,1.0,1.0,1,1,1,1,1,6,0,0,0.0,0.0,1760.748420678711,478.6306533447266,1,11,1,2024-04-07,90.89000091552735,25.0,115.89000091552735,0.352316342928376,0
35,90.60980482670658,840.200008392334,840.200008392334,1680.400016784668,1.0,0,1,1.0,1.0,1.0,1,1,1,1,1,6,0,0,0.0,0.0,1117.8744123124472,1012.7492268139185,1,11,1,2024-04-07,84.0200008392334,84.0200008392334,168.0400016784668,0.047173425076783876,0
36,85.12000083923337,842.600008392334,851.200008392334,1693.800016784668,1.0,0,1,1.0,1.0,1.0,1,1,1,1,1,0,6,0,0.0,0.0,1018.9892687136027,1062.4326343170167,1,11,1,2024-04-07,84.2600008392334,85.1200008392334,169.3800016784668,1.5415989210494203e-06,0
37,164.12258185107456,721.6333368937175,722.0000076293945,1443.633344523112,1.0,0,1,1.0,1.0,1.0,1,1,1,1,1,5,1,0,0.0,0.0,1090.8069805634557,1022.230956625488,1,11,1,2024-04-07,72.16333368937175,72.20000076293945,144.36333445231122,0.08143234229978576,0
38,85.6400012969971,664.0333346048991,664.4000053405762,1328.4333399454754,1.0,0,1,1.0,1.0,1.0,1,1,1,1,1,0,6,0,0.0,0.0,1022.0032584485057,1040.790807687378,1,11,1,2024-04-07,66.40333346048992,66.44000053405762,132.84333399454755,0.08908762234317381,0
39,108.47000120347913,617.3333338419596,617.7000045776367,1235.0333384195965,1.0,0,1,1.0,1.0,1.0,1,1,1,1,1,0,6,0,0.0,0.0,1058.9974719548923,1010.1716232105834,1,11,1,2024-04-07,61.733333384195966,61.77000045776367,123.50333384195966,0.12178434819600213,0
40,123.42774354255766,659.0333346048991,659.4000053405762,1318.4333399454754,1.0,0,1,1.0,1.0,1.0,1,1,1,1,1,3,3,0,0.0,0.0,1040.658029187089,925.3545669066611,1,11,1,2024-04-07,65.90333346048992,65.94000053405762,131.84333399454755,0.20161707393653203,0
41,98.6100006103515,597.4733370463053,601.1000061035156,1198.573343149821,1.0,0,1,1.0,1.0,1.0,1,1,1,1,1,2,4,0,0.0,0.0,883.1497344970703,873.5882033935547,1,11,1,2024-04-07,59.747333704630535,60.11000061035156,119.85733431498211,0.0572983089059465,0
42,149.37474382543942,624.3400032043457,639.6000061035156,1263.9400093078614,0.8333333333333334,1,0,0.75,1.0,1.0,0,0,1,0,1,4,2,0,0.0,0.0,919.0875734152831,831.7960553933106,1,11,1,2024-04-07,62.43400032043458,63.960000610351564,126.39400093078615,0.15133203784026825,0
43,80.96000061035157,523.600001525879,534.6000061035156,1058.2000076293946,1.0,0,1,1.0,1.0,1.0,1,1,1,1,1,6,0,0,0.0,0.0,654.5119270261129,727.1586135498046,1,11,1,2024-04-07,52.3600001525879,53.460000610351564,105.82000076293946,0.08149452032957039,0
44,48.055920611572176,468.6000015258789,479.6000061035156,948.2000076293946,1.0,0,1,1.0,1.0,1.0,1,1,1,1,1,2,0,4,0.0,0.0,604.8413820373535,746.7847394470215,1,11,1,2024-04-07,46.860000152587894,47.960000610351564,94.82000076293946,0.06506960476380304,0
45,44.26271126280208,396.96667226155597,407.6000061035156,804.5666783650715,1.0,0,1,1.0,1.0,1.0,1,1,1,1,1,0,0,6,0.0,0.0,555.7771460772552,744.1289131512603,1,11,1,2024-04-07,39.6966672261556,40.76000061035157,80.45666783650717,8.594850300578026e-10,0
46,60.56000061035157,385.6000061035156,385.6000061035156,771.2000122070312,0.6666666666666666,2,0,1.0,0.0,0.8,0,0,0,1,0,0,1,5,0.0,0.0,639.4366485595704,747.0316360107421,1,11,1,2024-04-07,38.560000610351565,38.560000610351565,77.12000122070313,0.0022090010273565102,0
47,117.56321078068686,374.7000045776367,374.7000045776367,749.4000091552734,0.0,6,0,0.0,0.0,1.0,0,0,1,0,0,4,2,0,0.0,0.0,658.5245144916244,565.8284136333756,1,11,1,2024-04-07,37.470000457763675,37.470000457763675,74.94000091552735,0.09256411894318298,0
0,-250.7600023905436,0.0,259.4000015258789,259.4000015258789,0.0,6,0,0.0,1.0,1.0,1,0,1,0,1,6,0,0,0.0,0.0,0.0,468.3515932352702,1,11,2,2024-04-07,0.0,25.940000152587892,25.940000152587892,2.8431308218904568e-08,1
1,-125.95999946594247,0.0,278.60000228881836,278.60000228881836,0.0,6,0,1.0,1.0,0.0,1,0,0,1,1,0,0,6,0.0,0.0,0.0,343.55159031066904,1,11,2,2024-04-07,0.0,27.860000228881837,27.860000228881837,1.3692383861379477e-09,0
2,0.0,0.0,0.0,0.0,1.0,0,1,1.0,1.0,0.0,1,1,0,1,1,0,0,6,0.0,0.0,101.6494140625,217.59159084472657,0,11,2,2024-04-07,0.0,0.0,0.0,0.0,0
3,0.0,0.0,0.0,0.0,1.0,0,1,1.0,1.0,0.0,1,1,0,1,1,0,0,6,0.0,0.0,190.50039507421874,217.59159084472657,0,11,2,2024-04-07,0.0,0.0,0.0,0.0,0
4,0.0,0.0,0.0,0.0,1.0,0,1,1.0,1.0,0.0,1,1,0,1,1,0,0,6,0.0,0.0,231.13042446289063,236.79158779296876,0,11,2,2024-04-07,0.0,0.0,0.0,0.0,0
5,0.0,0.0,0.0,0.0,1.0,0,1,1.0,1.0,0.0,1,1,0,1,1,0,0,6,0.0,0.0,236.57248684082032,228.53391262207032,0,11,2,2024-04-07,0.0,0.0,0.0,0.0,0
6,0.0,0.0,0.0,0.0,1.0,0,1,1.0,1.0,0.0,1,1,0,1,1,0,0,6,0.0,0.0,236.79158779296876,206.6064681640625,0,11,2,2024-04-07,0.0,0.0,0.0,0.0,0
7,0.0,0.0,0.0,0.0,1.0,0,1,1.0,1.0,0.0,1,1,0,1,1,0,0,6,0.0,0.0,236.79158779296876,200.79261013183594,0,11,2,2024-04-07,0.0,0.0,0.0,0.0,0
8,0.0,0.0,0.0,0.0,1.0,0,1,1.0,1.0,0.0,1,1,0,1,1,0,0,6,0.0,0.0,245.09159084472657,224.48656459960938,0,11,2,2024-04-07,0.0,0.0,0.0,0.0,0
9,0.0,0.0,0.0,0.0,1.0,0,1,1.0,1.0,0.0,1,1,0,1,1,0,0,6,0.0,0.0,217.59159084472657,209.82576748046876,0,11,2,2024-04-07,0.0,0.0,0.0,0.0,0
10,0.0,0.0,0.0,0.0,1.0,0,1,1.0,1.0,0.0,1,1,0,1,1,0,0,6,0.0,0.0,217.59159084472657,190.0127639404297,0,11,2,2024-04-07,0.0,0.0,0.0,0.0,0
11,0.0,0.0,0.0,0.0,1.0,0,1,1.0,1.0,0.0,1,1,0,1,1,0,0,6,0.0,0.0,198.39159389648438,159.69364162597657,0,11,2,2024-04-07,0.0,0.0,0.0,0.0,0
12,0.0,0.0,0.0,0.0,1.0,0,1,1.0,1.0,0.0,1,1,0,1,1,0,0,6,0.0,0.0,198.39159389648438,170.89159389648438,0,11,2,2024-04-07,0.0,0.0,0.0,0.0,0
13,0.0,0.0,0.0,0.0,1.0,0,1,1.0,1.0,0.0,1,1,0,1,1,0,0,6,0.0,0.0,198.39159389648438,170.89159389648438,0,11,2,2024-04-07,0.0,0.0,0.0,0.0,0
14,0.0,0.0,0.0,0.0,1.0,0,1,1.0,1.0,0.0,1,1,0,1,1,0,0,6,0.0,0.0,192.89159389648438,192.89159389648438,0,11,2,2024-04-07,0.0,0.0,0.0,0.0,0
15,0.0,0.0,0.0,0.0,1.0,0,1,1.0,1.0,0.0,1,1,0,1,1,0,0,6,0.0,0.0,318.63167568359376,358.8915938964844,0,11,2,2024-04-07,0.0,0.0,0.0,0.0,0
16,0.0,0.0,0.0,0.0,1.0,0,1,1.0,1.0,0.0,1,1,0,1,1,0,0,6,0.0,0.0,378.85857387695313,439.09160610351563,0,11,2,2024-04-07,0.0,0.0,0.0,0.0,0
17,93.70000457763669,291.2000045776367,250.0,541.2000045776367,1.0,0,1,1.0,1.0,1.0,1,1,1,1,1,4,2,0,0.0,0.0,603.0916289916992,485.751495324707,1,11,2,2024-04-07,29.120000457763673,25.0,54.12000045776367,0.24609685176533427,0
18,49.976773977307424,307.7000045776367,307.70000084809726,615.400005425734,1.0,0,1,1.0,1.0,1.0,1,1,1,1,1,3,3,0,0.0,0.0,614.3683983913699,588.291260637846,1,11,2,2024-04-07,30.770000457763672,30.770000084809727,61.5400005425734,0.1948955119094182,0
19,56.0650005340576,354.4000053405762,331.48333867390954,685.8833440144857,1.0,0,1,1.0,1.0,1.0,1,1,1,1,1,0,6,0,0.0,0.0,599.3253813216985,608.1266116729736,1,11,2,2024-04-07,35.44000053405762,33.14833386739095,68.58833440144858,0.06765894740089375,0
20,45.88000068664555,458.8000068664551,458.8000068664551,917.6000137329102,1.0,0,1,1.0,1.0,1.0,1,1,1,1,1,0,6,0,0.0,0.0,583.5330462310613,618.3116115203857,1,11,2,2024-04-07,45.88000068664551,45.88000068664551,91.76000137329102,0.07249770143291182,0
21,64.52000160217287,453.200008392334,453.200008392334,906.400016784668,1.0,0,1,1.0,1.0,1.0,1,1,1,1,1,0,6,0,0.0,0.0,574.6410122885209,580.471598397827,1,11,2,2024-04-07,45.3200008392334,45.3200008392334,90.6400016784668,0.05249770244878727,0
22,53.081676239418,523.9000015258789,530.700008392334,1054.600009918213,1.0,0,1,1.0,1.0,1.0,1,1,1,1,1,0,6,0,0.0,0.0,565.4040202896169,608.5098993465194,1,11,2,2024-04-07,52.390000152587895,53.0700008392334,105.46000099182129,0.08806188065367043,0
23,97.02000160217284,503.200008392334,503.200008392334,1006.400016784668,1.0,0,1,1.0,1.0,1.0,1,1,1,1,1,0,6,0,0.0,0.0,629.6585514068604,587.0715739837647,1,11,2,2024-04-07,50.3200008392334,50.3200008392334,100.6400016784668,0.17916475675951976,0
24,63.840000915527256,629.8000091552734,638.4000091552734,1268.200018310547,1.0,0,1,1.0,1.0,1.0,1,1,1,1,1,0,6,0,0.0,0.0,675.3536009724935,654.0401488891602,1,11,2,2024-04-07,62.98000091552734,63.84000091552735,126.8200018310547,0.17534620032567394,0
25,99.59000091552731,610.9000091552734,610.9000091552734,1221.8000183105469,1.0,0,1,1.0,1.0,1.0,1,1,1,1,1,0,6,0,0.0,0.0,890.3585167630513,735.8477050415039,1,11,2,2024-04-07,61.09000091552735,61.09000091552735,122.1800018310547,0.22320804583021814,0
26,69.94004374657202,699.4000091552734,699.3999615652239,1398.7999707204972,1.0,0,1,1.0,1.0,1.0,1,1,1,1,1,5,1,0,0.0,0.0,942.733779443156,840.4520079135842,1,11,2,2024-04-07,69.94000091552735,69.93999615652238,139.87999707204972,0.1366666733942347,0
27,71.59000091552724,715.9000091552734,715.9000091552734,1431.8000183105469,1.0,0,1,1.0,1.0,1.0,1,1,1,1,1,0,6,0,0.0,0.0,1001.9032943725585,1001.6161986938478,1,11,2,2024-04-07,71.59000091552734,71.59000091552734,143.18000183105468,0.029166667821182355,0
28,81.37113339591518,715.9000091552734,705.0320841770645,1420.932093332338,1.0,0,1,1.0,1.0,1.0,1,1,1,1,1,1,5,0,0.0,0.0,1060.6942223939695,982.5838455103349,1,11,2,2024-04-07,71.59000091552734,70.50320841770645,142.0932093332338,0.1376887777995336,0
29,73.24009747053746,732.4000091552734,732.3999018719289,1464.7999110272024,1.0,0,1,1.0,1.0,1.0,1,1,1,1,1,0,0,6,0.0,0.0,1094.3528364415076,1010.4712290919626,1,11,2,2024-04-07,73.24000091552735,73.2399901871929,146.47999110272025,2.8989558435076975e-10,0
30,113.57000236511233,742.5266787211101,751.700008392334,1494.226687113444,1.0,0,1,1.0,1.0,1.0,1,1,1,1,1,6,0,0,0.0,0.0,1098.7408032537053,959.0877353302002,1,11,2,2024-04-07,74.25266787211102,75.1700008392334,149.42266871134441,1.7870702849482074e-09,0
31,146.50534281302987,762.3266779581706,706.6607386848495,1468.9874166430202,1.0,0,1,1.0,1.0,1.0,1,1,1,1,1,3,3,0,0.0,0.0,1121.5923274972974,891.6707054291577,1,11,2,2024-04-07,76.23266779581706,70.66607386848496,146.89874166430204,0.0276605453538827,0
32,94.75000076293951,0.0,837.5000076293945,837.5000076293945,1.0,0,1,1.0,1.0,1.0,1,1,1,1,1,0,3,3,0.0,0.0,1053.4109504699707,899.5127174011229,1,11,2,2024-04-07,0.0,83.75000076293946,83.75000076293946,0.17803720796010297,0
33,139.57000083923333,839.8966757456461,845.700008392334,1685.59668413798,1.0,0,1,1.0,1.0,1.0,1,1,1,1,1,6,0,0,0.0,0.0,1094.3365215883305,884.3781421295166,1,11,2,2024-04-07,83.98966757456462,84.5700008392334,168.55966841379802,0.3225117933439001,0
34,683.9000091552734,908.9000091552734,250.0,1158.9000091552734,1.0,0,1,1.0,1.0,1.0,1,1,1,1,1,6,0,0,0.0,0.0,1491.342025756836,367.0228652587891,1,11,2,2024-04-07,90.89000091552735,25.0,115.89000091552735,0.352316342928376,0
35,90.60980482670658,840.200008392334,840.200008392334,1680.400016784668,1.0,0,1,1.0,1.0,1.0,1,1,1,1,1,6,0,0,0.0,0.0,911.093258902361,955.556966071731,1,11,2,2024-04-07,84.0200008392334,84.0200008392334,168.0400016784668,0.047173425076783876,0
36,85.12000083923337,842.600008392334,851.200008392334,1693.800016784668,1.0,0,1,1.0,1.0,1.0,1,1,1,1,1,0,6,0,0.0,0.0,885.3935938501357,987.2894458404542,1,11,2,2024-04-07,84.2600008392334,85.1200008392334,169.3800016784668,1.5415989210494203e-06,0
37,164.12258185107456,721.6333368937175,722.0000076293945,1443.633344523112,1.0,0,1,1.0,1.0,1.0,1,1,1,1,1,5,1,0,0.0,0.0,913.012258843769,875.5264888520505,1,11,2,2024-04-07,72.16333368937175,72.20000076293945,144.36333445231122,0.08143234229978576,0
38,85.6400012969971,664.0333346048991,664.4000053405762,1328.4333399454754,1.0,0,1,1.0,1.0,1.0,1,1,1,1,1,0,6,0,0.0,0.0,800.8311914884488,931.7043819061279,1,11,2,2024-04-07,66.40333346048992,66.44000053405762,132.84333399454755,0.08908762234317381,0
39,108.47000120347913,617.3333338419596,617.7000045776367,1235.0333384195965,1.0,0,1,1.0,1.0,1.0,1,1,1,1,1,0,6,0,0.0,0.0,808.8525085276979,848.4464034840208,1,11,2,2024-04-07,61.733333384195966,61.77000045776367,123.50333384195966,0.12178434819600213,0
40,123.42774354255766,659.0333346048991,659.4000053405762,1318.4333399454754,0.8333333333333334,1,0,1.0,0.6666666666666666,1.0,0,0,1,1,0,3,3,0,0.0,0.0,824.3050628784952,754.4835341918173,1,11,2,2024-04-07,65.90333346048992,65.94000053405762,131.84333399454755,0.20161707393653203,0
41,98.6100006103515,597.4733370463053,601.1000061035156,1198.573343149821,1.0,0,1,1.0,1.0,1.0,1,1,1,1,1,2,4,0,0.0,0.0,850.3822174072266,750.1466750732422,1,11,2,2024-04-07,59.747333704630535,60.11000061035156,119.85733431498211,0.0572983089059465,0
42,149.37474382543942,624.3400032043457,639.6000061035156,1263.9400093078614,1.0,0,1,1.0,1.0,1.0,1,1,1,1,1,4,2,0,0.0,0.0,814.0543092551269,665.983677463623,1,11,2,2024-04-07,62.43400032043458,63.960000610351564,126.39400093078615,0.15133203784026825,0
43,80.96000061035157,523.600001525879,534.6000061035156,1058.2000076293946,1.0,0,1,1.0,1.0,1.0,1,1,1,1,1,6,0,0,0.0,0.0,664.6017242431641,719.5274489990234,1,11,2,2024-04-07,52.3600001525879,53.460000610351564,105.82000076293946,0.08149452032957039,0
44,48.055920611572176,468.6000015258789,479.6000061035156,948.2000076293946,0.5,3,0,0.0,1.0,0.75,0,0,0,0,1,2,0,4,0.0,0.0,606.4559450256347,738.2509870056152,1,11,2,2024-04-07,46.860000152587894,47.960000610351564,94.82000076293946,0.06506960476380304,0
45,44.26271126280208,396.96667226155597,407.6000061035156,804.5666783650715,0.16666666666666666,5,0,1.0,1.0,0.16666666666666666,0,0,0,1,1,0,0,6,0.0,0.0,591.1584632159271,719.6717598309478,1,11,2,2024-04-07,39.6966672261556,40.76000061035157,80.45666783650717,8.594850300578026e-10,0
46,60.56000061035157,385.6000061035156,385.6000061035156,771.2000122070312,0.0,6,0,1.0,0.0,0.0,0,0,0,1,0,0,1,5,0.0,0.0,492.6570770263672,612.4879958740233,1,11,2,2024-04-07,38.560000610351565,38.560000610351565,77.12000122070313,0.0022090010273565102,0
47,117.56321078068686,374.7000045776367,374.7000045776367,749.4000091552734,0.16666666666666666,5,0,0.25,0.0,1.0,0,0,1,0,0,4,2,0,0.0,0.0,546.6412442279525,532.9283892193131,1,11,2,2024-04-07,37.470000457763675,37.470000457763675,74.94000091552735,0.09256411894318298,0
0,-250.7600023905436,0.0,259.4000015258789,259.4000015258789,0.8333333333333334,1,0,0.8,1.0,1.0,1,0,1,0,1,5,1,0,0.0,0.0,89.12059757283532,695.8516084940593,1,12,0,2024-04-07,0.0,25.940000152587892,25.940000152587892,0.005555574999956003,0
1,-125.95999946594247,0.0,278.60000228881836,278.60000228881836,1.0,0,1,1.0,1.0,1.0,1,1,1,1,1,0,0,6,0.0,0.0,174.75845412682588,643.4515994659424,1,12,0,2024-04-07,0.0,27.860000228881837,27.860000228881837,1.3692383861379477e-09,0
2,0.0,0.0,0.0,0.0,1.0,0,1,1.0,1.0,0.0,1,1,0,1,1,0,0,6,0.0,0.0,290.55195604434715,517.4916,0,12,0,2024-04-07,0.0,0.0,0.0,0.0,0
3,0.0,0.0,0.0,0.0,1.0,0,1,1.0,1.0,0.0,1,1,0,1,1,0,0,6,0.0,0.0,368.08065029296876,517.4916,0,12,0,2024-04-07,0.0,0.0,0.0,0.0,0
4,0.0,0.0,0.0,0.0,1.0,0,1,1.0,1.0,0.0,1,1,0,1,1,0,0,6,0.0,0.0,356.100730859375,466.3087081542969,0,12,0,2024-04-07,0.0,0.0,0.0,0.0,0
5,0.0,0.0,0.0,0.0,1.0,0,1,1.0,1.0,0.0,1,1,0,1,1,0,0,6,0.0,0.0,384.21627041015626,449.38497158203126,0,12,0,2024-04-07,0.0,0.0,0.0,0.0,0
6,0.0,0.0,0.0,0.0,1.0,0,1,1.0,1.0,0.0,1,1,0,1,1,0,0,6,0.0,0.0,395.8000411621094,405.60625454101563,0,12,0,2024-04-07,0.0,0.0,0.0,0.0,0
7,0.0,0.0,0.0,0.0,1.0,0,1,1.0,1.0,0.0,1,1,0,1,1,0,0,6,0.0,0.0,410.9125899902344,380.96083828125,0,12,0,2024-04-07,0.0,0.0,0.0,0.0,0
8,0.0,0.0,0.0,0.0,1.0,0,1,1.0,1.0,0.0,1,1,0,1,1,0,0,6,0.0,0.0,418.0915755859375,335.97225185546876,0,12,0,2024-04-07,0.0,0.0,0.0,0.0,0
9,0.0,0.0,0.0,0.0,1.0,0,1,1.0,1.0,0.0,1,1,0,1,1,0,0,6,0.0,0.0,390.5915755859375,277.15750881347657,0,12,0,2024-04-07,0.0,0.0,0.0,0.0,0
10,0.0,0.0,0.0,0.0,1.0,0,1,1.0,1.0,0.0,1,1,0,1,1,0,0,6,0.0,0.0,340.5915755859375,206.93917080078126,0,12,0,2024-04-07,0.0,0.0,0.0,0.0,0
11,0.0,0.0,0.0,0.0,1.0,0,1,1.0,1.0,0.0,1,1,0,1,1,0,0,6,0.0,0.0,340.5915755859375,186.92388149414063,0,12,0,2024-04-07,0.0,0.0,0.0,0.0,0
12,0.0,0.0,0.0,0.0,1.0,0,1,1.0,1.0,0.0,1,1,0,1,1,0,0,6,0.0,0.0,395.5915755859375,226.34557338867188,0,12,0,2024-04-07,0.0,0.0,0.0,0.0,0
13,0.0,0.0,0.0,0.0,1.0,0,1,1.0,1.0,0.0,1,1,0,1,1,0,0,6,0.0,0.0,423.0915755859375,221.14905544433594,0,12,0,2024-04-07,0.0,0.0,0.0,0.0,0
14,0.0,0.0,0.0,0.0,1.0,0,1,1.0,1.0,0.0,1,1,0,1,1,0,0,6,0.0,0.0,519.7915877929687,278.8377608886719,0,12,0,2024-04-07,0.0,0.0,0.0,0.0,0
15,0.0,0.0,0.0,0.0,1.0,0,1,1.0,1.0,0.0,1,1,0,1,1,0,0,6,0.0,0.0,469.79158779296876,274.8926009765625,0,12,0,2024-04-07,0.0,0.0,0.0,0.0,0
16,0.0,0.0,0.0,0.0,1.0,0,1,1.0,1.0,0.0,1,1,0,1,1,0,0,6,0.0,0.0,461.5915755859375,287.28060146484376,0,12,0,2024-04-07,0.0,0.0,0.0,0.0,0
17,93.70000457763669,291.2000045776367,250.0,541.2000045776367,1.0,0,1,1.0,1.0,1.0,1,1,1,1,1,0,1,5,0.0,0.12051831069335923,569.7214507690429,219.8704223266602,1,12,0,2024-04-07,29.120000457763673,25.0,54.12000045776367,0.005132626257256571,0
18,49.976773977307424,307.7000045776367,307.70000084809726,615.400005425734,1.0,0,1,1.0,1.0,1.0,1,1,1,1,1,5,1,0,0.0,0.11234465961174582,525.6797997585575,273.1315489902839,1,12,0,2024-04-07,30.770000457763672,30.770000084809727,61.5400005425734,0.005555557052842804,0
19,56.0650005340576,354.4000053405762,331.48333867390954,685.8833440144857,1.0,0,1,1.0,1.0,1.0,1,1,1,1,1,5,1,0,0.0,0.0,571.1413783660888,354.98165151554014,1,12,0,2024-04-07,35.44000053405762,33.14833386739095,68.58833440144858,0.005369935528993919,0
20,45.88000068664555,458.8000068664551,458.8000068664551,917.6000137329102,1.0,0,1,1.0,1.0,1.0,1,1,1,1,1,0,0,6,0.0,0.0,600.5165591827392,469.31783710632317,1,12,0,2024-04-07,45.88000068664551,45.88000068664551,91.76000137329102,4.157254542281278e-10,0
21,64.52000160217287,453.200008392334,453.200008392334,906.400016784668,1.0,0,1,1.0,1.0,1.0,1,1,1,1,1,0,6,0,0.0,0.0014268208805086572,622.6674853912353,452.5533731573131,1,12,0,2024-04-07,45.3200008392334,45.3200008392334,90.6400016784668,0.01111111377657324,0
22,53.081676239418,523.9000015258789,530.700008392334,1054.600009918213,1.0,0,1,1.0,1.0,1.0,1,1,1,1,1,0,3,3,0.0,0.1286793180128328,542.2735171421738,462.4098932430038,1,12,0,2024-04-07,52.390000152587895,53.0700008392334,105.46000099182129,0.041935331129605985,0
23,97.02000160217284,503.200008392334,503.200008392334,1006.400016784668,1.0,0,1,1.0,1.0,1.0,1,1,1,1,1,0,6,0,0.0,0.0,704.6815268514456,523.4715983978272,1,12,0,2024-04-07,50.3200008392334,50.3200008392334,100.6400016784668,0.08333333661837995,0
24,63.840000915527256,629.8000091552734,638.4000091552734,1268.200018310547,1.0,0,1,1.0,1.0,1.0,1,1,1,1,1,2,0,4,0.0,0.015049760818712446,748.7282073608397,628.7922417108227,1,12,0,2024-04-07,62.98000091552734,63.84000091552735,126.8200018310547,0.022071527817163625,0
25,99.59000091552731,610.9000091552734,610.9000091552734,1221.8000183105469,1.0,0,1,1.0,1.0,1.0,1,1,1,1,1,2,4,0,0.0,0.0761437850504977,730.2050140014647,564.3837701708072,1,12,0,2024-04-07,61.09000091552735,61.09000091552735,122.1800018310547,0.01666666803913133,0
26,69.94004374657202,699.4000091552734,699.3999615652239,1398.7999707204972,1.0,0,1,1.0,1.0,1.0,1,1,1,1,1,2,4,0,0.0,0.1037937132340869,702.7215607387594,626.8066425185916,1,12,0,2024-04-07,69.94000091552735,69.93999615652238,139.87999707204972,0.038888886065621964,0
27,71.59000091552724,715.9000091552734,715.9000091552734,1431.8000183105469,1.0,0,1,1.0,1.0,1.0,1,1,1,1,1,0,6,0,0.0,0.0992132879154161,730.7881438842771,644.8732154283023,1,12,0,2024-04-07,71.59000091552734,71.59000091552734,143.18000183105468,0.01111111193999419,0
28,81.37113339591518,715.9000091552734,705.0320841770645,1420.932093332338,1.0,0,1,1.0,1.0,1.0,1,1,1,1,1,6,0,0,0.0,0.0,870.0663466771651,808.2717335725075,1,12,0,2024-04-07,71.59000091552734,70.50320841770645,142.0932093332338,1.054900885773968e-09,0
29,73.24009747053746,732.4000091552734,732.3999018719289,1464.7999110272024,1.0,0,1,1.0,1.0,1.0,1,1,1,1,1,0,2,4,0.0,0.0,936.1974360121675,876.5807871974313,1,12,0,2024-04-07,73.24000091552735,73.2399901871929,146.47999110272025,0.005555555248872179,0
30,113.57000236511233,742.5266787211101,751.700008392334,1494.226687113444,1.0,0,1,1.0,1.0,1.0,1,1,1,1,1,5,1,0,0.0,0.0,1057.6157787322998,951.7227450958252,1,12,0,2024-04-07,74.25266787211102,75.1700008392334,149.42266871134441,0.0027948318697145693,0
31,146.50534281302987,762.3266779581706,706.6607386848495,1468.9874166430202,1.0,0,1,1.0,1.0,1.0,1,1,1,1,1,6,0,0,0.0,0.0,999.1294272856861,857.9052024994701,1,12,0,2024-04-07,76.23266779581706,70.66607386848496,146.89874166430204,1.5227210046103641e-09,0
32,94.75000076293951,0.0,837.5000076293945,837.5000076293945,1.0,0,1,1.0,1.0,1.0,1,1,1,1,1,0,0,6,0.0,0.0,933.4423890495301,895.0086890808104,1,12,0,2024-04-07,0.0,83.75000076293946,83.75000076293946,9.109725375236765e-10,0
33,139.57000083923333,839.8966757456461,845.700008392334,1685.59668413798,1.0,0,1,1.0,1.0,1.0,1,1,1,1,1,0,6,0,0.0,0.0,1030.481000922521,902.2439868560792,1,12,0,2024-04-07,83.98966757456462,84.5700008392334,168.55966841379802,3.847293650254804e-09,0
34,683.9000091552734,908.9000091552734,250.0,1158.9000091552734,1.0,0,1,1.0,1.0,1.0,1,1,1,1,1,0,6,0,0.0,0.26608212294921896,1589.6190349737803,183.47946926269526,1,12,0,2024-04-07,90.89000091552735,25.0,115.89000091552735,1.3166613980460823e-08,0
35,90.60980482670658,840.200008392334,840.200008392334,1680.400016784668,1.0,0,1,1.0,1.0,1.0,1,1,1,1,1,6,0,0,0.0,0.07449780278793618,1016.7491736724148,777.6069538646996,1,12,0,2024-04-07,84.0200008392334,84.0200008392334,168.0400016784668,1.535713403612018e-09,0
36,85.12000083923337,842.600008392334,851.200008392334,1693.800016784668,1.0,0,1,1.0,1.0,1.0,1,1,1,1,1,0,6,0,0.0,0.08214689882571015,1000.471374782013,781.2765674224853,1,12,0,2024-04-07,84.2600008392334,85.1200008392334,169.3800016784668,0.013959408700303025,0
37,164.12258185107456,721.6333368937175,722.0000076293945,1443.633344523112,1.0,0,1,1.0,1.0,1.0,1,1,1,1,1,0,6,0,0.0,0.010164647015382977,1094.7808358387913,714.6611324067379,1,12,0,2024-04-07,72.16333368937175,72.20000076293945,144.36333445231122,0.008335454518706533,0
38,85.6400012969971,664.0333346048991,664.4000053405762,1328.4333399454754,1.0,0,1,1.0,1.0,1.0,1,1,1,1,1,5,1,0,0.0,0.0,919.7609945266316,763.8226680389404,1,12,0,2024-04-07,66.40333346048992,66.44000053405762,132.84333399454755,0.002778545529775747,0
39,108.47000120347913,617.3333338419596,617.7000045776367,1235.0333384195965,1.0,0,1,1.0,1.0,1.0,1,1,1,1,1,0,0,6,0.0,0.0,861.0244063792603,658.9655191064735,1,12,0,2024-04-07,61.733333384195966,61.77000045776367,123.50333384195966,1.3946179358495367e-11,0
40,123.42774354255766,659.0333346048991,659.4000053405762,1318.4333399454754,1.0,0,1,1.0,1.0,1.0,1,1,1,1,1,6,0,0,0.0,0.09854899712384321,766.3240066284951,594.4167961108055,1,12,0,2024-04-07,65.90333346048992,65.94000053405762,131.84333399454755,1.1666597667556806e-09,0
41,98.6100006103515,597.4733370463053,601.1000061035156,1198.573343149821,1.0,0,1,1.0,1.0,1.0,1,1,1,1,1,0,0,6,0.0,0.06716861054356735,683.3800429931639,560.7249538958126,1,12,0,2024-04-07,59.747333704630535,60.11000061035156,119.85733431498211,4.742589945428364e-17,0
42,149.37474382543942,624.3400032043457,639.6000061035156,1263.9400093078614,1.0,0,1,1.0,1.0,1.0,1,1,1,1,1,6,0,0,0.0,0.2671802419807263,687.84999944458,468.7115217019043,1,12,0,2024-04-07,62.43400032043458,63.960000610351564,126.39400093078615,0.03293088938051709,0
43,80.96000061035157,523.600001525879,534.6000061035156,1058.2000076293946,1.0,0,1,1.0,1.0,1.0,1,1,1,1,1,4,2,0,0.0,0.0361864234226578,583.624549137207,515.2547439208984,1,12,0,2024-04-07,52.3600001525879,53.460000610351564,105.82000076293946,0.028066527864174434,0
44,48.055920611572176,468.6000015258789,479.6000061035156,948.2000076293946,1.0,0,1,1.0,1.0,1.0,1,1,1,1,1,3,0,3,0.0,0.0,549.7112856018066,544.2717389587402,1,12,0,2024-04-07,46.860000152587894,47.960000610351564,94.82000076293946,0.04118329454462383,0
45,44.26271126280208,396.96667226155597,407.6000061035156,804.5666783650715,1.0,0,1,1.0,1.0,1.0,1,1,1,1,1,0,0,6,0.0,0.0,539.2081153155365,580.7443306317291,1,12,0,2024-04-07,39.6966672261556,40.76000061035157,80.45666783650717,8.594850300578026e-10,0
46,60.56000061035157,385.6000061035156,385.6000061035156,771.2000122070312,1.0,0,1,1.0,1.0,1.0,1,1,1,1,1,0,2,4,0.0,0.0,489.6442596435547,498.2769363037109,1,12,0,2024-04-07,38.560000610351565,38.560000610351565,77.12000122070313,0.027777778217461625,0
47,117.56321078068686,374.7000045776367,374.7000045776367,749.4000091552734,1.0,0,1,1.0,1.0,1.0,1,1,1,1,1,6,0,0,0.0,0.0,559.4440091205306,431.11643853571934,1,12,0,2024-04-07,37.470000457763675,37.470000457763675,74.94000091552735,0.0833333349973251,0
0,-250.7600023905436,0.0,259.4000015258789,259.4000015258789,1.0,0,1,1.0,1.0,1.0,1,1,1,1,1,5,1,0,0.0,0.0,43.401970896402986,638.0515901835124,1,12,1,2024-04-07,0.0,25.940000152587892,25.940000152587892,0.005555574999956003,0
1,-125.95999946594247,0.0,278.60000228881836,278.60000228881836,1.0,0,1,1.0,1.0,1.0,1,1,1,1,1,0,0,6,0.0,0.0,101.89849753481539,513.2515872589113,1,12,1,2024-04-07,0.0,27.860000228881837,27.860000228881837,1.3692383861379477e-09,0
2,0.0,0.0,0.0,0.0,1.0,0,1,1.0,1.0,0.0,1,1,0,1,1,0,0,6,0.0,0.0,217.2069785030365,387.29158779296876,0,12,1,2024-04-07,0.0,0.0,0.0,0.0,0
3,0.0,0.0,0.0,0.0,1.0,0,1,1.0,1.0,0.0,1,1,0,1,1,0,0,6,0.0,0.0,297.3373021661224,387.29158779296876,0,12,1,2024-04-07,0.0,0.0,0.0,0.0,0
4,0.0,0.0,0.0,0.0,1.0,0,1,1.0,1.0,0.0,1,1,0,1,1,0,0,6,0.0,0.0,333.0805892578125,355.0648116699219,0,12,1,2024-04-07,0.0,0.0,0.0,0.0,0
5,0.0,0.0,0.0,0.0,1.0,0,1,1.0,1.0,0.0,1,1,0,1,1,0,0,6,0.0,0.0,337.1223067871094,332.2134017578125,0,12,1,2024-04-07,0.0,0.0,0.0,0.0,0
6,0.0,0.0,0.0,0.0,1.0,0,1,1.0,1.0,0.0,1,1,0,1,1,0,0,6,0.0,0.0,287.29158779296876,272.0151595703125,0,12,1,2024-04-07,0.0,0.0,0.0,0.0,0
7,0.0,0.0,0.0,0.0,1.0,0,1,1.0,1.0,0.0,1,1,0,1,1,0,0,6,0.0,0.0,218.09159084472657,242.73799892578126,0,12,1,2024-04-07,0.0,0.0,0.0,0.0,0
8,0.0,0.0,0.0,0.0,1.0,0,1,1.0,1.0,0.0,1,1,0,1,1,0,0,6,0.0,0.0,217.06194301757813,232.17882534179688,0,12,1,2024-04-07,0.0,0.0,0.0,0.0,0
9,0.0,0.0,0.0,0.0,1.0,0,1,1.0,1.0,0.0,1,1,0,1,1,0,0,6,0.0,0.0,216.6968459716797,217.53751369628907,0,12,1,2024-04-07,0.0,0.0,0.0,0.0,0
10,0.0,0.0,0.0,0.0,1.0,0,1,1.0,1.0,0.0,1,1,0,1,1,0,0,6,0.0,0.0,218.09159084472657,211.40621181640626,0,12,1,2024-04-07,0.0,0.0,0.0,0.0,0
11,0.0,0.0,0.0,0.0,1.0,0,1,1.0,1.0,0.0,1,1,0,1,1,0,0,6,0.0,0.0,241.15392299804688,207.9819564453125,0,12,1,2024-04-07,0.0,0.0,0.0,0.0,0
12,0.0,0.0,0.0,0.0,1.0,0,1,1.0,1.0,0.0,1,1,0,1,1,0,0,6,0.0,0.0,263.42842861328126,207.17534633789063,0,12,1,2024-04-07,0.0,0.0,0.0,0.0,0
13,0.0,0.0,0.0,0.0,1.0,0,1,1.0,1.0,0.0,1,1,0,1,1,0,0,6,0.0,0.0,333.67415615234376,281.9619369140625,0,12,1,2024-04-07,0.0,0.0,0.0,0.0,0
14,0.0,0.0,0.0,0.0,1.0,0,1,1.0,1.0,0.0,1,1,0,1,1,0,0,6,0.0,0.0,378.6136397949219,311.25606533203126,0,12,1,2024-04-07,0.0,0.0,0.0,0.0,0
15,0.0,0.0,0.0,0.0,1.0,0,1,1.0,1.0,0.0,1,1,0,1,1,0,0,6,0.0,0.0,436.2934493652344,331.78353115234376,0,12,1,2024-04-07,0.0,0.0,0.0,0.0,0
16,0.0,0.0,0.0,0.0,1.0,0,1,1.0,1.0,0.0,1,1,0,1,1,0,0,6,0.0,0.0,478.2448653808594,356.7701339355469,0,12,1,2024-04-07,0.0,0.0,0.0,0.0,0
17,93.70000457763669,291.2000045776367,250.0,541.2000045776367,1.0,0,1,1.0,1.0,1.0,1,1,1,1,1,0,1,5,0.0,0.0,571.4308929077148,319.50051071580094,1,12,1,2024-04-07,29.120000457763673,25.0,54.12000045776367,0.005132626257256571,0
18,49.976773977307424,307.7000045776367,307.70000084809726,615.400005425734,1.0,0,1,1.0,1.0,1.0,1,1,1,1,1,5,1,0,0.0,0.0,609.9607445827761,433.82828436626045,1,12,1,2024-04-07,30.770000457763672,30.770000084809727,61.5400005425734,0.005555557052842804,0
19,56.0650005340576,354.4000053405762,331.48333867390954,685.8833440144857,1.0,0,1,1.0,1.0,1.0,1,1,1,1,1,5,1,0,0.0,0.0,834.1994227996826,700.1784112643678,1,12,1,2024-04-07,35.44000053405762,33.14833386739095,68.58833440144858,0.005369935528993919,0
20,45.88000068664555,458.8000068664551,458.8000068664551,917.6000137329102,1.0,0,1,1.0,1.0,1.0,1,1,1,1,1,0,0,6,0.0,0.0,800.4851260772705,759.1946890030991,1,12,1,2024-04-07,45.88000068664551,45.88000068664551,91.76000137329102,4.157254542281278e-10,0
21,64.52000160217287,453.200008392334,453.200008392334,906.400016784668,1.0,0,1,1.0,1.0,1.0,1,1,1,1,1,0,6,0,0.0,0.0,809.5571338287353,767.5446961749414,1,12,1,2024-04-07,45.3200008392334,45.3200008392334,90.6400016784668,0.01111111377657324,0
22,53.081676239418,523.9000015258789,530.700008392334,1054.600009918213,1.0,0,1,1.0,1.0,1.0,1,1,1,1,1,0,3,3,0.0,0.0,909.9391849615555,953.7583124324569,1,12,1,2024-04-07,52.390000152587895,53.0700008392334,105.46000099182129,0.041935331129605985,0
23,97.02000160217284,503.200008392334,503.200008392334,1006.400016784668,1.0,0,1,1.0,1.0,1.0,1,1,1,1,1,0,6,0,0.0,0.0,1007.0498316499938,950.2286174407959,1,12,1,2024-04-07,50.3200008392334,50.3200008392334,100.6400016784668,0.08333333661837995,0
24,63.840000915527256,629.8000091552734,638.4000091552734,1268.200018310547,1.0,0,1,1.0,1.0,1.0,1,1,1,1,1,2,0,4,0.0,0.0,1046.9198348999023,1086.9848510375978,1,12,1,2024-04-07,62.98000091552734,63.84000091552735,126.8200018310547,0.022071527817163625,0
25,99.59000091552731,610.9000091552734,610.9000091552734,1221.8000183105469,1.0,0,1,1.0,1.0,1.0,1,1,1,1,1,2,4,0,0.0,0.0,1029.778660583496,989.6182738891603,1,12,1,2024-04-07,61.09000091552735,61.09000091552735,122.1800018310547,0.01666666803913133,0
26,69.94004374657202,699.4000091552734,699.3999615652239,1398.7999707204972,1.0,0,1,1.0,1.0,1.0,1,1,1,1,1,2,4,0,0.0,0.0,1024.748050478241,1027.455853128428,1,12,1,2024-04-07,69.94000091552735,69.93999615652238,139.87999707204972,0.038888886065621964,0
27,71.59000091552724,715.9000091552734,715.9000091552734,1431.8000183105469,1.0,0,1,1.0,1.0,1.0,1,1,1,1,1,0,6,0,0.0,0.0,1126.5298803981145,1122.3415135651876,1,12,1,2024-04-07,71.59000091552734,71.59000091552734,143.18000183105468,0.01111111193999419,0
28,81.37113339591518,715.9000091552734,705.0320841770645,1420.932093332338,1.0,0,1,1.0,1.0,1.0,1,1,1,1,1,6,0,0,0.0,0.0,1202.2660537084153,1188.950412263592,1,12,1,2024-04-07,71.59000091552734,70.50320841770645,142.0932093332338,1.054900885773968e-09,0
29,73.24009747053746,732.4000091552734,732.3999018719289,1464.7999110272024,1.0,0,1,1.0,1.0,1.0,1,1,1,1,1,0,2,4,0.0,0.0,1161.2723946576077,1241.3514781154001,1,12,1,2024-04-07,73.24000091552735,73.2399901871929,146.47999110272025,0.005555555248872179,0
30,113.57000236511233,742.5266787211101,751.700008392334,1494.226687113444,1.0,0,1,1.0,1.0,1.0,1,1,1,1,1,5,1,0,0.0,0.0,1205.8080770383478,1203.7216464630128,1,12,1,2024-04-07,74.25266787211102,75.1700008392334,149.42266871134441,0.0027948318697145693,0
31,146.50534281302987,762.3266779581706,706.6607386848495,1468.9874166430202,1.0,0,1,1.0,1.0,1.0,1,1,1,1,1,6,0,0,0.0,0.0,1201.5652793364675,1155.3774925385328,1,12,1,2024-04-07,76.23266779581706,70.66607386848496,146.89874166430204,1.5227210046103641e-09,0
32,94.75000076293951,0.0,837.5000076293945,837.5000076293945,1.0,0,1,1.0,1.0,1.0,1,1,1,1,1,0,0,6,0.0,0.0,1082.7871101379394,1144.5416480651857,1,12,1,2024-04-07,0.0,83.75000076293946,83.75000076293946,9.109725375236765e-10,0
33,139.57000083923333,839.8966757456461,845.700008392334,1685.59668413798,1.0,0,1,1.0,1.0,1.0,1,1,1,1,1,0,6,0,0.0,0.0,1037.3069393157957,1096.3496997467041,1,12,1,2024-04-07,83.98966757456462,84.5700008392334,168.55966841379802,3.847293650254804e-09,0
34,683.9000091552734,908.9000091552734,250.0,1158.9000091552734,0.0,6,0,1.0,0.0,1.0,0,0,1,1,0,0,6,0,0.0,0.0,1624.3953704833984,549.8519668212891,1,12,1,2024-04-07,90.89000091552735,25.0,115.89000091552735,1.3166613980460823e-08,0
35,90.60980482670658,840.200008392334,840.200008392334,1680.400016784668,1.0,0,1,1.0,1.0,1.0,1,1,1,1,1,6,0,0,0.0,0.0,1127.7592188892065,1108.8044025951685,1,12,1,2024-04-07,84.0200008392334,84.0200008392334,168.0400016784668,1.535713403612018e-09,0
36,85.12000083923337,842.600008392334,851.200008392334,1693.800016784668,1.0,0,1,1.0,1.0,1.0,1,1,1,1,1,0,6,0,0.0,0.0,923.5897274017334,927.3362598052978,1,12,1,2024-04-07,84.2600008392334,85.1200008392334,169.3800016784668,0.013959408700303025,0
37,164.12258185107456,721.6333368937175,722.0000076293945,1443.633344523112,1.0,0,1,1.0,1.0,1.0,1,1,1,1,1,0,6,0,0.0,0.0,1035.7766345854495,848.8424068208004,1,12,1,2024-04-07,72.16333368937175,72.20000076293945,144.36333445231122,0.008335454518706533,0
38,85.6400012969971,664.0333346048991,664.4000053405762,1328.4333399454754,1.0,0,1,1.0,1.0,1.0,1,1,1,1,1,5,1,0,0.0,0.0,871.5552234649658,777.7757930389404,1,12,1,2024-04-07,66.40333346048992,66.44000053405762,132.84333399454755,0.002778545529775747,0
39,108.47000120347913,617.3333338419596,617.7000045776367,1235.0333384195965,1.0,0,1,1.0,1.0,1.0,1,1,1,1,1,0,0,6,0.0,0.0,830.2189636058229,746.4066695973021,1,12,1,2024-04-07,61.733333384195966,61.77000045776367,123.50333384195966,1.3946179358495367e-11,0
40,123.42774354255766,659.0333346048991,659.4000053405762,1318.4333399454754,1.0,0,1,1.0,1.0,1.0,1,1,1,1,1,6,0,0,0.0,0.0,769.3494964722452,670.9897597777548,1,12,1,2024-04-07,65.90333346048992,65.94000053405762,131.84333399454755,1.1666597667556806e-09,0
41,98.6100006103515,597.4733370463053,601.1000061035156,1198.573343149821,1.0,0,1,1.0,1.0,1.0,1,1,1,1,1,0,0,6,0.0,0.0,721.1679840087891,687.2742385498047,1,12,1,2024-04-07,59.747333704630535,60.11000061035156,119.85733431498211,4.742589945428364e-17,0
42,149.37474382543942,624.3400032043457,639.6000061035156,1263.9400093078614,1.0,0,1,1.0,1.0,1.0,1,1,1,1,1,6,0,0,0.0,0.03486169763292668,748.3538087668456,617.3024640847168,1,12,1,2024-04-07,62.43400032043458,63.960000610351564,126.39400093078615,0.03293088938051709,0
43,80.96000061035157,523.600001525879,534.6000061035156,1058.2000076293946,1.0,0,1,1.0,1.0,1.0,1,1,1,1,1,4,2,0,0.0,0.0,596.0796295166016,607.9448073974609,1,12,1,2024-04-07,52.3600001525879,53.460000610351564,105.82000076293946,0.028066527864174434,0
44,48.055920611572176,468.6000015258789,479.6000061035156,948.2000076293946,1.0,0,1,1.0,1.0,1.0,1,1,1,1,1,3,0,3,0.0,0.0,566.424530334877,639.6702985290527,1,12,1,2024-04-07,46.860000152587894,47.960000610351564,94.82000076293946,0.04118329454462383,0
45,44.26271126280208,396.96667226155597,407.6000061035156,804.5666783650715,1.0,0,1,1.0,1.0,1.0,1,1,1,1,1,0,0,6,0.0,0.0,511.70141941801194,633.6063911786041,1,12,1,2024-04-07,39.6966672261556,40.76000061035157,80.45666783650717,8.594850300578026e-10,0
46,60.56000061035157,385.6000061035156,385.6000061035156,771.2000122070312,1.0,0,1,1.0,1.0,1.0,1,1,1,1,1,0,2,4,0.0,0.0,492.6412618009796,566.3315627685546,1,12,1,2024-04-07,38.560000610351565,38.560000610351565,77.12000122070313,0.027777778217461625,0
47,117.56321078068686,374.7000045776367,374.7000045776367,749.4000091552734,1.0,0,1,1.0,1.0,1.0,1,1,1,1,1,6,0,0,0.0,0.0,556.2893061894495,507.91087212946934,1,12,1,2024-04-07,37.470000457763675,37.470000457763675,74.94000091552735,0.0833333349973251,0
0,-250.7600023905436,0.0,259.4000015258789,259.4000015258789,0.0,6,0,0.0,0.0,1.0,1,0,1,0,0,5,1,0,0.0,0.0,0.0,490.35160849405923,1,12,2,2024-04-07,0.0,25.940000152587892,25.940000152587892,0.005555574999956003,1
1,-125.95999946594247,0.0,278.60000228881836,278.60000228881836,0.0,6,0,1.0,1.0,0.0,1,0,0,1,1,0,0,6,0.0,0.0,32.763206100463776,365.5516055694581,1,12,2,2024-04-07,0.0,27.860000228881837,27.860000228881837,1.3692383861379477e-09,0
2,0.0,0.0,0.0,0.0,1.0,0,1,1.0,1.0,0.0,1,1,0,1,1,0,0,6,0.0,0.0,143.80169677734375,228.59160610351563,0,12,2,2024-04-07,0.0,0.0,0.0,0.0,0
3,0.0,0.0,0.0,0.0,1.0,0,1,1.0,1.0,0.0,1,1,0,1,1,0,0,6,0.0,0.0,192.64611650976562,228.59160610351563,0,12,2,2024-04-07,0.0,0.0,0.0,0.0,0
4,0.0,0.0,0.0,0.0,1.0,0,1,1.0,1.0,0.0,1,1,0,1,1,0,0,6,0.0,0.0,192.87369533691407,209.39159389648438,0,12,2,2024-04-07,0.0,0.0,0.0,0.0,0
5,0.0,0.0,0.0,0.0,1.0,0,1,1.0,1.0,0.0,1,1,0,1,1,0,0,6,0.0,0.0,209.39159389648438,209.39159389648438,0,12,2,2024-04-07,0.0,0.0,0.0,0.0,0
6,0.0,0.0,0.0,0.0,1.0,0,1,1.0,1.0,0.0,1,1,0,1,1,0,0,6,0.0,0.0,198.39159389648438,198.39159389648438,0,12,2,2024-04-07,0.0,0.0,0.0,0.0,0
7,0.0,0.0,0.0,0.0,1.0,0,1,1.0,1.0,0.0,1,1,0,1,1,0,0,6,0.0,0.0,198.39159389648438,198.39159389648438,0,12,2,2024-04-07,0.0,0.0,0.0,0.0,0
8,0.0,0.0,0.0,0.0,1.0,0,1,1.0,1.0,0.0,1,1,0,1,1,0,0,6,0.0,0.0,198.39159389648438,198.39159389648438,0,12,2,2024-04-07,0.0,0.0,0.0,0.0,0
9,0.0,0.0,0.0,0.0,1.0,0,1,1.0,1.0,0.0,1,1,0,1,1,0,0,6,0.0,0.0,179.1915969482422,179.1915969482422,0,12,2,2024-04-07,0.0,0.0,0.0,0.0,0
10,0.0,0.0,0.0,0.0,1.0,0,1,1.0,1.0,0.0,1,1,0,1,1,0,0,6,0.0,0.0,190.1915969482422,190.1915969482422,0,12,2,2024-04-07,0.0,0.0,0.0,0.0,0
11,0.0,0.0,0.0,0.0,1.0,0,1,1.0,1.0,0.0,1,1,0,1,1,0,0,6,0.0,0.0,162.6915969482422,162.6915969482422,0,12,2,2024-04-07,0.0,0.0,0.0,0.0,0
12,0.0,0.0,0.0,0.0,1.0,0,1,1.0,1.0,0.0,1,1,0,1,1,0,0,6,0.0,0.0,162.6915969482422,162.6915969482422,0,12,2,2024-04-07,0.0,0.0,0.0,0.0,0
13,0.0,0.0,0.0,0.0,1.0,0,1,1.0,1.0,0.0,1,1,0,1,1,0,0,6,0.0,0.0,162.6915969482422,162.6915969482422,0,12,2,2024-04-07,0.0,0.0,0.0,0.0,0
14,0.0,0.0,0.0,0.0,1.0,0,1,1.0,1.0,0.0,1,1,0,1,1,0,0,6,0.0,0.0,201.09159084472657,201.09159084472657,0,12,2,2024-04-07,0.0,0.0,0.0,0.0,0
15,0.0,0.0,0.0,0.0,1.0,0,1,1.0,1.0,0.0,1,1,0,1,1,0,0,6,0.0,0.0,217.59159084472657,214.82781215820313,0,12,2,2024-04-07,0.0,0.0,0.0,0.0,0
16,0.0,0.0,0.0,0.0,1.0,0,1,1.0,1.0,0.0,1,1,0,1,1,0,0,6,0.0,0.0,264.23177333984376,264.191062890625,0,12,2,2024-04-07,0.0,0.0,0.0,0.0,0
17,93.70000457763669,291.2000045776367,250.0,541.2000045776367,1.0,0,1,1.0,1.0,1.0,1,1,1,1,1,0,1,5,0.0,0.3079011842285155,376.5128478637695,173.02470394287113,1,12,2,2024-04-07,29.120000457763673,25.0,54.12000045776367,0.005132626257256571,0
18,49.976773977307424,307.7000045776367,307.70000084809726,615.400005425734,1.0,0,1,1.0,1.0,1.0,1,1,1,1,1,5,1,0,0.0,0.01650332724762305,419.02882929957303,302.6219270400072,1,12,2,2024-04-07,30.770000457763672,30.770000084809727,61.5400005425734,0.005555557052842804,0
19,56.0650005340576,354.4000053405762,331.48333867390954,685.8833440144857,1.0,0,1,1.0,1.0,1.0,1,1,1,1,1,5,1,0,0.0,0.0,586.0247401824951,441.8441944068775,1,12,2,2024-04-07,35.44000053405762,33.14833386739095,68.58833440144858,0.005369935528993919,0
20,45.88000068664555,458.8000068664551,458.8000068664551,917.6000137329102,1.0,0,1,1.0,1.0,1.0,1,1,1,1,1,0,0,6,0.0,0.0,682.1697574249267,561.6332667938232,1,12,2,2024-04-07,45.88000068664551,45.88000068664551,91.76000137329102,4.157254542281278e-10,0
21,64.52000160217287,453.200008392334,453.200008392334,906.400016784668,1.0,0,1,1.0,1.0,1.0,1,1,1,1,1,0,6,0,0.0,0.0,794.9505664459228,638.443360682071,1,12,2,2024-04-07,45.3200008392334,45.3200008392334,90.6400016784668,0.01111111377657324,0
22,53.081676239418,523.9000015258789,530.700008392334,1054.600009918213,1.0,0,1,1.0,1.0,1.0,1,1,1,1,1,0,3,3,0.0,0.0,883.6974827823867,746.4120599910507,1,12,2,2024-04-07,52.390000152587895,53.0700008392334,105.46000099182129,0.041935331129605985,0
23,97.02000160217284,503.200008392334,503.200008392334,1006.400016784668,1.0,0,1,1.0,1.0,1.0,1,1,1,1,1,0,6,0,0.0,0.0,979.8492792176564,752.4360149017334,1,12,2,2024-04-07,50.3200008392334,50.3200008392334,100.6400016784668,0.08333333661837995,0
24,63.840000915527256,629.8000091552734,638.4000091552734,1268.200018310547,1.0,0,1,1.0,1.0,1.0,1,1,1,1,1,2,0,4,0.0,0.0,1001.0043636845907,822.7459594360352,1,12,2,2024-04-07,62.98000091552734,63.84000091552735,126.8200018310547,0.022071527817163625,0
25,99.59000091552731,610.9000091552734,610.9000091552734,1221.8000183105469,1.0,0,1,1.0,1.0,1.0,1,1,1,1,1,2,4,0,0.0,0.0,1032.6664241827389,811.2137939086914,1,12,2,2024-04-07,61.09000091552735,61.09000091552735,122.1800018310547,0.01666666803913133,0
26,69.94004374657202,699.4000091552734,699.3999615652239,1398.7999707204972,1.0,0,1,1.0,1.0,1.0,1,1,1,1,1,2,4,0,0.0,0.0,1162.777028888491,1104.669720315928,1,12,2,2024-04-07,69.94000091552735,69.93999615652238,139.87999707204972,0.038888886065621964,0
27,71.59000091552724,715.9000091552734,715.9000091552734,1431.8000183105469,1.0,0,1,1.0,1.0,1.0,1,1,1,1,1,0,6,0,0.0,0.0,1168.059317905591,1112.8858520141603,1,12,2,2024-04-07,71.59000091552734,71.59000091552734,143.18000183105468,0.01111111193999419,0
28,81.37113339591518,715.9000091552734,705.0320841770645,1420.932093332338,1.0,0,1,1.0,1.0,1.0,1,1,1,1,1,6,0,0,0.0,0.0,1228.5027427933326,1186.3770584009599,1,12,2,2024-04-07,71.59000091552734,70.50320841770645,142.0932093332338,1.054900885773968e-09,0
29,73.24009747053746,732.4000091552734,732.3999018719289,1464.7999110272024,1.0,0,1,1.0,1.0,1.0,1,1,1,1,1,0,2,4,0.0,0.0,1211.6607923292534,1199.9554820216501,1,12,2,2024-04-07,73.24000091552735,73.2399901871929,146.47999110272025,0.005555555248872179,0
30,113.57000236511233,742.5266787211101,751.700008392334,1494.226687113444,1.0,0,1,1.0,1.0,1.0,1,1,1,1,1,5,1,0,0.0,0.0,1270.5416957558054,1227.6106845489503,1,12,2,2024-04-07,74.25266787211102,75.1700008392334,149.42266871134441,0.0027948318697145693,0
31,146.50534281302987,762.3266779581706,706.6607386848495,1468.9874166430202,1.0,0,1,1.0,1.0,1.0,1,1,1,1,1,6,0,0,0.0,0.0,1266.1995078825207,1191.7955833588453,1,12,2,2024-04-07,76.23266779581706,70.66607386848496,146.89874166430204,1.5227210046103641e-09,0
32,94.75000076293951,0.0,837.5000076293945,837.5000076293945,1.0,0,1,1.0,1.0,1.0,1,1,1,1,1,0,0,6,0.0,0.0,1245.1871578025819,1228.6307593933107,1,12,2,2024-04-07,0.0,83.75000076293946,83.75000076293946,9.109725375236765e-10,0
33,139.57000083923333,839.8966757456461,845.700008392334,1685.59668413798,1.0,0,1,1.0,1.0,1.0,1,1,1,1,1,0,6,0,0.0,0.0,1310.3725564829506,1203.3117358795166,1,12,2,2024-04-07,83.98966757456462,84.5700008392334,168.55966841379802,3.847293650254804e-09,0
34,683.9000091552734,908.9000091552734,250.0,1158.9000091552734,0.3333333333333333,4,0,1.0,0.3333333333333333,1.0,0,0,1,1,0,0,6,0,0.0,0.0,1902.7026839574178,571.2707900634766,1,12,2,2024-04-07,90.89000091552735,25.0,115.89000091552735,1.3166613980460823e-08,0
35,90.60980482670658,840.200008392334,840.200008392334,1680.400016784668,1.0,0,1,1.0,1.0,1.0,1,1,1,1,1,6,0,0,0.0,0.0,1305.175950914353,1143.896565681106,1,12,2,2024-04-07,84.0200008392334,84.0200008392334,168.0400016784668,1.535713403612018e-09,0
36,85.12000083923337,842.600008392334,851.200008392334,1693.800016784668,1.0,0,1,1.0,1.0,1.0,1,1,1,1,1,0,6,0,0.0,0.0,1260.2674617767334,1107.6782397857667,1,12,2,2024-04-07,84.2600008392334,85.1200008392334,169.3800016784668,0.013959408700303025,0
37,164.12258185107456,721.6333368937175,722.0000076293945,1443.633344523112,1.0,0,1,1.0,1.0,1.0,1,1,1,1,1,0,6,0,0.0,0.0,1267.3023567648625,1060.877196859863,1,12,2,2024-04-07,72.16333368937175,72.20000076293945,144.36333445231122,0.008335454518706533,0
38,85.6400012969971,664.0333346048991,664.4000053405762,1328.4333399454754,1.0,0,1,1.0,1.0,1.0,1,1,1,1,1,5,1,0,0.0,0.0,1099.4825504159928,1113.207555734253,1,12,2,2024-04-07,66.40333346048992,66.44000053405762,132.84333399454755,0.002778545529775747,0
39,108.47000120347913,617.3333338419596,617.7000045776367,1235.0333384195965,1.0,0,1,1.0,1.0,1.0,1,1,1,1,1,0,0,6,0.0,0.0,922.9415588206666,966.0454025074584,1,12,2,2024-04-07,61.733333384195966,61.77000045776367,123.50333384195966,1.3946179358495367e-11,0
40,123.42774354255766,659.0333346048991,659.4000053405762,1318.4333399454754,1.0,0,1,1.0,1.0,1.0,1,1,1,1,1,6,0,0,0.0,0.0,904.4327484253702,908.5733779418174,1,12,2,2024-04-07,65.90333346048992,65.94000053405762,131.84333399454755,1.1666597667556806e-09,0
41,98.6100006103515,597.4733370463053,601.1000061035156,1198.573343149821,1.0,0,1,1.0,1.0,1.0,1,1,1,1,1,0,0,6,0.0,0.0,695.7635756492614,792.090705834961,1,12,2,2024-04-07,59.747333704630535,60.11000061035156,119.85733431498211,4.742589945428364e-17,0
42,149.37474382543942,624.3400032043457,639.6000061035156,1263.9400093078614,1.0,0,1,1.0,1.0,1.0,1,1,1,1,1,6,0,0,0.0,0.0,720.6243555814463,725.555454807373,1,12,2,2024-04-07,62.43400032043458,63.960000610351564,126.39400093078615,0.03293088938051709,0
43,80.96000061035157,523.600001525879,534.6000061035156,1058.2000076293946,1.0,0,1,1.0,1.0,1.0,1,1,1,1,1,4,2,0,0.0,0.0,567.8573394775391,735.1988357177734,1,12,2,2024-04-07,52.3600001525879,53.460000610351564,105.82000076293946,0.028066527864174434,0
44,48.055920611572176,468.6000015258789,479.6000061035156,948.2000076293946,0.6666666666666666,2,0,0.3333333333333333,1.0,1.0,0,0,1,0,1,3,0,3,0.08607965741068524,0.0,428.26307393188466,692.7064313415527,1,12,2,2024-04-07,46.860000152587894,47.960000610351564,94.82000076293946,0.04118329454462383,0
45,44.26271126280208,396.96667226155597,407.6000061035156,804.5666783650715,1.0,0,1,1.0,1.0,1.0,1,1,1,1,1,0,0,6,0.07633182360128983,0.0,366.66548225889585,629.9049751629791,1,12,2,2024-04-07,39.6966672261556,40.76000061035157,80.45666783650717,8.594850300578026e-10,0
46,60.56000061035157,385.6000061035156,385.6000061035156,771.2000122070312,0.8333333333333334,1,0,1.0,0.5,1.0,0,0,1,1,0,0,2,4,0.05501219951246273,0.0,364.3873016357422,576.6316115966796,1,12,2,2024-04-07,38.560000610351565,38.560000610351565,77.12000122070313,0.027777778217461625,0
47,117.56321078068686,374.7000045776367,374.7000045776367,749.4000091552734,1.0,0,1,1.0,1.0,1.0,1,1,1,1,1,6,0,0,0.0,0.0,386.930428798265,417.1215349712662,1,12,2,2024-04-07,37.470000457763675,37.470000457763675,74.94000091552735,0.0833333349973251,0
0,-250.7600023905436,0.0,259.4000015258789,259.4000015258789,0.0,6,0,0.0,0.0,1.0,1,0,1,0,0,5,1,0,0.0,0.0,0.0,512.151596287028,1,13,0,2024-04-07,0.0,25.940000152587892,25.940000152587892,0.0016666916502702557,0
1,-125.95999946594247,0.0,278.60000228881836,278.60000228881836,1.0,0,1,1.0,1.0,1.0,1,1,1,1,1,0,4,2,0.0,0.0,99.55734977722159,387.35159336242685,1,13,0,2024-04-07,0.0,27.860000228881837,27.860000228881837,0.030000002692835176,0
2,0.0,0.0,0.0,0.0,1.0,0,1,1.0,1.0,0.0,1,1,0,1,1,0,0,6,0.0,0.0,222.49527851740518,280.59159084472657,0,13,0,2024-04-07,0.0,0.0,0.0,0.0,0
3,0.0,0.0,0.0,0.0,1.0,0,1,1.0,1.0,0.0,1,1,0,1,1,0,0,6,0.0,0.0,272.4528274169922,299.7916183105469,0,13,0,2024-04-07,0.0,0.0,0.0,0.0,0
4,0.0,0.0,0.0,0.0,1.0,0,1,1.0,1.0,0.0,1,1,0,1,1,0,0,6,0.0,0.0,253.09159084472657,280.59159084472657,0,13,0,2024-04-07,0.0,0.0,0.0,0.0,0
5,0.0,0.0,0.0,0.0,1.0,0,1,1.0,1.0,0.0,1,1,0,1,1,0,0,6,0.0,0.0,268.7688674560547,291.59160610351563,0,13,0,2024-04-07,0.0,0.0,0.0,0.0,0
6,0.0,0.0,0.0,0.0,1.0,0,1,1.0,1.0,0.0,1,1,0,1,1,0,0,6,0.0,0.0,282.27771755371094,302.59160610351563,0,13,0,2024-04-07,0.0,0.0,0.0,0.0,0
7,0.0,0.0,0.0,0.0,1.0,0,1,1.0,1.0,0.0,1,1,0,1,1,0,0,6,0.0,0.0,278.68213649902344,302.59160610351563,0,13,0,2024-04-07,0.0,0.0,0.0,0.0,0
8,0.0,0.0,0.0,0.0,1.0,0,1,1.0,1.0,0.0,1,1,0,1,1,0,0,6,0.0,0.0,275.7241897216797,302.59160610351563,0,13,0,2024-04-07,0.0,0.0,0.0,0.0,0
9,0.0,0.0,0.0,0.0,1.0,0,1,1.0,1.0,0.0,1,1,0,1,1,0,0,6,0.0,0.0,255.06426235351563,272.204734765625,0,13,0,2024-04-07,0.0,0.0,0.0,0.0,0
10,0.0,0.0,0.0,0.0,1.0,0,1,1.0,1.0,0.0,1,1,0,1,1,0,0,6,0.0,0.0,259.9717483154297,271.00106044921876,0,13,0,2024-04-07,0.0,0.0,0.0,0.0,0
11,0.0,0.0,0.0,0.0,1.0,0,1,1.0,1.0,0.0,1,1,0,1,1,0,0,6,0.0,0.0,275.9069747558594,271.06714626464844,0,13,0,2024-04-07,0.0,0.0,0.0,0.0,0
12,0.0,0.0,0.0,0.0,1.0,0,1,1.0,1.0,0.0,1,1,0,1,1,0,0,6,0.0,0.0,270.846336328125,377.6975020996094,0,13,0,2024-04-07,0.0,0.0,0.0,0.0,0
13,0.0,0.0,0.0,0.0,1.0,0,1,1.0,1.0,0.0,1,1,0,1,1,0,0,6,0.0,0.0,271.42415615234376,377.6297530761719,0,13,0,2024-04-07,0.0,0.0,0.0,0.0,0
14,0.0,0.0,0.0,0.0,1.0,0,1,1.0,1.0,0.0,1,1,0,1,1,0,0,6,0.0,0.0,332.9980697265625,407.30367275390626,0,13,0,2024-04-07,0.0,0.0,0.0,0.0,0
15,0.0,0.0,0.0,0.0,1.0,0,1,1.0,1.0,0.0,1,1,0,1,1,0,0,6,0.0,0.0,423.74715419921876,524.9431991210937,0,13,0,2024-04-07,0.0,0.0,0.0,0.0,0
16,0.0,0.0,0.0,0.0,1.0,0,1,1.0,1.0,0.0,1,1,0,1,1,0,0,6,0.0,0.0,479.79366298828126,613.1621932617187,0,13,0,2024-04-07,0.0,0.0,0.0,0.0,0
17,93.70000457763669,291.2000045776367,250.0,541.2000045776367,1.0,0,1,1.0,1.0,1.0,1,1,1,1,1,0,1,5,0.0,0.0,473.6312408081054,410.9704292786265,1,13,0,2024-04-07,29.120000457763673,25.0,54.12000045776367,0.0019247351401625221,0
18,49.976773977307424,307.7000045776367,307.70000084809726,615.400005425734,1.0,0,1,1.0,1.0,1.0,1,1,1,1,1,0,6,0,0.0,0.0,445.64128657496366,500.6671426466967,1,13,0,2024-04-07,30.770000457763672,30.770000084809727,61.5400005425734,0.012499998913447758,0
19,56.0650005340576,354.4000053405762,331.48333867390954,685.8833440144857,1.0,0,1,1.0,1.0,1.0,1,1,1,1,1,5,1,0,0.0,0.0,520.0523585906982,589.797813591574,1,13,0,2024-04-07,35.44000053405762,33.14833386739095,68.58833440144858,0.03826078264909635,0
20,45.88000068664555,458.8000068664551,458.8000068664551,917.6000137329102,1.0,0,1,1.0,1.0,1.0,1,1,1,1,1,0,0,6,0.0,0.0,696.7822452178955,801.4520053838164,1,13,0,2024-04-07,45.88000068664551,45.88000068664551,91.76000137329102,4.157254542281278e-10,0
21,64.52000160217287,453.200008392334,453.200008392334,906.400016784668,1.0,0,1,1.0,1.0,1.0,1,1,1,1,1,0,6,0,0.0,0.0,754.4707120688121,836.0615031829833,1,13,0,2024-04-07,45.3200008392334,45.3200008392334,90.6400016784668,0.08333333136930857,0
22,53.081676239418,523.9000015258789,530.700008392334,1054.600009918213,1.0,0,1,1.0,1.0,1.0,1,1,1,1,1,0,0,6,0.0,0.0,749.4082386673202,848.7944452449569,1,13,0,2024-04-07,52.390000152587895,53.0700008392334,105.46000099182129,2.311172888816379e-10,0
23,97.02000160217284,503.200008392334,503.200008392334,1006.400016784668,1.0,0,1,1.0,1.0,1.0,1,1,1,1,1,0,6,0,0.0,0.0,791.2303575430551,800.9701945892334,1,13,0,2024-04-07,50.3200008392334,50.3200008392334,100.6400016784668,2.653306888683733e-09,0
24,63.840000915527256,629.8000091552734,638.4000091552734,1268.200018310547,1.0,0,1,1.0,1.0,1.0,1,1,1,1,1,0,6,0,0.0,0.0,822.3574138191681,878.8251830688477,1,13,0,2024-04-07,62.98000091552734,63.84000091552735,126.8200018310547,0.13381801440691166,0
25,99.59000091552731,610.9000091552734,610.9000091552734,1221.8000183105469,1.0,0,1,1.0,1.0,1.0,1,1,1,1,1,0,6,0,0.0,0.0,892.169674645996,872.9724229564495,1,13,0,2024-04-07,61.09000091552735,61.09000091552735,122.1800018310547,0.031249999115378263,0
26,69.94004374657202,699.4000091552734,699.3999615652239,1398.7999707204972,1.0,0,1,1.0,1.0,1.0,1,1,1,1,1,0,6,0,0.0,0.0,803.7157013637594,883.3791655736429,1,13,0,2024-04-07,69.94000091552735,69.93999615652238,139.87999707204972,0.009583333065134536,0
27,71.59000091552724,715.9000091552734,715.9000091552734,1431.8000183105469,1.0,0,1,1.0,1.0,1.0,1,1,1,1,1,0,6,0,0.0,0.0,816.9110076538084,891.6639682406467,1,13,0,2024-04-07,71.59000091552734,71.59000091552734,143.18000183105468,0.009583334319112123,0
28,81.37113339591518,715.9000091552734,705.0320841770645,1420.932093332338,1.0,0,1,1.0,1.0,1.0,1,1,1,1,1,4,2,0,0.0,0.0,903.9490505509089,904.6469558618973,1,13,0,2024-04-07,71.59000091552734,70.50320841770645,142.0932093332338,0.0008269602886368889,0
29,73.24009747053746,732.4000091552734,732.3999018719289,1464.7999110272024,1.0,0,1,1.0,1.0,1.0,1,1,1,1,1,5,0,1,0.0,0.0,920.5518040135062,902.3605723536813,1,13,0,2024-04-07,73.24000091552735,73.2399901871929,146.47999110272025,0.00375000053850672,0
30,113.57000236511233,742.5266787211101,751.700008392334,1494.226687113444,1.0,0,1,1.0,1.0,1.0,1,1,1,1,1,5,1,0,0.0,0.0,981.5881298065186,834.7870151153563,1,13,0,2024-04-07,74.25266787211102,75.1700008392334,149.42266871134441,0.00041922575058105473,0
31,146.50534281302987,762.3266779581706,706.6607386848495,1468.9874166430202,1.0,0,1,1.0,1.0,1.0,1,1,1,1,1,6,0,0,0.0,0.0,1012.8370078520924,826.8022972260326,1,13,0,2024-04-07,76.23266779581706,70.66607386848496,146.89874166430204,1.5227210046103641e-09,0
32,94.75000076293951,0.0,837.5000076293945,837.5000076293945,1.0,0,1,1.0,1.0,1.0,1,1,1,1,1,0,0,6,0.0,0.06919205883067533,870.021118927002,779.5516578308104,1,13,0,2024-04-07,0.0,83.75000076293946,83.75000076293946,9.109725375236765e-10,0
33,139.57000083923333,839.8966757456461,845.700008392334,1685.59668413798,1.0,0,1,1.0,1.0,1.0,1,1,1,1,1,0,6,0,0.04814909083464565,0.19957488796497666,799.4564144134521,676.9195239654541,1,13,0,2024-04-07,83.98966757456462,84.5700008392334,168.55966841379802,3.847293650254804e-09,0
34,683.9000091552734,908.9000091552734,250.0,1158.9000091552734,1.0,0,1,1.0,1.0,1.0,1,1,1,1,1,3,3,0,0.0,0.45252157607421895,1376.223129272461,136.86960598144526,1,13,0,2024-04-07,90.89000091552735,25.0,115.89000091552735,0.13390313874214588,0
35,90.60980482670658,840.200008392334,840.200008392334,1680.400016784668,1.0,0,1,1.0,1.0,1.0,1,1,1,1,1,6,0,0,0.02948461281733387,0.1240121187786489,815.4270364557653,736.0050251537621,1,13,0,2024-04-07,84.0200008392334,84.0200008392334,168.0400016784668,1.535713403612018e-09,0
36,85.12000083923337,842.600008392334,851.200008392334,1693.800016784668,1.0,0,1,1.0,1.0,1.0,1,1,1,1,1,0,6,0,0.057594858637632446,0.0847173737548428,794.0705800209096,779.0885791412353,1,13,0,2024-04-07,84.2600008392334,85.1200008392334,169.3800016784668,1.1260766574172786e-09,0
37,164.12258185107456,721.6333368937175,722.0000076293945,1443.633344523112,1.0,0,1,1.0,1.0,1.0,1,1,1,1,1,5,1,0,0.0,0.06214977688178351,787.5834138515577,677.1278682465817,1,13,0,2024-04-07,72.16333368937175,72.20000076293945,144.36333445231122,0.15634219503617391,0
38,85.6400012969971,664.0333346048991,664.4000053405762,1328.4333399454754,1.0,0,1,1.0,1.0,1.0,1,1,1,1,1,6,0,0,0.0707918957839248,0.00025566917089911645,617.025155984497,664.2301387420654,1,13,0,2024-04-07,66.40333346048992,66.44000053405762,132.84333399454755,1.4357880097412305e-09,0
39,108.47000120347913,617.3333338419596,617.7000045776367,1235.0333384195965,1.0,0,1,1.0,1.0,1.0,1,1,1,1,1,0,5,1,0.0,0.11402737638920482,620.7439498362916,547.265293660049,1,13,0,2024-04-07,61.733333384195966,61.77000045776367,123.50333384195966,0.2083951882892777,0
40,123.42774354255766,659.0333346048991,659.4000053405762,1318.4333399454754,1.0,0,1,1.0,1.0,1.0,1,1,1,1,1,6,0,0,0.0,0.20263194978774415,716.7304397339639,525.7844965683663,1,13,0,2024-04-07,65.90333346048992,65.94000053405762,131.84333399454755,1.1666597667556806e-09,0
41,98.6100006103515,597.4733370463053,601.1000061035156,1198.573343149821,1.0,0,1,1.0,1.0,1.0,1,1,1,1,1,0,0,6,0.0,0.11669314581969084,661.1091689697264,530.955755439061,1,13,0,2024-04-07,59.747333704630535,60.11000061035156,119.85733431498211,4.742589945428364e-17,0
42,149.37474382543942,624.3400032043457,639.6000061035156,1263.9400093078614,1.0,0,1,1.0,1.0,1.0,1,1,1,1,1,6,0,0,0.0,0.24922027122005874,713.9714463645018,480.1987191100462,1,13,0,2024-04-07,62.43400032043458,63.960000610351564,126.39400093078615,2.551429231390499e-09,0
43,80.96000061035157,523.600001525879,534.6000061035156,1058.2000076293946,1.0,0,1,1.0,1.0,1.0,1,1,1,1,1,6,0,0,0.0,0.02311141872982837,624.3121963134765,522.2446415094885,1,13,0,2024-04-07,52.3600001525879,53.460000610351564,105.82000076293946,1.441957006024621e-09,0
44,48.055920611572176,468.6000015258789,479.6000061035156,948.2000076293946,1.0,0,1,1.0,1.0,1.0,1,1,1,1,1,0,0,6,0.0,0.0,574.1693467834472,516.0785167734656,1,13,0,2024-04-07,46.860000152587894,47.960000610351564,94.82000076293946,1.0170379369246187e-09,0
45,44.26271126280208,396.96667226155597,407.6000061035156,804.5666783650715,1.0,0,1,1.0,1.0,1.0,1,1,1,1,1,0,0,6,0.0,0.0,601.6260763995208,594.7778160809479,1,13,0,2024-04-07,39.6966672261556,40.76000061035157,80.45666783650717,8.594850300578026e-10,0
46,60.56000061035157,385.6000061035156,385.6000061035156,771.2000122070312,1.0,0,1,1.0,1.0,1.0,1,1,1,1,1,0,0,6,0.0,0.0,556.989955102539,520.0404022216796,1,13,0,2024-04-07,38.560000610351565,38.560000610351565,77.12000122070313,9.89288681407059e-10,0
47,117.56321078068686,374.7000045776367,374.7000045776367,749.4000091552734,1.0,0,1,1.0,1.0,1.0,1,1,1,1,1,6,0,0,0.0,0.0,631.6306164447493,437.9020602154069,1,13,0,2024-04-07,37.470000457763675,37.470000457763675,74.94000091552735,1.663991776675657e-09,0
0,-250.7600023905436,0.0,259.4000015258789,259.4000015258789,0.0,6,0,0.0,0.0,1.0,1,0,1,0,0,5,1,0,0.0,0.0,0.0,513.8515932352702,1,13,1,2024-04-07,0.0,25.940000152587892,25.940000152587892,0.0016666916502702557,1
1,-125.95999946594247,0.0,278.60000228881836,278.60000228881836,0.0,6,0,1.0,0.0,0.0,1,0,0,1,0,0,4,2,0.0,0.0,23.35990104675284,389.05159031066904,1,13,1,2024-04-07,0.0,27.860000228881837,27.860000228881837,0.030000002692835176,0
2,0.0,0.0,0.0,0.0,1.0,0,1,1.0,1.0,0.0,1,1,0,1,1,0,0,6,0.0,0.0,150.1213836669922,282.29158779296876,0,13,1,2024-04-07,0.0,0.0,0.0,0.0,0
3,0.0,0.0,0.0,0.0,1.0,0,1,1.0,1.0,0.0,1,1,0,1,1,0,0,6,0.0,0.0,228.59142900976562,282.29158779296876,0,13,1,2024-04-07,0.0,0.0,0.0,0.0,0
4,0.0,0.0,0.0,0.0,1.0,0,1,1.0,1.0,0.0,1,1,0,1,1,0,0,6,0.0,0.0,261.8622512451172,282.29158779296876,0,13,1,2024-04-07,0.0,0.0,0.0,0.0,0
5,0.0,0.0,0.0,0.0,1.0,0,1,1.0,1.0,0.0,1,1,0,1,1,0,0,6,0.0,0.0,213.09159084472657,232.29158779296876,0,13,1,2024-04-07,0.0,0.0,0.0,0.0,0
6,0.0,0.0,0.0,0.0,1.0,0,1,1.0,1.0,0.0,1,1,0,1,1,0,0,6,0.0,0.0,240.59159084472657,253.2979201904297,0,13,1,2024-04-07,0.0,0.0,0.0,0.0,0
7,0.0,0.0,0.0,0.0,1.0,0,1,1.0,1.0,0.0,1,1,0,1,1,0,0,6,0.0,0.0,240.59159084472657,196.6357650390625,0,13,1,2024-04-07,0.0,0.0,0.0,0.0,0
8,0.0,0.0,0.0,0.0,1.0,0,1,1.0,1.0,0.0,1,1,0,1,1,0,0,6,0.0,0.0,191.9646682373047,173.63243862304688,0,13,1,2024-04-07,0.0,0.0,0.0,0.0,0
9,0.0,0.0,0.0,0.0,1.0,0,1,1.0,1.0,0.0,1,1,0,1,1,0,0,6,0.0,0.0,205.06108852539063,158.54027553710938,0,13,1,2024-04-07,0.0,0.0,0.0,0.0,0
10,0.0,0.0,0.0,0.0,1.0,0,1,1.0,1.0,0.0,1,1,0,1,1,0,0,6,0.0,0.0,209.79158779296876,149.2223586669922,0,13,1,2024-04-07,0.0,0.0,0.0,0.0,0
11,0.0,0.0,0.0,0.0,1.0,0,1,1.0,1.0,0.0,1,1,0,1,1,0,0,6,0.0,0.0,209.79158779296876,140.12134548339844,0,13,1,2024-04-07,0.0,0.0,0.0,0.0,0
12,0.0,0.0,0.0,0.0,1.0,0,1,1.0,1.0,0.0,1,1,0,1,1,0,0,6,0.0,0.0,209.79158779296876,136.0265578857422,0,13,1,2024-04-07,0.0,0.0,0.0,0.0,0
13,0.0,0.0,0.0,0.0,1.0,0,1,1.0,1.0,0.0,1,1,0,1,1,0,0,6,0.0,0.0,209.79158779296876,163.78731533203126,0,13,1,2024-04-07,0.0,0.0,0.0,0.0,0
14,0.0,0.0,0.0,0.0,1.0,0,1,1.0,1.0,0.0,1,1,0,1,1,0,0,6,0.0,0.0,248.29158779296876,175.87888332519532,0,13,1,2024-04-07,0.0,0.0,0.0,0.0,0
15,0.0,0.0,0.0,0.0,1.0,0,1,1.0,1.0,0.0,1,1,0,1,1,0,0,6,0.0,0.0,303.29158779296876,215.28267666015626,0,13,1,2024-04-07,0.0,0.0,0.0,0.0,0
16,0.0,0.0,0.0,0.0,1.0,0,1,1.0,1.0,0.0,1,1,0,1,1,0,0,6,0.0,0.0,341.79158779296876,248.64788051757813,0,13,1,2024-04-07,0.0,0.0,0.0,0.0,0
17,93.70000457763669,291.2000045776367,250.0,541.2000045776367,1.0,0,1,1.0,1.0,1.0,1,1,1,1,1,0,1,5,0.0,0.09664001479492174,506.614849053955,225.83999630126957,1,13,1,2024-04-07,29.120000457763673,25.0,54.12000045776367,0.0019247351401625221,0
18,49.976773977307424,307.7000045776367,307.70000084809726,615.400005425734,1.0,0,1,1.0,1.0,1.0,1,1,1,1,1,0,6,0,0.0,0.09077455162032909,445.1485950294772,279.76867123753635,1,13,1,2024-04-07,30.770000457763672,30.770000084809727,61.5400005425734,0.012499998913447758,0
19,56.0650005340576,354.4000053405762,331.48333867390954,685.8833440144857,1.0,0,1,1.0,1.0,1.0,1,1,1,1,1,5,1,0,0.0,0.04638686196264329,493.36093575789135,316.10686679992676,1,13,1,2024-04-07,35.44000053405762,33.14833386739095,68.58833440144858,0.03826078264909635,0
20,45.88000068664555,458.8000068664551,458.8000068664551,917.6000137329102,1.0,0,1,1.0,1.0,1.0,1,1,1,1,1,0,0,6,0.0,0.2856252199310546,497.13015852524444,327.7551540008545,1,13,1,2024-04-07,45.88000068664551,45.88000068664551,91.76000137329102,4.157254542281278e-10,0
21,64.52000160217287,453.200008392334,453.200008392334,906.400016784668,1.0,0,1,1.0,1.0,1.0,1,1,1,1,1,0,6,0,0.0,0.23662099172188053,562.9130298248291,345.96337295817534,1,13,1,2024-04-07,45.3200008392334,45.3200008392334,90.6400016784668,0.08333333136930857,0
22,53.081676239418,523.9000015258789,530.700008392334,1054.600009918213,1.0,0,1,1.0,1.0,1.0,1,1,1,1,1,0,0,6,0.0,0.21266793418146726,666.3988377628555,417.837133937449,1,13,1,2024-04-07,52.390000152587895,53.0700008392334,105.46000099182129,2.311172888816379e-10,0
23,97.02000160217284,503.200008392334,503.200008392334,1006.400016784668,1.0,0,1,1.0,1.0,1.0,1,1,1,1,1,0,6,0,0.0,0.14029399746447502,779.8122607818602,432.60406769081607,1,13,1,2024-04-07,50.3200008392334,50.3200008392334,100.6400016784668,2.653306888683733e-09,0
24,63.840000915527256,629.8000091552734,638.4000091552734,1268.200018310547,0.8333333333333334,1,0,1.0,0.8333333333333334,1.0,0,0,1,1,0,0,6,0,0.0,0.19832872044180297,832.2551848999022,511.78695220947276,1,13,1,2024-04-07,62.98000091552734,63.84000091552735,126.8200018310547,0.13381801440691166,0
25,99.59000091552731,610.9000091552734,610.9000091552734,1221.8000183105469,1.0,0,1,1.0,1.0,1.0,1,1,1,1,1,0,6,0,0.0,0.1264575009510828,904.8663299194335,533.647120666504,1,13,1,2024-04-07,61.09000091552735,61.09000091552735,122.1800018310547,0.031249999115378263,0
26,69.94004374657202,699.4000091552734,699.3999615652239,1398.7999707204972,1.0,0,1,1.0,1.0,1.0,1,1,1,1,1,0,6,0,0.0,0.15921237344821493,855.0173371059469,588.0468336948343,1,13,1,2024-04-07,69.94000091552735,69.93999615652238,139.87999707204972,0.009583333065134536,0
27,71.59000091552724,715.9000091552734,715.9000091552734,1431.8000183105469,1.0,0,1,1.0,1.0,1.0,1,1,1,1,1,0,6,0,0.0,0.1899372710102641,825.5909392944334,579.9239151000977,1,13,1,2024-04-07,71.59000091552734,71.59000091552734,143.18000183105468,0.009583334319112123,0
28,81.37113339591518,715.9000091552734,705.0320841770645,1420.932093332338,1.0,0,1,1.0,1.0,1.0,1,1,1,1,1,4,2,0,0.0,0.0905467987482532,846.5503554662276,641.1936859400223,1,13,1,2024-04-07,71.59000091552734,70.50320841770645,142.0932093332338,0.0008269602886368889,0
29,73.24009747053746,732.4000091552734,732.3999018719289,1464.7999110272024,1.0,0,1,1.0,1.0,1.0,1,1,1,1,1,5,0,1,0.0,0.04830000864397056,860.9254840916311,697.0249802806716,1,13,1,2024-04-07,73.24000091552735,73.2399901871929,146.47999110272025,0.00375000053850672,0
30,113.57000236511233,742.5266787211101,751.700008392334,1494.226687113444,1.0,0,1,1.0,1.0,1.0,1,1,1,1,1,5,1,0,0.0,0.0,1076.6019466033936,829.6549094628979,1,13,1,2024-04-07,74.25266787211102,75.1700008392334,149.42266871134441,0.00041922575058105473,0
31,146.50534281302987,762.3266779581706,706.6607386848495,1468.9874166430202,1.0,0,1,1.0,1.0,1.0,1,1,1,1,1,6,0,0,0.0,0.0,1150.0880072661548,832.6595794908507,1,13,1,2024-04-07,76.23266779581706,70.66607386848496,146.89874166430204,1.5227210046103641e-09,0
32,94.75000076293951,0.0,837.5000076293945,837.5000076293945,1.0,0,1,1.0,1.0,1.0,1,1,1,1,1,0,0,6,0.0,0.04965063161489151,1011.4544303527832,795.9176032731186,1,13,1,2024-04-07,0.0,83.75000076293946,83.75000076293946,9.109725375236765e-10,0
33,139.57000083923333,839.8966757456461,845.700008392334,1685.59668413798,1.0,0,1,1.0,1.0,1.0,1,1,1,1,1,0,6,0,0.0,0.12362775862675471,1043.3873454681395,741.1480118841621,1,13,1,2024-04-07,83.98966757456462,84.5700008392334,168.55966841379802,3.847293650254804e-09,0
34,683.9000091552734,908.9000091552734,250.0,1158.9000091552734,1.0,0,1,1.0,1.0,1.0,1,1,1,1,1,3,3,0,0.0,0.42238616943359375,1543.9387893310545,144.40345764160156,1,13,1,2024-04-07,90.89000091552735,25.0,115.89000091552735,0.13390313874214588,0
35,90.60980482670658,840.200008392334,840.200008392334,1680.400016784668,1.0,0,1,1.0,1.0,1.0,1,1,1,1,1,6,0,0,0.0,0.15208679205530212,955.0949351001441,712.416684431106,1,13,1,2024-04-07,84.0200008392334,84.0200008392334,168.0400016784668,1.535713403612018e-09,0
36,85.12000083923337,842.600008392334,851.200008392334,1693.800016784668,1.0,0,1,1.0,1.0,1.0,1,1,1,1,1,0,6,0,0.0,0.17814614767453937,858.0777873626708,699.5620059967041,1,13,1,2024-04-07,84.2600008392334,85.1200008392334,169.3800016784668,1.1260766574172786e-09,0
37,164.12258185107456,721.6333368937175,722.0000076293945,1443.633344523112,1.0,0,1,1.0,1.0,1.0,1,1,1,1,1,5,1,0,0.0,0.17075103363425512,838.6928561674807,598.7177600427353,1,13,1,2024-04-07,72.16333368937175,72.20000076293945,144.36333445231122,0.15634219503617391,0
38,85.6400012969971,664.0333346048991,664.4000053405762,1328.4333399454754,1.0,0,1,1.0,1.0,1.0,1,1,1,1,1,6,0,0,0.0,0.0,752.5555514923095,707.6350413487119,1,13,1,2024-04-07,66.40333346048992,66.44000053405762,132.84333399454755,1.4357880097412305e-09,0
39,108.47000120347913,617.3333338419596,617.7000045776367,1235.0333384195965,1.0,0,1,1.0,1.0,1.0,1,1,1,1,1,0,5,1,0.0,0.022813780452453716,745.5695723948853,603.6079322877229,1,13,1,2024-04-07,61.733333384195966,61.77000045776367,123.50333384195966,0.2083951882892777,0
40,123.42774354255766,659.0333346048991,659.4000053405762,1318.4333399454754,1.0,0,1,1.0,1.0,1.0,1,1,1,1,1,6,0,0,0.0,0.1765005632560237,707.0853591675576,543.0155329869394,1,13,1,2024-04-07,65.90333346048992,65.94000053405762,131.84333399454755,1.1666597667556806e-09,0
41,98.6100006103515,597.4733370463053,601.1000061035156,1198.573343149821,1.0,0,1,1.0,1.0,1.0,1,1,1,1,1,0,0,6,0.0,0.12261084205109996,603.8572997314452,527.3986281982422,1,13,1,2024-04-07,59.747333704630535,60.11000061035156,119.85733431498211,4.742589945428364e-17,0
42,149.37474382543942,624.3400032043457,639.6000061035156,1263.9400093078614,1.0,0,1,1.0,1.0,1.0,1,1,1,1,1,6,0,0,0.03673190377667494,0.3838420331192061,601.4068062827148,394.09463937768555,1,13,1,2024-04-07,62.43400032043458,63.960000610351564,126.39400093078615,2.551429231390499e-09,0
43,80.96000061035157,523.600001525879,534.6000061035156,1058.2000076293946,1.0,0,1,1.0,1.0,1.0,1,1,1,1,1,6,0,0,0.13560258200741596,0.2505873064572763,452.59848937988284,400.63603054199217,1,13,1,2024-04-07,52.3600001525879,53.460000610351564,105.82000076293946,1.441957006024621e-09,0
44,48.055920611572176,468.6000015258789,479.6000061035156,948.2000076293946,1.0,0,1,1.0,1.0,1.0,1,1,1,1,1,0,0,6,0.18109398095576157,0.1363432381071642,383.73936177368154,414.2097882751466,1,13,1,2024-04-07,46.860000152587894,47.960000610351564,94.82000076293946,1.0170379369246187e-09,0
45,44.26271126280208,396.96667226155597,407.6000061035156,804.5666783650715,1.0,0,1,1.0,1.0,1.0,1,1,1,1,1,0,0,6,0.02040893264596478,0.0,388.8650061846771,434.4289314618073,1,13,1,2024-04-07,39.6966672261556,40.76000061035157,80.45666783650717,8.594850300578026e-10,0
46,60.56000061035157,385.6000061035156,385.6000061035156,771.2000122070312,1.0,0,1,1.0,1.0,1.0,1,1,1,1,1,0,0,6,0.12182788735183327,0.1365881895233377,338.6231719970703,332.93159938964845,1,13,1,2024-04-07,38.560000610351565,38.560000610351565,77.12000122070313,9.89288681407059e-10,0
47,117.56321078068686,374.7000045776367,374.7000045776367,749.4000091552734,1.0,0,1,1.0,1.0,1.0,1,1,1,1,1,6,0,0,0.0,0.31484287729948895,400.56809359318686,256.7283770122819,1,13,1,2024-04-07,37.470000457763675,37.470000457763675,74.94000091552735,1.663991776675657e-09,0
0,-250.7600023905436,0.0,259.4000015258789,259.4000015258789,0.0,6,0,0.0,0.0,1.0,1,0,1,0,0,5,1,0,0.0,0.0,0.0,482.55159018351236,1,13,2,2024-04-07,0.0,25.940000152587892,25.940000152587892,0.0016666916502702557,0
1,-125.95999946594247,0.0,278.60000228881836,278.60000228881836,0.6666666666666666,2,0,1.0,0.5,1.0,1,0,1,1,0,0,4,2,0.0,0.0,68.48215446472159,357.75158725891123,1,13,2,2024-04-07,0.0,27.860000228881837,27.860000228881837,0.030000002692835176,0
2,0.0,0.0,0.0,0.0,1.0,0,1,1.0,1.0,0.0,1,1,0,1,1,0,0,6,0.0,0.0,211.7644805908203,281.79158779296876,0,13,2,2024-04-07,0.0,0.0,0.0,0.0,0
3,0.0,0.0,0.0,0.0,1.0,0,1,1.0,1.0,0.0,1,1,0,1,1,0,0,6,0.0,0.0,239.57447649511718,281.79158779296876,0,13,2,2024-04-07,0.0,0.0,0.0,0.0,0
4,0.0,0.0,0.0,0.0,1.0,0,1,1.0,1.0,0.0,1,1,0,1,1,0,0,6,0.0,0.0,247.47924038085938,269.25748439941407,0,13,2,2024-04-07,0.0,0.0,0.0,0.0,0
5,0.0,0.0,0.0,0.0,1.0,0,1,1.0,1.0,0.0,1,1,0,1,1,0,0,6,0.0,0.0,235.09159084472657,262.59159084472657,0,13,2,2024-04-07,0.0,0.0,0.0,0.0,0
6,0.0,0.0,0.0,0.0,1.0,0,1,1.0,1.0,0.0,1,1,0,1,1,0,0,6,0.0,0.0,235.09159084472657,254.65589138183594,0,13,2,2024-04-07,0.0,0.0,0.0,0.0,0
7,0.0,0.0,0.0,0.0,1.0,0,1,1.0,1.0,0.0,1,1,0,1,1,0,0,6,0.0,0.0,235.09159084472657,245.9827346435547,0,13,2,2024-04-07,0.0,0.0,0.0,0.0,0
8,0.0,0.0,0.0,0.0,1.0,0,1,1.0,1.0,0.0,1,1,0,1,1,0,0,6,0.0,0.0,207.65122219238282,204.6721877685547,0,13,2,2024-04-07,0.0,0.0,0.0,0.0,0
9,0.0,0.0,0.0,0.0,1.0,0,1,1.0,1.0,0.0,1,1,0,1,1,0,0,6,0.0,0.0,207.8210677734375,176.4441146484375,0,13,2,2024-04-07,0.0,0.0,0.0,0.0,0
10,0.0,0.0,0.0,0.0,1.0,0,1,1.0,1.0,0.0,1,1,0,1,1,0,0,6,0.0,0.0,212.71826931152344,144.06739040527344,0,13,2,2024-04-07,0.0,0.0,0.0,0.0,0
11,0.0,0.0,0.0,0.0,1.0,0,1,1.0,1.0,0.0,1,1,0,1,1,0,0,6,0.0,0.0,221.76132961425782,139.21709438476563,0,13,2,2024-04-07,0.0,0.0,0.0,0.0,0
12,0.0,0.0,0.0,0.0,1.0,0,1,1.0,1.0,0.0,1,1,0,1,1,0,0,6,0.0,0.0,251.4785384765625,154.29160305175782,0,13,2,2024-04-07,0.0,0.0,0.0,0.0,0
13,0.0,0.0,0.0,0.0,1.0,0,1,1.0,1.0,0.0,1,1,0,1,1,0,0,6,0.0,0.0,281.7916030517578,187.65850063476563,0,13,2,2024-04-07,0.0,0.0,0.0,0.0,0
14,0.0,0.0,0.0,0.0,1.0,0,1,1.0,1.0,0.0,1,1,0,1,1,0,0,6,0.0,0.0,333.43193813476563,250.9916,0,13,2,2024-04-07,0.0,0.0,0.0,0.0,0
15,0.0,0.0,0.0,0.0,1.0,0,1,1.0,1.0,0.0,1,1,0,1,1,0,0,6,0.0,0.0,399.90621181640626,304.11934658203126,0,13,2,2024-04-07,0.0,0.0,0.0,0.0,0
16,0.0,0.0,0.0,0.0,1.0,0,1,1.0,1.0,0.0,1,1,0,1,1,0,0,6,0.0,0.0,498.98882290039063,449.1484603515625,0,13,2,2024-04-07,0.0,0.0,0.0,0.0,0
17,93.70000457763669,291.2000045776367,250.0,541.2000045776367,1.0,0,1,1.0,1.0,1.0,1,1,1,1,1,0,1,5,0.0,0.0,653.8005523315429,395.95394893798834,1,13,2,2024-04-07,29.120000457763673,25.0,54.12000045776367,0.0019247351401625221,0
18,49.976773977307424,307.7000045776367,307.70000084809726,615.400005425734,1.0,0,1,1.0,1.0,1.0,1,1,1,1,1,0,6,0,0.0,0.0,766.5256249538699,634.7324439060553,1,13,2,2024-04-07,30.770000457763672,30.770000084809727,61.5400005425734,0.012499998913447758,0
19,56.0650005340576,354.4000053405762,331.48333867390954,685.8833440144857,1.0,0,1,1.0,1.0,1.0,1,1,1,1,1,5,1,0,0.0,0.0,846.8238124481201,751.2349262237549,1,13,2,2024-04-07,35.44000053405762,33.14833386739095,68.58833440144858,0.03826078264909635,0
20,45.88000068664555,458.8000068664551,458.8000068664551,917.6000137329102,1.0,0,1,1.0,1.0,1.0,1,1,1,1,1,0,0,6,0.0,0.0,967.6662784210205,877.419926071167,1,13,2,2024-04-07,45.88000068664551,45.88000068664551,91.76000137329102,4.157254542281278e-10,0
21,64.52000160217287,453.200008392334,453.200008392334,906.400016784668,1.0,0,1,1.0,1.0,1.0,1,1,1,1,1,0,6,0,0.0,0.0,1038.0015918365477,935.4931819915771,1,13,2,2024-04-07,45.3200008392334,45.3200008392334,90.6400016784668,0.08333333136930857,0
22,53.081676239418,523.9000015258789,530.700008392334,1054.600009918213,1.0,0,1,1.0,1.0,1.0,1,1,1,1,1,0,0,6,0.0,0.0,1095.929477411293,1050.8118981732018,1,13,2,2024-04-07,52.390000152587895,53.0700008392334,105.46000099182129,2.311172888816379e-10,0
23,97.02000160217284,503.200008392334,503.200008392334,1006.400016784668,1.0,0,1,1.0,1.0,1.0,1,1,1,1,1,0,6,0,0.0,0.0,1028.6885425201415,989.6045101165771,1,13,2,2024-04-07,50.3200008392334,50.3200008392334,100.6400016784668,2.653306888683733e-09,0
24,63.840000915527256,629.8000091552734,638.4000091552734,1268.200018310547,1.0,0,1,1.0,1.0,1.0,1,1,1,1,1,0,6,0,0.0,0.0,958.7741057983397,1007.8600723266602,1,13,2,2024-04-07,62.98000091552734,63.84000091552735,126.8200018310547,0.13381801440691166,0
25,99.59000091552731,610.9000091552734,610.9000091552734,1221.8000183105469,1.0,0,1,1.0,1.0,1.0,1,1,1,1,1,0,6,0,0.0,0.0,1055.396237145996,1058.4866592407227,1,13,2,2024-04-07,61.09000091552735,61.09000091552735,122.1800018310547,0.031249999115378263,0
26,69.94004374657202,699.4000091552734,699.3999615652239,1398.7999707204972,1.0,0,1,1.0,1.0,1.0,1,1,1,1,1,0,6,0,0.0,0.0,1016.8538239223532,1110.6922181971572,1,13,2,2024-04-07,69.94000091552735,69.93999615652238,139.87999707204972,0.009583333065134536,0
27,71.59000091552724,715.9000091552734,715.9000091552734,1431.8000183105469,1.0,0,1,1.0,1.0,1.0,1,1,1,1,1,0,6,0,0.0,0.0,1064.6835296264646,1202.6248531566982,1,13,2,2024-04-07,71.59000091552734,71.59000091552734,143.18000183105468,0.009583334319112123,0
28,81.37113339591518,715.9000091552734,705.0320841770645,1420.932093332338,1.0,0,1,1.0,1.0,1.0,1,1,1,1,1,4,2,0,0.0,0.0,1105.4754042943528,1250.1939531185305,1,13,2,2024-04-07,71.59000091552734,70.50320841770645,142.0932093332338,0.0008269602886368889,0
29,73.24009747053746,732.4000091552734,732.3999018719289,1464.7999110272024,1.0,0,1,1.0,1.0,1.0,1,1,1,1,1,5,0,1,0.0,0.0,1070.3920750096,1222.1300425685251,1,13,2,2024-04-07,73.24000091552735,73.2399901871929,146.47999110272025,0.00375000053850672,0
30,113.57000236511233,742.5266787211101,751.700008392334,1494.226687113444,1.0,0,1,1.0,1.0,1.0,1,1,1,1,1,5,1,0,0.0,0.0,989.6867015838624,1071.2205478302003,1,13,2,2024-04-07,74.25266787211102,75.1700008392334,149.42266871134441,0.00041922575058105473,0
31,146.50534281302987,762.3266779581706,706.6607386848495,1468.9874166430202,1.0,0,1,1.0,1.0,1.0,1,1,1,1,1,6,0,0,0.0,0.0,1017.2812217192799,1052.6107689057203,1,13,2,2024-04-07,76.23266779581706,70.66607386848496,146.89874166430204,1.5227210046103641e-09,0
32,94.75000076293951,0.0,837.5000076293945,837.5000076293945,1.0,0,1,1.0,1.0,1.0,1,1,1,1,1,0,0,6,0.0,0.0,782.2697151184083,983.005393182373,1,13,2,2024-04-07,0.0,83.75000076293946,83.75000076293946,9.109725375236765e-10,0
33,139.57000083923333,839.8966757456461,845.700008392334,1685.59668413798,1.0,0,1,1.0,1.0,1.0,1,1,1,1,1,0,6,0,0.10974259302162365,0.0,747.7242366790771,891.4519946685792,1,13,2,2024-04-07,83.98966757456462,84.5700008392334,168.55966841379802,3.847293650254804e-09,0
34,683.9000091552734,908.9000091552734,250.0,1158.9000091552734,0.6666666666666666,2,0,0.3333333333333333,1.0,1.0,0,0,1,0,1,3,3,0,0.0,0.0,1309.5640106201172,299.791664086914,1,13,2,2024-04-07,90.89000091552735,25.0,115.89000091552735,0.13390313874214588,0
35,90.60980482670658,840.200008392334,840.200008392334,1680.400016784668,1.0,0,1,1.0,1.0,1.0,1,1,1,1,1,6,0,0,0.07665170668590453,0.0,775.7972437915503,851.2388508373558,1,13,2,2024-04-07,84.0200008392334,84.0200008392334,168.0400016784668,1.535713403612018e-09,0
36,85.12000083923337,842.600008392334,851.200008392334,1693.800016784668,1.0,0,1,1.0,1.0,1.0,1,1,1,1,1,0,6,0,0.25985521528097116,0.02846378333129242,623.6460018157959,826.9716357818603,1,13,2,2024-04-07,84.2600008392334,85.1200008392334,169.3800016784668,1.1260766574172786e-09,0
37,164.12258185107456,721.6333368937175,722.0000076293945,1443.633344523112,0.16666666666666666,5,0,0.0,1.0,1.0,0,0,1,0,1,5,1,0,0.14632732855305813,0.07829763327819332,616.0386585112308,665.4691158051754,1,13,2,2024-04-07,72.16333368937175,72.20000076293945,144.36333445231122,0.15634219503617391,0
38,85.6400012969971,664.0333346048991,664.4000053405762,1328.4333399454754,1.0,0,1,1.0,1.0,1.0,1,1,1,1,1,6,0,0,0.16042307264829983,0.0,557.5070667266846,771.4516353240966,1,13,2,2024-04-07,66.40333346048992,66.44000053405762,132.84333399454755,1.4357880097412305e-09,0
39,108.47000120347913,617.3333338419596,617.7000045776367,1235.0333384195965,1.0,0,1,1.0,1.0,1.0,1,1,1,1,1,0,5,1,0.13214953437106028,0.0,535.7530212230104,704.2216720387083,1,13,2,2024-04-07,61.733333384195966,61.77000045776367,123.50333384195966,0.2083951882892777,0
40,123.42774354255766,659.0333346048991,659.4000053405762,1318.4333399454754,1.0,0,1,1.0,1.0,1.0,1,1,1,1,1,6,0,0,0.0,0.0,684.7231536988077,678.2639296996298,1,13,2,2024-04-07,65.90333346048992,65.94000053405762,131.84333399454755,1.1666597667556806e-09,0
41,98.6100006103515,597.4733370463053,601.1000061035156,1198.573343149821,1.0,0,1,1.0,1.0,1.0,1,1,1,1,1,0,0,6,0.0,0.0,627.0558624267578,683.8816604248047,1,13,2,2024-04-07,59.747333704630535,60.11000061035156,119.85733431498211,4.742589945428364e-17,0
42,149.37474382543942,624.3400032043457,639.6000061035156,1263.9400093078614,1.0,0,1,1.0,1.0,1.0,1,1,1,1,1,6,0,0,0.0,0.04875406629652731,642.6778444113769,608.4169050026856,1,13,2,2024-04-07,62.43400032043458,63.960000610351564,126.39400093078615,2.551429231390499e-09,0
43,80.96000061035157,523.600001525879,534.6000061035156,1058.2000076293946,1.0,0,1,1.0,1.0,1.0,1,1,1,1,1,6,0,0,0.0,0.0,571.2090850830078,676.8316482177734,1,13,2,2024-04-07,52.3600001525879,53.460000610351564,105.82000076293946,1.441957006024621e-09,0
44,48.055920611572176,468.6000015258789,479.6000061035156,948.2000076293946,1.0,0,1,1.0,1.0,1.0,1,1,1,1,1,0,0,6,0.0,0.0,517.7589540588378,684.435740423584,1,13,2,2024-04-07,46.860000152587894,47.960000610351564,94.82000076293946,1.0170379369246187e-09,0
45,44.26271126280208,396.96667226155597,407.6000061035156,804.5666783650715,1.0,0,1,1.0,1.0,1.0,1,1,1,1,1,0,0,6,0.0,0.0,467.2259680987396,649.3753731121978,1,13,2,2024-04-07,39.6966672261556,40.76000061035157,80.45666783650717,8.594850300578026e-10,0
46,60.56000061035157,385.6000061035156,385.6000061035156,771.2000122070312,1.0,0,1,1.0,1.0,1.0,1,1,1,1,1,0,0,6,0.0,0.0,480.31793518066405,597.7316482177733,1,13,2,2024-04-07,38.560000610351565,38.560000610351565,77.12000122070313,9.89288681407059e-10,0
47,117.56321078068686,374.7000045776367,374.7000045776367,749.4000091552734,1.0,0,1,1.0,1.0,1.0,1,1,1,1,1,6,0,0,0.0,0.0,520.3794339252181,516.1921831646256,1,13,2,2024-04-07,37.470000457763675,37.470000457763675,74.94000091552735,1.663991776675657e-09,0
0,-250.7600023905436,0.0,259.4000015258789,259.4000015258789,0.0,6,0,0.0,0.0,1.0,1,0,1,0,0,3,3,0,0.0,0.0,0.0,571.5515901835124,1,14,0,2024-04-07,0.0,25.940000152587892,25.940000152587892,0.022871497222393546,1
1,-125.95999946594247,0.0,278.60000228881836,278.60000228881836,0.0,6,0,1.0,1.0,0.0,1,0,0,1,1,0,0,6,0.0,0.0,69.27490959167471,446.75158725891123,1,14,0,2024-04-07,0.0,27.860000228881837,27.860000228881837,1.3692383861379477e-09,0
2,0.0,0.0,0.0,0.0,1.0,0,1,1.0,1.0,0.0,1,1,0,1,1,0,0,6,0.0,0.0,171.23652593782552,320.79158779296876,0,14,0,2024-04-07,0.0,0.0,0.0,0.0,0
3,0.0,0.0,0.0,0.0,1.0,0,1,1.0,1.0,0.0,1,1,0,1,1,0,0,6,0.0,0.0,182.5286543515625,320.79158779296876,0,14,0,2024-04-07,0.0,0.0,0.0,0.0,0
4,0.0,0.0,0.0,0.0,1.0,0,1,1.0,1.0,0.0,1,1,0,1,1,0,0,6,0.0,0.0,202.25322719726563,320.79158779296876,0,14,0,2024-04-07,0.0,0.0,0.0,0.0,0
5,0.0,0.0,0.0,0.0,1.0,0,1,1.0,1.0,0.0,1,1,0,1,1,0,0,6,0.0,0.0,211.75083156738282,293.29158779296876,0,14,0,2024-04-07,0.0,0.0,0.0,0.0,0
6,0.0,0.0,0.0,0.0,1.0,0,1,1.0,1.0,0.0,1,1,0,1,1,0,0,6,0.0,0.0,213.1615676513672,274.09160610351563,0,14,0,2024-04-07,0.0,0.0,0.0,0.0,0
7,0.0,0.0,0.0,0.0,1.0,0,1,1.0,1.0,0.0,1,1,0,1,1,0,0,6,0.0,0.0,213.2190169921875,274.09160610351563,0,14,0,2024-04-07,0.0,0.0,0.0,0.0,0
8,0.0,0.0,0.0,0.0,1.0,0,1,1.0,1.0,0.0,1,1,0,1,1,0,0,6,0.0,0.0,214.73970791015626,274.09160610351563,0,14,0,2024-04-07,0.0,0.0,0.0,0.0,0
9,0.0,0.0,0.0,0.0,1.0,0,1,1.0,1.0,0.0,1,1,0,1,1,0,0,6,0.0,0.0,166.3794173828125,224.09160610351563,0,14,0,2024-04-07,0.0,0.0,0.0,0.0,0
10,0.0,0.0,0.0,0.0,1.0,0,1,1.0,1.0,0.0,1,1,0,1,1,0,0,6,0.0,0.0,168.16002651367188,224.09160610351563,0,14,0,2024-04-07,0.0,0.0,0.0,0.0,0
11,0.0,0.0,0.0,0.0,1.0,0,1,1.0,1.0,0.0,1,1,0,1,1,0,0,6,0.0,0.0,217.76782985839844,268.00508876953126,0,14,0,2024-04-07,0.0,0.0,0.0,0.0,0
12,0.0,0.0,0.0,0.0,1.0,0,1,1.0,1.0,0.0,1,1,0,1,1,0,0,6,0.0,0.0,218.50868984375,261.32317348632813,0,14,0,2024-04-07,0.0,0.0,0.0,0.0,0
13,0.0,0.0,0.0,0.0,1.0,0,1,1.0,1.0,0.0,1,1,0,1,1,0,0,6,0.0,0.0,241.31436916503907,268.97657009277344,0,14,0,2024-04-07,0.0,0.0,0.0,0.0,0
14,0.0,0.0,0.0,0.0,1.0,0,1,1.0,1.0,0.0,1,1,0,1,1,0,0,6,0.0,0.0,270.7916030517578,259.87908168945313,0,14,0,2024-04-07,0.0,0.0,0.0,0.0,0
15,0.0,0.0,0.0,0.0,1.0,0,1,1.0,1.0,0.0,1,1,0,1,1,0,0,6,0.0,0.0,303.305320703125,277.40316005859376,0,14,0,2024-04-07,0.0,0.0,0.0,0.0,0
16,0.0,0.0,0.0,0.0,1.0,0,1,1.0,1.0,0.0,1,1,0,1,1,0,0,6,0.0,0.0,452.75325771484376,434.56014248046876,0,14,0,2024-04-07,0.0,0.0,0.0,0.0,0
17,93.70000457763669,291.2000045776367,250.0,541.2000045776367,1.0,0,1,1.0,1.0,1.0,1,1,1,1,1,0,0,6,0.0,0.0,742.1211700073242,481.77206417236323,1,14,0,2024-04-07,29.120000457763673,25.0,54.12000045776367,5.251609236881821e-17,0
18,49.976773977307424,307.7000045776367,307.70000084809726,615.400005425734,1.0,0,1,1.0,1.0,1.0,1,1,1,1,1,6,0,0,0.0,0.0,833.0374047390261,630.8377649677436,1,14,0,2024-04-07,30.770000457763672,30.770000084809727,61.5400005425734,2.711988625123651e-09,0
19,56.0650005340576,354.4000053405762,331.48333867390954,685.8833440144857,1.0,0,1,1.0,1.0,1.0,1,1,1,1,1,5,1,0,0.0,0.0,935.8338222137451,709.4549258443634,1,14,0,2024-04-07,35.44000053405762,33.14833386739095,68.58833440144858,0.034265688909769665,0
20,45.88000068664555,458.8000068664551,458.8000068664551,917.6000137329102,1.0,0,1,1.0,1.0,1.0,1,1,1,1,1,3,0,3,0.0,0.0,961.0619693389892,789.1599311072366,1,14,0,2024-04-07,45.88000068664551,45.88000068664551,91.76000137329102,0.019500216838264712,0
21,64.52000160217287,453.200008392334,453.200008392334,906.400016784668,1.0,0,1,1.0,1.0,1.0,1,1,1,1,1,0,6,0,0.0,0.0,989.7943164459228,824.2803136779066,1,14,0,2024-04-07,45.3200008392334,45.3200008392334,90.6400016784668,2.946037091169704e-09,0
22,53.081676239418,523.9000015258789,530.700008392334,1054.600009918213,1.0,0,1,1.0,1.0,1.0,1,1,1,1,1,0,6,0,0.0,0.0,973.136020380043,836.464178746461,1,14,0,2024-04-07,52.390000152587895,53.0700008392334,105.46000099182129,0.19835410873135284,0
23,97.02000160217284,503.200008392334,503.200008392334,1006.400016784668,1.0,0,1,1.0,1.0,1.0,1,1,1,1,1,0,6,0,0.0,0.0,1092.2989551177977,795.6388466980318,1,14,0,2024-04-07,50.3200008392334,50.3200008392334,100.6400016784668,0.02000000068227892,0
24,63.840000915527256,629.8000091552734,638.4000091552734,1268.200018310547,1.0,0,1,1.0,1.0,1.0,1,1,1,1,1,0,6,0,0.0,0.0,1075.0089080444334,880.0736063938723,1,14,0,2024-04-07,62.98000091552734,63.84000091552735,126.8200018310547,0.011745781581770991,0
25,99.59000091552731,610.9000091552734,610.9000091552734,1221.8000183105469,1.0,0,1,1.0,1.0,1.0,1,1,1,1,1,0,6,0,0.0,0.0,1086.532223474121,805.4846800838482,1,14,0,2024-04-07,61.09000091552735,61.09000091552735,122.1800018310547,0.00833333312518706,0
26,69.94004374657202,699.4000091552734,699.3999615652239,1398.7999707204972,1.0,0,1,1.0,1.0,1.0,1,1,1,1,1,4,2,0,0.0,0.0,1126.3328888637595,901.8984424977917,1,14,0,2024-04-07,69.94000091552735,69.93999615652238,139.87999707204972,0.0025000019830419434,0
27,71.59000091552724,715.9000091552734,715.9000091552734,1431.8000183105469,1.0,0,1,1.0,1.0,1.0,1,1,1,1,1,0,6,0,0.0,0.0,1053.0071380249021,832.6831314086915,1,14,0,2024-04-07,71.59000091552734,71.59000091552734,143.18000183105468,2.1314135185017507e-09,0
28,81.37113339591518,715.9000091552734,705.0320841770645,1420.932093332338,1.0,0,1,1.0,1.0,1.0,1,1,1,1,1,6,0,0,0.0,0.0,1005.9495253881026,781.5081416011092,1,14,0,2024-04-07,71.59000091552734,70.50320841770645,142.0932093332338,1.054900885773968e-09,0
29,73.24009747053746,732.4000091552734,732.3999018719289,1464.7999110272024,1.0,0,1,1.0,1.0,1.0,1,1,1,1,1,0,3,3,0.0,0.0,930.6784290196097,771.9781825576323,1,14,0,2024-04-07,73.24000091552735,73.2399901871929,146.47999110272025,0.0029166662813098596,0
30,113.57000236511233,742.5266787211101,751.700008392334,1494.226687113444,1.0,0,1,1.0,1.0,1.0,1,1,1,1,1,6,0,0,0.0,0.0,988.8238290277164,774.6784335723876,1,14,0,2024-04-07,74.25266787211102,75.1700008392334,149.42266871134441,0.09563187516195219,0
31,146.50534281302987,762.3266779581706,706.6607386848495,1468.9874166430202,1.0,0,1,1.0,1.0,1.0,1,1,1,1,1,4,2,0,0.0,0.0,1036.0105918364675,799.7617698822826,1,14,0,2024-04-07,76.23266779581706,70.66607386848496,146.89874166430204,0.05251494920905174,0
32,94.75000076293951,0.0,837.5000076293945,837.5000076293945,1.0,0,1,1.0,1.0,1.0,1,1,1,1,1,0,1,5,0.0,0.03157319548400715,886.9846809387208,811.0574561706542,1,14,0,2024-04-07,0.0,83.75000076293946,83.75000076293946,0.0016666672587988172,0
33,139.57000083923333,839.8966757456461,845.700008392334,1685.59668413798,1.0,0,1,1.0,1.0,1.0,1,1,1,1,1,0,6,0,0.0,0.14979114503177995,931.3171321868896,719.0216357818604,1,14,0,2024-04-07,83.98966757456462,84.5700008392334,168.55966841379802,0.017271980411883322,0
34,683.9000091552734,908.9000091552734,250.0,1158.9000091552734,0.8333333333333334,1,0,1.0,0.8,1.0,0,0,1,1,0,1,5,0,0.0,0.44598812880859395,1483.6600799560547,138.5029677978515,1,14,0,2024-04-07,90.89000091552735,25.0,115.89000091552735,0.013430850367563365,0
35,90.60980482670658,840.200008392334,840.200008392334,1680.400016784668,1.0,0,1,1.0,1.0,1.0,1,1,1,1,1,6,0,0,0.0,0.1370872409682546,937.3911041382999,725.0193073803246,1,14,0,2024-04-07,84.0200008392334,84.0200008392334,168.0400016784668,0.132102726838741,0
36,85.12000083923337,842.600008392334,851.200008392334,1693.800016784668,0.6666666666666666,2,0,0.6,1.0,1.0,0,0,1,0,1,5,1,0,0.15659171445788256,0.16013924411048422,710.6558284759521,714.8894824615478,1,14,0,2024-04-07,84.2600008392334,85.1200008392334,169.3800016784668,0.18981628163807626,0
37,164.12258185107456,721.6333368937175,722.0000076293945,1443.633344523112,1.0,0,1,1.0,1.0,1.0,1,1,1,1,1,0,6,0,0.01856264998593956,0.21245493416750913,708.2379098427738,568.6075435395504,1,14,0,2024-04-07,72.16333368937175,72.20000076293945,144.36333445231122,5.02915341742693e-09,0
38,85.6400012969971,664.0333346048991,664.4000053405762,1328.4333399454754,1.0,0,1,1.0,1.0,1.0,1,1,1,1,1,6,0,0,0.18513956495279077,0.12720460788307128,541.0944919219971,579.8852631837177,1,14,0,2024-04-07,66.40333346048992,66.44000053405762,132.84333399454755,1.4357880097412305e-09,0
39,108.47000120347913,617.3333338419596,617.7000045776367,1235.0333384195965,0.5,3,0,0.25,1.0,1.0,0,0,1,0,1,4,0,2,0.23088818085748378,0.155318217233235,474.79836340850386,521.7599410816771,1,14,0,2024-04-07,61.733333384195966,61.77000045776367,123.50333384195966,0.2949124209999013,1
40,123.42774354255766,659.0333346048991,659.4000053405762,1318.4333399454754,1.0,0,1,1.0,1.0,1.0,1,1,1,1,1,6,0,0,0.31655275035726094,0.3103368744596981,450.41451995860126,454.76386866447353,1,14,0,2024-04-07,65.90333346048992,65.94000053405762,131.84333399454755,0.023326844930954885,0
41,98.6100006103515,597.4733370463053,601.1000061035156,1198.573343149821,1.0,0,1,1.0,1.0,1.0,1,1,1,1,1,2,0,4,0.22252750048808287,0.1564105698755308,464.51908874511713,507.0816115966797,1,14,0,2024-04-07,59.747333704630535,60.11000061035156,119.85733431498211,0.004984870346921637,0
42,149.37474382543942,624.3400032043457,639.6000061035156,1263.9400093078614,1.0,0,1,1.0,1.0,1.0,1,1,1,1,1,6,0,0,0.15395894799098833,0.2737384675486641,528.2172731223144,464.51688058862305,1,14,0,2024-04-07,62.43400032043458,63.960000610351564,126.39400093078615,2.551429231390499e-09,0
43,80.96000061035157,523.600001525879,534.6000061035156,1058.2000076293946,1.0,0,1,1.0,1.0,1.0,1,1,1,1,1,6,0,0,0.11384546058763938,0.023509926244620387,463.9905181884766,522.0315993896484,1,14,0,2024-04-07,52.3600001525879,53.460000610351564,105.82000076293946,1.441957006024621e-09,0
44,48.055920611572176,468.6000015258789,479.6000061035156,948.2000076293946,0.8333333333333334,1,0,1.0,1.0,0.8333333333333334,0,0,0,1,1,0,0,6,0.1315025910390852,0.0,406.97788716430654,516.4356793884277,1,14,0,2024-04-07,46.860000152587894,47.960000610351564,94.82000076293946,1.0170379369246187e-09,0
45,44.26271126280208,396.96667226155597,407.6000061035156,804.5666783650715,0.3333333333333333,4,0,1.0,1.0,0.3333333333333333,0,0,0,1,1,0,0,6,0.07802280850088666,0.0,365.99421761045835,472.82886432313535,1,14,0,2024-04-07,39.6966672261556,40.76000061035157,80.45666783650717,8.594850300578026e-10,0
46,60.56000061035157,385.6000061035156,385.6000061035156,771.2000122070312,1.0,0,1,1.0,1.0,1.0,1,1,1,1,1,0,0,6,0.10209506019663421,0.0,346.2321502685547,429.03157497558595,1,14,0,2024-04-07,38.560000610351565,38.560000610351565,77.12000122070313,9.89288681407059e-10,0
47,117.56321078068686,374.7000045776367,374.7000045776367,749.4000091552734,1.0,0,1,1.0,1.0,1.0,1,1,1,1,1,6,0,0,0.04537569283389758,0.15391400595854662,357.69773226506186,317.0284258404069,1,14,0,2024-04-07,37.470000457763675,37.470000457763675,74.94000091552735,1.663991776675657e-09,0
0,-250.7600023905436,0.0,259.4000015258789,259.4000015258789,0.0,6,0,0.0,0.0,1.0,1,0,1,0,0,3,3,0,0.0,0.0,0.0,515.0516054423015,1,14,1,2024-04-07,0.0,25.940000152587892,25.940000152587892,0.022871497222393546,0
1,-125.95999946594247,0.0,278.60000228881836,278.60000228881836,0.0,6,0,1.0,1.0,0.0,1,0,0,1,1,0,0,6,0.0,0.0,89.94173393249503,417.75158725891123,1,14,1,2024-04-07,0.0,27.860000228881837,27.860000228881837,1.3692383861379477e-09,0
2,0.0,0.0,0.0,0.0,1.0,0,1,1.0,1.0,0.0,1,1,0,1,1,0,0,6,0.0,0.0,209.59249877929688,291.79158779296876,0,14,1,2024-04-07,0.0,0.0,0.0,0.0,0
3,0.0,0.0,0.0,0.0,1.0,0,1,1.0,1.0,0.0,1,1,0,1,1,0,0,6,0.0,0.0,258.70536638769534,291.79158779296876,0,14,1,2024-04-07,0.0,0.0,0.0,0.0,0
4,0.0,0.0,0.0,0.0,1.0,0,1,1.0,1.0,0.0,1,1,0,1,1,0,0,6,0.0,0.0,268.68999477539063,281.8317641845703,0,14,1,2024-04-07,0.0,0.0,0.0,0.0,0
5,0.0,0.0,0.0,0.0,1.0,0,1,1.0,1.0,0.0,1,1,0,1,1,0,0,6,0.0,0.0,278.87110134277344,272.4916,0,14,1,2024-04-07,0.0,0.0,0.0,0.0,0
6,0.0,0.0,0.0,0.0,1.0,0,1,1.0,1.0,0.0,1,1,0,1,1,0,0,6,0.0,0.0,261.0661849609375,272.4916,0,14,1,2024-04-07,0.0,0.0,0.0,0.0,0
7,0.0,0.0,0.0,0.0,1.0,0,1,1.0,1.0,0.0,1,1,0,1,1,0,0,6,0.0,0.0,242.7251662841797,244.9916,0,14,1,2024-04-07,0.0,0.0,0.0,0.0,0
8,0.0,0.0,0.0,0.0,1.0,0,1,1.0,1.0,0.0,1,1,0,1,1,0,0,6,0.0,0.0,244.9916,244.9916,0,14,1,2024-04-07,0.0,0.0,0.0,0.0,0
9,0.0,0.0,0.0,0.0,1.0,0,1,1.0,1.0,0.0,1,1,0,1,1,0,0,6,0.0,0.0,244.9916,234.31143947753907,0,14,1,2024-04-07,0.0,0.0,0.0,0.0,0
10,0.0,0.0,0.0,0.0,1.0,0,1,1.0,1.0,0.0,1,1,0,1,1,0,0,6,0.0,0.0,225.79160305175782,225.79160305175782,0,14,1,2024-04-07,0.0,0.0,0.0,0.0,0
11,0.0,0.0,0.0,0.0,1.0,0,1,1.0,1.0,0.0,1,1,0,1,1,0,0,6,0.0,0.0,225.79160305175782,225.79160305175782,0,14,1,2024-04-07,0.0,0.0,0.0,0.0,0
12,0.0,0.0,0.0,0.0,1.0,0,1,1.0,1.0,0.0,1,1,0,1,1,0,0,6,0.0,0.0,244.9916,244.9916,0,14,1,2024-04-07,0.0,0.0,0.0,0.0,0
13,0.0,0.0,0.0,0.0,1.0,0,1,1.0,1.0,0.0,1,1,0,1,1,0,0,6,0.0,0.0,310.93572231445313,313.69161220703126,0,14,1,2024-04-07,0.0,0.0,0.0,0.0,0
14,0.0,0.0,0.0,0.0,1.0,0,1,1.0,1.0,0.0,1,1,0,1,1,0,0,6,0.0,0.0,452.19161220703126,407.4787826171875,0,14,1,2024-04-07,0.0,0.0,0.0,0.0,0
15,0.0,0.0,0.0,0.0,1.0,0,1,1.0,1.0,0.0,1,1,0,1,1,0,0,6,0.0,0.0,471.3915938964844,394.62001796875,0,14,1,2024-04-07,0.0,0.0,0.0,0.0,0
16,0.0,0.0,0.0,0.0,1.0,0,1,1.0,1.0,0.0,1,1,0,1,1,0,0,6,0.0,0.0,529.6916122070312,419.1334151855469,0,14,1,2024-04-07,0.0,0.0,0.0,0.0,0
17,93.70000457763669,291.2000045776367,250.0,541.2000045776367,1.0,0,1,1.0,1.0,1.0,1,1,1,1,1,0,0,6,0.0,0.0,719.4352314900716,408.0915832153321,1,14,1,2024-04-07,29.120000457763673,25.0,54.12000045776367,5.251609236881821e-17,0
18,49.976773977307424,307.7000045776367,307.70000084809726,615.400005425734,1.0,0,1,1.0,1.0,1.0,1,1,1,1,1,6,0,0,0.0,0.0,830.4683739773074,625.0365168100698,1,14,1,2024-04-07,30.770000457763672,30.770000084809727,61.5400005425734,2.711988625123651e-09,0
19,56.0650005340576,354.4000053405762,331.48333867390954,685.8833440144857,1.0,0,1,1.0,1.0,1.0,1,1,1,1,1,5,1,0,0.0,0.0,902.1663417449951,720.4936021943238,1,14,1,2024-04-07,35.44000053405762,33.14833386739095,68.58833440144858,0.034265688909769665,0
20,45.88000068664555,458.8000068664551,458.8000068664551,917.6000137329102,1.0,0,1,1.0,1.0,1.0,1,1,1,1,1,3,0,3,0.0,0.0,866.373187600708,745.6054554647092,1,14,1,2024-04-07,45.88000068664551,45.88000068664551,91.76000137329102,0.019500216838264712,0
21,64.52000160217287,453.200008392334,453.200008392334,906.400016784668,1.0,0,1,1.0,1.0,1.0,1,1,1,1,1,0,6,0,0.0,0.0,920.1160937896728,804.7745247066142,1,14,1,2024-04-07,45.3200008392334,45.3200008392334,90.6400016784668,2.946037091169704e-09,0
22,53.081676239418,523.9000015258789,530.700008392334,1054.600009918213,1.0,0,1,1.0,1.0,1.0,1,1,1,1,1,0,6,0,0.0,0.0,930.6101584473521,812.8581659480819,1,14,1,2024-04-07,52.390000152587895,53.0700008392334,105.46000099182129,0.19835410873135284,0
23,97.02000160217284,503.200008392334,503.200008392334,1006.400016784668,1.0,0,1,1.0,1.0,1.0,1,1,1,1,1,0,6,0,0.0,0.0,939.4514531704585,755.1273601165772,1,14,1,2024-04-07,50.3200008392334,50.3200008392334,100.6400016784668,0.02000000068227892,0
24,63.840000915527256,629.8000091552734,638.4000091552734,1268.200018310547,1.0,0,1,1.0,1.0,1.0,1,1,1,1,1,0,6,0,0.0,0.0,964.1340087283452,864.3516112915039,1,14,1,2024-04-07,62.98000091552734,63.84000091552735,126.8200018310547,0.011745781581770991,0
25,99.59000091552731,610.9000091552734,610.9000091552734,1221.8000183105469,1.0,0,1,1.0,1.0,1.0,1,1,1,1,1,0,6,0,0.0,0.0,1066.7812529528935,985.4723998657228,1,14,1,2024-04-07,61.09000091552735,61.09000091552735,122.1800018310547,0.00833333312518706,0
26,69.94004374657202,699.4000091552734,699.3999615652239,1398.7999707204972,1.0,0,1,1.0,1.0,1.0,1,1,1,1,1,4,2,0,0.0,0.0,1026.7348190383327,1029.5509459018656,1,14,1,2024-04-07,69.94000091552735,69.93999615652238,139.87999707204972,0.0025000019830419434,0
27,71.59000091552724,715.9000091552734,715.9000091552734,1431.8000183105469,1.0,0,1,1.0,1.0,1.0,1,1,1,1,1,0,6,0,0.0,0.0,1076.8877759071984,1102.3911010375978,1,14,1,2024-04-07,71.59000091552734,71.59000091552734,143.18000183105468,2.1314135185017507e-09,0
28,81.37113339591518,715.9000091552734,705.0320841770645,1420.932093332338,1.0,0,1,1.0,1.0,1.0,1,1,1,1,1,6,0,0,0.0,0.0,1161.6955518036732,1175.4937576197099,1,14,1,2024-04-07,71.59000091552734,70.50320841770645,142.0932093332338,1.054900885773968e-09,0
29,73.24009747053746,732.4000091552734,732.3999018719289,1464.7999110272024,1.0,0,1,1.0,1.0,1.0,1,1,1,1,1,0,3,3,0.0,0.0,1115.6981052830374,1184.1765513575876,1,14,1,2024-04-07,73.24000091552735,73.2399901871929,146.47999110272025,0.0029166662813098596,0
30,113.57000236511233,742.5266787211101,751.700008392334,1494.226687113444,1.0,0,1,1.0,1.0,1.0,1,1,1,1,1,6,0,0,0.0,0.0,1073.6880593403728,1097.4030429473878,1,14,1,2024-04-07,74.25266787211102,75.1700008392334,149.42266871134441,0.09563187516195219,0
31,146.50534281302987,762.3266779581706,706.6607386848495,1468.9874166430202,0.8333333333333334,1,0,1.0,0.5,1.0,0,0,1,1,0,4,2,0,0.0,0.0,1073.2579062895925,1010.0802513275952,1,14,1,2024-04-07,76.23266779581706,70.66607386848496,146.89874166430204,0.05251494920905174,0
32,94.75000076293951,0.0,837.5000076293945,837.5000076293945,1.0,0,1,1.0,1.0,1.0,1,1,1,1,1,0,1,5,0.0,0.0,948.224488067627,1035.1725074401857,1,14,1,2024-04-07,0.0,83.75000076293946,83.75000076293946,0.0016666672587988172,0
33,139.57000083923333,839.8966757456461,845.700008392334,1685.59668413798,1.0,0,1,1.0,1.0,1.0,1,1,1,1,1,0,6,0,0.09569972798278838,0.0,759.5187923431396,934.2668140045167,1,14,1,2024-04-07,83.98966757456462,84.5700008392334,168.55966841379802,0.017271980411883322,0
34,683.9000091552734,908.9000091552734,250.0,1158.9000091552734,1.0,0,1,1.0,1.0,1.0,1,1,1,1,1,1,5,0,0.0,0.0,1333.1464080810547,382.0254287353516,1,14,1,2024-04-07,90.89000091552735,25.0,115.89000091552735,0.013430850367563365,0
35,90.60980482670658,840.200008392334,840.200008392334,1680.400016784668,1.0,0,1,1.0,1.0,1.0,1,1,1,1,1,6,0,0,0.10507462159565052,0.0,751.9163104458471,892.1598713451683,1,14,1,2024-04-07,84.0200008392334,84.0200008392334,168.0400016784668,0.132102726838741,0
36,85.12000083923337,842.600008392334,851.200008392334,1693.800016784668,0.3333333333333333,4,0,0.2,1.0,1.0,0,0,1,0,1,5,1,0,0.20143625559939352,0.0,672.8698177337646,898.8840503326416,1,14,1,2024-04-07,84.2600008392334,85.1200008392334,169.3800016784668,0.18981628163807626,0
37,164.12258185107456,721.6333368937175,722.0000076293945,1443.633344523112,1.0,0,1,1.0,1.0,1.0,1,1,1,1,1,0,6,0,0.01991630034024943,0.0,707.2610706206058,825.5841060395504,1,14,1,2024-04-07,72.16333368937175,72.20000076293945,144.36333445231122,5.02915341742693e-09,0
38,85.6400012969971,664.0333346048991,664.4000053405762,1328.4333399454754,1.0,0,1,1.0,1.0,1.0,1,1,1,1,1,6,0,0,0.04043480648166045,0.0,637.1832752227783,888.6070918670654,1,14,1,2024-04-07,66.40333346048992,66.44000053405762,132.84333399454755,1.4357880097412305e-09,0
39,108.47000120347913,617.3333338419596,617.7000045776367,1235.0333384195965,0.3333333333333333,4,0,0.0,1.0,1.0,0,0,1,0,1,4,0,2,0.04134512324983558,0.0,591.8096110680319,886.2216720387083,1,14,1,2024-04-07,61.733333384195966,61.77000045776367,123.50333384195966,0.2949124209999013,1
40,123.42774354255766,659.0333346048991,659.4000053405762,1318.4333399454754,1.0,0,1,1.0,1.0,1.0,1,1,1,1,1,6,0,0,0.21376361816356795,0.0,518.1559845093545,779.096998547286,1,14,1,2024-04-07,65.90333346048992,65.94000053405762,131.84333399454755,0.023326844930954885,0
41,98.6100006103515,597.4733370463053,601.1000061035156,1198.573343149821,1.0,0,1,1.0,1.0,1.0,1,1,1,1,1,2,0,4,0.11672716008013245,0.0,527.7319711892903,786.310432397461,1,14,1,2024-04-07,59.747333704630535,60.11000061035156,119.85733431498211,0.004984870346921637,0
42,149.37474382543942,624.3400032043457,639.6000061035156,1263.9400093078614,1.0,0,1,1.0,1.0,1.0,1,1,1,1,1,6,0,0,0.0,0.0,632.0050767355957,729.4256470763858,1,14,1,2024-04-07,62.43400032043458,63.960000610351564,126.39400093078615,2.551429231390499e-09,0
43,80.96000061035157,523.600001525879,534.6000061035156,1058.2000076293946,1.0,0,1,1.0,1.0,1.0,1,1,1,1,1,6,0,0,0.0,0.0,636.5324111572265,764.8637298583984,1,14,1,2024-04-07,52.3600001525879,53.460000610351564,105.82000076293946,1.441957006024621e-09,0
44,48.055920611572176,468.6000015258789,479.6000061035156,948.2000076293946,1.0,0,1,1.0,1.0,1.0,1,1,1,1,1,0,0,6,0.0,0.0,604.5085801818847,787.5667600524903,1,14,1,2024-04-07,46.860000152587894,47.960000610351564,94.82000076293946,1.0170379369246187e-09,0
45,44.26271126280208,396.96667226155597,407.6000061035156,804.5666783650715,1.0,0,1,1.0,1.0,1.0,1,1,1,1,1,0,0,6,0.0,0.0,593.8852927081145,784.5729820965729,1,14,1,2024-04-07,39.6966672261556,40.76000061035157,80.45666783650717,8.594850300578026e-10,0
46,60.56000061035157,385.6000061035156,385.6000061035156,771.2000122070312,1.0,0,1,1.0,1.0,1.0,1,1,1,1,1,0,0,6,0.0,0.0,581.8729201904297,738.4326751708984,1,14,1,2024-04-07,38.560000610351565,38.560000610351565,77.12000122070313,9.89288681407059e-10,0
47,117.56321078068686,374.7000045776367,374.7000045776367,749.4000091552734,1.0,0,1,1.0,1.0,1.0,1,1,1,1,1,6,0,0,0.0,0.0,608.3897412006088,639.4515215435318,1,14,1,2024-04-07,37.470000457763675,37.470000457763675,74.94000091552735,1.663991776675657e-09,0
0,-250.7600023905436,0.0,259.4000015258789,259.4000015258789,0.0,6,0,0.0,0.0,1.0,1,0,1,0,0,3,3,0,0.0,0.0,0.0,531.9515993387859,1,14,2,2024-04-07,0.0,25.940000152587892,25.940000152587892,0.022871497222393546,0
1,-125.95999946594247,0.0,278.60000228881836,278.60000228881836,0.0,6,0,1.0,1.0,0.0,1,0,0,1,1,0,0,6,0.0,0.0,42.923728561401276,407.15159641418467,1,14,2,2024-04-07,0.0,27.860000228881837,27.860000228881837,1.3692383861379477e-09,0
2,0.0,0.0,0.0,0.0,1.0,0,1,1.0,1.0,0.0,1,1,0,1,1,0,0,6,0.0,0.0,181.9685821533203,300.3915938964844,0,14,2,2024-04-07,0.0,0.0,0.0,0.0,0
3,0.0,0.0,0.0,0.0,1.0,0,1,1.0,1.0,0.0,1,1,0,1,1,0,0,6,0.0,0.0,284.68209072265626,289.08040615234376,0,14,2,2024-04-07,0.0,0.0,0.0,0.0,0
4,0.0,0.0,0.0,0.0,1.0,0,1,1.0,1.0,0.0,1,1,0,1,1,0,0,6,0.0,0.0,286.7231673828125,285.00801845703126,0,14,2,2024-04-07,0.0,0.0,0.0,0.0,0
5,0.0,0.0,0.0,0.0,1.0,0,1,1.0,1.0,0.0,1,1,0,1,1,0,0,6,0.0,0.0,289.2861556640625,279.5584640136719,0,14,2,2024-04-07,0.0,0.0,0.0,0.0,0
6,0.0,0.0,0.0,0.0,1.0,0,1,1.0,1.0,0.0,1,1,0,1,1,0,0,6,0.0,0.0,221.13477321777344,217.49158474121094,0,14,2,2024-04-07,0.0,0.0,0.0,0.0,0
7,0.0,0.0,0.0,0.0,1.0,0,1,1.0,1.0,0.0,1,1,0,1,1,0,0,6,0.0,0.0,225.68955227050782,217.49158474121094,0,14,2,2024-04-07,0.0,0.0,0.0,0.0,0
8,0.0,0.0,0.0,0.0,1.0,0,1,1.0,1.0,0.0,1,1,0,1,1,0,0,6,0.0,0.0,228.25284572753907,217.49158474121094,0,14,2,2024-04-07,0.0,0.0,0.0,0.0,0
9,0.0,0.0,0.0,0.0,1.0,0,1,1.0,1.0,0.0,1,1,0,1,1,0,0,6,0.0,0.0,217.49158474121094,217.49158474121094,0,14,2,2024-04-07,0.0,0.0,0.0,0.0,0
10,0.0,0.0,0.0,0.0,1.0,0,1,1.0,1.0,0.0,1,1,0,1,1,0,0,6,0.0,0.0,217.49158474121094,217.49158474121094,0,14,2,2024-04-07,0.0,0.0,0.0,0.0,0
11,0.0,0.0,0.0,0.0,1.0,0,1,1.0,1.0,0.0,1,1,0,1,1,0,0,6,0.0,0.0,217.49158474121094,217.49158474121094,0,14,2,2024-04-07,0.0,0.0,0.0,0.0,0
12,0.0,0.0,0.0,0.0,1.0,0,1,1.0,1.0,0.0,1,1,0,1,1,0,0,6,0.0,0.0,225.79158779296876,222.53301235351563,0,14,2,2024-04-07,0.0,0.0,0.0,0.0,0
13,0.0,0.0,0.0,0.0,1.0,0,1,1.0,1.0,0.0,1,1,0,1,1,0,0,6,0.0,0.0,225.79158779296876,220.75884243164063,0,14,2,2024-04-07,0.0,0.0,0.0,0.0,0
14,0.0,0.0,0.0,0.0,1.0,0,1,1.0,1.0,0.0,1,1,0,1,1,0,0,6,0.0,0.0,283.4916,265.9802932373047,0,14,2,2024-04-07,0.0,0.0,0.0,0.0,0
15,0.0,0.0,0.0,0.0,1.0,0,1,1.0,1.0,0.0,1,1,0,1,1,0,0,6,0.0,0.0,386.26595302734376,381.1633529296875,0,14,2,2024-04-07,0.0,0.0,0.0,0.0,0
16,0.0,0.0,0.0,0.0,1.0,0,1,1.0,1.0,0.0,1,1,0,1,1,0,0,6,0.0,0.0,493.17302700195313,500.6849288574219,0,14,2,2024-04-07,0.0,0.0,0.0,0.0,0
17,93.70000457763669,291.2000045776367,250.0,541.2000045776367,1.0,0,1,1.0,1.0,1.0,1,1,1,1,1,0,0,6,0.0,0.0,563.0726165405273,401.60986324462897,1,14,2,2024-04-07,29.120000457763673,25.0,54.12000045776367,5.251609236881821e-17,0
18,49.976773977307424,307.7000045776367,307.70000084809726,615.400005425734,1.0,0,1,1.0,1.0,1.0,1,1,1,1,1,6,0,0,0.0,0.0,638.5255898141503,587.414850436755,1,14,2,2024-04-07,30.770000457763672,30.770000084809727,61.5400005425734,2.711988625123651e-09,0
19,56.0650005340576,354.4000053405762,331.48333867390954,685.8833440144857,1.0,0,1,1.0,1.0,1.0,1,1,1,1,1,5,1,0,0.0,0.0,720.6686992645264,681.9948978057861,1,14,2,2024-04-07,35.44000053405762,33.14833386739095,68.58833440144858,0.034265688909769665,0
20,45.88000068664555,458.8000068664551,458.8000068664551,917.6000137329102,1.0,0,1,1.0,1.0,1.0,1,1,1,1,1,3,0,3,0.0,0.0,647.9402423858643,677.7553981414794,1,14,2,2024-04-07,45.88000068664551,45.88000068664551,91.76000137329102,0.019500216838264712,0
21,64.52000160217287,453.200008392334,453.200008392334,906.400016784668,1.0,0,1,1.0,1.0,1.0,1,1,1,1,1,0,6,0,0.0,0.0,656.0019962310791,660.8716228118896,1,14,2,2024-04-07,45.3200008392334,45.3200008392334,90.6400016784668,2.946037091169704e-09,0
22,53.081676239418,523.9000015258789,530.700008392334,1054.600009918213,1.0,0,1,1.0,1.0,1.0,1,1,1,1,1,0,6,0,0.0,0.0,718.8329579776993,744.8895380183944,1,14,2,2024-04-07,52.390000152587895,53.0700008392334,105.46000099182129,0.19835410873135284,0
23,97.02000160217284,503.200008392334,503.200008392334,1006.400016784668,1.0,0,1,1.0,1.0,1.0,1,1,1,1,1,0,6,0,0.0,0.0,794.8660463587444,696.4123332611084,1,14,2,2024-04-07,50.3200008392334,50.3200008392334,100.6400016784668,0.02000000068227892,0
24,63.840000915527256,629.8000091552734,638.4000091552734,1268.200018310547,1.0,0,1,1.0,1.0,1.0,1,1,1,1,1,0,6,0,0.0,0.0,818.4749090703328,791.2710448852539,1,14,2,2024-04-07,62.98000091552734,63.84000091552735,126.8200018310547,0.011745781581770991,0
25,99.59000091552731,610.9000091552734,610.9000091552734,1221.8000183105469,1.0,0,1,1.0,1.0,1.0,1,1,1,1,1,0,6,0,0.0,0.0,972.7487377175241,870.4177734008789,1,14,2,2024-04-07,61.09000091552735,61.09000091552735,122.1800018310547,0.00833333312518706,0
26,69.94004374657202,699.4000091552734,699.3999615652239,1398.7999707204972,1.0,0,1,1.0,1.0,1.0,1,1,1,1,1,4,2,0,0.0,0.0,855.3595001918844,862.0220556419719,1,14,2,2024-04-07,69.94000091552735,69.93999615652238,139.87999707204972,0.0025000019830419434,0
27,71.59000091552724,715.9000091552734,715.9000091552734,1431.8000183105469,1.0,0,1,1.0,1.0,1.0,1,1,1,1,1,0,6,0,0.0,0.0,865.9192473999021,913.5096596353294,1,14,2,2024-04-07,71.59000091552734,71.59000091552734,143.18000183105468,2.1314135185017507e-09,0
28,81.37113339591518,715.9000091552734,705.0320841770645,1420.932093332338,1.0,0,1,1.0,1.0,1.0,1,1,1,1,1,6,0,0,0.0,0.0,830.6359267552901,899.4290213558409,1,14,2,2024-04-07,71.59000091552734,70.50320841770645,142.0932093332338,1.054900885773968e-09,0
29,73.24009747053746,732.4000091552734,732.3999018719289,1464.7999110272024,1.0,0,1,1.0,1.0,1.0,1,1,1,1,1,0,3,3,0.0,0.0,820.7685627049124,910.5182528205011,1,14,2,2024-04-07,73.24000091552735,73.2399901871929,146.47999110272025,0.0029166662813098596,0
30,113.57000236511233,742.5266787211101,751.700008392334,1494.226687113444,1.0,0,1,1.0,1.0,1.0,1,1,1,1,1,6,0,0,0.0,0.0,866.3947297105294,923.1430331817627,1,14,2,2024-04-07,74.25266787211102,75.1700008392334,149.42266871134441,0.09563187516195219,0
31,146.50534281302987,762.3266779581706,706.6607386848495,1468.9874166430202,0.8333333333333334,1,0,1.0,0.5,1.0,0,0,1,1,0,4,2,0,0.0,0.0,861.5292573542883,908.6254173432202,1,14,2,2024-04-07,76.23266779581706,70.66607386848496,146.89874166430204,0.05251494920905174,0
32,94.75000076293951,0.0,837.5000076293945,837.5000076293945,1.0,0,1,1.0,1.0,1.0,1,1,1,1,1,0,1,5,0.0,0.0,751.907593536377,921.0334083190917,1,14,2,2024-04-07,0.0,83.75000076293946,83.75000076293946,0.0016666672587988172,0
33,139.57000083923333,839.8966757456461,845.700008392334,1685.59668413798,1.0,0,1,1.0,1.0,1.0,1,1,1,1,1,0,6,0,0.03570997647393447,0.0,809.9039852142333,901.320097695923,1,14,2,2024-04-07,83.98966757456462,84.5700008392334,168.55966841379802,0.017271980411883322,0
34,683.9000091552734,908.9000091552734,250.0,1158.9000091552734,0.6666666666666666,2,0,1.0,0.6,1.0,0,0,1,1,0,1,5,0,0.0,0.0,1497.0975189208984,339.168861352539,1,14,2,2024-04-07,90.89000091552735,25.0,115.89000091552735,0.013430850367563365,0
35,90.60980482670658,840.200008392334,840.200008392334,1680.400016784668,1.0,0,1,1.0,1.0,1.0,1,1,1,1,1,6,0,0,0.0,0.0,953.3214496479281,917.6540119701683,1,14,2,2024-04-07,84.0200008392334,84.0200008392334,168.0400016784668,0.132102726838741,0
36,85.12000083923337,842.600008392334,851.200008392334,1693.800016784668,0.8333333333333334,1,0,0.8,1.0,1.0,0,0,1,0,1,5,1,0,0.04632873919913899,0.0,803.5634123543332,943.7566699615479,1,14,2,2024-04-07,84.2600008392334,85.1200008392334,169.3800016784668,0.18981628163807626,0
37,164.12258185107456,721.6333368937175,722.0000076293945,1443.633344523112,1.0,0,1,1.0,1.0,1.0,1,1,1,1,1,0,6,0,0.0,0.0,803.4649280424808,810.5477290864254,1,14,2,2024-04-07,72.16333368937175,72.20000076293945,144.36333445231122,5.02915341742693e-09,0
38,85.6400012969971,664.0333346048991,664.4000053405762,1328.4333399454754,1.0,0,1,1.0,1.0,1.0,1,1,1,1,1,6,0,0,0.0,0.0,684.7161121368408,846.5830440155029,1,14,2,2024-04-07,66.40333346048992,66.44000053405762,132.84333399454755,1.4357880097412305e-09,0
39,108.47000120347913,617.3333338419596,617.7000045776367,1235.0333384195965,0.3333333333333333,4,0,0.0,1.0,1.0,0,0,1,0,1,4,0,2,0.018424922716901937,0.0,605.9590148753541,759.8216476246458,1,14,2,2024-04-07,61.733333384195966,61.77000045776367,123.50333384195966,0.2949124209999013,1
40,123.42774354255766,659.0333346048991,659.4000053405762,1318.4333399454754,0.8333333333333334,1,0,0.8333333333333334,1.0,1.0,0,0,1,0,1,6,0,0,0.021158957396595658,0.0,645.0888763550577,720.0639174925985,1,14,2,2024-04-07,65.90333346048992,65.94000053405762,131.84333399454755,0.023326844930954885,0
41,98.6100006103515,597.4733370463053,601.1000061035156,1198.573343149821,1.0,0,1,1.0,1.0,1.0,1,1,1,1,1,2,0,4,0.09064960868736444,0.0,543.312612841924,656.3816604248047,1,14,2,2024-04-07,59.747333704630535,60.11000061035156,119.85733431498211,0.004984870346921637,0
42,149.37474382543942,624.3400032043457,639.6000061035156,1263.9400093078614,1.0,0,1,1.0,1.0,1.0,1,1,1,1,1,6,0,0,0.0,0.010360128740281995,625.23676295106,632.973667697998,1,14,2,2024-04-07,62.43400032043458,63.960000610351564,126.39400093078615,2.551429231390499e-09,0
43,80.96000061035157,523.600001525879,534.6000061035156,1058.2000076293946,0.8333333333333334,1,0,0.8333333333333334,1.0,1.0,0,0,1,0,1,6,0,0,0.0,0.0,599.7834259033203,682.3316482177734,1,14,2,2024-04-07,52.3600001525879,53.460000610351564,105.82000076293946,1.441957006024621e-09,0
44,48.055920611572176,468.6000015258789,479.6000061035156,948.2000076293946,0.5,3,0,1.0,1.0,0.5,0,0,0,1,1,0,0,6,0.05966456404179382,0.0,440.6411867248534,598.7357282165527,1,14,2,2024-04-07,46.860000152587894,47.960000610351564,94.82000076293946,1.0170379369246187e-09,0
45,44.26271126280208,396.96667226155597,407.6000061035156,804.5666783650715,1.0,0,1,1.0,1.0,1.0,1,1,1,1,1,0,0,6,0.06531459110623511,0.0,371.0389563799896,536.6289131512603,1,14,2,2024-04-07,39.6966672261556,40.76000061035157,80.45666783650717,8.594850300578026e-10,0
46,60.56000061035157,385.6000061035156,385.6000061035156,771.2000122070312,1.0,0,1,1.0,1.0,1.0,1,1,1,1,1,0,0,6,0.0,0.0,411.0141632080078,539.5315749755858,1,14,2,2024-04-07,38.560000610351565,38.560000610351565,77.12000122070313,9.89288681407059e-10,0
47,117.56321078068686,374.7000045776367,374.7000045776367,749.4000091552734,1.0,0,1,1.0,1.0,1.0,1,1,1,1,1,6,0,0,0.0,0.0,453.0693753314681,435.0662066021256,1,14,2,2024-04-07,37.470000457763675,37.470000457763675,74.94000091552735,1.663991776675657e-09,0
0,-250.7600023905436,0.0,259.4000015258789,259.4000015258789,0.0,6,0,0.0,1.0,1.0,1,0,1,0,1,6,0,0,0.0,0.0,0.0,495.85160849405923,1,15,0,2024-04-07,0.0,25.940000152587892,25.940000152587892,2.8431308218904568e-08,0
1,-125.95999946594247,0.0,278.60000228881836,278.60000228881836,0.0,6,0,1.0,1.0,0.0,1,0,0,1,1,0,0,6,0.0,0.0,51.240806198120026,371.0516055694581,1,15,0,2024-04-07,0.0,27.860000228881837,27.860000228881837,1.3692383861379477e-09,0
2,0.0,0.0,0.0,0.0,1.0,0,1,1.0,1.0,0.0,1,1,0,1,1,0,0,6,0.0,0.0,173.07427978515625,245.09160610351563,0,15,0,2024-04-07,0.0,0.0,0.0,0.0,0
3,0.0,0.0,0.0,0.0,1.0,0,1,1.0,1.0,0.0,1,1,0,1,1,0,0,6,0.0,0.0,182.5490951171875,217.59160610351563,0,15,0,2024-04-07,0.0,0.0,0.0,0.0,0
4,0.0,0.0,0.0,0.0,1.0,0,1,1.0,1.0,0.0,1,1,0,1,1,0,0,6,0.0,0.0,236.34899135742188,245.09160610351563,0,15,0,2024-04-07,0.0,0.0,0.0,0.0,0
5,0.0,0.0,0.0,0.0,1.0,0,1,1.0,1.0,0.0,1,1,0,1,1,0,0,6,0.0,0.0,245.09160610351563,245.09160610351563,0,15,0,2024-04-07,0.0,0.0,0.0,0.0,0
6,0.0,0.0,0.0,0.0,1.0,0,1,1.0,1.0,0.0,1,1,0,1,1,0,0,6,0.0,0.0,245.09160610351563,245.09160610351563,0,15,0,2024-04-07,0.0,0.0,0.0,0.0,0
7,0.0,0.0,0.0,0.0,1.0,0,1,1.0,1.0,0.0,1,1,0,1,1,0,0,6,0.0,0.0,225.89159389648438,225.89159389648438,0,15,0,2024-04-07,0.0,0.0,0.0,0.0,0
8,0.0,0.0,0.0,0.0,1.0,0,1,1.0,1.0,0.0,1,1,0,1,1,0,0,6,0.0,0.0,225.89159389648438,225.89159389648438,0,15,0,2024-04-07,0.0,0.0,0.0,0.0,0
9,0.0,0.0,0.0,0.0,1.0,0,1,1.0,1.0,0.0,1,1,0,1,1,0,0,6,0.0,0.0,225.89159389648438,225.89159389648438,0,15,0,2024-04-07,0.0,0.0,0.0,0.0,0
10,0.0,0.0,0.0,0.0,1.0,0,1,1.0,1.0,0.0,1,1,0,1,1,0,0,6,0.0,0.0,225.89159389648438,225.89159389648438,0,15,0,2024-04-07,0.0,0.0,0.0,0.0,0
11,0.0,0.0,0.0,0.0,1.0,0,1,1.0,1.0,0.0,1,1,0,1,1,0,0,6,0.0,0.0,217.59160610351563,214.93930812988282,0,15,0,2024-04-07,0.0,0.0,0.0,0.0,0
12,0.0,0.0,0.0,0.0,1.0,0,1,1.0,1.0,0.0,1,1,0,1,1,0,0,6,0.0,0.0,217.59160610351563,207.82073208007813,0,15,0,2024-04-07,0.0,0.0,0.0,0.0,0
13,0.0,0.0,0.0,0.0,1.0,0,1,1.0,1.0,0.0,1,1,0,1,1,0,0,6,0.0,0.0,244.25841518554688,231.44823452148438,0,15,0,2024-04-07,0.0,0.0,0.0,0.0,0
14,0.0,0.0,0.0,0.0,1.0,0,1,1.0,1.0,0.0,1,1,0,1,1,0,0,6,0.0,0.0,264.2916030517578,244.84090419921876,0,15,0,2024-04-07,0.0,0.0,0.0,0.0,0
15,0.0,0.0,0.0,0.0,1.0,0,1,1.0,1.0,0.0,1,1,0,1,1,0,0,6,0.0,0.0,413.29158779296876,391.8028487792969,0,15,0,2024-04-07,0.0,0.0,0.0,0.0,0
16,0.0,0.0,0.0,0.0,1.0,0,1,1.0,1.0,0.0,1,1,0,1,1,0,0,6,0.0,0.0,480.87493129882813,459.69866176757813,0,15,0,2024-04-07,0.0,0.0,0.0,0.0,0
17,93.70000457763669,291.2000045776367,250.0,541.2000045776367,1.0,0,1,1.0,1.0,1.0,1,1,1,1,1,0,5,1,0.0,0.0,705.2951812377929,503.775176965332,1,15,0,2024-04-07,29.120000457763673,25.0,54.12000045776367,0.029656272988831455,0
18,49.976773977307424,307.7000045776367,307.70000084809726,615.400005425734,1.0,0,1,1.0,1.0,1.0,1,1,1,1,1,6,0,0,0.0,0.0,705.5911983283003,609.65728207738,1,15,0,2024-04-07,30.770000457763672,30.770000084809727,61.5400005425734,0.42653118719226724,0
19,56.0650005340576,354.4000053405762,331.48333867390954,685.8833440144857,1.0,0,1,1.0,1.0,1.0,1,1,1,1,1,4,2,0,0.0,0.0,741.0152797332763,702.1486573448315,1,15,0,2024-04-07,35.44000053405762,33.14833386739095,68.58833440144858,0.07245484460056505,0
20,45.88000068664555,458.8000068664551,458.8000068664551,917.6000137329102,1.0,0,1,1.0,1.0,1.0,1,1,1,1,1,4,1,1,0.0,0.0,754.0880303988956,748.6116603485107,1,15,0,2024-04-07,45.88000068664551,45.88000068664551,91.76000137329102,0.03870967815302097,0
21,64.52000160217287,453.200008392334,453.200008392334,906.400016784668,1.0,0,1,1.0,1.0,1.0,1,1,1,1,1,6,0,0,0.0,0.0,787.6652881256103,801.971598397827,1,15,0,2024-04-07,45.3200008392334,45.3200008392334,90.6400016784668,0.16505376381646866,0
22,53.081676239418,523.9000015258789,530.700008392334,1054.600009918213,1.0,0,1,1.0,1.0,1.0,1,1,1,1,1,4,0,2,0.0,0.0,732.1307103214492,841.3329149117295,1,15,0,2024-04-07,52.390000152587895,53.0700008392334,105.46000099182129,0.16185283591396732,0
23,97.02000160217284,503.200008392334,503.200008392334,1006.400016784668,1.0,0,1,1.0,1.0,1.0,1,1,1,1,1,1,5,0,0.0,0.0,782.2310840240477,822.6049163310886,1,15,0,2024-04-07,50.3200008392334,50.3200008392334,100.6400016784668,0.050537633886907414,0
24,63.840000915527256,629.8000091552734,638.4000091552734,1268.200018310547,1.0,0,1,1.0,1.0,1.0,1,1,1,1,1,4,2,0,0.0,0.0,861.3882415405272,990.7475370509544,1,15,0,2024-04-07,62.98000091552734,63.84000091552735,126.8200018310547,0.11031688752895216,0
25,99.59000091552731,610.9000091552734,610.9000091552734,1221.8000183105469,1.0,0,1,1.0,1.0,1.0,1,1,1,1,1,3,3,0,0.0,0.0,929.7208831420897,1001.5099746704102,1,15,0,2024-04-07,61.09000091552735,61.09000091552735,122.1800018310547,0.055913978450980076,0
26,69.94004374657202,699.4000091552734,699.3999615652239,1398.7999707204972,1.0,0,1,1.0,1.0,1.0,1,1,1,1,1,6,0,0,0.0,0.0,778.3193390590719,1016.2321178312393,1,15,0,2024-04-07,69.94000091552735,69.93999615652238,139.87999707204972,0.10752688640489994,0
27,71.59000091552724,715.9000091552734,715.9000091552734,1431.8000183105469,1.0,0,1,1.0,1.0,1.0,1,1,1,1,1,1,5,0,0.0,0.0,798.4336516967771,1085.7254082014906,1,15,0,2024-04-07,71.59000091552734,71.59000091552734,143.18000183105468,0.18506399300671883,0
28,81.37113339591518,715.9000091552734,705.0320841770645,1420.932093332338,1.0,0,1,1.0,1.0,1.0,1,1,1,1,1,4,2,0,0.0,0.0,1019.6203627904464,1151.9553328186603,1,15,0,2024-04-07,71.59000091552734,70.50320841770645,142.0932093332338,0.06028802860822826,0
29,73.24009747053746,732.4000091552734,732.3999018719289,1464.7999110272024,1.0,0,1,1.0,1.0,1.0,1,1,1,1,1,2,3,1,0.0,0.0,1114.590073056475,1221.1345591700876,1,15,0,2024-04-07,73.24000091552735,73.2399901871929,146.47999110272025,0.014469892247720712,0
30,113.57000236511233,742.5266787211101,751.700008392334,1494.226687113444,1.0,0,1,1.0,1.0,1.0,1,1,1,1,1,2,4,0,0.0,0.0,1175.4362133026123,1245.7366611114503,1,15,0,2024-04-07,74.25266787211102,75.1700008392334,149.42266871134441,0.004588753339457781,0
31,146.50534281302987,762.3266779581706,706.6607386848495,1468.9874166430202,0.8333333333333334,1,0,0.75,1.0,1.0,0,0,1,0,1,4,2,0,0.0,0.0,1051.7109702544362,1061.0184837494703,1,15,0,2024-04-07,76.23266779581706,70.66607386848496,146.89874166430204,0.006364361947430124,0
32,94.75000076293951,0.0,837.5000076293945,837.5000076293945,1.0,0,1,1.0,1.0,1.0,1,1,1,1,1,0,0,6,0.0,0.0,1011.3834846496583,1132.8618384948732,1,15,0,2024-04-07,0.0,83.75000076293946,83.75000076293946,9.109725375236765e-10,0
33,139.57000083923333,839.8966757456461,845.700008392334,1685.59668413798,0.8333333333333334,1,0,0.6666666666666666,1.0,1.0,0,0,1,0,1,3,3,0,0.0,0.0,939.0773860931396,1064.0378100982666,1,15,0,2024-04-07,83.98966757456462,84.5700008392334,168.55966841379802,0.17145068681457418,0
34,683.9000091552734,908.9000091552734,250.0,1158.9000091552734,0.6666666666666666,2,0,0.6666666666666666,1.0,1.0,0,0,1,0,1,6,0,0,0.0,0.0,1275.4145965576172,451.2732314697266,1,15,0,2024-04-07,90.89000091552735,25.0,115.89000091552735,0.7151267855173901,0
35,90.60980482670658,840.200008392334,840.200008392334,1680.400016784668,0.0,6,0,0.0,1.0,1.0,0,0,1,0,1,6,0,0,0.30033218568475,0.0,587.860903459519,999.481770759231,1,15,0,2024-04-07,84.0200008392334,84.0200008392334,168.0400016784668,0.27258064328695286,1
36,85.12000083923337,842.600008392334,851.200008392334,1693.800016784668,1.0,0,1,1.0,1.0,1.0,1,1,1,1,1,0,6,0,0.42759468699437236,0.0,482.3087215423584,885.771623574829,1,15,0,2024-04-07,84.2600008392334,85.1200008392334,169.3800016784668,0.005403642041211612,0
37,164.12258185107456,721.6333368937175,722.0000076293945,1443.633344523112,1.0,0,1,1.0,1.0,1.0,1,1,1,1,1,0,6,0,0.13519226799336756,0.0,624.0740894194339,818.3690181489254,1,15,0,2024-04-07,72.16333368937175,72.20000076293945,144.36333445231122,5.02915341742693e-09,0
38,85.6400012969971,664.0333346048991,664.4000053405762,1328.4333399454754,1.0,0,1,1.0,1.0,1.0,1,1,1,1,1,6,0,0,0.27837937610759417,0.0,479.18014920294195,896.8515987030029,1,15,0,2024-04-07,66.40333346048992,66.44000053405762,132.84333399454755,0.06449832395509865,0
39,108.47000120347913,617.3333338419596,617.7000045776367,1235.0333384195965,1.0,0,1,1.0,1.0,1.0,1,1,1,1,1,0,0,6,0.24080572337820663,0.0,468.6759338206666,832.8216476246458,1,15,0,2024-04-07,61.733333384195966,61.77000045776367,123.50333384195966,1.3946179358495367e-11,0
40,123.42774354255766,659.0333346048991,659.4000053405762,1318.4333399454754,1.0,0,1,1.0,1.0,1.0,1,1,1,1,1,6,0,0,0.24254811082799388,0.0,499.18604432380766,798.6638320433798,1,15,0,2024-04-07,65.90333346048992,65.94000053405762,131.84333399454755,1.1666597667556806e-09,0
41,98.6100006103515,597.4733370463053,601.1000061035156,1198.573343149821,1.0,0,1,1.0,1.0,1.0,1,1,1,1,1,0,0,6,0.19083974892494565,0.0,483.451675415039,792.6816482177735,1,15,0,2024-04-07,59.747333704630535,60.11000061035156,119.85733431498211,4.742589945428364e-17,0
42,149.37474382543942,624.3400032043457,639.6000061035156,1263.9400093078614,1.0,0,1,1.0,1.0,1.0,1,1,1,1,1,6,0,0,0.18317700914501736,0.0,509.97526872778315,680.7926374245606,1,15,0,2024-04-07,62.43400032043458,63.960000610351564,126.39400093078615,2.551429231390499e-09,0
43,80.96000061035157,523.600001525879,534.6000061035156,1058.2000076293946,1.0,0,1,1.0,1.0,1.0,1,1,1,1,1,6,0,0,0.25954358205207034,0.0,387.70298156738284,670.1316360107421,1,15,0,2024-04-07,52.3600001525879,53.460000610351564,105.82000076293946,1.441957006024621e-09,0
44,48.055920611572176,468.6000015258789,479.6000061035156,948.2000076293946,1.0,0,1,1.0,1.0,1.0,1,1,1,1,1,0,0,6,0.07656333096720094,0.0,432.72242451782216,779.688914251709,1,15,0,2024-04-07,46.860000152587894,47.960000610351564,94.82000076293946,1.0170379369246187e-09,0
45,44.26271126280208,396.96667226155597,407.6000061035156,804.5666783650715,1.0,0,1,1.0,1.0,1.0,1,1,1,1,1,0,0,6,0.0,0.0,475.7568824053802,762.4289009442291,1,15,0,2024-04-07,39.6966672261556,40.76000061035157,80.45666783650717,8.594850300578026e-10,0
46,60.56000061035157,385.6000061035156,385.6000061035156,771.2000122070312,1.0,0,1,1.0,1.0,1.0,1,1,1,1,1,1,0,5,0.03647777523238851,0.0,371.53417575126394,660.3315627685546,1,15,0,2024-04-07,38.560000610351565,38.560000610351565,77.12000122070313,0.011827957826286596,0
47,117.56321078068686,374.7000045776367,374.7000045776367,749.4000091552734,1.0,0,1,1.0,1.0,1.0,1,1,1,1,1,0,6,0,0.0,0.0,421.9477054485895,603.3283525982193,1,15,0,2024-04-07,37.470000457763675,37.470000457763675,74.94000091552735,0.18709676615842735,0
0,-250.7600023905436,0.0,259.4000015258789,259.4000015258789,0.0,6,0,0.0,1.0,1.0,1,0,1,0,1,6,0,0,0.0,0.0,0.0,530.151596287028,1,15,1,2024-04-07,0.0,25.940000152587892,25.940000152587892,2.8431308218904568e-08,0
1,-125.95999946594247,0.0,278.60000228881836,278.60000228881836,0.0,6,0,1.0,1.0,0.0,1,0,0,1,1,0,0,6,0.0,0.0,65.06493339538565,430.35159336242685,1,15,1,2024-04-07,0.0,27.860000228881837,27.860000228881837,1.3692383861379477e-09,0
2,0.0,0.0,0.0,0.0,1.0,0,1,1.0,1.0,0.0,1,1,0,1,1,0,0,6,0.0,0.0,182.805419921875,304.3915938964844,0,15,1,2024-04-07,0.0,0.0,0.0,0.0,0
3,0.0,0.0,0.0,0.0,1.0,0,1,1.0,1.0,0.0,1,1,0,1,1,0,0,6,0.0,0.0,251.76870562109374,304.3915938964844,0,15,1,2024-04-07,0.0,0.0,0.0,0.0,0
4,0.0,0.0,0.0,0.0,1.0,0,1,1.0,1.0,0.0,1,1,0,1,1,0,0,6,0.0,0.0,272.1823653808594,285.18511196289063,0,15,1,2024-04-07,0.0,0.0,0.0,0.0,0
5,0.0,0.0,0.0,0.0,1.0,0,1,1.0,1.0,0.0,1,1,0,1,1,0,0,6,0.0,0.0,302.8904037109375,304.8161849609375,0,15,1,2024-04-07,0.0,0.0,0.0,0.0,0
6,0.0,0.0,0.0,0.0,1.0,0,1,1.0,1.0,0.0,1,1,0,1,1,0,0,6,0.0,0.0,220.4079818359375,199.58141323242188,0,15,1,2024-04-07,0.0,0.0,0.0,0.0,0
7,0.0,0.0,0.0,0.0,1.0,0,1,1.0,1.0,0.0,1,1,0,1,1,0,0,6,0.0,0.0,220.89159389648438,190.85791774902344,0,15,1,2024-04-07,0.0,0.0,0.0,0.0,0
8,0.0,0.0,0.0,0.0,1.0,0,1,1.0,1.0,0.0,1,1,0,1,1,0,0,6,0.0,0.0,220.89159389648438,185.82373806152344,0,15,1,2024-04-07,0.0,0.0,0.0,0.0,0
9,0.0,0.0,0.0,0.0,1.0,0,1,1.0,1.0,0.0,1,1,0,1,1,0,0,6,0.0,0.0,220.89159389648438,178.2813186279297,0,15,1,2024-04-07,0.0,0.0,0.0,0.0,0
10,0.0,0.0,0.0,0.0,1.0,0,1,1.0,1.0,0.0,1,1,0,1,1,0,0,6,0.0,0.0,220.89159389648438,169.14000698242188,0,15,1,2024-04-07,0.0,0.0,0.0,0.0,0
11,0.0,0.0,0.0,0.0,1.0,0,1,1.0,1.0,0.0,1,1,0,1,1,0,0,6,0.0,0.0,220.89159389648438,167.396141015625,0,15,1,2024-04-07,0.0,0.0,0.0,0.0,0
12,0.0,0.0,0.0,0.0,1.0,0,1,1.0,1.0,0.0,1,1,0,1,1,0,0,6,0.0,0.0,236.52828212890626,201.85082241210938,0,15,1,2024-04-07,0.0,0.0,0.0,0.0,0
13,0.0,0.0,0.0,0.0,1.0,0,1,1.0,1.0,0.0,1,1,0,1,1,0,0,6,0.0,0.0,290.85213466796876,248.03890224609376,0,15,1,2024-04-07,0.0,0.0,0.0,0.0,0
14,0.0,0.0,0.0,0.0,1.0,0,1,1.0,1.0,0.0,1,1,0,1,1,0,0,6,0.0,0.0,297.79158779296876,232.75969692382813,0,15,1,2024-04-07,0.0,0.0,0.0,0.0,0
15,0.0,0.0,0.0,0.0,1.0,0,1,1.0,1.0,0.0,1,1,0,1,1,0,0,6,0.0,0.0,297.79158779296876,231.38359829101563,0,15,1,2024-04-07,0.0,0.0,0.0,0.0,0
16,0.0,0.0,0.0,0.0,1.0,0,1,1.0,1.0,0.0,1,1,0,1,1,0,0,6,0.0,0.0,470.81917568359376,429.92073818359376,0,15,1,2024-04-07,0.0,0.0,0.0,0.0,0
17,93.70000457763669,291.2000045776367,250.0,541.2000045776367,1.0,0,1,1.0,1.0,1.0,1,1,1,1,1,0,5,1,0.0,0.0,696.3298492065429,496.51766964111323,1,15,1,2024-04-07,29.120000457763673,25.0,54.12000045776367,0.029656272988831455,0
18,49.976773977307424,307.7000045776367,307.70000084809726,615.400005425734,1.0,0,1,1.0,1.0,1.0,1,1,1,1,1,6,0,0,0.0,0.0,612.8684594265261,534.3200018039425,1,15,1,2024-04-07,30.770000457763672,30.770000084809727,61.5400005425734,0.42653118719226724,0
19,56.0650005340576,354.4000053405762,331.48333867390954,685.8833440144857,1.0,0,1,1.0,1.0,1.0,1,1,1,1,1,4,2,0,0.0,0.0,560.8993129364013,739.9500944188218,1,15,1,2024-04-07,35.44000053405762,33.14833386739095,68.58833440144858,0.07245484460056505,0
20,45.88000068664555,458.8000068664551,458.8000068664551,917.6000137329102,1.0,0,1,1.0,1.0,1.0,1,1,1,1,1,4,1,1,0.0,0.0,561.5664554229736,750.8443604286588,1,15,1,2024-04-07,45.88000068664551,45.88000068664551,91.76000137329102,0.03870967815302097,0
21,64.52000160217287,453.200008392334,453.200008392334,906.400016784668,1.0,0,1,1.0,1.0,1.0,1,1,1,1,1,6,0,0,0.0,0.0,630.5330859771728,834.9656076746094,1,15,1,2024-04-07,45.3200008392334,45.3200008392334,90.6400016784668,0.16505376381646866,0
22,53.081676239418,523.9000015258789,530.700008392334,1054.600009918213,1.0,0,1,1.0,1.0,1.0,1,1,1,1,1,4,0,2,0.0,0.0,678.5314978110612,957.0489256790493,1,15,1,2024-04-07,52.390000152587895,53.0700008392334,105.46000099182129,0.16185283591396732,0
23,97.02000160217284,503.200008392334,503.200008392334,1006.400016784668,1.0,0,1,1.0,1.0,1.0,1,1,1,1,1,1,5,0,0.0,0.0,736.9853038572064,969.9058024993897,1,15,1,2024-04-07,50.3200008392334,50.3200008392334,100.6400016784668,0.050537633886907414,0
24,63.840000915527256,629.8000091552734,638.4000091552734,1268.200018310547,1.0,0,1,1.0,1.0,1.0,1,1,1,1,1,4,2,0,0.0,0.0,788.3000037610759,1020.1992065063478,1,15,1,2024-04-07,62.98000091552734,63.84000091552735,126.8200018310547,0.11031688752895216,0
25,99.59000091552731,610.9000091552734,610.9000091552734,1221.8000183105469,1.0,0,1,1.0,1.0,1.0,1,1,1,1,1,3,3,0,0.0,0.0,852.5173080444335,1009.3041869750978,1,15,1,2024-04-07,61.09000091552735,61.09000091552735,122.1800018310547,0.055913978450980076,0
26,69.94004374657202,699.4000091552734,699.3999615652239,1398.7999707204972,0.8333333333333334,1,0,0.8333333333333334,1.0,1.0,0,0,1,0,1,6,0,0,0.0,0.0,882.8497727504782,1103.200237894053,1,15,1,2024-04-07,69.94000091552735,69.93999615652238,139.87999707204972,0.10752688640489994,0
27,71.59000091552724,715.9000091552734,715.9000091552734,1431.8000183105469,1.0,0,1,1.0,1.0,1.0,1,1,1,1,1,1,5,0,0.0,0.0,873.4646347045898,1101.1016723266603,1,15,1,2024-04-07,71.59000091552734,71.59000091552734,143.18000183105468,0.18506399300671883,0
28,81.37113339591518,715.9000091552734,705.0320841770645,1420.932093332338,1.0,0,1,1.0,1.0,1.0,1,1,1,1,1,4,2,0,0.0,0.0,839.572976657634,1022.6204666040849,1,15,1,2024-04-07,71.59000091552734,70.50320841770645,142.0932093332338,0.06028802860822826,0
29,73.24009747053746,732.4000091552734,732.3999018719289,1464.7999110272024,1.0,0,1,1.0,1.0,1.0,1,1,1,1,1,2,3,1,0.0,0.0,851.1617283299124,1028.7355113185251,1,15,1,2024-04-07,73.24000091552735,73.2399901871929,146.47999110272025,0.014469892247720712,0
30,113.57000236511233,742.5266787211101,751.700008392334,1494.226687113444,1.0,0,1,1.0,1.0,1.0,1,1,1,1,1,2,4,0,0.0,0.0,916.8405101776124,1033.9623691192628,1,15,1,2024-04-07,74.25266787211102,75.1700008392334,149.42266871134441,0.004588753339457781,0
31,146.50534281302987,762.3266779581706,706.6607386848495,1468.9874166430202,1.0,0,1,1.0,1.0,1.0,1,1,1,1,1,4,2,0,0.0,0.0,953.2646811919361,954.0875755463452,1,15,1,2024-04-07,76.23266779581706,70.66607386848496,146.89874166430204,0.006364361947430124,0
32,94.75000076293951,0.0,837.5000076293945,837.5000076293945,1.0,0,1,1.0,1.0,1.0,1,1,1,1,1,0,0,6,0.0,0.0,874.0617073059083,961.6549293151855,1,15,1,2024-04-07,0.0,83.75000076293946,83.75000076293946,9.109725375236765e-10,0
33,139.57000083923333,839.8966757456461,845.700008392334,1685.59668413798,0.6666666666666666,2,0,0.3333333333333333,1.0,1.0,0,0,1,0,1,3,3,0,0.0,0.0,871.9423763275146,925.8642261138917,1,15,1,2024-04-07,83.98966757456462,84.5700008392334,168.55966841379802,0.17145068681457418,0
34,683.9000091552734,908.9000091552734,250.0,1158.9000091552734,1.0,0,1,1.0,1.0,1.0,1,1,1,1,1,6,0,0,0.0,0.0,1282.7213115819295,358.0916518798829,1,15,1,2024-04-07,90.89000091552735,25.0,115.89000091552735,0.7151267855173901,0
35,90.60980482670658,840.200008392334,840.200008392334,1680.400016784668,0.6666666666666666,2,0,0.6666666666666666,1.0,1.0,0,0,1,0,1,6,0,0,0.4117856343174659,0.0,494.2177149829566,932.2818195873558,1,15,1,2024-04-07,84.0200008392334,84.0200008392334,168.0400016784668,0.27258064328695286,0
36,85.12000083923337,842.600008392334,851.200008392334,1693.800016784668,1.0,0,1,1.0,1.0,1.0,1,1,1,1,1,0,6,0,0.4406899730433465,0.0,471.2746334075928,937.7716846099853,1,15,1,2024-04-07,84.2600008392334,85.1200008392334,169.3800016784668,0.005403642041211612,0
37,164.12258185107456,721.6333368937175,722.0000076293945,1443.633344523112,1.0,0,1,1.0,1.0,1.0,1,1,1,1,1,0,6,0,0.038017344494831046,0.0,694.1987537260745,836.2689815278317,1,15,1,2024-04-07,72.16333368937175,72.20000076293945,144.36333445231122,5.02915341742693e-09,0
38,85.6400012969971,664.0333346048991,664.4000053405762,1328.4333399454754,1.0,0,1,1.0,1.0,1.0,1,1,1,1,1,6,0,0,0.0,0.0,700.3130359649658,1003.251501046753,1,15,1,2024-04-07,66.40333346048992,66.44000053405762,132.84333399454755,0.06449832395509865,0
39,108.47000120347913,617.3333338419596,617.7000045776367,1235.0333384195965,1.0,0,1,1.0,1.0,1.0,1,1,1,1,1,0,0,6,0.0042381542276877975,0.0,614.7169799632447,867.2216110035521,1,15,1,2024-04-07,61.733333384195966,61.77000045776367,123.50333384195966,1.3946179358495367e-11,0
40,123.42774354255766,659.0333346048991,659.4000053405762,1318.4333399454754,1.0,0,1,1.0,1.0,1.0,1,1,1,1,1,6,0,0,0.028411956616406622,0.0,640.3089080933389,863.7638686644735,1,15,1,2024-04-07,65.90333346048992,65.94000053405762,131.84333399454755,1.1666597667556806e-09,0
41,98.6100006103515,597.4733370463053,601.1000061035156,1198.573343149821,1.0,0,1,1.0,1.0,1.0,1,1,1,1,1,0,0,6,0.0,0.0,666.7531280517578,896.8815993896485,1,15,1,2024-04-07,59.747333704630535,60.11000061035156,119.85733431498211,4.742589945428364e-17,0
42,149.37474382543942,624.3400032043457,639.6000061035156,1263.9400093078614,1.0,0,1,1.0,1.0,1.0,1,1,1,1,1,6,0,0,0.0,0.0,759.3893922629394,835.1168561745606,1,15,1,2024-04-07,62.43400032043458,63.960000610351564,126.39400093078615,2.551429231390499e-09,0
43,80.96000061035157,523.600001525879,534.6000061035156,1058.2000076293946,1.0,0,1,1.0,1.0,1.0,1,1,1,1,1,6,0,0,0.0,0.0,611.7158599853516,873.3315871826171,1,15,1,2024-04-07,52.3600001525879,53.460000610351564,105.82000076293946,1.441957006024621e-09,0
44,48.055920611572176,468.6000015258789,479.6000061035156,948.2000076293946,0.3333333333333333,4,0,1.0,1.0,0.3333333333333333,0,0,0,1,1,0,0,6,0.0,0.0,489.17445088500966,859.5357160095215,1,15,1,2024-04-07,46.860000152587894,47.960000610351564,94.82000076293946,1.0170379369246187e-09,0
45,44.26271126280208,396.96667226155597,407.6000061035156,804.5666783650715,0.0,6,0,1.0,1.0,0.0,0,0,0,1,1,0,0,6,0.0,0.0,421.0396582842865,808.3288643231353,1,15,1,2024-04-07,39.6966672261556,40.76000061035157,80.45666783650717,8.594850300578026e-10,0
46,60.56000061035157,385.6000061035156,385.6000061035156,771.2000122070312,0.0,6,0,0.0,1.0,0.0,0,0,0,0,1,1,0,5,0.14103544178190366,0.0,331.21673889160155,665.2315871826171,1,15,1,2024-04-07,38.560000610351565,38.560000610351565,77.12000122070313,0.011827957826286596,0
47,117.56321078068686,374.7000045776367,374.7000045776367,749.4000091552734,0.0,6,0,1.0,0.0,1.0,0,0,1,1,0,0,6,0,0.0,0.0,388.8263333392806,579.0680376568131,1,15,1,2024-04-07,37.470000457763675,37.470000457763675,74.94000091552735,0.18709676615842735,0
0,-250.7600023905436,0.0,259.4000015258789,259.4000015258789,0.0,6,0,0.0,1.0,1.0,1,0,1,0,1,6,0,0,0.0,0.0,0.0,495.9515993387858,1,15,2,2024-04-07,0.0,25.940000152587892,25.940000152587892,2.8431308218904568e-08,0
1,-125.95999946594247,0.0,278.60000228881836,278.60000228881836,0.0,6,0,1.0,1.0,0.0,1,0,0,1,1,0,0,6,0.0,0.0,101.33124504089346,386.35159336242685,1,15,2,2024-04-07,0.0,27.860000228881837,27.860000228881837,1.3692383861379477e-09,0
2,0.0,0.0,0.0,0.0,1.0,0,1,1.0,1.0,0.0,1,1,0,1,1,0,0,6,0.0,0.0,222.89512634277344,247.56763454589844,0,15,2,2024-04-07,0.0,0.0,0.0,0.0,0
3,0.0,0.0,0.0,0.0,1.0,0,1,1.0,1.0,0.0,1,1,0,1,1,0,0,6,0.0,0.0,257.1255171445313,231.74034877929688,0,15,2,2024-04-07,0.0,0.0,0.0,0.0,0
4,0.0,0.0,0.0,0.0,1.0,0,1,1.0,1.0,0.0,1,1,0,1,1,0,0,6,0.0,0.0,260.3915938964844,225.56052395019532,0,15,2,2024-04-07,0.0,0.0,0.0,0.0,0
5,0.0,0.0,0.0,0.0,1.0,0,1,1.0,1.0,0.0,1,1,0,1,1,0,0,6,0.0,0.0,260.3915938964844,219.12390895996094,0,15,2,2024-04-07,0.0,0.0,0.0,0.0,0
6,0.0,0.0,0.0,0.0,1.0,0,1,1.0,1.0,0.0,1,1,0,1,1,0,0,6,0.0,0.0,210.39159389648438,210.39159389648438,0,15,2,2024-04-07,0.0,0.0,0.0,0.0,0
7,0.0,0.0,0.0,0.0,1.0,0,1,1.0,1.0,0.0,1,1,0,1,1,0,0,6,0.0,0.0,210.39159389648438,195.14640041503907,0,15,2,2024-04-07,0.0,0.0,0.0,0.0,0
8,0.0,0.0,0.0,0.0,1.0,0,1,1.0,1.0,0.0,1,1,0,1,1,0,0,6,0.0,0.0,199.39159389648438,170.8187942138672,0,15,2,2024-04-07,0.0,0.0,0.0,0.0,0
9,0.0,0.0,0.0,0.0,1.0,0,1,1.0,1.0,0.0,1,1,0,1,1,0,0,6,0.0,0.0,199.39159389648438,146.10836025390626,0,15,2,2024-04-07,0.0,0.0,0.0,0.0,0
10,0.0,0.0,0.0,0.0,1.0,0,1,1.0,1.0,0.0,1,1,0,1,1,0,0,6,0.0,0.0,199.39159389648438,132.38803859863282,0,15,2,2024-04-07,0.0,0.0,0.0,0.0,0
11,0.0,0.0,0.0,0.0,1.0,0,1,1.0,1.0,0.0,1,1,0,1,1,0,0,6,0.0,0.0,215.89159389648438,111.23741909179688,0,15,2,2024-04-07,0.0,0.0,0.0,0.0,0
12,0.0,0.0,0.0,0.0,1.0,0,1,1.0,1.0,0.0,1,1,0,1,1,0,0,6,0.0,0.0,204.29158779296876,97.82073208007813,0,15,2,2024-04-07,0.0,0.0,0.0,0.0,0
13,0.0,0.0,0.0,0.0,1.0,0,1,1.0,1.0,0.0,1,1,0,1,1,0,0,6,0.0,0.0,204.29158779296876,135.09160610351563,0,15,2,2024-04-07,0.0,0.0,0.0,0.0,0
14,0.0,0.0,0.0,0.0,1.0,0,1,1.0,1.0,0.0,1,1,0,1,1,0,0,6,0.0,0.0,226.29158779296876,157.09160610351563,0,15,2,2024-04-07,0.0,0.0,0.0,0.0,0
15,0.0,0.0,0.0,0.0,1.0,0,1,1.0,1.0,0.0,1,1,0,1,1,0,0,6,0.0,0.0,234.59160610351563,178.17882534179688,0,15,2,2024-04-07,0.0,0.0,0.0,0.0,0
16,0.0,0.0,0.0,0.0,1.0,0,1,1.0,1.0,0.0,1,1,0,1,1,0,0,6,0.0,0.0,280.69158168945313,258.69158168945313,0,15,2,2024-04-07,0.0,0.0,0.0,0.0,0
17,93.70000457763669,291.2000045776367,250.0,541.2000045776367,1.0,0,1,1.0,1.0,1.0,1,1,1,1,1,0,5,1,0.0,0.17523364272460923,404.59159847412104,206.1915893188477,1,15,2,2024-04-07,29.120000457763673,25.0,54.12000045776367,0.029656272988831455,0
18,49.976773977307424,307.7000045776367,307.70000084809726,615.400005425734,1.0,0,1,1.0,1.0,1.0,1,1,1,1,1,6,0,0,0.0,0.013242254926506498,406.6995751491824,303.6253589959805,1,15,2,2024-04-07,30.770000457763672,30.770000084809727,61.5400005425734,0.42653118719226724,0
19,56.0650005340576,354.4000053405762,331.48333867390954,685.8833440144857,1.0,0,1,1.0,1.0,1.0,1,1,1,1,1,4,2,0,0.0,0.0,416.18011767756144,348.12661167297364,1,15,2,2024-04-07,35.44000053405762,33.14833386739095,68.58833440144858,0.07245484460056505,0
20,45.88000068664555,458.8000068664551,458.8000068664551,917.6000137329102,1.0,0,1,1.0,1.0,1.0,1,1,1,1,1,4,1,1,0.0,0.0,522.731506195577,468.31161152038567,1,15,2,2024-04-07,45.88000068664551,45.88000068664551,91.76000137329102,0.03870967815302097,0
21,64.52000160217287,453.200008392334,453.200008392334,906.400016784668,1.0,0,1,1.0,1.0,1.0,1,1,1,1,1,6,0,0,0.0,0.0,573.8764157763243,493.6716106048583,1,15,2,2024-04-07,45.3200008392334,45.3200008392334,90.6400016784668,0.16505376381646866,0
22,53.081676239418,523.9000015258789,530.700008392334,1054.600009918213,1.0,0,1,1.0,1.0,1.0,1,1,1,1,1,4,0,2,0.0,0.0,618.1447006176938,621.0099603816757,1,15,2,2024-04-07,52.390000152587895,53.0700008392334,105.46000099182129,0.16185283591396732,0
23,97.02000160217284,503.200008392334,503.200008392334,1006.400016784668,1.0,0,1,1.0,1.0,1.0,1,1,1,1,1,1,5,0,0.0,0.0,716.6409122467041,660.3615520111084,1,15,2,2024-04-07,50.3200008392334,50.3200008392334,100.6400016784668,0.050537633886907414,0
24,63.840000915527256,629.8000091552734,638.4000091552734,1268.200018310547,1.0,0,1,1.0,1.0,1.0,1,1,1,1,1,4,2,0,0.0,0.0,813.960545349121,789.9975463500977,1,15,2,2024-04-07,62.98000091552734,63.84000091552735,126.8200018310547,0.11031688752895216,0
25,99.59000091552731,610.9000091552734,610.9000091552734,1221.8000183105469,1.0,0,1,1.0,1.0,1.0,1,1,1,1,1,3,3,0,0.0,0.0,831.3974960327148,764.5052367797852,1,15,2,2024-04-07,61.09000091552735,61.09000091552735,122.1800018310547,0.055913978450980076,0
26,69.94004374657202,699.4000091552734,699.3999615652239,1398.7999707204972,1.0,0,1,1.0,1.0,1.0,1,1,1,1,1,6,0,0,0.0,0.0,770.211485272985,794.675335550303,1,15,2,2024-04-07,69.94000091552735,69.93999615652238,139.87999707204972,0.10752688640489994,0
27,71.59000091552724,715.9000091552734,715.9000091552734,1431.8000183105469,1.0,0,1,1.0,1.0,1.0,1,1,1,1,1,1,5,0,0.0,0.0,771.9911769962309,825.7795287719728,1,15,2,2024-04-07,71.59000091552734,71.59000091552734,143.18000183105468,0.18506399300671883,0
28,81.37113339591518,715.9000091552734,705.0320841770645,1420.932093332338,1.0,0,1,1.0,1.0,1.0,1,1,1,1,1,4,2,0,0.0,0.0,799.9901519506027,856.5977615259598,1,15,2,2024-04-07,71.59000091552734,70.50320841770645,142.0932093332338,0.06028802860822826,0
29,73.24009747053746,732.4000091552734,732.3999018719289,1464.7999110272024,1.0,0,1,1.0,1.0,1.0,1,1,1,1,1,2,3,1,0.0,0.0,775.9513508513129,852.3010630763375,1,15,2,2024-04-07,73.24000091552735,73.2399901871929,146.47999110272025,0.014469892247720712,0
30,113.57000236511233,742.5266787211101,751.700008392334,1494.226687113444,1.0,0,1,1.0,1.0,1.0,1,1,1,1,1,2,4,0,0.0,0.0,745.7408397674561,821.8215610137938,1,15,2,2024-04-07,74.25266787211102,75.1700008392334,149.42266871134441,0.004588753339457781,0
31,146.50534281302987,762.3266779581706,706.6607386848495,1468.9874166430202,1.0,0,1,1.0,1.0,1.0,1,1,1,1,1,4,2,0,0.0,0.0,789.9762900786549,797.0862327729076,1,15,2,2024-04-07,76.23266779581706,70.66607386848496,146.89874166430204,0.006364361947430124,0
32,94.75000076293951,0.0,837.5000076293945,837.5000076293945,1.0,0,1,1.0,1.0,1.0,1,1,1,1,1,0,0,6,0.0,0.0,817.6692512512208,915.0951148620604,1,15,2,2024-04-07,0.0,83.75000076293946,83.75000076293946,9.109725375236765e-10,0
33,139.57000083923333,839.8966757456461,845.700008392334,1685.59668413798,0.6666666666666666,2,0,0.3333333333333333,1.0,1.0,0,0,1,0,1,3,3,0,0.06500318859735743,0.0,785.3007137298583,865.6757495513916,1,15,2,2024-04-07,83.98966757456462,84.5700008392334,168.55966841379802,0.17145068681457418,0
34,683.9000091552734,908.9000091552734,250.0,1158.9000091552734,0.0,6,0,0.0,1.0,1.0,0,0,1,0,1,6,0,0,0.0,0.0,1260.2613983154297,318.20615383300776,1,15,2,2024-04-07,90.89000091552735,25.0,115.89000091552735,0.7151267855173901,0
35,90.60980482670658,840.200008392334,840.200008392334,1680.400016784668,0.16666666666666666,5,0,0.16666666666666666,1.0,1.0,0,0,1,0,1,6,0,0,0.36092526867614877,0.0,536.9505946216284,939.3293049389185,1,15,2,2024-04-07,84.0200008392334,84.0200008392334,168.0400016784668,0.27258064328695286,0
36,85.12000083923337,842.600008392334,851.200008392334,1693.800016784668,0.8333333333333334,1,0,1.0,0.8333333333333334,1.0,0,0,1,1,0,0,6,0,0.393124782233237,0.0,511.353063583374,963.8979053131104,1,15,2,2024-04-07,84.2600008392334,85.1200008392334,169.3800016784668,0.005403642041211612,0
37,164.12258185107456,721.6333368937175,722.0000076293945,1443.633344523112,1.0,0,1,1.0,1.0,1.0,1,1,1,1,1,0,6,0,0.0,0.0,728.917381655762,869.097899984863,1,15,2,2024-04-07,72.16333368937175,72.20000076293945,144.36333445231122,5.02915341742693e-09,0
38,85.6400012969971,664.0333346048991,664.4000053405762,1328.4333399454754,0.6666666666666666,2,0,0.6666666666666666,1.0,1.0,0,0,1,0,1,6,0,0,0.0,0.0,724.9290637969971,944.344030343628,1,15,2,2024-04-07,66.40333346048992,66.44000053405762,132.84333399454755,0.06449832395509865,0
39,108.47000120347913,617.3333338419596,617.7000045776367,1235.0333384195965,0.8333333333333334,1,0,1.0,1.0,0.8333333333333334,0,0,0,1,1,0,0,6,0.0,0.0,786.7721862620729,883.9219283863646,1,15,2,2024-04-07,61.733333384195966,61.77000045776367,123.50333384195966,1.3946179358495367e-11,0
40,123.42774354255766,659.0333346048991,659.4000053405762,1318.4333399454754,1.0,0,1,1.0,1.0,1.0,1,1,1,1,1,6,0,0,0.0,0.0,805.2160736206827,848.4884170043173,1,15,2,2024-04-07,65.90333346048992,65.94000053405762,131.84333399454755,1.1666597667556806e-09,0
41,98.6100006103515,597.4733370463053,601.1000061035156,1198.573343149821,1.0,0,1,1.0,1.0,1.0,1,1,1,1,1,0,0,6,0.0,0.0,748.0868682861328,839.5204543701172,1,15,2,2024-04-07,59.747333704630535,60.11000061035156,119.85733431498211,4.742589945428364e-17,0
42,149.37474382543942,624.3400032043457,639.6000061035156,1263.9400093078614,1.0,0,1,1.0,1.0,1.0,1,1,1,1,1,6,0,0,0.0,0.0,662.0713380637206,704.516880588623,1,15,2,2024-04-07,62.43400032043458,63.960000610351564,126.39400093078615,2.551429231390499e-09,0
43,80.96000061035157,523.600001525879,534.6000061035156,1058.2000076293946,1.0,0,1,1.0,1.0,1.0,1,1,1,1,1,6,0,0,0.0,0.0,541.6169830322266,726.2316115966796,1,15,2,2024-04-07,52.3600001525879,53.460000610351564,105.82000076293946,1.441957006024621e-09,0
44,48.055920611572176,468.6000015258789,479.6000061035156,948.2000076293946,1.0,0,1,1.0,1.0,1.0,1,1,1,1,1,0,0,6,0.0,0.0,468.7372560607909,726.635691595459,1,15,2,2024-04-07,46.860000152587894,47.960000610351564,94.82000076293946,1.0170379369246187e-09,0
45,44.26271126280208,396.96667226155597,407.6000061035156,804.5666783650715,1.0,0,1,1.0,1.0,1.0,1,1,1,1,1,0,0,6,0.0,0.0,479.9460608721771,749.6289131512603,1,15,2,2024-04-07,39.6966672261556,40.76000061035157,80.45666783650717,8.594850300578026e-10,0
46,60.56000061035157,385.6000061035156,385.6000061035156,771.2000122070312,0.8333333333333334,1,0,0.0,1.0,1.0,0,0,1,0,1,1,0,5,0.0,0.0,417.6610137939453,667.3316238037108,1,15,2,2024-04-07,38.560000610351565,38.560000610351565,77.12000122070313,0.011827957826286596,0
47,117.56321078068686,374.7000045776367,374.7000045776367,749.4000091552734,0.0,6,0,1.0,0.0,1.0,0,0,1,1,0,0,6,0,0.0,0.0,476.0959866595931,549.0767046490006,1,15,2,2024-04-07,37.470000457763675,37.470000457763675,74.94000091552735,0.18709676615842735,0
0,-250.7600023905436,0.0,259.4000015258789,259.4000015258789,0.0,6,0,0.0,1.0,1.0,1,0,1,0,1,6,0,0,0.0,0.0,0.0,518.151596287028,1,16,0,2024-04-07,0.0,25.940000152587892,25.940000152587892,2.8431308218904568e-08,1
1,-125.95999946594247,0.0,278.60000228881836,278.60000228881836,0.0,6,0,1.0,1.0,0.0,1,0,0,1,1,0,0,6,0.0,0.0,79.94782218933096,415.1249393096925,1,16,0,2024-04-07,0.0,27.860000228881837,27.860000228881837,1.3692383861379477e-09,1
2,0.0,0.0,0.0,0.0,1.0,0,1,1.0,1.0,0.0,1,1,0,1,1,0,0,6,0.0,0.0,155.51275634765625,237.29158779296876,0,16,0,2024-04-07,0.0,0.0,0.0,0.0,0
3,0.0,0.0,0.0,0.0,1.0,0,1,1.0,1.0,0.0,1,1,0,1,1,0,0,6,0.0,0.0,177.87449480566406,237.29158779296876,0,16,0,2024-04-07,0.0,0.0,0.0,0.0,0
4,0.0,0.0,0.0,0.0,1.0,0,1,1.0,1.0,0.0,1,1,0,1,1,0,0,6,0.0,0.0,211.3308333984375,264.79158779296876,0,16,0,2024-04-07,0.0,0.0,0.0,0.0,0
5,0.0,0.0,0.0,0.0,1.0,0,1,1.0,1.0,0.0,1,1,0,1,1,0,0,6,0.0,0.0,214.1609572998047,264.79158779296876,0,16,0,2024-04-07,0.0,0.0,0.0,0.0,0
6,0.0,0.0,0.0,0.0,1.0,0,1,1.0,1.0,0.0,1,1,0,1,1,0,0,6,0.0,0.0,226.18733974609376,264.79158779296876,0,16,0,2024-04-07,0.0,0.0,0.0,0.0,0
7,0.0,0.0,0.0,0.0,1.0,0,1,1.0,1.0,0.0,1,1,0,1,1,0,0,6,0.0,0.0,236.705711328125,264.79158779296876,0,16,0,2024-04-07,0.0,0.0,0.0,0.0,0
8,0.0,0.0,0.0,0.0,1.0,0,1,1.0,1.0,0.0,1,1,0,1,1,0,0,6,0.0,0.0,219.28379055175782,237.29158779296876,0,16,0,2024-04-07,0.0,0.0,0.0,0.0,0
9,0.0,0.0,0.0,0.0,1.0,0,1,1.0,1.0,0.0,1,1,0,1,1,0,0,6,0.0,0.0,221.51036831054688,237.29158779296876,0,16,0,2024-04-07,0.0,0.0,0.0,0.0,0
10,0.0,0.0,0.0,0.0,1.0,0,1,1.0,1.0,0.0,1,1,0,1,1,0,0,6,0.0,0.0,230.40071865234376,237.29158779296876,0,16,0,2024-04-07,0.0,0.0,0.0,0.0,0
11,0.0,0.0,0.0,0.0,1.0,0,1,1.0,1.0,0.0,1,1,0,1,1,0,0,6,0.0,0.0,233.75078579101563,237.29158779296876,0,16,0,2024-04-07,0.0,0.0,0.0,0.0,0
12,0.0,0.0,0.0,0.0,1.0,0,1,1.0,1.0,0.0,1,1,0,1,1,0,0,6,0.0,0.0,233.33245083007813,237.29158779296876,0,16,0,2024-04-07,0.0,0.0,0.0,0.0,0
13,0.0,0.0,0.0,0.0,1.0,0,1,1.0,1.0,0.0,1,1,0,1,1,0,0,6,0.0,0.0,252.74251552734376,251.45761867675782,0,16,0,2024-04-07,0.0,0.0,0.0,0.0,0
14,0.0,0.0,0.0,0.0,1.0,0,1,1.0,1.0,0.0,1,1,0,1,1,0,0,6,0.0,0.0,287.90105434570313,253.19124599609376,0,16,0,2024-04-07,0.0,0.0,0.0,0.0,0
15,0.0,0.0,0.0,0.0,1.0,0,1,1.0,1.0,0.0,1,1,0,1,1,0,0,6,0.0,0.0,336.5306625,319.53972622070313,0,16,0,2024-04-07,0.0,0.0,0.0,0.0,0
16,0.0,0.0,0.0,0.0,1.0,0,1,1.0,1.0,0.0,1,1,0,1,1,0,0,6,0.0,0.0,344.9916,326.47261806640626,0,16,0,2024-04-07,0.0,0.0,0.0,0.0,0
17,93.70000457763669,291.2000045776367,250.0,541.2000045776367,1.0,0,1,1.0,1.0,1.0,1,1,1,1,1,0,0,6,0.0,0.0,477.19160457763667,257.56747432861334,1,16,0,2024-04-07,29.120000457763673,25.0,54.12000045776367,5.251609236881821e-17,0
18,49.976773977307424,307.7000045776367,307.70000084809726,615.400005425734,1.0,0,1,1.0,1.0,1.0,1,1,1,1,1,6,0,0,0.0,0.0,603.9202172390261,475.24708333856483,1,16,0,2024-04-07,30.770000457763672,30.770000084809727,61.5400005425734,2.711988625123651e-09,0
19,56.0650005340576,354.4000053405762,331.48333867390954,685.8833440144857,1.0,0,1,1.0,1.0,1.0,1,1,1,1,1,6,0,0,0.0,0.0,567.3183192840576,491.54455757141113,1,16,0,2024-04-07,35.44000053405762,33.14833386739095,68.58833440144858,2.780864465140536e-09,0
20,45.88000068664555,458.8000068664551,458.8000068664551,917.6000137329102,1.0,0,1,1.0,1.0,1.0,1,1,1,1,1,0,0,6,0.0,0.0,674.548968850708,636.6196635354589,1,16,0,2024-04-07,45.88000068664551,45.88000068664551,91.76000137329102,4.157254542281278e-10,0
21,64.52000160217287,453.200008392334,453.200008392334,906.400016784668,1.0,0,1,1.0,1.0,1.0,1,1,1,1,1,0,6,0,0.0,0.0,776.6716357818603,709.4669573603354,1,16,0,2024-04-07,45.3200008392334,45.3200008392334,90.6400016784668,2.946037091169704e-09,0
22,53.081676239418,523.9000015258789,530.700008392334,1054.600009918213,1.0,0,1,1.0,1.0,1.0,1,1,1,1,1,4,2,0,0.0,0.0,815.830356317543,808.8920619651012,1,16,0,2024-04-07,52.390000152587895,53.0700008392334,105.46000099182129,0.05889816184610318,0
23,97.02000160217284,503.200008392334,503.200008392334,1006.400016784668,1.0,0,1,1.0,1.0,1.0,1,1,1,1,1,4,2,0,0.0,0.0,891.2680713287352,819.961632814566,1,16,0,2024-04-07,50.3200008392334,50.3200008392334,100.6400016784668,0.2305798693015904,0
24,63.840000915527256,629.8000091552734,638.4000091552734,1268.200018310547,1.0,0,1,1.0,1.0,1.0,1,1,1,1,1,6,0,0,0.0,0.0,806.2443206420897,959.9826683039535,1,16,0,2024-04-07,62.98000091552734,63.84000091552735,126.8200018310547,0.12816442047797763,0
25,99.59000091552731,610.9000091552734,610.9000091552734,1221.8000183105469,1.0,0,1,1.0,1.0,1.0,1,1,1,1,1,1,5,0,0.0,0.0,868.527584802246,967.983209413301,1,16,0,2024-04-07,61.09000091552735,61.09000091552735,122.1800018310547,0.012646341365890495,0
26,69.94004374657202,699.4000091552734,699.3999615652239,1398.7999707204972,1.0,0,1,1.0,1.0,1.0,1,1,1,1,1,0,6,0,0.0,0.0,819.535500345296,935.7162901401467,1,16,0,2024-04-07,69.94000091552735,69.93999615652238,139.87999707204972,0.05032679512178977,0
27,71.59000091552724,715.9000091552734,715.9000091552734,1431.8000183105469,1.0,0,1,1.0,1.0,1.0,1,1,1,1,1,1,5,0,0.0,0.0,866.0069017199805,949.2812377563478,1,16,0,2024-04-07,71.59000091552734,71.59000091552734,143.18000183105468,0.0006535966902105205,0
28,81.37113339591518,715.9000091552734,705.0320841770645,1420.932093332338,1.0,0,1,1.0,1.0,1.0,1,1,1,1,1,6,0,0,0.0,0.0,933.4177642552902,983.4943679712724,1,16,0,2024-04-07,71.59000091552734,70.50320841770645,142.0932093332338,0.0006585944186030515,0
29,73.24009747053746,732.4000091552734,732.3999018719289,1464.7999110272024,1.0,0,1,1.0,1.0,1.0,1,1,1,1,1,0,4,2,0.0,0.0,1018.7528538181937,1113.1120982325876,1,16,0,2024-04-07,73.24000091552735,73.2399901871929,146.47999110272025,0.2049019532677554,0
30,113.57000236511233,742.5266787211101,751.700008392334,1494.226687113444,1.0,0,1,1.0,1.0,1.0,1,1,1,1,1,4,2,0,0.0,0.0,1015.4688060760499,1042.0210849395753,1,16,0,2024-04-07,74.25266787211102,75.1700008392334,149.42266871134441,0.003616841047933858,0
31,146.50534281302987,762.3266779581706,706.6607386848495,1468.9874166430202,0.8333333333333334,1,0,1.0,0.5,1.0,0,0,1,1,0,4,2,0,0.0,0.0,1032.1023276763112,1002.0800071869702,1,16,0,2024-04-07,76.23266779581706,70.66607386848496,146.89874166430204,0.01097349576696433,0
32,94.75000076293951,0.0,837.5000076293945,837.5000076293945,1.0,0,1,1.0,1.0,1.0,1,1,1,1,1,0,1,5,0.0,0.0,971.342896270752,1097.5937720886232,1,16,0,2024-04-07,0.0,83.75000076293946,83.75000076293946,0.01895424957468901,0
33,139.57000083923333,839.8966757456461,845.700008392334,1685.59668413798,1.0,0,1,1.0,1.0,1.0,1,1,1,1,1,2,4,0,0.0,0.0,996.5996028900146,1060.6134936920166,1,16,0,2024-04-07,83.98966757456462,84.5700008392334,168.55966841379802,0.13352562773156365,0
34,683.9000091552734,908.9000091552734,250.0,1158.9000091552734,0.5,3,0,1.0,0.4,1.0,0,0,1,1,0,1,5,0,0.0,0.0,1501.6978637186685,553.5696181884766,1,16,0,2024-04-07,90.89000091552735,25.0,115.89000091552735,0.07779920468648245,0
35,90.60980482670658,840.200008392334,840.200008392334,1680.400016784668,1.0,0,1,1.0,1.0,1.0,1,1,1,1,1,3,3,0,0.0,0.0,1107.7741289958656,1060.3725178295435,1,16,0,2024-04-07,84.0200008392334,84.0200008392334,168.0400016784668,0.0405228781850325,0
36,85.12000083923337,842.600008392334,851.200008392334,1693.800016784668,1.0,0,1,1.0,1.0,1.0,1,1,1,1,1,3,3,0,0.0,0.0,988.9612901123911,999.6150073638917,1,16,0,2024-04-07,84.2600008392334,85.1200008392334,169.3800016784668,0.03999199029793266,0
37,164.12258185107456,721.6333368937175,722.0000076293945,1443.633344523112,1.0,0,1,1.0,1.0,1.0,1,1,1,1,1,0,6,0,0.0,0.0,956.1576185000384,851.8682246918942,1,16,0,2024-04-07,72.16333368937175,72.20000076293945,144.36333445231122,0.11408126298850348,0
38,85.6400012969971,664.0333346048991,664.4000053405762,1328.4333399454754,1.0,0,1,1.0,1.0,1.0,1,1,1,1,1,6,0,0,0.0,0.0,909.9799309243749,917.9181270233154,1,16,0,2024-04-07,66.40333346048992,66.44000053405762,132.84333399454755,0.08167679522308635,0
39,108.47000120347913,617.3333338419596,617.7000045776367,1235.0333384195965,1.0,0,1,1.0,1.0,1.0,1,1,1,1,1,2,0,4,0.0,0.0,958.4015807933229,977.996452312146,1,16,0,2024-04-07,61.733333384195966,61.77000045776367,123.50333384195966,0.07971488641976943,0
40,123.42774354255766,659.0333346048991,659.4000053405762,1318.4333399454754,1.0,0,1,1.0,1.0,1.0,1,1,1,1,1,6,0,0,0.0,0.0,962.1831756714639,988.1638320433799,1,16,0,2024-04-07,65.90333346048992,65.94000053405762,131.84333399454755,0.0009801207538625094,0
41,98.6100006103515,597.4733370463053,601.1000061035156,1198.573343149821,1.0,0,1,1.0,1.0,1.0,1,1,1,1,1,2,0,4,0.0,0.0,845.9781036376953,966.281623803711,1,16,0,2024-04-07,59.747333704630535,60.11000061035156,119.85733431498211,0.011729108165176545,0
42,149.37474382543942,624.3400032043457,639.6000061035156,1263.9400093078614,1.0,0,1,1.0,1.0,1.0,1,1,1,1,1,6,0,0,0.0,0.0,911.2780031027831,951.2168317604982,1,16,0,2024-04-07,62.43400032043458,63.960000610351564,126.39400093078615,0.022276779542391104,0
43,80.96000061035157,523.600001525879,534.6000061035156,1058.2000076293946,1.0,0,1,1.0,1.0,1.0,1,1,1,1,1,6,0,0,0.0,0.0,778.8255401611328,926.1315749755859,1,16,0,2024-04-07,52.3600001525879,53.460000610351564,105.82000076293946,1.441957006024621e-09,0
44,48.055920611572176,468.6000015258789,479.6000061035156,948.2000076293946,0.3333333333333333,4,0,1.0,1.0,0.3333333333333333,0,0,0,1,1,0,0,6,0.0,0.0,754.4504518615722,909.0356549743652,1,16,0,2024-04-07,46.860000152587894,47.960000610351564,94.82000076293946,1.0170379369246187e-09,0
45,44.26271126280208,396.96667226155597,407.6000061035156,804.5666783650715,0.0,6,0,1.0,1.0,0.0,0,0,0,1,1,0,0,6,0.0,0.0,744.1004187823333,905.5651924481353,1,16,0,2024-04-07,39.6966672261556,40.76000061035157,80.45666783650717,8.594850300578026e-10,0
46,60.56000061035157,385.6000061035156,385.6000061035156,771.2000122070312,0.0,6,0,1.0,1.0,0.0,0,0,0,1,1,0,0,6,0.0,0.0,653.2155792236329,805.6282546630858,1,16,0,2024-04-07,38.560000610351565,38.560000610351565,77.12000122070313,9.89288681407059e-10,0
47,117.56321078068686,374.7000045776367,374.7000045776367,749.4000091552734,0.6666666666666666,2,0,0.6666666666666666,1.0,1.0,0,0,1,0,1,6,0,0,0.0,0.0,478.41880160099936,538.4283892193131,1,16,0,2024-04-07,37.470000457763675,37.470000457763675,74.94000091552735,1.663991776675657e-09,0
0,-250.7600023905436,0.0,259.4000015258789,259.4000015258789,0.0,6,0,0.0,1.0,1.0,1,0,1,0,1,6,0,0,0.0,0.0,0.0,589.7516023905437,1,16,1,2024-04-07,0.0,25.940000152587892,25.940000152587892,2.8431308218904568e-08,0
1,-125.95999946594247,0.0,278.60000228881836,278.60000228881836,0.16666666666666666,5,0,1.0,1.0,0.16666666666666666,1,0,0,1,1,0,0,6,0.0,0.0,60.496528244018464,464.9515994659425,1,16,1,2024-04-07,0.0,27.860000228881837,27.860000228881837,1.3692383861379477e-09,0
2,0.0,0.0,0.0,0.0,1.0,0,1,1.0,1.0,0.0,1,1,0,1,1,0,0,6,0.0,0.0,172.29368591308594,369.7916183105469,0,16,1,2024-04-07,0.0,0.0,0.0,0.0,0
3,0.0,0.0,0.0,0.0,1.0,0,1,1.0,1.0,0.0,1,1,0,1,1,0,0,6,0.0,0.0,267.7775252011719,369.7916183105469,0,16,1,2024-04-07,0.0,0.0,0.0,0.0,0
4,0.0,0.0,0.0,0.0,1.0,0,1,1.0,1.0,0.0,1,1,0,1,1,0,0,6,0.0,0.0,309.6533431640625,369.7916183105469,0,16,1,2024-04-07,0.0,0.0,0.0,0.0,0
5,0.0,0.0,0.0,0.0,1.0,0,1,1.0,1.0,0.0,1,1,0,1,1,0,0,6,0.0,0.0,303.30263515625,344.86751552734376,0,16,1,2024-04-07,0.0,0.0,0.0,0.0,0
6,0.0,0.0,0.0,0.0,1.0,0,1,1.0,1.0,0.0,1,1,0,1,1,0,0,6,0.0,0.0,315.80928798828126,327.35271450195313,0,16,1,2024-04-07,0.0,0.0,0.0,0.0,0
7,0.0,0.0,0.0,0.0,1.0,0,1,1.0,1.0,0.0,1,1,0,1,1,0,0,6,0.0,0.0,328.83538051757813,323.09160610351563,0,16,1,2024-04-07,0.0,0.0,0.0,0.0,0
8,0.0,0.0,0.0,0.0,1.0,0,1,1.0,1.0,0.0,1,1,0,1,1,0,0,6,0.0,0.0,331.3915938964844,303.8915938964844,0,16,1,2024-04-07,0.0,0.0,0.0,0.0,0
9,0.0,0.0,0.0,0.0,1.0,0,1,1.0,1.0,0.0,1,1,0,1,1,0,0,6,0.0,0.0,303.8915938964844,301.9958724609375,0,16,1,2024-04-07,0.0,0.0,0.0,0.0,0
10,0.0,0.0,0.0,0.0,1.0,0,1,1.0,1.0,0.0,1,1,0,1,1,0,0,6,0.0,0.0,303.8915938964844,283.92110439453126,0,16,1,2024-04-07,0.0,0.0,0.0,0.0,0
11,0.0,0.0,0.0,0.0,1.0,0,1,1.0,1.0,0.0,1,1,0,1,1,0,0,6,0.0,0.0,303.8915938964844,275.0114516845703,0,16,1,2024-04-07,0.0,0.0,0.0,0.0,0
12,0.0,0.0,0.0,0.0,1.0,0,1,1.0,1.0,0.0,1,1,0,1,1,0,0,6,0.0,0.0,339.10860439453126,292.53798671875,0,16,1,2024-04-07,0.0,0.0,0.0,0.0,0
13,0.0,0.0,0.0,0.0,1.0,0,1,1.0,1.0,0.0,1,1,0,1,1,0,0,6,0.0,0.0,398.6596908203125,315.13018032226563,0,16,1,2024-04-07,0.0,0.0,0.0,0.0,0
14,0.0,0.0,0.0,0.0,1.0,0,1,1.0,1.0,0.0,1,1,0,1,1,0,0,6,0.0,0.0,455.59163662109376,328.09160610351563,0,16,1,2024-04-07,0.0,0.0,0.0,0.0,0
15,0.0,0.0,0.0,0.0,1.0,0,1,1.0,1.0,0.0,1,1,0,1,1,0,0,6,0.0,0.0,405.59160610351563,328.09160610351563,0,16,1,2024-04-07,0.0,0.0,0.0,0.0,0
16,0.0,0.0,0.0,0.0,1.0,0,1,1.0,1.0,0.0,1,1,0,1,1,0,0,6,0.0,0.0,397.3916244140625,319.8916244140625,0,16,1,2024-04-07,0.0,0.0,0.0,0.0,0
17,93.70000457763669,291.2000045776367,250.0,541.2000045776367,1.0,0,1,1.0,1.0,1.0,1,1,1,1,1,0,0,6,0.0,0.0,551.528610192871,306.39160152587897,1,16,1,2024-04-07,29.120000457763673,25.0,54.12000045776367,5.251609236881821e-17,0
18,49.976773977307424,307.7000045776367,307.70000084809726,615.400005425734,1.0,0,1,1.0,1.0,1.0,1,1,1,1,1,6,0,0,0.0,0.0,590.2683617702761,488.7746502872218,1,16,1,2024-04-07,30.770000457763672,30.770000084809727,61.5400005425734,2.711988625123651e-09,0
19,56.0650005340576,354.4000053405762,331.48333867390954,685.8833440144857,1.0,0,1,1.0,1.0,1.0,1,1,1,1,1,6,0,0,0.0,0.0,657.2536830535888,530.7783529927261,1,16,1,2024-04-07,35.44000053405762,33.14833386739095,68.58833440144858,2.780864465140536e-09,0
20,45.88000068664555,458.8000068664551,458.8000068664551,917.6000137329102,1.0,0,1,1.0,1.0,1.0,1,1,1,1,1,0,0,6,0.0,0.0,705.5088077178955,616.0890329023873,1,16,1,2024-04-07,45.88000068664551,45.88000068664551,91.76000137329102,4.157254542281278e-10,0
21,64.52000160217287,453.200008392334,453.200008392334,906.400016784668,1.0,0,1,1.0,1.0,1.0,1,1,1,1,1,0,6,0,0.0,0.0,793.2116138092041,645.3747107507735,1,16,1,2024-04-07,45.3200008392334,45.3200008392334,90.6400016784668,2.946037091169704e-09,0
22,53.081676239418,523.9000015258789,530.700008392334,1054.600009918213,1.0,0,1,1.0,1.0,1.0,1,1,1,1,1,4,2,0,0.0,0.0,903.3631321964492,752.834231843102,1,16,1,2024-04-07,52.390000152587895,53.0700008392334,105.46000099182129,0.05889816184610318,0
23,97.02000160217284,503.200008392334,503.200008392334,1006.400016784668,1.0,0,1,1.0,1.0,1.0,1,1,1,1,1,4,2,0,0.0,0.0,994.288273965454,780.3407763959915,1,16,1,2024-04-07,50.3200008392334,50.3200008392334,100.6400016784668,0.2305798693015904,0
24,63.840000915527256,629.8000091552734,638.4000091552734,1268.200018310547,1.0,0,1,1.0,1.0,1.0,1,1,1,1,1,6,0,0,0.0,0.0,1040.8947112670896,938.994003642497,1,16,1,2024-04-07,62.98000091552734,63.84000091552735,126.8200018310547,0.12816442047797763,0
25,99.59000091552731,610.9000091552734,610.9000091552734,1221.8000183105469,1.0,0,1,1.0,1.0,1.0,1,1,1,1,1,1,5,0,0.0,0.0,1142.0184905639649,1033.5979873657227,1,16,1,2024-04-07,61.09000091552735,61.09000091552735,122.1800018310547,0.012646341365890495,0
26,69.94004374657202,699.4000091552734,699.3999615652239,1398.7999707204972,1.0,0,1,1.0,1.0,1.0,1,1,1,1,1,0,6,0,0.0,0.0,1090.2907135707908,1071.5701351478656,1,16,1,2024-04-07,69.94000091552735,69.93999615652238,139.87999707204972,0.05032679512178977,0
27,71.59000091552724,715.9000091552734,715.9000091552734,1431.8000183105469,1.0,0,1,1.0,1.0,1.0,1,1,1,1,1,1,5,0,0.0,0.0,1109.670651208496,1095.1902725219727,1,16,1,2024-04-07,71.59000091552734,71.59000091552734,143.18000183105468,0.0006535966902105205,0
28,81.37113339591518,715.9000091552734,705.0320841770645,1420.932093332338,1.0,0,1,1.0,1.0,1.0,1,1,1,1,1,6,0,0,0.0,0.0,1007.9622207006026,1021.1575178477367,1,16,1,2024-04-07,71.59000091552734,70.50320841770645,142.0932093332338,0.0006585944186030515,0
29,73.24009747053746,732.4000091552734,732.3999018719289,1464.7999110272024,0.8333333333333334,1,0,1.0,0.75,1.0,0,0,1,1,0,0,4,2,0.0,0.0,1098.338997275225,1072.6562876857126,1,16,1,2024-04-07,73.24000091552735,73.2399901871929,146.47999110272025,0.2049019532677554,0
30,113.57000236511233,742.5266787211101,751.700008392334,1494.226687113444,0.8333333333333334,1,0,1.0,0.5,1.0,0,0,1,1,0,4,2,0,0.0,0.0,1086.2142894744873,1006.2768222442627,1,16,1,2024-04-07,74.25266787211102,75.1700008392334,149.42266871134441,0.003616841047933858,0
31,146.50534281302987,762.3266779581706,706.6607386848495,1468.9874166430202,1.0,0,1,1.0,1.0,1.0,1,1,1,1,1,4,2,0,0.0,0.0,1012.3241294341236,888.5769554291577,1,16,1,2024-04-07,76.23266779581706,70.66607386848496,146.89874166430204,0.01097349576696433,0
32,94.75000076293951,0.0,837.5000076293945,837.5000076293945,1.0,0,1,1.0,1.0,1.0,1,1,1,1,1,0,1,5,0.0,0.0,974.3776252746583,955.426779901123,1,16,1,2024-04-07,0.0,83.75000076293946,83.75000076293946,0.01895424957468901,0
33,139.57000083923333,839.8966757456461,845.700008392334,1685.59668413798,1.0,0,1,1.0,1.0,1.0,1,1,1,1,1,2,4,0,0.0,0.0,972.7725765228271,911.8424975982667,1,16,1,2024-04-07,83.98966757456462,84.5700008392334,168.55966841379802,0.13352562773156365,0
34,683.9000091552734,908.9000091552734,250.0,1158.9000091552734,0.6666666666666666,2,0,1.0,0.6,1.0,0,0,1,1,0,1,5,0,0.0,0.0,1474.3003387451172,377.7915420166016,1,16,1,2024-04-07,90.89000091552735,25.0,115.89000091552735,0.07779920468648245,0
35,90.60980482670658,840.200008392334,840.200008392334,1680.400016784668,1.0,0,1,1.0,1.0,1.0,1,1,1,1,1,3,3,0,0.0,0.0,1084.5023447681128,908.4657189445763,1,16,1,2024-04-07,84.0200008392334,84.0200008392334,168.0400016784668,0.0405228781850325,0
36,85.12000083923337,842.600008392334,851.200008392334,1693.800016784668,1.0,0,1,1.0,1.0,1.0,1,1,1,1,1,3,3,0,0.0,0.06239396682004894,905.1416301361083,798.0902633114773,1,16,1,2024-04-07,84.2600008392334,85.1200008392334,169.3800016784668,0.03999199029793266,0
37,164.12258185107456,721.6333368937175,722.0000076293945,1443.633344523112,1.0,0,1,1.0,1.0,1.0,1,1,1,1,1,0,6,0,0.0,0.0,981.6586764799807,724.379887145343,1,16,1,2024-04-07,72.16333368937175,72.20000076293945,144.36333445231122,0.11408126298850348,0
38,85.6400012969971,664.0333346048991,664.4000053405762,1328.4333399454754,1.0,0,1,1.0,1.0,1.0,1,1,1,1,1,6,0,0,0.0,0.0,1047.3139908387973,835.3702754608154,1,16,1,2024-04-07,66.40333346048992,66.44000053405762,132.84333399454755,0.08167679522308635,0
39,108.47000120347913,617.3333338419596,617.7000045776367,1235.0333384195965,1.0,0,1,1.0,1.0,1.0,1,1,1,1,1,2,0,4,0.0,0.0,1044.2295455394167,913.2249567519026,1,16,1,2024-04-07,61.733333384195966,61.77000045776367,123.50333384195966,0.07971488641976943,0
40,123.42774354255766,659.0333346048991,659.4000053405762,1318.4333399454754,1.0,0,1,1.0,1.0,1.0,1,1,1,1,1,6,0,0,0.0,0.0,983.5025324169587,851.7975600707235,1,16,1,2024-04-07,65.90333346048992,65.94000053405762,131.84333399454755,0.0009801207538625094,0
41,98.6100006103515,597.4733370463053,601.1000061035156,1198.573343149821,1.0,0,1,1.0,1.0,1.0,1,1,1,1,1,2,0,4,0.0,0.0,876.0810671346956,858.0849074951172,1,16,1,2024-04-07,59.747333704630535,60.11000061035156,119.85733431498211,0.011729108165176545,0
42,149.37474382543942,624.3400032043457,639.6000061035156,1263.9400093078614,1.0,0,1,1.0,1.0,1.0,1,1,1,1,1,6,0,0,0.0,0.0,847.6961549582519,735.6664777565918,1,16,1,2024-04-07,62.43400032043458,63.960000610351564,126.39400093078615,0.022276779542391104,0
43,80.96000061035157,523.600001525879,534.6000061035156,1058.2000076293946,1.0,0,1,1.0,1.0,1.0,1,1,1,1,1,6,0,0,0.0,0.0,641.5873825263977,660.4709304443359,1,16,1,2024-04-07,52.3600001525879,53.460000610351564,105.82000076293946,1.441957006024621e-09,0
44,48.055920611572176,468.6000015258789,479.6000061035156,948.2000076293946,1.0,0,1,1.0,1.0,1.0,1,1,1,1,1,0,0,6,0.0,0.0,538.9498720275878,619.9741925720215,1,16,1,2024-04-07,46.860000152587894,47.960000610351564,94.82000076293946,1.0170379369246187e-09,0
45,44.26271126280208,396.96667226155597,407.6000061035156,804.5666783650715,1.0,0,1,1.0,1.0,1.0,1,1,1,1,1,0,0,6,0.0,0.0,512.182602620224,595.6254341473541,1,16,1,2024-04-07,39.6966672261556,40.76000061035157,80.45666783650717,8.594850300578026e-10,0
46,60.56000061035157,385.6000061035156,385.6000061035156,771.2000122070312,1.0,0,1,1.0,1.0,1.0,1,1,1,1,1,0,0,6,0.0,0.0,528.0239898681641,569.9789016357421,1,16,1,2024-04-07,38.560000610351565,38.560000610351565,77.12000122070313,9.89288681407059e-10,0
47,117.56321078068686,374.7000045776367,374.7000045776367,749.4000091552734,1.0,0,1,1.0,1.0,1.0,1,1,1,1,1,6,0,0,0.0,0.0,509.6579983783431,419.2356401958756,1,16,1,2024-04-07,37.470000457763675,37.470000457763675,74.94000091552735,1.663991776675657e-09,0
0,-250.7600023905436,0.0,259.4000015258789,259.4000015258789,0.0,6,0,0.0,1.0,1.0,1,0,1,0,1,6,0,0,0.0,0.0,0.0,485.35160849405923,1,16,2,2024-04-07,0.0,25.940000152587892,25.940000152587892,2.8431308218904568e-08,0
1,-125.95999946594247,0.0,278.60000228881836,278.60000228881836,0.0,6,0,1.0,1.0,0.0,1,0,0,1,1,0,0,6,0.0,0.0,8.854652023315339,360.5516055694581,1,16,2,2024-04-07,0.0,27.860000228881837,27.860000228881837,1.3692383861379477e-09,0
2,0.0,0.0,0.0,0.0,1.0,0,1,1.0,1.0,0.0,1,1,0,1,1,0,0,6,0.0,0.0,132.4093475341797,234.59160610351563,0,16,2,2024-04-07,0.0,0.0,0.0,0.0,0
3,0.0,0.0,0.0,0.0,1.0,0,1,1.0,1.0,0.0,1,1,0,1,1,0,0,6,0.0,0.0,162.5796797421875,226.39159389648438,0,16,2,2024-04-07,0.0,0.0,0.0,0.0,0
4,0.0,0.0,0.0,0.0,1.0,0,1,1.0,1.0,0.0,1,1,0,1,1,0,0,6,0.0,0.0,137.92739864501954,198.89159389648438,0,16,2,2024-04-07,0.0,0.0,0.0,0.0,0
5,0.0,0.0,0.0,0.0,1.0,0,1,1.0,1.0,0.0,1,1,0,1,1,0,0,6,0.0,0.0,138.1936034790039,187.89159389648438,0,16,2,2024-04-07,0.0,0.0,0.0,0.0,0
6,0.0,0.0,0.0,0.0,1.0,0,1,1.0,1.0,0.0,1,1,0,1,1,0,0,6,0.0,0.0,155.83965297851563,187.89159389648438,0,16,2,2024-04-07,0.0,0.0,0.0,0.0,0
7,0.0,0.0,0.0,0.0,1.0,0,1,1.0,1.0,0.0,1,1,0,1,1,0,0,6,0.0,0.0,137.8916015258789,137.8916015258789,0,16,2,2024-04-07,0.0,0.0,0.0,0.0,0
8,0.0,0.0,0.0,0.0,1.0,0,1,1.0,1.0,0.0,1,1,0,1,1,0,0,6,0.0,0.0,137.8916015258789,137.8916015258789,0,16,2,2024-04-07,0.0,0.0,0.0,0.0,0
9,0.0,0.0,0.0,0.0,1.0,0,1,1.0,1.0,0.0,1,1,0,1,1,0,0,6,0.0,0.0,126.89160152587891,126.89160152587891,0,16,2,2024-04-07,0.0,0.0,0.0,0.0,0
10,0.0,0.0,0.0,0.0,1.0,0,1,1.0,1.0,0.0,1,1,0,1,1,0,0,6,0.0,0.0,126.89160152587891,126.89160152587891,0,16,2,2024-04-07,0.0,0.0,0.0,0.0,0
11,0.0,0.0,0.0,0.0,1.0,0,1,1.0,1.0,0.0,1,1,0,1,1,0,0,6,0.0,0.0,126.89160152587891,126.89160152587891,0,16,2,2024-04-07,0.0,0.0,0.0,0.0,0
12,0.0,0.0,0.0,0.0,1.0,0,1,1.0,1.0,0.0,1,1,0,1,1,0,0,6,0.0,0.0,157.09160610351563,157.09160610351563,0,16,2,2024-04-07,0.0,0.0,0.0,0.0,0
13,0.0,0.0,0.0,0.0,1.0,0,1,1.0,1.0,0.0,1,1,0,1,1,0,0,6,0.0,0.0,187.29160305175782,187.29160305175782,0,16,2,2024-04-07,0.0,0.0,0.0,0.0,0
14,0.0,0.0,0.0,0.0,1.0,0,1,1.0,1.0,0.0,1,1,0,1,1,0,0,6,0.0,0.0,319.7916183105469,301.95012661132813,0,16,2,2024-04-07,0.0,0.0,0.0,0.0,0
15,0.0,0.0,0.0,0.0,1.0,0,1,1.0,1.0,0.0,1,1,0,1,1,0,0,6,0.0,0.0,319.7916183105469,282.54859157714844,0,16,2,2024-04-07,0.0,0.0,0.0,0.0,0
16,0.0,0.0,0.0,0.0,1.0,0,1,1.0,1.0,0.0,1,1,0,1,1,0,0,6,0.0,0.0,347.2916183105469,278.49637600097657,0,16,2,2024-04-07,0.0,0.0,0.0,0.0,0
17,93.70000457763669,291.2000045776367,250.0,541.2000045776367,1.0,0,1,1.0,1.0,1.0,1,1,1,1,1,0,0,6,0.0,0.15521301284179673,479.3916167846679,211.19674678955082,1,16,2,2024-04-07,29.120000457763673,25.0,54.12000045776367,5.251609236881821e-17,0
18,49.976773977307424,307.7000045776367,307.70000084809726,615.400005425734,1.0,0,1,1.0,1.0,1.0,1,1,1,1,1,6,0,0,0.0,0.0,566.3127049874901,395.4175359836301,1,16,2,2024-04-07,30.770000457763672,30.770000084809727,61.5400005425734,2.711988625123651e-09,0
19,56.0650005340576,354.4000053405762,331.48333867390954,685.8833440144857,1.0,0,1,1.0,1.0,1.0,1,1,1,1,1,6,0,0,0.0,0.0,633.1261902999242,499.7477054229736,1,16,2,2024-04-07,35.44000053405762,33.14833386739095,68.58833440144858,2.780864465140536e-09,0
20,45.88000068664555,458.8000068664551,458.8000068664551,917.6000137329102,1.0,0,1,1.0,1.0,1.0,1,1,1,1,1,0,0,6,0.0,0.0,622.7169757843018,566.6372340789794,1,16,2,2024-04-07,45.88000068664551,45.88000068664551,91.76000137329102,4.157254542281278e-10,0
21,64.52000160217287,453.200008392334,453.200008392334,906.400016784668,1.0,0,1,1.0,1.0,1.0,1,1,1,1,1,0,6,0,0.0,0.0,679.8221866607666,588.1992595306396,1,16,2,2024-04-07,45.3200008392334,45.3200008392334,90.6400016784668,2.946037091169704e-09,0
22,53.081676239418,523.9000015258789,530.700008392334,1054.600009918213,1.0,0,1,1.0,1.0,1.0,1,1,1,1,1,4,2,0,0.0,0.0,654.866100067543,655.0098993465194,1,16,2,2024-04-07,52.390000152587895,53.0700008392334,105.46000099182129,0.05889816184610318,0
23,97.02000160217284,503.200008392334,503.200008392334,1006.400016784668,1.0,0,1,1.0,1.0,1.0,1,1,1,1,1,4,2,0,0.0,0.0,708.7937534332275,638.5715739837647,1,16,2,2024-04-07,50.3200008392334,50.3200008392334,100.6400016784668,0.2305798693015904,0
24,63.840000915527256,629.8000091552734,638.4000091552734,1268.200018310547,1.0,0,1,1.0,1.0,1.0,1,1,1,1,1,6,0,0,0.0,0.0,729.2434706768494,822.8515502563477,1,16,2,2024-04-07,62.98000091552734,63.84000091552735,126.8200018310547,0.12816442047797763,0
25,99.59000091552731,610.9000091552734,610.9000091552734,1221.8000183105469,1.0,0,1,1.0,1.0,1.0,1,1,1,1,1,1,5,0,0.0,0.0,712.221133399119,803.5073119750977,1,16,2,2024-04-07,61.09000091552735,61.09000091552735,122.1800018310547,0.012646341365890495,0
26,69.94004374657202,699.4000091552734,699.3999615652239,1398.7999707204972,1.0,0,1,1.0,1.0,1.0,1,1,1,1,1,0,6,0,0.0,0.0,843.5883591762595,922.6759459018655,1,16,2,2024-04-07,69.94000091552735,69.93999615652238,139.87999707204972,0.05032679512178977,0
27,71.59000091552724,715.9000091552734,715.9000091552734,1431.8000183105469,1.0,0,1,1.0,1.0,1.0,1,1,1,1,1,1,5,0,0.0,0.0,960.3771713256835,1023.0253783813478,1,16,2,2024-04-07,71.59000091552734,71.59000091552734,143.18000183105468,0.0006535966902105205,0
28,81.37113339591518,715.9000091552734,705.0320841770645,1420.932093332338,1.0,0,1,1.0,1.0,1.0,1,1,1,1,1,6,0,0,0.0,0.0,939.3585601537277,1021.9205154322099,1,16,2,2024-04-07,71.59000091552734,70.50320841770645,142.0932093332338,0.0006585944186030515,0
29,73.24009747053746,732.4000091552734,732.3999018719289,1464.7999110272024,1.0,0,1,1.0,1.0,1.0,1,1,1,1,1,0,4,2,0.0,0.0,955.3427586033499,1029.5919566310251,1,16,2,2024-04-07,73.24000091552735,73.2399901871929,146.47999110272025,0.2049019532677554,0
30,113.57000236511233,742.5266787211101,751.700008392334,1494.226687113444,1.0,0,1,1.0,1.0,1.0,1,1,1,1,1,4,2,0,0.0,0.0,959.2293266194713,941.4152499786377,1,16,2,2024-04-07,74.25266787211102,75.1700008392334,149.42266871134441,0.003616841047933858,0
31,146.50534281302987,762.3266779581706,706.6607386848495,1468.9874166430202,1.0,0,1,1.0,1.0,1.0,1,1,1,1,1,4,2,0,0.0,0.0,922.8146079497486,844.8175560150951,1,16,2,2024-04-07,76.23266779581706,70.66607386848496,146.89874166430204,0.01097349576696433,0
32,94.75000076293951,0.0,837.5000076293945,837.5000076293945,1.0,0,1,1.0,1.0,1.0,1,1,1,1,1,0,1,5,0.0,0.0,839.2568367004395,846.8521339050292,1,16,2,2024-04-07,0.0,83.75000076293946,83.75000076293946,0.01895424957468901,0
33,139.57000083923333,839.8966757456461,845.700008392334,1685.59668413798,1.0,0,1,1.0,1.0,1.0,1,1,1,1,1,2,4,0,0.0,0.054289133154507896,883.3083431243896,799.7876880279541,1,16,2,2024-04-07,83.98966757456462,84.5700008392334,168.55966841379802,0.13352562773156365,0
34,683.9000091552734,908.9000091552734,250.0,1158.9000091552734,1.0,0,1,1.0,1.0,1.0,1,1,1,1,1,1,5,0,0.0,0.0,1424.7836151123047,262.50937648925776,1,16,2,2024-04-07,90.89000091552735,25.0,115.89000091552735,0.07779920468648245,0
35,90.60980482670658,840.200008392334,840.200008392334,1680.400016784668,1.0,0,1,1.0,1.0,1.0,1,1,1,1,1,3,3,0,0.0,0.09312740018650699,971.5984730999967,761.9543659740746,1,16,2,2024-04-07,84.0200008392334,84.0200008392334,168.0400016784668,0.0405228781850325,0
36,85.12000083923337,842.600008392334,851.200008392334,1693.800016784668,1.0,0,1,1.0,1.0,1.0,1,1,1,1,1,3,3,0,0.0,0.09432976542592286,870.2457306305567,770.9065112701416,1,16,2,2024-04-07,84.2600008392334,85.1200008392334,169.3800016784668,0.03999199029793266,0
37,164.12258185107456,721.6333368937175,722.0000076293945,1443.633344523112,1.0,0,1,1.0,1.0,1.0,1,1,1,1,1,0,6,0,0.0,0.05756613813931694,906.2291531232888,680.4372554536129,1,16,2,2024-04-07,72.16333368937175,72.20000076293945,144.36333445231122,0.11408126298850348,0
38,85.6400012969971,664.0333346048991,664.4000053405762,1328.4333399454754,1.0,0,1,1.0,1.0,1.0,1,1,1,1,1,6,0,0,0.0,0.0,797.2040402370682,720.9087276092529,1,16,2,2024-04-07,66.40333346048992,66.44000053405762,132.84333399454755,0.08167679522308635,0
39,108.47000120347913,617.3333338419596,617.7000045776367,1235.0333384195965,1.0,0,1,1.0,1.0,1.0,1,1,1,1,1,2,0,4,0.0,0.0,747.1319274730104,707.8407516285521,1,16,2,2024-04-07,61.733333384195966,61.77000045776367,123.50333384195966,0.07971488641976943,0
40,123.42774354255766,659.0333346048991,659.4000053405762,1318.4333399454754,1.0,0,1,1.0,1.0,1.0,1,1,1,1,1,6,0,0,0.008337036564239808,0.0,653.5389495972452,678.6341689574423,1,16,2,2024-04-07,65.90333346048992,65.94000053405762,131.84333399454755,0.0009801207538625094,0
41,98.6100006103515,597.4733370463053,601.1000061035156,1198.573343149821,1.0,0,1,1.0,1.0,1.0,1,1,1,1,1,2,0,4,0.025507796885363584,0.0,582.2331085205078,661.2915725341797,1,16,2,2024-04-07,59.747333704630535,60.11000061035156,119.85733431498211,0.011729108165176545,0
42,149.37474382543942,624.3400032043457,639.6000061035156,1263.9400093078614,1.0,0,1,1.0,1.0,1.0,1,1,1,1,1,6,0,0,0.11256181486189518,0.24122913585451342,554.0631593527831,485.30984933862305,1,16,2,2024-04-07,62.43400032043458,63.960000610351564,126.39400093078615,0.022276779542391104,0
43,80.96000061035157,523.600001525879,534.6000061035156,1058.2000076293946,1.0,0,1,1.0,1.0,1.0,1,1,1,1,1,6,0,0,0.22926304563149894,0.16567228900614264,403.55787048339846,446.03159938964836,1,16,2,2024-04-07,52.3600001525879,53.460000610351564,105.82000076293946,1.441957006024621e-09,0
44,48.055920611572176,468.6000015258789,479.6000061035156,948.2000076293946,1.0,0,1,1.0,1.0,1.0,1,1,1,1,1,0,0,6,0.2291865839738426,0.05933815021100439,361.2031679260253,451.1414289001466,1,16,2,2024-04-07,46.860000152587894,47.960000610351564,94.82000076293946,1.0170379369246187e-09,0
45,44.26271126280208,396.96667226155597,407.6000061035156,804.5666783650715,1.0,0,1,1.0,1.0,1.0,1,1,1,1,1,0,0,6,0.18199931434804648,0.06831143935672143,324.7190100909271,379.75626300477603,1,16,2,2024-04-07,39.6966672261556,40.76000061035157,80.45666783650717,8.594850300578026e-10,0
46,60.56000061035157,385.6000061035156,385.6000061035156,771.2000122070312,1.0,0,1,1.0,1.0,1.0,1,1,1,1,1,0,0,6,0.2711742722258149,0.20064415762107246,281.035205078125,308.23161770019533,1,16,2,2024-04-07,38.560000610351565,38.560000610351565,77.12000122070313,9.89288681407059e-10,0
47,117.56321078068686,374.7000045776367,374.7000045776367,749.4000091552734,1.0,0,1,1.0,1.0,1.0,1,1,1,1,1,6,0,0,0.009981492489013113,0.35887802349870157,370.95993929631186,240.22840752986002,1,16,2,2024-04-07,37.470000457763675,37.470000457763675,74.94000091552735,1.663991776675657e-09,0
0,-250.7600023905436,0.0,259.4000015258789,259.4000015258789,1.0,0,1,1.0,1.0,1.0,1,1,1,1,1,6,0,0,0.0,0.0,127.93267793172203,684.9516145975749,1,17,0,2024-04-07,0.0,25.940000152587892,25.940000152587892,2.8431308218904568e-08,0
1,-125.95999946594247,0.0,278.60000228881836,278.60000228881836,1.0,0,1,1.0,1.0,1.0,1,1,1,1,1,0,0,6,0.0,0.0,201.95976215515128,567.2313289898761,1,17,0,2024-04-07,0.0,27.860000228881837,27.860000228881837,1.3692383861379477e-09,0
2,0.0,0.0,0.0,0.0,1.0,0,1,1.0,1.0,0.0,1,1,0,1,1,0,0,6,0.0,0.0,288.82793422851563,413.26420748413875,0,17,0,2024-04-07,0.0,0.0,0.0,0.0,0
3,0.0,0.0,0.0,0.0,1.0,0,1,1.0,1.0,0.0,1,1,0,1,1,0,0,6,0.0,0.0,349.55498500976563,393.51021572265626,0,17,0,2024-04-07,0.0,0.0,0.0,0.0,0
4,0.0,0.0,0.0,0.0,1.0,0,1,1.0,1.0,0.0,1,1,0,1,1,0,0,6,0.0,0.0,362.839500390625,363.6240462890625,0,17,0,2024-04-07,0.0,0.0,0.0,0.0,0
5,0.0,0.0,0.0,0.0,1.0,0,1,1.0,1.0,0.0,1,1,0,1,1,0,0,6,0.0,0.0,375.3633041015625,346.87053676757813,0,17,0,2024-04-07,0.0,0.0,0.0,0.0,0
6,0.0,0.0,0.0,0.0,1.0,0,1,1.0,1.0,0.0,1,1,0,1,1,0,0,6,0.0,0.0,375.60747524414063,334.65325161132813,0,17,0,2024-04-07,0.0,0.0,0.0,0.0,0
7,0.0,0.0,0.0,0.0,1.0,0,1,1.0,1.0,0.0,1,1,0,1,1,0,0,6,0.0,0.0,377.06417080078126,327.28972622070313,0,17,0,2024-04-07,0.0,0.0,0.0,0.0,0
8,0.0,0.0,0.0,0.0,1.0,0,1,1.0,1.0,0.0,1,1,0,1,1,0,0,6,0.0,0.0,367.69161220703126,315.8524093261719,0,17,0,2024-04-07,0.0,0.0,0.0,0.0,0
9,0.0,0.0,0.0,0.0,1.0,0,1,1.0,1.0,0.0,1,1,0,1,1,0,0,6,0.0,0.0,367.69161220703126,315.3559493652344,0,17,0,2024-04-07,0.0,0.0,0.0,0.0,0
10,0.0,0.0,0.0,0.0,1.0,0,1,1.0,1.0,0.0,1,1,0,1,1,0,0,6,0.0,0.0,356.69161220703126,297.93819423828126,0,17,0,2024-04-07,0.0,0.0,0.0,0.0,0
11,0.0,0.0,0.0,0.0,1.0,0,1,1.0,1.0,0.0,1,1,0,1,1,0,0,6,0.0,0.0,345.69161220703126,285.0227279296875,0,17,0,2024-04-07,0.0,0.0,0.0,0.0,0
12,0.0,0.0,0.0,0.0,1.0,0,1,1.0,1.0,0.0,1,1,0,1,1,0,0,6,0.0,0.0,363.8906478515625,303.9916,0,17,0,2024-04-07,0.0,0.0,0.0,0.0,0
13,0.0,0.0,0.0,0.0,1.0,0,1,1.0,1.0,0.0,1,1,0,1,1,0,0,6,0.0,0.0,371.6245345703125,314.9916,0,17,0,2024-04-07,0.0,0.0,0.0,0.0,0
14,0.0,0.0,0.0,0.0,1.0,0,1,1.0,1.0,0.0,1,1,0,1,1,0,0,6,0.0,0.0,430.4819564453125,362.7871322265625,0,17,0,2024-04-07,0.0,0.0,0.0,0.0,0
15,0.0,0.0,0.0,0.0,1.0,0,1,1.0,1.0,0.0,1,1,0,1,1,0,0,6,0.0,0.0,443.0646895996094,345.19075771484376,0,17,0,2024-04-07,0.0,0.0,0.0,0.0,0
16,0.0,0.0,0.0,0.0,1.0,0,1,1.0,1.0,0.0,1,1,0,1,1,0,0,6,0.0,0.0,494.10735317382813,423.14192958984376,0,17,0,2024-04-07,0.0,0.0,0.0,0.0,0
17,93.70000457763669,291.2000045776367,250.0,541.2000045776367,1.0,0,1,1.0,1.0,1.0,1,1,1,1,1,0,4,2,0.0,0.0,629.8233489624023,381.97465215460306,1,17,0,2024-04-07,29.120000457763673,25.0,54.12000045776367,0.28855749517262,0
18,49.976773977307424,307.7000045776367,307.70000084809726,615.400005425734,1.0,0,1,1.0,1.0,1.0,1,1,1,1,1,6,0,0,0.0,0.0,695.0625512234011,449.73178397563544,1,17,0,2024-04-07,30.770000457763672,30.770000084809727,61.5400005425734,0.5000000119408916,0
19,56.0650005340576,354.4000053405762,331.48333867390954,685.8833440144857,1.0,0,1,1.0,1.0,1.0,1,1,1,1,1,2,4,0,0.0,0.0,658.3831386199951,536.1189587979501,1,17,0,2024-04-07,35.44000053405762,33.14833386739095,68.58833440144858,0.32219603440937894,0
20,45.88000068664555,458.8000068664551,458.8000068664551,917.6000137329102,0.8333333333333334,1,0,0.0,1.0,1.0,0,0,1,0,1,1,0,5,0.0,0.0,772.3953433624267,620.9023433986308,1,17,0,2024-04-07,45.88000068664551,45.88000068664551,91.76000137329102,0.08333333499623531,0
21,64.52000160217287,453.200008392334,453.200008392334,906.400016784668,1.0,0,1,1.0,1.0,1.0,1,1,1,1,1,6,0,0,0.0,0.0,749.8537036529541,736.0508922382414,1,17,0,2024-04-07,45.3200008392334,45.3200008392334,90.6400016784668,0.49999998442808957,0
22,53.081676239418,523.9000015258789,530.700008392334,1054.600009918213,0.8333333333333334,1,0,0.75,1.0,1.0,0,0,1,0,1,4,0,2,0.0,0.0,657.1195408878555,775.477383467505,1,17,0,2024-04-07,52.390000152587895,53.0700008392334,105.46000099182129,0.33118401940171793,0
23,97.02000160217284,503.200008392334,503.200008392334,1006.400016784668,1.0,0,1,1.0,1.0,1.0,1,1,1,1,1,0,6,0,0.0,0.0,660.1576326578777,790.4715983978272,1,17,0,2024-04-07,50.3200008392334,50.3200008392334,100.6400016784668,2.653306888683733e-09,0
24,63.840000915527256,629.8000091552734,638.4000091552734,1268.200018310547,1.0,0,1,1.0,1.0,1.0,1,1,1,1,1,2,0,4,0.0,0.0,635.0631263305664,823.6515990844727,1,17,0,2024-04-07,62.98000091552734,63.84000091552735,126.8200018310547,0.08690664130510449,0
25,99.59000091552731,610.9000091552734,610.9000091552734,1221.8000183105469,1.0,0,1,1.0,1.0,1.0,1,1,1,1,1,1,5,0,0.0,0.0,652.1044052124023,795.8905517211914,1,17,0,2024-04-07,61.09000091552735,61.09000091552735,122.1800018310547,0.1250000027059019,0
26,69.94004374657202,699.4000091552734,699.3999615652239,1398.7999707204972,0.0,6,0,0.0,1.0,1.0,0,0,1,0,1,6,0,0,0.2278251998401658,0.0,540.0590623012595,823.7633482456155,1,17,0,2024-04-07,69.94000091552735,69.93999615652238,139.87999707204972,0.5000000138145724,1
27,71.59000091552724,715.9000091552734,715.9000091552734,1431.8000183105469,0.8333333333333334,1,0,0.0,1.0,1.0,0,0,1,0,1,1,5,0,0.25506297975052794,0.0,533.3004196166992,986.6132690063478,1,17,0,2024-04-07,71.59000091552734,71.59000091552734,143.18000183105468,0.30416666551215116,0
28,81.37113339591518,715.9000091552734,705.0320841770645,1420.932093332338,0.16666666666666666,5,0,0.16666666666666666,1.0,1.0,0,0,1,0,1,6,0,0,0.23283373787415554,0.0,549.214334079509,989.1638015650224,1,17,0,2024-04-07,71.59000091552734,70.50320841770645,142.0932093332338,0.47443447687206086,1
29,73.24009747053746,732.4000091552734,732.3999018719289,1464.7999110272024,0.0,6,0,0.0,1.0,1.0,0,0,1,0,1,6,0,0,0.5123496701926717,0.0,357.15510601545935,1019.0515513575876,1,17,0,2024-04-07,73.24000091552735,73.2399901871929,146.47999110272025,0.3208333546039322,1
30,113.57000236511233,742.5266787211101,751.700008392334,1494.226687113444,0.0,6,0,0.0,1.0,1.0,0,0,1,0,1,6,0,0,0.5388896397659663,0.0,342.3867443084717,915.5216342559814,1,17,0,2024-04-07,74.25266787211102,75.1700008392334,149.42266871134441,0.29815824325451057,1
31,146.50534281302987,762.3266779581706,706.6607386848495,1468.9874166430202,0.0,6,0,0.0,1.0,1.0,0,0,1,0,1,6,0,0,0.5252066741472916,0.0,361.94761881400643,882.5862938080639,1,17,0,2024-04-07,76.23266779581706,70.66607386848496,146.89874166430204,0.34164013449450187,1
32,94.75000076293951,0.0,837.5000076293945,837.5000076293945,0.16666666666666666,5,0,1.0,0.0,0.25,1,0,0,1,0,0,2,4,0.0,0.0,298.83665542602546,915.1416236511229,1,17,0,2024-04-07,0.0,83.75000076293946,83.75000076293946,0.01666666681849543,0
33,139.57000083923333,839.8966757456461,845.700008392334,1685.59668413798,0.0,6,0,0.0,1.0,1.0,0,0,1,0,1,6,0,0,0.4116755641863943,0.0,494.1317378997802,881.3216235748291,1,17,0,2024-04-07,83.98966757456462,84.5700008392334,168.55966841379802,0.4359937418307789,1
34,683.9000091552734,908.9000091552734,250.0,1158.9000091552734,0.16666666666666666,5,0,0.16666666666666666,1.0,1.0,0,0,1,0,1,6,0,0,0.0,0.0,1052.4287567138672,314.491615258789,1,17,0,2024-04-07,90.89000091552735,25.0,115.89000091552735,0.6208869028543915,1
35,90.60980482670658,840.200008392334,840.200008392334,1680.400016784668,1.0,0,1,1.0,1.0,1.0,1,1,1,1,1,6,0,0,0.3459131411216631,0.0,549.563784318894,943.5817463451685,1,17,0,2024-04-07,84.0200008392334,84.0200008392334,168.0400016784668,1.535713403612018e-09,0
36,85.12000083923337,842.600008392334,851.200008392334,1693.800016784668,1.0,0,1,1.0,1.0,1.0,1,1,1,1,1,0,6,0,0.28372520555343894,0.0,603.5331478118896,883.171525918579,1,17,0,2024-04-07,84.2600008392334,85.1200008392334,169.3800016784668,0.08375644431928159,0
37,164.12258185107456,721.6333368937175,722.0000076293945,1443.633344523112,0.5,3,0,1.0,0.5,1.0,0,0,1,1,0,0,6,0,0.011002669666584525,0.0,713.6934436674808,751.9689937348629,1,17,0,2024-04-07,72.16333368937175,72.20000076293945,144.36333445231122,0.020838624348989428,0
38,85.6400012969971,664.0333346048991,664.4000053405762,1328.4333399454754,0.0,6,0,0.0,0.0,1.0,0,0,1,0,0,1,5,0,0.0,0.0,768.8548450469971,796.9515742889404,1,17,0,2024-04-07,66.40333346048992,66.44000053405762,132.84333399454755,0.06668276817386444,0
39,108.47000120347913,617.3333338419596,617.7000045776367,1235.0333384195965,0.8333333333333334,1,0,0.0,1.0,1.0,0,0,1,0,1,1,0,5,0.0,0.0,759.6407165355104,713.1215743824583,1,17,0,2024-04-07,61.733333384195966,61.77000045776367,123.50333384195966,0.004165429899725921,0
40,123.42774354255766,659.0333346048991,659.4000053405762,1318.4333399454754,1.0,0,1,1.0,1.0,1.0,1,1,1,1,1,6,0,0,0.0,0.07542640717982395,697.7114349488077,609.6638320433798,1,17,0,2024-04-07,65.90333346048992,65.94000053405762,131.84333399454755,1.1666597667556806e-09,0
41,98.6100006103515,597.4733370463053,601.1000061035156,1198.573343149821,1.0,0,1,1.0,1.0,1.0,1,1,1,1,1,0,0,6,0.0,0.0,709.5477447509766,643.3474807373047,1,17,0,2024-04-07,59.747333704630535,60.11000061035156,119.85733431498211,4.742589945428364e-17,0
42,149.37474382543942,624.3400032043457,639.6000061035156,1263.9400093078614,1.0,0,1,1.0,1.0,1.0,1,1,1,1,1,6,0,0,0.0,0.23450982938794077,682.9260133566894,489.6075177956543,1,17,0,2024-04-07,62.43400032043458,63.960000610351564,126.39400093078615,2.551429231390499e-09,0
43,80.96000061035157,523.600001525879,534.6000061035156,1058.2000076293946,1.0,0,1,1.0,1.0,1.0,1,1,1,1,1,6,0,0,0.0,0.06561265243019204,554.4382720947266,499.5234817138671,1,17,0,2024-04-07,52.3600001525879,53.460000610351564,105.82000076293946,1.441957006024621e-09,0
44,48.055920611572176,468.6000015258789,479.6000061035156,948.2000076293946,1.0,0,1,1.0,1.0,1.0,1,1,1,1,1,0,0,6,0.11850158155589764,0.012445944900500562,413.0701602279662,473.63093085327154,1,17,0,2024-04-07,46.860000152587894,47.960000610351564,94.82000076293946,1.0170379369246187e-09,0
45,44.26271126280208,396.96667226155597,407.6000061035156,804.5666783650715,1.0,0,1,1.0,1.0,1.0,1,1,1,1,1,0,0,6,0.11381477736167567,0.0,351.7859988381017,408.34052203797916,1,17,0,2024-04-07,39.6966672261556,40.76000061035157,80.45666783650717,8.594850300578026e-10,0
46,60.56000061035157,385.6000061035156,385.6000061035156,771.2000122070312,1.0,0,1,1.0,1.0,1.0,1,1,1,1,1,0,0,6,0.0,0.0,402.97698513183593,391.4713025666523,1,17,0,2024-04-07,38.560000610351565,38.560000610351565,77.12000122070313,9.89288681407059e-10,0
47,117.56321078068686,374.7000045776367,374.7000045776367,749.4000091552734,0.0,6,0,1.0,0.0,1.0,0,0,1,1,0,0,6,0,0.0,0.12239976083255788,458.12841917912436,328.83681363337564,1,17,0,2024-04-07,37.470000457763675,37.470000457763675,74.94000091552735,0.4750000181883156,0
0,-250.7600023905436,0.0,259.4000015258789,259.4000015258789,0.0,6,0,0.0,1.0,1.0,1,0,1,0,1,6,0,0,0.0,0.0,0.0,534.9516145975749,1,17,1,2024-04-07,0.0,25.940000152587892,25.940000152587892,2.8431308218904568e-08,0
1,-125.95999946594247,0.0,278.60000228881836,278.60000228881836,0.0,6,0,1.0,1.0,0.0,1,0,0,1,1,0,0,6,0.0,0.0,75.23999748229971,410.15161167297373,1,17,1,2024-04-07,0.0,27.860000228881837,27.860000228881837,1.3692383861379477e-09,0
2,0.0,0.0,0.0,0.0,1.0,0,1,1.0,1.0,0.0,1,1,0,1,1,0,0,6,0.0,0.0,173.6999969482422,256.6915969482422,0,17,1,2024-04-07,0.0,0.0,0.0,0.0,0
3,0.0,0.0,0.0,0.0,1.0,0,1,1.0,1.0,0.0,1,1,0,1,1,0,0,6,0.0,0.0,253.64767290625,284.19161220703126,0,17,1,2024-04-07,0.0,0.0,0.0,0.0,0
4,0.0,0.0,0.0,0.0,1.0,0,1,1.0,1.0,0.0,1,1,0,1,1,0,0,6,0.0,0.0,271.55864711914063,284.19161220703126,0,17,1,2024-04-07,0.0,0.0,0.0,0.0,0
5,0.0,0.0,0.0,0.0,1.0,0,1,1.0,1.0,0.0,1,1,0,1,1,0,0,6,0.0,0.0,273.2667159667969,284.19161220703126,0,17,1,2024-04-07,0.0,0.0,0.0,0.0,0
6,0.0,0.0,0.0,0.0,1.0,0,1,1.0,1.0,0.0,1,1,0,1,1,0,0,6,0.0,0.0,277.07561489257813,284.19161220703126,0,17,1,2024-04-07,0.0,0.0,0.0,0.0,0
7,0.0,0.0,0.0,0.0,1.0,0,1,1.0,1.0,0.0,1,1,0,1,1,0,0,6,0.0,0.0,279.4091567626953,283.71053310546876,0,17,1,2024-04-07,0.0,0.0,0.0,0.0,0
8,0.0,0.0,0.0,0.0,1.0,0,1,1.0,1.0,0.0,1,1,0,1,1,0,0,6,0.0,0.0,256.6915969482422,254.25679775390626,0,17,1,2024-04-07,0.0,0.0,0.0,0.0,0
9,0.0,0.0,0.0,0.0,1.0,0,1,1.0,1.0,0.0,1,1,0,1,1,0,0,6,0.0,0.0,256.6915969482422,248.99822231445313,0,17,1,2024-04-07,0.0,0.0,0.0,0.0,0
10,0.0,0.0,0.0,0.0,1.0,0,1,1.0,1.0,0.0,1,1,0,1,1,0,0,6,0.0,0.0,256.6915969482422,244.95964809570313,0,17,1,2024-04-07,0.0,0.0,0.0,0.0,0
11,0.0,0.0,0.0,0.0,1.0,0,1,1.0,1.0,0.0,1,1,0,1,1,0,0,6,0.0,0.0,289.44390102539063,281.88228603515626,0,17,1,2024-04-07,0.0,0.0,0.0,0.0,0
12,0.0,0.0,0.0,0.0,1.0,0,1,1.0,1.0,0.0,1,1,0,1,1,0,0,6,0.0,0.0,301.82195278320313,314.3915938964844,0,17,1,2024-04-07,0.0,0.0,0.0,0.0,0
13,0.0,0.0,0.0,0.0,1.0,0,1,1.0,1.0,0.0,1,1,0,1,1,0,0,6,0.0,0.0,306.19161220703126,335.1628646484375,0,17,1,2024-04-07,0.0,0.0,0.0,0.0,0
14,0.0,0.0,0.0,0.0,1.0,0,1,1.0,1.0,0.0,1,1,0,1,1,0,0,6,0.0,0.0,279.87928005371094,303.67476650390626,0,17,1,2024-04-07,0.0,0.0,0.0,0.0,0
15,0.0,0.0,0.0,0.0,1.0,0,1,1.0,1.0,0.0,1,1,0,1,1,0,0,6,0.0,0.0,286.57610317382813,302.40987392578126,0,17,1,2024-04-07,0.0,0.0,0.0,0.0,0
16,0.0,0.0,0.0,0.0,1.0,0,1,1.0,1.0,0.0,1,1,0,1,1,0,0,6,0.0,0.0,326.7141036621094,340.181785546875,0,17,1,2024-04-07,0.0,0.0,0.0,0.0,0
17,93.70000457763669,291.2000045776367,250.0,541.2000045776367,1.0,0,1,1.0,1.0,1.0,1,1,1,1,1,0,4,2,0.0,0.0,516.5919952026367,351.9747619262696,1,17,1,2024-04-07,29.120000457763673,25.0,54.12000045776367,0.28855749517262,0
18,49.976773977307424,307.7000045776367,307.70000084809726,615.400005425734,1.0,0,1,1.0,1.0,1.0,1,1,1,1,1,6,0,0,0.0,0.0,569.1645104519167,417.04137631566135,1,17,1,2024-04-07,30.770000457763672,30.770000084809727,61.5400005425734,0.5000000119408916,0
19,56.0650005340576,354.4000053405762,331.48333867390954,685.8833440144857,1.0,0,1,1.0,1.0,1.0,1,1,1,1,1,2,4,0,0.0,0.0,604.935384433492,543.4633426300048,1,17,1,2024-04-07,35.44000053405762,33.14833386739095,68.58833440144858,0.32219603440937894,0
20,45.88000068664555,458.8000068664551,458.8000068664551,917.6000137329102,1.0,0,1,1.0,1.0,1.0,1,1,1,1,1,1,0,5,0.0,0.0,731.5424152374268,645.7624171844482,1,17,1,2024-04-07,45.88000068664551,45.88000068664551,91.76000137329102,0.08333333499623531,0
21,64.52000160217287,453.200008392334,453.200008392334,906.400016784668,1.0,0,1,1.0,1.0,1.0,1,1,1,1,1,6,0,0,0.0,0.0,776.0283192207617,710.8188274017333,1,17,1,2024-04-07,45.3200008392334,45.3200008392334,90.6400016784668,0.49999998442808957,0
22,53.081676239418,523.9000015258789,530.700008392334,1054.600009918213,0.8333333333333334,1,0,0.75,1.0,1.0,0,0,1,0,1,4,0,2,0.0,0.0,667.3292371453933,813.1933905250289,1,17,1,2024-04-07,52.390000152587895,53.0700008392334,105.46000099182129,0.33118401940171793,0
23,97.02000160217284,503.200008392334,503.200008392334,1006.400016784668,1.0,0,1,1.0,1.0,1.0,1,1,1,1,1,0,6,0,0.0,0.0,729.3869638102315,900.6716716400147,1,17,1,2024-04-07,50.3200008392334,50.3200008392334,100.6400016784668,2.653306888683733e-09,0
24,63.840000915527256,629.8000091552734,638.4000091552734,1268.200018310547,1.0,0,1,1.0,1.0,1.0,1,1,1,1,1,2,0,4,0.0,0.0,736.9219100952148,922.3515502563477,1,17,1,2024-04-07,62.98000091552734,63.84000091552735,126.8200018310547,0.08690664130510449,0
25,99.59000091552731,610.9000091552734,610.9000091552734,1221.8000183105469,1.0,0,1,1.0,1.0,1.0,1,1,1,1,1,1,5,0,0.0,0.0,748.1981343548049,943.8896361938478,1,17,1,2024-04-07,61.09000091552735,61.09000091552735,122.1800018310547,0.1250000027059019,0
26,69.94004374657202,699.4000091552734,699.3999615652239,1398.7999707204972,0.6666666666666666,2,0,0.6666666666666666,1.0,1.0,0,0,1,0,1,6,0,0,0.20240567300268916,0.0,557.8374796041134,993.1515318393656,1,17,1,2024-04-07,69.94000091552735,69.93999615652238,139.87999707204972,0.5000000138145724,0
27,71.59000091552724,715.9000091552734,715.9000091552734,1431.8000183105469,0.6666666666666666,2,0,0.0,0.8,1.0,0,0,1,0,0,1,5,0,0.25138890381271806,0.0,535.9306906142144,1099.8015014282228,1,17,1,2024-04-07,71.59000091552734,71.59000091552734,143.18000183105468,0.30416666551215116,0
28,81.37113339591518,715.9000091552734,705.0320841770645,1420.932093332338,0.16666666666666666,5,0,0.16666666666666666,1.0,1.0,0,0,1,0,1,6,0,0,0.16496907555922768,0.0,597.7986464520853,1184.0203689478349,1,17,1,2024-04-07,71.59000091552734,70.50320841770645,142.0932093332338,0.47443447687206086,1
29,73.24009747053746,732.4000091552734,732.3999018719289,1464.7999110272024,0.0,6,0,0.0,1.0,1.0,0,0,1,0,1,6,0,0,0.31144888080035504,0.0,504.2948460056937,1290.4521861232126,1,17,1,2024-04-07,73.24000091552735,73.2399901871929,146.47999110272025,0.3208333546039322,1
30,113.57000236511233,742.5266787211101,751.700008392334,1494.226687113444,0.0,6,0,0.0,1.0,1.0,0,0,1,0,1,6,0,0,0.2840383022190717,0.0,531.6206615447999,1301.2216464630128,1,17,1,2024-04-07,74.25266787211102,75.1700008392334,149.42266871134441,0.29815824325451057,1
31,146.50534281302987,762.3266779581706,706.6607386848495,1468.9874166430202,0.0,6,0,0.0,1.0,1.0,0,0,1,0,1,6,0,0,0.32176185201319935,0.0,517.0390342192799,1249.0862327729078,1,17,1,2024-04-07,76.23266779581706,70.66607386848496,146.89874166430204,0.34164013449450187,1
32,94.75000076293951,0.0,837.5000076293945,837.5000076293945,0.0,6,0,1.0,0.0,0.0,1,0,0,1,0,0,2,4,0.0,0.0,542.776001739502,1286.6416236511232,1,17,1,2024-04-07,0.0,83.75000076293946,83.75000076293946,0.01666666681849543,0
33,139.57000083923333,839.8966757456461,845.700008392334,1685.59668413798,0.0,6,0,0.0,1.0,1.0,0,0,1,0,1,6,0,0,0.27885722635824844,0.0,605.6854183197021,1156.7216479888916,1,17,1,2024-04-07,83.98966757456462,84.5700008392334,168.55966841379802,0.4359937418307789,1
34,683.9000091552734,908.9000091552734,250.0,1158.9000091552734,0.16666666666666666,5,0,0.16666666666666666,1.0,1.0,0,0,1,0,1,6,0,0,0.0,0.0,1173.440933227539,595.3915176025391,1,17,1,2024-04-07,90.89000091552735,25.0,115.89000091552735,0.6208869028543915,1
35,90.60980482670658,840.200008392334,840.200008392334,1680.400016784668,0.16666666666666666,5,0,0.16666666666666666,1.0,1.0,0,0,1,0,1,6,0,0,0.31540595133678484,0.0,575.1959254321753,1097.9816486889185,1,17,1,2024-04-07,84.0200008392334,84.0200008392334,168.0400016784668,1.535713403612018e-09,0
36,85.12000083923337,842.600008392334,851.200008392334,1693.800016784668,0.0,6,0,1.0,0.0,1.0,0,0,1,1,0,0,6,0,0.2548260807142505,0.0,627.8835506439209,1095.2715015045167,1,17,1,2024-04-07,84.2600008392334,85.1200008392334,169.3800016784668,0.08375644431928159,0
37,164.12258185107456,721.6333368937175,722.0000076293945,1443.633344523112,0.3333333333333333,4,0,1.0,0.3333333333333333,1.0,0,0,1,1,0,0,6,0,0.0,0.0,791.2329944487308,984.3690181489255,1,17,1,2024-04-07,72.16333368937175,72.20000076293945,144.36333445231122,0.020838624348989428,0
38,85.6400012969971,664.0333346048991,664.4000053405762,1328.4333399454754,0.16666666666666666,5,0,0.0,0.2,1.0,0,0,1,0,0,1,5,0,0.11419447980450653,0.0,588.2043933868408,951.851598703003,1,17,1,2024-04-07,66.40333346048992,66.44000053405762,132.84333399454755,0.06668276817386444,0
39,108.47000120347913,617.3333338419596,617.7000045776367,1235.0333384195965,0.6666666666666666,2,0,0.0,1.0,0.8,0,0,0,0,1,1,0,5,0.0,0.0,626.8538513011354,907.6216354176146,1,17,1,2024-04-07,61.733333384195966,61.77000045776367,123.50333384195966,0.004165429899725921,0
40,123.42774354255766,659.0333346048991,659.4000053405762,1318.4333399454754,0.3333333333333333,4,0,0.3333333333333333,1.0,1.0,0,0,1,0,1,6,0,0,0.04046653115449262,0.0,632.3645416382608,815.2638686644735,1,17,1,2024-04-07,65.90333346048992,65.94000053405762,131.84333399454755,1.1666597667556806e-09,0
41,98.6100006103515,597.4733370463053,601.1000061035156,1198.573343149821,0.5,3,0,1.0,1.0,0.5,0,0,0,1,1,0,0,6,0.0,0.0,601.7531890869141,798.8815993896485,1,17,1,2024-04-07,59.747333704630535,60.11000061035156,119.85733431498211,4.742589945428364e-17,0
42,149.37474382543942,624.3400032043457,639.6000061035156,1263.9400093078614,0.16666666666666666,5,0,0.16666666666666666,1.0,1.0,0,0,1,0,1,6,0,0,0.0,0.0,653.5213197531738,695.4168439675293,1,17,1,2024-04-07,62.43400032043458,63.960000610351564,126.39400093078615,2.551429231390499e-09,0
43,80.96000061035157,523.600001525879,534.6000061035156,1058.2000076293946,0.8333333333333334,1,0,0.8333333333333334,1.0,1.0,0,0,1,0,1,6,0,0,0.1136243888277257,0.0,464.1062713623047,663.5982497802734,1,17,1,2024-04-07,52.3600001525879,53.460000610351564,105.82000076293946,1.441957006024621e-09,0
44,48.055920611572176,468.6000015258789,479.6000061035156,948.2000076293946,1.0,0,1,1.0,1.0,1.0,1,1,1,1,1,0,0,6,0.3674843869977054,0.0,296.3968172180175,575.8357038024902,1,17,1,2024-04-07,46.860000152587894,47.960000610351564,94.82000076293946,1.0170379369246187e-09,0
45,44.26271126280208,396.96667226155597,407.6000061035156,804.5666783650715,0.6666666666666666,2,0,1.0,1.0,0.6666666666666666,0,0,0,1,1,0,0,6,0.36085994408270833,0.0,253.71730110655207,532.9289009442291,1,17,1,2024-04-07,39.6966672261556,40.76000061035157,80.45666783650717,8.594850300578026e-10,0
46,60.56000061035157,385.6000061035156,385.6000061035156,771.2000122070312,0.6666666666666666,2,0,1.0,1.0,0.6666666666666666,0,0,0,1,1,0,0,6,0.27612162584294325,0.0,279.12750549316405,489.13161159667965,1,17,1,2024-04-07,38.560000610351565,38.560000610351565,77.12000122070313,9.89288681407059e-10,0
47,117.56321078068686,374.7000045776367,374.7000045776367,749.4000091552734,0.0,6,0,1.0,0.0,1.0,0,0,1,1,0,0,6,0,0.07014310574574464,0.0,348.41738253361655,393.6284014263444,1,17,1,2024-04-07,37.470000457763675,37.470000457763675,74.94000091552735,0.4750000181883156,0
0,-250.7600023905436,0.0,259.4000015258789,259.4000015258789,0.0,6,0,0.0,1.0,1.0,1,0,1,0,1,6,0,0,0.0,0.0,0.0,446.4515993387858,1,17,2,2024-04-07,0.0,25.940000152587892,25.940000152587892,2.8431308218904568e-08,1
1,-125.95999946594247,0.0,278.60000228881836,278.60000228881836,0.0,6,0,1.0,1.0,0.0,1,0,0,1,1,0,0,6,0.0,0.0,0.0,349.15159641418467,1,17,2,2024-04-07,0.0,27.860000228881837,27.860000228881837,1.3692383861379477e-09,1
2,0.0,0.0,0.0,0.0,1.0,0,1,1.0,1.0,0.0,1,1,0,1,1,0,0,6,0.0,0.0,124.19999694824219,223.1859359375,0,17,2,2024-04-07,0.0,0.0,0.0,0.0,0
3,0.0,0.0,0.0,0.0,1.0,0,1,1.0,1.0,0.0,1,1,0,1,1,0,0,6,0.0,0.0,168.1770460751953,202.76001735839844,0,17,2,2024-04-07,0.0,0.0,0.0,0.0,0
4,0.0,0.0,0.0,0.0,1.0,0,1,1.0,1.0,0.0,1,1,0,1,1,0,0,6,0.0,0.0,190.75011440429688,195.6915969482422,0,17,2,2024-04-07,0.0,0.0,0.0,0.0,0
5,0.0,0.0,0.0,0.0,1.0,0,1,1.0,1.0,0.0,1,1,0,1,1,0,0,6,0.0,0.0,194.29505153808594,195.6915969482422,0,17,2,2024-04-07,0.0,0.0,0.0,0.0,0
6,0.0,0.0,0.0,0.0,1.0,0,1,1.0,1.0,0.0,1,1,0,1,1,0,0,6,0.0,0.0,193.44539638671876,195.6915969482422,0,17,2,2024-04-07,0.0,0.0,0.0,0.0,0
7,0.0,0.0,0.0,0.0,1.0,0,1,1.0,1.0,0.0,1,1,0,1,1,0,0,6,0.0,0.0,196.09964748535157,195.6915969482422,0,17,2,2024-04-07,0.0,0.0,0.0,0.0,0
8,0.0,0.0,0.0,0.0,1.0,0,1,1.0,1.0,0.0,1,1,0,1,1,0,0,6,0.0,0.0,162.56710048828126,173.99597927246094,0,17,2,2024-04-07,0.0,0.0,0.0,0.0,0
9,0.0,0.0,0.0,0.0,1.0,0,1,1.0,1.0,0.0,1,1,0,1,1,0,0,6,0.0,0.0,147.80862423095704,168.1915969482422,0,17,2,2024-04-07,0.0,0.0,0.0,0.0,0
10,0.0,0.0,0.0,0.0,1.0,0,1,1.0,1.0,0.0,1,1,0,1,1,0,0,6,0.0,0.0,164.66867824707032,168.1915969482422,0,17,2,2024-04-07,0.0,0.0,0.0,0.0,0
11,0.0,0.0,0.0,0.0,1.0,0,1,1.0,1.0,0.0,1,1,0,1,1,0,0,6,0.0,0.0,168.1915969482422,168.1915969482422,0,17,2,2024-04-07,0.0,0.0,0.0,0.0,0
12,0.0,0.0,0.0,0.0,1.0,0,1,1.0,1.0,0.0,1,1,0,1,1,0,0,6,0.0,0.0,168.1915969482422,168.1915969482422,0,17,2,2024-04-07,0.0,0.0,0.0,0.0,0
13,0.0,0.0,0.0,0.0,1.0,0,1,1.0,1.0,0.0,1,1,0,1,1,0,0,6,0.0,0.0,267.6915969482422,267.6915969482422,0,17,2,2024-04-07,0.0,0.0,0.0,0.0,0
14,0.0,0.0,0.0,0.0,1.0,0,1,1.0,1.0,0.0,1,1,0,1,1,0,0,6,0.0,0.0,282.8676223388672,308.90239711914063,0,17,2,2024-04-07,0.0,0.0,0.0,0.0,0
15,0.0,0.0,0.0,0.0,1.0,0,1,1.0,1.0,0.0,1,1,0,1,1,0,0,6,0.0,0.0,337.0222091308594,348.4345931640625,0,17,2,2024-04-07,0.0,0.0,0.0,0.0,0
16,0.0,0.0,0.0,0.0,1.0,0,1,1.0,1.0,0.0,1,1,0,1,1,0,0,6,0.0,0.0,346.6794662109375,362.60921474609376,0,17,2,2024-04-07,0.0,0.0,0.0,0.0,0
17,93.70000457763669,291.2000045776367,250.0,541.2000045776367,1.0,0,1,1.0,1.0,1.0,1,1,1,1,1,0,4,2,0.0,0.0,443.0778655639648,281.8983459106446,1,17,2,2024-04-07,29.120000457763673,25.0,54.12000045776367,0.28855749517262,0
18,49.976773977307424,307.7000045776367,307.70000084809726,615.400005425734,1.0,0,1,1.0,1.0,1.0,1,1,1,1,1,6,0,0,0.0,0.0,523.1238305202762,383.4773424086595,1,17,2,2024-04-07,30.770000457763672,30.770000084809727,61.5400005425734,0.5000000119408916,0
19,56.0650005340576,354.4000053405762,331.48333867390954,685.8833440144857,1.0,0,1,1.0,1.0,1.0,1,1,1,1,1,2,4,0,0.0,0.0,587.6847133270263,594.2177411587195,1,17,2,2024-04-07,35.44000053405762,33.14833386739095,68.58833440144858,0.32219603440937894,0
20,45.88000068664555,458.8000068664551,458.8000068664551,917.6000137329102,1.0,0,1,1.0,1.0,1.0,1,1,1,1,1,1,0,5,0.0,0.0,696.1519943824412,662.3313869110107,1,17,2,2024-04-07,45.88000068664551,45.88000068664551,91.76000137329102,0.08333333499623531,0
21,64.52000160217287,453.200008392334,453.200008392334,906.400016784668,0.8333333333333334,1,0,0.8333333333333334,1.0,1.0,0,0,1,0,1,6,0,0,0.0,0.0,561.6857070238711,708.1244231330301,1,17,2,2024-04-07,45.3200008392334,45.3200008392334,90.6400016784668,0.49999998442808957,0
22,53.081676239418,523.9000015258789,530.700008392334,1054.600009918213,0.3333333333333333,4,0,0.0,1.0,1.0,0,0,1,0,1,4,0,2,0.12351650189656256,0.0,459.18970599379855,674.9099237605819,1,17,2,2024-04-07,52.390000152587895,53.0700008392334,105.46000099182129,0.33118401940171793,0
23,97.02000160217284,503.200008392334,503.200008392334,1006.400016784668,1.0,0,1,1.0,1.0,1.0,1,1,1,1,1,0,6,0,0.0,0.0,626.9739810943604,819.3715617767334,1,17,2,2024-04-07,50.3200008392334,50.3200008392334,100.6400016784668,2.653306888683733e-09,0
24,63.840000915527256,629.8000091552734,638.4000091552734,1268.200018310547,1.0,0,1,1.0,1.0,1.0,1,1,1,1,1,2,0,4,0.0,0.0,690.6070926570892,889.5795776000977,1,17,2,2024-04-07,62.98000091552734,63.84000091552735,126.8200018310547,0.08690664130510449,0
25,99.59000091552731,610.9000091552734,610.9000091552734,1221.8000183105469,1.0,0,1,1.0,1.0,1.0,1,1,1,1,1,1,5,0,0.0,0.0,672.8026063346863,876.0415526977539,1,17,2,2024-04-07,61.09000091552735,61.09000091552735,122.1800018310547,0.1250000027059019,0
26,69.94004374657202,699.4000091552734,699.3999615652239,1398.7999707204972,0.16666666666666666,5,0,0.16666666666666666,1.0,1.0,0,0,1,0,1,6,0,0,0.21434833382435317,0.0,549.4847825161032,928.8515440463967,1,17,2,2024-04-07,69.94000091552735,69.93999615652238,139.87999707204972,0.5000000138145724,1
27,71.59000091552724,715.9000091552734,715.9000091552734,1431.8000183105469,0.6666666666666666,2,0,1.0,0.6,1.0,0,0,1,1,0,1,5,0,0.2731827648878537,0.0,520.328465270996,951.9015990844728,1,17,2,2024-04-07,71.59000091552734,71.59000091552734,143.18000183105468,0.30416666551215116,0
28,81.37113339591518,715.9000091552734,705.0320841770645,1420.932093332338,0.16666666666666666,5,0,0.16666666666666666,1.0,1.0,0,0,1,0,1,6,0,0,0.28096156504755837,0.0,514.7596221654464,988.9205154322099,1,17,2,2024-04-07,71.59000091552734,70.50320841770645,142.0932093332338,0.47443447687206086,1
29,73.24009747053746,732.4000091552734,732.3999018719289,1464.7999110272024,0.0,6,0,0.0,1.0,1.0,0,0,1,0,1,6,0,0,0.3807165737296044,0.0,453.56318707014685,977.7515025294626,1,17,2,2024-04-07,73.24000091552735,73.2399901871929,146.47999110272025,0.3208333546039322,1
30,113.57000236511233,742.5266787211101,751.700008392334,1494.226687113444,0.0,6,0,0.0,1.0,1.0,0,0,1,0,1,6,0,0,0.35302264817332035,0.0,480.39794425964357,916.8549472442627,1,17,2,2024-04-07,74.25266787211102,75.1700008392334,149.42266871134441,0.29815824325451057,1
31,146.50534281302987,762.3266779581706,706.6607386848495,1468.9874166430202,0.0,6,0,0.0,1.0,1.0,0,0,1,0,1,6,0,0,0.484422457215884,0.0,393.03851542045174,801.7861839447826,1,17,2,2024-04-07,76.23266779581706,70.66607386848496,146.89874166430204,0.34164013449450187,1
32,94.75000076293951,0.0,837.5000076293945,837.5000076293945,0.16666666666666666,5,0,1.0,0.0,0.25,1,0,0,1,0,0,2,4,0.0,0.0,423.2646186828614,928.4415504089354,1,17,2,2024-04-07,0.0,83.75000076293946,83.75000076293946,0.01666666681849543,0
33,139.57000083923333,839.8966757456461,845.700008392334,1685.59668413798,0.0,6,0,0.0,1.0,1.0,0,0,1,0,1,6,0,0,0.4113603587594894,0.04289749186656886,494.3964778900146,809.4215991607666,1,17,2,2024-04-07,83.98966757456462,84.5700008392334,168.55966841379802,0.4359937418307789,1
34,683.9000091552734,908.9000091552734,250.0,1158.9000091552734,0.16666666666666666,5,0,0.16666666666666666,1.0,1.0,0,0,1,0,1,6,0,0,0.0,0.0,1046.6074981689453,300.891517602539,1,17,2,2024-04-07,90.89000091552735,25.0,115.89000091552735,0.6208869028543915,1
35,90.60980482670658,840.200008392334,840.200008392334,1680.400016784668,1.0,0,1,1.0,1.0,1.0,1,1,1,1,1,6,0,0,0.298450207849503,0.0,589.4421412524878,979.415608649856,1,17,2,2024-04-07,84.0200008392334,84.0200008392334,168.0400016784668,1.535713403612018e-09,0
36,85.12000083923337,842.600008392334,851.200008392334,1693.800016784668,1.0,0,1,1.0,1.0,1.0,1,1,1,1,1,0,6,0,0.2057179159540673,0.0,669.2620906829834,914.6049975982666,1,17,2,2024-04-07,84.2600008392334,85.1200008392334,169.3800016784668,0.08375644431928159,0
37,164.12258185107456,721.6333368937175,722.0000076293945,1443.633344523112,1.0,0,1,1.0,1.0,1.0,1,1,1,1,1,0,6,0,0.0,0.0,766.0976184721683,829.9689937348629,1,17,2,2024-04-07,72.16333368937175,72.20000076293945,144.36333445231122,0.020838624348989428,0
38,85.6400012969971,664.0333346048991,664.4000053405762,1328.4333399454754,1.0,0,1,1.0,1.0,1.0,1,1,1,1,1,1,5,0,0.0,0.0,814.8211191599121,934.0159053436279,1,17,2,2024-04-07,66.40333346048992,66.44000053405762,132.84333399454755,0.06668276817386444,0
39,108.47000120347913,617.3333338419596,617.7000045776367,1235.0333384195965,1.0,0,1,1.0,1.0,1.0,1,1,1,1,1,1,0,5,0.0,0.0,831.1175842112916,853.1201095387083,1,17,2,2024-04-07,61.733333384195966,61.77000045776367,123.50333384195966,0.004165429899725921,0
40,123.42774354255766,659.0333346048991,659.4000053405762,1318.4333399454754,1.0,0,1,1.0,1.0,1.0,1,1,1,1,1,6,0,0,0.0,0.0,847.6457000855264,820.738600109786,1,17,2,2024-04-07,65.90333346048992,65.94000053405762,131.84333399454755,1.1666597667556806e-09,0
41,98.6100006103515,597.4733370463053,601.1000061035156,1198.573343149821,0.6666666666666666,2,0,1.0,1.0,0.6666666666666666,0,0,0,1,1,0,0,6,0.0,0.0,694.0723419189453,687.2165603271485,1,17,2,2024-04-07,59.747333704630535,60.11000061035156,119.85733431498211,4.742589945428364e-17,0
42,149.37474382543942,624.3400032043457,639.6000061035156,1263.9400093078614,1.0,0,1,1.0,1.0,1.0,1,1,1,1,1,6,0,0,0.0,0.05527393018125942,736.1021608176269,604.2468000222168,1,17,2,2024-04-07,62.43400032043458,63.960000610351564,126.39400093078615,2.551429231390499e-09,0
43,80.96000061035157,523.600001525879,534.6000061035156,1058.2000076293946,1.0,0,1,1.0,1.0,1.0,1,1,1,1,1,6,0,0,0.0,0.0,660.3351226806641,665.2884963623046,1,17,2,2024-04-07,52.3600001525879,53.460000610351564,105.82000076293946,1.441957006024621e-09,0
44,48.055920611572176,468.6000015258789,479.6000061035156,948.2000076293946,1.0,0,1,1.0,1.0,1.0,1,1,1,1,1,0,0,6,0.0,0.0,575.764355670166,650.5972394470215,1,17,2,2024-04-07,46.860000152587894,47.960000610351564,94.82000076293946,1.0170379369246187e-09,0
45,44.26271126280208,396.96667226155597,407.6000061035156,804.5666783650715,1.0,0,1,1.0,1.0,1.0,1,1,1,1,1,0,0,6,0.0,0.0,500.87764046202085,610.9246284832916,1,17,2,2024-04-07,39.6966672261556,40.76000061035157,80.45666783650717,8.594850300578026e-10,0
46,60.56000061035157,385.6000061035156,385.6000061035156,771.2000122070312,1.0,0,1,1.0,1.0,1.0,1,1,1,1,1,0,0,6,0.0,0.0,540.3204376220704,612.5385940185546,1,17,2,2024-04-07,38.560000610351565,38.560000610351565,77.12000122070313,9.89288681407059e-10,0
47,117.56321078068686,374.7000045776367,374.7000045776367,749.4000091552734,1.0,0,1,1.0,1.0,1.0,1,1,1,1,1,0,6,0,0.0,0.0,608.79444247014,556.8284136333756,1,17,2,2024-04-07,37.470000457763675,37.470000457763675,74.94000091552735,0.4750000181883156,0
0,-250.7600023905436,0.0,259.4000015258789,259.4000015258789,0.0,6,0,0.0,1.0,1.0,1,0,1,0,1,6,0,0,0.0,0.0,0.0,461.2516023905436,1,18,0,2024-04-07,0.0,25.940000152587892,25.940000152587892,2.8431308218904568e-08,1
1,-125.95999946594247,0.0,278.60000228881836,278.60000228881836,0.0,6,0,1.0,1.0,0.0,1,0,0,1,1,0,0,6,0.0,0.0,0.0,336.4515994659425,1,18,0,2024-04-07,0.0,27.860000228881837,27.860000228881837,1.3692383861379477e-09,1
2,0.0,0.0,0.0,0.0,1.0,0,1,1.0,1.0,0.0,1,1,0,1,1,0,0,6,0.0,0.0,68.04718017578125,210.4916,0,18,0,2024-04-07,0.0,0.0,0.0,0.0,0
3,0.0,0.0,0.0,0.0,1.0,0,1,1.0,1.0,0.0,1,1,0,1,1,0,0,6,0.0,0.0,132.32733150634766,182.9916,0,18,0,2024-04-07,0.0,0.0,0.0,0.0,0
4,0.0,0.0,0.0,0.0,1.0,0,1,1.0,1.0,0.0,1,1,0,1,1,0,0,6,0.0,0.0,132.9916,182.9916,0,18,0,2024-04-07,0.0,0.0,0.0,0.0,0
5,0.0,0.0,0.0,0.0,1.0,0,1,1.0,1.0,0.0,1,1,0,1,1,0,0,6,0.0,0.0,132.9916,182.9916,0,18,0,2024-04-07,0.0,0.0,0.0,0.0,0
6,0.0,0.0,0.0,0.0,1.0,0,1,1.0,1.0,0.0,1,1,0,1,1,0,0,6,0.0,0.0,82.9916,132.9916,0,18,0,2024-04-07,0.0,0.0,0.0,0.0,0
7,0.0,0.0,0.0,0.0,1.0,0,1,1.0,1.0,0.0,1,1,0,1,1,0,0,6,0.0,0.0,110.4916,160.4916,0,18,0,2024-04-07,0.0,0.0,0.0,0.0,0
8,0.0,0.0,0.0,0.0,1.0,0,1,1.0,1.0,0.0,1,1,0,1,1,0,0,6,0.0,0.0,55.4916,105.4916,0,18,0,2024-04-07,0.0,0.0,0.0,0.0,0
9,0.0,0.0,0.0,0.0,1.0,0,1,1.0,1.0,0.0,1,1,0,1,1,0,0,6,0.0,0.0,55.4916,105.4916,0,18,0,2024-04-07,0.0,0.0,0.0,0.0,0
10,0.0,0.0,0.0,0.0,1.0,0,1,1.0,1.0,0.0,1,1,0,1,1,0,0,6,0.0,0.0,55.4916,105.4916,0,18,0,2024-04-07,0.0,0.0,0.0,0.0,0
11,0.0,0.0,0.0,0.0,1.0,0,1,1.0,1.0,0.0,1,1,0,1,1,0,0,6,0.0,0.0,66.4916,116.4916,0,18,0,2024-04-07,0.0,0.0,0.0,0.0,0
12,0.0,0.0,0.0,0.0,1.0,0,1,1.0,1.0,0.0,1,1,0,1,1,0,0,6,0.0,0.0,49.9916,99.9916,0,18,0,2024-04-07,0.0,0.0,0.0,0.0,0
13,0.0,0.0,0.0,0.0,1.0,0,1,1.0,1.0,0.0,1,1,0,1,1,0,0,6,0.0,0.0,88.4916,138.4916,0,18,0,2024-04-07,0.0,0.0,0.0,0.0,0
14,0.0,0.0,0.0,0.0,1.0,0,1,1.0,1.0,0.0,1,1,0,1,1,0,0,6,0.0,0.0,135.1915969482422,185.1915969482422,0,18,0,2024-04-07,0.0,0.0,0.0,0.0,0
15,0.0,0.0,0.0,0.0,1.0,0,1,1.0,1.0,0.0,1,1,0,1,1,0,0,6,0.0,0.0,216.25777431640626,273.6915969482422,0,18,0,2024-04-07,0.0,0.0,0.0,0.0,0
16,0.0,0.0,0.0,0.0,1.0,0,1,1.0,1.0,0.0,1,1,0,1,1,0,0,6,0.0,0.0,395.10628505859376,419.8915938964844,0,18,0,2024-04-07,0.0,0.0,0.0,0.0,0
17,93.70000457763669,291.2000045776367,250.0,541.2000045776367,1.0,0,1,1.0,1.0,1.0,1,1,1,1,1,0,0,6,0.0,0.0,742.7998809448242,594.8915710083007,1,18,0,2024-04-07,29.120000457763673,25.0,54.12000045776367,5.251609236881821e-17,0
18,49.976773977307424,307.7000045776367,307.70000084809726,615.400005425734,1.0,0,1,1.0,1.0,1.0,1,1,1,1,1,6,0,0,0.0,0.0,790.8431866613665,738.61480160863,1,18,0,2024-04-07,30.770000457763672,30.770000084809727,61.5400005425734,2.711988625123651e-09,0
19,56.0650005340576,354.4000053405762,331.48333867390954,685.8833440144857,1.0,0,1,1.0,1.0,1.0,1,1,1,1,1,5,1,0,0.0,0.0,817.9130805459976,756.7265872589111,1,18,0,2024-04-07,35.44000053405762,33.14833386739095,68.58833440144858,0.006201517829206742,0
20,45.88000068664555,458.8000068664551,458.8000068664551,917.6000137329102,1.0,0,1,1.0,1.0,1.0,1,1,1,1,1,0,0,6,0.0,0.0,859.9200165557226,841.1115993133544,1,18,0,2024-04-07,45.88000068664551,45.88000068664551,91.76000137329102,4.157254542281278e-10,0
21,64.52000160217287,453.200008392334,453.200008392334,906.400016784668,1.0,0,1,1.0,1.0,1.0,1,1,1,1,1,0,6,0,0.0,0.0,875.2330197142919,860.971598397827,1,18,0,2024-04-07,45.3200008392334,45.3200008392334,90.6400016784668,2.946037091169704e-09,0
22,53.081676239418,523.9000015258789,530.700008392334,1054.600009918213,1.0,0,1,1.0,1.0,1.0,1,1,1,1,1,1,5,0,0.0,0.0,921.182994598793,1006.4923212215195,1,18,0,2024-04-07,52.390000152587895,53.0700008392334,105.46000099182129,0.0421258579251574,0
23,97.02000160217284,503.200008392334,503.200008392334,1006.400016784668,1.0,0,1,1.0,1.0,1.0,1,1,1,1,1,0,6,0,0.0,0.0,984.0881168365479,970.5956218353272,1,18,0,2024-04-07,50.3200008392334,50.3200008392334,100.6400016784668,2.653306888683733e-09,0
24,63.840000915527256,629.8000091552734,638.4000091552734,1268.200018310547,1.0,0,1,1.0,1.0,1.0,1,1,1,1,1,1,0,5,0.0,0.0,1005.6018828105927,1134.7515746704103,1,18,0,2024-04-07,62.98000091552734,63.84000091552735,126.8200018310547,0.01048428319241731,0
25,99.59000091552731,610.9000091552734,610.9000091552734,1221.8000183105469,1.0,0,1,1.0,1.0,1.0,1,1,1,1,1,0,6,0,0.0,0.0,1000.2842491849264,1122.7975951782228,1,18,0,2024-04-07,61.09000091552735,61.09000091552735,122.1800018310547,2.497755604868726e-09,0
26,69.94004374657202,699.4000091552734,699.3999615652239,1398.7999707204972,1.0,0,1,1.0,1.0,1.0,1,1,1,1,1,6,0,0,0.0,0.0,997.1917800282848,1194.599407815928,1,18,0,2024-04-07,69.94000091552735,69.93999615652238,139.87999707204972,2.2577875148733914e-09,0
27,71.59000091552724,715.9000091552734,715.9000091552734,1431.8000183105469,1.0,0,1,1.0,1.0,1.0,1,1,1,1,1,0,6,0,0.0,0.0,949.2041595092771,1227.5626534204316,1,18,0,2024-04-07,71.59000091552734,71.59000091552734,143.18000183105468,2.1314135185017507e-09,0
28,81.37113339591518,715.9000091552734,705.0320841770645,1420.932093332338,1.0,0,1,1.0,1.0,1.0,1,1,1,1,1,6,0,0,0.0,0.0,848.8932632768203,1163.5574783228349,1,18,0,2024-04-07,71.59000091552734,70.50320841770645,142.0932093332338,1.054900885773968e-09,0
29,73.24009747053746,732.4000091552734,732.3999018719289,1464.7999110272024,1.0,0,1,1.0,1.0,1.0,1,1,1,1,1,0,0,6,0.004386880386884458,0.0,729.1870579197562,1147.3353648341501,1,18,0,2024-04-07,73.24000091552735,73.2399901871929,146.47999110272025,2.8989558435076975e-10,0
30,113.57000236511233,742.5266787211101,751.700008392334,1494.226687113444,1.0,0,1,1.0,1.0,1.0,1,1,1,1,1,6,0,0,0.0,0.0,759.9009349822999,1100.9860507598878,1,18,0,2024-04-07,74.25266787211102,75.1700008392334,149.42266871134441,1.7870702849482074e-09,0
31,146.50534281302987,762.3266779581706,706.6607386848495,1468.9874166430202,1.0,0,1,1.0,1.0,1.0,1,1,1,1,1,6,0,0,0.0,0.0,833.2598894775857,1091.0862327729078,1,18,0,2024-04-07,76.23266779581706,70.66607386848496,146.89874166430204,1.5227210046103641e-09,0
32,94.75000076293951,0.0,837.5000076293945,837.5000076293945,1.0,0,1,1.0,1.0,1.0,1,1,1,1,1,0,0,6,0.0,0.0,817.7044075012208,1176.9354468933107,1,18,0,2024-04-07,0.0,83.75000076293946,83.75000076293946,9.109725375236765e-10,0
33,139.57000083923333,839.8966757456461,845.700008392334,1685.59668413798,1.0,0,1,1.0,1.0,1.0,1,1,1,1,1,0,6,0,0.0,0.0,843.2868587493896,1113.2216479888916,1,18,0,2024-04-07,83.98966757456462,84.5700008392334,168.55966841379802,3.847293650254804e-09,0
34,683.9000091552734,908.9000091552734,250.0,1158.9000091552734,0.6666666666666666,2,0,1.0,0.6666666666666666,1.0,0,0,1,1,0,0,6,0,0.0,0.0,1425.2872772216797,447.5299453369141,1,18,0,2024-04-07,90.89000091552735,25.0,115.89000091552735,1.3166613980460823e-08,0
35,90.60980482670658,840.200008392334,840.200008392334,1680.400016784668,1.0,0,1,1.0,1.0,1.0,1,1,1,1,1,6,0,0,0.0,0.0,983.3260058309486,1005.3595783764185,1,18,0,2024-04-07,84.0200008392334,84.0200008392334,168.0400016784668,0.045045046948884816,0
36,85.12000083923337,842.600008392334,851.200008392334,1693.800016784668,1.0,0,1,1.0,1.0,1.0,1,1,1,1,1,0,6,0,0.07973596041634734,0.0,775.4144874763489,941.6334399810792,1,18,0,2024-04-07,84.2600008392334,85.1200008392334,169.3800016784668,1.1260766574172786e-09,0
37,164.12258185107456,721.6333368937175,722.0000076293945,1443.633344523112,1.0,0,1,1.0,1.0,1.0,1,1,1,1,1,2,4,0,0.0,0.0,831.892816932643,853.4735713715817,1,18,0,2024-04-07,72.16333368937175,72.20000076293945,144.36333445231122,0.031552716848274806,0
38,85.6400012969971,664.0333346048991,664.4000053405762,1328.4333399454754,1.0,0,1,1.0,1.0,1.0,1,1,1,1,1,6,0,0,0.0,0.0,718.4346727856547,923.1567134490966,1,18,0,2024-04-07,66.40333346048992,66.44000053405762,132.84333399454755,1.4357880097412305e-09,0
39,108.47000120347913,617.3333338419596,617.7000045776367,1235.0333384195965,1.0,0,1,1.0,1.0,1.0,1,1,1,1,1,1,0,5,0.0,0.0,706.4640983409303,902.5601730152708,1,18,0,2024-04-07,61.733333384195966,61.77000045776367,123.50333384195966,0.022515835863532282,0
40,123.42774354255766,659.0333346048991,659.4000053405762,1318.4333399454754,1.0,0,1,1.0,1.0,1.0,1,1,1,1,1,6,0,0,0.0,0.0,684.2146005276498,855.7026504027548,1,18,0,2024-04-07,65.90333346048992,65.94000053405762,131.84333399454755,1.1666597667556806e-09,0
41,98.6100006103515,597.4733370463053,601.1000061035156,1198.573343149821,1.0,0,1,1.0,1.0,1.0,1,1,1,1,1,0,0,6,0.0,0.0,607.9917755126953,825.3405227294922,1,18,0,2024-04-07,59.747333704630535,60.11000061035156,119.85733431498211,4.742589945428364e-17,0
42,149.37474382543942,624.3400032043457,639.6000061035156,1263.9400093078614,1.0,0,1,1.0,1.0,1.0,1,1,1,1,1,6,0,0,0.06908851470168656,0.0,581.2052797141113,694.7168927956543,1,18,0,2024-04-07,62.43400032043458,63.960000610351564,126.39400093078615,2.551429231390499e-09,0
43,80.96000061035157,523.600001525879,534.6000061035156,1058.2000076293946,1.0,0,1,1.0,1.0,1.0,1,1,1,1,1,6,0,0,0.0,0.0,534.8027130126953,763.1316360107421,1,18,0,2024-04-07,52.3600001525879,53.460000610351564,105.82000076293946,1.441957006024621e-09,0
44,48.055920611572176,468.6000015258789,479.6000061035156,948.2000076293946,0.16666666666666666,5,0,1.0,1.0,0.16666666666666666,0,0,0,1,1,0,0,6,0.0,0.0,509.6968202697753,771.2357282165527,1,18,0,2024-04-07,46.860000152587894,47.960000610351564,94.82000076293946,1.0170379369246187e-09,0
45,44.26271126280208,396.96667226155597,407.6000061035156,804.5666783650715,0.0,6,0,1.0,1.0,0.0,0,0,0,1,1,0,0,6,0.0,0.0,460.17256233702085,670.0288765301666,1,18,0,2024-04-07,39.6966672261556,40.76000061035157,80.45666783650717,8.594850300578026e-10,0
46,60.56000061035157,385.6000061035156,385.6000061035156,771.2000122070312,0.0,6,0,1.0,1.0,0.0,0,0,0,1,1,0,0,6,0.0,0.0,486.9056427001953,651.0316360107421,1,18,0,2024-04-07,38.560000610351565,38.560000610351565,77.12000122070313,9.89288681407059e-10,0
47,117.56321078068686,374.7000045776367,374.7000045776367,749.4000091552734,0.16666666666666666,5,0,0.16666666666666666,1.0,1.0,0,0,1,0,1,6,0,0,0.0,0.0,508.58176546818686,524.8284136333756,1,18,0,2024-04-07,37.470000457763675,37.470000457763675,74.94000091552735,1.663991776675657e-09,0
0,-250.7600023905436,0.0,259.4000015258789,259.4000015258789,0.0,6,0,0.0,1.0,1.0,1,0,1,0,1,6,0,0,0.0,0.0,0.0,573.9516145975749,1,18,1,2024-04-07,0.0,25.940000152587892,25.940000152587892,2.8431308218904568e-08,0
1,-125.95999946594247,0.0,278.60000228881836,278.60000228881836,0.0,6,0,1.0,1.0,0.0,1,0,0,1,1,0,0,6,0.0,0.0,0.8181148529051825,449.15161167297373,1,18,1,2024-04-07,0.0,27.860000228881837,27.860000228881837,1.3692383861379477e-09,0
2,0.0,0.0,0.0,0.0,1.0,0,1,1.0,1.0,0.0,1,1,0,1,1,0,0,6,0.0,0.0,111.32408905029297,303.9916,0,18,1,2024-04-07,0.0,0.0,0.0,0.0,0
3,0.0,0.0,0.0,0.0,1.0,0,1,1.0,1.0,0.0,1,1,0,1,1,0,0,6,0.0,0.0,116.81792284521485,276.4916,0,18,1,2024-04-07,0.0,0.0,0.0,0.0,0
4,0.0,0.0,0.0,0.0,1.0,0,1,1.0,1.0,0.0,1,1,0,1,1,0,0,6,0.0,0.0,182.80905910644532,276.4916,0,18,1,2024-04-07,0.0,0.0,0.0,0.0,0
5,0.0,0.0,0.0,0.0,1.0,0,1,1.0,1.0,0.0,1,1,0,1,1,0,0,6,0.0,0.0,229.61658474121094,295.69161220703126,0,18,1,2024-04-07,0.0,0.0,0.0,0.0,0
6,0.0,0.0,0.0,0.0,1.0,0,1,1.0,1.0,0.0,1,1,0,1,1,0,0,6,0.0,0.0,250.16080471191407,314.8915938964844,0,18,1,2024-04-07,0.0,0.0,0.0,0.0,0
7,0.0,0.0,0.0,0.0,1.0,0,1,1.0,1.0,0.0,1,1,0,1,1,0,0,6,0.0,0.0,251.74097438964844,314.8915938964844,0,18,1,2024-04-07,0.0,0.0,0.0,0.0,0
8,0.0,0.0,0.0,0.0,1.0,0,1,1.0,1.0,0.0,1,1,0,1,1,0,0,6,0.0,0.0,301.421531640625,364.8916244140625,0,18,1,2024-04-07,0.0,0.0,0.0,0.0,0
9,0.0,0.0,0.0,0.0,1.0,0,1,1.0,1.0,0.0,1,1,0,1,1,0,0,6,0.0,0.0,301.3417892089844,341.6677474609375,0,18,1,2024-04-07,0.0,0.0,0.0,0.0,0
10,0.0,0.0,0.0,0.0,1.0,0,1,1.0,1.0,0.0,1,1,0,1,1,0,0,6,0.0,0.0,282.23931118164063,273.52735134277344,0,18,1,2024-04-07,0.0,0.0,0.0,0.0,0
11,0.0,0.0,0.0,0.0,1.0,0,1,1.0,1.0,0.0,1,1,0,1,1,0,0,6,0.0,0.0,298.81331630859376,241.83040615234376,0,18,1,2024-04-07,0.0,0.0,0.0,0.0,0
12,0.0,0.0,0.0,0.0,1.0,0,1,1.0,1.0,0.0,1,1,0,1,1,0,0,6,0.0,0.0,320.18025966796876,229.15279384765626,0,18,1,2024-04-07,0.0,0.0,0.0,0.0,0
13,0.0,0.0,0.0,0.0,1.0,0,1,1.0,1.0,0.0,1,1,0,1,1,0,0,6,0.0,0.0,356.59160610351563,240.14282985839844,0,18,1,2024-04-07,0.0,0.0,0.0,0.0,0
14,0.0,0.0,0.0,0.0,1.0,0,1,1.0,1.0,0.0,1,1,0,1,1,0,0,6,0.0,0.0,456.45134731445313,339.42501064453126,0,18,1,2024-04-07,0.0,0.0,0.0,0.0,0
15,0.0,0.0,0.0,0.0,1.0,0,1,1.0,1.0,0.0,1,1,0,1,1,0,0,6,0.0,0.0,473.3160323730469,391.69161220703126,0,18,1,2024-04-07,0.0,0.0,0.0,0.0,0
16,0.0,0.0,0.0,0.0,1.0,0,1,1.0,1.0,0.0,1,1,0,1,1,0,0,6,0.0,0.0,488.78276821289063,463.69161220703126,0,18,1,2024-04-07,0.0,0.0,0.0,0.0,0
17,93.70000457763669,291.2000045776367,250.0,541.2000045776367,1.0,0,1,1.0,1.0,1.0,1,1,1,1,1,0,0,6,0.0,0.0,665.6675567260742,488.263214074707,1,18,1,2024-04-07,29.120000457763673,25.0,54.12000045776367,5.251609236881821e-17,0
18,49.976773977307424,307.7000045776367,307.70000084809726,615.400005425734,1.0,0,1,1.0,1.0,1.0,1,1,1,1,1,6,0,0,0.0,0.0,679.6083540010094,649.4350530734738,1,18,1,2024-04-07,30.770000457763672,30.770000084809727,61.5400005425734,2.711988625123651e-09,0
19,56.0650005340576,354.4000053405762,331.48333867390954,685.8833440144857,1.0,0,1,1.0,1.0,1.0,1,1,1,1,1,5,1,0,0.0,0.0,772.9304557577133,720.4823245635986,1,18,1,2024-04-07,35.44000053405762,33.14833386739095,68.58833440144858,0.006201517829206742,0
20,45.88000068664555,458.8000068664551,458.8000068664551,917.6000137329102,1.0,0,1,1.0,1.0,1.0,1,1,1,1,1,0,0,6,0.0,0.0,758.0542723750433,775.2803004852294,1,18,1,2024-04-07,45.88000068664551,45.88000068664551,91.76000137329102,4.157254542281278e-10,0
21,64.52000160217287,453.200008392334,453.200008392334,906.400016784668,1.0,0,1,1.0,1.0,1.0,1,1,1,1,1,0,6,0,0.0,0.0,782.6247071996689,764.9484660736083,1,18,1,2024-04-07,45.3200008392334,45.3200008392334,90.6400016784668,2.946037091169704e-09,0
22,53.081676239418,523.9000015258789,530.700008392334,1054.600009918213,1.0,0,1,1.0,1.0,1.0,1,1,1,1,1,1,5,0,0.0,0.0,829.5850397564799,860.6685907527694,1,18,1,2024-04-07,52.390000152587895,53.0700008392334,105.46000099182129,0.0421258579251574,0
23,97.02000160217284,503.200008392334,503.200008392334,1006.400016784668,1.0,0,1,1.0,1.0,1.0,1,1,1,1,1,0,6,0,0.0,0.0,893.6675950081508,816.4409587493897,1,18,1,2024-04-07,50.3200008392334,50.3200008392334,100.6400016784668,2.653306888683733e-09,0
24,63.840000915527256,629.8000091552734,638.4000091552734,1268.200018310547,1.0,0,1,1.0,1.0,1.0,1,1,1,1,1,1,0,5,0.0,0.0,901.7842302735646,890.3632690063477,1,18,1,2024-04-07,62.98000091552734,63.84000091552735,126.8200018310547,0.01048428319241731,0
25,99.59000091552731,610.9000091552734,610.9000091552734,1221.8000183105469,1.0,0,1,1.0,1.0,1.0,1,1,1,1,1,0,6,0,0.0,0.0,935.6716470146179,958.4112426391603,1,18,1,2024-04-07,61.09000091552735,61.09000091552735,122.1800018310547,2.497755604868726e-09,0
26,69.94004374657202,699.4000091552734,699.3999615652239,1398.7999707204972,1.0,0,1,1.0,1.0,1.0,1,1,1,1,1,6,0,0,0.0,0.0,964.3450642140123,1070.1166197299906,1,18,1,2024-04-07,69.94000091552735,69.93999615652238,139.87999707204972,2.2577875148733914e-09,0
27,71.59000091552724,715.9000091552734,715.9000091552734,1431.8000183105469,1.0,0,1,1.0,1.0,1.0,1,1,1,1,1,0,6,0,0.0,0.0,951.6148804887134,1078.0352660766603,1,18,1,2024-04-07,71.59000091552734,71.59000091552734,143.18000183105468,2.1314135185017507e-09,0
28,81.37113339591518,715.9000091552734,705.0320841770645,1420.932093332338,1.0,0,1,1.0,1.0,1.0,1,1,1,1,1,6,0,0,0.0,0.0,880.6057525365402,1024.7204421900224,1,18,1,2024-04-07,71.59000091552734,70.50320841770645,142.0932093332338,1.054900885773968e-09,0
29,73.24009747053746,732.4000091552734,732.3999018719289,1464.7999110272024,1.0,0,1,1.0,1.0,1.0,1,1,1,1,1,0,0,6,0.0,0.0,824.6504368260062,1005.4515757716501,1,18,1,2024-04-07,73.24000091552735,73.2399901871929,146.47999110272025,2.8989558435076975e-10,0
30,113.57000236511233,742.5266787211101,751.700008392334,1494.226687113444,1.0,0,1,1.0,1.0,1.0,1,1,1,1,1,6,0,0,0.0,0.0,849.2018383026124,956.3216220489502,1,18,1,2024-04-07,74.25266787211102,75.1700008392334,149.42266871134441,1.7870702849482074e-09,0
31,146.50534281302987,762.3266779581706,706.6607386848495,1468.9874166430202,1.0,0,1,1.0,1.0,1.0,1,1,1,1,1,6,0,0,0.0,0.0,933.9657920317799,971.1382347260327,1,18,1,2024-04-07,76.23266779581706,70.66607386848496,146.89874166430204,1.5227210046103641e-09,0
32,94.75000076293951,0.0,837.5000076293945,837.5000076293945,0.5,3,0,1.0,1.0,0.5,1,0,0,1,1,0,0,6,0.0,0.0,897.7333381652833,1050.7939674011232,1,18,1,2024-04-07,0.0,83.75000076293946,83.75000076293946,9.109725375236765e-10,0
33,139.57000083923333,839.8966757456461,845.700008392334,1685.59668413798,1.0,0,1,1.0,1.0,1.0,1,1,1,1,1,0,6,0,0.11349882433258274,0.05838758936679285,744.5693904876708,796.3216235748291,1,18,1,2024-04-07,83.98966757456462,84.5700008392334,168.55966841379802,3.847293650254804e-09,0
34,683.9000091552734,908.9000091552734,250.0,1158.9000091552734,1.0,0,1,1.0,1.0,1.0,1,1,1,1,1,0,6,0,0.0,0.11605477919921896,1315.1450653076172,220.98630520019526,1,18,1,2024-04-07,90.89000091552735,25.0,115.89000091552735,1.3166613980460823e-08,0
35,90.60980482670658,840.200008392334,840.200008392334,1680.400016784668,1.0,0,1,1.0,1.0,1.0,1,1,1,1,1,6,0,0,0.00871809652868339,0.04909716775299136,832.875063615769,798.9485676342308,1,18,1,2024-04-07,84.0200008392334,84.0200008392334,168.0400016784668,0.045045046948884816,0
36,85.12000083923337,842.600008392334,851.200008392334,1693.800016784668,1.0,0,1,1.0,1.0,1.0,1,1,1,1,1,0,6,0,0.19806754498007395,0.16897134376586406,675.7082933298747,707.3715991607666,1,18,1,2024-04-07,84.2600008392334,85.1200008392334,169.3800016784668,1.1260766574172786e-09,0
37,164.12258185107456,721.6333368937175,722.0000076293945,1443.633344523112,1.0,0,1,1.0,1.0,1.0,1,1,1,1,1,2,4,0,0.0,0.14491826644713363,730.4330676909183,617.3690181489254,1,18,1,2024-04-07,72.16333368937175,72.20000076293945,144.36333445231122,0.031552716848274806,0
38,85.6400012969971,664.0333346048991,664.4000053405762,1328.4333399454754,1.0,0,1,1.0,1.0,1.0,1,1,1,1,1,6,0,0,0.0,0.0,687.1654529571533,742.5516109100341,1,18,1,2024-04-07,66.40333346048992,66.44000053405762,132.84333399454755,1.4357880097412305e-09,0
39,108.47000120347913,617.3333338419596,617.7000045776367,1235.0333384195965,1.0,0,1,1.0,1.0,1.0,1,1,1,1,1,1,0,5,0.0,0.0,640.5802917308229,732.7241134449583,1,18,1,2024-04-07,61.733333384195966,61.77000045776367,123.50333384195966,0.022515835863532282,0
40,123.42774354255766,659.0333346048991,659.4000053405762,1318.4333399454754,1.0,0,1,1.0,1.0,1.0,1,1,1,1,1,6,0,0,0.11581557517220036,0.037588868447471446,582.7070098999795,634.6139052855673,1,18,1,2024-04-07,65.90333346048992,65.94000053405762,131.84333399454755,1.1666597667556806e-09,0
41,98.6100006103515,597.4733370463053,601.1000061035156,1198.573343149821,1.0,0,1,1.0,1.0,1.0,1,1,1,1,1,0,0,6,0.0673299307178306,0.0,557.2454986572266,640.0927810302735,1,18,1,2024-04-07,59.747333704630535,60.11000061035156,119.85733431498211,4.742589945428364e-17,0
42,149.37474382543942,624.3400032043457,639.6000061035156,1263.9400093078614,1.0,0,1,1.0,1.0,1.0,1,1,1,1,1,6,0,0,0.13055596307452755,0.20416373400371488,542.8286928000488,509.01688058862305,1,18,1,2024-04-07,62.43400032043458,63.960000610351564,126.39400093078615,2.551429231390499e-09,0
43,80.96000061035157,523.600001525879,534.6000061035156,1058.2000076293946,0.8333333333333334,1,0,0.8333333333333334,1.0,1.0,0,0,1,0,1,6,0,0,0.07667748681694983,0.0,483.45166931152346,558.2316115966796,1,18,1,2024-04-07,52.3600001525879,53.460000610351564,105.82000076293946,1.441957006024621e-09,0
44,48.055920611572176,468.6000015258789,479.6000061035156,948.2000076293946,0.0,6,0,1.0,1.0,0.0,0,0,0,1,1,0,0,6,0.0,0.0,480.2168703186034,569.2690534118652,1,18,1,2024-04-07,46.860000152587894,47.960000610351564,94.82000076293946,1.0170379369246187e-09,0
45,44.26271126280208,396.96667226155597,407.6000061035156,804.5666783650715,0.6666666666666666,2,0,1.0,1.0,0.6666666666666666,0,0,0,1,1,0,0,6,0.027938412689441503,0.0,385.87605354795835,437.2288582196198,1,18,1,2024-04-07,39.6966672261556,40.76000061035157,80.45666783650717,8.594850300578026e-10,0
46,60.56000061035157,385.6000061035156,385.6000061035156,771.2000122070312,1.0,0,1,1.0,1.0,1.0,1,1,1,1,1,0,0,6,0.0,0.0,393.3260833740234,401.7315871826172,1,18,1,2024-04-07,38.560000610351565,38.560000610351565,77.12000122070313,9.89288681407059e-10,0
47,117.56321078068686,374.7000045776367,374.7000045776367,749.4000091552734,1.0,0,1,1.0,1.0,1.0,1,1,1,1,1,6,0,0,0.0,0.16248645626206193,447.7755520892806,313.81632867243815,1,18,1,2024-04-07,37.470000457763675,37.470000457763675,74.94000091552735,1.663991776675657e-09,0
0,-250.7600023905436,0.0,259.4000015258789,259.4000015258789,0.8333333333333334,1,0,0.8333333333333334,1.0,1.0,1,0,1,0,1,6,0,0,0.0,0.0,8.347479241943347,629.1516268046062,1,18,2,2024-04-07,0.0,25.940000152587892,25.940000152587892,2.8431308218904568e-08,0
1,-125.95999946594247,0.0,278.60000228881836,278.60000228881836,0.0,6,0,1.0,1.0,0.0,1,0,0,1,1,0,0,6,0.0,0.0,113.97115287780753,518.351623880005,1,18,2,2024-04-07,0.0,27.860000228881837,27.860000228881837,1.3692383861379477e-09,0
2,0.0,0.0,0.0,0.0,1.0,0,1,1.0,1.0,0.0,1,1,0,1,1,0,0,6,0.0,0.0,245.386993132487,361.2151107421875,0,18,2,2024-04-07,0.0,0.0,0.0,0.0,0
3,0.0,0.0,0.0,0.0,1.0,0,1,1.0,1.0,0.0,1,1,0,1,1,0,0,6,0.0,0.0,263.982078515625,314.8915938964844,0,18,2,2024-04-07,0.0,0.0,0.0,0.0,0
4,0.0,0.0,0.0,0.0,1.0,0,1,1.0,1.0,0.0,1,1,0,1,1,0,0,6,0.0,0.0,269.7233810058594,303.8915938964844,0,18,2,2024-04-07,0.0,0.0,0.0,0.0,0
5,0.0,0.0,0.0,0.0,1.0,0,1,1.0,1.0,0.0,1,1,0,1,1,0,0,6,0.0,0.0,285.18486782226563,303.8915938964844,0,18,2,2024-04-07,0.0,0.0,0.0,0.0,0
6,0.0,0.0,0.0,0.0,1.0,0,1,1.0,1.0,0.0,1,1,0,1,1,0,0,6,0.0,0.0,291.9736251464844,303.8915938964844,0,18,2,2024-04-07,0.0,0.0,0.0,0.0,0
7,0.0,0.0,0.0,0.0,1.0,0,1,1.0,1.0,0.0,1,1,0,1,1,0,0,6,0.0,0.0,296.290672265625,303.8915938964844,0,18,2,2024-04-07,0.0,0.0,0.0,0.0,0
8,0.0,0.0,0.0,0.0,1.0,0,1,1.0,1.0,0.0,1,1,0,1,1,0,0,6,0.0,0.0,293.85726162109376,303.2523421875,0,18,2,2024-04-07,0.0,0.0,0.0,0.0,0
9,0.0,0.0,0.0,0.0,1.0,0,1,1.0,1.0,0.0,1,1,0,1,1,0,0,6,0.0,0.0,273.6476974121094,235.19158168945313,0,18,2,2024-04-07,0.0,0.0,0.0,0.0,0
10,0.0,0.0,0.0,0.0,1.0,0,1,1.0,1.0,0.0,1,1,0,1,1,0,0,6,0.0,0.0,284.69161220703126,169.70679470214844,0,18,2,2024-04-07,0.0,0.0,0.0,0.0,0
11,0.0,0.0,0.0,0.0,1.0,0,1,1.0,1.0,0.0,1,1,0,1,1,0,0,6,0.0,0.0,284.69161220703126,161.10640712890626,0,18,2,2024-04-07,0.0,0.0,0.0,0.0,0
12,0.0,0.0,0.0,0.0,1.0,0,1,1.0,1.0,0.0,1,1,0,1,1,0,0,6,0.0,0.0,331.3916244140625,184.6915969482422,0,18,2,2024-04-07,0.0,0.0,0.0,0.0,0
13,0.0,0.0,0.0,0.0,1.0,0,1,1.0,1.0,0.0,1,1,0,1,1,0,0,6,0.0,0.0,312.19161220703126,184.6915969482422,0,18,2,2024-04-07,0.0,0.0,0.0,0.0,0
14,0.0,0.0,0.0,0.0,1.0,0,1,1.0,1.0,0.0,1,1,0,1,1,0,0,6,0.0,0.0,331.3916244140625,202.45224758300782,0,18,2,2024-04-07,0.0,0.0,0.0,0.0,0
15,0.0,0.0,0.0,0.0,1.0,0,1,1.0,1.0,0.0,1,1,0,1,1,0,0,6,0.0,0.0,331.3916244140625,196.05643459472657,0,18,2,2024-04-07,0.0,0.0,0.0,0.0,0
16,0.0,0.0,0.0,0.0,1.0,0,1,1.0,1.0,0.0,1,1,0,1,1,0,0,6,0.0,0.0,419.791648828125,277.1234817138672,0,18,2,2024-04-07,0.0,0.0,0.0,0.0,0
17,93.70000457763669,291.2000045776367,250.0,541.2000045776367,1.0,0,1,1.0,1.0,1.0,1,1,1,1,1,0,0,6,0.0,0.0,711.0948638549804,425.83915792242533,1,18,2,2024-04-07,29.120000457763673,25.0,54.12000045776367,5.251609236881821e-17,0
18,49.976773977307424,307.7000045776367,307.70000084809726,615.400005425734,1.0,0,1,1.0,1.0,1.0,1,1,1,1,1,6,0,0,0.0,0.0,686.2183129421511,504.44284735454175,1,18,2,2024-04-07,30.770000457763672,30.770000084809727,61.5400005425734,2.711988625123651e-09,0
19,56.0650005340576,354.4000053405762,331.48333867390954,685.8833440144857,1.0,0,1,1.0,1.0,1.0,1,1,1,1,1,5,1,0,0.0,0.0,804.5560512176513,638.0115148458465,1,18,2,2024-04-07,35.44000053405762,33.14833386739095,68.58833440144858,0.006201517829206742,0
20,45.88000068664555,458.8000068664551,458.8000068664551,917.6000137329102,1.0,0,1,1.0,1.0,1.0,1,1,1,1,1,0,0,6,0.0,0.0,911.8912434363276,776.4230006805419,1,18,2,2024-04-07,45.88000068664551,45.88000068664551,91.76000137329102,4.157254542281278e-10,0
21,64.52000160217287,453.200008392334,453.200008392334,906.400016784668,1.0,0,1,1.0,1.0,1.0,1,1,1,1,1,0,6,0,0.0,0.0,979.7808177415442,810.6640422454833,1,18,2,2024-04-07,45.3200008392334,45.3200008392334,90.6400016784668,2.946037091169704e-09,0
22,53.081676239418,523.9000015258789,530.700008392334,1054.600009918213,1.0,0,1,1.0,1.0,1.0,1,1,1,1,1,1,5,0,0.0,0.0,1022.1569414753418,918.9281732723007,1,18,2,2024-04-07,52.390000152587895,53.0700008392334,105.46000099182129,0.0421258579251574,0
23,97.02000160217284,503.200008392334,503.200008392334,1006.400016784668,1.0,0,1,1.0,1.0,1.0,1,1,1,1,1,0,6,0,0.0,0.0,999.9869815826416,858.8610637298584,1,18,2,2024-04-07,50.3200008392334,50.3200008392334,100.6400016784668,2.653306888683733e-09,0
24,63.840000915527256,629.8000091552734,638.4000091552734,1268.200018310547,1.0,0,1,1.0,1.0,1.0,1,1,1,1,1,1,0,5,0.0,0.0,959.6819102438291,895.6907226196289,1,18,2,2024-04-07,62.98000091552734,63.84000091552735,126.8200018310547,0.01048428319241731,0
25,99.59000091552731,610.9000091552734,610.9000091552734,1221.8000183105469,1.0,0,1,1.0,1.0,1.0,1,1,1,1,1,0,6,0,0.0,0.0,1002.7743728009859,867.1962157836914,1,18,2,2024-04-07,61.09000091552735,61.09000091552735,122.1800018310547,2.497755604868726e-09,0
26,69.94004374657202,699.4000091552734,699.3999615652239,1398.7999707204972,1.0,0,1,1.0,1.0,1.0,1,1,1,1,1,6,0,0,0.0,0.0,1057.193054751497,1002.7358824253031,1,18,2,2024-04-07,69.94000091552735,69.93999615652238,139.87999707204972,2.2577875148733914e-09,0
27,71.59000091552724,715.9000091552734,715.9000091552734,1431.8000183105469,1.0,0,1,1.0,1.0,1.0,1,1,1,1,1,0,6,0,0.0,0.0,1096.509416644573,1042.9394408813478,1,18,2,2024-04-07,71.59000091552734,71.59000091552734,143.18000183105468,2.1314135185017507e-09,0
28,81.37113339591518,715.9000091552734,705.0320841770645,1420.932093332338,1.0,0,1,1.0,1.0,1.0,1,1,1,1,1,6,0,0,0.0,0.0,1144.1901973710956,1102.2204421900224,1,18,2,2024-04-07,71.59000091552734,70.50320841770645,142.0932093332338,1.054900885773968e-09,0
29,73.24009747053746,732.4000091552734,732.3999018719289,1464.7999110272024,1.0,0,1,1.0,1.0,1.0,1,1,1,1,1,0,0,6,0.0,0.0,1128.6926834794092,1148.7120738185251,1,18,2,2024-04-07,73.24000091552735,73.2399901871929,146.47999110272025,2.8989558435076975e-10,0
30,113.57000236511233,742.5266787211101,751.700008392334,1494.226687113444,1.0,0,1,1.0,1.0,1.0,1,1,1,1,1,6,0,0,0.0,0.0,1151.5845287322998,1119.7207919708253,1,18,2,2024-04-07,74.25266787211102,75.1700008392334,149.42266871134441,1.7870702849482074e-09,0
31,146.50534281302987,762.3266779581706,706.6607386848495,1468.9874166430202,1.0,0,1,1.0,1.0,1.0,1,1,1,1,1,6,0,0,0.0,0.0,1227.4910605864675,1114.3873802338453,1,18,2,2024-04-07,76.23266779581706,70.66607386848496,146.89874166430204,1.5227210046103641e-09,0
32,94.75000076293951,0.0,837.5000076293945,837.5000076293945,0.16666666666666666,5,0,1.0,1.0,0.16666666666666666,1,0,0,1,1,0,0,6,0.0,0.0,1181.709351348877,1160.6216041198732,1,18,2,2024-04-07,0.0,83.75000076293946,83.75000076293946,9.109725375236765e-10,0
33,139.57000083923333,839.8966757456461,845.700008392334,1685.59668413798,1.0,0,1,1.0,1.0,1.0,1,1,1,1,1,0,6,0,0.0,0.0,1081.5555965423582,996.4814136138917,1,18,2,2024-04-07,83.98966757456462,84.5700008392334,168.55966841379802,3.847293650254804e-09,0
34,683.9000091552734,908.9000091552734,250.0,1158.9000091552734,1.0,0,1,1.0,1.0,1.0,1,1,1,1,1,0,6,0,0.0,0.0,1599.0794525146484,407.5813369384766,1,18,2,2024-04-07,90.89000091552735,25.0,115.89000091552735,1.3166613980460823e-08,0
35,90.60980482670658,840.200008392334,840.200008392334,1680.400016784668,1.0,0,1,1.0,1.0,1.0,1,1,1,1,1,6,0,0,0.0,0.0,1056.5741602954565,1000.3940022045435,1,18,2,2024-04-07,84.0200008392334,84.0200008392334,168.0400016784668,0.045045046948884816,0
36,85.12000083923337,842.600008392334,851.200008392334,1693.800016784668,1.0,0,1,1.0,1.0,1.0,1,1,1,1,1,0,6,0,0.0,0.0,1045.4561214447021,1011.7964038482667,1,18,2,2024-04-07,84.2600008392334,85.1200008392334,169.3800016784668,1.1260766574172786e-09,0
37,164.12258185107456,721.6333368937175,722.0000076293945,1443.633344523112,1.0,0,1,1.0,1.0,1.0,1,1,1,1,1,2,4,0,0.0,0.0,1070.8885120268558,900.8887935395505,1,18,2,2024-04-07,72.16333368937175,72.20000076293945,144.36333445231122,0.031552716848274806,0
38,85.6400012969971,664.0333346048991,664.4000053405762,1328.4333399454754,1.0,0,1,1.0,1.0,1.0,1,1,1,1,1,6,0,0,0.0,0.0,919.5975818634033,922.1584224334716,1,18,2,2024-04-07,66.40333346048992,66.44000053405762,132.84333399454755,1.4357880097412305e-09,0
39,108.47000120347913,617.3333338419596,617.7000045776367,1235.0333384195965,1.0,0,1,1.0,1.0,1.0,1,1,1,1,1,1,0,5,0.0,0.0,863.8025207347291,853.0035934254271,1,18,2,2024-04-07,61.733333384195966,61.77000045776367,123.50333384195966,0.022515835863532282,0
40,123.42774354255766,659.0333346048991,659.4000053405762,1318.4333399454754,1.0,0,1,1.0,1.0,1.0,1,1,1,1,1,6,0,0,0.0,0.0,826.2167450074014,799.1796401488485,1,18,2,2024-04-07,65.90333346048992,65.94000053405762,131.84333399454755,1.1666597667556806e-09,0
41,98.6100006103515,597.4733370463053,601.1000061035156,1198.573343149821,1.0,0,1,1.0,1.0,1.0,1,1,1,1,1,0,0,6,0.0,0.0,754.5755767822266,798.1633987060547,1,18,2,2024-04-07,59.747333704630535,60.11000061035156,119.85733431498211,4.742589945428364e-17,0
42,149.37474382543942,624.3400032043457,639.6000061035156,1263.9400093078614,1.0,0,1,1.0,1.0,1.0,1,1,1,1,1,6,0,0,0.0,0.0,725.3040651145019,647.6416974831543,1,18,2,2024-04-07,62.43400032043458,63.960000610351564,126.39400093078615,2.551429231390499e-09,0
43,80.96000061035157,523.600001525879,534.6000061035156,1058.2000076293946,1.0,0,1,1.0,1.0,1.0,1,1,1,1,1,6,0,0,0.0,0.0,601.2742706298828,660.8644240966796,1,18,2,2024-04-07,52.3600001525879,53.460000610351564,105.82000076293946,1.441957006024621e-09,0
44,48.055920611572176,468.6000015258789,479.6000061035156,948.2000076293946,1.0,0,1,1.0,1.0,1.0,1,1,1,1,1,0,0,6,0.0,0.0,627.6851930725097,727.1936749938965,1,18,2,2024-04-07,46.860000152587894,47.960000610351564,94.82000076293946,1.0170379369246187e-09,0
45,44.26271126280208,396.96667226155597,407.6000061035156,804.5666783650715,1.0,0,1,1.0,1.0,1.0,1,1,1,1,1,0,0,6,0.0,0.0,547.5540320635833,660.7772896161041,1,18,2,2024-04-07,39.6966672261556,40.76000061035157,80.45666783650717,8.594850300578026e-10,0
46,60.56000061035157,385.6000061035156,385.6000061035156,771.2000122070312,1.0,0,1,1.0,1.0,1.0,1,1,1,1,1,0,0,6,0.0,0.0,552.8239825073878,640.9763381591796,1,18,2,2024-04-07,38.560000610351565,38.560000610351565,77.12000122070313,9.89288681407059e-10,0
47,117.56321078068686,374.7000045776367,374.7000045776367,749.4000091552734,1.0,0,1,1.0,1.0,1.0,1,1,1,1,1,6,0,0,0.0,0.0,562.9162381244369,527.2281328716568,1,18,2,2024-04-07,37.470000457763675,37.470000457763675,74.94000091552735,1.663991776675657e-09,0
0,-250.7600023905436,0.0,259.4000015258789,259.4000015258789,0.0,6,0,0.0,1.0,1.0,1,0,1,0,1,6,0,0,0.0,0.0,0.0,444.151596287028,1,19,0,2024-04-07,0.0,25.940000152587892,25.940000152587892,2.8431308218904568e-08,1
1,-125.95999946594247,0.0,278.60000228881836,278.60000228881836,0.16666666666666666,5,0,1.0,1.0,0.16666666666666666,1,0,0,1,1,0,0,6,0.0,0.0,0.0,319.35159336242685,1,19,0,2024-04-07,0.0,27.860000228881837,27.860000228881837,1.3692383861379477e-09,0
2,0.0,0.0,0.0,0.0,1.0,0,1,1.0,1.0,0.0,1,1,0,1,1,0,0,6,0.0,0.0,124.13019561767578,262.59160610351563,0,19,0,2024-04-07,0.0,0.0,0.0,0.0,0
3,0.0,0.0,0.0,0.0,1.0,0,1,1.0,1.0,0.0,1,1,0,1,1,0,0,6,0.0,0.0,189.12722612890624,262.59160610351563,0,19,0,2024-04-07,0.0,0.0,0.0,0.0,0
4,0.0,0.0,0.0,0.0,1.0,0,1,1.0,1.0,0.0,1,1,0,1,1,0,0,6,0.0,0.0,230.08609768066407,262.59160610351563,0,19,0,2024-04-07,0.0,0.0,0.0,0.0,0
5,0.0,0.0,0.0,0.0,1.0,0,1,1.0,1.0,0.0,1,1,0,1,1,0,0,6,0.0,0.0,234.55086513671876,224.4321517578125,0,19,0,2024-04-07,0.0,0.0,0.0,0.0,0
6,0.0,0.0,0.0,0.0,1.0,0,1,1.0,1.0,0.0,1,1,0,1,1,0,0,6,0.0,0.0,235.09160610351563,209.025047265625,0,19,0,2024-04-07,0.0,0.0,0.0,0.0,0
7,0.0,0.0,0.0,0.0,1.0,0,1,1.0,1.0,0.0,1,1,0,1,1,0,0,6,0.0,0.0,235.09160610351563,191.97856899414063,0,19,0,2024-04-07,0.0,0.0,0.0,0.0,0
8,0.0,0.0,0.0,0.0,1.0,0,1,1.0,1.0,0.0,1,1,0,1,1,0,0,6,0.0,0.0,243.29160305175782,182.61370083007813,0,19,0,2024-04-07,0.0,0.0,0.0,0.0,0
9,0.0,0.0,0.0,0.0,1.0,0,1,1.0,1.0,0.0,1,1,0,1,1,0,0,6,0.0,0.0,193.29160305175782,158.17362209472657,0,19,0,2024-04-07,0.0,0.0,0.0,0.0,0
10,0.0,0.0,0.0,0.0,1.0,0,1,1.0,1.0,0.0,1,1,0,1,1,0,0,6,0.0,0.0,193.29160305175782,143.29160305175782,0,19,0,2024-04-07,0.0,0.0,0.0,0.0,0
11,0.0,0.0,0.0,0.0,1.0,0,1,1.0,1.0,0.0,1,1,0,1,1,0,0,6,0.0,0.0,193.29160305175782,143.29160305175782,0,19,0,2024-04-07,0.0,0.0,0.0,0.0,0
12,0.0,0.0,0.0,0.0,1.0,0,1,1.0,1.0,0.0,1,1,0,1,1,0,0,6,0.0,0.0,193.29160305175782,143.29160305175782,0,19,0,2024-04-07,0.0,0.0,0.0,0.0,0
13,0.0,0.0,0.0,0.0,1.0,0,1,1.0,1.0,0.0,1,1,0,1,1,0,0,6,0.0,0.0,233.01897426757813,212.65445705566407,0,19,0,2024-04-07,0.0,0.0,0.0,0.0,0
14,0.0,0.0,0.0,0.0,1.0,0,1,1.0,1.0,0.0,1,1,0,1,1,0,0,6,0.0,0.0,278.90161892089844,240.7238998046875,0,19,0,2024-04-07,0.0,0.0,0.0,0.0,0
15,0.0,0.0,0.0,0.0,1.0,0,1,1.0,1.0,0.0,1,1,0,1,1,0,0,6,0.0,0.0,355.39373012695313,305.8915938964844,0,19,0,2024-04-07,0.0,0.0,0.0,0.0,0
16,0.0,0.0,0.0,0.0,1.0,0,1,1.0,1.0,0.0,1,1,0,1,1,0,0,6,0.0,0.0,363.34285732421876,325.48494716796876,0,19,0,2024-04-07,0.0,0.0,0.0,0.0,0
17,93.70000457763669,291.2000045776367,250.0,541.2000045776367,1.0,0,1,1.0,1.0,1.0,1,1,1,1,1,1,0,5,0.0,0.04763366713867174,460.4626311889648,238.09158321533207,1,19,0,2024-04-07,29.120000457763673,25.0,54.12000045776367,0.004976730229400034,0
18,49.976773977307424,307.7000045776367,307.70000084809726,615.400005425734,1.0,0,1,1.0,1.0,1.0,1,1,1,1,1,6,0,0,0.0,0.0,636.3757226101199,466.63297122437405,1,19,0,2024-04-07,30.770000457763672,30.770000084809727,61.5400005425734,2.711988625123651e-09,0
19,56.0650005340576,354.4000053405762,331.48333867390954,685.8833440144857,1.0,0,1,1.0,1.0,1.0,1,1,1,1,1,6,0,0,0.0,0.0,720.7162685028076,569.3836445979421,1,19,0,2024-04-07,35.44000053405762,33.14833386739095,68.58833440144858,2.780864465140536e-09,0
20,45.88000068664555,458.8000068664551,458.8000068664551,917.6000137329102,1.0,0,1,1.0,1.0,1.0,1,1,1,1,1,0,0,6,0.0,0.0,772.1773257843017,707.2559747881903,1,19,0,2024-04-07,45.88000068664551,45.88000068664551,91.76000137329102,4.157254542281278e-10,0
21,64.52000160217287,453.200008392334,453.200008392334,906.400016784668,1.0,0,1,1.0,1.0,1.0,1,1,1,1,1,0,6,0,0.0,0.0,725.0335742584228,651.0747469159,1,19,0,2024-04-07,45.3200008392334,45.3200008392334,90.6400016784668,2.946037091169704e-09,0
22,53.081676239418,523.9000015258789,530.700008392334,1054.600009918213,1.0,0,1,1.0,1.0,1.0,1,1,1,1,1,0,0,6,0.0,0.0,705.8324154505958,678.2288934871444,1,19,0,2024-04-07,52.390000152587895,53.0700008392334,105.46000099182129,2.311172888816379e-10,0
23,97.02000160217284,503.200008392334,503.200008392334,1006.400016784668,1.0,0,1,1.0,1.0,1.0,1,1,1,1,1,0,6,0,0.0,0.0,742.7780758404097,678.7094524017334,1,19,0,2024-04-07,50.3200008392334,50.3200008392334,100.6400016784668,2.653306888683733e-09,0
24,63.840000915527256,629.8000091552734,638.4000091552734,1268.200018310547,1.0,0,1,1.0,1.0,1.0,1,1,1,1,1,0,0,6,0.0,0.0,762.6223893331845,771.9717284790039,1,19,0,2024-04-07,62.98000091552734,63.84000091552735,126.8200018310547,6.015922993236214e-10,0
25,99.59000091552731,610.9000091552734,610.9000091552734,1221.8000183105469,1.0,0,1,1.0,1.0,1.0,1,1,1,1,1,0,6,0,0.0,0.0,795.7577608592668,730.7323485961914,1,19,0,2024-04-07,61.09000091552735,61.09000091552735,122.1800018310547,2.497755604868726e-09,0
26,69.94004374657202,699.4000091552734,699.3999615652239,1398.7999707204972,1.0,0,1,1.0,1.0,1.0,1,1,1,1,1,4,2,0,0.0,0.0,849.9222443325094,787.8792312400558,1,19,0,2024-04-07,69.94000091552735,69.93999615652238,139.87999707204972,0.050000001726466244,0
27,71.59000091552724,715.9000091552734,715.9000091552734,1431.8000183105469,1.0,0,1,1.0,1.0,1.0,1,1,1,1,1,0,6,0,0.0,0.0,842.9393890014646,783.2403239775133,1,19,0,2024-04-07,71.59000091552734,71.59000091552734,143.18000183105468,2.1314135185017507e-09,0
28,81.37113339591518,715.9000091552734,705.0320841770645,1420.932093332338,1.0,0,1,1.0,1.0,1.0,1,1,1,1,1,6,0,0,0.0,0.0,871.2826552709151,809.6892914087723,1,19,0,2024-04-07,71.59000091552734,70.50320841770645,142.0932093332338,1.054900885773968e-09,0
29,73.24009747053746,732.4000091552734,732.3999018719289,1464.7999110272024,1.0,0,1,1.0,1.0,1.0,1,1,1,1,1,0,0,6,0.0,0.0,835.3040851658499,892.9384403896038,1,19,0,2024-04-07,73.24000091552735,73.2399901871929,146.47999110272025,2.8989558435076975e-10,0
30,113.57000236511233,742.5266787211101,751.700008392334,1494.226687113444,1.0,0,1,1.0,1.0,1.0,1,1,1,1,1,1,5,0,0.0,0.0,920.407095400111,912.4976474395752,1,19,0,2024-04-07,74.25266787211102,75.1700008392334,149.42266871134441,0.007546045129164585,0
31,146.50534281302987,762.3266779581706,706.6607386848495,1468.9874166430202,1.0,0,1,1.0,1.0,1.0,1,1,1,1,1,4,2,0,0.0,0.0,888.4774497466236,849.6190696869701,1,19,0,2024-04-07,76.23266779581706,70.66607386848496,146.89874166430204,0.0024052660736564903,0
32,94.75000076293951,0.0,837.5000076293945,837.5000076293945,1.0,0,1,1.0,1.0,1.0,1,1,1,1,1,0,0,6,0.0,0.012348615435257188,713.0841682434083,827.1580421081542,1,19,0,2024-04-07,0.0,83.75000076293946,83.75000076293946,9.109725375236765e-10,0
33,139.57000083923333,839.8966757456461,845.700008392334,1685.59668413798,1.0,0,1,1.0,1.0,1.0,1,1,1,1,1,0,6,0,0.09539073582712279,0.04199585748148617,759.7783138275146,810.1841113677979,1,19,0,2024-04-07,83.98966757456462,84.5700008392334,168.55966841379802,3.847293650254804e-09,0
34,683.9000091552734,908.9000091552734,250.0,1158.9000091552734,1.0,0,1,1.0,1.0,1.0,1,1,1,1,1,0,6,0,0.0,0.0,1346.3415985107422,307.3916396728515,1,19,0,2024-04-07,90.89000091552735,25.0,115.89000091552735,1.3166613980460823e-08,0
35,90.60980482670658,840.200008392334,840.200008392334,1680.400016784668,1.0,0,1,1.0,1.0,1.0,1,1,1,1,1,6,0,0,0.0,0.0,960.1980824718178,901.4868977123558,1,19,0,2024-04-07,84.0200008392334,84.0200008392334,168.0400016784668,1.535713403612018e-09,0
36,85.12000083923337,842.600008392334,851.200008392334,1693.800016784668,1.0,0,1,1.0,1.0,1.0,1,1,1,1,1,0,6,0,0.0,0.0,905.7014827728271,876.7976855865478,1,19,0,2024-04-07,84.2600008392334,85.1200008392334,169.3800016784668,1.1260766574172786e-09,0
37,164.12258185107456,721.6333368937175,722.0000076293945,1443.633344523112,1.0,0,1,1.0,1.0,1.0,1,1,1,1,1,0,6,0,0.0,0.0,972.1872180815433,756.6974483247067,1,19,0,2024-04-07,72.16333368937175,72.20000076293945,144.36333445231122,5.02915341742693e-09,0
38,85.6400012969971,664.0333346048991,664.4000053405762,1328.4333399454754,1.0,0,1,1.0,1.0,1.0,1,1,1,1,1,6,0,0,0.0,0.0,895.405222641627,798.7021236053466,1,19,0,2024-04-07,66.40333346048992,66.44000053405762,132.84333399454755,1.4357880097412305e-09,0
39,108.47000120347913,617.3333338419596,617.7000045776367,1235.0333384195965,1.0,0,1,1.0,1.0,1.0,1,1,1,1,1,0,0,6,0.0,0.0,903.1717223948854,808.1931686207396,1,19,0,2024-04-07,61.733333384195966,61.77000045776367,123.50333384195966,1.3946179358495367e-11,0
40,123.42774354255766,659.0333346048991,659.4000053405762,1318.4333399454754,1.0,0,1,1.0,1.0,1.0,1,1,1,1,1,6,0,0,0.0,0.0,916.8971038941202,796.9044326293173,1,19,0,2024-04-07,65.90333346048992,65.94000053405762,131.84333399454755,1.1666597667556806e-09,0
41,98.6100006103515,597.4733370463053,601.1000061035156,1198.573343149821,1.0,0,1,1.0,1.0,1.0,1,1,1,1,1,3,0,3,0.0,0.0,800.8473052978516,762.0419997802735,1,19,0,2024-04-07,59.747333704630535,60.11000061035156,119.85733431498211,0.13209907851556496,0
42,149.37474382543942,624.3400032043457,639.6000061035156,1263.9400093078614,1.0,0,1,1.0,1.0,1.0,1,1,1,1,1,6,0,0,0.0,0.0017342847892156624,786.6236451926269,638.490757541748,1,19,0,2024-04-07,62.43400032043458,63.960000610351564,126.39400093078615,2.551429231390499e-09,0
43,80.96000061035157,523.600001525879,534.6000061035156,1058.2000076293946,1.0,0,1,1.0,1.0,1.0,1,1,1,1,1,3,3,0,0.0,0.0,757.3207183837891,716.5615676513671,1,19,0,2024-04-07,52.3600001525879,53.460000610351564,105.82000076293946,0.0025259878250062386,0
44,48.055920611572176,468.6000015258789,479.6000061035156,948.2000076293946,1.0,0,1,1.0,1.0,1.0,1,1,1,1,1,0,0,6,0.0,0.0,726.9420290100097,736.314890814209,1,19,0,2024-04-07,46.860000152587894,47.960000610351564,94.82000076293946,1.0170379369246187e-09,0
45,44.26271126280208,396.96667226155597,407.6000061035156,804.5666783650715,1.0,0,1,1.0,1.0,1.0,1,1,1,1,1,0,0,6,0.0,0.0,694.6643403372167,671.2799751629791,1,19,0,2024-04-07,39.6966672261556,40.76000061035157,80.45666783650717,8.594850300578026e-10,0
46,60.56000061035157,385.6000061035156,385.6000061035156,771.2000122070312,1.0,0,1,1.0,1.0,1.0,1,1,1,1,1,0,1,5,0.0,0.0,700.3898306067786,622.9921462646483,1,19,0,2024-04-07,38.560000610351565,38.560000610351565,77.12000122070313,0.001666668018694536,0
47,117.56321078068686,374.7000045776367,374.7000045776367,749.4000091552734,1.0,0,1,1.0,1.0,1.0,1,1,1,1,1,4,2,0,0.0,0.0,722.4165051166243,504.7381634251601,1,19,0,2024-04-07,37.470000457763675,37.470000457763675,74.94000091552735,0.0033333353132911224,0
0,-250.7600023905436,0.0,259.4000015258789,259.4000015258789,0.16666666666666666,5,0,0.16666666666666666,1.0,1.0,1,0,1,0,1,6,0,0,0.0,0.0,0.0,546.2516023905437,1,19,1,2024-04-07,0.0,25.940000152587892,25.940000152587892,2.8431308218904568e-08,0
1,-125.95999946594247,0.0,278.60000228881836,278.60000228881836,0.3333333333333333,4,0,1.0,1.0,0.3333333333333333,1,0,0,1,1,0,0,6,0.0,0.0,62.878196334838776,448.9515994659425,1,19,1,2024-04-07,0.0,27.860000228881837,27.860000228881837,1.3692383861379477e-09,0
2,0.0,0.0,0.0,0.0,1.0,0,1,1.0,1.0,0.0,1,1,0,1,1,0,0,6,0.0,0.0,185.37738037109375,322.9916,0,19,1,2024-04-07,0.0,0.0,0.0,0.0,0
3,0.0,0.0,0.0,0.0,1.0,0,1,1.0,1.0,0.0,1,1,0,1,1,0,0,6,0.0,0.0,234.32848955664062,322.9916,0,19,1,2024-04-07,0.0,0.0,0.0,0.0,0
4,0.0,0.0,0.0,0.0,1.0,0,1,1.0,1.0,0.0,1,1,0,1,1,0,0,6,0.0,0.0,268.29119106445313,322.9916,0,19,1,2024-04-07,0.0,0.0,0.0,0.0,0
5,0.0,0.0,0.0,0.0,1.0,0,1,1.0,1.0,0.0,1,1,0,1,1,0,0,6,0.0,0.0,292.79781337890626,322.9916,0,19,1,2024-04-07,0.0,0.0,0.0,0.0,0
6,0.0,0.0,0.0,0.0,1.0,0,1,1.0,1.0,0.0,1,1,0,1,1,0,0,6,0.0,0.0,282.3159103027344,303.79158779296876,0,19,1,2024-04-07,0.0,0.0,0.0,0.0,0
7,0.0,0.0,0.0,0.0,1.0,0,1,1.0,1.0,0.0,1,1,0,1,1,0,0,6,0.0,0.0,283.727683984375,303.79158779296876,0,19,1,2024-04-07,0.0,0.0,0.0,0.0,0
8,0.0,0.0,0.0,0.0,1.0,0,1,1.0,1.0,0.0,1,1,0,1,1,0,0,6,0.0,0.0,279.5061263671875,292.79158779296876,0,19,1,2024-04-07,0.0,0.0,0.0,0.0,0
9,0.0,0.0,0.0,0.0,1.0,0,1,1.0,1.0,0.0,1,1,0,1,1,0,0,6,0.0,0.0,281.66692348632813,292.79158779296876,0,19,1,2024-04-07,0.0,0.0,0.0,0.0,0
10,0.0,0.0,0.0,0.0,1.0,0,1,1.0,1.0,0.0,1,1,0,1,1,0,0,6,0.0,0.0,283.63787075195313,285.64461513671876,0,19,1,2024-04-07,0.0,0.0,0.0,0.0,0
11,0.0,0.0,0.0,0.0,1.0,0,1,1.0,1.0,0.0,1,1,0,1,1,0,0,6,0.0,0.0,288.09072109375,277.3289718261719,0,19,1,2024-04-07,0.0,0.0,0.0,0.0,0
12,0.0,0.0,0.0,0.0,1.0,0,1,1.0,1.0,0.0,1,1,0,1,1,0,0,6,0.0,0.0,292.79158779296876,276.2058333984375,0,19,1,2024-04-07,0.0,0.0,0.0,0.0,0
13,0.0,0.0,0.0,0.0,1.0,0,1,1.0,1.0,0.0,1,1,0,1,1,0,0,6,0.0,0.0,320.29158779296876,297.15654750976563,0,19,1,2024-04-07,0.0,0.0,0.0,0.0,0
14,0.0,0.0,0.0,0.0,1.0,0,1,1.0,1.0,0.0,1,1,0,1,1,0,0,6,0.0,0.0,393.33977504882813,343.1509017578125,0,19,1,2024-04-07,0.0,0.0,0.0,0.0,0
15,0.0,0.0,0.0,0.0,1.0,0,1,1.0,1.0,0.0,1,1,0,1,1,0,0,6,0.0,0.0,463.83013149414063,379.38069912109376,0,19,1,2024-04-07,0.0,0.0,0.0,0.0,0
16,0.0,0.0,0.0,0.0,1.0,0,1,1.0,1.0,0.0,1,1,0,1,1,0,0,6,0.0,0.0,570.8761825195312,523.9207381835937,0,19,1,2024-04-07,0.0,0.0,0.0,0.0,0
17,93.70000457763669,291.2000045776367,250.0,541.2000045776367,1.0,0,1,1.0,1.0,1.0,1,1,1,1,1,1,0,5,0.0,0.0,740.3508453002929,518.114044152832,1,19,1,2024-04-07,29.120000457763673,25.0,54.12000045776367,0.004976730229400034,0
18,49.976773977307424,307.7000045776367,307.70000084809726,615.400005425734,1.0,0,1,1.0,1.0,1.0,1,1,1,1,1,6,0,0,0.0,0.0,851.8069309088667,708.4284612765988,1,19,1,2024-04-07,30.770000457763672,30.770000084809727,61.5400005425734,2.711988625123651e-09,0
19,56.0650005340576,354.4000053405762,331.48333867390954,685.8833440144857,1.0,0,1,1.0,1.0,1.0,1,1,1,1,1,6,0,0,0.0,0.0,927.1827373504639,777.4939212432861,1,19,1,2024-04-07,35.44000053405762,33.14833386739095,68.58833440144858,2.780864465140536e-09,0
20,45.88000068664555,458.8000068664551,458.8000068664551,917.6000137329102,1.0,0,1,1.0,1.0,1.0,1,1,1,1,1,0,0,6,0.0,0.0,874.151851272583,814.4176295867919,1,19,1,2024-04-07,45.88000068664551,45.88000068664551,91.76000137329102,4.157254542281278e-10,0
21,64.52000160217287,453.200008392334,453.200008392334,906.400016784668,1.0,0,1,1.0,1.0,1.0,1,1,1,1,1,0,6,0,0.0,0.0,894.7337381696701,813.4134318939208,1,19,1,2024-04-07,45.3200008392334,45.3200008392334,90.6400016784668,2.946037091169704e-09,0
22,53.081676239418,523.9000015258789,530.700008392334,1054.600009918213,1.0,0,1,1.0,1.0,1.0,1,1,1,1,1,0,0,6,0.0,0.0,907.670299286293,910.0147211238632,1,19,1,2024-04-07,52.390000152587895,53.0700008392334,105.46000099182129,2.311172888816379e-10,0
23,97.02000160217284,503.200008392334,503.200008392334,1006.400016784668,1.0,0,1,1.0,1.0,1.0,1,1,1,1,1,0,6,0,0.0,0.0,916.7786075592041,842.9227702728272,1,19,1,2024-04-07,50.3200008392334,50.3200008392334,100.6400016784668,2.653306888683733e-09,0
24,63.840000915527256,629.8000091552734,638.4000091552734,1268.200018310547,1.0,0,1,1.0,1.0,1.0,1,1,1,1,1,0,0,6,0.0,0.0,938.1974506927082,969.5388061157228,1,19,1,2024-04-07,62.98000091552734,63.84000091552735,126.8200018310547,6.015922993236214e-10,0
25,99.59000091552731,610.9000091552734,610.9000091552734,1221.8000183105469,1.0,0,1,1.0,1.0,1.0,1,1,1,1,1,0,6,0,0.0,0.0,1029.3049572588654,966.7805053344728,1,19,1,2024-04-07,61.09000091552735,61.09000091552735,122.1800018310547,2.497755604868726e-09,0
26,69.94004374657202,699.4000091552734,699.3999615652239,1398.7999707204972,1.0,0,1,1.0,1.0,1.0,1,1,1,1,1,4,2,0,0.0,0.0,1052.0570099575095,1047.6515318393656,1,19,1,2024-04-07,69.94000091552735,69.93999615652238,139.87999707204972,0.050000001726466244,0
27,71.59000091552724,715.9000091552734,715.9000091552734,1431.8000183105469,1.0,0,1,1.0,1.0,1.0,1,1,1,1,1,0,6,0,0.0,0.0,1194.8438079467774,1158.8419822332128,1,19,1,2024-04-07,71.59000091552734,71.59000091552734,143.18000183105468,2.1314135185017507e-09,0
28,81.37113339591518,715.9000091552734,705.0320841770645,1420.932093332338,1.0,0,1,1.0,1.0,1.0,1,1,1,1,1,6,0,0,0.0,0.0,1203.3198867162278,1145.5070110229665,1,19,1,2024-04-07,71.59000091552734,70.50320841770645,142.0932093332338,1.054900885773968e-09,0
29,73.24009747053746,732.4000091552734,732.3999018719289,1464.7999110272024,1.0,0,1,1.0,1.0,1.0,1,1,1,1,1,0,0,6,0.0,0.0,1135.6841281363215,1196.7571177638376,1,19,1,2024-04-07,73.24000091552735,73.2399901871929,146.47999110272025,2.8989558435076975e-10,0
30,113.57000236511233,742.5266787211101,751.700008392334,1494.226687113444,1.0,0,1,1.0,1.0,1.0,1,1,1,1,1,1,5,0,0.0,0.0,1140.2652702643763,1167.0506259552003,1,19,1,2024-04-07,74.25266787211102,75.1700008392334,149.42266871134441,0.007546045129164585,0
31,146.50534281302987,762.3266779581706,706.6607386848495,1468.9874166430202,0.8333333333333334,1,0,1.0,0.5,1.0,0,0,1,1,0,4,2,0,0.0,0.0,1141.0701340846897,1127.2468773041578,1,19,1,2024-04-07,76.23266779581706,70.66607386848496,146.89874166430204,0.0024052660736564903,0
32,94.75000076293951,0.0,837.5000076293945,837.5000076293945,1.0,0,1,1.0,1.0,1.0,1,1,1,1,1,0,0,6,0.0,0.0,1098.0770881652832,1190.5213843933107,1,19,1,2024-04-07,0.0,83.75000076293946,83.75000076293946,9.109725375236765e-10,0
33,139.57000083923333,839.8966757456461,845.700008392334,1685.59668413798,1.0,0,1,1.0,1.0,1.0,1,1,1,1,1,0,6,0,0.0,0.0,1045.8440486907957,1041.4865405670166,1,19,1,2024-04-07,83.98966757456462,84.5700008392334,168.55966841379802,3.847293650254804e-09,0
34,683.9000091552734,908.9000091552734,250.0,1158.9000091552734,0.16666666666666666,5,0,1.0,0.16666666666666666,1.0,0,0,1,1,0,0,6,0,0.0,0.0,1568.0541229248047,436.5517959228516,1,19,1,2024-04-07,90.89000091552735,25.0,115.89000091552735,1.3166613980460823e-08,0
35,90.60980482670658,840.200008392334,840.200008392334,1680.400016784668,1.0,0,1,1.0,1.0,1.0,1,1,1,1,1,6,0,0,0.0,0.0,1137.074770647019,982.5287678295435,1,19,1,2024-04-07,84.0200008392334,84.0200008392334,168.0400016784668,1.535713403612018e-09,0
36,85.12000083923337,842.600008392334,851.200008392334,1693.800016784668,1.0,0,1,1.0,1.0,1.0,1,1,1,1,1,0,6,0,0.0,0.0,1005.6491756439209,897.2754077545166,1,19,1,2024-04-07,84.2600008392334,85.1200008392334,169.3800016784668,1.1260766574172786e-09,0
37,164.12258185107456,721.6333368937175,722.0000076293945,1443.633344523112,1.0,0,1,1.0,1.0,1.0,1,1,1,1,1,0,6,0,0.0,0.0,985.9502796049808,724.0282588715817,1,19,1,2024-04-07,72.16333368937175,72.20000076293945,144.36333445231122,5.02915341742693e-09,0
38,85.6400012969971,664.0333346048991,664.4000053405762,1328.4333399454754,1.0,0,1,1.0,1.0,1.0,1,1,1,1,1,6,0,0,0.0,0.0,751.4326038360596,686.4623164764404,1,19,1,2024-04-07,66.40333346048992,66.44000053405762,132.84333399454755,1.4357880097412305e-09,0
39,108.47000120347913,617.3333338419596,617.7000045776367,1235.0333384195965,1.0,0,1,1.0,1.0,1.0,1,1,1,1,1,0,0,6,0.0,0.0,722.5117615527528,626.5788497730833,1,19,1,2024-04-07,61.733333384195966,61.77000045776367,123.50333384195966,1.3946179358495367e-11,0
40,123.42774354255766,659.0333346048991,659.4000053405762,1318.4333399454754,1.0,0,1,1.0,1.0,1.0,1,1,1,1,1,6,0,0,0.0,0.16885555069727853,681.4353729370889,548.0566543090048,1,19,1,2024-04-07,65.90333346048992,65.94000053405762,131.84333399454755,1.1666597667556806e-09,0
41,98.6100006103515,597.4733370463053,601.1000061035156,1198.573343149821,0.5,3,0,0.0,1.0,1.0,0,0,1,0,1,3,0,3,0.03316833175484936,0.12318636569460734,577.6561431884766,527.0526809326172,1,19,1,2024-04-07,59.747333704630535,60.11000061035156,119.85733431498211,0.13209907851556496,0
42,149.37474382543942,624.3400032043457,639.6000061035156,1263.9400093078614,1.0,0,1,1.0,1.0,1.0,1,1,1,1,1,6,0,0,0.007112081577933153,0.2246836082899979,619.8996461691894,495.89236886987305,1,19,1,2024-04-07,62.43400032043458,63.960000610351564,126.39400093078615,2.551429231390499e-09,0
43,80.96000061035157,523.600001525879,534.6000061035156,1058.2000076293946,0.8333333333333334,1,0,1.0,0.6666666666666666,1.0,0,0,1,1,0,3,3,0,0.1123964584723708,0.08457590763392141,464.7492156982422,489.38572536621086,1,19,1,2024-04-07,52.3600001525879,53.460000610351564,105.82000076293946,0.0025259878250062386,0
44,48.055920611572176,468.6000015258789,479.6000061035156,948.2000076293946,1.0,0,1,1.0,1.0,1.0,1,1,1,1,1,0,0,6,0.14929897592848554,0.0,398.6385011779784,496.5642194274903,1,19,1,2024-04-07,46.860000152587894,47.960000610351564,94.82000076293946,1.0170379369246187e-09,0
45,44.26271126280208,396.96667226155597,407.6000061035156,804.5666783650715,1.0,0,1,1.0,1.0,1.0,1,1,1,1,1,0,0,6,0.12906227125285252,0.0,345.7332519277928,462.86395953797916,1,19,1,2024-04-07,39.6966672261556,40.76000061035157,80.45666783650717,8.594850300578026e-10,0
46,60.56000061035157,385.6000061035156,385.6000061035156,771.2000122070312,1.0,0,1,1.0,1.0,1.0,1,1,1,1,1,0,1,5,0.0,0.0,389.01072618251544,465.3981826416015,1,19,1,2024-04-07,38.560000610351565,38.560000610351565,77.12000122070313,0.001666668018694536,0
47,117.56321078068686,374.7000045776367,374.7000045776367,749.4000091552734,1.0,0,1,1.0,1.0,1.0,1,1,1,1,1,4,2,0,0.0,0.0,457.65670897404624,380.07202571846057,1,19,1,2024-04-07,37.470000457763675,37.470000457763675,74.94000091552735,0.0033333353132911224,0
0,-250.7600023905436,0.0,259.4000015258789,259.4000015258789,0.0,6,0,0.0,1.0,1.0,1,0,1,0,1,6,0,0,0.0,0.0,0.0,524.3515932352702,1,19,2,2024-04-07,0.0,25.940000152587892,25.940000152587892,2.8431308218904568e-08,0
1,-125.95999946594247,0.0,278.60000228881836,278.60000228881836,0.0,6,0,1.0,1.0,0.0,1,0,0,1,1,0,0,6,0.0,0.0,74.52478752136221,399.55159031066904,1,19,2,2024-04-07,0.0,27.860000228881837,27.860000228881837,1.3692383861379477e-09,0
2,0.0,0.0,0.0,0.0,1.0,0,1,1.0,1.0,0.0,1,1,0,1,1,0,0,6,0.0,0.0,138.7286376953125,223.59159084472657,0,19,2,2024-04-07,0.0,0.0,0.0,0.0,0
3,0.0,0.0,0.0,0.0,1.0,0,1,1.0,1.0,0.0,1,1,0,1,1,0,0,6,0.0,0.0,210.49696184667968,223.59159084472657,0,19,2,2024-04-07,0.0,0.0,0.0,0.0,0
4,0.0,0.0,0.0,0.0,1.0,0,1,1.0,1.0,0.0,1,1,0,1,1,0,0,6,0.0,0.0,223.59159084472657,223.59159084472657,0,19,2,2024-04-07,0.0,0.0,0.0,0.0,0
5,0.0,0.0,0.0,0.0,1.0,0,1,1.0,1.0,0.0,1,1,0,1,1,0,0,6,0.0,0.0,223.59159084472657,218.84920498046876,0,19,2,2024-04-07,0.0,0.0,0.0,0.0,0
6,0.0,0.0,0.0,0.0,1.0,0,1,1.0,1.0,0.0,1,1,0,1,1,0,0,6,0.0,0.0,223.59159084472657,223.59159084472657,0,19,2,2024-04-07,0.0,0.0,0.0,0.0,0
7,0.0,0.0,0.0,0.0,1.0,0,1,1.0,1.0,0.0,1,1,0,1,1,0,0,6,0.0,0.0,251.09159084472657,251.09159084472657,0,19,2,2024-04-07,0.0,0.0,0.0,0.0,0
8,0.0,0.0,0.0,0.0,1.0,0,1,1.0,1.0,0.0,1,1,0,1,1,0,0,6,0.0,0.0,251.09159084472657,251.09159084472657,0,19,2,2024-04-07,0.0,0.0,0.0,0.0,0
9,0.0,0.0,0.0,0.0,1.0,0,1,1.0,1.0,0.0,1,1,0,1,1,0,0,6,0.0,0.0,240.09159084472657,240.09159084472657,0,19,2,2024-04-07,0.0,0.0,0.0,0.0,0
10,0.0,0.0,0.0,0.0,1.0,0,1,1.0,1.0,0.0,1,1,0,1,1,0,0,6,0.0,0.0,212.59159084472657,212.59159084472657,0,19,2,2024-04-07,0.0,0.0,0.0,0.0,0
11,0.0,0.0,0.0,0.0,1.0,0,1,1.0,1.0,0.0,1,1,0,1,1,0,0,6,0.0,0.0,212.59159084472657,212.59159084472657,0,19,2,2024-04-07,0.0,0.0,0.0,0.0,0
12,0.0,0.0,0.0,0.0,1.0,0,1,1.0,1.0,0.0,1,1,0,1,1,0,0,6,0.0,0.0,262.59159084472657,226.36853786621094,0,19,2,2024-04-07,0.0,0.0,0.0,0.0,0
13,0.0,0.0,0.0,0.0,1.0,0,1,1.0,1.0,0.0,1,1,0,1,1,0,0,6,0.0,0.0,290.0915755859375,224.78227993164063,0,19,2,2024-04-07,0.0,0.0,0.0,0.0,0
14,0.0,0.0,0.0,0.0,1.0,0,1,1.0,1.0,0.0,1,1,0,1,1,0,0,6,0.0,0.0,341.7641830078125,288.28850551757813,0,19,2,2024-04-07,0.0,0.0,0.0,0.0,0
15,0.0,0.0,0.0,0.0,1.0,0,1,1.0,1.0,0.0,1,1,0,1,1,0,0,6,0.0,0.0,380.5100326171875,347.93502041015626,0,19,2,2024-04-07,0.0,0.0,0.0,0.0,0
16,0.0,0.0,0.0,0.0,1.0,0,1,1.0,1.0,0.0,1,1,0,1,1,0,0,6,0.0,0.0,461.5199203125,420.68596645507813,0,19,2,2024-04-07,0.0,0.0,0.0,0.0,0
17,93.70000457763669,291.2000045776367,250.0,541.2000045776367,1.0,0,1,1.0,1.0,1.0,1,1,1,1,1,1,0,5,0.0,0.0,704.6087188354492,514.8263854614257,1,19,2,2024-04-07,29.120000457763673,25.0,54.12000045776367,0.004976730229400034,0
18,49.976773977307424,307.7000045776367,307.70000084809726,615.400005425734,1.0,0,1,1.0,1.0,1.0,1,1,1,1,1,6,0,0,0.0,0.0,807.031499599866,697.6969549289425,1,19,2,2024-04-07,30.770000457763672,30.770000084809727,61.5400005425734,2.711988625123651e-09,0
19,56.0650005340576,354.4000053405762,331.48333867390954,685.8833440144857,1.0,0,1,1.0,1.0,1.0,1,1,1,1,1,6,0,0,0.0,0.0,924.7297509251276,802.2945804229736,1,19,2,2024-04-07,35.44000053405762,33.14833386739095,68.58833440144858,2.780864465140536e-09,0
20,45.88000068664555,458.8000068664551,458.8000068664551,917.6000137329102,1.0,0,1,1.0,1.0,1.0,1,1,1,1,1,0,0,6,0.0,0.0,950.1764086193085,901.0292018524169,1,19,2,2024-04-07,45.88000068664551,45.88000068664551,91.76000137329102,4.157254542281278e-10,0
21,64.52000160217287,453.200008392334,453.200008392334,906.400016784668,1.0,0,1,1.0,1.0,1.0,1,1,1,1,1,0,6,0,0.0,0.0,1012.479869865799,953.5911662689208,1,19,2,2024-04-07,45.3200008392334,45.3200008392334,90.6400016784668,2.946037091169704e-09,0
22,53.081676239418,523.9000015258789,530.700008392334,1054.600009918213,1.0,0,1,1.0,1.0,1.0,1,1,1,1,1,0,0,6,0.0,0.0,1074.4374337725549,1099.2354852840197,1,19,2,2024-04-07,52.390000152587895,53.0700008392334,105.46000099182129,2.311172888816379e-10,0
23,97.02000160217284,503.200008392334,503.200008392334,1006.400016784668,1.0,0,1,1.0,1.0,1.0,1,1,1,1,1,0,6,0,0.0,0.0,1117.0026925510406,1055.0442302337647,1,19,2,2024-04-07,50.3200008392334,50.3200008392334,100.6400016784668,2.653306888683733e-09,0
24,63.840000915527256,629.8000091552734,638.4000091552734,1268.200018310547,1.0,0,1,1.0,1.0,1.0,1,1,1,1,1,0,0,6,0.0,0.0,1170.9257171264649,1155.3733311880858,1,19,2,2024-04-07,62.98000091552734,63.84000091552735,126.8200018310547,6.015922993236214e-10,0
25,99.59000091552731,610.9000091552734,610.9000091552734,1221.8000183105469,1.0,0,1,1.0,1.0,1.0,1,1,1,1,1,0,6,0,0.0,0.0,1205.8635833374024,1112.975146093888,1,19,2,2024-04-07,61.09000091552735,61.09000091552735,122.1800018310547,2.497755604868726e-09,0
26,69.94004374657202,699.4000091552734,699.3999615652239,1398.7999707204972,1.0,0,1,1.0,1.0,1.0,1,1,1,1,1,4,2,0,0.0,0.0,1315.744632027822,1253.55061731144,1,19,2,2024-04-07,69.94000091552735,69.93999615652238,139.87999707204972,0.050000001726466244,0
27,71.59000091552724,715.9000091552734,715.9000091552734,1431.8000183105469,1.0,0,1,1.0,1.0,1.0,1,1,1,1,1,0,6,0,0.0,0.0,1294.3648040405274,1300.8611709594727,1,19,2,2024-04-07,71.59000091552734,71.59000091552734,143.18000183105468,2.1314135185017507e-09,0
28,81.37113339591518,715.9000091552734,705.0320841770645,1420.932093332338,1.0,0,1,1.0,1.0,1.0,1,1,1,1,1,6,0,0,0.0,0.0,1240.1029677709153,1281.5074715106125,1,19,2,2024-04-07,71.59000091552734,70.50320841770645,142.0932093332338,1.054900885773968e-09,0
29,73.24009747053746,732.4000091552734,732.3999018719289,1464.7999110272024,1.0,0,1,1.0,1.0,1.0,1,1,1,1,1,0,0,6,0.0,0.0,1093.7166828221,1225.7371113371005,1,19,2,2024-04-07,73.24000091552735,73.2399901871929,146.47999110272025,2.8989558435076975e-10,0
30,113.57000236511233,742.5266787211101,751.700008392334,1494.226687113444,1.0,0,1,1.0,1.0,1.0,1,1,1,1,1,1,5,0,0.0,0.0,952.2539304697673,1151.8600741973878,1,19,2,2024-04-07,74.25266787211102,75.1700008392334,149.42266871134441,0.007546045129164585,0
31,146.50534281302987,762.3266779581706,706.6607386848495,1468.9874166430202,0.6666666666666666,2,0,1.0,0.0,1.0,0,0,1,1,0,4,2,0,0.0,0.0,1008.2506277861744,1142.1118675385328,1,19,2,2024-04-07,76.23266779581706,70.66607386848496,146.89874166430204,0.0024052660736564903,0
32,94.75000076293951,0.0,837.5000076293945,837.5000076293945,1.0,0,1,1.0,1.0,1.0,1,1,1,1,1,0,0,6,0.0,0.0,922.3865364074708,1132.8884498229982,1,19,2,2024-04-07,0.0,83.75000076293946,83.75000076293946,9.109725375236765e-10,0
33,139.57000083923333,839.8966757456461,845.700008392334,1685.59668413798,1.0,0,1,1.0,1.0,1.0,1,1,1,1,1,0,6,0,0.0,0.0,1021.0657283782958,1127.9988696685791,1,19,2,2024-04-07,83.98966757456462,84.5700008392334,168.55966841379802,3.847293650254804e-09,0
34,683.9000091552734,908.9000091552734,250.0,1158.9000091552734,0.8333333333333334,1,0,1.0,0.8333333333333334,1.0,0,0,1,1,0,0,6,0,0.0,0.0,1583.2096405029297,456.2406386962891,1,19,2,2024-04-07,90.89000091552735,25.0,115.89000091552735,1.3166613980460823e-08,0
35,90.60980482670658,840.200008392334,840.200008392334,1680.400016784668,1.0,0,1,1.0,1.0,1.0,1,1,1,1,1,6,0,0,0.0,0.0,1058.4475421994227,995.2863361889185,1,19,2,2024-04-07,84.0200008392334,84.0200008392334,168.0400016784668,1.535713403612018e-09,0
36,85.12000083923337,842.600008392334,851.200008392334,1693.800016784668,1.0,0,1,1.0,1.0,1.0,1,1,1,1,1,0,6,0,0.0,0.0,955.6107555803757,949.1098193756104,1,19,2,2024-04-07,84.2600008392334,85.1200008392334,169.3800016784668,1.1260766574172786e-09,0
37,164.12258185107456,721.6333368937175,722.0000076293945,1443.633344523112,1.0,0,1,1.0,1.0,1.0,1,1,1,1,1,0,6,0,0.0,0.0,935.7922293636198,829.7800288911129,1,19,2,2024-04-07,72.16333368937175,72.20000076293945,144.36333445231122,5.02915341742693e-09,0
38,85.6400012969971,664.0333346048991,664.4000053405762,1328.4333399454754,1.0,0,1,1.0,1.0,1.0,1,1,1,1,1,6,0,0,0.0,0.0,876.0969104766846,980.811559640503,1,19,2,2024-04-07,66.40333346048992,66.44000053405762,132.84333399454755,1.4357880097412305e-09,0
39,108.47000120347913,617.3333338419596,617.7000045776367,1235.0333384195965,1.0,0,1,1.0,1.0,1.0,1,1,1,1,1,0,0,6,0.0,0.0,865.1125182933229,928.6216354176147,1,19,2,2024-04-07,61.733333384195966,61.77000045776367,123.50333384195966,1.3946179358495367e-11,0
40,123.42774354255766,659.0333346048991,659.4000053405762,1318.4333399454754,1.0,0,1,1.0,1.0,1.0,1,1,1,1,1,6,0,0,0.0,0.0,765.8912445191202,757.0824111449423,1,19,2,2024-04-07,65.90333346048992,65.94000053405762,131.84333399454755,1.1666597667556806e-09,0
41,98.6100006103515,597.4733370463053,601.1000061035156,1198.573343149821,0.5,3,0,0.0,1.0,1.0,0,0,1,0,1,3,0,3,0.0,0.0,665.4259185791016,705.4672317138672,1,19,2,2024-04-07,59.747333704630535,60.11000061035156,119.85733431498211,0.13209907851556496,0
42,149.37474382543942,624.3400032043457,639.6000061035156,1263.9400093078614,1.0,0,1,1.0,1.0,1.0,1,1,1,1,1,6,0,0,0.0,0.044376349338664134,725.8846315207519,611.2168927956543,1,19,2,2024-04-07,62.43400032043458,63.960000610351564,126.39400093078615,2.551429231390499e-09,0
43,80.96000061035157,523.600001525879,534.6000061035156,1058.2000076293946,1.0,0,1,1.0,1.0,1.0,1,1,1,1,1,3,3,0,0.0,0.0,621.2823272705078,610.9316238037109,1,19,2,2024-04-07,52.3600001525879,53.460000610351564,105.82000076293946,0.0025259878250062386,0
44,48.055920611572176,468.6000015258789,479.6000061035156,948.2000076293946,1.0,0,1,1.0,1.0,1.0,1,1,1,1,1,0,0,6,0.0,0.0,537.0974554740905,608.779246282959,1,19,2,2024-04-07,46.860000152587894,47.960000610351564,94.82000076293946,1.0170379369246187e-09,0
45,44.26271126280208,396.96667226155597,407.6000061035156,804.5666783650715,1.0,0,1,1.0,1.0,1.0,1,1,1,1,1,0,0,6,0.0,0.0,511.5373858627675,603.6289131512603,1,19,2,2024-04-07,39.6966672261556,40.76000061035157,80.45666783650717,8.594850300578026e-10,0
46,60.56000061035157,385.6000061035156,385.6000061035156,771.2000122070312,1.0,0,1,1.0,1.0,1.0,1,1,1,1,1,0,1,5,0.0,0.0,530.9911529541016,606.6316115966796,1,19,2,2024-04-07,38.560000610351565,38.560000610351565,77.12000122070313,0.001666668018694536,0
47,117.56321078068686,374.7000045776367,374.7000045776367,749.4000091552734,1.0,0,1,1.0,1.0,1.0,1,1,1,1,1,4,2,0,0.0,0.0,511.9999173236556,472.12840142634434,1,19,2,2024-04-07,37.470000457763675,37.470000457763675,74.94000091552735,0.0033333353132911224,0
0,-250.7600023905436,0.0,259.4000015258789,259.4000015258789,0.0,6,0,0.0,1.0,1.0,1,0,1,0,1,6,0,0,0.0,0.0,0.0,479.151596287028,1,20,0,2024-04-07,0.0,25.940000152587892,25.940000152587892,2.8431308218904568e-08,1
1,-125.95999946594247,0.0,278.60000228881836,278.60000228881836,0.0,6,0,1.0,1.0,0.0,1,0,0,1,1,0,0,6,0.0,0.0,28.345908737182526,368.85159336242685,1,20,0,2024-04-07,0.0,27.860000228881837,27.860000228881837,1.3692383861379477e-09,0
2,0.0,0.0,0.0,0.0,1.0,0,1,1.0,1.0,0.0,1,1,0,1,1,0,0,6,0.0,0.0,137.69097900390625,231.89159389648438,0,20,0,2024-04-07,0.0,0.0,0.0,0.0,0
3,0.0,0.0,0.0,0.0,1.0,0,1,1.0,1.0,0.0,1,1,0,1,1,0,0,6,0.0,0.0,186.14832903417968,231.89159389648438,0,20,0,2024-04-07,0.0,0.0,0.0,0.0,0
4,0.0,0.0,0.0,0.0,1.0,0,1,1.0,1.0,0.0,1,1,0,1,1,0,0,6,0.0,0.0,185.1915969482422,212.6915969482422,0,20,0,2024-04-07,0.0,0.0,0.0,0.0,0
5,0.0,0.0,0.0,0.0,1.0,0,1,1.0,1.0,0.0,1,1,0,1,1,0,0,6,0.0,0.0,200.17906948242188,240.6915969482422,0,20,0,2024-04-07,0.0,0.0,0.0,0.0,0
6,0.0,0.0,0.0,0.0,1.0,0,1,1.0,1.0,0.0,1,1,0,1,1,0,0,6,0.0,0.0,211.19406887207032,240.6915969482422,0,20,0,2024-04-07,0.0,0.0,0.0,0.0,0
7,0.0,0.0,0.0,0.0,1.0,0,1,1.0,1.0,0.0,1,1,0,1,1,0,0,6,0.0,0.0,213.1915969482422,240.6915969482422,0,20,0,2024-04-07,0.0,0.0,0.0,0.0,0
8,0.0,0.0,0.0,0.0,1.0,0,1,1.0,1.0,0.0,1,1,0,1,1,0,0,6,0.0,0.0,213.1915969482422,234.8777083984375,0,20,0,2024-04-07,0.0,0.0,0.0,0.0,0
9,0.0,0.0,0.0,0.0,1.0,0,1,1.0,1.0,0.0,1,1,0,1,1,0,0,6,0.0,0.0,213.1915969482422,213.75011440429688,0,20,0,2024-04-07,0.0,0.0,0.0,0.0,0
10,0.0,0.0,0.0,0.0,1.0,0,1,1.0,1.0,0.0,1,1,0,1,1,0,0,6,0.0,0.0,174.6915969482422,152.40245815429688,0,20,0,2024-04-07,0.0,0.0,0.0,0.0,0
11,0.0,0.0,0.0,0.0,1.0,0,1,1.0,1.0,0.0,1,1,0,1,1,0,0,6,0.0,0.0,175.75547023925782,143.67772670898438,0,20,0,2024-04-07,0.0,0.0,0.0,0.0,0
12,0.0,0.0,0.0,0.0,1.0,0,1,1.0,1.0,0.0,1,1,0,1,1,0,0,6,0.0,0.0,185.23973842773438,142.62496181640626,0,20,0,2024-04-07,0.0,0.0,0.0,0.0,0
13,0.0,0.0,0.0,0.0,1.0,0,1,1.0,1.0,0.0,1,1,0,1,1,0,0,6,0.0,0.0,199.00597377929688,151.3732375732422,0,20,0,2024-04-07,0.0,0.0,0.0,0.0,0
14,0.0,0.0,0.0,0.0,1.0,0,1,1.0,1.0,0.0,1,1,0,1,1,0,0,6,0.0,0.0,369.499656640625,314.8915938964844,0,20,0,2024-04-07,0.0,0.0,0.0,0.0,0
15,0.0,0.0,0.0,0.0,1.0,0,1,1.0,1.0,0.0,1,1,0,1,1,0,0,6,0.0,0.0,403.02593227539063,334.556785546875,0,20,0,2024-04-07,0.0,0.0,0.0,0.0,0
16,0.0,0.0,0.0,0.0,1.0,0,1,1.0,1.0,0.0,1,1,0,1,1,0,0,6,0.0,0.0,582.3032455078124,482.447898828125,0,20,0,2024-04-07,0.0,0.0,0.0,0.0,0
17,93.70000457763669,291.2000045776367,250.0,541.2000045776367,1.0,0,1,1.0,1.0,1.0,1,1,1,1,1,0,0,6,0.0,0.0,808.8771514526367,473.1197814575195,1,20,0,2024-04-07,29.120000457763673,25.0,54.12000045776367,5.251609236881821e-17,0
18,49.976773977307424,307.7000045776367,307.70000084809726,615.400005425734,1.0,0,1,1.0,1.0,1.0,1,1,1,1,1,6,0,0,0.0,0.0,926.3460707664132,719.1909124484738,1,20,0,2024-04-07,30.770000457763672,30.770000084809727,61.5400005425734,2.711988625123651e-09,0
19,56.0650005340576,354.4000053405762,331.48333867390954,685.8833440144857,1.0,0,1,1.0,1.0,1.0,1,1,1,1,1,6,0,0,0.0,0.0,1064.6297975664138,888.2868289581298,1,20,0,2024-04-07,35.44000053405762,33.14833386739095,68.58833440144858,2.780864465140536e-09,0
20,45.88000068664555,458.8000068664551,458.8000068664551,917.6000137329102,1.0,0,1,1.0,1.0,1.0,1,1,1,1,1,0,0,6,0.0,0.0,1090.5739704132081,966.5047877899169,1,20,0,2024-04-07,45.88000068664551,45.88000068664551,91.76000137329102,4.157254542281278e-10,0
21,64.52000160217287,453.200008392334,453.200008392334,906.400016784668,1.0,0,1,1.0,1.0,1.0,1,1,1,1,1,0,6,0,0.0,0.0,1172.4808170318604,1020.8907878509522,1,20,0,2024-04-07,45.3200008392334,45.3200008392334,90.6400016784668,2.946037091169704e-09,0
22,53.081676239418,523.9000015258789,530.700008392334,1054.600009918213,1.0,0,1,1.0,1.0,1.0,1,1,1,1,1,0,0,6,0.0,0.0,1191.0344997591246,1072.0544550105822,1,20,0,2024-04-07,52.390000152587895,53.0700008392334,105.46000099182129,2.311172888816379e-10,0
23,97.02000160217284,503.200008392334,503.200008392334,1006.400016784668,1.0,0,1,1.0,1.0,1.0,1,1,1,1,1,0,6,0,0.0,0.0,1294.1336238543192,1096.7902019134522,1,20,0,2024-04-07,50.3200008392334,50.3200008392334,100.6400016784668,2.653306888683733e-09,0
24,63.840000915527256,629.8000091552734,638.4000091552734,1268.200018310547,1.0,0,1,1.0,1.0,1.0,1,1,1,1,1,0,0,6,0.0,0.0,1281.6184661499024,1100.261996830365,1,20,0,2024-04-07,62.98000091552734,63.84000091552735,126.8200018310547,6.015922993236214e-10,0
25,99.59000091552731,610.9000091552734,610.9000091552734,1221.8000183105469,1.0,0,1,1.0,1.0,1.0,1,1,1,1,1,0,6,0,0.0,0.0,1360.6771819702149,1084.7824487183857,1,20,0,2024-04-07,61.09000091552735,61.09000091552735,122.1800018310547,0.08333333270889445,0
26,69.94004374657202,699.4000091552734,699.3999615652239,1398.7999707204972,1.0,0,1,1.0,1.0,1.0,1,1,1,1,1,3,3,0,0.0,0.0,1342.695803902822,1141.1547639075861,1,20,0,2024-04-07,69.94000091552735,69.93999615652238,139.87999707204972,0.11265540947398381,0
27,71.59000091552724,715.9000091552734,715.9000091552734,1431.8000183105469,1.0,0,1,1.0,1.0,1.0,1,1,1,1,1,0,6,0,0.0,0.0,1306.9093597045899,1148.563661165714,1,20,0,2024-04-07,71.59000091552734,71.59000091552734,143.18000183105468,0.03589743703145722,0
28,81.37113339591518,715.9000091552734,705.0320841770645,1420.932093332338,0.8333333333333334,1,0,1.0,0.6666666666666666,1.0,0,0,1,1,0,3,3,0,0.0,0.0,1310.9462294896653,1166.3570919181539,1,20,0,2024-04-07,71.59000091552734,70.50320841770645,142.0932093332338,0.10559638107862629,0
29,73.24009747053746,732.4000091552734,732.3999018719289,1464.7999110272024,1.0,0,1,1.0,1.0,1.0,1,1,1,1,1,0,0,6,0.0,0.0,1278.4323810642875,1120.3467173732126,1,20,0,2024-04-07,73.24000091552735,73.2399901871929,146.47999110272025,2.8989558435076975e-10,0
30,113.57000236511233,742.5266787211101,751.700008392334,1494.226687113444,1.0,0,1,1.0,1.0,1.0,1,1,1,1,1,6,0,0,0.0,0.0,1286.2636058807373,1093.2467929473878,1,20,0,2024-04-07,74.25266787211102,75.1700008392334,149.42266871134441,1.7870702849482074e-09,0
31,146.50534281302987,762.3266779581706,706.6607386848495,1468.9874166430202,1.0,0,1,1.0,1.0,1.0,1,1,1,1,1,6,0,0,0.0,0.0,1297.4212363677175,1097.0072532807203,1,20,0,2024-04-07,76.23266779581706,70.66607386848496,146.89874166430204,1.5227210046103641e-09,0
32,94.75000076293951,0.0,837.5000076293945,837.5000076293945,1.0,0,1,1.0,1.0,1.0,1,1,1,1,1,0,0,6,0.0,0.0,1235.717407989502,1147.5804664245607,1,20,0,2024-04-07,0.0,83.75000076293946,83.75000076293946,9.109725375236765e-10,0
33,139.57000083923333,839.8966757456461,845.700008392334,1685.59668413798,1.0,0,1,1.0,1.0,1.0,1,1,1,1,1,0,6,0,0.0,0.0,1189.4657527923582,1158.2532641998291,1,20,0,2024-04-07,83.98966757456462,84.5700008392334,168.55966841379802,3.847293650254804e-09,0
34,683.9000091552734,908.9000091552734,250.0,1158.9000091552734,0.3333333333333333,4,0,1.0,0.3333333333333333,1.0,0,0,1,1,0,0,6,0,0.0,0.0,1700.8921966552734,432.1368789306641,1,20,0,2024-04-07,90.89000091552735,25.0,115.89000091552735,1.3166613980460823e-08,0
35,90.60980482670658,840.200008392334,840.200008392334,1680.400016784668,1.0,0,1,1.0,1.0,1.0,1,1,1,1,1,6,0,0,0.0,0.0,1219.035219865769,1074.1234943920435,1,20,0,2024-04-07,84.0200008392334,84.0200008392334,168.0400016784668,1.535713403612018e-09,0
36,85.12000083923337,842.600008392334,851.200008392334,1693.800016784668,1.0,0,1,1.0,1.0,1.0,1,1,1,1,1,0,6,0,0.0,0.0,1107.987798690796,1021.6701831451417,1,20,0,2024-04-07,84.2600008392334,85.1200008392334,169.3800016784668,1.1260766574172786e-09,0
37,164.12258185107456,721.6333368937175,722.0000076293945,1443.633344523112,1.0,0,1,1.0,1.0,1.0,1,1,1,1,1,0,6,0,0.0,0.0,1134.5866931791995,993.242187094238,1,20,0,2024-04-07,72.16333368937175,72.20000076293945,144.36333445231122,5.02915341742693e-09,0
38,85.6400012969971,664.0333346048991,664.4000053405762,1328.4333399454754,1.0,0,1,1.0,1.0,1.0,1,1,1,1,1,6,0,0,0.0,0.0,920.3334827423096,948.843542062378,1,20,0,2024-04-07,66.40333346048992,66.44000053405762,132.84333399454755,1.4357880097412305e-09,0
39,108.47000120347913,617.3333338419596,617.7000045776367,1235.0333384195965,1.0,0,1,1.0,1.0,1.0,1,1,1,1,1,0,0,6,0.0,0.0,898.4040221995729,894.7463302418333,1,20,0,2024-04-07,61.733333384195966,61.77000045776367,123.50333384195966,1.3946179358495367e-11,0
40,123.42774354255766,659.0333346048991,659.4000053405762,1318.4333399454754,1.0,0,1,1.0,1.0,1.0,1,1,1,1,1,6,0,0,0.0,0.0,880.7064911011514,796.7956069457235,1,20,0,2024-04-07,65.90333346048992,65.94000053405762,131.84333399454755,1.1666597667556806e-09,0
41,98.6100006103515,597.4733370463053,601.1000061035156,1198.573343149821,1.0,0,1,1.0,1.0,1.0,1,1,1,1,1,0,0,6,0.0,0.0,895.4370880126953,813.2031325927735,1,20,0,2024-04-07,59.747333704630535,60.11000061035156,119.85733431498211,4.742589945428364e-17,0
42,149.37474382543942,624.3400032043457,639.6000061035156,1263.9400093078614,1.0,0,1,1.0,1.0,1.0,1,1,1,1,1,6,0,0,0.0,0.0,889.6310304465331,729.1378522683106,1,20,0,2024-04-07,62.43400032043458,63.960000610351564,126.39400093078615,2.551429231390499e-09,0
43,80.96000061035157,523.600001525879,534.6000061035156,1058.2000076293946,1.0,0,1,1.0,1.0,1.0,1,1,1,1,1,6,0,0,0.0,0.0,729.7657257080078,760.9430984130859,1,20,0,2024-04-07,52.3600001525879,53.460000610351564,105.82000076293946,0.038061731033202185,0
44,48.055920611572176,468.6000015258789,479.6000061035156,948.2000076293946,1.0,0,1,1.0,1.0,1.0,1,1,1,1,1,0,0,6,0.0,0.0,645.1341066467285,730.4370221618652,1,20,0,2024-04-07,46.860000152587894,47.960000610351564,94.82000076293946,1.0170379369246187e-09,0
45,44.26271126280208,396.96667226155597,407.6000061035156,804.5666783650715,1.0,0,1,1.0,1.0,1.0,1,1,1,1,1,3,0,3,0.0,0.0,553.6753699542083,705.5271065106353,1,20,0,2024-04-07,39.6966672261556,40.76000061035157,80.45666783650717,0.060725156956019315,0
46,60.56000061035157,385.6000061035156,385.6000061035156,771.2000122070312,1.0,0,1,1.0,1.0,1.0,1,1,1,1,1,0,0,6,0.0,0.0,571.5523101806641,685.1664626708983,1,20,0,2024-04-07,38.560000610351565,38.560000610351565,77.12000122070313,9.89288681407059e-10,0
47,117.56321078068686,374.7000045776367,374.7000045776367,749.4000091552734,0.8333333333333334,1,0,0.8333333333333334,1.0,1.0,0,0,1,0,1,6,0,0,0.0,0.0,565.21241122014,552.1352983990006,1,20,0,2024-04-07,37.470000457763675,37.470000457763675,74.94000091552735,0.08205128316708388,0
0,-250.7600023905436,0.0,259.4000015258789,259.4000015258789,0.0,6,0,0.0,1.0,1.0,1,0,1,0,1,6,0,0,0.0,0.0,0.0,590.8516084940593,1,20,1,2024-04-07,0.0,25.940000152587892,25.940000152587892,2.8431308218904568e-08,0
1,-125.95999946594247,0.0,278.60000228881836,278.60000228881836,0.0,6,0,1.0,1.0,0.0,1,0,0,1,1,0,0,6,0.0,0.0,52.065085983276276,466.0516055694581,1,20,1,2024-04-07,0.0,27.860000228881837,27.860000228881837,1.3692383861379477e-09,0
2,0.0,0.0,0.0,0.0,1.0,0,1,1.0,1.0,0.0,1,1,0,1,1,0,0,6,0.0,0.0,164.87228393554688,329.09160610351563,0,20,1,2024-04-07,0.0,0.0,0.0,0.0,0
3,0.0,0.0,0.0,0.0,1.0,0,1,1.0,1.0,0.0,1,1,0,1,1,0,0,6,0.0,0.0,198.86240984472656,329.09160610351563,0,20,1,2024-04-07,0.0,0.0,0.0,0.0,0
4,0.0,0.0,0.0,0.0,1.0,0,1,1.0,1.0,0.0,1,1,0,1,1,0,0,6,0.0,0.0,206.2145461669922,329.09160610351563,0,20,1,2024-04-07,0.0,0.0,0.0,0.0,0
5,0.0,0.0,0.0,0.0,1.0,0,1,1.0,1.0,0.0,1,1,0,1,1,0,0,6,0.0,0.0,142.4988479248047,232.39159389648438,0,20,1,2024-04-07,0.0,0.0,0.0,0.0,0
6,0.0,0.0,0.0,0.0,1.0,0,1,1.0,1.0,0.0,1,1,0,1,1,0,0,6,0.0,0.0,108.0589828125,182.39159389648438,0,20,1,2024-04-07,0.0,0.0,0.0,0.0,0
7,0.0,0.0,0.0,0.0,1.0,0,1,1.0,1.0,0.0,1,1,0,1,1,0,0,6,0.0,0.0,106.05335231933594,174.1915969482422,0,20,1,2024-04-07,0.0,0.0,0.0,0.0,0
8,0.0,0.0,0.0,0.0,1.0,0,1,1.0,1.0,0.0,1,1,0,1,1,0,0,6,0.0,0.0,124.19159694824219,174.1915969482422,0,20,1,2024-04-07,0.0,0.0,0.0,0.0,0
9,0.0,0.0,0.0,0.0,1.0,0,1,1.0,1.0,0.0,1,1,0,1,1,0,0,6,0.0,0.0,113.19159694824219,163.1915969482422,0,20,1,2024-04-07,0.0,0.0,0.0,0.0,0
10,0.0,0.0,0.0,0.0,1.0,0,1,1.0,1.0,0.0,1,1,0,1,1,0,0,6,0.0,0.0,113.19159694824219,163.1915969482422,0,20,1,2024-04-07,0.0,0.0,0.0,0.0,0
11,0.0,0.0,0.0,0.0,1.0,0,1,1.0,1.0,0.0,1,1,0,1,1,0,0,6,0.0,0.0,140.6915969482422,190.6915969482422,0,20,1,2024-04-07,0.0,0.0,0.0,0.0,0
12,0.0,0.0,0.0,0.0,1.0,0,1,1.0,1.0,0.0,1,1,0,1,1,0,0,6,0.0,0.0,195.92603298339844,251.6915969482422,0,20,1,2024-04-07,0.0,0.0,0.0,0.0,0
13,0.0,0.0,0.0,0.0,1.0,0,1,1.0,1.0,0.0,1,1,0,1,1,0,0,6,0.0,0.0,194.44066616210938,251.6915969482422,0,20,1,2024-04-07,0.0,0.0,0.0,0.0,0
14,0.0,0.0,0.0,0.0,1.0,0,1,1.0,1.0,0.0,1,1,0,1,1,0,0,6,0.0,0.0,236.81395717773438,274.4313735595703,0,20,1,2024-04-07,0.0,0.0,0.0,0.0,0
15,0.0,0.0,0.0,0.0,1.0,0,1,1.0,1.0,0.0,1,1,0,1,1,0,0,6,0.0,0.0,318.31941982421876,357.81819912109376,0,20,1,2024-04-07,0.0,0.0,0.0,0.0,0
16,0.0,0.0,0.0,0.0,1.0,0,1,1.0,1.0,0.0,1,1,0,1,1,0,0,6,0.0,0.0,459.9201888671875,469.69158168945313,0,20,1,2024-04-07,0.0,0.0,0.0,0.0,0
17,93.70000457763669,291.2000045776367,250.0,541.2000045776367,1.0,0,1,1.0,1.0,1.0,1,1,1,1,1,0,0,6,0.0,0.0,669.4220656982421,472.69161983642573,1,20,1,2024-04-07,29.120000457763673,25.0,54.12000045776367,5.251609236881821e-17,0
18,49.976773977307424,307.7000045776367,307.70000084809726,615.400005425734,1.0,0,1,1.0,1.0,1.0,1,1,1,1,1,6,0,0,0.0,0.0,696.2920205593387,602.2741644015988,1,20,1,2024-04-07,30.770000457763672,30.770000084809727,61.5400005425734,2.711988625123651e-09,0
19,56.0650005340576,354.4000053405762,331.48333867390954,685.8833440144857,1.0,0,1,1.0,1.0,1.0,1,1,1,1,1,6,0,0,0.0,0.0,734.5605449676514,695.4403934112548,1,20,1,2024-04-07,35.44000053405762,33.14833386739095,68.58833440144858,2.780864465140536e-09,0
20,45.88000068664555,458.8000068664551,458.8000068664551,917.6000137329102,1.0,0,1,1.0,1.0,1.0,1,1,1,1,1,0,0,6,0.0,0.0,737.945796585083,740.3116115203857,1,20,1,2024-04-07,45.88000068664551,45.88000068664551,91.76000137329102,4.157254542281278e-10,0
21,64.52000160217287,453.200008392334,453.200008392334,906.400016784668,1.0,0,1,1.0,1.0,1.0,1,1,1,1,1,0,6,0,0.0,0.0,783.7505313873291,785.3715617767333,1,20,1,2024-04-07,45.3200008392334,45.3200008392334,90.6400016784668,2.946037091169704e-09,0
22,53.081676239418,523.9000015258789,530.700008392334,1054.600009918213,1.0,0,1,1.0,1.0,1.0,1,1,1,1,1,0,0,6,0.0,0.0,860.8928851805598,931.9099237605819,1,20,1,2024-04-07,52.390000152587895,53.0700008392334,105.46000099182129,2.311172888816379e-10,0
23,97.02000160217284,503.200008392334,503.200008392334,1006.400016784668,1.0,0,1,1.0,1.0,1.0,1,1,1,1,1,0,6,0,0.0,0.0,989.3238956451416,973.6470134368897,1,20,1,2024-04-07,50.3200008392334,50.3200008392334,100.6400016784668,2.653306888683733e-09,0
24,63.840000915527256,629.8000091552734,638.4000091552734,1268.200018310547,1.0,0,1,1.0,1.0,1.0,1,1,1,1,1,0,0,6,0.0,0.0,1009.0625443267821,1082.6673461547853,1,20,1,2024-04-07,62.98000091552734,63.84000091552735,126.8200018310547,6.015922993236214e-10,0
25,99.59000091552731,610.9000091552734,610.9000091552734,1221.8000183105469,1.0,0,1,1.0,1.0,1.0,1,1,1,1,1,0,6,0,0.0,0.0,1040.6019195858637,1043.1016723266603,1,20,1,2024-04-07,61.09000091552735,61.09000091552735,122.1800018310547,0.08333333270889445,0
26,69.94004374657202,699.4000091552734,699.3999615652239,1398.7999707204972,1.0,0,1,1.0,1.0,1.0,1,1,1,1,1,3,3,0,0.0,0.0,1063.4504807582907,1100.2516294956156,1,20,1,2024-04-07,69.94000091552735,69.93999615652238,139.87999707204972,0.11265540947398381,0
27,71.59000091552724,715.9000091552734,715.9000091552734,1431.8000183105469,1.0,0,1,1.0,1.0,1.0,1,1,1,1,1,0,6,0,0.0,0.0,1077.6107479826608,1071.2485229125978,1,20,1,2024-04-07,71.59000091552734,71.59000091552734,143.18000183105468,0.03589743703145722,0
28,81.37113339591518,715.9000091552734,705.0320841770645,1420.932093332338,1.0,0,1,1.0,1.0,1.0,1,1,1,1,1,3,3,0,0.0,0.0,1088.2334026321619,1074.9827712915849,1,20,1,2024-04-07,71.59000091552734,70.50320841770645,142.0932093332338,0.10559638107862629,0
29,73.24009747053746,732.4000091552734,732.3999018719289,1464.7999110272024,1.0,0,1,1.0,1.0,1.0,1,1,1,1,1,0,0,6,0.0,0.0,1074.476303525225,1026.8401255763376,1,20,1,2024-04-07,73.24000091552735,73.2399901871929,146.47999110272025,2.8989558435076975e-10,0
30,113.57000236511233,742.5266787211101,751.700008392334,1494.226687113444,1.0,0,1,1.0,1.0,1.0,1,1,1,1,1,6,0,0,0.0,0.0,1129.1539117240907,993.8649570098877,1,20,1,2024-04-07,74.25266787211102,75.1700008392334,149.42266871134441,1.7870702849482074e-09,0
31,146.50534281302987,762.3266779581706,706.6607386848495,1468.9874166430202,1.0,0,1,1.0,1.0,1.0,1,1,1,1,1,6,0,0,0.0,0.0,1086.4414867716532,946.4637962494702,1,20,1,2024-04-07,76.23266779581706,70.66607386848496,146.89874166430204,1.5227210046103641e-09,0
32,94.75000076293951,0.0,837.5000076293945,837.5000076293945,1.0,0,1,1.0,1.0,1.0,1,1,1,1,1,0,0,6,0.0,0.0,951.052124786377,956.9416114440918,1,20,1,2024-04-07,0.0,83.75000076293946,83.75000076293946,9.109725375236765e-10,0
33,139.57000083923333,839.8966757456461,845.700008392334,1685.59668413798,1.0,0,1,1.0,1.0,1.0,1,1,1,1,1,0,6,0,0.0,0.0,932.8324520111083,847.1400439849854,1,20,1,2024-04-07,83.98966757456462,84.5700008392334,168.55966841379802,3.847293650254804e-09,0
34,683.9000091552734,908.9000091552734,250.0,1158.9000091552734,1.0,0,1,1.0,1.0,1.0,1,1,1,1,1,0,6,0,0.0,0.029261566308593955,1487.9398651123047,242.6846084228515,1,20,1,2024-04-07,90.89000091552735,25.0,115.89000091552735,1.3166613980460823e-08,0
35,90.60980482670658,840.200008392334,840.200008392334,1680.400016784668,1.0,0,1,1.0,1.0,1.0,1,1,1,1,1,6,0,0,0.0,0.0011796308102797741,920.7136256274878,839.2088825756371,1,20,1,2024-04-07,84.0200008392334,84.0200008392334,168.0400016784668,1.535713403612018e-09,0
36,85.12000083923337,842.600008392334,851.200008392334,1693.800016784668,1.0,0,1,1.0,1.0,1.0,1,1,1,1,1,0,6,0,0.0,0.0,914.9235286712646,868.084367715454,1,20,1,2024-04-07,84.2600008392334,85.1200008392334,169.3800016784668,1.1260766574172786e-09,0
37,164.12258185107456,721.6333368937175,722.0000076293945,1443.633344523112,1.0,0,1,1.0,1.0,1.0,1,1,1,1,1,0,6,0,0.0,0.0,1001.6361926909183,810.2204585786129,1,20,1,2024-04-07,72.16333368937175,72.20000076293945,144.36333445231122,5.02915341742693e-09,0
38,85.6400012969971,664.0333346048991,664.4000053405762,1328.4333399454754,1.0,0,1,1.0,1.0,1.0,1,1,1,1,1,6,0,0,0.0,0.0,930.4084339141846,874.3728389373779,1,20,1,2024-04-07,66.40333346048992,66.44000053405762,132.84333399454755,1.4357880097412305e-09,0
39,108.47000120347913,617.3333338419596,617.7000045776367,1235.0333384195965,1.0,0,1,1.0,1.0,1.0,1,1,1,1,1,0,0,6,0.0,0.0,846.0976257151979,719.8143234058958,1,20,1,2024-04-07,61.733333384195966,61.77000045776367,123.50333384195966,1.3946179358495367e-11,0
40,123.42774354255766,659.0333346048991,659.4000053405762,1318.4333399454754,1.0,0,1,1.0,1.0,1.0,1,1,1,1,1,6,0,0,0.0,0.040084978616205275,825.7235199097452,632.9679702269735,1,20,1,2024-04-07,65.90333346048992,65.94000053405762,131.84333399454755,1.1666597667556806e-09,0
41,98.6100006103515,597.4733370463053,601.1000061035156,1198.573343149821,1.0,0,1,1.0,1.0,1.0,1,1,1,1,1,0,0,6,0.0,0.03306868441113275,692.3614654541016,581.2224197021485,1,20,1,2024-04-07,59.747333704630535,60.11000061035156,119.85733431498211,4.742589945428364e-17,0
42,149.37474382543942,624.3400032043457,639.6000061035156,1263.9400093078614,1.0,0,1,1.0,1.0,1.0,1,1,1,1,1,6,0,0,0.0,0.33779894770047714,670.1514202831623,423.5437970925293,1,20,1,2024-04-07,62.43400032043458,63.960000610351564,126.39400093078615,2.551429231390499e-09,0
43,80.96000061035157,523.600001525879,534.6000061035156,1058.2000076293946,1.0,0,1,1.0,1.0,1.0,1,1,1,1,1,6,0,0,0.022591630582297167,0.09022468502132105,511.77102371851606,486.3658889404296,1,20,1,2024-04-07,52.3600001525879,53.460000610351564,105.82000076293946,0.038061731033202185,0
44,48.055920611572176,468.6000015258789,479.6000061035156,948.2000076293946,1.0,0,1,1.0,1.0,1.0,1,1,1,1,1,0,0,6,0.0,0.0,504.02383561725605,546.393259954834,1,20,1,2024-04-07,46.860000152587894,47.960000610351564,94.82000076293946,1.0170379369246187e-09,0
45,44.26271126280208,396.96667226155597,407.6000061035156,804.5666783650715,0.5,3,0,0.0,1.0,1.0,0,0,1,0,1,3,0,3,0.0,0.0,415.6514136553802,431.16644977235416,1,20,1,2024-04-07,39.6966672261556,40.76000061035157,80.45666783650717,0.060725156956019315,0
46,60.56000061035157,385.6000061035156,385.6000061035156,771.2000122070312,1.0,0,1,1.0,1.0,1.0,1,1,1,1,1,0,0,6,0.0,0.0,444.52862854003905,392.80977321777345,1,20,1,2024-04-07,38.560000610351565,38.560000610351565,77.12000122070313,9.89288681407059e-10,0
47,117.56321078068686,374.7000045776367,374.7000045776367,749.4000091552734,0.8333333333333334,1,0,0.8333333333333334,1.0,1.0,0,0,1,0,1,6,0,0,0.0,0.0,536.0843899799056,384.94901910212565,1,20,1,2024-04-07,37.470000457763675,37.470000457763675,74.94000091552735,0.08205128316708388,0
0,-250.7600023905436,0.0,259.4000015258789,259.4000015258789,0.0,6,0,0.0,1.0,1.0,1,0,1,0,1,6,0,0,0.0,0.0,0.0,507.9515993387858,1,20,2,2024-04-07,0.0,25.940000152587892,25.940000152587892,2.8431308218904568e-08,1
1,-125.95999946594247,0.0,278.60000228881836,278.60000228881836,0.0,6,0,1.0,1.0,0.0,1,0,0,1,1,0,0,6,0.0,0.0,58.33390007019034,394.15159641418467,1,20,2,2024-04-07,0.0,27.860000228881837,27.860000228881837,1.3692383861379477e-09,0
2,0.0,0.0,0.0,0.0,1.0,0,1,1.0,1.0,0.0,1,1,0,1,1,0,0,6,0.0,0.0,189.2365264892578,287.3915938964844,0,20,2,2024-04-07,0.0,0.0,0.0,0.0,0
3,0.0,0.0,0.0,0.0,1.0,0,1,1.0,1.0,0.0,1,1,0,1,1,0,0,6,0.0,0.0,234.66241289648437,287.3915938964844,0,20,2,2024-04-07,0.0,0.0,0.0,0.0,0
4,0.0,0.0,0.0,0.0,1.0,0,1,1.0,1.0,0.0,1,1,0,1,1,0,0,6,0.0,0.0,226.39159389648438,276.3915938964844,0,20,2,2024-04-07,0.0,0.0,0.0,0.0,0
5,0.0,0.0,0.0,0.0,1.0,0,1,1.0,1.0,0.0,1,1,0,1,1,0,0,6,0.0,0.0,207.1915969482422,257.1915969482422,0,20,2,2024-04-07,0.0,0.0,0.0,0.0,0
6,0.0,0.0,0.0,0.0,1.0,0,1,1.0,1.0,0.0,1,1,0,1,1,0,0,6,0.0,0.0,207.1915969482422,257.1915969482422,0,20,2,2024-04-07,0.0,0.0,0.0,0.0,0
7,0.0,0.0,0.0,0.0,1.0,0,1,1.0,1.0,0.0,1,1,0,1,1,0,0,6,0.0,0.0,207.1915969482422,246.96504970703126,0,20,2,2024-04-07,0.0,0.0,0.0,0.0,0
8,0.0,0.0,0.0,0.0,1.0,0,1,1.0,1.0,0.0,1,1,0,1,1,0,0,6,0.0,0.0,207.1915969482422,228.66452785644532,0,20,2,2024-04-07,0.0,0.0,0.0,0.0,0
9,0.0,0.0,0.0,0.0,1.0,0,1,1.0,1.0,0.0,1,1,0,1,1,0,0,6,0.0,0.0,207.1915969482422,188.0788802734375,0,20,2,2024-04-07,0.0,0.0,0.0,0.0,0
10,0.0,0.0,0.0,0.0,1.0,0,1,1.0,1.0,0.0,1,1,0,1,1,0,0,6,0.0,0.0,182.92008205566407,105.4916,0,20,2,2024-04-07,0.0,0.0,0.0,0.0,0
11,0.0,0.0,0.0,0.0,1.0,0,1,1.0,1.0,0.0,1,1,0,1,1,0,0,6,0.0,0.0,176.66643520507813,155.4916,0,20,2,2024-04-07,0.0,0.0,0.0,0.0,0
12,0.0,0.0,0.0,0.0,1.0,0,1,1.0,1.0,0.0,1,1,0,1,1,0,0,6,0.0,0.0,192.5412826171875,182.9916,0,20,2,2024-04-07,0.0,0.0,0.0,0.0,0
13,0.0,0.0,0.0,0.0,1.0,0,1,1.0,1.0,0.0,1,1,0,1,1,0,0,6,0.0,0.0,190.4945296875,182.9916,0,20,2,2024-04-07,0.0,0.0,0.0,0.0,0
14,0.0,0.0,0.0,0.0,1.0,0,1,1.0,1.0,0.0,1,1,0,1,1,0,0,6,0.0,0.0,196.74047084960938,167.1455306640625,0,20,2,2024-04-07,0.0,0.0,0.0,0.0,0
15,0.0,0.0,0.0,0.0,1.0,0,1,1.0,1.0,0.0,1,1,0,1,1,0,0,6,0.0,0.0,201.38083645019532,162.52506252441407,0,20,2,2024-04-07,0.0,0.0,0.0,0.0,0
16,0.0,0.0,0.0,0.0,1.0,0,1,1.0,1.0,0.0,1,1,0,1,1,0,0,6,0.0,0.0,362.5943526855469,306.69161220703126,0,20,2,2024-04-07,0.0,0.0,0.0,0.0,0
17,93.70000457763669,291.2000045776367,250.0,541.2000045776367,1.0,0,1,1.0,1.0,1.0,1,1,1,1,1,0,0,6,0.0,0.0,555.2728423706054,329.4613655579234,1,20,2,2024-04-07,29.120000457763673,25.0,54.12000045776367,5.251609236881821e-17,0
18,49.976773977307424,307.7000045776367,307.70000084809726,615.400005425734,1.0,0,1,1.0,1.0,1.0,1,1,1,1,1,6,0,0,0.0,0.0,550.2827965847293,449.2574174574877,1,20,2,2024-04-07,30.770000457763672,30.770000084809727,61.5400005425734,2.711988625123651e-09,0
19,56.0650005340576,354.4000053405762,331.48333867390954,685.8833440144857,1.0,0,1,1.0,1.0,1.0,1,1,1,1,1,6,0,0,0.0,0.0,724.8434657684326,661.4099979034423,1,20,2,2024-04-07,35.44000053405762,33.14833386739095,68.58833440144858,2.780864465140536e-09,0
20,45.88000068664555,458.8000068664551,458.8000068664551,917.6000137329102,1.0,0,1,1.0,1.0,1.0,1,1,1,1,1,0,0,6,0.0,0.0,853.1642264413198,790.6571315399169,1,20,2,2024-04-07,45.88000068664551,45.88000068664551,91.76000137329102,4.157254542281278e-10,0
21,64.52000160217287,453.200008392334,453.200008392334,906.400016784668,1.0,0,1,1.0,1.0,1.0,1,1,1,1,1,0,6,0,0.0,0.0,838.9582220871608,757.9409587493896,1,20,2,2024-04-07,45.3200008392334,45.3200008392334,90.6400016784668,2.946037091169704e-09,0
22,53.081676239418,523.9000015258789,530.700008392334,1054.600009918213,1.0,0,1,1.0,1.0,1.0,1,1,1,1,1,0,0,6,0.0,0.0,884.6601707802048,825.3168451473007,1,20,2,2024-04-07,52.390000152587895,53.0700008392334,105.46000099182129,2.311172888816379e-10,0
23,97.02000160217284,503.200008392334,503.200008392334,1006.400016784668,1.0,0,1,1.0,1.0,1.0,1,1,1,1,1,0,6,0,0.0,0.0,991.0427066802979,814.3837077728272,1,20,2,2024-04-07,50.3200008392334,50.3200008392334,100.6400016784668,2.653306888683733e-09,0
24,63.840000915527256,629.8000091552734,638.4000091552734,1268.200018310547,1.0,0,1,1.0,1.0,1.0,1,1,1,1,1,0,0,6,0.0,0.0,896.8440210247039,834.2515746704102,1,20,2,2024-04-07,62.98000091552734,63.84000091552735,126.8200018310547,6.015922993236214e-10,0
25,99.59000091552731,610.9000091552734,610.9000091552734,1221.8000183105469,1.0,0,1,1.0,1.0,1.0,1,1,1,1,1,0,6,0,0.0,0.0,940.1500656025162,828.0856811157227,1,20,2,2024-04-07,61.09000091552735,61.09000091552735,122.1800018310547,0.08333333270889445,0
26,69.94004374657202,699.4000091552734,699.3999615652239,1398.7999707204972,1.0,0,1,1.0,1.0,1.0,1,1,1,1,1,3,3,0,0.0,0.0,948.4303009731344,866.9793757379296,1,20,2,2024-04-07,69.94000091552735,69.93999615652238,139.87999707204972,0.11265540947398381,0
27,71.59000091552724,715.9000091552734,715.9000091552734,1431.8000183105469,1.0,0,1,1.0,1.0,1.0,1,1,1,1,1,0,6,0,0.0,0.0,950.7767913452146,853.4243911855515,1,20,2,2024-04-07,71.59000091552734,71.59000091552734,143.18000183105468,0.03589743703145722,0
28,81.37113339591518,715.9000091552734,705.0320841770645,1420.932093332338,1.0,0,1,1.0,1.0,1.0,1,1,1,1,1,3,3,0,0.0,0.0,970.0078749974776,845.6874603540848,1,20,2,2024-04-07,71.59000091552734,70.50320841770645,142.0932093332338,0.10559638107862629,0
29,73.24009747053746,732.4000091552734,732.3999018719289,1464.7999110272024,1.0,0,1,1.0,1.0,1.0,1,1,1,1,1,0,0,6,0.0,0.0,993.9349445408499,896.9735255763376,1,20,2,2024-04-07,73.24000091552735,73.2399901871929,146.47999110272025,2.8989558435076975e-10,0
30,113.57000236511233,742.5266787211101,751.700008392334,1494.226687113444,1.0,0,1,1.0,1.0,1.0,1,1,1,1,1,6,0,0,0.0,0.0,1009.3172786346436,851.0741571869854,1,20,2,2024-04-07,74.25266787211102,75.1700008392334,149.42266871134441,1.7870702849482074e-09,0
31,146.50534281302987,762.3266779581706,706.6607386848495,1468.9874166430202,1.0,0,1,1.0,1.0,1.0,1,1,1,1,1,6,0,0,0.0,0.0,1040.4522676278898,848.0862327729076,1,20,2,2024-04-07,76.23266779581706,70.66607386848496,146.89874166430204,1.5227210046103641e-09,0
32,94.75000076293951,0.0,837.5000076293945,837.5000076293945,1.0,0,1,1.0,1.0,1.0,1,1,1,1,1,0,0,6,0.0,0.0,993.3688362121583,941.6189796081543,1,20,2,2024-04-07,0.0,83.75000076293946,83.75000076293946,9.109725375236765e-10,0
33,139.57000083923333,839.8966757456461,845.700008392334,1685.59668413798,1.0,0,1,1.0,1.0,1.0,1,1,1,1,1,0,6,0,0.0,0.008374558637117504,957.3466732025146,838.6176440826416,1,20,2,2024-04-07,83.98966757456462,84.5700008392334,168.55966841379802,3.847293650254804e-09,0
34,683.9000091552734,908.9000091552734,250.0,1158.9000091552734,1.0,0,1,1.0,1.0,1.0,1,1,1,1,1,0,6,0,0.0,0.20731820693359396,1486.6751556396484,198.1704482666015,1,20,2,2024-04-07,90.89000091552735,25.0,115.89000091552735,1.3166613980460823e-08,0
35,90.60980482670658,840.200008392334,840.200008392334,1680.400016784668,1.0,0,1,1.0,1.0,1.0,1,1,1,1,1,6,0,0,0.0,0.12957916133101532,846.2762476978003,731.3275959545433,1,20,2,2024-04-07,84.0200008392334,84.0200008392334,168.0400016784668,1.535713403612018e-09,0
36,85.12000083923337,842.600008392334,851.200008392334,1693.800016784668,1.0,0,1,1.0,1.0,1.0,1,1,1,1,1,0,6,0,0.007959665472258952,0.12861320948533972,835.8931941986084,741.7244433990478,1,20,2,2024-04-07,84.2600008392334,85.1200008392334,169.3800016784668,1.1260766574172786e-09,0
37,164.12258185107456,721.6333368937175,722.0000076293945,1443.633344523112,1.0,0,1,1.0,1.0,1.0,1,1,1,1,1,0,6,0,0.0,0.1279023075397707,877.761619937012,629.6545406098629,1,20,2,2024-04-07,72.16333368937175,72.20000076293945,144.36333445231122,5.02915341742693e-09,0
38,85.6400012969971,664.0333346048991,664.4000053405762,1328.4333399454754,1.0,0,1,1.0,1.0,1.0,1,1,1,1,1,6,0,0,0.0,0.08693606296776735,721.8647327423096,606.6396846405029,1,20,2,2024-04-07,66.40333346048992,66.44000053405762,132.84333399454755,1.4357880097412305e-09,0
39,108.47000120347913,617.3333338419596,617.7000045776367,1235.0333384195965,1.0,0,1,1.0,1.0,1.0,1,1,1,1,1,0,0,6,0.0,0.19679969322525237,662.9272765941041,496.13683317152083,1,20,2,2024-04-07,61.733333384195966,61.77000045776367,123.50333384195966,1.3946179358495367e-11,0
40,123.42774354255766,659.0333346048991,659.4000053405762,1318.4333399454754,1.0,0,1,1.0,1.0,1.0,1,1,1,1,1,6,0,0,0.12996660282009548,0.39920328372204217,573.3810109611011,396.16535792228603,1,20,2,2024-04-07,65.90333346048992,65.94000053405762,131.84333399454755,1.1666597667556806e-09,0
41,98.6100006103515,597.4733370463053,601.1000061035156,1198.573343149821,1.0,0,1,1.0,1.0,1.0,1,1,1,1,1,0,0,6,0.22459742693530493,0.3671919412068277,463.28236288325496,380.38092800292975,1,20,2,2024-04-07,59.747333704630535,60.11000061035156,119.85733431498211,4.742589945428364e-17,0
42,149.37474382543942,624.3400032043457,639.6000061035156,1263.9400093078614,1.0,0,1,1.0,1.0,1.0,1,1,1,1,1,6,0,0,0.12383716157021088,0.4483362293162178,547.0235093527832,352.84415109643555,1,20,2,2024-04-07,62.43400032043458,63.960000610351564,126.39400093078615,2.551429231390499e-09,0
43,80.96000061035157,523.600001525879,534.6000061035156,1058.2000076293946,1.0,0,1,1.0,1.0,1.0,1,1,1,1,1,6,0,0,0.07708620513191004,0.17645493814767452,483.23766440118663,440.26719509277336,1,20,2,2024-04-07,52.3600001525879,53.460000610351564,105.82000076293946,0.038061731033202185,0
44,48.055920611572176,468.6000015258789,479.6000061035156,948.2000076293946,1.0,0,1,1.0,1.0,1.0,1,1,1,1,1,0,0,6,0.10618159777866698,0.13153296536617604,418.8433046447753,416.5167951110841,1,20,2,2024-04-07,46.860000152587894,47.960000610351564,94.82000076293946,1.0170379369246187e-09,0
45,44.26271126280208,396.96667226155597,407.6000061035156,804.5666783650715,0.5,3,0,0.0,1.0,1.0,0,0,1,0,1,3,0,3,0.07195022311244995,0.00041986181133945303,368.4048316241302,407.42887042665103,1,20,2,2024-04-07,39.6966672261556,40.76000061035157,80.45666783650717,0.060725156956019315,0
46,60.56000061035157,385.6000061035156,385.6000061035156,771.2000122070312,1.0,0,1,1.0,1.0,1.0,1,1,1,1,1,0,0,6,0.0,0.0,389.0481759397189,391.1315810791016,1,20,2,2024-04-07,38.560000610351565,38.560000610351565,77.12000122070313,9.89288681407059e-10,0
47,117.56321078068686,374.7000045776367,374.7000045776367,749.4000091552734,1.0,0,1,1.0,1.0,1.0,1,1,1,1,1,6,0,0,0.0,0.11049865897655853,464.72322910315467,333.2961565532975,1,20,2,2024-04-07,37.470000457763675,37.470000457763675,74.94000091552735,0.08205128316708388,0
0,-250.7600023905436,0.0,259.4000015258789,259.4000015258789,0.0,6,0,0.0,1.0,1.0,1,0,1,0,1,6,0,0,0.0,0.0,0.0,518.3515932352702,1,21,0,2024-04-07,0.0,25.940000152587892,25.940000152587892,2.8431308218904568e-08,1
1,-125.95999946594247,0.0,278.60000228881836,278.60000228881836,1.0,0,1,1.0,1.0,1.0,1,1,1,1,1,0,0,6,0.0,0.0,53.360618209838776,393.55159031066904,1,21,0,2024-04-07,0.0,27.860000228881837,27.860000228881837,1.3692383861379477e-09,0
2,0.0,0.0,0.0,0.0,1.0,0,1,1.0,1.0,0.0,1,1,0,1,1,0,0,6,0.0,0.0,203.2426300048828,317.59160610351563,0,21,0,2024-04-07,0.0,0.0,0.0,0.0,0
3,0.0,0.0,0.0,0.0,1.0,0,1,1.0,1.0,0.0,1,1,0,1,1,0,0,6,0.0,0.0,264.15742327246096,317.59160610351563,0,21,0,2024-04-07,0.0,0.0,0.0,0.0,0
4,0.0,0.0,0.0,0.0,1.0,0,1,1.0,1.0,0.0,1,1,0,1,1,0,0,6,0.0,0.0,290.08974453125,314.2774581542969,0,21,0,2024-04-07,0.0,0.0,0.0,0.0,0
5,0.0,0.0,0.0,0.0,1.0,0,1,1.0,1.0,0.0,1,1,0,1,1,0,0,6,0.0,0.0,301.5759200683594,312.6282882324219,0,21,0,2024-04-07,0.0,0.0,0.0,0.0,0
6,0.0,0.0,0.0,0.0,1.0,0,1,1.0,1.0,0.0,1,1,0,1,1,0,0,6,0.0,0.0,304.38713833007813,300.77056118164063,0,21,0,2024-04-07,0.0,0.0,0.0,0.0,0
7,0.0,0.0,0.0,0.0,1.0,0,1,1.0,1.0,0.0,1,1,0,1,1,0,0,6,0.0,0.0,283.19136806640626,270.14473720703126,0,21,0,2024-04-07,0.0,0.0,0.0,0.0,0
8,0.0,0.0,0.0,0.0,1.0,0,1,1.0,1.0,0.0,1,1,0,1,1,0,0,6,0.0,0.0,209.89159389648438,188.13907619628907,0,21,0,2024-04-07,0.0,0.0,0.0,0.0,0
9,0.0,0.0,0.0,0.0,1.0,0,1,1.0,1.0,0.0,1,1,0,1,1,0,0,6,0.0,0.0,159.89159389648438,159.89159389648438,0,21,0,2024-04-07,0.0,0.0,0.0,0.0,0
10,0.0,0.0,0.0,0.0,1.0,0,1,1.0,1.0,0.0,1,1,0,1,1,0,0,6,0.0,0.0,140.6915969482422,140.6915969482422,0,21,0,2024-04-07,0.0,0.0,0.0,0.0,0
11,0.0,0.0,0.0,0.0,1.0,0,1,1.0,1.0,0.0,1,1,0,1,1,0,0,6,0.0,0.0,129.6915969482422,129.6915969482422,0,21,0,2024-04-07,0.0,0.0,0.0,0.0,0
12,0.0,0.0,0.0,0.0,1.0,0,1,1.0,1.0,0.0,1,1,0,1,1,0,0,6,0.0,0.0,159.89159389648438,159.89159389648438,0,21,0,2024-04-07,0.0,0.0,0.0,0.0,0
13,0.0,0.0,0.0,0.0,1.0,0,1,1.0,1.0,0.0,1,1,0,1,1,0,0,6,0.0,0.0,196.40917202148438,214.89159389648438,0,21,0,2024-04-07,0.0,0.0,0.0,0.0,0
14,0.0,0.0,0.0,0.0,1.0,0,1,1.0,1.0,0.0,1,1,0,1,1,0,0,6,0.0,0.0,277.26795192871094,276.3534621826172,0,21,0,2024-04-07,0.0,0.0,0.0,0.0,0
15,0.0,0.0,0.0,0.0,1.0,0,1,1.0,1.0,0.0,1,1,0,1,1,0,0,6,0.0,0.0,284.7739181152344,275.4948196044922,0,21,0,2024-04-07,0.0,0.0,0.0,0.0,0
16,0.0,0.0,0.0,0.0,1.0,0,1,1.0,1.0,0.0,1,1,0,1,1,0,0,6,0.0,0.0,365.41692348632813,350.96419521484376,0,21,0,2024-04-07,0.0,0.0,0.0,0.0,0
17,93.70000457763669,291.2000045776367,250.0,541.2000045776367,1.0,0,1,1.0,1.0,1.0,1,1,1,1,1,0,0,6,0.0,0.0,603.496139489746,395.9934386840821,1,21,0,2024-04-07,29.120000457763673,25.0,54.12000045776367,5.251609236881821e-17,0
18,49.976773977307424,307.7000045776367,307.70000084809726,615.400005425734,1.0,0,1,1.0,1.0,1.0,1,1,1,1,1,6,0,0,0.0,0.0,683.2080145372032,566.6895696750363,1,21,0,2024-04-07,30.770000457763672,30.770000084809727,61.5400005425734,2.711988625123651e-09,0
19,56.0650005340576,354.4000053405762,331.48333867390954,685.8833440144857,1.0,0,1,1.0,1.0,1.0,1,1,1,1,1,6,0,0,0.0,0.0,707.3057231903076,587.1631717315673,1,21,0,2024-04-07,35.44000053405762,33.14833386739095,68.58833440144858,2.780864465140536e-09,0
20,45.88000068664555,458.8000068664551,458.8000068664551,917.6000137329102,1.0,0,1,1.0,1.0,1.0,1,1,1,1,1,0,0,6,0.0,0.0,850.6021686553955,762.9603541961669,1,21,0,2024-04-07,45.88000068664551,45.88000068664551,91.76000137329102,4.157254542281278e-10,0
21,64.52000160217287,453.200008392334,453.200008392334,906.400016784668,1.0,0,1,1.0,1.0,1.0,1,1,1,1,1,0,6,0,0.0,0.0,953.0714542388916,785.680582772827,1,21,0,2024-04-07,45.3200008392334,45.3200008392334,90.6400016784668,2.946037091169704e-09,0
22,53.081676239418,523.9000015258789,530.700008392334,1054.600009918213,1.0,0,1,1.0,1.0,1.0,1,1,1,1,1,0,0,6,0.0,0.0,1061.8927724308242,901.4142572566757,1,21,0,2024-04-07,52.390000152587895,53.0700008392334,105.46000099182129,2.311172888816379e-10,0
23,97.02000160217284,503.200008392334,503.200008392334,1006.400016784668,1.0,0,1,1.0,1.0,1.0,1,1,1,1,1,0,6,0,0.0,0.0,1158.4068407344819,935.7223308197022,1,21,0,2024-04-07,50.3200008392334,50.3200008392334,100.6400016784668,0.07692319231762842,0
24,63.840000915527256,629.8000091552734,638.4000091552734,1268.200018310547,1.0,0,1,1.0,1.0,1.0,1,1,1,1,1,1,0,5,0.0,0.0,1127.3573613299916,953.5787231079102,1,21,0,2024-04-07,62.98000091552734,63.84000091552735,126.8200018310547,0.03469274613461534,0
25,99.59000091552731,610.9000091552734,610.9000091552734,1221.8000183105469,1.0,0,1,1.0,1.0,1.0,1,1,1,1,1,0,6,0,0.0,0.0,1225.4668482071152,988.6638061157228,1,21,0,2024-04-07,61.09000091552735,61.09000091552735,122.1800018310547,0.0024999998126683572,0
26,69.94004374657202,699.4000091552734,699.3999615652239,1398.7999707204972,1.0,0,1,1.0,1.0,1.0,1,1,1,1,1,6,0,0,0.0,0.0,1183.380862496572,1025.4166330035787,1,21,0,2024-04-07,69.94000091552735,69.93999615652238,139.87999707204972,0.15787662069311817,0
27,71.59000091552724,715.9000091552734,715.9000091552734,1431.8000183105469,1.0,0,1,1.0,1.0,1.0,1,1,1,1,1,6,0,0,0.0,0.0,1165.7081878295899,1030.7820732304567,1,21,0,2024-04-07,71.59000091552734,71.59000091552734,143.18000183105468,0.008393549315567902,0
28,81.37113339591518,715.9000091552734,705.0320841770645,1420.932093332338,1.0,0,1,1.0,1.0,1.0,1,1,1,1,1,6,0,0,0.0,0.0,1190.7550673802903,1013.8503334152747,1,21,0,2024-04-07,71.59000091552734,70.50320841770645,142.0932093332338,0.05038242223804295,0
29,73.24009747053746,732.4000091552734,732.3999018719289,1464.7999110272024,1.0,0,1,1.0,1.0,1.0,1,1,1,1,1,5,0,1,0.0,0.0,1172.2224201267875,1035.138620240685,1,21,0,2024-04-07,73.24000091552735,73.2399901871929,146.47999110272025,0.05532735013300889,0
30,113.57000236511233,742.5266787211101,751.700008392334,1494.226687113444,1.0,0,1,1.0,1.0,1.0,1,1,1,1,1,5,1,0,0.0,0.0,1170.6668269744873,1000.9983997225546,1,21,0,2024-04-07,74.25266787211102,75.1700008392334,149.42266871134441,0.0058438835054777675,0
31,146.50534281302987,762.3266779581706,706.6607386848495,1468.9874166430202,1.0,0,1,1.0,1.0,1.0,1,1,1,1,1,6,0,0,0.0,0.0,1154.528354064322,934.1627708588452,1,21,0,2024-04-07,76.23266779581706,70.66607386848496,146.89874166430204,1.5227210046103641e-09,0
32,94.75000076293951,0.0,837.5000076293945,837.5000076293945,1.0,0,1,1.0,1.0,1.0,1,1,1,1,1,0,0,6,0.0,0.0,1032.209984552002,977.9297145149939,1,21,0,2024-04-07,0.0,83.75000076293946,83.75000076293946,9.109725375236765e-10,0
33,139.57000083923333,839.8966757456461,845.700008392334,1685.59668413798,1.0,0,1,1.0,1.0,1.0,1,1,1,1,1,0,6,0,0.0,0.0,1016.1610931958213,916.3494556060792,1,21,0,2024-04-07,83.98966757456462,84.5700008392334,168.55966841379802,3.847293650254804e-09,0
34,683.9000091552734,908.9000091552734,250.0,1158.9000091552734,0.6666666666666666,2,0,0.75,0.5,1.0,0,0,1,0,0,4,2,0,0.0,0.0,1579.1144866355594,324.53452297363276,1,21,0,2024-04-07,90.89000091552735,25.0,115.89000091552735,0.15938380211460473,0
35,90.60980482670658,840.200008392334,840.200008392334,1680.400016784668,1.0,0,1,1.0,1.0,1.0,1,1,1,1,1,6,0,0,0.014930577497932123,0.02561279833413415,827.655337053269,818.6801350170433,1,21,0,2024-04-07,84.0200008392334,84.0200008392334,168.0400016784668,0.0835596253691553,0
36,85.12000083923337,842.600008392334,851.200008392334,1693.800016784668,0.6666666666666666,2,0,0.6666666666666666,1.0,1.0,0,0,1,0,1,6,0,0,0.21097153182548156,0.05718809493406466,664.8353939056396,802.5215015045166,1,21,0,2024-04-07,84.2600008392334,85.1200008392334,169.3800016784668,0.2487306584839728,0
37,164.12258185107456,721.6333368937175,722.0000076293945,1443.633344523112,1.0,0,1,1.0,1.0,1.0,1,1,1,1,1,0,6,0,0.009642128969194181,0.0,714.6752551909183,724.6138911958004,1,21,0,2024-04-07,72.16333368937175,72.20000076293945,144.36333445231122,5.02915341742693e-09,0
38,85.6400012969971,664.0333346048991,664.4000053405762,1328.4333399454754,0.0,6,0,0.0,1.0,1.0,0,0,1,0,1,6,0,0,0.0,0.0,699.7144031524658,828.9516353240966,1,21,0,2024-04-07,66.40333346048992,66.44000053405762,132.84333399454755,0.16828686895527536,1
39,108.47000120347913,617.3333338419596,617.7000045776367,1235.0333384195965,0.16666666666666666,5,0,1.0,1.0,0.16666666666666666,0,0,0,1,1,0,0,6,0.0,0.0,715.1893615550416,783.5215987965208,1,21,0,2024-04-07,61.733333384195966,61.77000045776367,123.50333384195966,1.3946179358495367e-11,0
40,123.42774354255766,659.0333346048991,659.4000053405762,1318.4333399454754,1.0,0,1,1.0,1.0,1.0,1,1,1,1,1,6,0,0,0.0,0.0,761.4459320191202,796.0638564574423,1,21,0,2024-04-07,65.90333346048992,65.94000053405762,131.84333399454755,1.1666597667556806e-09,0
41,98.6100006103515,597.4733370463053,601.1000061035156,1198.573343149821,1.0,0,1,1.0,1.0,1.0,1,1,1,1,1,0,0,6,0.0,0.0,777.0359418551127,810.4816360107422,1,21,0,2024-04-07,59.747333704630535,60.11000061035156,119.85733431498211,4.742589945428364e-17,0
42,149.37474382543942,624.3400032043457,639.6000061035156,1263.9400093078614,1.0,0,1,1.0,1.0,1.0,1,1,1,1,1,6,0,0,0.0,0.0,727.3850507207591,692.9684797097168,1,21,0,2024-04-07,62.43400032043458,63.960000610351564,126.39400093078615,2.551429231390499e-09,0
43,80.96000061035157,523.600001525879,534.6000061035156,1058.2000076293946,1.0,0,1,1.0,1.0,1.0,1,1,1,1,1,6,0,0,0.0,0.0,589.418344116211,712.1016677490234,1,21,0,2024-04-07,52.3600001525879,53.460000610351564,105.82000076293946,1.441957006024621e-09,0
44,48.055920611572176,468.6000015258789,479.6000061035156,948.2000076293946,0.8333333333333334,1,0,1.0,1.0,0.8333333333333334,0,0,0,1,1,0,0,6,0.04531133824376119,0.0,447.3671083557128,658.4239606384277,1,21,0,2024-04-07,46.860000152587894,47.960000610351564,94.82000076293946,1.0170379369246187e-09,0
45,44.26271126280208,396.96667226155597,407.6000061035156,804.5666783650715,1.0,0,1,1.0,1.0,1.0,1,1,1,1,1,0,0,6,0.12477720331619904,0.0,347.43428108702085,592.2289497723541,1,21,0,2024-04-07,39.6966672261556,40.76000061035157,80.45666783650717,8.594850300578026e-10,0
46,60.56000061035157,385.6000061035156,385.6000061035156,771.2000122070312,1.0,0,1,1.0,1.0,1.0,1,1,1,1,1,0,0,6,0.058084771910785815,0.0,363.2025177001953,575.9316604248046,1,21,0,2024-04-07,38.560000610351565,38.560000610351565,77.12000122070313,9.89288681407059e-10,0
47,117.56321078068686,374.7000045776367,374.7000045776367,749.4000091552734,1.0,0,1,1.0,1.0,1.0,1,1,1,1,1,6,0,0,0.0,0.0,418.52265291935873,491.4283892193131,1,21,0,2024-04-07,37.470000457763675,37.470000457763675,74.94000091552735,1.663991776675657e-09,0
0,-250.7600023905436,0.0,259.4000015258789,259.4000015258789,1.0,0,1,1.0,1.0,1.0,1,1,1,1,1,6,0,0,0.0,0.0,133.22936982625328,739.0717631511036,1,21,1,2024-04-07,0.0,25.940000152587892,25.940000152587892,2.8431308218904568e-08,0
1,-125.95999946594247,0.0,278.60000228881836,278.60000228881836,0.8333333333333334,1,0,1.0,1.0,0.8333333333333334,1,0,0,1,1,0,0,6,0.0,0.0,221.14234882507316,647.360023880005,1,21,1,2024-04-07,0.0,27.860000228881837,27.860000228881837,1.3692383861379477e-09,0
2,0.0,0.0,0.0,0.0,1.0,0,1,1.0,1.0,0.0,1,1,0,1,1,0,0,6,0.0,0.0,329.36983486328126,529.0385532965972,0,21,1,2024-04-07,0.0,0.0,0.0,0.0,0
3,0.0,0.0,0.0,0.0,1.0,0,1,1.0,1.0,0.0,1,1,0,1,1,0,0,6,0.0,0.0,354.31255336914063,546.6916122070312,0,21,1,2024-04-07,0.0,0.0,0.0,0.0,0
4,0.0,0.0,0.0,0.0,1.0,0,1,1.0,1.0,0.0,1,1,0,1,1,0,0,6,0.0,0.0,377.19625087890626,565.8916244140624,0,21,1,2024-04-07,0.0,0.0,0.0,0.0,0
5,0.0,0.0,0.0,0.0,1.0,0,1,1.0,1.0,0.0,1,1,0,1,1,0,0,6,0.0,0.0,362.1299056640625,534.8658065429687,0,21,1,2024-04-07,0.0,0.0,0.0,0.0,0
6,0.0,0.0,0.0,0.0,1.0,0,1,1.0,1.0,0.0,1,1,0,1,1,0,0,6,0.0,0.0,378.9529952636719,504.4620284667969,0,21,1,2024-04-07,0.0,0.0,0.0,0.0,0
7,0.0,0.0,0.0,0.0,1.0,0,1,1.0,1.0,0.0,1,1,0,1,1,0,0,6,0.0,0.0,413.95781704101563,469.6275558105469,0,21,1,2024-04-07,0.0,0.0,0.0,0.0,0
8,0.0,0.0,0.0,0.0,1.0,0,1,1.0,1.0,0.0,1,1,0,1,1,0,0,6,0.0,0.0,377.42086025390626,411.83696743164063,0,21,1,2024-04-07,0.0,0.0,0.0,0.0,0
9,0.0,0.0,0.0,0.0,1.0,0,1,1.0,1.0,0.0,1,1,0,1,1,0,0,6,0.0,0.0,384.5107345214844,359.01522060546876,0,21,1,2024-04-07,0.0,0.0,0.0,0.0,0
10,0.0,0.0,0.0,0.0,1.0,0,1,1.0,1.0,0.0,1,1,0,1,1,0,0,6,0.0,0.0,410.59331508789063,325.7916183105469,0,21,1,2024-04-07,0.0,0.0,0.0,0.0,0
11,0.0,0.0,0.0,0.0,1.0,0,1,1.0,1.0,0.0,1,1,0,1,1,0,0,6,0.0,0.0,418.95137783203126,325.7916183105469,0,21,1,2024-04-07,0.0,0.0,0.0,0.0,0
12,0.0,0.0,0.0,0.0,1.0,0,1,1.0,1.0,0.0,1,1,0,1,1,0,0,6,0.0,0.0,398.2916183105469,298.29158779296876,0,21,1,2024-04-07,0.0,0.0,0.0,0.0,0
13,0.0,0.0,0.0,0.0,1.0,0,1,1.0,1.0,0.0,1,1,0,1,1,0,0,6,0.0,0.0,464.2916183105469,364.2916183105469,0,21,1,2024-04-07,0.0,0.0,0.0,0.0,0
14,0.0,0.0,0.0,0.0,1.0,0,1,1.0,1.0,0.0,1,1,0,1,1,0,0,6,0.0,0.0,514.2213973632812,418.6806563964844,0,21,1,2024-04-07,0.0,0.0,0.0,0.0,0
15,0.0,0.0,0.0,0.0,1.0,0,1,1.0,1.0,0.0,1,1,0,1,1,0,0,6,0.0,0.0,498.18123623046876,383.50350185546876,0,21,1,2024-04-07,0.0,0.0,0.0,0.0,0
16,0.0,0.0,0.0,0.0,1.0,0,1,1.0,1.0,0.0,1,1,0,1,1,0,0,6,0.0,0.0,563.5373763671874,461.18416591796876,0,21,1,2024-04-07,0.0,0.0,0.0,0.0,0
17,93.70000457763669,291.2000045776367,250.0,541.2000045776367,1.0,0,1,1.0,1.0,1.0,1,1,1,1,1,0,0,6,0.0,0.0,671.7420806518554,408.16625972900397,1,21,1,2024-04-07,29.120000457763673,25.0,54.12000045776367,5.251609236881821e-17,0
18,49.976773977307424,307.7000045776367,307.70000084809726,615.400005425734,1.0,0,1,1.0,1.0,1.0,1,1,1,1,1,6,0,0,0.0,0.0,662.8782250515261,502.6501036655769,1,21,1,2024-04-07,30.770000457763672,30.770000084809727,61.5400005425734,2.711988625123651e-09,0
19,56.0650005340576,354.4000053405762,331.48333867390954,685.8833440144857,1.0,0,1,1.0,1.0,1.0,1,1,1,1,1,6,0,0,0.0,0.0,679.9312953582763,641.2387166678586,1,21,1,2024-04-07,35.44000053405762,33.14833386739095,68.58833440144858,2.780864465140536e-09,0
20,45.88000068664555,458.8000068664551,458.8000068664551,917.6000137329102,1.0,0,1,1.0,1.0,1.0,1,1,1,1,1,0,0,6,0.0,0.0,648.945453225708,693.2855139413765,1,21,1,2024-04-07,45.88000068664551,45.88000068664551,91.76000137329102,4.157254542281278e-10,0
21,64.52000160217287,453.200008392334,453.200008392334,906.400016784668,1.0,0,1,1.0,1.0,1.0,1,1,1,1,1,0,6,0,0.0,0.0,641.9942676177978,656.0201245959731,1,21,1,2024-04-07,45.3200008392334,45.3200008392334,90.6400016784668,2.946037091169704e-09,0
22,53.081676239418,523.9000015258789,530.700008392334,1054.600009918213,1.0,0,1,1.0,1.0,1.0,1,1,1,1,1,0,0,6,0.0,0.0,680.8808323917617,727.089398241183,1,21,1,2024-04-07,52.390000152587895,53.0700008392334,105.46000099182129,2.311172888816379e-10,0
23,97.02000160217284,503.200008392334,503.200008392334,1006.400016784668,1.0,0,1,1.0,1.0,1.0,1,1,1,1,1,0,6,0,0.0,0.0,740.9178516021727,703.1400269240839,1,21,1,2024-04-07,50.3200008392334,50.3200008392334,100.6400016784668,0.07692319231762842,0
24,63.840000915527256,629.8000091552734,638.4000091552734,1268.200018310547,1.0,0,1,1.0,1.0,1.0,1,1,1,1,1,1,0,5,0.0,0.0,893.0309417358397,989.339813279551,1,21,1,2024-04-07,62.98000091552734,63.84000091552735,126.8200018310547,0.03469274613461534,0
25,99.59000091552731,610.9000091552734,610.9000091552734,1221.8000183105469,1.0,0,1,1.0,1.0,1.0,1,1,1,1,1,0,6,0,0.0,0.0,909.855709802246,1002.4985000610352,1,21,1,2024-04-07,61.09000091552735,61.09000091552735,122.1800018310547,0.0024999998126683572,0
26,69.94004374657202,699.4000091552734,699.3999615652239,1398.7999707204972,1.0,0,1,1.0,1.0,1.0,1,1,1,1,1,6,0,0,0.0,0.0,780.7924225551657,1010.3565601671623,1,21,1,2024-04-07,69.94000091552735,69.93999615652238,139.87999707204972,0.15787662069311817,0
27,71.59000091552724,715.9000091552734,715.9000091552734,1431.8000183105469,1.0,0,1,1.0,1.0,1.0,1,1,1,1,1,6,0,0,0.09338522022925384,0.0,649.0455291381834,947.099335491642,1,21,1,2024-04-07,71.59000091552734,71.59000091552734,143.18000183105468,0.008393549315567902,0
28,81.37113339591518,715.9000091552734,705.0320841770645,1420.932093332338,1.0,0,1,1.0,1.0,1.0,1,1,1,1,1,6,0,0,0.16875484945401192,0.0,595.0884108861495,907.7465327969188,1,21,1,2024-04-07,71.59000091552734,70.50320841770645,142.0932093332338,0.05038242223804295,0
29,73.24009747053746,732.4000091552734,732.3999018719289,1464.7999110272024,1.0,0,1,1.0,1.0,1.0,1,1,1,1,1,5,0,1,0.20565278236783135,0.0,581.7799094662663,927.5608030383468,1,21,1,2024-04-07,73.24000091552735,73.2399901871929,146.47999110272025,0.05532735013300889,0
30,113.57000236511233,742.5266787211101,751.700008392334,1494.226687113444,1.0,0,1,1.0,1.0,1.0,1,1,1,1,1,5,1,0,0.1490229593615885,0.0,631.8731556531588,988.1658603302002,1,21,1,2024-04-07,74.25266787211102,75.1700008392334,149.42266871134441,0.0058438835054777675,0
31,146.50534281302987,762.3266779581706,706.6607386848495,1468.9874166430202,1.0,0,1,1.0,1.0,1.0,1,1,1,1,1,6,0,0,0.055030980000519134,0.0,720.3750937895924,956.1862083588452,1,21,1,2024-04-07,76.23266779581706,70.66607386848496,146.89874166430204,1.5227210046103641e-09,0
32,94.75000076293951,0.0,837.5000076293945,837.5000076293945,1.0,0,1,1.0,1.0,1.0,1,1,1,1,1,0,0,6,0.0,0.0,760.695679473877,1066.2429420104982,1,21,1,2024-04-07,0.0,83.75000076293946,83.75000076293946,9.109725375236765e-10,0
33,139.57000083923333,839.8966757456461,845.700008392334,1685.59668413798,1.0,0,1,1.0,1.0,1.0,1,1,1,1,1,0,6,0,0.12643289296710347,0.0,733.7061092376708,963.2216479888917,1,21,1,2024-04-07,83.98966757456462,84.5700008392334,168.55966841379802,3.847293650254804e-09,0
34,683.9000091552734,908.9000091552734,250.0,1158.9000091552734,0.3333333333333333,4,0,0.5,0.0,1.0,0,0,1,0,0,4,2,0,0.0,0.0,1234.236557006836,374.8916396728516,1,21,1,2024-04-07,90.89000091552735,25.0,115.89000091552735,0.15938380211460473,0
35,90.60980482670658,840.200008392334,840.200008392334,1680.400016784668,1.0,0,1,1.0,1.0,1.0,1,1,1,1,1,6,0,0,0.16741720141556343,0.0,699.5360743579565,960.5817463451685,1,21,1,2024-04-07,84.0200008392334,84.0200008392334,168.0400016784668,0.0835596253691553,0
36,85.12000083923337,842.600008392334,851.200008392334,1693.800016784668,0.0,6,0,0.0,1.0,1.0,0,0,1,0,1,6,0,0,0.2548467251711197,0.0,627.8661556243896,966.0715503326417,1,21,1,2024-04-07,84.2600008392334,85.1200008392334,169.3800016784668,0.2487306584839728,0
37,164.12258185107456,721.6333368937175,722.0000076293945,1443.633344523112,1.0,0,1,1.0,1.0,1.0,1,1,1,1,1,0,6,0,0.0,0.0,729.7344592924808,873.593505453613,1,21,1,2024-04-07,72.16333368937175,72.20000076293945,144.36333445231122,5.02915341742693e-09,0
38,85.6400012969971,664.0333346048991,664.4000053405762,1328.4333399454754,0.5,3,0,0.5,1.0,1.0,0,0,1,0,1,6,0,0,0.259818614536677,0.0,491.50511360168457,889.5751094451904,1,21,1,2024-04-07,66.40333346048992,66.44000053405762,132.84333399454755,0.16828686895527536,0
39,108.47000120347913,617.3333338419596,617.7000045776367,1235.0333384195965,1.0,0,1,1.0,1.0,1.0,1,1,1,1,1,0,0,6,0.09010527587607078,0.0,561.7083434886354,799.9215621754271,1,21,1,2024-04-07,61.733333384195966,61.77000045776367,123.50333384195966,1.3946179358495367e-11,0
40,123.42774354255766,659.0333346048991,659.4000053405762,1318.4333399454754,1.0,0,1,1.0,1.0,1.0,1,1,1,1,1,6,0,0,0.10984332327040976,0.0,586.642922985917,735.4638198363485,1,21,1,2024-04-07,65.90333346048992,65.94000053405762,131.84333399454755,1.1666597667556806e-09,0
41,98.6100006103515,597.4733370463053,601.1000061035156,1198.573343149821,1.0,0,1,1.0,1.0,1.0,1,1,1,1,1,0,0,6,0.06068543393142241,0.0,561.2154083251953,710.2815627685547,1,21,1,2024-04-07,59.747333704630535,60.11000061035156,119.85733431498211,4.742589945428364e-17,0
42,149.37474382543942,624.3400032043457,639.6000061035156,1263.9400093078614,1.0,0,1,1.0,1.0,1.0,1,1,1,1,1,6,0,0,0.2076430795649444,0.1760211451540725,494.70012224340815,527.016880588623,1,21,1,2024-04-07,62.43400032043458,63.960000610351564,126.39400093078615,2.551429231390499e-09,0
43,80.96000061035157,523.600001525879,534.6000061035156,1058.2000076293946,1.0,0,1,1.0,1.0,1.0,1,1,1,1,1,6,0,0,0.32790569620764626,0.0732667075432478,351.90857849121096,495.43162380371086,1,21,1,2024-04-07,52.3600001525879,53.460000610351564,105.82000076293946,1.441957006024621e-09,0
44,48.055920611572176,468.6000015258789,479.6000061035156,948.2000076293946,1.0,0,1,1.0,1.0,1.0,1,1,1,1,1,0,0,6,0.4075663537215819,0.0,277.6144075500487,509.13569159545904,1,21,1,2024-04-07,46.860000152587894,47.960000610351564,94.82000076293946,1.0170379369246187e-09,0
45,44.26271126280208,396.96667226155597,407.6000061035156,804.5666783650715,1.0,0,1,1.0,1.0,1.0,1,1,1,1,1,0,0,6,0.3993481088188427,0.0,238.43878242979426,485.4289009442291,1,21,1,2024-04-07,39.6966672261556,40.76000061035157,80.45666783650717,8.594850300578026e-10,0
46,60.56000061035157,385.6000061035156,385.6000061035156,771.2000122070312,1.0,0,1,1.0,1.0,1.0,1,1,1,1,1,0,0,6,0.3412006371652336,0.0,254.03303833007814,466.1449782958984,1,21,1,2024-04-07,38.560000610351565,38.560000610351565,77.12000122070313,9.89288681407059e-10,0
47,117.56321078068686,374.7000045776367,374.7000045776367,749.4000091552734,1.0,0,1,1.0,1.0,1.0,1,1,1,1,1,6,0,0,0.0,0.0,416.00479528195336,442.13694634821934,1,21,1,2024-04-07,37.470000457763675,37.470000457763675,74.94000091552735,1.663991776675657e-09,0
0,-250.7600023905436,0.0,259.4000015258789,259.4000015258789,0.0,6,0,0.0,1.0,1.0,1,0,1,0,1,6,0,0,0.0,0.0,0.0,416.651596287028,1,21,2,2024-04-07,0.0,25.940000152587892,25.940000152587892,2.8431308218904568e-08,1
1,-125.95999946594247,0.0,278.60000228881836,278.60000228881836,0.0,6,0,1.0,1.0,0.0,1,0,0,1,1,0,0,6,0.0,0.0,11.939994430541901,291.85159336242685,1,21,2,2024-04-07,0.0,27.860000228881837,27.860000228881837,1.3692383861379477e-09,0
2,0.0,0.0,0.0,0.0,1.0,0,1,1.0,1.0,0.0,1,1,0,1,1,0,0,6,0.0,0.0,137.7736053466797,165.89159389648438,0,21,2,2024-04-07,0.0,0.0,0.0,0.0,0
3,0.0,0.0,0.0,0.0,1.0,0,1,1.0,1.0,0.0,1,1,0,1,1,0,0,6,0.0,0.0,163.16241289648437,165.89159389648438,0,21,2,2024-04-07,0.0,0.0,0.0,0.0,0
4,0.0,0.0,0.0,0.0,1.0,0,1,1.0,1.0,0.0,1,1,0,1,1,0,0,6,0.0,0.0,165.89159389648438,130.20688625488282,0,21,2,2024-04-07,0.0,0.0,0.0,0.0,0
5,0.0,0.0,0.0,0.0,1.0,0,1,1.0,1.0,0.0,1,1,0,1,1,0,0,6,0.0,0.0,96.69159694824219,96.69159694824219,0,21,2,2024-04-07,0.0,0.0,0.0,0.0,0
6,0.0,0.0,0.0,0.0,1.0,0,1,1.0,1.0,0.0,1,1,0,1,1,0,0,6,0.0,0.0,85.69160076293946,85.69160076293946,0,21,2,2024-04-07,0.0,0.0,0.0,0.0,0
7,0.0,0.0,0.0,0.0,1.0,0,1,1.0,1.0,0.0,1,1,0,1,1,0,0,6,0.0,0.0,85.69160076293946,85.69160076293946,0,21,2,2024-04-07,0.0,0.0,0.0,0.0,0
8,0.0,0.0,0.0,0.0,1.0,0,1,1.0,1.0,0.0,1,1,0,1,1,0,0,6,0.0,0.0,85.69160076293946,85.69160076293946,0,21,2,2024-04-07,0.0,0.0,0.0,0.0,0
9,0.0,0.0,0.0,0.0,1.0,0,1,1.0,1.0,0.0,1,1,0,1,1,0,0,6,0.0,0.0,85.69160076293946,85.69160076293946,0,21,2,2024-04-07,0.0,0.0,0.0,0.0,0
10,0.0,0.0,0.0,0.0,1.0,0,1,1.0,1.0,0.0,1,1,0,1,1,0,0,6,0.0,0.0,85.69160076293946,81.86259075317383,0,21,2,2024-04-07,0.0,0.0,0.0,0.0,0
11,0.0,0.0,0.0,0.0,1.0,0,1,1.0,1.0,0.0,1,1,0,1,1,0,0,6,0.0,0.0,58.19160076293945,58.19160076293946,0,21,2,2024-04-07,0.0,0.0,0.0,0.0,0
12,0.0,0.0,0.0,0.0,1.0,0,1,1.0,1.0,0.0,1,1,0,1,1,0,0,6,0.0,0.0,69.19160076293946,69.19160076293946,0,21,2,2024-04-07,0.0,0.0,0.0,0.0,0
13,0.0,0.0,0.0,0.0,1.0,0,1,1.0,1.0,0.0,1,1,0,1,1,0,0,6,0.0,0.0,88.39160152587891,88.39160152587891,0,21,2,2024-04-07,0.0,0.0,0.0,0.0,0
14,0.0,0.0,0.0,0.0,1.0,0,1,1.0,1.0,0.0,1,1,0,1,1,0,0,6,0.0,0.0,88.39160152587891,88.39160152587891,0,21,2,2024-04-07,0.0,0.0,0.0,0.0,0
15,0.0,0.0,0.0,0.0,1.0,0,1,1.0,1.0,0.0,1,1,0,1,1,0,0,6,0.0,0.0,115.89160152587891,115.89160152587891,0,21,2,2024-04-07,0.0,0.0,0.0,0.0,0
16,0.0,0.0,0.0,0.0,1.0,0,1,1.0,1.0,0.0,1,1,0,1,1,0,0,6,0.0,0.0,189.71567531738282,192.79160305175782,0,21,2,2024-04-07,0.0,0.0,0.0,0.0,0
17,93.70000457763669,291.2000045776367,250.0,541.2000045776367,1.0,0,1,1.0,1.0,1.0,1,1,1,1,1,0,0,6,0.0,0.24963360610351548,359.48217769775385,187.59159847412113,1,21,2,2024-04-07,29.120000457763673,25.0,54.12000045776367,5.251609236881821e-17,0
18,49.976773977307424,307.7000045776367,307.70000084809726,615.400005425734,1.0,0,1,1.0,1.0,1.0,1,1,1,1,1,6,0,0,0.0,0.0,481.85243769801053,410.3551309279467,1,21,2,2024-04-07,30.770000457763672,30.770000084809727,61.5400005425734,2.711988625123651e-09,0
19,56.0650005340576,354.4000053405762,331.48333867390954,685.8833440144857,1.0,0,1,1.0,1.0,1.0,1,1,1,1,1,6,0,0,0.0,0.0,616.2309169403076,500.9419233175262,1,21,2,2024-04-07,35.44000053405762,33.14833386739095,68.58833440144858,2.780864465140536e-09,0
20,45.88000068664555,458.8000068664551,458.8000068664551,917.6000137329102,1.0,0,1,1.0,1.0,1.0,1,1,1,1,1,0,0,6,0.0,0.0,747.3955875030517,663.5006328321406,1,21,2,2024-04-07,45.88000068664551,45.88000068664551,91.76000137329102,4.157254542281278e-10,0
21,64.52000160217287,453.200008392334,453.200008392334,906.400016784668,1.0,0,1,1.0,1.0,1.0,1,1,1,1,1,0,6,0,0.0,0.0,802.9193774810791,700.3711148315035,1,21,2,2024-04-07,45.3200008392334,45.3200008392334,90.6400016784668,2.946037091169704e-09,0
22,53.081676239418,523.9000015258789,530.700008392334,1054.600009918213,1.0,0,1,1.0,1.0,1.0,1,1,1,1,1,0,0,6,0.0,0.0,954.351596551918,855.2555378861122,1,21,2,2024-04-07,52.390000152587895,53.0700008392334,105.46000099182129,2.311172888816379e-10,0
23,97.02000160217284,503.200008392334,503.200008392334,1006.400016784668,1.0,0,1,1.0,1.0,1.0,1,1,1,1,1,0,6,0,0.0,0.0,1057.4170104217528,875.7972819915772,1,21,2,2024-04-07,50.3200008392334,50.3200008392334,100.6400016784668,0.07692319231762842,0
24,63.840000915527256,629.8000091552734,638.4000091552734,1268.200018310547,1.0,0,1,1.0,1.0,1.0,1,1,1,1,1,1,0,5,0.0,0.0,1124.2260300093333,982.3652221313478,1,21,2,2024-04-07,62.98000091552734,63.84000091552735,126.8200018310547,0.03469274613461534,0
25,99.59000091552731,610.9000091552734,610.9000091552734,1221.8000183105469,1.0,0,1,1.0,1.0,1.0,1,1,1,1,1,0,6,0,0.0,0.0,1276.554376335739,1070.7870971313478,1,21,2,2024-04-07,61.09000091552735,61.09000091552735,122.1800018310547,0.0024999998126683572,0
26,69.94004374657202,699.4000091552734,699.3999615652239,1398.7999707204972,0.6666666666666666,2,0,0.6666666666666666,1.0,1.0,0,0,1,0,1,6,0,0,0.0,0.0,1335.430609454056,1161.498821878428,1,21,2,2024-04-07,69.94000091552735,69.93999615652238,139.87999707204972,0.15787662069311817,0
27,71.59000091552724,715.9000091552734,715.9000091552734,1431.8000183105469,1.0,0,1,1.0,1.0,1.0,1,1,1,1,1,6,0,0,0.0,0.0,1368.0757415405274,1231.9296524047852,1,21,2,2024-04-07,71.59000091552734,71.59000091552734,143.18000183105468,0.008393549315567902,0
28,81.37113339591518,715.9000091552734,705.0320841770645,1420.932093332338,1.0,0,1,1.0,1.0,1.0,1,1,1,1,1,6,0,0,0.0,0.0,1342.3423476537278,1205.1193451197098,1,21,2,2024-04-07,71.59000091552734,70.50320841770645,142.0932093332338,0.05038242223804295,0
29,73.24009747053746,732.4000091552734,732.3999018719289,1464.7999110272024,1.0,0,1,1.0,1.0,1.0,1,1,1,1,1,5,0,1,0.0,0.0,1277.3348468846,1211.0316155590124,1,21,2,2024-04-07,73.24000091552735,73.2399901871929,146.47999110272025,0.05532735013300889,0
30,113.57000236511233,742.5266787211101,751.700008392334,1494.226687113444,1.0,0,1,1.0,1.0,1.0,1,1,1,1,1,5,1,0,0.0,0.0,1287.3403153209908,1200.7564365020753,1,21,2,2024-04-07,74.25266787211102,75.1700008392334,149.42266871134441,0.0058438835054777675,0
31,146.50534281302987,762.3266779581706,706.6607386848495,1468.9874166430202,1.0,0,1,1.0,1.0,1.0,1,1,1,1,1,6,0,0,0.0,0.0,1370.4119752472611,1230.9410911713453,1,21,2,2024-04-07,76.23266779581706,70.66607386848496,146.89874166430204,1.5227210046103641e-09,0
32,94.75000076293951,0.0,837.5000076293945,837.5000076293945,1.0,0,1,1.0,1.0,1.0,1,1,1,1,1,0,0,6,0.0,0.0,1262.8176780344695,1280.5521461120607,1,21,2,2024-04-07,0.0,83.75000076293946,83.75000076293946,9.109725375236765e-10,0
33,139.57000083923333,839.8966757456461,845.700008392334,1685.59668413798,1.0,0,1,1.0,1.0,1.0,1,1,1,1,1,0,6,0,0.0,0.0,1304.3668829316102,1260.0080249420166,1,21,2,2024-04-07,83.98966757456462,84.5700008392334,168.55966841379802,3.847293650254804e-09,0
34,683.9000091552734,908.9000091552734,250.0,1158.9000091552734,0.3333333333333333,4,0,0.5,0.0,1.0,0,0,1,0,0,4,2,0,0.0,0.0,1782.2799028809509,560.6420058837891,1,21,2,2024-04-07,90.89000091552735,25.0,115.89000091552735,0.15938380211460473,0
35,90.60980482670658,840.200008392334,840.200008392334,1680.400016784668,1.0,0,1,1.0,1.0,1.0,1,1,1,1,1,6,0,0,0.0,0.0,1140.5803793375987,1168.663899665481,1,21,2,2024-04-07,84.0200008392334,84.0200008392334,168.0400016784668,0.0835596253691553,0
36,85.12000083923337,842.600008392334,851.200008392334,1693.800016784668,0.6666666666666666,2,0,0.6666666666666666,1.0,1.0,0,0,1,0,1,6,0,0,0.0,0.0,996.8754940032959,1197.5245532623292,1,21,2,2024-04-07,84.2600008392334,85.1200008392334,169.3800016784668,0.2487306584839728,0
37,164.12258185107456,721.6333368937175,722.0000076293945,1443.633344523112,1.0,0,1,1.0,1.0,1.0,1,1,1,1,1,0,6,0,0.0,0.0,956.406151187012,1051.168944906738,1,21,2,2024-04-07,72.16333368937175,72.20000076293945,144.36333445231122,5.02915341742693e-09,0
38,85.6400012969971,664.0333346048991,664.4000053405762,1328.4333399454754,0.3333333333333333,4,0,0.3333333333333333,1.0,1.0,0,0,1,0,1,6,0,0,0.0,0.0,841.9998645782471,1122.051549874878,1,21,2,2024-04-07,66.40333346048992,66.44000053405762,132.84333399454755,0.16828686895527536,0
39,108.47000120347913,617.3333338419596,617.7000045776367,1235.0333384195965,0.3333333333333333,4,0,1.0,1.0,0.3333333333333333,0,0,0,1,1,0,0,6,0.0,0.0,829.6571960276979,1021.7216720387084,1,21,2,2024-04-07,61.733333384195966,61.77000045776367,123.50333384195966,1.3946179358495367e-11,0
40,123.42774354255766,659.0333346048991,659.4000053405762,1318.4333399454754,1.0,0,1,1.0,1.0,1.0,1,1,1,1,1,6,0,0,0.0,0.0,810.2022796753702,976.5638564574424,1,21,2,2024-04-07,65.90333346048992,65.94000053405762,131.84333399454755,1.1666597667556806e-09,0
41,98.6100006103515,597.4733370463053,601.1000061035156,1198.573343149821,1.0,0,1,1.0,1.0,1.0,1,1,1,1,1,0,0,6,0.0,0.0,768.7390899658203,951.3815993896485,1,21,2,2024-04-07,59.747333704630535,60.11000061035156,119.85733431498211,4.742589945428364e-17,0
42,149.37474382543942,624.3400032043457,639.6000061035156,1263.9400093078614,1.0,0,1,1.0,1.0,1.0,1,1,1,1,1,6,0,0,0.0,0.0,793.3001588645019,859.2846418190918,1,21,2,2024-04-07,62.43400032043458,63.960000610351564,126.39400093078615,2.551429231390499e-09,0
43,80.96000061035157,523.600001525879,534.6000061035156,1058.2000076293946,1.0,0,1,1.0,1.0,1.0,1,1,1,1,1,6,0,0,0.0,0.0,649.8118072509766,821.1287063232421,1,21,2,2024-04-07,52.3600001525879,53.460000610351564,105.82000076293946,1.441957006024621e-09,0
44,48.055920611572176,468.6000015258789,479.6000061035156,948.2000076293946,1.0,0,1,1.0,1.0,1.0,1,1,1,1,1,0,0,6,0.0,0.0,621.917431842041,809.0223493103027,1,21,2,2024-04-07,46.860000152587894,47.960000610351564,94.82000076293946,1.0170379369246187e-09,0
45,44.26271126280208,396.96667226155597,407.6000061035156,804.5666783650715,0.8333333333333334,1,0,1.0,1.0,0.8333333333333334,0,0,0,1,1,0,0,6,0.0,0.0,593.2513587237396,801.9289619793853,1,21,2,2024-04-07,39.6966672261556,40.76000061035157,80.45666783650717,8.594850300578026e-10,0
46,60.56000061035157,385.6000061035156,385.6000061035156,771.2000122070312,0.6666666666666666,2,0,1.0,1.0,0.6666666666666666,0,0,0,1,1,0,0,6,0.0,0.0,551.0354034423829,735.6316726318358,1,21,2,2024-04-07,38.560000610351565,38.560000610351565,77.12000122070313,9.89288681407059e-10,0
47,117.56321078068686,374.7000045776367,374.7000045776367,749.4000091552734,1.0,0,1,1.0,1.0,1.0,1,1,1,1,1,6,0,0,0.0,0.0,546.5729764056869,586.8588091411881,1,21,2,2024-04-07,37.470000457763675,37.470000457763675,74.94000091552735,1.663991776675657e-09,0
0,-250.7600023905436,0.0,259.4000015258789,259.4000015258789,0.0,6,0,0.0,1.0,1.0,1,0,1,0,1,6,0,0,0.0,0.0,0.0,508.4515993387858,1,22,0,2024-04-07,0.0,25.940000152587892,25.940000152587892,2.8431308218904568e-08,1
1,-125.95999946594247,0.0,278.60000228881836,278.60000228881836,0.0,6,0,1.0,0.0,0.0,1,0,0,1,0,0,2,4,0.0,0.0,47.948875045776276,383.65159641418467,1,22,0,2024-04-07,0.0,27.860000228881837,27.860000228881837,0.015384614155812323,0
2,0.0,0.0,0.0,0.0,1.0,0,1,1.0,1.0,0.0,1,1,0,1,1,0,0,6,0.0,0.0,173.40438842773438,257.6915969482422,0,22,0,2024-04-07,0.0,0.0,0.0,0.0,0
3,0.0,0.0,0.0,0.0,1.0,0,1,1.0,1.0,0.0,1,1,0,1,1,0,0,6,0.0,0.0,215.86611773046874,257.6915969482422,0,22,0,2024-04-07,0.0,0.0,0.0,0.0,0
4,0.0,0.0,0.0,0.0,1.0,0,1,1.0,1.0,0.0,1,1,0,1,1,0,0,6,0.0,0.0,227.6474074951172,257.6915969482422,0,22,0,2024-04-07,0.0,0.0,0.0,0.0,0
5,0.0,0.0,0.0,0.0,1.0,0,1,1.0,1.0,0.0,1,1,0,1,1,0,0,6,0.0,0.0,236.40579982910157,242.46282192382813,0,22,0,2024-04-07,0.0,0.0,0.0,0.0,0
6,0.0,0.0,0.0,0.0,1.0,0,1,1.0,1.0,0.0,1,1,0,1,1,0,0,6,0.0,0.0,227.69423671875,230.1915969482422,0,22,0,2024-04-07,0.0,0.0,0.0,0.0,0
7,0.0,0.0,0.0,0.0,1.0,0,1,1.0,1.0,0.0,1,1,0,1,1,0,0,6,0.0,0.0,249.39159389648438,235.05184169921876,0,22,0,2024-04-07,0.0,0.0,0.0,0.0,0
8,0.0,0.0,0.0,0.0,1.0,0,1,1.0,1.0,0.0,1,1,0,1,1,0,0,6,0.0,0.0,238.39159389648438,201.330711328125,0,22,0,2024-04-07,0.0,0.0,0.0,0.0,0
9,0.0,0.0,0.0,0.0,1.0,0,1,1.0,1.0,0.0,1,1,0,1,1,0,0,6,0.0,0.0,238.39159389648438,172.69898220214844,0,22,0,2024-04-07,0.0,0.0,0.0,0.0,0
10,0.0,0.0,0.0,0.0,1.0,0,1,1.0,1.0,0.0,1,1,0,1,1,0,0,6,0.0,0.0,238.39159389648438,171.830223046875,0,22,0,2024-04-07,0.0,0.0,0.0,0.0,0
11,0.0,0.0,0.0,0.0,1.0,0,1,1.0,1.0,0.0,1,1,0,1,1,0,0,6,0.0,0.0,238.39159389648438,170.23290249023438,0,22,0,2024-04-07,0.0,0.0,0.0,0.0,0
12,0.0,0.0,0.0,0.0,1.0,0,1,1.0,1.0,0.0,1,1,0,1,1,0,0,6,0.0,0.0,249.39159389648438,159.53345485839844,0,22,0,2024-04-07,0.0,0.0,0.0,0.0,0
13,0.0,0.0,0.0,0.0,1.0,0,1,1.0,1.0,0.0,1,1,0,1,1,0,0,6,0.0,0.0,356.15081020507813,268.9404525390625,0,22,0,2024-04-07,0.0,0.0,0.0,0.0,0
14,0.0,0.0,0.0,0.0,1.0,0,1,1.0,1.0,0.0,1,1,0,1,1,0,0,6,0.0,0.0,468.899070703125,353.88030239257813,0,22,0,2024-04-07,0.0,0.0,0.0,0.0,0
15,0.0,0.0,0.0,0.0,1.0,0,1,1.0,1.0,0.0,1,1,0,1,1,0,0,6,0.0,0.0,443.97158046875,378.8684005371094,0,22,0,2024-04-07,0.0,0.0,0.0,0.0,0
16,0.0,0.0,0.0,0.0,1.0,0,1,1.0,1.0,0.0,1,1,0,1,1,0,0,6,0.0,0.0,442.71065517578126,389.893211328125,0,22,0,2024-04-07,0.0,0.0,0.0,0.0,0
17,93.70000457763669,291.2000045776367,250.0,541.2000045776367,1.0,0,1,1.0,1.0,1.0,1,1,1,1,1,0,0,6,0.0,0.0,577.6531524291992,361.22534176025397,1,22,0,2024-04-07,29.120000457763673,25.0,54.12000045776367,5.251609236881821e-17,0
18,49.976773977307424,307.7000045776367,307.70000084809726,615.400005425734,1.0,0,1,1.0,1.0,1.0,1,1,1,1,1,6,0,0,0.0,0.0,455.3114828252434,451.84984799534885,1,22,0,2024-04-07,30.770000457763672,30.770000084809727,61.5400005425734,2.711988625123651e-09,0
19,56.0650005340576,354.4000053405762,331.48333867390954,685.8833440144857,1.0,0,1,1.0,1.0,1.0,1,1,1,1,1,5,1,0,0.0,0.0,544.2834742847442,544.9964847198486,1,22,0,2024-04-07,35.44000053405762,33.14833386739095,68.58833440144858,0.013631372237417366,0
20,45.88000068664555,458.8000068664551,458.8000068664551,917.6000137329102,1.0,0,1,1.0,1.0,1.0,1,1,1,1,1,0,0,6,0.0,0.0,646.5367413663229,642.5116237274169,1,22,0,2024-04-07,45.88000068664551,45.88000068664551,91.76000137329102,4.157254542281278e-10,0
21,64.52000160217287,453.200008392334,453.200008392334,906.400016784668,1.0,0,1,1.0,1.0,1.0,1,1,1,1,1,0,6,0,0.0,0.0,698.2733203521728,688.2981364837646,1,22,0,2024-04-07,45.3200008392334,45.3200008392334,90.6400016784668,0.03377469388296553,0
22,53.081676239418,523.9000015258789,530.700008392334,1054.600009918213,0.8333333333333334,1,0,0.8333333333333334,1.0,1.0,0,0,1,0,1,6,0,0,0.0,0.0,694.1358719949633,773.8476679012069,1,22,0,2024-04-07,52.390000152587895,53.0700008392334,105.46000099182129,0.4967760289870183,0
23,97.02000160217284,503.200008392334,503.200008392334,1006.400016784668,1.0,0,1,1.0,1.0,1.0,1,1,1,1,1,0,6,0,0.0,0.0,701.0164248100598,803.9715373626709,1,22,0,2024-04-07,50.3200008392334,50.3200008392334,100.6400016784668,0.11538462416093814,0
24,63.840000915527256,629.8000091552734,638.4000091552734,1268.200018310547,1.0,0,1,1.0,1.0,1.0,1,1,1,1,1,3,0,3,0.0,0.0,744.8891763139,891.8672362915039,1,22,0,2024-04-07,62.98000091552734,63.84000091552735,126.8200018310547,0.2101039671651013,0
25,99.59000091552731,610.9000091552734,610.9000091552734,1221.8000183105469,1.0,0,1,1.0,1.0,1.0,1,1,1,1,1,1,5,0,0.0,0.0,866.5701186133206,987.5212279907228,1,22,0,2024-04-07,61.09000091552735,61.09000091552735,122.1800018310547,0.08333333395777226,0
26,69.94004374657202,699.4000091552734,699.3999615652239,1398.7999707204972,1.0,0,1,1.0,1.0,1.0,1,1,1,1,1,3,3,0,0.0,0.0,817.5690338832907,1049.140667581553,1,22,0,2024-04-07,69.94000091552735,69.93999615652238,139.87999707204972,0.25000000305127107,0
27,71.59000091552724,715.9000091552734,715.9000091552734,1431.8000183105469,1.0,0,1,1.0,1.0,1.0,1,1,1,1,1,0,6,0,0.0,0.0,765.6118133178709,1048.243967547761,1,22,0,2024-04-07,71.59000091552734,71.59000091552734,143.18000183105468,2.1314135185017507e-09,0
28,81.37113339591518,715.9000091552734,705.0320841770645,1420.932093332338,0.0,6,0,0.0,1.0,1.0,0,0,1,0,1,6,0,0,0.09354150948179633,0.0,648.9336416608573,1070.2802566431474,1,22,0,2024-04-07,71.59000091552734,70.50320841770645,142.0932093332338,0.44591608557181406,1
29,73.24009747053746,732.4000091552734,732.3999018719289,1464.7999110272024,0.16666666666666666,5,0,0.0,1.0,1.0,0,0,1,0,1,5,0,1,0.18190092992090492,0.0,599.1757664158499,1077.5515513575876,1,22,0,2024-04-07,73.24000091552735,73.2399901871929,146.47999110272025,0.4166666974736269,1
30,113.57000236511233,742.5266787211101,751.700008392334,1494.226687113444,0.0,6,0,0.0,1.0,1.0,0,0,1,0,1,6,0,0,0.2551985214350224,0.0,553.0349681854249,1007.6216708770752,1,22,0,2024-04-07,74.25266787211102,75.1700008392334,149.42266871134441,0.49693040139618455,1
31,146.50534281302987,762.3266779581706,706.6607386848495,1468.9874166430202,1.0,0,1,1.0,1.0,1.0,1,1,1,1,1,6,0,0,0.2925564349036367,0.0,539.3031028227955,963.0862327729077,1,22,0,2024-04-07,76.23266779581706,70.66607386848496,146.89874166430204,1.5227210046103641e-09,0
32,94.75000076293951,0.0,837.5000076293945,837.5000076293945,0.16666666666666666,5,0,1.0,1.0,0.16666666666666666,1,0,0,1,1,0,0,6,0.0,0.0,592.7503974914551,995.2415992370605,1,22,0,2024-04-07,0.0,83.75000076293946,83.75000076293946,9.109725375236765e-10,0
33,139.57000083923333,839.8966757456461,845.700008392334,1685.59668413798,1.0,0,1,1.0,1.0,1.0,1,1,1,1,1,0,6,0,0.2627360402573347,0.0,619.2255489349365,922.9215991607667,1,22,0,2024-04-07,83.98966757456462,84.5700008392334,168.55966841379802,3.847293650254804e-09,0
34,683.9000091552734,908.9000091552734,250.0,1158.9000091552734,0.8333333333333334,1,0,1.0,0.8333333333333334,1.0,0,0,1,1,0,0,6,0,0.0,0.0,1339.293197631836,366.2849502197266,1,22,0,2024-04-07,90.89000091552735,25.0,115.89000091552735,1.3166613980460823e-08,0
35,90.60980482670658,840.200008392334,840.200008392334,1680.400016784668,1.0,0,1,1.0,1.0,1.0,1,1,1,1,1,6,0,0,0.0,0.0,982.549624162644,945.981770759231,1,22,0,2024-04-07,84.0200008392334,84.0200008392334,168.0400016784668,0.0833333352473988,0
36,85.12000083923337,842.600008392334,851.200008392334,1693.800016784668,1.0,0,1,1.0,1.0,1.0,1,1,1,1,1,0,6,0,0.0,0.0,897.6008968353271,948.7960376373292,1,22,0,2024-04-07,84.2600008392334,85.1200008392334,169.3800016784668,1.1260766574172786e-09,0
37,164.12258185107456,721.6333368937175,722.0000076293945,1443.633344523112,0.6666666666666666,2,0,0.3333333333333333,1.0,1.0,0,0,1,0,1,3,3,0,0.0,0.0,809.1630481596683,784.0690913911129,1,22,0,2024-04-07,72.16333368937175,72.20000076293945,144.36333445231122,0.23583751869922145,1
38,85.6400012969971,664.0333346048991,664.4000053405762,1328.4333399454754,1.0,0,1,1.0,1.0,1.0,1,1,1,1,1,6,0,0,0.09277956868078854,0.0,602.4246082305908,743.3516597381591,1,22,0,2024-04-07,66.40333346048992,66.44000053405762,132.84333399454755,1.4357880097412305e-09,0
39,108.47000120347913,617.3333338419596,617.7000045776367,1235.0333384195965,1.0,0,1,1.0,1.0,1.0,1,1,1,1,1,0,0,6,0.12455045968610902,0.0,540.4441833323854,643.5215987965208,1,22,0,2024-04-07,61.733333384195966,61.77000045776367,123.50333384195966,1.3946179358495367e-11,0
40,123.42774354255766,659.0333346048991,659.4000053405762,1318.4333399454754,1.0,0,1,1.0,1.0,1.0,1,1,1,1,1,6,0,0,0.21899519635967712,0.12259045833853535,514.7082000855264,578.5638564574423,1,22,0,2024-04-07,65.90333346048992,65.94000053405762,131.84333399454755,1.1666597667556806e-09,0
41,98.6100006103515,597.4733370463053,601.1000061035156,1198.573343149821,1.0,0,1,1.0,1.0,1.0,1,1,1,1,1,0,0,6,0.20775689537918005,0.005011196016417754,473.3441314697265,598.087776147461,1,22,0,2024-04-07,59.747333704630535,60.11000061035156,119.85733431498211,4.742589945428364e-17,0
42,149.37474382543942,624.3400032043457,639.6000061035156,1263.9400093078614,1.0,0,1,1.0,1.0,1.0,1,1,1,1,1,6,0,0,0.25388048024175214,0.27233139536242557,465.8322633566894,465.4168439675293,1,22,0,2024-04-07,62.43400032043458,63.960000610351564,126.39400093078615,2.551429231390499e-09,0
43,80.96000061035157,523.600001525879,534.6000061035156,1058.2000076293946,1.0,0,1,1.0,1.0,1.0,1,1,1,1,1,6,0,0,0.19744141814742178,0.021826378912433813,420.2196746826172,522.9316238037109,1,22,0,2024-04-07,52.3600001525879,53.460000610351564,105.82000076293946,1.441957006024621e-09,0
44,48.055920611572176,468.6000015258789,479.6000061035156,948.2000076293946,1.0,0,1,1.0,1.0,1.0,1,1,1,1,1,0,0,6,0.16357952221931246,0.0,391.94663716430654,528.3357038024902,1,22,0,2024-04-07,46.860000152587894,47.960000610351564,94.82000076293946,1.0170379369246187e-09,0
45,44.26271126280208,396.96667226155597,407.6000061035156,804.5666783650715,1.0,0,1,1.0,1.0,1.0,1,1,1,1,1,0,0,6,0.0462137761920638,0.0,378.6213433139521,512.9289009442291,1,22,0,2024-04-07,39.6966672261556,40.76000061035157,80.45666783650717,8.594850300578026e-10,0
46,60.56000061035157,385.6000061035156,385.6000061035156,771.2000122070312,1.0,0,1,1.0,1.0,1.0,1,1,1,1,1,0,0,6,0.0,0.0,390.9438812255859,496.63161159667965,1,22,0,2024-04-07,38.560000610351565,38.560000610351565,77.12000122070313,9.89288681407059e-10,0
47,117.56321078068686,374.7000045776367,374.7000045776367,749.4000091552734,1.0,0,1,1.0,1.0,1.0,1,1,1,1,1,6,0,0,0.0,0.0,420.5115140033431,389.6284014263444,1,22,0,2024-04-07,37.470000457763675,37.470000457763675,74.94000091552735,1.663991776675657e-09,0
0,-250.7600023905436,0.0,259.4000015258789,259.4000015258789,0.0,6,0,0.0,1.0,1.0,1,0,1,0,1,6,0,0,0.0,0.0,0.0,429.85160849405923,1,22,1,2024-04-07,0.0,25.940000152587892,25.940000152587892,2.8431308218904568e-08,1
1,-125.95999946594247,0.0,278.60000228881836,278.60000228881836,0.0,6,0,1.0,0.0,0.0,1,0,0,1,0,0,2,4,0.0,0.0,7.299171066284089,305.0516055694581,1,22,1,2024-04-07,0.0,27.860000228881837,27.860000228881837,0.015384614155812323,1
2,0.0,0.0,0.0,0.0,1.0,0,1,1.0,1.0,0.0,1,1,0,1,1,0,0,6,0.0,0.0,132.13650512695312,179.09160610351563,0,22,1,2024-04-07,0.0,0.0,0.0,0.0,0
3,0.0,0.0,0.0,0.0,1.0,0,1,1.0,1.0,0.0,1,1,0,1,1,0,0,6,0.0,0.0,168.09160610351563,168.09160610351563,0,22,1,2024-04-07,0.0,0.0,0.0,0.0,0
4,0.0,0.0,0.0,0.0,1.0,0,1,1.0,1.0,0.0,1,1,0,1,1,0,0,6,0.0,0.0,148.8916015258789,148.8916015258789,0,22,1,2024-04-07,0.0,0.0,0.0,0.0,0
5,0.0,0.0,0.0,0.0,1.0,0,1,1.0,1.0,0.0,1,1,0,1,1,0,0,6,0.0,0.0,148.8916015258789,148.8916015258789,0,22,1,2024-04-07,0.0,0.0,0.0,0.0,0
6,0.0,0.0,0.0,0.0,1.0,0,1,1.0,1.0,0.0,1,1,0,1,1,0,0,6,0.0,0.0,121.39160152587891,121.39160152587891,0,22,1,2024-04-07,0.0,0.0,0.0,0.0,0
7,0.0,0.0,0.0,0.0,1.0,0,1,1.0,1.0,0.0,1,1,0,1,1,0,0,6,0.0,0.0,121.39160152587891,121.39160152587891,0,22,1,2024-04-07,0.0,0.0,0.0,0.0,0
8,0.0,0.0,0.0,0.0,1.0,0,1,1.0,1.0,0.0,1,1,0,1,1,0,0,6,0.0,0.0,121.39160152587891,121.39160152587891,0,22,1,2024-04-07,0.0,0.0,0.0,0.0,0
9,0.0,0.0,0.0,0.0,1.0,0,1,1.0,1.0,0.0,1,1,0,1,1,0,0,6,0.0,0.0,121.39160152587891,121.39160152587891,0,22,1,2024-04-07,0.0,0.0,0.0,0.0,0
10,0.0,0.0,0.0,0.0,1.0,0,1,1.0,1.0,0.0,1,1,0,1,1,0,0,6,0.0,0.0,121.39160152587891,121.39160152587891,0,22,1,2024-04-07,0.0,0.0,0.0,0.0,0
11,0.0,0.0,0.0,0.0,1.0,0,1,1.0,1.0,0.0,1,1,0,1,1,0,0,6,0.0,0.0,121.39160152587891,121.39160152587891,0,22,1,2024-04-07,0.0,0.0,0.0,0.0,0
12,0.0,0.0,0.0,0.0,1.0,0,1,1.0,1.0,0.0,1,1,0,1,1,0,0,6,0.0,0.0,151.59160610351563,151.59160610351563,0,22,1,2024-04-07,0.0,0.0,0.0,0.0,0
13,0.0,0.0,0.0,0.0,1.0,0,1,1.0,1.0,0.0,1,1,0,1,1,0,0,6,0.0,0.0,209.29160305175782,206.16370388183594,0,22,1,2024-04-07,0.0,0.0,0.0,0.0,0
14,0.0,0.0,0.0,0.0,1.0,0,1,1.0,1.0,0.0,1,1,0,1,1,0,0,6,0.0,0.0,236.79158779296876,217.59159084472657,0,22,1,2024-04-07,0.0,0.0,0.0,0.0,0
15,0.0,0.0,0.0,0.0,1.0,0,1,1.0,1.0,0.0,1,1,0,1,1,0,0,6,0.0,0.0,236.79158779296876,217.59159084472657,0,22,1,2024-04-07,0.0,0.0,0.0,0.0,0
16,0.0,0.0,0.0,0.0,1.0,0,1,1.0,1.0,0.0,1,1,0,1,1,0,0,6,0.0,0.0,267.59159084472657,267.59159084472657,0,22,1,2024-04-07,0.0,0.0,0.0,0.0,0
17,93.70000457763669,291.2000045776367,250.0,541.2000045776367,1.0,0,1,1.0,1.0,1.0,1,1,1,1,1,0,0,6,0.0,0.07254000524877541,438.19160457763667,231.86499868780615,1,22,1,2024-04-07,29.120000457763673,25.0,54.12000045776367,5.251609236881821e-17,0
18,49.976773977307424,307.7000045776367,307.70000084809726,615.400005425734,1.0,0,1,1.0,1.0,1.0,1,1,1,1,1,6,0,0,0.0,0.11028395712975712,432.9683739773074,273.7656271457395,1,22,1,2024-04-07,30.770000457763672,30.770000084809727,61.5400005425734,2.711988625123651e-09,0
19,56.0650005340576,354.4000053405762,331.48333867390954,685.8833440144857,1.0,0,1,1.0,1.0,1.0,1,1,1,1,1,5,1,0,0.0,0.08379654953359109,480.0285243621826,303.70617866516113,1,22,1,2024-04-07,35.44000053405762,33.14833386739095,68.58833440144858,0.013631372237417366,0
20,45.88000068664555,458.8000068664551,458.8000068664551,917.6000137329102,1.0,0,1,1.0,1.0,1.0,1,1,1,1,1,0,0,6,0.0,0.2621338521543258,484.44560581359866,338.5329936981201,1,22,1,2024-04-07,45.88000068664551,45.88000068664551,91.76000137329102,4.157254542281278e-10,0
21,64.52000160217287,453.200008392334,453.200008392334,906.400016784668,1.0,0,1,1.0,1.0,1.0,1,1,1,1,1,0,6,0,0.0,0.20682367596696083,512.8190662017822,359.467516708374,1,22,1,2024-04-07,45.3200008392334,45.3200008392334,90.6400016784668,0.03377469388296553,0
22,53.081676239418,523.9000015258789,530.700008392334,1054.600009918213,0.5,3,0,0.5,1.0,1.0,0,0,1,0,1,6,0,0,0.0,0.1448820268848818,585.2020604191055,453.81111550862886,1,22,1,2024-04-07,52.390000152587895,53.0700008392334,105.46000099182129,0.4967760289870183,0
23,97.02000160217284,503.200008392334,503.200008392334,1006.400016784668,1.0,0,1,1.0,1.0,1.0,1,1,1,1,1,0,6,0,0.0,0.0,672.7327930084227,577.9454753509522,1,22,1,2024-04-07,50.3200008392334,50.3200008392334,100.6400016784668,0.11538462416093814,0
24,63.840000915527256,629.8000091552734,638.4000091552734,1268.200018310547,1.0,0,1,1.0,1.0,1.0,1,1,1,1,1,3,0,3,0.0,0.0,802.6212739348322,727.3842651000977,1,22,1,2024-04-07,62.98000091552734,63.84000091552735,126.8200018310547,0.2101039671651013,0
25,99.59000091552731,610.9000091552734,610.9000091552734,1221.8000183105469,1.0,0,1,1.0,1.0,1.0,1,1,1,1,1,1,5,0,0.0,0.0,824.7547576538085,764.0127454464026,1,22,1,2024-04-07,61.09000091552735,61.09000091552735,122.1800018310547,0.08333333395777226,0
26,69.94004374657202,699.4000091552734,699.3999615652239,1398.7999707204972,1.0,0,1,1.0,1.0,1.0,1,1,1,1,1,3,3,0,0.0,0.0,834.6876251918844,837.2181973236155,1,22,1,2024-04-07,69.94000091552735,69.93999615652238,139.87999707204972,0.25000000305127107,0
27,71.59000091552724,715.9000091552734,715.9000091552734,1431.8000183105469,1.0,0,1,1.0,1.0,1.0,1,1,1,1,1,0,6,0,0.0,0.0,818.3788393140385,909.5668212524415,1,22,1,2024-04-07,71.59000091552734,71.59000091552734,143.18000183105468,2.1314135185017507e-09,0
28,81.37113339591518,715.9000091552734,705.0320841770645,1420.932093332338,0.0,6,0,0.0,1.0,1.0,0,0,1,0,1,6,0,0,0.0,0.0,768.2036529271652,895.9807571314285,1,22,1,2024-04-07,71.59000091552734,70.50320841770645,142.0932093332338,0.44591608557181406,1
29,73.24009747053746,732.4000091552734,732.3999018719289,1464.7999110272024,0.16666666666666666,5,0,0.0,1.0,1.0,0,0,1,0,1,5,0,1,0.287284326054377,0.0,521.9929661228812,902.1514048732125,1,22,1,2024-04-07,73.24000091552735,73.2399901871929,146.47999110272025,0.4166666974736269,1
30,113.57000236511233,742.5266787211101,751.700008392334,1494.226687113444,0.0,6,0,0.0,1.0,1.0,0,0,1,0,1,6,0,0,0.3104532454270517,0.0,512.0068614959717,881.0215732208251,1,22,1,2024-04-07,74.25266787211102,75.1700008392334,149.42266871134441,0.49693040139618455,1
31,146.50534281302987,762.3266779581706,706.6607386848495,1468.9874166430202,0.5,3,0,0.5,1.0,1.0,0,0,1,0,1,6,0,0,0.2894556644371493,0.0,541.6669028716236,878.2861839447827,1,22,1,2024-04-07,76.23266779581706,70.66607386848496,146.89874166430204,1.5227210046103641e-09,0
32,94.75000076293951,0.0,837.5000076293945,837.5000076293945,0.0,6,0,1.0,1.0,0.0,1,0,0,1,1,0,0,6,0.0,0.0,482.24856643676765,853.1415015808104,1,22,1,2024-04-07,0.0,83.75000076293946,83.75000076293946,9.109725375236765e-10,0
33,139.57000083923333,839.8966757456461,845.700008392334,1685.59668413798,1.0,0,1,1.0,1.0,1.0,1,1,1,1,1,0,6,0,0.37042383968285614,0.07919872264252127,528.7789241790771,778.7216479888916,1,22,1,2024-04-07,83.98966757456462,84.5700008392334,168.55966841379802,3.847293650254804e-09,0
34,683.9000091552734,908.9000091552734,250.0,1158.9000091552734,1.0,0,1,1.0,1.0,1.0,1,1,1,1,1,0,6,0,0.0,0.13923373427734395,1092.0695037841797,215.191566430664,1,22,1,2024-04-07,90.89000091552735,25.0,115.89000091552735,1.3166613980460823e-08,0
35,90.60980482670658,840.200008392334,840.200008392334,1680.400016784668,0.8333333333333334,1,0,0.8333333333333334,1.0,1.0,0,0,1,0,1,6,0,0,0.08791242266435366,0.01811263684967374,766.3359901319536,824.9817707592308,1,22,1,2024-04-07,84.0200008392334,84.0200008392334,168.0400016784668,0.0833333352473988,1
36,85.12000083923337,842.600008392334,851.200008392334,1693.800016784668,1.0,0,1,1.0,1.0,1.0,1,1,1,1,1,0,6,0,0.06934985542601438,0.0,784.1658196283671,947.5538501373292,1,22,1,2024-04-07,84.2600008392334,85.1200008392334,169.3800016784668,1.1260766574172786e-09,0
37,164.12258185107456,721.6333368937175,722.0000076293945,1443.633344523112,0.8333333333333334,1,0,0.6666666666666666,1.0,1.0,0,0,1,0,1,3,3,0,0.0,0.0,747.4282077299807,954.6538653909479,1,22,1,2024-04-07,72.16333368937175,72.20000076293945,144.36333445231122,0.23583751869922145,0
38,85.6400012969971,664.0333346048991,664.4000053405762,1328.4333399454754,1.0,0,1,1.0,1.0,1.0,1,1,1,1,1,6,0,0,0.06980792291039482,0.0,617.6785467728679,1012.726598703003,1,22,1,2024-04-07,66.40333346048992,66.44000053405762,132.84333399454755,1.4357880097412305e-09,0
39,108.47000120347913,617.3333338419596,617.7000045776367,1235.0333384195965,1.0,0,1,1.0,1.0,1.0,1,1,1,1,1,0,0,6,0.0,0.0,621.1985778636354,967.061149577771,1,22,1,2024-04-07,61.733333384195966,61.77000045776367,123.50333384195966,1.3946179358495367e-11,0
40,123.42774354255766,659.0333346048991,659.4000053405762,1318.4333399454754,1.0,0,1,1.0,1.0,1.0,1,1,1,1,1,6,0,0,0.028807136948028066,0.0,640.0484710816202,939.3639052855674,1,22,1,2024-04-07,65.90333346048992,65.94000053405762,131.84333399454755,1.1666597667556806e-09,0
41,98.6100006103515,597.4733370463053,601.1000061035156,1198.573343149821,0.16666666666666666,5,0,1.0,1.0,0.16666666666666666,0,0,0,1,1,0,0,6,0.0,0.0,605.3508148193359,920.781623803711,1,22,1,2024-04-07,59.747333704630535,60.11000061035156,119.85733431498211,4.742589945428364e-17,0
42,149.37474382543942,624.3400032043457,639.6000061035156,1263.9400093078614,0.6666666666666666,2,0,0.6666666666666666,1.0,1.0,0,0,1,0,1,6,0,0,0.0,0.0,641.1111329855956,820.016880588623,1,22,1,2024-04-07,62.43400032043458,63.960000610351564,126.39400093078615,2.551429231390499e-09,0
43,80.96000061035157,523.600001525879,534.6000061035156,1058.2000076293946,0.0,6,0,0.0,1.0,1.0,0,0,1,0,1,6,0,0,0.0,0.0,637.9275299072266,860.5649245849609,1,22,1,2024-04-07,52.3600001525879,53.460000610351564,105.82000076293946,1.441957006024621e-09,0
44,48.055920611572176,468.6000015258789,479.6000061035156,948.2000076293946,0.0,6,0,1.0,1.0,0.0,0,0,0,1,1,0,0,6,0.0,0.0,508.88782979125966,755.9356793884277,1,22,1,2024-04-07,46.860000152587894,47.960000610351564,94.82000076293946,1.0170379369246187e-09,0
45,44.26271126280208,396.96667226155597,407.6000061035156,804.5666783650715,0.6666666666666666,2,0,1.0,1.0,0.6666666666666666,0,0,0,1,1,0,0,6,0.044210798201710304,0.0,379.41645882139585,627.2288887371978,1,22,1,2024-04-07,39.6966672261556,40.76000061035157,80.45666783650717,8.594850300578026e-10,0
46,60.56000061035157,385.6000061035156,385.6000061035156,771.2000122070312,1.0,0,1,1.0,1.0,1.0,1,1,1,1,1,0,0,6,0.0735598588118833,0.0,357.2353240966797,580.7315871826171,1,22,1,2024-04-07,38.560000610351565,38.560000610351565,77.12000122070313,9.89288681407059e-10,0
47,117.56321078068686,374.7000045776367,374.7000045776367,749.4000091552734,1.0,0,1,1.0,1.0,1.0,1,1,1,1,1,6,0,0,0.0,0.0,419.4679043842025,465.4283892193131,1,22,1,2024-04-07,37.470000457763675,37.470000457763675,74.94000091552735,1.663991776675657e-09,0
0,-250.7600023905436,0.0,259.4000015258789,259.4000015258789,0.0,6,0,0.0,1.0,1.0,1,0,1,0,1,6,0,0,0.0,0.0,0.0,413.35160849405923,1,22,2,2024-04-07,0.0,25.940000152587892,25.940000152587892,2.8431308218904568e-08,1
1,-125.95999946594247,0.0,278.60000228881836,278.60000228881836,0.0,6,0,1.0,0.0,0.0,1,0,0,1,0,0,2,4,0.0,0.0,0.0,288.5516055694581,1,22,2,2024-04-07,0.0,27.860000228881837,27.860000228881837,0.015384614155812323,1
2,0.0,0.0,0.0,0.0,1.0,0,1,1.0,1.0,0.0,1,1,0,1,1,0,0,6,0.0,0.0,76.90496826171875,126.89160152587891,0,22,2,2024-04-07,0.0,0.0,0.0,0.0,0
3,0.0,0.0,0.0,0.0,1.0,0,1,1.0,1.0,0.0,1,1,0,1,1,0,0,6,0.0,0.0,108.03304888281251,126.89160152587891,0,22,2,2024-04-07,0.0,0.0,0.0,0.0,0
4,0.0,0.0,0.0,0.0,1.0,0,1,1.0,1.0,0.0,1,1,0,1,1,0,0,6,0.0,0.0,153.63579555664063,154.3916015258789,0,22,2,2024-04-07,0.0,0.0,0.0,0.0,0
5,0.0,0.0,0.0,0.0,1.0,0,1,1.0,1.0,0.0,1,1,0,1,1,0,0,6,0.0,0.0,154.3916015258789,154.3916015258789,0,22,2,2024-04-07,0.0,0.0,0.0,0.0,0
6,0.0,0.0,0.0,0.0,1.0,0,1,1.0,1.0,0.0,1,1,0,1,1,0,0,6,0.0,0.0,143.3916015258789,143.3916015258789,0,22,2,2024-04-07,0.0,0.0,0.0,0.0,0
7,0.0,0.0,0.0,0.0,1.0,0,1,1.0,1.0,0.0,1,1,0,1,1,0,0,6,0.0,0.0,124.19159694824219,124.19159694824219,0,22,2,2024-04-07,0.0,0.0,0.0,0.0,0
8,0.0,0.0,0.0,0.0,1.0,0,1,1.0,1.0,0.0,1,1,0,1,1,0,0,6,0.0,0.0,124.19159694824219,124.19159694824219,0,22,2,2024-04-07,0.0,0.0,0.0,0.0,0
9,0.0,0.0,0.0,0.0,1.0,0,1,1.0,1.0,0.0,1,1,0,1,1,0,0,6,0.0,0.0,124.19159694824219,124.19159694824219,0,22,2,2024-04-07,0.0,0.0,0.0,0.0,0
10,0.0,0.0,0.0,0.0,1.0,0,1,1.0,1.0,0.0,1,1,0,1,1,0,0,6,0.0,0.0,124.19159694824219,124.19159694824219,0,22,2,2024-04-07,0.0,0.0,0.0,0.0,0
11,0.0,0.0,0.0,0.0,1.0,0,1,1.0,1.0,0.0,1,1,0,1,1,0,0,6,0.0,0.0,124.19159694824219,124.19159694824219,0,22,2,2024-04-07,0.0,0.0,0.0,0.0,0
12,0.0,0.0,0.0,0.0,1.0,0,1,1.0,1.0,0.0,1,1,0,1,1,0,0,6,0.0,0.0,124.19159694824219,124.19159694824219,0,22,2,2024-04-07,0.0,0.0,0.0,0.0,0
13,0.0,0.0,0.0,0.0,1.0,0,1,1.0,1.0,0.0,1,1,0,1,1,0,0,6,0.0,0.0,212.6915969482422,210.83438869628907,0,22,2,2024-04-07,0.0,0.0,0.0,0.0,0
14,0.0,0.0,0.0,0.0,1.0,0,1,1.0,1.0,0.0,1,1,0,1,1,0,0,6,0.0,0.0,212.6915969482422,203.2234572998047,0,22,2,2024-04-07,0.0,0.0,0.0,0.0,0
15,0.0,0.0,0.0,0.0,1.0,0,1,1.0,1.0,0.0,1,1,0,1,1,0,0,6,0.0,0.0,262.1915969482422,257.1613540283203,0,22,2,2024-04-07,0.0,0.0,0.0,0.0,0
16,0.0,0.0,0.0,0.0,1.0,0,1,1.0,1.0,0.0,1,1,0,1,1,0,0,6,0.0,0.0,349.10909267578126,369.83846279296876,0,22,2,2024-04-07,0.0,0.0,0.0,0.0,0
17,93.70000457763669,291.2000045776367,250.0,541.2000045776367,1.0,0,1,1.0,1.0,1.0,1,1,1,1,1,0,0,6,0.0,0.0,535.9212798706054,379.16622921142584,1,22,2,2024-04-07,29.120000457763673,25.0,54.12000045776367,5.251609236881821e-17,0
18,49.976773977307424,307.7000045776367,307.70000084809726,615.400005425734,1.0,0,1,1.0,1.0,1.0,1,1,1,1,1,6,0,0,0.0,0.0,623.7859179300585,604.0148260226925,1,22,2,2024-04-07,30.770000457763672,30.770000084809727,61.5400005425734,2.711988625123651e-09,0
19,56.0650005340576,354.4000053405762,331.48333867390954,685.8833440144857,1.0,0,1,1.0,1.0,1.0,1,1,1,1,1,5,1,0,0.0,0.0,693.1954936981201,686.4266605010986,1,22,2,2024-04-07,35.44000053405762,33.14833386739095,68.58833440144858,0.013631372237417366,0
20,45.88000068664555,458.8000068664551,458.8000068664551,917.6000137329102,1.0,0,1,1.0,1.0,1.0,1,1,1,1,1,0,0,6,0.0,0.0,686.7081256866455,696.0400050750732,1,22,2,2024-04-07,45.88000068664551,45.88000068664551,91.76000137329102,4.157254542281278e-10,0
21,64.52000160217287,453.200008392334,453.200008392334,906.400016784668,1.0,0,1,1.0,1.0,1.0,1,1,1,1,1,0,6,0,0.0,0.0,920.3119937896729,870.4839274993896,1,22,2,2024-04-07,45.3200008392334,45.3200008392334,90.6400016784668,0.03377469388296553,0
22,53.081676239418,523.9000015258789,530.700008392334,1054.600009918213,1.0,0,1,1.0,1.0,1.0,1,1,1,1,1,6,0,0,0.0,0.0,841.6129932763646,902.0604364558944,1,22,2,2024-04-07,52.390000152587895,53.0700008392334,105.46000099182129,0.4967760289870183,0
23,97.02000160217284,503.200008392334,503.200008392334,1006.400016784668,0.6666666666666666,2,0,1.0,0.6666666666666666,1.0,0,0,1,1,0,0,6,0,0.0,0.0,919.7470523834229,966.4318034759522,1,22,2,2024-04-07,50.3200008392334,50.3200008392334,100.6400016784668,0.11538462416093814,0
24,63.840000915527256,629.8000091552734,638.4000091552734,1268.200018310547,1.0,0,1,1.0,1.0,1.0,1,1,1,1,1,3,0,3,0.0,0.0,884.0686459096272,1004.8315307250978,1,22,2,2024-04-07,62.98000091552734,63.84000091552735,126.8200018310547,0.2101039671651013,0
25,99.59000091552731,610.9000091552734,610.9000091552734,1221.8000183105469,0.8333333333333334,1,0,0.0,1.0,1.0,0,0,1,0,1,1,5,0,0.0,0.0,895.8100326538085,996.9092895141603,1,22,2,2024-04-07,61.09000091552735,61.09000091552735,122.1800018310547,0.08333333395777226,0
26,69.94004374657202,699.4000091552734,699.3999615652239,1398.7999707204972,1.0,0,1,1.0,1.0,1.0,1,1,1,1,1,3,3,0,0.0,0.0,887.8616202369742,1078.071575784678,1,22,2,2024-04-07,69.94000091552735,69.93999615652238,139.87999707204972,0.25000000305127107,0
27,71.59000091552724,715.9000091552734,715.9000091552734,1431.8000183105469,1.0,0,1,1.0,1.0,1.0,1,1,1,1,1,0,6,0,0.0,0.0,995.822470469584,1190.4015990844728,1,22,2,2024-04-07,71.59000091552734,71.59000091552734,143.18000183105468,2.1314135185017507e-09,0
28,81.37113339591518,715.9000091552734,705.0320841770645,1420.932093332338,0.8333333333333334,1,0,0.8333333333333334,1.0,1.0,0,0,1,0,1,6,0,0,0.0,0.0,786.1956191381026,1159.7117457352717,1,22,2,2024-04-07,71.59000091552734,70.50320841770645,142.0932093332338,0.44591608557181406,0
29,73.24009747053746,732.4000091552734,732.3999018719289,1464.7999110272024,0.16666666666666666,5,0,0.0,1.0,1.0,0,0,1,0,1,5,0,1,0.2659842018440889,0.0,537.5931772895046,1127.7515025294626,1,22,2,2024-04-07,73.24000091552735,73.2399901871929,146.47999110272025,0.4166666974736269,1
30,113.57000236511233,742.5266787211101,751.700008392334,1494.226687113444,0.0,6,0,0.0,1.0,1.0,0,0,1,0,1,6,0,0,0.35140636378686463,0.0,481.5980785369873,1114.9215976348878,1,22,2,2024-04-07,74.25266787211102,75.1700008392334,149.42266871134441,0.49693040139618455,1
31,146.50534281302987,762.3266779581706,706.6607386848495,1468.9874166430202,0.6666666666666666,2,0,0.6666666666666666,1.0,1.0,0,0,1,0,1,6,0,0,0.2761462546297449,0.0,551.8130210356861,1167.6863304291578,1,22,2,2024-04-07,76.23266779581706,70.66607386848496,146.89874166430204,1.5227210046103641e-09,0
32,94.75000076293951,0.0,837.5000076293945,837.5000076293945,0.16666666666666666,5,0,1.0,1.0,0.16666666666666666,1,0,0,1,1,0,0,6,0.0,0.0,585.7055976867676,1171.6415015808107,1,22,2,2024-04-07,0.0,83.75000076293946,83.75000076293946,9.109725375236765e-10,0
33,139.57000083923333,839.8966757456461,845.700008392334,1685.59668413798,1.0,0,1,1.0,1.0,1.0,1,1,1,1,1,0,6,0,0.246722841537258,0.0,632.6749813079833,1126.8215015045166,1,22,2,2024-04-07,83.98966757456462,84.5700008392334,168.55966841379802,3.847293650254804e-09,0
34,683.9000091552734,908.9000091552734,250.0,1158.9000091552734,1.0,0,1,1.0,1.0,1.0,1,1,1,1,1,0,6,0,0.0,0.0,1186.3809051513672,560.4914931884766,1,22,2,2024-04-07,90.89000091552735,25.0,115.89000091552735,1.3166613980460823e-08,0
35,90.60980482670658,840.200008392334,840.200008392334,1680.400016784668,0.8333333333333334,1,0,0.8333333333333334,1.0,1.0,0,0,1,0,1,6,0,0,0.07311788595122172,0.0,778.7663600024878,1130.491292243606,1,22,2,2024-04-07,84.0200008392334,84.0200008392334,168.0400016784668,0.0833333352473988,1
36,85.12000083923337,842.600008392334,851.200008392334,1693.800016784668,1.0,0,1,1.0,1.0,1.0,1,1,1,1,1,0,6,0,0.17168665157388452,0.0,697.9368343353271,1102.0715503326417,1,22,2,2024-04-07,84.2600008392334,85.1200008392334,169.3800016784668,1.1260766574172786e-09,0
37,164.12258185107456,721.6333368937175,722.0000076293945,1443.633344523112,0.5,3,0,0.0,1.0,1.0,0,0,1,0,1,3,3,0,0.39909013726274106,0.0,433.6365894194339,818.1690669770504,1,22,2,2024-04-07,72.16333368937175,72.20000076293945,144.36333445231122,0.23583751869922145,1
38,85.6400012969971,664.0333346048991,664.4000053405762,1328.4333399454754,1.0,0,1,1.0,1.0,1.0,1,1,1,1,1,6,0,0,0.45025995241509,0.0,365.0457169636637,885.6516475311279,1,22,2,2024-04-07,66.40333346048992,66.44000053405762,132.84333399454755,1.4357880097412305e-09,0
39,108.47000120347913,617.3333338419596,617.7000045776367,1235.0333384195965,0.6666666666666666,2,0,1.0,1.0,0.6666666666666666,0,0,0,1,1,0,0,6,0.24155258013295713,0.0,468.2148742503541,890.3216476246458,1,22,2,2024-04-07,61.733333384195966,61.77000045776367,123.50333384195966,1.3946179358495367e-11,0
40,123.42774354255766,659.0333346048991,659.4000053405762,1318.4333399454754,1.0,0,1,1.0,1.0,1.0,1,1,1,1,1,6,0,0,0.24614992903213953,0.0,496.8123260620889,807.9825576293173,1,22,2,2024-04-07,65.90333346048992,65.94000053405762,131.84333399454755,1.1666597667556806e-09,0
41,98.6100006103515,597.4733370463053,601.1000061035156,1198.573343149821,0.5,3,0,1.0,1.0,0.5,0,0,0,1,1,0,0,6,0.3811221985947219,0.0,369.76298522949213,674.1694411865235,1,22,2,2024-04-07,59.747333704630535,60.11000061035156,119.85733431498211,4.742589945428364e-17,0
42,149.37474382543942,624.3400032043457,639.6000061035156,1263.9400093078614,1.0,0,1,1.0,1.0,1.0,1,1,1,1,1,6,0,0,0.3313497874329645,0.07345698631246554,417.4650758566894,592.6169172097168,1,22,2,2024-04-07,62.43400032043458,63.960000610351564,126.39400093078615,2.551429231390499e-09,0
43,80.96000061035157,523.600001525879,534.6000061035156,1058.2000076293946,0.3333333333333333,4,0,0.3333333333333333,1.0,1.0,0,0,1,0,1,6,0,0,0.06145564994650088,0.0,491.4218231201172,641.2316115966796,1,22,2,2024-04-07,52.3600001525879,53.460000610351564,105.82000076293946,1.441957006024621e-09,0
44,48.055920611572176,468.6000015258789,479.6000061035156,948.2000076293946,1.0,0,1,1.0,1.0,1.0,1,1,1,1,1,0,0,6,0.19814696389645825,0.0,375.7483339416503,563.135691595459,1,22,2,2024-04-07,46.860000152587894,47.960000610351564,94.82000076293946,1.0170379369246187e-09,0
45,44.26271126280208,396.96667226155597,407.6000061035156,804.5666783650715,0.8333333333333334,1,0,1.0,1.0,0.8333333333333334,0,0,0,1,1,0,0,6,0.22827269022733515,0.0,306.3500220538177,511.9289009442291,1,22,2,2024-04-07,39.6966672261556,40.76000061035157,80.45666783650717,8.594850300578026e-10,0
46,60.56000061035157,385.6000061035156,385.6000061035156,771.2000122070312,1.0,0,1,1.0,1.0,1.0,1,1,1,1,1,0,0,6,0.2872784675933954,0.0,274.82542724609374,440.6316115966797,1,22,2,2024-04-07,38.560000610351565,38.560000610351565,77.12000122070313,9.89288681407059e-10,0
47,117.56321078068686,374.7000045776367,374.7000045776367,749.4000091552734,1.0,0,1,1.0,1.0,1.0,1,1,1,1,1,6,0,0,0.20186412222704878,0.12295597167986269,299.0615170551009,328.6284014263444,1,22,2,2024-04-07,37.470000457763675,37.470000457763675,74.94000091552735,1.663991776675657e-09,0
0,-250.7600023905436,0.0,259.4000015258789,259.4000015258789,0.0,6,0,0.0,1.0,1.0,1,0,1,0,1,6,0,0,0.0,0.0,0.0,462.65161154581705,1,23,0,2024-04-07,0.0,25.940000152587892,25.940000152587892,2.8431308218904568e-08,1
1,-125.95999946594247,0.0,278.60000228881836,278.60000228881836,0.16666666666666666,5,0,1.0,1.0,0.0,1,0,0,1,1,0,1,5,0.0,0.0,9.536368942260651,337.8516086212159,1,23,0,2024-04-07,0.0,27.860000228881837,27.860000228881837,0.14166666997565897,0
2,0.0,0.0,0.0,0.0,1.0,0,1,1.0,1.0,0.0,1,1,0,1,1,0,0,6,0.0,0.0,129.04450878483073,181.69161220703126,0,23,0,2024-04-07,0.0,0.0,0.0,0.0,0
3,0.0,0.0,0.0,0.0,1.0,0,1,1.0,1.0,0.0,1,1,0,1,1,0,0,6,0.0,0.0,140.88001085791015,181.69161220703126,0,23,0,2024-04-07,0.0,0.0,0.0,0.0,0
4,0.0,0.0,0.0,0.0,1.0,0,1,1.0,1.0,0.0,1,1,0,1,1,0,0,6,0.0,0.0,178.37935634765626,209.19161220703126,0,23,0,2024-04-07,0.0,0.0,0.0,0.0,0
5,0.0,0.0,0.0,0.0,1.0,0,1,1.0,1.0,0.0,1,1,0,1,1,0,0,6,0.0,0.0,162.28221889648438,189.9916,0,23,0,2024-04-07,0.0,0.0,0.0,0.0,0
6,0.0,0.0,0.0,0.0,1.0,0,1,1.0,1.0,0.0,1,1,0,1,1,0,0,6,0.0,0.0,168.96373745117188,189.9916,0,23,0,2024-04-07,0.0,0.0,0.0,0.0,0
7,0.0,0.0,0.0,0.0,1.0,0,1,1.0,1.0,0.0,1,1,0,1,1,0,0,6,0.0,0.0,166.03670498046876,170.79160305175782,0,23,0,2024-04-07,0.0,0.0,0.0,0.0,0
8,0.0,0.0,0.0,0.0,1.0,0,1,1.0,1.0,0.0,1,1,0,1,1,0,0,6,0.0,0.0,170.79160305175782,170.79160305175782,0,23,0,2024-04-07,0.0,0.0,0.0,0.0,0
9,0.0,0.0,0.0,0.0,1.0,0,1,1.0,1.0,0.0,1,1,0,1,1,0,0,6,0.0,0.0,170.79160305175782,166.02268215332032,0,23,0,2024-04-07,0.0,0.0,0.0,0.0,0
10,0.0,0.0,0.0,0.0,1.0,0,1,1.0,1.0,0.0,1,1,0,1,1,0,0,6,0.0,0.0,170.79160305175782,145.31038662109376,0,23,0,2024-04-07,0.0,0.0,0.0,0.0,0
11,0.0,0.0,0.0,0.0,1.0,0,1,1.0,1.0,0.0,1,1,0,1,1,0,0,6,0.0,0.0,170.79160305175782,140.08078762207032,0,23,0,2024-04-07,0.0,0.0,0.0,0.0,0
12,0.0,0.0,0.0,0.0,1.0,0,1,1.0,1.0,0.0,1,1,0,1,1,0,0,6,0.0,0.0,267.4916,229.2561721435547,0,23,0,2024-04-07,0.0,0.0,0.0,0.0,0
13,0.0,0.0,0.0,0.0,1.0,0,1,1.0,1.0,0.0,1,1,0,1,1,0,0,6,0.0,0.0,297.69161220703126,215.37490078125,0,23,0,2024-04-07,0.0,0.0,0.0,0.0,0
14,0.0,0.0,0.0,0.0,1.0,0,1,1.0,1.0,0.0,1,1,0,1,1,0,0,6,0.0,0.0,341.7947005859375,258.46941372070313,0,23,0,2024-04-07,0.0,0.0,0.0,0.0,0
15,0.0,0.0,0.0,0.0,1.0,0,1,1.0,1.0,0.0,1,1,0,1,1,0,0,6,0.0,0.0,294.3915938964844,288.246238671875,0,23,0,2024-04-07,0.0,0.0,0.0,0.0,0
16,0.0,0.0,0.0,0.0,1.0,0,1,1.0,1.0,0.0,1,1,0,1,1,0,0,6,0.0,0.0,420.69158168945313,410.27349086914063,0,23,0,2024-04-07,0.0,0.0,0.0,0.0,0
17,93.70000457763669,291.2000045776367,250.0,541.2000045776367,1.0,0,1,1.0,1.0,1.0,1,1,1,1,1,0,1,5,0.0,0.0,725.1106541768391,527.9272155395507,1,23,0,2024-04-07,29.120000457763673,25.0,54.12000045776367,0.05004311599375446,0
18,49.976773977307424,307.7000045776367,307.70000084809726,615.400005425734,1.0,0,1,1.0,1.0,1.0,1,1,1,1,1,6,0,0,0.0,0.0,699.5568902431766,592.97857113988,1,23,0,2024-04-07,30.770000457763672,30.770000084809727,61.5400005425734,2.711988625123651e-09,0
19,56.0650005340576,354.4000053405762,331.48333867390954,685.8833440144857,1.0,0,1,1.0,1.0,1.0,1,1,1,1,1,6,0,0,0.0,0.0,735.6649761199951,613.6073855987548,1,23,0,2024-04-07,35.44000053405762,33.14833386739095,68.58833440144858,2.780864465140536e-09,0
20,45.88000068664555,458.8000068664551,458.8000068664551,917.6000137329102,1.0,0,1,1.0,1.0,1.0,1,1,1,1,1,0,0,6,0.0,0.0,854.2955280303955,774.5613673797607,1,23,0,2024-04-07,45.88000068664551,45.88000068664551,91.76000137329102,4.157254542281278e-10,0
21,64.52000160217287,453.200008392334,453.200008392334,906.400016784668,1.0,0,1,1.0,1.0,1.0,1,1,1,1,1,6,0,0,0.0,0.0,843.9491087167562,739.4814250579833,1,23,0,2024-04-07,45.3200008392334,45.3200008392334,90.6400016784668,0.345833329370212,0
22,53.081676239418,523.9000015258789,530.700008392334,1054.600009918213,1.0,0,1,1.0,1.0,1.0,1,1,1,1,1,0,4,2,0.0,0.0,894.7067873944067,839.9166376277694,1,23,0,2024-04-07,52.390000152587895,53.0700008392334,105.46000099182129,0.20548312169399854,0
23,97.02000160217284,503.200008392334,503.200008392334,1006.400016784668,1.0,0,1,1.0,1.0,1.0,1,1,1,1,1,0,6,0,0.0,0.0,1059.2591461444092,884.8352458587647,1,23,0,2024-04-07,50.3200008392334,50.3200008392334,100.6400016784668,0.05833333592346625,0
24,63.840000915527256,629.8000091552734,638.4000091552734,1268.200018310547,1.0,0,1,1.0,1.0,1.0,1,1,1,1,1,0,0,6,0.0,0.0,1021.6694686889648,911.6529418579102,1,23,0,2024-04-07,62.98000091552734,63.84000091552735,126.8200018310547,6.015922993236214e-10,0
25,99.59000091552731,610.9000091552734,610.9000091552734,1221.8000183105469,1.0,0,1,1.0,1.0,1.0,1,1,1,1,1,0,6,0,0.0,0.0,1069.0326278686523,908.7955199829102,1,23,0,2024-04-07,61.09000091552735,61.09000091552735,122.1800018310547,0.12500000353848711,0
26,69.94004374657202,699.4000091552734,699.3999615652239,1398.7999707204972,1.0,0,1,1.0,1.0,1.0,1,1,1,1,1,2,4,0,0.0,0.0,1015.639506637197,909.7970396518655,1,23,0,2024-04-07,69.94000091552735,69.93999615652238,139.87999707204972,0.24999998048170444,0
27,71.59000091552724,715.9000091552734,715.9000091552734,1431.8000183105469,1.0,0,1,1.0,1.0,1.0,1,1,1,1,1,3,3,0,0.0,0.0,1062.4973495483398,924.252246057129,1,23,0,2024-04-07,71.59000091552734,71.59000091552734,143.18000183105468,0.22500000959136054,0
28,81.37113339591518,715.9000091552734,705.0320841770645,1420.932093332338,1.0,0,1,1.0,1.0,1.0,1,1,1,1,1,3,3,0,0.0,0.0,1135.149832963397,1029.2638992212724,1,23,0,2024-04-07,71.59000091552734,70.50320841770645,142.0932093332338,0.19847030702609733,0
29,73.24009747053746,732.4000091552734,732.3999018719289,1464.7999110272024,1.0,0,1,1.0,1.0,1.0,1,1,1,1,1,0,1,5,0.0,0.0,1139.0864109471,1010.0749888575876,1,23,0,2024-04-07,73.24000091552735,73.2399901871929,146.47999110272025,0.05833333102795011,0
30,113.57000236511233,742.5266787211101,751.700008392334,1494.226687113444,1.0,0,1,1.0,1.0,1.0,1,1,1,1,1,6,0,0,0.0,0.0,1142.5704906463623,996.0918857208252,1,23,0,2024-04-07,74.25266787211102,75.1700008392334,149.42266871134441,1.7870702849482074e-09,0
31,146.50534281302987,762.3266779581706,706.6607386848495,1468.9874166430202,1.0,0,1,1.0,1.0,1.0,1,1,1,1,1,6,0,0,0.0,0.0,1301.11813578178,1097.4454857025953,1,23,0,2024-04-07,76.23266779581706,70.66607386848496,146.89874166430204,1.5227210046103641e-09,0
32,94.75000076293951,0.0,837.5000076293945,837.5000076293945,1.0,0,1,1.0,1.0,1.0,1,1,1,1,1,0,1,5,0.0,0.0,1205.086304473877,1155.3197242370607,1,23,0,2024-04-07,0.0,83.75000076293946,83.75000076293946,0.016666667122152947,0
33,139.57000083923333,839.8966757456461,845.700008392334,1685.59668413798,1.0,0,1,1.0,1.0,1.0,1,1,1,1,1,0,6,0,0.0,0.0,1186.5761043548582,1099.1697681060791,1,23,0,2024-04-07,83.98966757456462,84.5700008392334,168.55966841379802,3.847293650254804e-09,0
34,683.9000091552734,908.9000091552734,250.0,1158.9000091552734,0.3333333333333333,4,0,1.0,0.3333333333333333,1.0,0,0,1,1,0,0,6,0,0.0,0.0,1736.9258880615234,540.2764052978516,1,23,0,2024-04-07,90.89000091552735,25.0,115.89000091552735,1.3166613980460823e-08,0
35,90.60980482670658,840.200008392334,840.200008392334,1680.400016784668,1.0,0,1,1.0,1.0,1.0,1,1,1,1,1,6,0,0,0.0,0.0,1131.411928850144,1099.245686774856,1,23,0,2024-04-07,84.0200008392334,84.0200008392334,168.0400016784668,0.04166666839155612,0
36,85.12000083923337,842.600008392334,851.200008392334,1693.800016784668,1.0,0,1,1.0,1.0,1.0,1,1,1,1,1,2,4,0,0.0,0.0,999.6023616790771,1050.0700854888917,1,23,0,2024-04-07,84.2600008392334,85.1200008392334,169.3800016784668,0.04145511106108488,0
37,164.12258185107456,721.6333368937175,722.0000076293945,1443.633344523112,1.0,0,1,1.0,1.0,1.0,1,1,1,1,1,0,6,0,0.0,0.0,981.1001892157291,914.833251547363,1,23,0,2024-04-07,72.16333368937175,72.20000076293945,144.36333445231122,5.02915341742693e-09,0
38,85.6400012969971,664.0333346048991,664.4000053405762,1328.4333399454754,1.0,0,1,1.0,1.0,1.0,1,1,1,1,1,6,0,0,0.0,0.0,862.0412464141846,975.3837031951905,1,23,0,2024-04-07,66.40333346048992,66.44000053405762,132.84333399454755,0.008331034410228574,0
39,108.47000120347913,617.3333338419596,617.7000045776367,1235.0333384195965,1.0,0,1,1.0,1.0,1.0,1,1,1,1,1,0,0,6,0.0,0.0,729.8964538401979,834.3439864918333,1,23,0,2024-04-07,61.733333384195966,61.77000045776367,123.50333384195966,1.3946179358495367e-11,0
40,123.42774354255766,659.0333346048991,659.4000053405762,1318.4333399454754,1.0,0,1,1.0,1.0,1.0,1,1,1,1,1,6,0,0,0.0,0.0,718.0253784111795,785.4638808715048,1,23,0,2024-04-07,65.90333346048992,65.94000053405762,131.84333399454755,1.1666597667556806e-09,0
41,98.6100006103515,597.4733370463053,601.1000061035156,1198.573343149821,1.0,0,1,1.0,1.0,1.0,1,1,1,1,1,0,0,6,0.0,0.0,664.3040313720703,769.1843337646485,1,23,0,2024-04-07,59.747333704630535,60.11000061035156,119.85733431498211,4.742589945428364e-17,0
42,149.37474382543942,624.3400032043457,639.6000061035156,1263.9400093078614,1.0,0,1,1.0,1.0,1.0,1,1,1,1,1,6,0,0,0.0,0.0,710.1920045676269,644.6168561745606,1,23,0,2024-04-07,62.43400032043458,63.960000610351564,126.39400093078615,2.551429231390499e-09,0
43,80.96000061035157,523.600001525879,534.6000061035156,1058.2000076293946,1.0,0,1,1.0,1.0,1.0,1,1,1,1,1,6,0,0,0.0,0.0,650.7282501220703,713.0315993896484,1,23,0,2024-04-07,52.3600001525879,53.460000610351564,105.82000076293946,1.441957006024621e-09,0
44,48.055920611572176,468.6000015258789,479.6000061035156,948.2000076293946,1.0,0,1,1.0,1.0,1.0,1,1,1,1,1,0,0,6,0.0,0.0,613.053418170166,756.3170270446777,1,23,0,2024-04-07,46.860000152587894,47.960000610351564,94.82000076293946,1.0170379369246187e-09,0
45,44.26271126280208,396.96667226155597,407.6000061035156,804.5666783650715,1.0,0,1,1.0,1.0,1.0,1,1,1,1,1,0,0,6,0.0,0.0,512.0818290886281,645.8001777996978,1,23,0,2024-04-07,39.6966672261556,40.76000061035157,80.45666783650717,8.594850300578026e-10,0
46,60.56000061035157,385.6000061035156,385.6000061035156,771.2000122070312,1.0,0,1,1.0,1.0,1.0,1,1,1,1,1,0,0,6,0.0,0.0,513.326893081665,596.5364577880858,1,23,0,2024-04-07,38.560000610351565,38.560000610351565,77.12000122070313,9.89288681407059e-10,0
47,117.56321078068686,374.7000045776367,374.7000045776367,749.4000091552734,1.0,0,1,1.0,1.0,1.0,1,1,1,1,1,6,0,0,0.0,0.0,590.6762478900619,507.96568169978184,1,23,0,2024-04-07,37.470000457763675,37.470000457763675,74.94000091552735,1.663991776675657e-09,0
0,-250.7600023905436,0.0,259.4000015258789,259.4000015258789,0.0,6,0,0.0,1.0,1.0,1,0,1,0,1,6,0,0,0.0,0.0,0.0,509.9515993387858,1,23,1,2024-04-07,0.0,25.940000152587892,25.940000152587892,2.8431308218904568e-08,0
1,-125.95999946594247,0.0,278.60000228881836,278.60000228881836,1.0,0,1,1.0,1.0,1.0,1,1,1,1,1,0,1,5,0.0,0.0,75.89040336608878,412.65161167297373,1,23,1,2024-04-07,0.0,27.860000228881837,27.860000228881837,0.14166666997565897,0
2,0.0,0.0,0.0,0.0,1.0,0,1,1.0,1.0,0.0,1,1,0,1,1,0,0,6,0.0,0.0,193.44932556152344,282.96474453125,0,23,1,2024-04-07,0.0,0.0,0.0,0.0,0
3,0.0,0.0,0.0,0.0,1.0,0,1,1.0,1.0,0.0,1,1,0,1,1,0,0,6,0.0,0.0,245.36057879003906,277.3020705810547,0,23,1,2024-04-07,0.0,0.0,0.0,0.0,0
4,0.0,0.0,0.0,0.0,1.0,0,1,1.0,1.0,0.0,1,1,0,1,1,0,0,6,0.0,0.0,240.51024624023438,267.49158474121094,0,23,1,2024-04-07,0.0,0.0,0.0,0.0,0
5,0.0,0.0,0.0,0.0,1.0,0,1,1.0,1.0,0.0,1,1,0,1,1,0,0,6,0.0,0.0,222.07535549316407,248.29158779296876,0,23,1,2024-04-07,0.0,0.0,0.0,0.0,0
6,0.0,0.0,0.0,0.0,1.0,0,1,1.0,1.0,0.0,1,1,0,1,1,0,0,6,0.0,0.0,222.15564724121094,248.29158779296876,0,23,1,2024-04-07,0.0,0.0,0.0,0.0,0
7,0.0,0.0,0.0,0.0,1.0,0,1,1.0,1.0,0.0,1,1,0,1,1,0,0,6,0.0,0.0,203.51647182617188,229.09159084472657,0,23,1,2024-04-07,0.0,0.0,0.0,0.0,0
8,0.0,0.0,0.0,0.0,1.0,0,1,1.0,1.0,0.0,1,1,0,1,1,0,0,6,0.0,0.0,244.3894271484375,255.4005813232422,0,23,1,2024-04-07,0.0,0.0,0.0,0.0,0
9,0.0,0.0,0.0,0.0,1.0,0,1,1.0,1.0,0.0,1,1,0,1,1,0,0,6,0.0,0.0,229.09159084472657,229.09159084472657,0,23,1,2024-04-07,0.0,0.0,0.0,0.0,0
10,0.0,0.0,0.0,0.0,1.0,0,1,1.0,1.0,0.0,1,1,0,1,1,0,0,6,0.0,0.0,229.09159084472657,229.09159084472657,0,23,1,2024-04-07,0.0,0.0,0.0,0.0,0
11,0.0,0.0,0.0,0.0,1.0,0,1,1.0,1.0,0.0,1,1,0,1,1,0,0,6,0.0,0.0,229.09159084472657,229.09159084472657,0,23,1,2024-04-07,0.0,0.0,0.0,0.0,0
12,0.0,0.0,0.0,0.0,1.0,0,1,1.0,1.0,0.0,1,1,0,1,1,0,0,6,0.0,0.0,229.09159084472657,226.33200832519532,0,23,1,2024-04-07,0.0,0.0,0.0,0.0,0
13,0.0,0.0,0.0,0.0,1.0,0,1,1.0,1.0,0.0,1,1,0,1,1,0,0,6,0.0,0.0,229.09159084472657,215.16045375976563,0,23,1,2024-04-07,0.0,0.0,0.0,0.0,0
14,0.0,0.0,0.0,0.0,1.0,0,1,1.0,1.0,0.0,1,1,0,1,1,0,0,6,0.0,0.0,307.74565883789063,295.69380947265626,0,23,1,2024-04-07,0.0,0.0,0.0,0.0,0
15,0.0,0.0,0.0,0.0,1.0,0,1,1.0,1.0,0.0,1,1,0,1,1,0,0,6,0.0,0.0,356.09160610351563,329.44646450195313,0,23,1,2024-04-07,0.0,0.0,0.0,0.0,0
16,0.0,0.0,0.0,0.0,1.0,0,1,1.0,1.0,0.0,1,1,0,1,1,0,0,6,0.0,0.0,433.09160610351563,377.94136806640626,0,23,1,2024-04-07,0.0,0.0,0.0,0.0,0
17,93.70000457763669,291.2000045776367,250.0,541.2000045776367,1.0,0,1,1.0,1.0,1.0,1,1,1,1,1,0,1,5,0.0,0.0,653.8463286987304,424.7695922485351,1,23,1,2024-04-07,29.120000457763673,25.0,54.12000045776367,0.05004311599375446,0
18,49.976773977307424,307.7000045776367,307.70000084809726,615.400005425734,1.0,0,1,1.0,1.0,1.0,1,1,1,1,1,6,0,0,0.0,0.0,726.2566603739698,587.1864568820675,1,23,1,2024-04-07,30.770000457763672,30.770000084809727,61.5400005425734,2.711988625123651e-09,0
19,56.0650005340576,354.4000053405762,331.48333867390954,685.8833440144857,1.0,0,1,1.0,1.0,1.0,1,1,1,1,1,6,0,0,0.0,0.0,642.5855924208323,607.4399661651611,1,23,1,2024-04-07,35.44000053405762,33.14833386739095,68.58833440144858,2.780864465140536e-09,0
20,45.88000068664555,458.8000068664551,458.8000068664551,917.6000137329102,1.0,0,1,1.0,1.0,1.0,1,1,1,1,1,0,0,6,0.0,0.0,720.7568927764893,733.8489650360107,1,23,1,2024-04-07,45.88000068664551,45.88000068664551,91.76000137329102,4.157254542281278e-10,0
21,64.52000160217287,453.200008392334,453.200008392334,906.400016784668,0.8333333333333334,1,0,0.8333333333333334,1.0,1.0,0,0,1,0,1,6,0,0,0.0,0.0,656.7850162506104,760.3716228118896,1,23,1,2024-04-07,45.3200008392334,45.3200008392334,90.6400016784668,0.345833329370212,0
22,53.081676239418,523.9000015258789,530.700008392334,1054.600009918213,1.0,0,1,1.0,1.0,1.0,1,1,1,1,1,0,4,2,0.0,0.0,634.5915028995743,771.8099481746444,1,23,1,2024-04-07,52.390000152587895,53.0700008392334,105.46000099182129,0.20548312169399854,0
23,97.02000160217284,503.200008392334,503.200008392334,1006.400016784668,1.0,0,1,1.0,1.0,1.0,1,1,1,1,1,0,6,0,0.0,0.0,754.9475699885686,738.8716228118897,1,23,1,2024-04-07,50.3200008392334,50.3200008392334,100.6400016784668,0.05833333592346625,0
24,63.840000915527256,629.8000091552734,638.4000091552734,1268.200018310547,1.0,0,1,1.0,1.0,1.0,1,1,1,1,1,0,0,6,0.0,0.0,724.997868785118,804.5952636352539,1,23,1,2024-04-07,62.98000091552734,63.84000091552735,126.8200018310547,6.015922993236214e-10,0
25,99.59000091552731,610.9000091552734,610.9000091552734,1221.8000183105469,1.0,0,1,1.0,1.0,1.0,1,1,1,1,1,0,6,0,0.0,0.0,800.705563317871,795.3776519994678,1,23,1,2024-04-07,61.09000091552735,61.09000091552735,122.1800018310547,0.12500000353848711,0
26,69.94004374657202,699.4000091552734,699.3999615652239,1398.7999707204972,1.0,0,1,1.0,1.0,1.0,1,1,1,1,1,2,4,0,0.0,0.0,843.6862824184469,852.2167583892076,1,23,1,2024-04-07,69.94000091552735,69.93999615652238,139.87999707204972,0.24999998048170444,0
27,71.59000091552724,715.9000091552734,715.9000091552734,1431.8000183105469,1.0,0,1,1.0,1.0,1.0,1,1,1,1,1,3,3,0,0.0,0.0,961.1985442749021,871.5289575072229,1,23,1,2024-04-07,71.59000091552734,71.59000091552734,143.18000183105468,0.22500000959136054,0
28,81.37113339591518,715.9000091552734,705.0320841770645,1420.932093332338,1.0,0,1,1.0,1.0,1.0,1,1,1,1,1,3,3,0,0.0,0.0,903.9218154271651,866.7139325898178,1,23,1,2024-04-07,71.59000091552734,70.50320841770645,142.0932093332338,0.19847030702609733,0
29,73.24009747053746,732.4000091552734,732.3999018719289,1464.7999110272024,1.0,0,1,1.0,1.0,1.0,1,1,1,1,1,0,1,5,0.0,0.0,1054.857551962725,903.0860237865592,1,23,1,2024-04-07,73.24000091552735,73.2399901871929,146.47999110272025,0.05833333102795011,0
30,113.57000236511233,742.5266787211101,751.700008392334,1494.226687113444,1.0,0,1,1.0,1.0,1.0,1,1,1,1,1,6,0,0,0.0,0.0,1142.3660457244873,918.1649950134137,1,23,1,2024-04-07,74.25266787211102,75.1700008392334,149.42266871134441,1.7870702849482074e-09,0
31,146.50534281302987,762.3266779581706,706.6607386848495,1468.9874166430202,1.0,0,1,1.0,1.0,1.0,1,1,1,1,1,6,0,0,0.0,0.0,1169.9872992583423,897.4005027924389,1,23,1,2024-04-07,76.23266779581706,70.66607386848496,146.89874166430204,1.5227210046103641e-09,0
32,94.75000076293951,0.0,837.5000076293945,837.5000076293945,1.0,0,1,1.0,1.0,1.0,1,1,1,1,1,0,1,5,0.0,0.0,1139.3738639465332,1036.2635718933107,1,23,1,2024-04-07,0.0,83.75000076293946,83.75000076293946,0.016666667122152947,0
33,139.57000083923333,839.8966757456461,845.700008392334,1685.59668413798,1.0,0,1,1.0,1.0,1.0,1,1,1,1,1,0,6,0,0.0,0.0,1095.9944621673583,964.10129729428,1,23,1,2024-04-07,83.98966757456462,84.5700008392334,168.55966841379802,3.847293650254804e-09,0
34,683.9000091552734,908.9000091552734,250.0,1158.9000091552734,0.8333333333333334,1,0,1.0,0.8333333333333334,1.0,0,0,1,1,0,0,6,0,0.0,0.0,1687.6190261474608,399.5325088134766,1,23,1,2024-04-07,90.89000091552735,25.0,115.89000091552735,1.3166613980460823e-08,0
35,90.60980482670658,840.200008392334,840.200008392334,1680.400016784668,1.0,0,1,1.0,1.0,1.0,1,1,1,1,1,6,0,0,0.0,0.0,1035.2558591018021,924.1613361889183,1,23,1,2024-04-07,84.0200008392334,84.0200008392334,168.0400016784668,0.04166666839155612,0
36,85.12000083923337,842.600008392334,851.200008392334,1693.800016784668,1.0,0,1,1.0,1.0,1.0,1,1,1,1,1,2,4,0,0.0,0.0,908.3669446635844,906.3872241607666,1,23,1,2024-04-07,84.2600008392334,85.1200008392334,169.3800016784668,0.04145511106108488,0
37,164.12258185107456,721.6333368937175,722.0000076293945,1443.633344523112,1.0,0,1,1.0,1.0,1.0,1,1,1,1,1,0,6,0,0.0,0.0181920380208447,868.291861128459,708.8653560395504,1,23,1,2024-04-07,72.16333368937175,72.20000076293945,144.36333445231122,5.02915341742693e-09,0
38,85.6400012969971,664.0333346048991,664.4000053405762,1328.4333399454754,1.0,0,1,1.0,1.0,1.0,1,1,1,1,1,6,0,0,0.0,0.0,742.2018576980234,745.1857661834716,1,23,1,2024-04-07,66.40333346048992,66.44000053405762,132.84333399454755,0.008331034410228574,0
39,108.47000120347913,617.3333338419596,617.7000045776367,1235.0333384195965,1.0,0,1,1.0,1.0,1.0,1,1,1,1,1,0,0,6,0.0,0.0,702.3759593195934,699.4635543629271,1,23,1,2024-04-07,61.733333384195966,61.77000045776367,123.50333384195966,1.3946179358495367e-11,0
40,123.42774354255766,659.0333346048991,659.4000053405762,1318.4333399454754,1.0,0,1,1.0,1.0,1.0,1,1,1,1,1,6,0,0,0.0,0.0,716.9873977417764,674.8083022582235,1,23,1,2024-04-07,65.90333346048992,65.94000053405762,131.84333399454755,1.1666597667556806e-09,0
41,98.6100006103515,597.4733370463053,601.1000061035156,1198.573343149821,1.0,0,1,1.0,1.0,1.0,1,1,1,1,1,0,0,6,0.06072601861338594,0.056405822922401934,561.1911600598296,567.194465600586,1,23,1,2024-04-07,59.747333704630535,60.11000061035156,119.85733431498211,4.742589945428364e-17,0
42,149.37474382543942,624.3400032043457,639.6000061035156,1263.9400093078614,1.0,0,1,1.0,1.0,1.0,1,1,1,1,1,6,0,0,0.06384180381070688,0.21922976023384977,584.4810112085978,499.38065011987305,1,23,1,2024-04-07,62.43400032043458,63.960000610351564,126.39400093078615,2.551429231390499e-09,0
43,80.96000061035157,523.600001525879,534.6000061035156,1058.2000076293946,1.0,0,1,1.0,1.0,1.0,1,1,1,1,1,6,0,0,0.0,0.0,558.3979278564453,589.0221999755859,1,23,1,2024-04-07,52.3600001525879,53.460000610351564,105.82000076293946,1.441957006024621e-09,0
44,48.055920611572176,468.6000015258789,479.6000061035156,948.2000076293946,1.0,0,1,1.0,1.0,1.0,1,1,1,1,1,0,0,6,0.18158658650460033,0.053094900300231396,383.50852681274404,454.1356915954591,1,23,1,2024-04-07,46.860000152587894,47.960000610351564,94.82000076293946,1.0170379369246187e-09,0
45,44.26271126280208,396.96667226155597,407.6000061035156,804.5666783650715,1.0,0,1,1.0,1.0,1.0,1,1,1,1,1,0,0,6,0.1703412455222217,0.05856498157823188,329.34687487771095,383.72891925477603,1,23,1,2024-04-07,39.6966672261556,40.76000061035157,80.45666783650717,8.594850300578026e-10,0
46,60.56000061035157,385.6000061035156,385.6000061035156,771.2000122070312,1.0,0,1,1.0,1.0,1.0,1,1,1,1,1,0,0,6,0.08282444310119927,0.047609269207692886,353.6629003381729,367.24187160644533,1,23,1,2024-04-07,38.560000610351565,38.560000610351565,77.12000122070313,9.89288681407059e-10,0
47,117.56321078068686,374.7000045776367,374.7000045776367,749.4000091552734,1.0,0,1,1.0,1.0,1.0,1,1,1,1,1,6,0,0,0.0,0.24492015937974362,436.2628567767806,282.92841973689127,1,23,1,2024-04-07,37.470000457763675,37.470000457763675,74.94000091552735,1.663991776675657e-09,0
0,-250.7600023905436,0.0,259.4000015258789,259.4000015258789,0.0,6,0,0.0,1.0,1.0,1,0,1,0,1,6,0,0,0.0,0.0,0.0,490.9515993387858,1,23,2,2024-04-07,0.0,25.940000152587892,25.940000152587892,2.8431308218904568e-08,0
1,-125.95999946594247,0.0,278.60000228881836,278.60000228881836,0.3333333333333333,4,0,1.0,1.0,0.2,1,0,0,1,1,0,1,5,0.0,0.0,36.999534225463776,393.65159641418467,1,23,2,2024-04-07,0.0,27.860000228881837,27.860000228881837,0.14166666997565897,0
2,0.0,0.0,0.0,0.0,1.0,0,1,1.0,1.0,0.0,1,1,0,1,1,0,0,6,0.0,0.0,147.61810302734375,256.6915969482422,0,23,2,2024-04-07,0.0,0.0,0.0,0.0,0
3,0.0,0.0,0.0,0.0,1.0,0,1,1.0,1.0,0.0,1,1,0,1,1,0,0,6,0.0,0.0,196.666471734375,256.6915969482422,0,23,2,2024-04-07,0.0,0.0,0.0,0.0,0
4,0.0,0.0,0.0,0.0,1.0,0,1,1.0,1.0,0.0,1,1,0,1,1,0,0,6,0.0,0.0,213.825828515625,256.6915969482422,0,23,2,2024-04-07,0.0,0.0,0.0,0.0,0
5,0.0,0.0,0.0,0.0,1.0,0,1,1.0,1.0,0.0,1,1,0,1,1,0,0,6,0.0,0.0,245.27060695800782,267.6915969482422,0,23,2,2024-04-07,0.0,0.0,0.0,0.0,0
6,0.0,0.0,0.0,0.0,1.0,0,1,1.0,1.0,0.0,1,1,0,1,1,0,0,6,0.0,0.0,247.9505080810547,254.3137893310547,0,23,2,2024-04-07,0.0,0.0,0.0,0.0,0
7,0.0,0.0,0.0,0.0,1.0,0,1,1.0,1.0,0.0,1,1,0,1,1,0,0,6,0.0,0.0,282.5685805908203,268.67244716796876,0,23,2,2024-04-07,0.0,0.0,0.0,0.0,0
8,0.0,0.0,0.0,0.0,1.0,0,1,1.0,1.0,0.0,1,1,0,1,1,0,0,6,0.0,0.0,284.19161220703126,256.6915969482422,0,23,2,2024-04-07,0.0,0.0,0.0,0.0,0
9,0.0,0.0,0.0,0.0,1.0,0,1,1.0,1.0,0.0,1,1,0,1,1,0,0,6,0.0,0.0,256.6915969482422,252.06282802734376,0,23,2,2024-04-07,0.0,0.0,0.0,0.0,0
10,0.0,0.0,0.0,0.0,1.0,0,1,1.0,1.0,0.0,1,1,0,1,1,0,0,6,0.0,0.0,245.6915969482422,243.70191188964844,0,23,2,2024-04-07,0.0,0.0,0.0,0.0,0
11,0.0,0.0,0.0,0.0,1.0,0,1,1.0,1.0,0.0,1,1,0,1,1,0,0,6,0.0,0.0,275.8915938964844,263.10454555664063,0,23,2,2024-04-07,0.0,0.0,0.0,0.0,0
12,0.0,0.0,0.0,0.0,1.0,0,1,1.0,1.0,0.0,1,1,0,1,1,0,0,6,0.0,0.0,275.8915938964844,262.1387862792969,0,23,2,2024-04-07,0.0,0.0,0.0,0.0,0
13,0.0,0.0,0.0,0.0,1.0,0,1,1.0,1.0,0.0,1,1,0,1,1,0,0,6,0.0,0.0,303.3915938964844,291.5306625,0,23,2,2024-04-07,0.0,0.0,0.0,0.0,0
14,0.0,0.0,0.0,0.0,1.0,0,1,1.0,1.0,0.0,1,1,0,1,1,0,0,6,0.0,0.0,314.3915938964844,293.7598800292969,0,23,2,2024-04-07,0.0,0.0,0.0,0.0,0
15,0.0,0.0,0.0,0.0,1.0,0,1,1.0,1.0,0.0,1,1,0,1,1,0,0,6,0.0,0.0,352.8915938964844,325.3915938964844,0,23,2,2024-04-07,0.0,0.0,0.0,0.0,0
16,0.0,0.0,0.0,0.0,1.0,0,1,1.0,1.0,0.0,1,1,0,1,1,0,0,6,0.0,0.0,352.8915938964844,325.3915938964844,0,23,2,2024-04-07,0.0,0.0,0.0,0.0,0
17,93.70000457763669,291.2000045776367,250.0,541.2000045776367,1.0,0,1,1.0,1.0,1.0,1,1,1,1,1,0,1,5,0.0,0.0,565.1916045776367,347.5414428344727,1,23,2,2024-04-07,29.120000457763673,25.0,54.12000045776367,0.05004311599375446,0
18,49.976773977307424,307.7000045776367,307.70000084809726,615.400005425734,1.0,0,1,1.0,1.0,1.0,1,1,1,1,1,6,0,0,0.0,0.0,591.7287180248538,485.4280950656613,1,23,2,2024-04-07,30.770000457763672,30.770000084809727,61.5400005425734,2.711988625123651e-09,0
19,56.0650005340576,354.4000053405762,331.48333867390954,685.8833440144857,1.0,0,1,1.0,1.0,1.0,1,1,1,1,1,6,0,0,0.0,0.0,594.4086811112721,522.2530268935242,1,23,2,2024-04-07,35.44000053405762,33.14833386739095,68.58833440144858,2.780864465140536e-09,0
20,45.88000068664555,458.8000068664551,458.8000068664551,917.6000137329102,1.0,0,1,1.0,1.0,1.0,1,1,1,1,1,0,0,6,0.0,0.0,570.9247940232596,519.4212306610107,1,23,2,2024-04-07,45.88000068664551,45.88000068664551,91.76000137329102,4.157254542281278e-10,0
21,64.52000160217287,453.200008392334,453.200008392334,906.400016784668,1.0,0,1,1.0,1.0,1.0,1,1,1,1,1,6,0,0,0.0,0.0,593.245650114441,574.1140544525146,1,23,2,2024-04-07,45.3200008392334,45.3200008392334,90.6400016784668,0.345833329370212,0
22,53.081676239418,523.9000015258789,530.700008392334,1054.600009918213,1.0,0,1,1.0,1.0,1.0,1,1,1,1,1,0,4,2,0.0,0.0,623.6817525470963,663.0181390926132,1,23,2,2024-04-07,52.390000152587895,53.0700008392334,105.46000099182129,0.20548312169399854,0
23,97.02000160217284,503.200008392334,503.200008392334,1006.400016784668,1.0,0,1,1.0,1.0,1.0,1,1,1,1,1,0,6,0,0.0,0.0,849.6434146881104,702.5495402923584,1,23,2,2024-04-07,50.3200008392334,50.3200008392334,100.6400016784668,0.05833333592346625,0
24,63.840000915527256,629.8000091552734,638.4000091552734,1268.200018310547,1.0,0,1,1.0,1.0,1.0,1,1,1,1,1,0,0,6,0.0,0.0,915.2117882951101,818.8339721313477,1,23,2,2024-04-07,62.98000091552734,63.84000091552735,126.8200018310547,6.015922993236214e-10,0
25,99.59000091552731,610.9000091552734,610.9000091552734,1221.8000183105469,1.0,0,1,1.0,1.0,1.0,1,1,1,1,1,0,6,0,0.0,0.0,962.0581634155272,817.7500555123285,1,23,2,2024-04-07,61.09000091552735,61.09000091552735,122.1800018310547,0.12500000353848711,0
26,69.94004374657202,699.4000091552734,699.3999615652239,1398.7999707204972,1.0,0,1,1.0,1.0,1.0,1,1,1,1,1,2,4,0,0.0,0.0,999.3571808559469,832.9901548862405,1,23,2,2024-04-07,69.94000091552735,69.93999615652238,139.87999707204972,0.24999998048170444,0
27,71.59000091552724,715.9000091552734,715.9000091552734,1431.8000183105469,1.0,0,1,1.0,1.0,1.0,1,1,1,1,1,3,3,0,0.0,0.0,1021.5216033569334,819.5284301391603,1,23,2,2024-04-07,71.59000091552734,71.59000091552734,143.18000183105468,0.22500000959136054,0
28,81.37113339591518,715.9000091552734,705.0320841770645,1420.932093332338,1.0,0,1,1.0,1.0,1.0,1,1,1,1,1,3,3,0,0.0,0.0,1002.492909029628,870.0147537134598,1,23,2,2024-04-07,71.59000091552734,70.50320841770645,142.0932093332338,0.19847030702609733,0
29,73.24009747053746,732.4000091552734,732.3999018719289,1464.7999110272024,1.0,0,1,1.0,1.0,1.0,1,1,1,1,1,0,1,5,0.0,0.0,1007.6069187595999,804.0838999904,1,23,2,2024-04-07,73.24000091552735,73.2399901871929,146.47999110272025,0.05833333102795011,0
30,113.57000236511233,742.5266787211101,751.700008392334,1494.226687113444,1.0,0,1,1.0,1.0,1.0,1,1,1,1,1,6,0,0,0.0,0.0014838178031794122,997.2733104705811,750.5846225372313,1,23,2,2024-04-07,74.25266787211102,75.1700008392334,149.42266871134441,1.7870702849482074e-09,0
31,146.50534281302987,762.3266779581706,706.6607386848495,1468.9874166430202,1.0,0,1,1.0,1.0,1.0,1,1,1,1,1,6,0,0,0.0,0.0,1111.7235434966237,855.3871971283763,1,23,2,2024-04-07,76.23266779581706,70.66607386848496,146.89874166430204,1.5227210046103641e-09,0
32,94.75000076293951,0.0,837.5000076293945,837.5000076293945,1.0,0,1,1.0,1.0,1.0,1,1,1,1,1,0,1,5,0.0,0.0,1058.8947151184082,930.6029273620605,1,23,2,2024-04-07,0.0,83.75000076293946,83.75000076293946,0.016666667122152947,0
33,139.57000083923333,839.8966757456461,845.700008392334,1685.59668413798,1.0,0,1,1.0,1.0,1.0,1,1,1,1,1,0,6,0,0.0,0.013286239555326719,1043.8088314056395,834.4638354888916,1,23,2,2024-04-07,83.98966757456462,84.5700008392334,168.55966841379802,3.847293650254804e-09,0
34,683.9000091552734,908.9000091552734,250.0,1158.9000091552734,1.0,0,1,1.0,1.0,1.0,1,1,1,1,1,0,6,0,0.0,0.0,1667.3835906982422,316.23142238769526,1,23,2,2024-04-07,90.89000091552735,25.0,115.89000091552735,1.3166613980460823e-08,0
35,90.60980482670658,840.200008392334,840.200008392334,1680.400016784668,1.0,0,1,1.0,1.0,1.0,1,1,1,1,1,6,0,0,0.0,0.013211590853973268,1115.2594630298315,829.0996296459496,1,23,2,2024-04-07,84.0200008392334,84.0200008392334,168.0400016784668,0.04166666839155612,0
36,85.12000083923337,842.600008392334,851.200008392334,1693.800016784668,1.0,0,1,1.0,1.0,1.0,1,1,1,1,1,2,4,0,0.0,0.0,1101.9524810854593,878.0298022857666,1,23,2,2024-04-07,84.2600008392334,85.1200008392334,169.3800016784668,0.04145511106108488,0
37,164.12258185107456,721.6333368937175,722.0000076293945,1443.633344523112,1.0,0,1,1.0,1.0,1.0,1,1,1,1,1,0,6,0,0.0,0.0,1209.1606111148888,890.469970297363,1,23,2,2024-04-07,72.16333368937175,72.20000076293945,144.36333445231122,5.02915341742693e-09,0
38,85.6400012969971,664.0333346048991,664.4000053405762,1328.4333399454754,1.0,0,1,1.0,1.0,1.0,1,1,1,1,1,6,0,0,0.0,0.0,1116.5601536957422,979.737096749878,1,23,2,2024-04-07,66.40333346048992,66.44000053405762,132.84333399454755,0.008331034410228574,0
39,108.47000120347913,617.3333338419596,617.7000045776367,1235.0333384195965,1.0,0,1,1.0,1.0,1.0,1,1,1,1,1,0,0,6,0.0,0.0,1046.0317916331667,909.4461807129453,1,23,2,2024-04-07,61.733333384195966,61.77000045776367,123.50333384195966,1.3946179358495367e-11,0
40,123.42774354255766,659.0333346048991,659.4000053405762,1318.4333399454754,1.0,0,1,1.0,1.0,1.0,1,1,1,1,1,6,0,0,0.0,0.0,940.9405837769326,762.801025280631,1,23,2,2024-04-07,65.90333346048992,65.94000053405762,131.84333399454755,1.1666597667556806e-09,0
41,98.6100006103515,597.4733370463053,601.1000061035156,1198.573343149821,1.0,0,1,1.0,1.0,1.0,1,1,1,1,1,0,0,6,0.0,0.0,977.7406997314451,801.3575694381277,1,23,2,2024-04-07,59.747333704630535,60.11000061035156,119.85733431498211,4.742589945428364e-17,0
42,149.37474382543942,624.3400032043457,639.6000061035156,1263.9400093078614,1.0,0,1,1.0,1.0,1.0,1,1,1,1,1,6,0,0,0.0,0.0,1008.2769273215331,724.2841440939364,1,23,2,2024-04-07,62.43400032043458,63.960000610351564,126.39400093078615,2.551429231390499e-09,0
43,80.96000061035157,523.600001525879,534.6000061035156,1058.2000076293946,1.0,0,1,1.0,1.0,1.0,1,1,1,1,1,6,0,0,0.0,0.0,827.5553603759765,711.384688638069,1,23,2,2024-04-07,52.3600001525879,53.460000610351564,105.82000076293946,1.441957006024621e-09,0
44,48.055920611572176,468.6000015258789,479.6000061035156,948.2000076293946,1.0,0,1,1.0,1.0,1.0,1,1,1,1,1,0,0,6,0.0,0.0,653.7712751890182,693.613997475289,1,23,2,2024-04-07,46.860000152587894,47.960000610351564,94.82000076293946,1.0170379369246187e-09,0
45,44.26271126280208,396.96667226155597,407.6000061035156,804.5666783650715,1.0,0,1,1.0,1.0,1.0,1,1,1,1,1,0,0,6,0.0,0.0,600.7819983721771,697.5289375653228,1,23,2,2024-04-07,39.6966672261556,40.76000061035157,80.45666783650717,8.594850300578026e-10,0
46,60.56000061035157,385.6000061035156,385.6000061035156,771.2000122070312,1.0,0,1,1.0,1.0,1.0,1,1,1,1,1,0,0,6,0.0,0.0,531.0046112060547,603.7316482177733,1,23,2,2024-04-07,38.560000610351565,38.560000610351565,77.12000122070313,9.89288681407059e-10,0
47,117.56321078068686,374.7000045776367,374.7000045776367,749.4000091552734,1.0,0,1,1.0,1.0,1.0,1,1,1,1,1,6,0,0,0.0,0.0,545.5410550189681,489.12840142634434,1,23,2,2024-04-07,37.470000457763675,37.470000457763675,74.94000091552735,1.663991776675657e-09,0
