block,baseline_kw,up_kw,down_kw,offered_capacity_kw,precision_stay_rate,precision_failed_steps,precision_pass_II,up_stay_rate,down_stay_rate,idle_stay_rate,up_pass_II,down_pass_II,idle_pass_II,active_up_pass_II,active_down_pass_II,up_active_steps,down_active_steps,idle_active_steps,up_assessment_i_unmet_ratio,down_assessment_i_unmet_ratio,up_supply_capacity_30min_kw,down_supply_capacity_30min_kw,participating,scenario,seed,service_date,band_up_kw,band_down_kw,band_idle_kw,utilization,has_unreachable_step
0,0.0,0.0,0.0,0.0,1.0,0,1,1.0,1.0,0.3333333333333333,1,1,0,1,1,0,0,6,0.0,0.0,175.0,206.59999084472656,0,0,0,2024-08-03,0.0,0.0,0.0,0.0,0
1,0.0,0.0,0.0,0.0,1.0,0,1,1.0,1.0,0.0,1,1,0,1,1,0,0,6,0.0,0.0,194.1999969482422,225.79998779296875,0,0,0,2024-08-03,0.0,0.0,0.0,0.0,0
2,0.0,0.0,0.0,0.0,1.0,0,1,1.0,1.0,1.0,1,1,1,1,1,0,0,6,0.0,0.0,183.1999969482422,214.79998779296875,0,0,0,2024-08-03,0.0,0.0,0.0,0.0,0
3,0.0,0.0,0.0,0.0,1.0,0,1,1.0,1.0,0.0,1,1,0,1,1,0,0,6,0.0,0.0,183.1999969482422,214.79998779296875,0,0,0,2024-08-03,0.0,0.0,0.0,0.0,0
4,0.0,0.0,0.0,0.0,1.0,0,1,1.0,1.0,0.5,1,1,0,1,1,0,0,6,0.0,0.0,164.0,195.59999084472656,0,0,0,2024-08-03,0.0,0.0,0.0,0.0,0
5,0.0,0.0,0.0,0.0,1.0,0,1,1.0,1.0,1.0,1,1,1,1,1,0,0,6,0.0,0.0,164.0,195.59999084472656,0,0,0,2024-08-03,0.0,0.0,0.0,0.0,0
6,0.0,0.0,0.0,0.0,1.0,0,1,1.0,1.0,0.16666666666666666,1,1,0,1,1,0,0,6,0.0,0.0,164.0,195.59999084472656,0,0,0,2024-08-03,0.0,0.0,0.0,0.0,0
7,0.0,0.0,0.0,0.0,1.0,0,1,1.0,1.0,0.0,1,1,0,1,1,0,0,6,0.0,0.0,164.0,195.59999084472656,0,0,0,2024-08-03,0.0,0.0,0.0,0.0,0
8,0.0,0.0,0.0,0.0,1.0,0,1,1.0,1.0,0.0,1,1,0,1,1,0,0,6,0.0,0.0,183.1999969482422,214.79998779296875,0,0,0,2024-08-03,0.0,0.0,0.0,0.0,0
9,0.0,0.0,0.0,0.0,1.0,0,1,1.0,1.0,0.0,1,1,0,1,1,0,0,6,0.0,0.0,184.1999969482422,233.99998474121094,0,0,0,2024-08-03,0.0,0.0,0.0,0.0,0
10,0.0,0.0,0.0,0.0,1.0,0,1,1.0,1.0,0.5,1,1,0,1,1,0,0,6,0.0,0.0,165.0,214.79998779296875,0,0,0,2024-08-03,0.0,0.0,0.0,0.0,0
11,0.0,0.0,0.0,0.0,1.0,0,1,1.0,1.0,1.0,1,1,1,1,1,0,0,6,0.0,0.0,165.0,214.79998779296875,0,0,0,2024-08-03,0.0,0.0,0.0,0.0,0
12,0.0,0.0,0.0,0.0,1.0,0,1,1.0,1.0,1.0,1,1,1,1,1,0,0,6,0.0,0.0,195.1999969482422,244.99998474121094,0,0,0,2024-08-03,0.0,0.0,0.0,0.0,0
13,0.0,0.0,0.0,0.0,1.0,0,1,1.0,1.0,0.5,1,1,0,1,1,0,0,6,0.0,0.0,197.8000030517578,225.1999969482422,0,0,0,2024-08-03,0.0,0.0,0.0,0.0,0
14,0.0,0.0,0.0,0.0,1.0,0,1,1.0,1.0,1.0,1,1,1,1,1,0,0,6,0.0,0.0,210.40000915527344,244.39999389648438,0,0,0,2024-08-03,0.0,0.0,0.0,0.0,0
15,0.0,0.0,0.0,0.0,1.0,0,1,1.0,1.0,0.8333333333333334,1,1,0,1,1,0,0,6,0.0,0.0,210.40000915527344,244.39999389648438,0,0,0,2024-08-03,0.0,0.0,0.0,0.0,0
16,0.0,0.0,0.0,0.0,1.0,0,1,1.0,1.0,0.0,1,1,0,1,1,0,0,6,0.0,0.0,270.1744079589844,313.0,0,0,0,2024-08-03,0.0,0.0,0.0,0.0,0
17,0.0,0.0,0.0,0.0,1.0,0,1,1.0,1.0,0.0,1,1,0,1,1,0,0,6,0.0,0.0,282.8999938964844,321.29998779296875,0,0,0,2024-08-03,0.0,0.0,0.0,0.0,0
18,0.0,0.0,0.0,0.0,1.0,0,1,1.0,1.0,0.0,1,1,0,1,1,0,0,6,0.0,0.0,394.70001220703125,436.6000061035156,0,0,0,2024-08-03,0.0,0.0,0.0,0.0,0
19,-32.11000022888189,286.10000228881836,289.60000228881836,575.7000045776367,1.0,0,1,1.0,1.0,1.0,1,1,1,1,1,3,0,3,0.0,0.0,436.28785743713377,584.6100002288819,1,0,0,2024-08-03,28.610000228881837,28.96000022888184,57.570000457763676,0.11733905393467692,0
20,-290.28538423672273,0.0,355.60000228881836,355.60000228881836,1.0,0,1,1.0,1.0,1.0,1,1,1,1,1,0,6,0,0.0,0.0,105.26756376132414,870.2853842367227,1,0,0,2024-08-03,0.0,35.56000022888184,35.56000022888184,0.157409080862661,0
21,-99.44500198364253,0.0,369.3000030517578,369.3000030517578,1.0,0,1,1.0,1.0,1.0,1,1,1,1,1,0,6,0,0.0,0.0,264.7881217956543,695.9450019836426,1,0,0,2024-08-03,0.0,36.93000030517578,36.93000030517578,6.197720794210615e-09,0
22,43.1366633097336,489.7333386739095,492.9000053405762,982.6333440144856,1.0,0,1,1.0,1.0,1.0,1,1,1,1,1,6,0,0,0.14672327907218954,0.0,417.87805735270234,580.7633611043289,1,0,0,2024-08-03,48.97333386739095,49.29000053405762,98.26333440144856,1.8116549722342246e-09,0
23,0.0,0.0,0.0,0.0,1.0,0,1,1.0,1.0,0.0,1,1,0,1,1,0,0,6,0.0,0.0,397.3667297363281,634.9000244140625,0,0,0,2024-08-03,0.0,0.0,0.0,0.0,0
24,-3.7428079223633195,605.0760040283203,634.2000045776367,1239.276008605957,1.0,0,1,1.0,1.0,1.0,1,1,1,1,1,0,6,0,0.19794441913821073,0.0,485.3045858764648,712.8429055786133,1,0,0,2024-08-03,60.50760040283203,63.42000045776368,123.9276008605957,0.39773609912293717,0
25,5.12615369628758,623.2000045776367,0.0,623.2000045776367,1.0,0,1,1.0,1.0,1.0,1,1,1,1,1,0,0,6,0.0,0.0,772.5537660009751,897.3738463037124,1,0,0,2024-08-03,62.320000457763676,0.0,62.320000457763676,3.645729861504272e-10,0
26,46.339004799836175,0.0,700.7000045776367,700.7000045776367,1.0,0,1,1.0,1.0,1.0,1,1,1,1,1,0,6,0,0.0,0.0,840.8944857568674,891.9610440282888,1,0,0,2024-08-03,0.0,70.07000045776367,70.07000045776367,0.8755878619343588,0
27,58.2400005340574,686.8000049591064,692.4000053405762,1379.2000102996826,1.0,0,1,1.0,1.0,1.0,1,1,1,1,1,0,6,0,0.0,0.0,1037.3035991668698,954.1600238800052,1,0,0,2024-08-03,68.68000049591065,69.24000053405761,137.92000102996826,0.3454389950164642,0
28,346.37964976539064,719.9000053405762,0.0,719.9000053405762,1.0,0,1,1.0,1.0,1.0,1,1,1,1,1,6,0,0,0.0,0.0,1477.0460316013282,789.0461314846093,1,0,0,2024-08-03,71.99000053405761,0.0,71.99000053405761,1.5409800744898207e-08,0
29,0.0,0.0,0.0,0.0,1.0,0,1,1.0,1.0,0.5,1,1,0,1,1,0,0,6,0.0,0.0,1138.9993896484375,1143.4398193359375,0,0,0,2024-08-03,0.0,0.0,0.0,0.0,0
30,241.57592976355616,828.2000045776367,0.0,828.2000045776367,1.0,0,1,1.0,1.0,1.0,1,1,1,1,1,6,0,0,0.0,0.0,1452.5933858182436,993.3881815645689,1,0,0,2024-08-03,82.82000045776368,0.0,82.82000045776368,2.4501100575499462e-09,0
31,0.0,0.0,0.0,0.0,1.0,0,1,1.0,1.0,0.0,1,1,0,1,1,0,0,6,0.0,0.0,1191.3919677734375,1186.153564453125,0,0,0,2024-08-03,0.0,0.0,0.0,0.0,0
32,0.0,0.0,0.0,0.0,1.0,0,1,1.0,1.0,0.0,1,1,0,1,1,0,0,6,0.0,0.0,1064.592041015625,1070.0343017578125,0,0,0,2024-08-03,0.0,0.0,0.0,0.0,0
33,133.65500144958494,689.7000045776367,689.7000045776367,1379.4000091552734,1.0,0,1,1.0,1.0,1.0,1,1,1,1,1,6,0,0,0.0,0.0,1168.155001449585,884.0461704254151,1,0,0,2024-08-03,68.97000045776367,68.97000045776367,137.94000091552735,1.935833007946494e-09,0
34,146.4700004577637,689.7000045776367,689.7000045776367,1379.4000091552734,1.0,0,1,1.0,1.0,1.0,1,1,1,1,1,0,0,6,0.0,0.0,1211.7699272155762,899.2497261047363,1,0,0,2024-08-03,68.97000045776367,68.97000045776367,137.94000091552735,5.530951362971126e-10,0
35,222.11984296897236,667.9157193868118,661.2001795651826,1329.1158989519945,1.0,0,1,1.0,1.0,1.0,1,1,1,1,1,2,0,4,0.0,0.0,1265.5198673830348,789.8679499997777,1,0,0,2024-08-03,66.79157193868119,66.12001795651825,132.91158989519946,0.009887774829157906,0
36,81.72000045776366,250.0,817.2000045776367,1067.2000045776367,1.0,0,1,1.0,1.0,1.0,1,1,1,1,1,0,0,6,0.0,0.0,1044.9198905944825,841.35122756958,1,0,0,2024-08-03,25.0,81.72000045776367,106.72000045776367,7.148982957469444e-10,0
37,54.43566728969144,826.3666714986166,831.5000038146973,1657.8666753133139,1.0,0,1,1.0,1.0,1.0,1,1,1,1,1,0,6,0,0.0,0.03700022616126011,952.2356550826602,800.7343156204648,1,0,0,2024-08-03,82.63666714986167,83.15000038146974,165.7866675313314,9.986454804368614e-10,0
38,111.54000129699709,813.4000053405762,813.4000053405762,1626.8000106811523,1.0,0,1,1.0,1.0,1.0,1,1,1,1,1,0,0,6,0.0,0.1977092630514714,915.9400257110595,652.583289718628,1,0,0,2024-08-03,81.34000053405762,81.34000053405762,162.68000106811525,2.344908679327907e-10,0
39,790.7900058746338,708.9000053405762,0.0,708.9000053405762,1.0,0,1,1.0,1.0,1.0,1,1,1,1,1,6,0,0,0.0,0.0,1606.1900302886963,0.0,1,0,0,2024-08-03,70.89000053405762,0.0,70.89000053405762,3.9282395083575415e-08,0
40,227.73314407336073,631.4986722310384,0.0,631.4986722310384,1.0,0,1,1.0,1.0,1.0,1,1,1,1,1,6,0,0,0.0,0.0,996.4330952452358,265.94874069226427,1,0,0,2024-08-03,63.14986722310385,0.0,63.14986722310385,7.973531881608935e-09,0
41,576.3009366099064,621.990672047933,0.0,621.990672047933,0.16666666666666666,5,0,1.0,0.16666666666666666,1.0,0,1,1,1,0,0,6,0,0.0,0.0,1279.1009854380313,0.0,1,0,0,2024-08-03,62.1990672047933,0.0,62.1990672047933,4.460768232260224e-08,1
42,79.30032700540058,583.3666714986166,588.5000038146973,1171.8666753133139,0.3333333333333333,4,0,1.0,0.2,1.0,0,0,1,1,0,1,5,0,0.0,0.7970834187589161,782.1003758335256,119.41640883444317,1,0,0,2024-08-03,58.33666714986166,58.85000038146973,117.1866675313314,0.27667250594027176,1
43,51.98000030517579,519.8000030517578,519.8000030517578,1039.6000061035156,0.8333333333333334,1,0,1.0,0.0,1.0,0,0,1,1,0,0,1,5,0.0,0.7566659757451011,746.4800003051757,126.48502655029296,1,0,0,2024-08-03,51.980000305175786,51.980000305175786,103.96000061035157,0.0590283936032503,1
44,53.81073212087761,440.0666669209798,444.10000228881836,884.1666692097981,1.0,0,1,1.0,1.0,1.0,1,1,1,1,1,3,3,0,0.0,0.7205671524631527,594.0107443279088,124.09612823068488,1,0,0,2024-08-03,44.00666669209798,44.41000022888184,88.41666692097982,0.23503647645873313,0
45,-52.110002136230456,370.76666768391925,374.8000030517578,745.566670735677,1.0,0,1,1.0,1.0,1.0,1,1,1,1,1,0,6,0,0.0,0.14163526666016102,441.38999786376957,321.71510467529293,1,0,0,2024-08-03,37.076666768391924,37.480000305175786,74.55666707356771,2.0466028771841316e-09,0
46,-50.74000091552735,315.4000015258789,315.4000015258789,630.8000030517578,1.0,0,1,1.0,1.0,1.0,1,1,1,1,1,0,4,2,0.0,0.0,434.4600112915039,329.7851364135742,1,0,0,2024-08-03,31.540000152587893,31.540000152587893,63.08000030517579,0.019676133010034718,0
47,64.7211436254023,344.50000381469727,310.8654002103277,655.365404025025,1.0,0,1,1.0,1.0,1.0,1,1,1,1,1,0,6,0,0.0,0.45310231356863084,472.4211863500117,170.01156816658988,1,0,0,2024-08-03,34.45000038146973,31.086540021032775,65.5365404025025,0.13066420460977152,0
0,0.0,0.0,0.0,0.0,1.0,0,1,1.0,1.0,1.0,1,1,1,1,1,0,0,6,0.0,0.0,307.3999938964844,316.5999755859375,0,0,1,2024-08-03,0.0,0.0,0.0,0.0,0
1,0.0,0.0,0.0,0.0,1.0,0,1,1.0,1.0,0.6666666666666666,1,1,0,1,1,0,0,6,0.0,0.0,307.3999938964844,316.5999755859375,0,0,1,2024-08-03,0.0,0.0,0.0,0.0,0
2,0.0,0.0,0.0,0.0,1.0,0,1,1.0,1.0,0.0,1,1,0,1,1,0,0,6,0.0,0.0,307.3999938964844,316.5999755859375,0,0,1,2024-08-03,0.0,0.0,0.0,0.0,0
3,0.0,0.0,0.0,0.0,1.0,0,1,1.0,1.0,0.0,1,1,0,1,1,0,0,6,0.0,0.0,268.8999938964844,278.0999755859375,0,0,1,2024-08-03,0.0,0.0,0.0,0.0,0
4,0.0,0.0,0.0,0.0,1.0,0,1,1.0,1.0,0.8333333333333334,1,1,0,1,1,0,0,6,0.0,0.0,230.39999389648438,239.59999084472656,0,0,1,2024-08-03,0.0,0.0,0.0,0.0,0
5,0.0,0.0,0.0,0.0,1.0,0,1,1.0,1.0,0.5,1,1,0,1,1,0,0,6,0.0,0.0,230.39999389648438,239.59999084472656,0,0,1,2024-08-03,0.0,0.0,0.0,0.0,0
6,0.0,0.0,0.0,0.0,1.0,0,1,1.0,1.0,0.0,1,1,0,1,1,0,0,6,0.0,0.0,230.39999389648438,239.59999084472656,0,0,1,2024-08-03,0.0,0.0,0.0,0.0,0
7,0.0,0.0,0.0,0.0,1.0,0,1,1.0,1.0,0.3333333333333333,1,1,0,1,1,0,0,6,0.0,0.0,202.89999389648438,212.09999084472656,0,0,1,2024-08-03,0.0,0.0,0.0,0.0,0
8,0.0,0.0,0.0,0.0,1.0,0,1,1.0,1.0,1.0,1,1,1,1,1,0,0,6,0.0,0.0,202.89999389648438,212.09999084472656,0,0,1,2024-08-03,0.0,0.0,0.0,0.0,0
9,0.0,0.0,0.0,0.0,1.0,0,1,1.0,1.0,0.16666666666666666,1,1,0,1,1,0,0,6,0.0,0.0,202.89999389648438,212.09999084472656,0,0,1,2024-08-03,0.0,0.0,0.0,0.0,0
10,0.0,0.0,0.0,0.0,1.0,0,1,1.0,1.0,0.6666666666666666,1,1,0,1,1,0,0,6,0.0,0.0,183.6999969482422,192.89999389648438,0,0,1,2024-08-03,0.0,0.0,0.0,0.0,0
11,0.0,0.0,0.0,0.0,1.0,0,1,1.0,1.0,1.0,1,1,1,1,1,0,0,6,0.0,0.0,194.6999969482422,203.89999389648438,0,0,1,2024-08-03,0.0,0.0,0.0,0.0,0
12,0.0,0.0,0.0,0.0,1.0,0,1,1.0,1.0,0.5,1,1,0,1,1,0,0,6,0.0,0.0,224.89999389648438,234.09999084472656,0,0,1,2024-08-03,0.0,0.0,0.0,0.0,0
13,0.0,0.0,0.0,0.0,1.0,0,1,1.0,1.0,0.6666666666666666,1,1,0,1,1,0,0,6,0.0,0.0,216.6999969482422,242.39999389648438,0,0,1,2024-08-03,0.0,0.0,0.0,0.0,0
14,0.0,0.0,0.0,0.0,1.0,0,1,1.0,1.0,1.0,1,1,1,1,1,0,0,6,0.0,0.0,225.6999969482422,261.6000061035156,0,0,1,2024-08-03,0.0,0.0,0.0,0.0,0
15,0.0,0.0,0.0,0.0,1.0,0,1,1.0,1.0,0.3333333333333333,1,1,0,1,1,0,0,6,0.0,0.0,286.1000061035156,322.0,0,0,1,2024-08-03,0.0,0.0,0.0,0.0,0
16,0.0,0.0,0.0,0.0,1.0,0,1,1.0,1.0,0.0,1,1,0,1,1,0,0,6,0.0,0.0,324.6000061035156,357.38336181640625,0,0,1,2024-08-03,0.0,0.0,0.0,0.0,0
17,0.0,0.0,0.0,0.0,1.0,0,1,1.0,1.0,0.0,1,1,0,1,1,0,0,6,0.0,0.0,374.0999755859375,410.0,0,0,1,2024-08-03,0.0,0.0,0.0,0.0,0
18,0.0,0.0,0.0,0.0,1.0,0,1,1.0,1.0,0.0,1,1,0,1,1,0,0,6,0.0,0.0,420.79998779296875,456.6999816894531,0,0,1,2024-08-03,0.0,0.0,0.0,0.0,0
19,-32.11000022888189,286.10000228881836,289.60000228881836,575.7000045776367,1.0,0,1,1.0,1.0,1.0,1,1,1,1,1,3,0,3,0.0,0.0,507.8740695953369,604.6100002288819,1,0,1,2024-08-03,28.610000228881837,28.96000022888184,57.570000457763676,0.11733905393467692,0
20,-290.28538423672273,0.0,355.60000228881836,355.60000228881836,1.0,0,1,1.0,1.0,1.0,1,1,1,1,1,0,6,0,0.0,0.0,137.64662259921477,862.8854208578165,1,0,1,2024-08-03,0.0,35.56000022888184,35.56000022888184,0.157409080862661,0
21,-99.44500198364253,0.0,369.3000030517578,369.3000030517578,1.0,0,1,1.0,1.0,1.0,1,1,1,1,1,0,6,0,0.0,0.0,323.30463180541994,672.0450386047363,1,0,1,2024-08-03,0.0,36.93000030517578,36.93000030517578,6.197720794210615e-09,0
22,43.1366633097336,489.7333386739095,492.9000053405762,982.6333440144856,1.0,0,1,1.0,1.0,1.0,1,1,1,1,1,6,0,0,0.0037179344637965875,0.0,487.9125422159836,578.7633611043289,1,0,1,2024-08-03,48.97333386739095,49.29000053405762,98.26333440144856,1.8116549722342246e-09,0
23,0.0,0.0,0.0,0.0,1.0,0,1,1.0,1.0,0.0,1,1,0,1,1,0,0,6,0.0,0.0,516.4716796875,668.6000366210938,0,0,1,2024-08-03,0.0,0.0,0.0,0.0,0
24,-3.7428079223633195,605.0760040283203,634.2000045776367,1239.276008605957,1.0,0,1,1.0,1.0,1.0,1,1,1,1,1,0,6,0,0.04277002312563595,0.0,579.1968893432617,710.8428445434571,1,0,1,2024-08-03,60.50760040283203,63.42000045776368,123.9276008605957,0.39773609912293717,0
25,5.12615369628758,623.2000045776367,0.0,623.2000045776367,1.0,0,1,1.0,1.0,1.0,1,1,1,1,1,0,0,6,0.0,0.0,818.4837586767563,826.1738340966812,1,0,1,2024-08-03,62.320000457763676,0.0,62.320000457763676,3.645729861504272e-10,0
26,46.339004799836175,0.0,700.7000045776367,700.7000045776367,1.0,0,1,1.0,1.0,1.0,1,1,1,1,1,0,6,0,0.0,0.0,875.8308871240549,804.1610562353201,1,0,1,2024-08-03,0.0,70.07000045776367,70.07000045776367,0.8755878619343588,0
27,58.2400005340574,686.8000049591064,692.4000053405762,1379.2000102996826,1.0,0,1,1.0,1.0,1.0,1,1,1,1,1,0,6,0,0.0,0.0,928.5399883270261,795.8760272979739,1,0,1,2024-08-03,68.68000049591065,69.24000053405761,137.92000102996826,0.3454389950164642,0
28,346.37964976539064,719.9000053405762,0.0,719.9000053405762,1.0,0,1,1.0,1.0,1.0,1,1,1,1,1,6,0,0,0.0,0.0,1238.6796375583594,508.30247914085936,1,0,1,2024-08-03,71.99000053405761,0.0,71.99000053405761,1.5409800744898207e-08,0
29,0.0,0.0,0.0,0.0,1.0,0,1,1.0,1.0,0.16666666666666666,1,1,0,1,1,0,0,6,0.0,0.0,762.1000366210938,751.00390625,0,0,1,2024-08-03,0.0,0.0,0.0,0.0,0
30,241.57592976355616,828.2000045776367,0.0,828.2000045776367,1.0,0,1,1.0,1.0,1.0,1,1,1,1,1,6,0,0,0.0,0.0,976.1758443143374,469.7348002169126,1,0,1,2024-08-03,82.82000045776368,0.0,82.82000045776368,2.4501100575499462e-09,0
31,0.0,0.0,0.0,0.0,1.0,0,1,1.0,1.0,0.8333333333333334,1,1,0,1,1,0,0,6,0.0,0.0,771.4000854492188,694.9251708984375,0,0,1,2024-08-03,0.0,0.0,0.0,0.0,0
32,0.0,0.0,0.0,0.0,1.0,0,1,1.0,1.0,0.16666666666666666,1,1,0,1,1,0,0,6,0.0,0.0,771.4000854492188,694.9251708984375,0,0,1,2024-08-03,0.0,0.0,0.0,0.0,0
33,133.65500144958494,689.7000045776367,689.7000045776367,1379.4000091552734,1.0,0,1,1.0,1.0,1.0,1,1,1,1,1,6,0,0,0.0,0.2626212065153413,852.3550136566162,508.57015724182133,1,0,1,2024-08-03,68.97000045776367,68.97000045776367,137.94000091552735,1.935833007946494e-09,0
34,146.4700004577637,689.7000045776367,689.7000045776367,1379.4000091552734,1.0,0,1,1.0,1.0,1.0,1,1,1,1,1,0,0,6,0.0,0.3876042450229651,788.670012664795,422.3693550109863,1,0,1,2024-08-03,68.97000045776367,68.97000045776367,137.94000091552735,5.530951362971126e-10,0
35,222.11984296897236,667.9157193868118,661.2001795651826,1329.1158989519945,1.0,0,1,1.0,1.0,1.0,1,1,1,1,1,2,0,4,0.0,0.41061577135603294,906.8198551760036,389.70095781227764,1,0,1,2024-08-03,66.79157193868119,66.12001795651825,132.91158989519946,0.009887774829157906,0
36,81.72000045776366,250.0,817.2000045776367,1067.2000045776367,1.0,0,1,1.0,1.0,1.0,1,1,1,1,1,0,0,6,0.0,0.30958121243495335,839.8199760437012,564.2102363586425,1,0,1,2024-08-03,25.0,81.72000045776367,106.72000045776367,7.148982957469444e-10,0
37,54.43566728969144,826.3666714986166,831.5000038146973,1657.8666753133139,1.0,0,1,1.0,1.0,1.0,1,1,1,1,1,0,6,0,0.0,0.2147169100601277,859.7357161178164,652.9628922806211,1,0,1,2024-08-03,82.63666714986167,83.15000038146974,165.7866675313314,9.986454804368614e-10,0
38,111.54000129699709,813.4000053405762,813.4000053405762,1626.8000106811523,1.0,0,1,1.0,1.0,1.0,1,1,1,1,1,0,0,6,0.0,0.2782680900280367,908.540001296997,587.0567394256592,1,0,1,2024-08-03,81.34000053405762,81.34000053405762,162.68000106811525,2.344908679327907e-10,0
39,790.7900058746338,708.9000053405762,0.0,708.9000053405762,0.3333333333333333,4,0,0.3333333333333333,1.0,1.0,0,1,1,0,1,6,0,0,0.0,0.0,1557.0900547027588,0.0,1,0,1,2024-08-03,70.89000053405762,0.0,70.89000053405762,3.9282395083575415e-08,1
40,227.73314407336073,631.4986722310384,0.0,631.4986722310384,1.0,0,1,1.0,1.0,1.0,1,1,1,1,1,6,0,0,0.0,0.0,974.8331806944545,85.01951095593614,1,0,1,2024-08-03,63.14986722310385,0.0,63.14986722310385,7.973531881608935e-09,0
41,576.3009366099064,621.990672047933,0.0,621.990672047933,0.0,6,0,1.0,0.0,1.0,0,1,1,1,0,0,6,0,0.0,0.0,1276.8009366099063,0.0,1,0,1,2024-08-03,62.1990672047933,0.0,62.1990672047933,4.460768232260224e-08,1
42,79.30032700540058,583.3666714986166,588.5000038146973,1171.8666753133139,0.16666666666666666,5,0,1.0,0.0,1.0,0,0,1,1,0,1,5,0,0.0,0.8979584558566038,705.6003147983694,60.0514491176463,1,0,1,2024-08-03,58.33666714986166,58.85000038146973,117.1866675313314,0.27667250594027176,1
43,51.98000030517579,519.8000030517578,519.8000030517578,1039.6000061035156,0.8333333333333334,1,0,1.0,0.0,1.0,0,0,1,1,0,0,1,5,0.0,0.8980531276510422,667.2799880981445,52.99198455810546,1,0,1,2024-08-03,51.980000305175786,51.980000305175786,103.96000061035157,0.0590283936032503,1
44,53.81073212087761,440.0666669209798,444.10000228881836,884.1666692097981,1.0,0,1,1.0,1.0,1.0,1,1,1,1,1,3,3,0,0.0,0.8365474861484044,666.4107687419713,72.58926177560676,1,0,1,2024-08-03,44.00666669209798,44.41000022888184,88.41666692097982,0.23503647645873313,0
45,-52.110002136230456,370.76666768391925,374.8000030517578,745.566670735677,1.0,0,1,1.0,1.0,1.0,1,1,1,1,1,0,6,0,0.0,0.06864272461716958,597.4900344848633,349.0727096557617,1,0,1,2024-08-03,37.076666768391924,37.480000305175786,74.55666707356771,2.0466028771841316e-09,0
46,-50.74000091552735,315.4000015258789,315.4000015258789,630.8000030517578,1.0,0,1,1.0,1.0,1.0,1,1,1,1,1,0,4,2,0.0,0.0,561.8600357055664,360.3568832397461,1,0,1,2024-08-03,31.540000152587893,31.540000152587893,63.08000030517579,0.019676133010034718,0
47,64.7211436254023,344.50000381469727,310.8654002103277,655.365404025025,1.0,0,1,1.0,1.0,1.0,1,1,1,1,1,0,6,0,0.0,0.40361626869165346,630.6211680394648,185.3950673120977,1,0,1,2024-08-03,34.45000038146973,31.086540021032775,65.5365404025025,0.13066420460977152,0
0,0.0,0.0,0.0,0.0,1.0,0,1,1.0,1.0,1.0,1,1,1,1,1,0,0,6,0.0,0.0,173.60000610351562,173.60000610351562,0,0,2,2024-08-03,0.0,0.0,0.0,0.0,0
1,0.0,0.0,0.0,0.0,1.0,0,1,1.0,1.0,0.8333333333333334,1,1,0,1,1,0,0,6,0.0,0.0,192.79998779296875,192.79998779296875,0,0,2,2024-08-03,0.0,0.0,0.0,0.0,0
2,0.0,0.0,0.0,0.0,1.0,0,1,1.0,1.0,1.0,1,1,1,1,1,0,0,6,0.0,0.0,165.29998779296875,165.29998779296875,0,0,2,2024-08-03,0.0,0.0,0.0,0.0,0
3,0.0,0.0,0.0,0.0,1.0,0,1,1.0,1.0,1.0,1,1,1,1,1,0,0,6,0.0,0.0,165.29998779296875,165.29998779296875,0,0,2,2024-08-03,0.0,0.0,0.0,0.0,0
4,0.0,0.0,0.0,0.0,1.0,0,1,1.0,1.0,0.3333333333333333,1,1,0,1,1,0,0,6,0.0,0.0,165.29998779296875,165.29998779296875,0,0,2,2024-08-03,0.0,0.0,0.0,0.0,0
5,0.0,0.0,0.0,0.0,1.0,0,1,1.0,1.0,0.0,1,1,0,1,1,0,0,6,0.0,0.0,115.30000305175781,115.30000305175781,0,0,2,2024-08-03,0.0,0.0,0.0,0.0,0
6,0.0,0.0,0.0,0.0,1.0,0,1,1.0,1.0,0.0,1,1,0,1,1,0,0,6,0.0,0.0,115.30000305175781,115.30000305175781,0,0,2,2024-08-03,0.0,0.0,0.0,0.0,0
7,0.0,0.0,0.0,0.0,1.0,0,1,1.0,1.0,0.0,1,1,0,1,1,0,0,6,0.0,0.0,87.80000305175781,87.80000305175781,0,0,2,2024-08-03,0.0,0.0,0.0,0.0,0
8,0.0,0.0,0.0,0.0,1.0,0,1,1.0,1.0,0.0,1,1,0,1,1,0,0,6,0.0,0.0,87.80000305175781,87.80000305175781,0,0,2,2024-08-03,0.0,0.0,0.0,0.0,0
9,0.0,0.0,0.0,0.0,1.0,0,1,1.0,1.0,0.0,1,1,0,1,1,0,0,6,0.0,0.0,76.80000305175781,76.80000305175781,0,0,2,2024-08-03,0.0,0.0,0.0,0.0,0
10,0.0,0.0,0.0,0.0,1.0,0,1,1.0,1.0,0.0,1,1,0,1,1,0,0,6,0.0,0.0,57.60000228881836,57.60000228881836,0,0,2,2024-08-03,0.0,0.0,0.0,0.0,0
11,0.0,0.0,0.0,0.0,1.0,0,1,1.0,1.0,0.0,1,1,0,1,1,0,0,6,0.0,0.0,57.60000228881836,57.60000228881836,0,0,2,2024-08-03,0.0,0.0,0.0,0.0,0
12,0.0,0.0,0.0,0.0,1.0,0,1,1.0,1.0,0.5,1,1,0,1,1,0,0,6,0.0,0.0,39.60000228881836,57.60000228881836,0,0,2,2024-08-03,0.0,0.0,0.0,0.0,0
13,0.0,0.0,0.0,0.0,1.0,0,1,1.0,1.0,1.0,1,1,1,1,1,0,0,6,0.0,0.0,67.10000610351562,85.10000610351562,0,0,2,2024-08-03,0.0,0.0,0.0,0.0,0
14,0.0,0.0,0.0,0.0,1.0,0,1,1.0,1.0,1.0,1,1,1,1,1,0,0,6,0.0,0.0,105.60000610351562,123.60000610351562,0,0,2,2024-08-03,0.0,0.0,0.0,0.0,0
15,0.0,0.0,0.0,0.0,1.0,0,1,1.0,1.0,0.16666666666666666,1,1,0,1,1,0,0,6,0.0,0.0,189.60000610351562,217.10000610351562,0,0,2,2024-08-03,0.0,0.0,0.0,0.0,0
16,0.0,0.0,0.0,0.0,1.0,0,1,1.0,1.0,0.0,1,1,0,1,1,0,0,6,0.0,0.0,210.0,255.5,0,0,2,2024-08-03,0.0,0.0,0.0,0.0,0
17,0.0,0.0,0.0,0.0,1.0,0,1,1.0,1.0,0.0,1,1,0,1,1,0,0,6,0.0,0.0,326.6000061035156,418.1000061035156,0,0,2,2024-08-03,0.0,0.0,0.0,0.0,0
18,0.0,0.0,0.0,0.0,1.0,0,1,1.0,1.0,0.0,1,1,0,1,1,0,0,6,0.0,0.0,355.29998779296875,467.5,0,0,2,2024-08-03,0.0,0.0,0.0,0.0,0
19,-32.11000022888189,286.10000228881836,289.60000228881836,575.7000045776367,1.0,0,1,1.0,1.0,1.0,1,1,1,1,1,3,0,3,0.0,0.0,526.6401218414306,698.0100246429444,1,0,2,2024-08-03,28.610000228881837,28.96000022888184,57.570000457763676,0.11733905393467692,0
20,-290.28538423672273,0.0,355.60000228881836,355.60000228881836,1.0,0,1,1.0,1.0,1.0,1,1,1,1,1,0,6,0,0.0,0.0,278.898880899996,1002.8853598226602,1,0,2,2024-08-03,0.0,35.56000022888184,35.56000022888184,0.157409080862661,0
21,-99.44500198364253,0.0,369.3000030517578,369.3000030517578,1.0,0,1,1.0,1.0,1.0,1,1,1,1,1,0,6,0,0.0,0.0,550.9480033874512,963.744928741455,1,0,2,2024-08-03,0.0,36.93000030517578,36.93000030517578,6.197720794210615e-09,0
22,43.1366633097336,489.7333386739095,492.9000053405762,982.6333440144856,1.0,0,1,1.0,1.0,1.0,1,1,1,1,1,6,0,0,0.0,0.0,672.1832941691086,848.6633855183914,1,0,2,2024-08-03,48.97333386739095,49.29000053405762,98.26333440144856,1.8116549722342246e-09,0
23,0.0,0.0,0.0,0.0,1.0,0,1,1.0,1.0,0.0,1,1,0,1,1,0,0,6,0.0,0.0,607.1849365234375,847.800048828125,0,0,2,2024-08-03,0.0,0.0,0.0,0.0,0
24,-3.7428079223633195,605.0760040283203,634.2000045776367,1239.276008605957,1.0,0,1,1.0,1.0,1.0,1,1,1,1,1,0,6,0,0.0,0.0,661.7755636596679,859.0428567504883,1,0,2,2024-08-03,60.50760040283203,63.42000045776368,123.9276008605957,0.39773609912293717,0
25,5.12615369628758,623.2000045776367,0.0,623.2000045776367,1.0,0,1,1.0,1.0,1.0,1,1,1,1,1,0,0,6,0.0,0.0,901.2622620947251,938.6738951318374,1,0,2,2024-08-03,62.320000457763676,0.0,62.320000457763676,3.645729861504272e-10,0
26,46.339004799836175,0.0,700.7000045776367,700.7000045776367,1.0,0,1,1.0,1.0,1.0,1,1,1,1,1,0,6,0,0.0,0.0,969.9158480615549,886.4609829931326,1,0,2,2024-08-03,0.0,70.07000045776367,70.07000045776367,0.8755878619343588,0
27,58.2400005340574,686.8000049591064,692.4000053405762,1379.2000102996826,1.0,0,1,1.0,1.0,1.0,1,1,1,1,1,0,6,0,0.0,0.0,1005.2114360809323,868.3723041534427,1,0,2,2024-08-03,68.68000049591065,69.24000053405761,137.92000102996826,0.3454389950164642,0
28,346.37964976539064,719.9000053405762,0.0,719.9000053405762,1.0,0,1,1.0,1.0,1.0,1,1,1,1,1,6,0,0,0.0,0.0,1290.9796863864844,551.3933604885156,1,0,2,2024-08-03,71.99000053405761,0.0,71.99000053405761,1.5409800744898207e-08,0
29,0.0,0.0,0.0,0.0,1.0,0,1,1.0,1.0,0.6666666666666666,1,1,0,1,1,0,0,6,0.0,0.0,922.1000366210938,895.1000366210938,0,0,2,2024-08-03,0.0,0.0,0.0,0.0,0
30,241.57592976355616,828.2000045776367,0.0,828.2000045776367,1.0,0,1,1.0,1.0,1.0,1,1,1,1,1,6,0,0,0.0,0.0,1193.8759175565249,683.7240580294126,1,0,2,2024-08-03,82.82000045776368,0.0,82.82000045776368,2.4501100575499462e-09,0
31,0.0,0.0,0.0,0.0,1.0,0,1,1.0,1.0,0.16666666666666666,1,1,0,1,1,0,0,6,0.0,0.0,1010.0000610351562,982.8652954101562,0,0,2,2024-08-03,0.0,0.0,0.0,0.0,0
32,0.0,0.0,0.0,0.0,1.0,0,1,1.0,1.0,0.0,1,1,0,1,1,0,0,6,0.0,0.0,1060.300048828125,1055.19384765625,0,0,2,2024-08-03,0.0,0.0,0.0,0.0,0
33,133.65500144958494,689.7000045776367,689.7000045776367,1379.4000091552734,1.0,0,1,1.0,1.0,1.0,1,1,1,1,1,6,0,0,0.0,0.0,1151.95505027771,881.0945713043213,1,0,2,2024-08-03,68.97000045776367,68.97000045776367,137.94000091552735,1.935833007946494e-09,0
34,146.4700004577637,689.7000045776367,689.7000045776367,1379.4000091552734,1.0,0,1,1.0,1.0,1.0,1,1,1,1,1,0,0,6,0.0,0.0,1181.2700492858887,884.7795112609863,1,0,2,2024-08-03,68.97000045776367,68.97000045776367,137.94000091552735,5.530951362971126e-10,0
35,222.11984296897236,667.9157193868118,661.2001795651826,1329.1158989519945,1.0,0,1,1.0,1.0,1.0,1,1,1,1,1,2,0,4,0.0,0.0,1263.4745792970973,826.8801570310277,1,0,2,2024-08-03,66.79157193868119,66.12001795651825,132.91158989519946,0.009887774829157906,0
36,81.72000045776366,250.0,817.2000045776367,1067.2000045776367,1.0,0,1,1.0,1.0,1.0,1,1,1,1,1,0,0,6,0.0,0.0,1168.8202201843262,1008.6799018859863,1,0,2,2024-08-03,25.0,81.72000045776367,106.72000045776367,7.148982957469444e-10,0
37,54.43566728969144,826.3666714986166,831.5000038146973,1657.8666753133139,1.0,0,1,1.0,1.0,1.0,1,1,1,1,1,0,6,0,0.0,0.0,1058.671140922504,950.2643449173398,1,0,2,2024-08-03,82.63666714986167,83.15000038146974,165.7866675313314,9.986454804368614e-10,0
38,111.54000129699709,813.4000053405762,813.4000053405762,1626.8000106811523,1.0,0,1,1.0,1.0,1.0,1,1,1,1,1,0,0,6,0.0,0.0,1042.0400012969972,818.959998703003,1,0,2,2024-08-03,81.34000053405762,81.34000053405762,162.68000106811525,2.344908679327907e-10,0
39,790.7900058746338,708.9000053405762,0.0,708.9000053405762,1.0,0,1,1.0,1.0,1.0,1,1,1,1,1,6,0,0,0.0,0.0,1704.6900302886963,115.47958641052242,1,0,2,2024-08-03,70.89000053405762,0.0,70.89000053405762,3.9282395083575415e-08,0
40,227.73314407336073,631.4986722310384,0.0,631.4986722310384,1.0,0,1,1.0,1.0,1.0,1,1,1,1,1,6,0,0,0.0,0.0,1172.433156280392,595.038279266483,1,0,2,2024-08-03,63.14986722310385,0.0,63.14986722310385,7.973531881608935e-09,0
41,576.3009366099064,621.990672047933,0.0,621.990672047933,1.0,0,1,1.0,1.0,1.0,1,1,1,1,1,0,6,0,0.0,0.0,1493.5009488169376,112.86092862446856,1,0,2,2024-08-03,62.1990672047933,0.0,62.1990672047933,4.460768232260224e-08,0
42,79.30032700540058,583.3666714986166,588.5000038146973,1171.8666753133139,1.0,0,1,1.0,1.0,1.0,1,1,1,1,1,1,5,0,0.0,0.09402884450748736,1024.0003392124318,533.1640284633494,1,0,2,2024-08-03,58.33666714986166,58.85000038146973,117.1866675313314,0.27667250594027176,0
43,51.98000030517579,519.8000030517578,519.8000030517578,1039.6000061035156,1.0,0,1,1.0,1.0,1.0,1,1,1,1,1,0,1,5,0.0,0.0744914908767384,922.4800003051757,481.0793258666992,1,0,2,2024-08-03,51.980000305175786,51.980000305175786,103.96000061035157,0.0590283936032503,0
44,53.81073212087761,440.0666669209798,444.10000228881836,884.1666692097981,1.0,0,1,1.0,1.0,1.0,1,1,1,1,1,3,3,0,0.0,0.0,874.8107321208776,477.5303323322474,1,0,2,2024-08-03,44.00666669209798,44.41000022888184,88.41666692097982,0.23503647645873313,0
45,-52.110002136230456,370.76666768391925,374.8000030517578,745.566670735677,1.0,0,1,1.0,1.0,1.0,1,1,1,1,1,0,6,0,0.0,0.0,713.8899978637695,606.0562301635742,1,0,2,2024-08-03,37.076666768391924,37.480000305175786,74.55666707356771,2.0466028771841316e-09,0
46,-50.74000091552735,315.4000015258789,315.4000015258789,630.8000030517578,1.0,0,1,1.0,1.0,1.0,1,1,1,1,1,0,4,2,0.0,0.0,610.2599990844726,533.2985946655274,1,0,2,2024-08-03,31.540000152587893,31.540000152587893,63.08000030517579,0.019676133010034718,0
47,64.7211436254023,344.50000381469727,310.8654002103277,655.365404025025,1.0,0,1,1.0,1.0,1.0,1,1,1,1,1,0,6,0,0.0,0.0,698.2211436254023,387.0313282984258,1,0,2,2024-08-03,34.45000038146973,31.086540021032775,65.5365404025025,0.13066420460977152,0
0,0.0,0.0,0.0,0.0,1.0,0,1,1.0,1.0,0.8333333333333334,1,1,0,1,1,0,0,6,0.0,0.0,273.70001220703125,336.79998779296875,0,1,0,2024-08-03,0.0,0.0,0.0,0.0,0
1,0.0,0.0,0.0,0.0,1.0,0,1,1.0,1.0,0.0,1,1,0,1,1,0,0,6,0.0,0.0,273.70001220703125,336.79998779296875,0,1,0,2024-08-03,0.0,0.0,0.0,0.0,0
2,0.0,0.0,0.0,0.0,1.0,0,1,1.0,1.0,0.3333333333333333,1,1,0,1,1,0,0,6,0.0,0.0,238.0,301.0999755859375,0,1,0,2024-08-03,0.0,0.0,0.0,0.0,0
3,0.0,0.0,0.0,0.0,1.0,0,1,1.0,1.0,0.16666666666666666,1,1,0,1,1,0,0,6,0.0,0.0,238.0,301.0999755859375,0,1,0,2024-08-03,0.0,0.0,0.0,0.0,0
4,0.0,0.0,0.0,0.0,1.0,0,1,1.0,1.0,0.3333333333333333,1,1,0,1,1,0,0,6,0.0,0.0,216.39999389648438,273.5999755859375,0,1,0,2024-08-03,0.0,0.0,0.0,0.0,0
5,0.0,0.0,0.0,0.0,1.0,0,1,1.0,1.0,1.0,1,1,1,1,1,0,0,6,0.0,0.0,188.89999389648438,246.10000610351562,0,1,0,2024-08-03,0.0,0.0,0.0,0.0,0
6,0.0,0.0,0.0,0.0,1.0,0,1,1.0,1.0,0.16666666666666666,1,1,0,1,1,0,0,6,0.0,0.0,216.39999389648438,273.5999755859375,0,1,0,2024-08-03,0.0,0.0,0.0,0.0,0
7,0.0,0.0,0.0,0.0,1.0,0,1,1.0,1.0,0.0,1,1,0,1,1,0,0,6,0.0,0.0,216.39999389648438,273.5999755859375,0,1,0,2024-08-03,0.0,0.0,0.0,0.0,0
8,0.0,0.0,0.0,0.0,1.0,0,1,1.0,1.0,0.0,1,1,0,1,1,0,0,6,0.0,0.0,173.1999969482422,204.39999389648438,0,1,0,2024-08-03,0.0,0.0,0.0,0.0,0
9,0.0,0.0,0.0,0.0,1.0,0,1,1.0,1.0,0.0,1,1,0,1,1,0,0,6,0.0,0.0,145.6999969482422,176.89999389648438,0,1,0,2024-08-03,0.0,0.0,0.0,0.0,0
10,0.0,0.0,0.0,0.0,1.0,0,1,1.0,1.0,0.0,1,1,0,1,1,0,0,6,0.0,0.0,145.6999969482422,176.89999389648438,0,1,0,2024-08-03,0.0,0.0,0.0,0.0,0
11,0.0,0.0,0.0,0.0,1.0,0,1,1.0,1.0,0.0,1,1,0,1,1,0,0,6,0.0,0.0,145.6999969482422,176.89999389648438,0,1,0,2024-08-03,0.0,0.0,0.0,0.0,0
12,0.0,0.0,0.0,0.0,1.0,0,1,1.0,1.0,0.0,1,1,0,1,1,0,0,6,0.0,0.0,164.89999389648438,196.10000610351562,0,1,0,2024-08-03,0.0,0.0,0.0,0.0,0
13,0.0,0.0,0.0,0.0,1.0,0,1,1.0,1.0,0.3333333333333333,1,1,0,1,1,0,0,6,0.0,0.0,185.60000610351562,231.3000030517578,0,1,0,2024-08-03,0.0,0.0,0.0,0.0,0
14,0.0,0.0,0.0,0.0,1.0,0,1,1.0,1.0,1.0,1,1,1,1,1,0,0,6,0.0,0.0,193.8000030517578,239.5,0,1,0,2024-08-03,0.0,0.0,0.0,0.0,0
15,0.0,0.0,0.0,0.0,1.0,0,1,1.0,1.0,0.3333333333333333,1,1,0,1,1,0,0,6,0.0,0.0,229.8000030517578,289.5,0,1,0,2024-08-03,0.0,0.0,0.0,0.0,0
16,0.0,0.0,0.0,0.0,1.0,0,1,1.0,1.0,0.0,1,1,0,1,1,0,0,6,0.0,0.0,243.09999084472656,342.29998779296875,0,1,0,2024-08-03,0.0,0.0,0.0,0.0,0
17,0.0,0.0,0.0,0.0,1.0,0,1,1.0,1.0,0.0,1,1,0,1,1,0,0,6,0.0,0.0,243.09999084472656,342.29998779296875,0,1,0,2024-08-03,0.0,0.0,0.0,0.0,0
18,0.0,0.0,0.0,0.0,1.0,0,1,1.0,1.0,0.0,1,1,0,1,1,0,0,6,0.0,0.0,286.9000244140625,416.5,0,1,0,2024-08-03,0.0,0.0,0.0,0.0,0
19,-32.11000022888189,286.10000228881836,289.60000228881836,575.7000045776367,1.0,0,1,1.0,1.0,1.0,1,1,1,1,1,0,1,5,0.033240091697268215,0.0,276.5900119781494,478.8100124359131,1,1,0,2024-08-03,28.610000228881837,28.96000022888184,57.570000457763676,0.028144216432408064,0
20,-290.28538423672273,0.0,355.60000228881836,355.60000228881836,0.5,3,0,1.0,0.5,1.0,1,0,1,1,0,0,6,0,0.0,0.0,0.0,802.8854208578165,1,1,0,2024-08-03,0.0,35.56000022888184,35.56000022888184,0.0559483253704544,1
21,-99.44500198364253,0.0,369.3000030517578,369.3000030517578,1.0,0,1,1.0,1.0,1.0,1,1,1,1,1,0,6,0,0.0,0.0,44.26788864135747,612.0450386047363,1,1,0,2024-08-03,0.0,36.93000030517578,36.93000030517578,0.01974646156617634,0
22,43.1366633097336,489.7333386739095,492.9000053405762,982.6333440144856,1.0,0,1,1.0,1.0,1.0,1,1,1,1,1,1,5,0,0.5484589102259058,0.0,221.13472544352265,507.9633122762039,1,1,0,2024-08-03,48.97333386739095,49.29000053405762,98.26333440144856,0.056128591789213034,0
23,0.0,0.0,0.0,0.0,1.0,0,1,1.0,1.0,0.0,1,1,0,1,1,0,0,6,0.0,0.0,328.5708312988281,678.6000366210938,0,1,0,2024-08-03,0.0,0.0,0.0,0.0,0
24,-3.7428079223633195,605.0760040283203,634.2000045776367,1239.276008605957,1.0,0,1,1.0,1.0,1.0,1,1,1,1,1,0,0,6,0.45689263153838633,0.0,328.6212362670898,693.3428445434571,1,1,0,2024-08-03,60.50760040283203,63.42000045776368,123.9276008605957,4.617252075565009e-11,0
25,5.12615369628758,623.2000045776367,0.0,623.2000045776367,0.6666666666666666,2,0,0.5,1.0,1.0,0,1,1,0,1,4,0,2,0.22967180201780335,0.0,480.0685365087876,813.6738340966812,1,1,0,2024-08-03,62.320000457763676,0.0,62.320000457763676,0.45087741143696347,1
26,46.339004799836175,0.0,700.7000045776367,700.7000045776367,1.0,0,1,1.0,1.0,1.0,1,1,1,1,1,0,0,6,0.0,0.0,517.8716586084299,772.4609829931326,1,1,0,2024-08-03,0.0,70.07000045776367,70.07000045776367,4.0421665591849987e-10,0
27,58.2400005340574,686.8000049591064,692.4000053405762,1379.2000102996826,1.0,0,1,1.0,1.0,1.0,1,1,1,1,1,5,1,0,0.16553556403827077,0.0,573.1101787567136,838.0599872589114,1,1,0,2024-08-03,68.68000049591065,69.24000053405761,137.92000102996826,0.2196067752539282,0
28,346.37964976539064,719.9000053405762,0.0,719.9000053405762,1.0,0,1,1.0,1.0,1.0,1,1,1,1,1,6,0,0,0.0,0.0,913.2076526950782,723.5203746486718,1,1,0,2024-08-03,71.99000053405761,0.0,71.99000053405761,0.2731592985407046,0
29,0.0,0.0,0.0,0.0,1.0,0,1,1.0,1.0,0.0,1,1,0,1,1,0,0,6,0.0,0.0,658.8645629882812,1097.2999267578125,0,1,0,2024-08-03,0.0,0.0,0.0,0.0,0
30,241.57592976355616,828.2000045776367,0.0,828.2000045776367,1.0,0,1,1.0,1.0,1.0,1,1,1,1,1,6,0,0,0.0,0.0,900.8477193143374,855.7239969942564,1,1,0,2024-08-03,82.82000045776368,0.0,82.82000045776368,0.4475863194790011,0
31,0.0,0.0,0.0,0.0,1.0,0,1,1.0,1.0,0.0,1,1,0,1,1,0,0,6,0.0,0.0,642.262451171875,1147.2999267578125,0,1,0,2024-08-03,0.0,0.0,0.0,0.0,0
32,0.0,0.0,0.0,0.0,1.0,0,1,1.0,1.0,0.0,1,1,0,1,1,0,0,6,0.0,0.0,700.5146484375,1139.0,0,1,0,2024-08-03,0.0,0.0,0.0,0.0,0
33,133.65500144958494,689.7000045776367,689.7000045776367,1379.4000091552734,1.0,0,1,1.0,1.0,1.0,1,1,1,1,1,6,0,0,0.0,0.0,794.4150722503662,999.8449985504151,1,1,0,2024-08-03,68.97000045776367,68.97000045776367,137.94000091552735,0.3307531298078142,0
34,146.4700004577637,689.7000045776367,689.7000045776367,1379.4000091552734,1.0,0,1,1.0,1.0,1.0,1,1,1,1,1,6,0,0,0.0,0.0,756.024993133545,1061.7299507141113,1,1,0,2024-08-03,68.97000045776367,68.97000045776367,137.94000091552735,0.23037531521307347,0
35,222.11984296897236,667.9157193868118,661.2001795651826,1329.1158989519945,0.8333333333333334,1,0,0.8,1.0,1.0,0,0,1,0,1,5,0,1,0.006011683342689631,0.0,663.9004215822536,1002.0801082029027,1,1,0,2024-08-03,66.79157193868119,66.12001795651825,132.91158989519946,0.2629625079760501,1
36,81.72000045776366,250.0,817.2000045776367,1067.2000045776367,0.8333333333333334,1,0,0.8333333333333334,1.0,1.0,0,0,1,0,1,6,0,0,0.0,0.0,447.5323173522949,1120.5799263000488,1,1,0,2024-08-03,25.0,81.72000045776367,106.72000045776367,0.057051071513737076,1
37,54.43566728969144,826.3666714986166,831.5000038146973,1657.8666753133139,1.0,0,1,1.0,1.0,1.0,1,1,1,1,1,0,6,0,0.5132238176434887,0.0,402.2556135787539,1120.364259468121,1,1,0,2024-08-03,82.63666714986167,83.15000038146974,165.7866675313314,9.986454804368614e-10,0
38,111.54000129699709,813.4000053405762,813.4000053405762,1626.8000106811523,1.0,0,1,1.0,1.0,1.0,1,1,1,1,1,0,0,6,0.4638322401580682,0.0,436.1188587188721,1002.3600231170655,1,1,0,2024-08-03,81.34000053405762,81.34000053405762,162.68000106811525,2.344908679327907e-10,0
39,790.7900058746338,708.9000053405762,0.0,708.9000053405762,1.0,0,1,1.0,1.0,1.0,1,1,1,1,1,6,0,0,0.0,0.0,1121.8821689605713,323.70999412536617,1,1,0,2024-08-03,70.89000053405762,0.0,70.89000053405762,3.9282395083575415e-08,0
40,227.73314407336073,631.4986722310384,0.0,631.4986722310384,1.0,0,1,1.0,1.0,1.0,1,1,1,1,1,6,0,0,0.0,0.0,1081.1677143858608,905.9668070985142,1,1,0,2024-08-03,63.14986722310385,0.0,63.14986722310385,0.0032910807767829796,0
41,576.3009366099064,621.990672047933,0.0,621.990672047933,1.0,0,1,1.0,1.0,1.0,1,1,1,1,1,6,0,0,0.0,0.0,1449.9973477427188,502.49911221821856,1,1,0,2024-08-03,62.1990672047933,0.0,62.1990672047933,0.09544120354684688,0
42,79.30032700540058,583.3666714986166,588.5000038146973,1171.8666753133139,1.0,0,1,1.0,1.0,1.0,1,1,1,1,1,3,3,0,0.0,0.0,951.1556126499319,993.8830226039744,1,1,0,2024-08-03,58.33666714986166,58.85000038146973,117.1866675313314,0.08429005189899282,0
43,51.98000030517579,519.8000030517578,519.8000030517578,1039.6000061035156,1.0,0,1,1.0,1.0,1.0,1,1,1,1,1,5,0,1,0.0,0.0,698.2053421020507,896.620036315918,1,1,0,2024-08-03,51.980000305175786,51.980000305175786,103.96000061035157,0.008227689165611092,0
44,53.81073212087761,440.0666669209798,444.10000228881836,884.1666692097981,1.0,0,1,1.0,1.0,1.0,1,1,1,1,1,6,0,0,0.0,0.0,566.7891867107213,844.7893045002162,1,1,0,2024-08-03,44.00666669209798,44.41000022888184,88.41666692097982,0.05896913221447018,0
45,-52.110002136230456,370.76666768391925,374.8000030517578,745.566670735677,0.0,6,0,0.0,0.0,1.0,0,0,1,0,0,5,1,0,0.3348204989285169,0.0,246.6263870239258,838.010026550293,1,1,0,2024-08-03,37.076666768391924,37.480000305175786,74.55666707356771,0.09334166170524648,1
46,-50.74000091552735,315.4000015258789,315.4000015258789,630.8000030517578,0.0,6,0,0.0,1.0,1.0,0,0,1,0,1,6,0,0,0.593051179424805,0.0,128.3516586303711,759.1400253295899,1,1,0,2024-08-03,31.540000152587893,31.540000152587893,63.08000030517579,0.05594829144419205,1
47,64.7211436254023,344.50000381469727,310.8654002103277,655.365404025025,1.0,0,1,1.0,1.0,1.0,1,1,1,1,1,6,0,0,0.1967698287265452,0.0,276.7127970677851,660.1788807886602,1,1,0,2024-08-03,34.45000038146973,31.086540021032775,65.5365404025025,0.020759879060864832,0
0,0.0,0.0,0.0,0.0,1.0,0,1,1.0,1.0,1.0,1,1,1,1,1,0,0,6,0.0,0.0,272.0,289.5,0,1,1,2024-08-03,0.0,0.0,0.0,0.0,0
1,0.0,0.0,0.0,0.0,1.0,0,1,1.0,1.0,1.0,1,1,1,1,1,0,0,6,0.0,0.0,272.0,289.5,0,1,1,2024-08-03,0.0,0.0,0.0,0.0,0
2,0.0,0.0,0.0,0.0,1.0,0,1,1.0,1.0,1.0,1,1,1,1,1,0,0,6,0.0,0.0,283.0,300.5,0,1,1,2024-08-03,0.0,0.0,0.0,0.0,0
3,0.0,0.0,0.0,0.0,1.0,0,1,1.0,1.0,0.6666666666666666,1,1,0,1,1,0,0,6,0.0,0.0,263.20001220703125,273.0,0,1,1,2024-08-03,0.0,0.0,0.0,0.0,0
4,0.0,0.0,0.0,0.0,1.0,0,1,1.0,1.0,0.0,1,1,0,1,1,0,0,6,0.0,0.0,252.1999969482422,245.5,0,1,1,2024-08-03,0.0,0.0,0.0,0.0,0
5,0.0,0.0,0.0,0.0,1.0,0,1,1.0,1.0,0.0,1,1,0,1,1,0,0,6,0.0,0.0,252.1999969482422,245.5,0,1,1,2024-08-03,0.0,0.0,0.0,0.0,0
6,0.0,0.0,0.0,0.0,1.0,0,1,1.0,1.0,0.0,1,1,0,1,1,0,0,6,0.0,0.0,252.1999969482422,245.5,0,1,1,2024-08-03,0.0,0.0,0.0,0.0,0
7,0.0,0.0,0.0,0.0,1.0,0,1,1.0,1.0,0.16666666666666666,1,1,0,1,1,0,0,6,0.0,0.0,251.3000030517578,240.5,0,1,1,2024-08-03,0.0,0.0,0.0,0.0,0
8,0.0,0.0,0.0,0.0,1.0,0,1,1.0,1.0,0.8333333333333334,1,1,0,1,1,0,0,6,0.0,0.0,251.3000030517578,240.5,0,1,1,2024-08-03,0.0,0.0,0.0,0.0,0
9,0.0,0.0,0.0,0.0,1.0,0,1,1.0,1.0,0.6666666666666666,1,1,0,1,1,0,0,6,0.0,0.0,165.5,165.5,0,1,1,2024-08-03,0.0,0.0,0.0,0.0,0
10,0.0,0.0,0.0,0.0,1.0,0,1,1.0,1.0,0.6666666666666666,1,1,0,1,1,0,0,6,0.0,0.0,165.5,165.5,0,1,1,2024-08-03,0.0,0.0,0.0,0.0,0
11,0.0,0.0,0.0,0.0,1.0,0,1,1.0,1.0,0.0,1,1,0,1,1,0,0,6,0.0,0.0,163.5,165.5,0,1,1,2024-08-03,0.0,0.0,0.0,0.0,0
12,0.0,0.0,0.0,0.0,1.0,0,1,1.0,1.0,0.0,1,1,0,1,1,0,0,6,0.0,0.0,180.0,204.5,0,1,1,2024-08-03,0.0,0.0,0.0,0.0,0
13,0.0,0.0,0.0,0.0,1.0,0,1,1.0,1.0,0.0,1,1,0,1,1,0,0,6,0.0,0.0,210.1999969482422,234.6999969482422,0,1,1,2024-08-03,0.0,0.0,0.0,0.0,0
14,0.0,0.0,0.0,0.0,1.0,0,1,1.0,1.0,0.0,1,1,0,1,1,0,0,6,0.0,0.0,287.20001220703125,311.70001220703125,0,1,1,2024-08-03,0.0,0.0,0.0,0.0,0
15,0.0,0.0,0.0,0.0,1.0,0,1,1.0,1.0,0.0,1,1,0,1,1,0,0,6,0.0,0.0,337.6000061035156,380.8999938964844,0,1,1,2024-08-03,0.0,0.0,0.0,0.0,0
16,0.0,0.0,0.0,0.0,1.0,0,1,1.0,1.0,0.5,1,1,0,1,1,0,0,6,0.0,0.0,389.20001220703125,438.5,0,1,1,2024-08-03,0.0,0.0,0.0,0.0,0
17,0.0,0.0,0.0,0.0,1.0,0,1,1.0,1.0,0.0,1,1,0,1,1,0,0,6,0.0,0.0,462.89996337890625,512.7000122070312,0,1,1,2024-08-03,0.0,0.0,0.0,0.0,0
18,0.0,0.0,0.0,0.0,1.0,0,1,1.0,1.0,0.0,1,1,0,1,1,0,0,6,0.0,0.0,500.5,609.4000244140625,0,1,1,2024-08-03,0.0,0.0,0.0,0.0,0
19,-32.11000022888189,286.10000228881836,289.60000228881836,575.7000045776367,1.0,0,1,1.0,1.0,1.0,1,1,1,1,1,0,1,5,0.0,0.0,489.51304664611814,666.2100368499756,1,1,1,2024-08-03,28.610000228881837,28.96000022888184,57.570000457763676,0.028144216432408064,0
20,-290.28538423672273,0.0,355.60000228881836,355.60000228881836,1.0,0,1,1.0,1.0,1.0,1,1,1,1,1,0,6,0,0.0,0.0,238.52455228671477,951.8854208578165,1,1,1,2024-08-03,0.0,35.56000022888184,35.56000022888184,0.0559483253704544,0
21,-99.44500198364253,0.0,369.3000030517578,369.3000030517578,1.0,0,1,1.0,1.0,1.0,1,1,1,1,1,0,6,0,0.0,0.0,368.1946159362793,838.5450386047363,1,1,1,2024-08-03,0.0,36.93000030517578,36.93000030517578,0.01974646156617634,0
22,43.1366633097336,489.7333386739095,492.9000053405762,982.6333440144856,1.0,0,1,1.0,1.0,1.0,1,1,1,1,1,1,5,0,0.0,0.0,520.6661738077805,715.1633244832351,1,1,1,2024-08-03,48.97333386739095,49.29000053405762,98.26333440144856,0.056128591789213034,0
23,0.0,0.0,0.0,0.0,1.0,0,1,1.0,1.0,0.0,1,1,0,1,1,0,0,6,0.0,0.0,579.3809814453125,863.300048828125,0,1,1,2024-08-03,0.0,0.0,0.0,0.0,0
24,-3.7428079223633195,605.0760040283203,634.2000045776367,1239.276008605957,1.0,0,1,1.0,1.0,1.0,1,1,1,1,1,0,0,6,0.0,0.0,729.6669821166992,1018.7428079223633,1,1,1,2024-08-03,60.50760040283203,63.42000045776368,123.9276008605957,4.617252075565009e-11,0
25,5.12615369628758,623.2000045776367,0.0,623.2000045776367,1.0,0,1,1.0,1.0,1.0,1,1,1,1,1,4,0,2,0.050311887402382204,0.0,591.8456361181626,1032.3738463037125,1,1,1,2024-08-03,62.320000457763676,0.0,62.320000457763676,0.45087741143696347,0
26,46.339004799836175,0.0,700.7000045776367,700.7000045776367,1.0,0,1,1.0,1.0,1.0,1,1,1,1,1,0,0,6,0.0,0.0,590.1707308740549,961.7944180517263,1,1,1,2024-08-03,0.0,70.07000045776367,70.07000045776367,4.0421665591849987e-10,0
27,58.2400005340574,686.8000049591064,692.4000053405762,1379.2000102996826,1.0,0,1,1.0,1.0,1.0,1,1,1,1,1,5,1,0,0.28103753133034676,0.0,493.7834270477293,948.4600116729739,1,1,1,2024-08-03,68.68000049591065,69.24000053405761,137.92000102996826,0.2196067752539282,0
28,346.37964976539064,719.9000053405762,0.0,719.9000053405762,1.0,0,1,1.0,1.0,1.0,1,1,1,1,1,6,0,0,0.0,0.0,753.8047291110938,621.3203624416406,1,1,1,2024-08-03,71.99000053405761,0.0,71.99000053405761,0.2731592985407046,0
29,0.0,0.0,0.0,0.0,1.0,0,1,1.0,1.0,0.0,1,1,0,1,1,0,0,6,0.0,0.0,383.22216796875,909.5000610351562,0,1,1,2024-08-03,0.0,0.0,0.0,0.0,0
30,241.57592976355616,828.2000045776367,0.0,828.2000045776367,0.6666666666666666,2,0,0.6666666666666666,1.0,1.0,0,1,1,0,1,6,0,0,0.27086176934677847,0.0,603.872285964728,678.9241312716001,1,1,1,2024-08-03,82.82000045776368,0.0,82.82000045776368,0.4475863194790011,1
31,0.0,0.0,0.0,0.0,1.0,0,1,1.0,1.0,0.0,1,1,0,1,1,0,0,6,0.0,0.0,368.22674560546875,967.2000122070312,0,1,1,2024-08-03,0.0,0.0,0.0,0.0,0
32,0.0,0.0,0.0,0.0,1.0,0,1,1.0,1.0,0.0,1,1,0,1,1,0,0,6,0.0,0.0,569.60107421875,1163.0999755859375,0,1,1,2024-08-03,0.0,0.0,0.0,0.0,0
33,133.65500144958494,689.7000045776367,689.7000045776367,1379.4000091552734,0.0,6,0,0.0,1.0,1.0,0,0,1,0,1,6,0,0,0.1524903529420719,0.0,584.5274074554443,1002.7450229644776,1,1,1,2024-08-03,68.97000045776367,68.97000045776367,137.94000091552735,0.3307531298078142,1
34,146.4700004577637,689.7000045776367,689.7000045776367,1379.4000091552734,0.16666666666666666,5,0,0.16666666666666666,1.0,1.0,0,0,1,0,1,6,0,0,0.41749109757407044,0.0,401.7563926696778,946.5299995422363,1,1,1,2024-08-03,68.97000045776367,68.97000045776367,137.94000091552735,0.23037531521307347,1
35,222.11984296897236,667.9157193868118,661.2001795651826,1329.1158989519945,0.16666666666666666,5,0,0.0,1.0,1.0,0,0,1,0,1,5,0,1,0.3307126032579222,0.0,447.0275730715114,815.8801570310277,1,1,1,2024-08-03,66.79157193868119,66.12001795651825,132.91158989519946,0.2629625079760501,1
36,81.72000045776366,250.0,817.2000045776367,1067.2000045776367,0.0,6,0,0.0,1.0,1.0,0,0,1,0,1,6,0,0,0.0,0.0,325.9265586853027,948.1800239562988,1,1,1,2024-08-03,25.0,81.72000045776367,106.72000045776367,0.057051071513737076,1
37,54.43566728969144,826.3666714986166,831.5000038146973,1657.8666753133139,1.0,0,1,1.0,1.0,1.0,1,1,1,1,1,0,6,0,0.5814582093996427,0.0,345.8689863814883,938.7476823196836,1,1,1,2024-08-03,82.63666714986167,83.15000038146974,165.7866675313314,9.986454804368614e-10,0
38,111.54000129699709,813.4000053405762,813.4000053405762,1626.8000106811523,1.0,0,1,1.0,1.0,1.0,1,1,1,1,1,0,0,6,0.5968075772399629,0.007548509674372791,327.956718826294,807.260047531128,1,1,1,2024-08-03,81.34000053405762,81.34000053405762,162.68000106811525,2.344908679327907e-10,0
39,790.7900058746338,708.9000053405762,0.0,708.9000053405762,1.0,0,1,1.0,1.0,1.0,1,1,1,1,1,6,0,0,0.0,0.0,1028.6520511627198,62.009981918334915,1,1,1,2024-08-03,70.89000053405762,0.0,70.89000053405762,3.9282395083575415e-08,0
40,227.73314407336073,631.4986722310384,0.0,631.4986722310384,1.0,0,1,1.0,1.0,1.0,1,1,1,1,1,6,0,0,0.0,0.0,967.1337788389858,577.7668559266392,1,1,1,2024-08-03,63.14986722310385,0.0,63.14986722310385,0.0032910807767829796,0
41,576.3009366099064,621.990672047933,0.0,621.990672047933,1.0,0,1,1.0,1.0,1.0,1,1,1,1,1,6,0,0,0.0,0.0,1325.05087557475,207.05917081196856,1,1,1,2024-08-03,62.1990672047933,0.0,62.1990672047933,0.09544120354684688,0
42,79.30032700540058,583.3666714986166,588.5000038146973,1171.8666753133139,1.0,0,1,1.0,1.0,1.0,1,1,1,1,1,3,3,0,0.0,0.0,756.8493382358694,618.6239894008494,1,1,1,2024-08-03,58.33666714986166,58.85000038146973,117.1866675313314,0.08429005189899282,0
43,51.98000030517579,519.8000030517578,519.8000030517578,1039.6000061035156,1.0,0,1,1.0,1.0,1.0,1,1,1,1,1,5,0,1,0.0,0.0,682.4236038208007,599.1128952026368,1,1,1,2024-08-03,51.980000305175786,51.980000305175786,103.96000061035157,0.008227689165611092,0
44,53.81073212087761,440.0666669209798,444.10000228881836,884.1666692097981,1.0,0,1,1.0,1.0,1.0,1,1,1,1,1,6,0,0,0.0,0.0,663.4683859294713,579.0879495197474,1,1,1,2024-08-03,44.00666669209798,44.41000022888184,88.41666692097982,0.05896913221447018,0
45,-52.110002136230456,370.76666768391925,374.8000030517578,745.566670735677,1.0,0,1,1.0,1.0,1.0,1,1,1,1,1,5,1,0,0.0,0.0,537.4871658325195,663.6366744995117,1,1,1,2024-08-03,37.076666768391924,37.480000305175786,74.55666707356771,0.09334166170524648,0
46,-50.74000091552735,315.4000015258789,315.4000015258789,630.8000030517578,1.0,0,1,1.0,1.0,1.0,1,1,1,1,1,6,0,0,0.0,0.0,342.66621856689454,535.4400131225586,1,1,1,2024-08-03,31.540000152587893,31.540000152587893,63.08000030517579,0.05594829144419205,0
47,64.7211436254023,344.50000381469727,310.8654002103277,655.365404025025,1.0,0,1,1.0,1.0,1.0,1,1,1,1,1,6,0,0,0.0,0.0,438.1226023656367,408.97886858162894,1,1,1,2024-08-03,34.45000038146973,31.086540021032775,65.5365404025025,0.020759879060864832,0
0,0.0,0.0,0.0,0.0,1.0,0,1,1.0,1.0,1.0,1,1,1,1,1,0,0,6,0.0,0.0,246.8000030517578,303.29998779296875,0,1,2,2024-08-03,0.0,0.0,0.0,0.0,0
1,0.0,0.0,0.0,0.0,1.0,0,1,1.0,1.0,0.6666666666666666,1,1,0,1,1,0,0,6,0.0,0.0,246.8000030517578,303.29998779296875,0,1,2,2024-08-03,0.0,0.0,0.0,0.0,0
2,0.0,0.0,0.0,0.0,1.0,0,1,1.0,1.0,0.5,1,1,0,1,1,0,0,6,0.0,0.0,219.39999389648438,275.8999938964844,0,1,2,2024-08-03,0.0,0.0,0.0,0.0,0
3,0.0,0.0,0.0,0.0,1.0,0,1,1.0,1.0,0.3333333333333333,1,1,0,1,1,0,0,6,0.0,0.0,219.39999389648438,275.8999938964844,0,1,2,2024-08-03,0.0,0.0,0.0,0.0,0
4,0.0,0.0,0.0,0.0,1.0,0,1,1.0,1.0,0.0,1,1,0,1,1,0,0,6,0.0,0.0,219.39999389648438,275.8999938964844,0,1,2,2024-08-03,0.0,0.0,0.0,0.0,0
5,0.0,0.0,0.0,0.0,1.0,0,1,1.0,1.0,0.0,1,1,0,1,1,0,0,6,0.0,0.0,219.39999389648438,275.8999938964844,0,1,2,2024-08-03,0.0,0.0,0.0,0.0,0
6,0.0,0.0,0.0,0.0,1.0,0,1,1.0,1.0,0.0,1,1,0,1,1,0,0,6,0.0,0.0,208.39999389648438,264.8999938964844,0,1,2,2024-08-03,0.0,0.0,0.0,0.0,0
7,0.0,0.0,0.0,0.0,1.0,0,1,1.0,1.0,0.16666666666666666,1,1,0,1,1,0,0,6,0.0,0.0,169.89999389648438,226.39999389648438,0,1,2,2024-08-03,0.0,0.0,0.0,0.0,0
8,0.0,0.0,0.0,0.0,1.0,0,1,1.0,1.0,1.0,1,1,1,1,1,0,0,6,0.0,0.0,169.89999389648438,226.39999389648438,0,1,2,2024-08-03,0.0,0.0,0.0,0.0,0
9,0.0,0.0,0.0,0.0,1.0,0,1,1.0,1.0,1.0,1,1,1,1,1,0,0,6,0.0,0.0,169.89999389648438,226.39999389648438,0,1,2,2024-08-03,0.0,0.0,0.0,0.0,0
10,0.0,0.0,0.0,0.0,1.0,0,1,1.0,1.0,1.0,1,1,1,1,1,0,0,6,0.0,0.0,169.89999389648438,226.39999389648438,0,1,2,2024-08-03,0.0,0.0,0.0,0.0,0
11,0.0,0.0,0.0,0.0,1.0,0,1,1.0,1.0,0.0,1,1,0,1,1,0,0,6,0.0,0.0,169.89999389648438,226.39999389648438,0,1,2,2024-08-03,0.0,0.0,0.0,0.0,0
12,0.0,0.0,0.0,0.0,1.0,0,1,1.0,1.0,0.0,1,1,0,1,1,0,0,6,0.0,0.0,189.09999084472656,245.59999084472656,0,1,2,2024-08-03,0.0,0.0,0.0,0.0,0
13,0.0,0.0,0.0,0.0,1.0,0,1,1.0,1.0,0.0,1,1,0,1,1,0,0,6,0.0,0.0,189.09999084472656,245.59999084472656,0,1,2,2024-08-03,0.0,0.0,0.0,0.0,0
14,0.0,0.0,0.0,0.0,1.0,0,1,1.0,1.0,0.0,1,1,0,1,1,0,0,6,0.0,0.0,216.59999084472656,273.1000061035156,0,1,2,2024-08-03,0.0,0.0,0.0,0.0,0
15,0.0,0.0,0.0,0.0,1.0,0,1,1.0,1.0,0.0,1,1,0,1,1,0,0,6,0.0,0.0,238.1999969482422,342.3000183105469,0,1,2,2024-08-03,0.0,0.0,0.0,0.0,0
16,0.0,0.0,0.0,0.0,1.0,0,1,1.0,1.0,0.6666666666666666,1,1,0,1,1,0,0,6,0.0,0.0,293.0999755859375,358.20001220703125,0,1,2,2024-08-03,0.0,0.0,0.0,0.0,0
17,0.0,0.0,0.0,0.0,1.0,0,1,1.0,1.0,0.0,1,1,0,1,1,0,0,6,0.0,0.0,331.5,396.5999755859375,0,1,2,2024-08-03,0.0,0.0,0.0,0.0,0
18,0.0,0.0,0.0,0.0,1.0,0,1,1.0,1.0,0.0,1,1,0,1,1,0,0,6,0.0,0.0,491.29998779296875,586.7000122070312,0,1,2,2024-08-03,0.0,0.0,0.0,0.0,0
19,-32.11000022888189,286.10000228881836,289.60000228881836,575.7000045776367,1.0,0,1,1.0,1.0,1.0,1,1,1,1,1,0,1,5,0.0,0.0,522.6939548492431,706.7099758148194,1,1,2,2024-08-03,28.610000228881837,28.96000022888184,57.570000457763676,0.028144216432408064,0
20,-290.28538423672273,0.0,355.60000228881836,355.60000228881836,1.0,0,1,1.0,1.0,1.0,1,1,1,1,1,0,6,0,0.0,0.0,265.36402982577727,964.8853598226602,1,1,2,2024-08-03,0.0,35.56000022888184,35.56000022888184,0.0559483253704544,0
21,-99.44500198364253,0.0,369.3000030517578,369.3000030517578,1.0,0,1,1.0,1.0,1.0,1,1,1,1,1,0,6,0,0.0,0.0,459.6829887390137,831.845026397705,1,1,2,2024-08-03,0.0,36.93000030517578,36.93000030517578,0.01974646156617634,0
22,43.1366633097336,489.7333386739095,492.9000053405762,982.6333440144856,1.0,0,1,1.0,1.0,1.0,1,1,1,1,1,1,5,0,0.0,0.0,673.9135187784836,796.4633733113601,1,1,2,2024-08-03,48.97333386739095,49.29000053405762,98.26333440144856,0.056128591789213034,0
23,0.0,0.0,0.0,0.0,1.0,0,1,1.0,1.0,0.0,1,1,0,1,1,0,0,6,0.0,0.0,801.3125610351562,1024.199951171875,0,1,2,2024-08-03,0.0,0.0,0.0,0.0,0
24,-3.7428079223633195,605.0760040283203,634.2000045776367,1239.276008605957,1.0,0,1,1.0,1.0,1.0,1,1,1,1,1,0,0,6,0.0,0.0,837.6198629760742,1077.4427590942382,1,1,2,2024-08-03,60.50760040283203,63.42000045776368,123.9276008605957,4.617252075565009e-11,0
25,5.12615369628758,623.2000045776367,0.0,623.2000045776367,1.0,0,1,1.0,1.0,1.0,1,1,1,1,1,4,0,2,0.0,0.0,804.4907777197251,1079.5737974755875,1,1,2,2024-08-03,62.320000457763676,0.0,62.320000457763676,0.45087741143696347,0
26,46.339004799836175,0.0,700.7000045776367,700.7000045776367,1.0,0,1,1.0,1.0,1.0,1,1,1,1,1,0,0,6,0.0,0.0,742.3143465967112,1043.9610440282888,1,1,2,2024-08-03,0.0,70.07000045776367,70.07000045776367,4.0421665591849987e-10,0
27,58.2400005340574,686.8000049591064,692.4000053405762,1379.2000102996826,0.5,3,0,0.4,1.0,1.0,0,0,1,0,1,5,1,0,0.10014236657823594,0.0,618.0222270965573,985.3600971221927,1,1,2,2024-08-03,68.68000049591065,69.24000053405761,137.92000102996826,0.2196067752539282,1
28,346.37964976539064,719.9000053405762,0.0,719.9000053405762,1.0,0,1,1.0,1.0,1.0,1,1,1,1,1,6,0,0,0.0,0.0,861.5114857028907,733.0202525783593,1,1,2,2024-08-03,71.99000053405761,0.0,71.99000053405761,0.2731592985407046,0
29,0.0,0.0,0.0,0.0,1.0,0,1,1.0,1.0,0.0,1,1,0,1,1,0,0,6,0.0,0.0,461.2494201660156,1034.89990234375,0,1,2,2024-08-03,0.0,0.0,0.0,0.0,0
30,241.57592976355616,828.2000045776367,0.0,828.2000045776367,1.0,0,1,1.0,1.0,1.0,1,1,1,1,1,6,0,0,0.0015826132753543319,0.0,826.8892842557436,931.2239969942564,1,1,2,2024-08-03,82.82000045776368,0.0,82.82000045776368,0.4475863194790011,0
31,0.0,0.0,0.0,0.0,1.0,0,1,1.0,1.0,0.0,1,1,0,1,1,0,0,6,0.0,0.0,517.7662963867188,1120.0999755859375,0,1,2,2024-08-03,0.0,0.0,0.0,0.0,0
32,0.0,0.0,0.0,0.0,1.0,0,1,1.0,1.0,0.0,1,1,0,1,1,0,0,6,0.0,0.0,530.3911743164062,1120.0999755859375,0,1,2,2024-08-03,0.0,0.0,0.0,0.0,0
33,133.65500144958494,689.7000045776367,689.7000045776367,1379.4000091552734,0.6666666666666666,2,0,0.6666666666666666,1.0,1.0,0,0,1,0,1,6,0,0,0.11625580657262662,0.0,609.5183742523193,986.4449741363526,1,1,2,2024-08-03,68.97000045776367,68.97000045776367,137.94000091552735,0.3307531298078142,1
34,146.4700004577637,689.7000045776367,689.7000045776367,1379.4000091552734,0.16666666666666666,5,0,0.16666666666666666,1.0,1.0,0,0,1,0,1,6,0,0,0.19719531312923208,0.0,553.6943962097168,1031.9300239562988,1,1,2,2024-08-03,68.97000045776367,68.97000045776367,137.94000091552735,0.23037531521307347,1
35,222.11984296897236,667.9157193868118,661.2001795651826,1329.1158989519945,0.16666666666666666,5,0,0.0,1.0,1.0,0,0,1,0,1,5,0,1,0.06436678221291765,0.0,624.9241337404567,945.2803035154027,1,1,2,2024-08-03,66.79157193868119,66.12001795651825,132.91158989519946,0.2629625079760501,1
36,81.72000045776366,250.0,817.2000045776367,1067.2000045776367,0.0,6,0,0.0,1.0,1.0,0,0,1,0,1,6,0,0,0.0,0.0,500.7872917175293,1085.6800239562988,1,1,2,2024-08-03,25.0,81.72000045776367,106.72000045776367,0.057051071513737076,1
37,54.43566728969144,826.3666714986166,831.5000038146973,1657.8666753133139,0.16666666666666666,5,0,1.0,0.16666666666666666,1.0,0,0,1,1,0,0,6,0,0.3720467766414919,0.0,518.9196150435977,1135.464357124371,1,1,2,2024-08-03,82.63666714986167,83.15000038146974,165.7866675313314,9.986454804368614e-10,1
38,111.54000129699709,813.4000053405762,813.4000053405762,1626.8000106811523,0.3333333333333333,4,0,1.0,1.0,0.3333333333333333,0,0,0,1,1,0,0,6,0.36473062668323697,0.0,516.7281116485595,996.5599742889405,1,1,2,2024-08-03,81.34000053405762,81.34000053405762,162.68000106811525,2.344908679327907e-10,1
39,790.7900058746338,708.9000053405762,0.0,708.9000053405762,1.0,0,1,1.0,1.0,1.0,1,1,1,1,1,6,0,0,0.0,0.0,1200.4447910308838,267.80996971130367,1,1,2,2024-08-03,70.89000053405762,0.0,70.89000053405762,3.9282395083575415e-08,0
40,227.73314407336073,631.4986722310384,0.0,631.4986722310384,1.0,0,1,1.0,1.0,1.0,1,1,1,1,1,6,0,0,0.0,0.0,980.5632221983608,781.3668315125767,1,1,2,2024-08-03,63.14986722310385,0.0,63.14986722310385,0.0032910807767829796,0
41,576.3009366099064,621.990672047933,0.0,621.990672047933,1.0,0,1,1.0,1.0,1.0,1,1,1,1,1,6,0,0,0.0,0.0,1285.9514493052188,347.59908780415606,1,1,2,2024-08-03,62.1990672047933,0.0,62.1990672047933,0.09544120354684688,0
42,79.30032700540058,583.3666714986166,588.5000038146973,1171.8666753133139,1.0,0,1,1.0,1.0,1.0,1,1,1,1,1,3,3,0,0.0,0.0,794.5420262241506,767.0996974086619,1,1,2,2024-08-03,58.33666714986166,58.85000038146973,117.1866675313314,0.08429005189899282,0
43,51.98000030517579,519.8000030517578,519.8000030517578,1039.6000061035156,1.0,0,1,1.0,1.0,1.0,1,1,1,1,1,5,0,1,0.0,0.0,688.743000793457,786.1199752807618,1,1,2,2024-08-03,51.980000305175786,51.980000305175786,103.96000061035157,0.008227689165611092,0
44,53.81073212087761,440.0666669209798,444.10000228881836,884.1666692097981,0.8333333333333334,1,0,0.8333333333333334,1.0,1.0,0,0,1,0,1,6,0,0,0.0,0.0,465.129671329862,764.4893167072474,1,1,2,2024-08-03,44.00666669209798,44.41000022888184,88.41666692097982,0.05896913221447018,1
45,-52.110002136230456,370.76666768391925,374.8000030517578,745.566670735677,0.0,6,0,0.0,0.0,1.0,0,0,1,0,0,5,1,0,0.2216399026482949,0.0,288.5899795532227,796.209977722168,1,1,2,2024-08-03,37.076666768391924,37.480000305175786,74.55666707356771,0.09334166170524648,1
46,-50.74000091552735,315.4000015258789,315.4000015258789,630.8000030517578,0.0,6,0,0.0,1.0,1.0,0,0,1,0,1,6,0,0,0.2922955621621607,0.0,223.2099807739258,682.1400253295899,1,1,2,2024-08-03,31.540000152587893,31.540000152587893,63.08000030517579,0.05594829144419205,1
47,64.7211436254023,344.50000381469727,310.8654002103277,655.365404025025,0.0,6,0,0.0,1.0,1.0,0,0,1,0,1,6,0,0,0.0,0.0,346.58778180899606,547.4788075464727,1,1,2,2024-08-03,34.45000038146973,31.086540021032775,65.5365404025025,0.020759879060864832,1
0,0.0,0.0,0.0,0.0,1.0,0,1,1.0,1.0,1.0,1,1,1,1,1,0,0,6,0.0,0.0,132.5,143.5,0,2,0,2024-08-03,0.0,0.0,0.0,0.0,0
1,0.0,0.0,0.0,0.0,1.0,0,1,1.0,1.0,1.0,1,1,1,1,1,0,0,6,0.0,0.0,170.89999389648438,181.89999389648438,0,2,0,2024-08-03,0.0,0.0,0.0,0.0,0
2,0.0,0.0,0.0,0.0,1.0,0,1,1.0,1.0,1.0,1,1,1,1,1,0,0,6,0.0,0.0,170.89999389648438,181.89999389648438,0,2,0,2024-08-03,0.0,0.0,0.0,0.0,0
3,0.0,0.0,0.0,0.0,1.0,0,1,1.0,1.0,1.0,1,1,1,1,1,0,0,6,0.0,0.0,190.09999084472656,201.09999084472656,0,2,0,2024-08-03,0.0,0.0,0.0,0.0,0
4,0.0,0.0,0.0,0.0,1.0,0,1,1.0,1.0,0.3333333333333333,1,1,0,1,1,0,0,6,0.0,0.0,173.59999084472656,173.59999084472656,0,2,0,2024-08-03,0.0,0.0,0.0,0.0,0
5,0.0,0.0,0.0,0.0,1.0,0,1,1.0,1.0,1.0,1,1,1,1,1,0,0,6,0.0,0.0,173.59999084472656,173.59999084472656,0,2,0,2024-08-03,0.0,0.0,0.0,0.0,0
6,0.0,0.0,0.0,0.0,1.0,0,1,1.0,1.0,1.0,1,1,1,1,1,0,0,6,0.0,0.0,173.59999084472656,173.59999084472656,0,2,0,2024-08-03,0.0,0.0,0.0,0.0,0
7,0.0,0.0,0.0,0.0,1.0,0,1,1.0,1.0,1.0,1,1,1,1,1,0,0,6,0.0,0.0,173.59999084472656,173.59999084472656,0,2,0,2024-08-03,0.0,0.0,0.0,0.0,0
8,0.0,0.0,0.0,0.0,1.0,0,1,1.0,1.0,1.0,1,1,1,1,1,0,0,6,0.0,0.0,173.59999084472656,173.59999084472656,0,2,0,2024-08-03,0.0,0.0,0.0,0.0,0
9,0.0,0.0,0.0,0.0,1.0,0,1,1.0,1.0,1.0,1,1,1,1,1,0,0,6,0.0,0.0,192.79998779296875,192.79998779296875,0,2,0,2024-08-03,0.0,0.0,0.0,0.0,0
10,0.0,0.0,0.0,0.0,1.0,0,1,1.0,1.0,1.0,1,1,1,1,1,0,0,6,0.0,0.0,192.79998779296875,192.79998779296875,0,2,0,2024-08-03,0.0,0.0,0.0,0.0,0
11,0.0,0.0,0.0,0.0,1.0,0,1,1.0,1.0,1.0,1,1,1,1,1,0,0,6,0.0,0.0,192.79998779296875,192.79998779296875,0,2,0,2024-08-03,0.0,0.0,0.0,0.0,0
12,0.0,0.0,0.0,0.0,1.0,0,1,1.0,1.0,1.0,1,1,1,1,1,0,0,6,0.0,0.0,192.79998779296875,192.79998779296875,0,2,0,2024-08-03,0.0,0.0,0.0,0.0,0
13,0.0,0.0,0.0,0.0,1.0,0,1,1.0,1.0,1.0,1,1,1,1,1,0,0,6,0.0,0.0,287.0999755859375,297.79998779296875,0,2,0,2024-08-03,0.0,0.0,0.0,0.0,0
14,0.0,0.0,0.0,0.0,1.0,0,1,1.0,1.0,0.3333333333333333,1,1,0,1,1,0,0,6,0.0,0.0,325.5999755859375,336.29998779296875,0,2,0,2024-08-03,0.0,0.0,0.0,0.0,0
15,0.0,0.0,0.0,0.0,1.0,0,1,1.0,1.0,0.0,1,1,0,1,1,0,0,6,0.0,0.0,369.0999755859375,383.0,0,2,0,2024-08-03,0.0,0.0,0.0,0.0,0
16,0.0,0.0,0.0,0.0,1.0,0,1,1.0,1.0,0.0,1,1,0,1,1,0,0,6,0.0,0.0,399.79998779296875,410.5,0,2,0,2024-08-03,0.0,0.0,0.0,0.0,0
17,0.0,0.0,0.0,0.0,1.0,0,1,1.0,1.0,0.0,1,1,0,1,1,0,0,6,0.0,0.0,430.0,440.70001220703125,0,2,0,2024-08-03,0.0,0.0,0.0,0.0,0
18,0.0,0.0,0.0,0.0,1.0,0,1,1.0,1.0,0.0,1,1,0,1,1,0,0,6,0.0,0.0,659.6499633789062,715.199951171875,0,2,0,2024-08-03,0.0,0.0,0.0,0.0,0
19,-32.11000022888189,286.10000228881836,289.60000228881836,575.7000045776367,1.0,0,1,1.0,1.0,1.0,1,1,1,1,1,0,0,6,0.0,0.0,925.4900363922119,1040.2100368499757,1,2,0,2024-08-03,28.610000228881837,28.96000022888184,57.570000457763676,6.626188507385698e-10,0
20,-290.28538423672273,0.0,355.60000228881836,355.60000228881836,1.0,0,1,1.0,1.0,1.0,1,1,1,1,1,0,6,0,0.0,0.0,658.9754800210898,1325.1424399007851,1,2,0,2024-08-03,0.0,35.56000022888184,35.56000022888184,4.039278899587721e-08,0
21,-99.44500198364253,0.0,369.3000030517578,369.3000030517578,1.0,0,1,1.0,1.0,1.0,1,1,1,1,1,0,6,0,0.0,0.0,837.4505058288574,1217.960749053955,1,2,0,2024-08-03,0.0,36.93000030517578,36.93000030517578,0.15384615686555622,0
22,43.1366633097336,489.7333386739095,492.9000053405762,982.6333440144856,1.0,0,1,1.0,1.0,1.0,1,1,1,1,1,6,0,0,0.0,0.0,981.4782160441086,1110.2280827840164,1,2,0,2024-08-03,48.97333386739095,49.29000053405762,98.26333440144856,1.8116549722342246e-09,0
23,0.0,0.0,0.0,0.0,1.0,0,1,1.0,1.0,0.0,1,1,0,1,1,0,0,6,0.0,0.0,1044.8553466796875,1273.227294921875,0,2,0,2024-08-03,0.0,0.0,0.0,0.0,0
24,-3.7428079223633195,605.0760040283203,634.2000045776367,1239.276008605957,1.0,0,1,1.0,1.0,1.0,1,1,1,1,1,0,5,1,0.0,0.0,1099.3702291870118,1351.6700540161132,1,2,0,2024-08-03,60.50760040283203,63.42000045776368,123.9276008605957,0.08201128577497106,0
25,5.12615369628758,623.2000045776367,0.0,623.2000045776367,1.0,0,1,1.0,1.0,1.0,1,1,1,1,1,0,0,6,0.0,0.0,1066.9835755712875,1323.8284361474625,1,2,0,2024-08-03,62.320000457763676,0.0,62.320000457763676,3.645729861504272e-10,0
26,46.339004799836175,0.0,700.7000045776367,700.7000045776367,1.0,0,1,1.0,1.0,1.0,1,1,1,1,1,0,1,5,0.0,0.0,1085.9378817529612,1326.1404873876638,1,2,0,2024-08-03,0.0,70.07000045776367,70.07000045776367,0.016025641190424118,0
27,58.2400005340574,686.8000049591064,692.4000053405762,1379.2000102996826,1.0,0,1,1.0,1.0,1.0,1,1,1,1,1,0,6,0,0.0,0.0,994.3139141082761,1230.7599994659427,1,2,0,2024-08-03,68.68000049591065,69.24000053405761,137.92000102996826,8.297631867359297e-10,0
28,346.37964976539064,719.9000053405762,0.0,719.9000053405762,1.0,0,1,1.0,1.0,1.0,1,1,1,1,1,6,0,0,0.0,0.0,1278.343333847422,926.1203502346093,1,2,0,2024-08-03,71.99000053405761,0.0,71.99000053405761,1.5409800744898207e-08,0
29,0.0,0.0,0.0,0.0,1.0,0,1,1.0,1.0,0.3333333333333333,1,1,0,1,1,0,0,6,0.0,0.0,950.3169555664062,1200.5999755859375,0,2,0,2024-08-03,0.0,0.0,0.0,0.0,0
30,241.57592976355616,828.2000045776367,0.0,828.2000045776367,1.0,0,1,1.0,1.0,1.0,1,1,1,1,1,6,0,0,0.0,0.0,1191.8928853299624,959.0240458223814,1,2,0,2024-08-03,82.82000045776368,0.0,82.82000045776368,2.4501100575499462e-09,0
31,0.0,0.0,0.0,0.0,1.0,0,1,1.0,1.0,0.0,1,1,0,1,1,0,0,6,0.0,0.0,919.4481811523438,1123.10009765625,0,2,0,2024-08-03,0.0,0.0,0.0,0.0,0
32,0.0,0.0,0.0,0.0,1.0,0,1,1.0,1.0,0.0,1,1,0,1,1,0,0,6,0.0,0.0,869.4481811523438,1073.10009765625,0,2,0,2024-08-03,0.0,0.0,0.0,0.0,0
33,133.65500144958494,689.7000045776367,689.7000045776367,1379.4000091552734,1.0,0,1,1.0,1.0,1.0,1,1,1,1,1,0,6,0,0.0,0.0,1083.4032314300537,1019.7450229644776,1,2,0,2024-08-03,68.97000045776367,68.97000045776367,137.94000091552735,0.3044871922650957,0
34,146.4700004577637,689.7000045776367,689.7000045776367,1379.4000091552734,1.0,0,1,1.0,1.0,1.0,1,1,1,1,1,0,2,4,0.0,0.0,1191.0351860046387,991.4235542297363,1,2,0,2024-08-03,68.97000045776367,68.97000045776367,137.94000091552735,0.09935897913119274,0
35,222.11984296897236,667.9157193868118,661.2001795651826,1329.1158989519945,1.0,0,1,1.0,1.0,1.0,1,1,1,1,1,0,5,1,0.0,0.0,1136.457428418191,750.6037898435277,1,2,0,2024-08-03,66.79157193868119,66.12001795651825,132.91158989519946,0.1674190356540789,0
36,81.72000045776366,250.0,817.2000045776367,1067.2000045776367,1.0,0,1,1.0,1.0,1.0,1,1,1,1,1,0,3,3,0.0,0.005986132893987818,961.61117477417,812.3081367492675,1,2,0,2024-08-03,25.0,81.72000045776367,106.72000045776367,0.262610283992462,0
37,54.43566728969144,826.3666714986166,831.5000038146973,1657.8666753133139,1.0,0,1,1.0,1.0,1.0,1,1,1,1,1,0,6,0,0.0,0.07180993724911969,896.0499861373477,771.7900407181211,1,2,0,2024-08-03,82.63666714986167,83.15000038146974,165.7866675313314,0.16879024520514743,0
38,111.54000129699709,813.4000053405762,813.4000053405762,1626.8000106811523,1.0,0,1,1.0,1.0,1.0,1,1,1,1,1,0,0,6,0.0,0.200169428553898,901.0647815704345,650.5821910858155,1,2,0,2024-08-03,81.34000053405762,81.34000053405762,162.68000106811525,2.344908679327907e-10,0
39,790.7900058746338,708.9000053405762,0.0,708.9000053405762,0.5,3,0,0.5,1.0,1.0,0,1,1,0,1,6,0,0,0.0,0.0,1535.8900424957276,0.0,1,2,0,2024-08-03,70.89000053405762,0.0,70.89000053405762,3.9282395083575415e-08,1
40,227.73314407336073,631.4986722310384,0.0,631.4986722310384,1.0,0,1,1.0,1.0,1.0,1,1,1,1,1,6,0,0,0.0,0.0,950.3331806944545,250.02060958874864,1,2,0,2024-08-03,63.14986722310385,0.0,63.14986722310385,7.973531881608935e-09,0
41,576.3009366099064,621.990672047933,0.0,621.990672047933,0.5,3,0,1.0,0.5,1.0,0,1,1,1,0,0,6,0,0.0,0.0,1218.7009610239688,0.0,1,2,0,2024-08-03,62.1990672047933,0.0,62.1990672047933,4.460768232260224e-08,1
42,79.30032700540058,583.3666714986166,588.5000038146973,1171.8666753133139,1.0,0,1,1.0,1.0,1.0,1,1,1,1,1,6,0,0,0.0,0.5260690214044297,768.4003636264944,278.9083827113963,1,2,0,2024-08-03,58.33666714986166,58.85000038146973,117.1866675313314,3.0029631565297525e-09,0
43,51.98000030517579,519.8000030517578,519.8000030517578,1039.6000061035156,1.0,0,1,1.0,1.0,1.0,1,1,1,1,1,0,0,6,0.0,0.44165312099330195,722.515950012207,290.2287094116211,1,2,0,2024-08-03,51.980000305175786,51.980000305175786,103.96000061035157,7.338778953582614e-10,0
44,53.81073212087761,440.0666669209798,444.10000228881836,884.1666692097981,1.0,0,1,1.0,1.0,1.0,1,1,1,1,1,0,6,0,0.0,0.49631325583495434,677.4107687419713,223.68728423654426,1,2,0,2024-08-03,44.00666669209798,44.41000022888184,88.41666692097982,0.2108935657539718,0
45,-52.110002136230456,370.76666768391925,374.8000030517578,745.566670735677,1.0,0,1,1.0,1.0,1.0,1,1,1,1,1,0,6,0,0.0,0.25764863690934137,474.7899612426758,278.23329315185543,1,2,0,2024-08-03,37.076666768391924,37.480000305175786,74.55666707356771,0.3286916513855925,0
46,-50.74000091552735,315.4000015258789,315.4000015258789,630.8000030517578,1.0,0,1,1.0,1.0,1.0,1,1,1,1,1,0,6,0,0.0,0.0,556.4600112915039,318.11771697998046,1,2,0,2024-08-03,31.540000152587893,31.540000152587893,63.08000030517579,0.2676282038024299,0
47,64.7211436254023,344.50000381469727,310.8654002103277,655.365404025025,1.0,0,1,1.0,1.0,1.0,1,1,1,1,1,0,6,0,0.0,0.4448273891364745,699.4211558324336,172.58395586190238,1,2,0,2024-08-03,34.45000038146973,31.086540021032775,65.5365404025025,0.2417304674289716,0
0,0.0,0.0,0.0,0.0,1.0,0,1,1.0,1.0,1.0,1,1,1,1,1,0,0,6,0.0,0.0,196.89999389648438,208.10000610351562,0,2,1,2024-08-03,0.0,0.0,0.0,0.0,0
1,0.0,0.0,0.0,0.0,1.0,0,1,1.0,1.0,0.6666666666666666,1,1,0,1,1,0,0,6,0.0,0.0,196.89999389648438,205.57733154296875,0,2,1,2024-08-03,0.0,0.0,0.0,0.0,0
2,0.0,0.0,0.0,0.0,1.0,0,1,1.0,1.0,1.0,1,1,1,1,1,0,0,6,0.0,0.0,146.89999389648438,164.89999389648438,0,2,1,2024-08-03,0.0,0.0,0.0,0.0,0
3,0.0,0.0,0.0,0.0,1.0,0,1,1.0,1.0,0.3333333333333333,1,1,0,1,1,0,0,6,0.0,0.0,146.89999389648438,164.89999389648438,0,2,1,2024-08-03,0.0,0.0,0.0,0.0,0
4,0.0,0.0,0.0,0.0,1.0,0,1,1.0,1.0,0.5,1,1,0,1,1,0,0,6,0.0,0.0,135.89999389648438,153.89999389648438,0,2,1,2024-08-03,0.0,0.0,0.0,0.0,0
5,0.0,0.0,0.0,0.0,1.0,0,1,1.0,1.0,0.16666666666666666,1,1,0,1,1,0,0,6,0.0,0.0,135.89999389648438,153.89999389648438,0,2,1,2024-08-03,0.0,0.0,0.0,0.0,0
6,0.0,0.0,0.0,0.0,1.0,0,1,1.0,1.0,0.0,1,1,0,1,1,0,0,6,0.0,0.0,135.89999389648438,153.89999389648438,0,2,1,2024-08-03,0.0,0.0,0.0,0.0,0
7,0.0,0.0,0.0,0.0,1.0,0,1,1.0,1.0,0.16666666666666666,1,1,0,1,1,0,0,6,0.0,0.0,50.70000076293945,68.69999694824219,0,2,1,2024-08-03,0.0,0.0,0.0,0.0,0
8,0.0,0.0,0.0,0.0,1.0,0,1,1.0,1.0,1.0,1,1,1,1,1,0,0,6,0.0,0.0,50.70000076293945,68.69999694824219,0,2,1,2024-08-03,0.0,0.0,0.0,0.0,0
9,0.0,0.0,0.0,0.0,1.0,0,1,1.0,1.0,1.0,1,1,1,1,1,0,0,6,0.0,0.0,50.70000076293945,68.69999694824219,0,2,1,2024-08-03,0.0,0.0,0.0,0.0,0
10,0.0,0.0,0.0,0.0,1.0,0,1,1.0,1.0,0.16666666666666666,1,1,0,1,1,0,0,6,0.0,0.0,69.9000015258789,87.9000015258789,0,2,1,2024-08-03,0.0,0.0,0.0,0.0,0
11,0.0,0.0,0.0,0.0,1.0,0,1,1.0,1.0,0.0,1,1,0,1,1,0,0,6,0.0,0.0,84.9000015258789,87.9000015258789,0,2,1,2024-08-03,0.0,0.0,0.0,0.0,0
12,0.0,0.0,0.0,0.0,1.0,0,1,1.0,1.0,0.0,1,1,0,1,1,0,0,6,0.0,0.0,87.9000015258789,87.9000015258789,0,2,1,2024-08-03,0.0,0.0,0.0,0.0,0
13,0.0,0.0,0.0,0.0,1.0,0,1,1.0,1.0,0.0,1,1,0,1,1,0,0,6,0.0,0.0,98.9000015258789,98.9000015258789,0,2,1,2024-08-03,0.0,0.0,0.0,0.0,0
14,0.0,0.0,0.0,0.0,1.0,0,1,1.0,1.0,0.0,1,1,0,1,1,0,0,6,0.0,0.0,148.39999389648438,148.39999389648438,0,2,1,2024-08-03,0.0,0.0,0.0,0.0,0
15,0.0,0.0,0.0,0.0,1.0,0,1,1.0,1.0,0.5,1,1,0,1,1,0,0,6,0.0,0.0,156.6999969482422,156.6999969482422,0,2,1,2024-08-03,0.0,0.0,0.0,0.0,0
16,0.0,0.0,0.0,0.0,1.0,0,1,1.0,1.0,0.0,1,1,0,1,1,0,0,6,0.0,0.0,342.70001220703125,416.20001220703125,0,2,1,2024-08-03,0.0,0.0,0.0,0.0,0
17,0.0,0.0,0.0,0.0,1.0,0,1,1.0,1.0,0.0,1,1,0,1,1,0,0,6,0.0,0.0,432.6000061035156,532.0999755859375,0,2,1,2024-08-03,0.0,0.0,0.0,0.0,0
18,0.0,0.0,0.0,0.0,1.0,0,1,1.0,1.0,0.6666666666666666,1,1,0,1,1,0,0,6,0.0,0.0,496.70001220703125,648.0999755859375,0,2,1,2024-08-03,0.0,0.0,0.0,0.0,0
19,-32.11000022888189,286.10000228881836,289.60000228881836,575.7000045776367,1.0,0,1,1.0,1.0,1.0,1,1,1,1,1,0,0,6,0.0,0.0,534.6286472320556,802.2100368499756,1,2,1,2024-08-03,28.610000228881837,28.96000022888184,57.570000457763676,6.626188507385698e-10,0
20,-290.28538423672273,0.0,355.60000228881836,355.60000228881836,1.0,0,1,1.0,1.0,1.0,1,1,1,1,1,0,6,0,0.0,0.0,272.64466947421477,1060.3854208578164,1,2,1,2024-08-03,0.0,35.56000022888184,35.56000022888184,4.039278899587721e-08,0
21,-99.44500198364253,0.0,369.3000030517578,369.3000030517578,1.0,0,1,1.0,1.0,1.0,1,1,1,1,1,0,6,0,0.0,0.0,532.2623344421387,1089.8449653625487,1,2,1,2024-08-03,0.0,36.93000030517578,36.93000030517578,0.15384615686555622,0
22,43.1366633097336,489.7333386739095,492.9000053405762,982.6333440144856,1.0,0,1,1.0,1.0,1.0,1,1,1,1,1,6,0,0,0.0,0.0,748.0305231730149,1054.9633122762039,1,2,1,2024-08-03,48.97333386739095,49.29000053405762,98.26333440144856,1.8116549722342246e-09,0
23,0.0,0.0,0.0,0.0,1.0,0,1,1.0,1.0,0.0,1,1,0,1,1,0,0,6,0.0,0.0,706.8428955078125,1134.0999755859375,0,2,1,2024-08-03,0.0,0.0,0.0,0.0,0
24,-3.7428079223633195,605.0760040283203,634.2000045776367,1239.276008605957,1.0,0,1,1.0,1.0,1.0,1,1,1,1,1,0,5,1,0.0,0.0,716.7017721557617,1137.8427835083007,1,2,1,2024-08-03,60.50760040283203,63.42000045776368,123.9276008605957,0.08201128577497106,0
25,5.12615369628758,623.2000045776367,0.0,623.2000045776367,1.0,0,1,1.0,1.0,1.0,1,1,1,1,1,0,0,6,0.0,0.0,766.3358704931626,1161.3506529443375,1,2,1,2024-08-03,62.320000457763676,0.0,62.320000457763676,3.645729861504272e-10,0
26,46.339004799836175,0.0,700.7000045776367,700.7000045776367,1.0,0,1,1.0,1.0,1.0,1,1,1,1,1,0,1,5,0.0,0.0,831.8874667138987,1199.8609463720388,1,2,1,2024-08-03,0.0,70.07000045776367,70.07000045776367,0.016025641190424118,0
27,58.2400005340574,686.8000049591064,692.4000053405762,1379.2000102996826,1.0,0,1,1.0,1.0,1.0,1,1,1,1,1,0,6,0,0.0,0.0,857.3842266082761,1148.9599506378177,1,2,1,2024-08-03,68.68000049591065,69.24000053405761,137.92000102996826,8.297631867359297e-10,0
28,346.37964976539064,719.9000053405762,0.0,719.9000053405762,1.0,0,1,1.0,1.0,1.0,1,1,1,1,1,6,0,0,0.0,0.0,1103.0353504489844,822.3203014064843,1,2,1,2024-08-03,71.99000053405761,0.0,71.99000053405761,1.5409800744898207e-08,0
29,0.0,0.0,0.0,0.0,1.0,0,1,1.0,1.0,0.0,1,1,0,1,1,0,0,6,0.0,0.0,856.0556030273438,1148.89990234375,0,2,1,2024-08-03,0.0,0.0,0.0,0.0,0
30,241.57592976355616,828.2000045776367,0.0,828.2000045776367,1.0,0,1,1.0,1.0,1.0,1,1,1,1,1,6,0,0,0.0,0.0,1133.7357198026186,938.9907206270689,1,2,1,2024-08-03,82.82000045776368,0.0,82.82000045776368,2.4501100575499462e-09,0
31,0.0,0.0,0.0,0.0,1.0,0,1,1.0,1.0,0.0,1,1,0,1,1,0,0,6,0.0,0.0,853.6069946289062,1062.60009765625,0,2,1,2024-08-03,0.0,0.0,0.0,0.0,0
32,0.0,0.0,0.0,0.0,1.0,0,1,1.0,1.0,0.0,1,1,0,1,1,0,0,6,0.0,0.0,848.8880615234375,1051.60009765625,0,2,1,2024-08-03,0.0,0.0,0.0,0.0,0
33,133.65500144958494,689.7000045776367,689.7000045776367,1379.4000091552734,1.0,0,1,1.0,1.0,1.0,1,1,1,1,1,0,6,0,0.0,0.0,991.2016323089599,851.9450351715088,1,2,1,2024-08-03,68.97000045776367,68.97000045776367,137.94000091552735,0.3044871922650957,0
34,146.4700004577637,689.7000045776367,689.7000045776367,1379.4000091552734,1.0,0,1,1.0,1.0,1.0,1,1,1,1,1,0,2,4,0.0,0.03112946597922256,923.315520477295,668.2300117492675,1,2,1,2024-08-03,68.97000045776367,68.97000045776367,137.94000091552735,0.09935897913119274,0
35,222.11984296897236,667.9157193868118,661.2001795651826,1329.1158989519945,1.0,0,1,1.0,1.0,1.0,1,1,1,1,1,0,5,1,0.0,0.29180097638547803,904.1520695314723,468.2613215818089,1,2,1,2024-08-03,66.79157193868119,66.12001795651825,132.91158989519946,0.1674190356540789,0
36,81.72000045776366,250.0,817.2000045776367,1067.2000045776367,1.0,0,1,1.0,1.0,1.0,1,1,1,1,1,0,3,3,0.0,0.2480153972234625,795.5674125671387,614.5218208312988,1,2,1,2024-08-03,25.0,81.72000045776367,106.72000045776367,0.262610283992462,0
37,54.43566728969144,826.3666714986166,831.5000038146973,1657.8666753133139,1.0,0,1,1.0,1.0,1.0,1,1,1,1,1,0,6,0,0.09599971819285094,0.2562358638731451,747.0357039107852,618.4398820267148,1,2,1,2024-08-03,82.63666714986167,83.15000038146974,165.7866675313314,0.16879024520514743,0
38,111.54000129699709,813.4000053405762,813.4000053405762,1626.8000106811523,1.0,0,1,1.0,1.0,1.0,1,1,1,1,1,0,0,6,0.03498891005981766,0.32966728500498366,784.9400257110595,545.2486339569092,1,2,1,2024-08-03,81.34000053405762,81.34000053405762,162.68000106811525,2.344908679327907e-10,0
39,790.7900058746338,708.9000053405762,0.0,708.9000053405762,1.0,0,1,1.0,1.0,1.0,1,1,1,1,1,6,0,0,0.0,0.0,1535.0633213043213,0.0,1,2,1,2024-08-03,70.89000053405762,0.0,70.89000053405762,3.9282395083575415e-08,0
40,227.73314407336073,631.4986722310384,0.0,631.4986722310384,1.0,0,1,1.0,1.0,1.0,1,1,1,1,1,6,0,0,0.0,0.0,1017.0331929014858,390.20997116101427,1,2,1,2024-08-03,63.14986722310385,0.0,63.14986722310385,7.973531881608935e-09,0
41,576.3009366099064,621.990672047933,0.0,621.990672047933,0.8333333333333334,1,0,1.0,0.8333333333333334,1.0,0,1,1,1,0,0,6,0,0.0,0.0,1283.2009610239688,0.0,1,2,1,2024-08-03,62.1990672047933,0.0,62.1990672047933,4.460768232260224e-08,1
42,79.30032700540058,583.3666714986166,588.5000038146973,1171.8666753133139,1.0,0,1,1.0,1.0,1.0,1,1,1,1,1,6,0,0,0.0,0.4810294841904052,775.2003514194631,305.41415053366194,1,2,1,2024-08-03,58.33666714986166,58.85000038146973,117.1866675313314,3.0029631565297525e-09,0
43,51.98000030517579,519.8000030517578,519.8000030517578,1039.6000061035156,1.0,0,1,1.0,1.0,1.0,1,1,1,1,1,0,0,6,0.0,0.3706609448067176,747.8800247192382,327.1304428100586,1,2,1,2024-08-03,51.980000305175786,51.980000305175786,103.96000061035157,7.338778953582614e-10,0
44,53.81073212087761,440.0666669209798,444.10000228881836,884.1666692097981,1.0,0,1,1.0,1.0,1.0,1,1,1,1,1,0,6,0,0.0,0.4674828374580124,672.7107565349401,236.49087310373176,1,2,1,2024-08-03,44.00666669209798,44.41000022888184,88.41666692097982,0.2108935657539718,0
45,-52.110002136230456,370.76666768391925,374.8000030517578,745.566670735677,1.0,0,1,1.0,1.0,1.0,1,1,1,1,1,0,6,0,0.0,0.3870303835952874,517.290022277832,229.7410140991211,1,2,1,2024-08-03,37.076666768391924,37.480000305175786,74.55666707356771,0.3286916513855925,0
46,-50.74000091552735,315.4000015258789,315.4000015258789,630.8000030517578,1.0,0,1,1.0,1.0,1.0,1,1,1,1,1,0,6,0,0.0,0.37106398534169327,463.66002349853517,198.36641998291014,1,2,1,2024-08-03,31.540000152587893,31.540000152587893,63.08000030517579,0.2676282038024299,0
47,64.7211436254023,344.50000381469727,310.8654002103277,655.365404025025,0.0,6,0,1.0,0.0,1.0,0,0,1,1,0,0,6,0,0.0,0.9988744773865251,549.4211558324336,0.3498860376836319,1,2,1,2024-08-03,34.45000038146973,31.086540021032775,65.5365404025025,0.2417304674289716,1
0,0.0,0.0,0.0,0.0,1.0,0,1,1.0,1.0,1.0,1,1,1,1,1,0,0,6,0.0,0.0,215.59999084472656,233.49998474121094,0,2,2,2024-08-03,0.0,0.0,0.0,0.0,0
1,0.0,0.0,0.0,0.0,1.0,0,1,1.0,1.0,1.0,1,1,1,1,1,0,0,6,0.0,0.0,265.6000061035156,283.5,0,2,2,2024-08-03,0.0,0.0,0.0,0.0,0
2,0.0,0.0,0.0,0.0,1.0,0,1,1.0,1.0,1.0,1,1,1,1,1,0,0,6,0.0,0.0,265.6000061035156,283.5,0,2,2,2024-08-03,0.0,0.0,0.0,0.0,0
3,0.0,0.0,0.0,0.0,1.0,0,1,1.0,1.0,1.0,1,1,1,1,1,0,0,6,0.0,0.0,265.6000061035156,283.5,0,2,2,2024-08-03,0.0,0.0,0.0,0.0,0
4,0.0,0.0,0.0,0.0,1.0,0,1,1.0,1.0,0.8333333333333334,1,1,0,1,1,0,0,6,0.0,0.0,265.6000061035156,283.5,0,2,2,2024-08-03,0.0,0.0,0.0,0.0,0
5,0.0,0.0,0.0,0.0,1.0,0,1,1.0,1.0,0.0,1,1,0,1,1,0,0,6,0.0,0.0,293.1000061035156,311.0,0,2,2,2024-08-03,0.0,0.0,0.0,0.0,0
6,0.0,0.0,0.0,0.0,1.0,0,1,1.0,1.0,0.0,1,1,0,1,1,0,0,6,0.0,0.0,265.5999755859375,283.5,0,2,2,2024-08-03,0.0,0.0,0.0,0.0,0
7,0.0,0.0,0.0,0.0,1.0,0,1,1.0,1.0,0.0,1,1,0,1,1,0,0,6,0.0,0.0,265.5999755859375,283.5,0,2,2,2024-08-03,0.0,0.0,0.0,0.0,0
8,0.0,0.0,0.0,0.0,1.0,0,1,1.0,1.0,0.0,1,1,0,1,1,0,0,6,0.0,0.0,246.39999389648438,264.29998779296875,0,2,2,2024-08-03,0.0,0.0,0.0,0.0,0
9,0.0,0.0,0.0,0.0,1.0,0,1,1.0,1.0,0.0,1,1,0,1,1,0,0,6,0.0,0.0,196.39999389648438,214.3000030517578,0,2,2,2024-08-03,0.0,0.0,0.0,0.0,0
10,0.0,0.0,0.0,0.0,1.0,0,1,1.0,1.0,0.0,1,1,0,1,1,0,0,6,0.0,0.0,177.1999969482422,195.09999084472656,0,2,2,2024-08-03,0.0,0.0,0.0,0.0,0
11,0.0,0.0,0.0,0.0,1.0,0,1,1.0,1.0,0.0,1,1,0,1,1,0,0,6,0.0,0.0,177.1999969482422,195.09999084472656,0,2,2,2024-08-03,0.0,0.0,0.0,0.0,0
12,0.0,0.0,0.0,0.0,1.0,0,1,1.0,1.0,0.6666666666666666,1,1,0,1,1,0,0,6,0.0,0.0,186.1999969482422,214.29998779296875,0,2,2,2024-08-03,0.0,0.0,0.0,0.0,0
13,0.0,0.0,0.0,0.0,1.0,0,1,1.0,1.0,1.0,1,1,1,1,1,0,0,6,0.0,0.0,236.1999969482422,264.29998779296875,0,2,2,2024-08-03,0.0,0.0,0.0,0.0,0
14,0.0,0.0,0.0,0.0,1.0,0,1,1.0,1.0,0.8333333333333334,1,1,0,1,1,0,0,6,0.0,0.0,371.3999938964844,396.29998779296875,0,2,2,2024-08-03,0.0,0.0,0.0,0.0,0
15,0.0,0.0,0.0,0.0,1.0,0,1,1.0,1.0,0.6666666666666666,1,1,0,1,1,0,0,6,0.0,0.0,421.4000244140625,446.29998779296875,0,2,2,2024-08-03,0.0,0.0,0.0,0.0,0
16,0.0,0.0,0.0,0.0,1.0,0,1,1.0,1.0,0.0,1,1,0,1,1,0,0,6,0.0,0.0,446.60003662109375,476.5,0,2,2,2024-08-03,0.0,0.0,0.0,0.0,0
17,0.0,0.0,0.0,0.0,1.0,0,1,1.0,1.0,0.0,1,1,0,1,1,0,0,6,0.0,0.0,447.0929870605469,476.5,0,2,2,2024-08-03,0.0,0.0,0.0,0.0,0
18,0.0,0.0,0.0,0.0,1.0,0,1,1.0,1.0,0.0,1,1,0,1,1,0,0,6,0.0,0.0,505.5999755859375,517.5999755859375,0,2,2,2024-08-03,0.0,0.0,0.0,0.0,0
19,-32.11000022888189,286.10000228881836,289.60000228881836,575.7000045776367,1.0,0,1,1.0,1.0,1.0,1,1,1,1,1,0,0,6,0.0,0.0,498.69834938049314,588.4720607757569,1,2,2,2024-08-03,28.610000228881837,28.96000022888184,57.570000457763676,6.626188507385698e-10,0
20,-290.28538423672273,0.0,355.60000228881836,355.60000228881836,1.0,0,1,1.0,1.0,1.0,1,1,1,1,1,0,6,0,0.0,0.0,234.20668119296477,857.0773153890665,1,2,2,2024-08-03,0.0,35.56000022888184,35.56000022888184,4.039278899587721e-08,0
21,-99.44500198364253,0.0,369.3000030517578,369.3000030517578,1.0,0,1,1.0,1.0,1.0,1,1,1,1,1,0,6,0,0.0,0.0,363.0430961608887,727.9450019836426,1,2,2,2024-08-03,0.0,36.93000030517578,36.93000030517578,0.15384615686555622,0
22,43.1366633097336,489.7333386739095,492.9000053405762,982.6333440144856,1.0,0,1,1.0,1.0,1.0,1,1,1,1,1,6,0,0,0.0,0.0,527.8035639444993,657.3633366902664,1,2,2,2024-08-03,48.97333386739095,49.29000053405762,98.26333440144856,1.8116549722342246e-09,0
23,0.0,0.0,0.0,0.0,1.0,0,1,1.0,1.0,0.0,1,1,0,1,1,0,0,6,0.0,0.0,533.1152954101562,741.699951171875,0,2,2,2024-08-03,0.0,0.0,0.0,0.0,0
24,-3.7428079223633195,605.0760040283203,634.2000045776367,1239.276008605957,1.0,0,1,1.0,1.0,1.0,1,1,1,1,1,0,5,1,0.03433783975951547,0.0,584.2990011596679,828.9428811645508,1,2,2,2024-08-03,60.50760040283203,63.42000045776368,123.9276008605957,0.08201128577497106,0
25,5.12615369628758,623.2000045776367,0.0,623.2000045776367,1.0,0,1,1.0,1.0,1.0,1,1,1,1,1,0,0,6,0.0,0.0,677.1679627783188,920.0739195458999,1,2,2,2024-08-03,62.320000457763676,0.0,62.320000457763676,3.645729861504272e-10,0
26,46.339004799836175,0.0,700.7000045776367,700.7000045776367,1.0,0,1,1.0,1.0,1.0,1,1,1,1,1,0,1,5,0.0,0.0,843.2349398584299,1057.8609463720388,1,2,2,2024-08-03,0.0,70.07000045776367,70.07000045776367,0.016025641190424118,0
27,58.2400005340574,686.8000049591064,692.4000053405762,1379.2000102996826,1.0,0,1,1.0,1.0,1.0,1,1,1,1,1,0,6,0,0.0,0.0,872.2945659637448,1076.7044574737552,1,2,2,2024-08-03,68.68000049591065,69.24000053405761,137.92000102996826,8.297631867359297e-10,0
28,346.37964976539064,719.9000053405762,0.0,719.9000053405762,1.0,0,1,1.0,1.0,1.0,1,1,1,1,1,6,0,0,0.0,0.0,1160.3844105075782,789.3718150783593,1,2,2,2024-08-03,71.99000053405761,0.0,71.99000053405761,1.5409800744898207e-08,0
29,0.0,0.0,0.0,0.0,1.0,0,1,1.0,1.0,0.0,1,1,0,1,1,0,0,6,0.0,0.0,907.837890625,1128.0693359375,0,2,2,2024-08-03,0.0,0.0,0.0,0.0,0
30,241.57592976355616,828.2000045776367,0.0,828.2000045776367,1.0,0,1,1.0,1.0,1.0,1,1,1,1,1,6,0,0,0.0,0.0,1052.2023946073061,781.4998759005064,1,2,2,2024-08-03,82.82000045776368,0.0,82.82000045776368,2.4501100575499462e-09,0
31,0.0,0.0,0.0,0.0,1.0,0,1,1.0,1.0,0.0,1,1,0,1,1,0,0,6,0.0,0.0,873.3637084960938,1069.1104736328125,0,2,2,2024-08-03,0.0,0.0,0.0,0.0,0
32,0.0,0.0,0.0,0.0,1.0,0,1,1.0,1.0,0.0,1,1,0,1,1,0,0,6,0.0,0.0,899.6636962890625,1096.6104736328125,0,2,2,2024-08-03,0.0,0.0,0.0,0.0,0
33,133.65500144958494,689.7000045776367,689.7000045776367,1379.4000091552734,1.0,0,1,1.0,1.0,1.0,1,1,1,1,1,0,6,0,0.0,0.0,1033.3186977386474,938.4992954254151,1,2,2,2024-08-03,68.97000045776367,68.97000045776367,137.94000091552735,0.3044871922650957,0
34,146.4700004577637,689.7000045776367,689.7000045776367,1379.4000091552734,1.0,0,1,1.0,1.0,1.0,1,1,1,1,1,0,2,4,0.0,0.0,1109.9772026062012,889.9073188781738,1,2,2,2024-08-03,68.97000045776367,68.97000045776367,137.94000091552735,0.09935897913119274,0
35,222.11984296897236,667.9157193868118,661.2001795651826,1329.1158989519945,1.0,0,1,1.0,1.0,1.0,1,1,1,1,1,0,5,1,0.0,0.0,1154.7304997072536,782.4194026364964,1,2,2,2024-08-03,66.79157193868119,66.12001795651825,132.91158989519946,0.1674190356540789,0
36,81.72000045776366,250.0,817.2000045776367,1067.2000045776367,1.0,0,1,1.0,1.0,1.0,1,1,1,1,1,0,3,3,0.0,0.0,1062.4462577819825,902.8893745422363,1,2,2,2024-08-03,25.0,81.72000045776367,106.72000045776367,0.262610283992462,0
37,54.43566728969144,826.3666714986166,831.5000038146973,1657.8666753133139,1.0,0,1,1.0,1.0,1.0,1,1,1,1,1,0,6,0,0.0,0.0,1153.5023176803165,977.1202409134336,1,2,2,2024-08-03,82.63666714986167,83.15000038146974,165.7866675313314,0.16879024520514743,0
38,111.54000129699709,813.4000053405762,813.4000053405762,1626.8000106811523,1.0,0,1,1.0,1.0,1.0,1,1,1,1,1,0,0,6,0.0,0.0,1127.1565784454347,816.007117843628,1,2,2,2024-08-03,81.34000053405762,81.34000053405762,162.68000106811525,2.344908679327907e-10,0
39,790.7900058746338,708.9000053405762,0.0,708.9000053405762,1.0,0,1,1.0,1.0,1.0,1,1,1,1,1,6,0,0,0.0,0.0,1767.7900058746338,0.0,1,2,2,2024-08-03,70.89000053405762,0.0,70.89000053405762,3.9282395083575415e-08,0
40,227.73314407336073,631.4986722310384,0.0,631.4986722310384,1.0,0,1,1.0,1.0,1.0,1,1,1,1,1,6,0,0,0.0,0.0,1191.0331929014858,437.25110885632677,1,2,2,2024-08-03,63.14986722310385,0.0,63.14986722310385,7.973531881608935e-09,0
41,576.3009366099064,621.990672047933,0.0,621.990672047933,1.0,0,1,1.0,1.0,1.0,1,1,1,1,1,0,6,0,0.0,0.0,1473.7009610239688,0.0,1,2,2,2024-08-03,62.1990672047933,0.0,62.1990672047933,4.460768232260224e-08,0
42,79.30032700540058,583.3666714986166,588.5000038146973,1171.8666753133139,1.0,0,1,1.0,1.0,1.0,1,1,1,1,1,6,0,0,0.0,0.3141215128052368,1004.2003514194631,403.63949233053694,1,2,2,2024-08-03,58.33666714986166,58.85000038146973,117.1866675313314,3.0029631565297525e-09,0
43,51.98000030517579,519.8000030517578,519.8000030517578,1039.6000061035156,1.0,0,1,1.0,1.0,1.0,1,1,1,1,1,0,0,6,0.0,0.23203340858712862,910.7511184692382,399.1890365600586,1,2,2,2024-08-03,51.980000305175786,51.980000305175786,103.96000061035157,7.338778953582614e-10,0
44,53.81073212087761,440.0666669209798,444.10000228881836,884.1666692097981,1.0,0,1,1.0,1.0,1.0,1,1,1,1,1,0,6,0,0.0,0.11624063296706492,776.0107443279088,392.47753692209113,1,2,2,2024-08-03,44.00666669209798,44.41000022888184,88.41666692097982,0.2108935657539718,0
45,-52.110002136230456,370.76666768391925,374.8000030517578,745.566670735677,1.0,0,1,1.0,1.0,1.0,1,1,1,1,1,0,6,0,0.0,0.2311229340941233,510.0900100708008,288.1751266479492,1,2,2,2024-08-03,37.076666768391924,37.480000305175786,74.55666707356771,0.3286916513855925,0
46,-50.74000091552735,315.4000015258789,315.4000015258789,630.8000030517578,1.0,0,1,1.0,1.0,1.0,1,1,1,1,1,0,6,0,0.0,0.3803136464879665,395.5599868774414,195.4490768432617,1,2,2,2024-08-03,31.540000152587893,31.540000152587893,63.08000030517579,0.2676282038024299,0
47,64.7211436254023,344.50000381469727,310.8654002103277,655.365404025025,0.3333333333333333,4,0,1.0,0.3333333333333333,1.0,0,0,1,1,0,0,6,0,0.0,0.8496822293770557,500.02113141837106,46.72859392342582,1,2,2,2024-08-03,34.45000038146973,31.086540021032775,65.5365404025025,0.2417304674289716,1
0,0.0,0.0,0.0,0.0,1.0,0,1,1.0,1.0,1.0,1,1,1,1,1,0,0,6,0.0,0.0,198.29998779296875,198.29998779296875,0,3,0,2024-08-03,0.0,0.0,0.0,0.0,0
1,0.0,0.0,0.0,0.0,1.0,0,1,1.0,1.0,1.0,1,1,1,1,1,0,0,6,0.0,0.0,198.29998779296875,198.29998779296875,0,3,0,2024-08-03,0.0,0.0,0.0,0.0,0
2,0.0,0.0,0.0,0.0,1.0,0,1,1.0,1.0,1.0,1,1,1,1,1,0,0,6,0.0,0.0,198.29998779296875,198.29998779296875,0,3,0,2024-08-03,0.0,0.0,0.0,0.0,0
3,0.0,0.0,0.0,0.0,1.0,0,1,1.0,1.0,0.3333333333333333,1,1,0,1,1,0,0,6,0.0,0.0,198.29998779296875,198.29998779296875,0,3,0,2024-08-03,0.0,0.0,0.0,0.0,0
4,0.0,0.0,0.0,0.0,1.0,0,1,1.0,1.0,0.3333333333333333,1,1,0,1,1,0,0,6,0.0,0.0,179.09999084472656,179.09999084472656,0,3,0,2024-08-03,0.0,0.0,0.0,0.0,0
5,0.0,0.0,0.0,0.0,1.0,0,1,1.0,1.0,1.0,1,1,1,1,1,0,0,6,0.0,0.0,179.09999084472656,179.09999084472656,0,3,0,2024-08-03,0.0,0.0,0.0,0.0,0
6,0.0,0.0,0.0,0.0,1.0,0,1,1.0,1.0,0.16666666666666666,1,1,0,1,1,0,0,6,0.0,0.0,179.09999084472656,179.09999084472656,0,3,0,2024-08-03,0.0,0.0,0.0,0.0,0
7,0.0,0.0,0.0,0.0,1.0,0,1,1.0,1.0,0.0,1,1,0,1,1,0,0,6,0.0,0.0,198.3000030517578,198.3000030517578,0,3,0,2024-08-03,0.0,0.0,0.0,0.0,0
8,0.0,0.0,0.0,0.0,1.0,0,1,1.0,1.0,0.0,1,1,0,1,1,0,0,6,0.0,0.0,209.3000030517578,209.3000030517578,0,3,0,2024-08-03,0.0,0.0,0.0,0.0,0
9,0.0,0.0,0.0,0.0,1.0,0,1,1.0,1.0,0.16666666666666666,1,1,0,1,1,0,0,6,0.0,0.0,162.60000610351562,162.60000610351562,0,3,0,2024-08-03,0.0,0.0,0.0,0.0,0
10,0.0,0.0,0.0,0.0,1.0,0,1,1.0,1.0,0.16666666666666666,1,1,0,1,1,0,0,6,0.0,0.0,143.39999389648438,143.39999389648438,0,3,0,2024-08-03,0.0,0.0,0.0,0.0,0
11,0.0,0.0,0.0,0.0,1.0,0,1,1.0,1.0,1.0,1,1,1,1,1,0,0,6,0.0,0.0,143.39999389648438,143.39999389648438,0,3,0,2024-08-03,0.0,0.0,0.0,0.0,0
12,0.0,0.0,0.0,0.0,1.0,0,1,1.0,1.0,0.8333333333333334,1,1,0,1,1,0,0,6,0.0,0.0,143.39999389648438,143.39999389648438,0,3,0,2024-08-03,0.0,0.0,0.0,0.0,0
13,0.0,0.0,0.0,0.0,1.0,0,1,1.0,1.0,0.0,1,1,0,1,1,0,0,6,0.0,0.0,189.60000610351562,190.09999084472656,0,3,0,2024-08-03,0.0,0.0,0.0,0.0,0
14,0.0,0.0,0.0,0.0,1.0,0,1,1.0,1.0,0.0,1,1,0,1,1,0,0,6,0.0,0.0,236.80001831054688,270.29998779296875,0,3,0,2024-08-03,0.0,0.0,0.0,0.0,0
15,0.0,0.0,0.0,0.0,1.0,0,1,1.0,1.0,0.0,1,1,0,1,1,0,0,6,0.0,0.0,236.80001831054688,270.29998779296875,0,3,0,2024-08-03,0.0,0.0,0.0,0.0,0
16,0.0,0.0,0.0,0.0,1.0,0,1,1.0,1.0,0.0,1,1,0,1,1,0,0,6,0.0,0.0,225.30001831054688,258.79998779296875,0,3,0,2024-08-03,0.0,0.0,0.0,0.0,0
17,0.0,0.0,0.0,0.0,1.0,0,1,1.0,1.0,0.0,1,1,0,1,1,0,0,6,0.0,0.0,258.0,305.5,0,3,0,2024-08-03,0.0,0.0,0.0,0.0,0
18,0.0,0.0,0.0,0.0,1.0,0,1,1.0,1.0,0.0,1,1,0,1,1,0,0,6,0.0,0.0,350.3999938964844,410.3999938964844,0,3,0,2024-08-03,0.0,0.0,0.0,0.0,0
19,-32.11000022888189,286.10000228881836,289.60000228881836,575.7000045776367,1.0,0,1,1.0,1.0,1.0,1,1,1,1,1,0,0,6,0.0,0.0,524.9059909820556,699.6100002288819,1,3,0,2024-08-03,28.610000228881837,28.96000022888184,57.570000457763676,6.626188507385698e-10,0
20,-290.28538423672273,0.0,355.60000228881836,355.60000228881836,1.0,0,1,1.0,1.0,1.0,1,1,1,1,1,0,6,0,0.0,0.0,206.58677762851164,946.7853842367227,1,3,0,2024-08-03,0.0,35.56000022888184,35.56000022888184,4.039278899587721e-08,0
21,-99.44500198364253,0.0,369.3000030517578,369.3000030517578,1.0,0,1,1.0,1.0,1.0,1,1,1,1,1,0,6,0,0.0,0.0,397.7468315124512,794.345026397705,1,3,0,2024-08-03,0.0,36.93000030517578,36.93000030517578,6.197720794210615e-09,0
22,43.1366633097336,489.7333386739095,492.9000053405762,982.6333440144856,1.0,0,1,1.0,1.0,1.0,1,1,1,1,1,6,0,0,0.0,0.0,617.0620783487961,758.3633977254226,1,3,0,2024-08-03,48.97333386739095,49.29000053405762,98.26333440144856,1.8116549722342246e-09,0
23,0.0,0.0,0.0,0.0,1.0,0,1,1.0,1.0,0.0,1,1,0,1,1,0,0,6,0.0,0.0,678.44384765625,914.1000366210938,0,3,0,2024-08-03,0.0,0.0,0.0,0.0,0
24,-3.7428079223633195,605.0760040283203,634.2000045776367,1239.276008605957,1.0,0,1,1.0,1.0,1.0,1,1,1,1,1,5,0,1,0.0,0.0,704.8048605346679,987.6427713012696,1,3,0,2024-08-03,60.50760040283203,63.42000045776368,123.9276008605957,0.1586811185405725,0
25,5.12615369628758,623.2000045776367,0.0,623.2000045776367,1.0,0,1,1.0,1.0,1.0,1,1,1,1,1,1,0,5,0.0,0.0,755.8095643408188,1064.5737974755875,1,3,0,2024-08-03,62.320000457763676,0.0,62.320000457763676,0.14166667282082215,0
26,46.339004799836175,0.0,700.7000045776367,700.7000045776367,1.0,0,1,1.0,1.0,1.0,1,1,1,1,1,0,0,6,0.0,0.0,926.2721102685862,1146.0204922704763,1,3,0,2024-08-03,0.0,70.07000045776367,70.07000045776367,4.0421665591849987e-10,0
27,58.2400005340574,686.8000049591064,692.4000053405762,1379.2000102996826,1.0,0,1,1.0,1.0,1.0,1,1,1,1,1,0,6,0,0.0,0.0,940.3722637176511,1135.3427631378177,1,3,0,2024-08-03,68.68000049591065,69.24000053405761,137.92000102996826,8.297631867359297e-10,0
28,346.37964976539064,719.9000053405762,0.0,719.9000053405762,1.0,0,1,1.0,1.0,1.0,1,1,1,1,1,6,0,0,0.0,0.0,1207.5683704685157,828.1760142971093,1,3,0,2024-08-03,71.99000053405761,0.0,71.99000053405761,1.5409800744898207e-08,0
29,0.0,0.0,0.0,0.0,1.0,0,1,1.0,1.0,0.0,1,1,0,1,1,0,0,6,0.0,0.0,981.7182006835938,1234.9869384765625,0,3,0,2024-08-03,0.0,0.0,0.0,0.0,0
30,241.57592976355616,828.2000045776367,0.0,828.2000045776367,1.0,0,1,1.0,1.0,1.0,1,1,1,1,1,6,0,0,0.0,0.0,1337.1856709744936,1056.6142557833189,1,3,0,2024-08-03,82.82000045776368,0.0,82.82000045776368,2.4501100575499462e-09,0
31,0.0,0.0,0.0,0.0,1.0,0,1,1.0,1.0,0.0,1,1,0,1,1,0,0,6,0.0,0.0,1037.955810546875,1226.53759765625,0,3,0,2024-08-03,0.0,0.0,0.0,0.0,0
32,0.0,0.0,0.0,0.0,1.0,0,1,1.0,1.0,0.0,1,1,0,1,1,0,0,6,0.0,0.0,1016.6276245117188,1179.837646484375,0,3,0,2024-08-03,0.0,0.0,0.0,0.0,0
33,133.65500144958494,689.7000045776367,689.7000045776367,1379.4000091552734,1.0,0,1,1.0,1.0,1.0,1,1,1,1,1,6,0,0,0.0,0.0,916.6769741058349,992.8827182769776,1,3,0,2024-08-03,68.97000045776367,68.97000045776367,137.94000091552735,0.4999999853429786,0
34,146.4700004577637,689.7000045776367,689.7000045776367,1379.4000091552734,0.16666666666666666,5,0,0.16666666666666666,1.0,1.0,0,0,1,0,1,6,0,0,0.03808006005816851,0.0,663.4361869812012,901.3299263000488,1,3,0,2024-08-03,68.97000045776367,68.97000045776367,137.94000091552735,0.4666666602138899,1
35,222.11984296897236,667.9157193868118,661.2001795651826,1329.1158989519945,1.0,0,1,1.0,1.0,1.0,1,1,1,1,1,1,0,5,0.0,0.0,730.0851444826442,825.6800837888402,1,3,0,2024-08-03,66.79157193868119,66.12001795651825,132.91158989519946,0.050252632643354354,0
36,81.72000045776366,250.0,817.2000045776367,1067.2000045776367,1.0,0,1,1.0,1.0,1.0,1,1,1,1,1,0,0,6,0.0,0.0,650.3733207702637,1001.7799995422363,1,3,0,2024-08-03,25.0,81.72000045776367,106.72000045776367,7.148982957469444e-10,0
37,54.43566728969144,826.3666714986166,831.5000038146973,1657.8666753133139,1.0,0,1,1.0,1.0,1.0,1,1,1,1,1,0,6,0,0.30871958335247585,0.0,571.2510969771914,1004.8642594681211,1,3,0,2024-08-03,82.63666714986167,83.15000038146974,165.7866675313314,9.986454804368614e-10,0
38,111.54000129699709,813.4000053405762,813.4000053405762,1626.8000106811523,1.0,0,1,1.0,1.0,1.0,1,1,1,1,1,0,0,6,0.22049631434073244,0.0,634.048302078247,906.1600109100342,1,3,0,2024-08-03,81.34000053405762,81.34000053405762,162.68000106811525,2.344908679327907e-10,0
39,790.7900058746338,708.9000053405762,0.0,708.9000053405762,1.0,0,1,1.0,1.0,1.0,1,1,1,1,1,6,0,0,0.0,0.0,1310.2464267730713,130.21005516052242,1,3,0,2024-08-03,70.89000053405762,0.0,70.89000053405762,3.9282395083575415e-08,0
40,227.73314407336073,631.4986722310384,0.0,631.4986722310384,1.0,0,1,1.0,1.0,1.0,1,1,1,1,1,6,0,0,0.0,0.0,816.7469380186733,533.2668559266392,1,3,0,2024-08-03,63.14986722310385,0.0,63.14986722310385,7.973531881608935e-09,0
41,576.3009366099064,621.990672047933,0.0,621.990672047933,1.0,0,1,1.0,1.0,1.0,1,1,1,1,1,0,6,0,0.0,0.0,1157.7377041880313,146.1991244252498,1,3,0,2024-08-03,62.1990672047933,0.0,62.1990672047933,4.460768232260224e-08,0
42,79.30032700540058,583.3666714986166,588.5000038146973,1171.8666753133139,1.0,0,1,1.0,1.0,1.0,1,1,1,1,1,1,5,0,0.0,0.0,769.0069310093069,657.4996607875681,1,3,0,2024-08-03,58.33666714986166,58.85000038146973,117.1866675313314,0.0418491885126518,0
43,51.98000030517579,519.8000030517578,519.8000030517578,1039.6000061035156,1.0,0,1,1.0,1.0,1.0,1,1,1,1,1,0,5,1,0.0,0.0,670.9359329223632,638.120036315918,1,3,0,2024-08-03,51.980000305175786,51.980000305175786,103.96000061035157,0.08749999975537404,0
44,53.81073212087761,440.0666669209798,444.10000228881836,884.1666692097981,1.0,0,1,1.0,1.0,1.0,1,1,1,1,1,0,6,0,0.0,0.0,608.6641867107213,580.0559060627162,1,3,0,2024-08-03,44.00666669209798,44.41000022888184,88.41666692097982,1.893634383652612e-09,0
45,-52.110002136230456,370.76666768391925,374.8000030517578,745.566670735677,1.0,0,1,1.0,1.0,1.0,1,1,1,1,1,0,6,0,0.0,0.0,462.33824005126957,676.3100143432617,1,3,0,2024-08-03,37.076666768391924,37.480000305175786,74.55666707356771,0.05027048893042976,0
46,-50.74000091552735,315.4000015258789,315.4000015258789,630.8000030517578,1.0,0,1,1.0,1.0,1.0,1,1,1,1,1,0,1,5,0.0,0.0,335.2670181274414,576.3066513061524,1,3,0,2024-08-03,31.540000152587893,31.540000152587893,63.08000030517579,0.025000001411059007,0
47,64.7211436254023,344.50000381469727,310.8654002103277,655.365404025025,1.0,0,1,1.0,1.0,1.0,1,1,1,1,1,0,6,0,0.0,0.0,371.0359324437617,418.51219377694144,1,3,0,2024-08-03,34.45000038146973,31.086540021032775,65.5365404025025,3.0585693028669413e-09,0
0,0.0,0.0,0.0,0.0,1.0,0,1,1.0,1.0,1.0,1,1,1,1,1,0,0,6,0.0,0.0,211.8000030517578,250.10000610351562,0,3,1,2024-08-03,0.0,0.0,0.0,0.0,0
1,0.0,0.0,0.0,0.0,1.0,0,1,1.0,1.0,1.0,1,1,1,1,1,0,0,6,0.0,0.0,222.8000030517578,261.0999755859375,0,3,1,2024-08-03,0.0,0.0,0.0,0.0,0
2,0.0,0.0,0.0,0.0,1.0,0,1,1.0,1.0,0.5,1,1,0,1,1,0,0,6,0.0,0.0,222.8000030517578,261.0999755859375,0,3,1,2024-08-03,0.0,0.0,0.0,0.0,0
3,0.0,0.0,0.0,0.0,1.0,0,1,1.0,1.0,0.0,1,1,0,1,1,0,0,6,0.0,0.0,222.8000030517578,261.0999755859375,0,3,1,2024-08-03,0.0,0.0,0.0,0.0,0
4,0.0,0.0,0.0,0.0,1.0,0,1,1.0,1.0,0.0,1,1,0,1,1,0,0,6,0.0,0.0,222.8000030517578,261.0999755859375,0,3,1,2024-08-03,0.0,0.0,0.0,0.0,0
5,0.0,0.0,0.0,0.0,1.0,0,1,1.0,1.0,0.0,1,1,0,1,1,0,0,6,0.0,0.0,272.79998779296875,311.0999755859375,0,3,1,2024-08-03,0.0,0.0,0.0,0.0,0
6,0.0,0.0,0.0,0.0,1.0,0,1,1.0,1.0,0.0,1,1,0,1,1,0,0,6,0.0,0.0,261.79998779296875,300.0999755859375,0,3,1,2024-08-03,0.0,0.0,0.0,0.0,0
7,0.0,0.0,0.0,0.0,1.0,0,1,1.0,1.0,0.0,1,1,0,1,1,0,0,6,0.0,0.0,262.7980041503906,300.0999755859375,0,3,1,2024-08-03,0.0,0.0,0.0,0.0,0
8,0.0,0.0,0.0,0.0,1.0,0,1,1.0,1.0,0.5,1,1,0,1,1,0,0,6,0.0,0.0,245.0,272.5999755859375,0,3,1,2024-08-03,0.0,0.0,0.0,0.0,0
9,0.0,0.0,0.0,0.0,1.0,0,1,1.0,1.0,1.0,1,1,1,1,1,0,0,6,0.0,0.0,245.0,272.5999755859375,0,3,1,2024-08-03,0.0,0.0,0.0,0.0,0
10,0.0,0.0,0.0,0.0,1.0,0,1,1.0,1.0,1.0,1,1,1,1,1,0,0,6,0.0,0.0,245.0,272.5999755859375,0,3,1,2024-08-03,0.0,0.0,0.0,0.0,0
11,0.0,0.0,0.0,0.0,1.0,0,1,1.0,1.0,1.0,1,1,1,1,1,0,0,6,0.0,0.0,245.0,272.5999755859375,0,3,1,2024-08-03,0.0,0.0,0.0,0.0,0
12,0.0,0.0,0.0,0.0,1.0,0,1,1.0,1.0,0.6666666666666666,1,1,0,1,1,0,0,6,0.0,0.0,272.5,300.0999755859375,0,3,1,2024-08-03,0.0,0.0,0.0,0.0,0
13,0.0,0.0,0.0,0.0,1.0,0,1,1.0,1.0,0.0,1,1,0,1,1,0,0,6,0.0,0.0,304.5,327.5999755859375,0,3,1,2024-08-03,0.0,0.0,0.0,0.0,0
14,0.0,0.0,0.0,0.0,1.0,0,1,1.0,1.0,0.5,1,1,0,1,1,0,0,6,0.0,0.0,365.0,405.1000061035156,0,3,1,2024-08-03,0.0,0.0,0.0,0.0,0
15,0.0,0.0,0.0,0.0,1.0,0,1,1.0,1.0,0.0,1,1,0,1,1,0,0,6,0.0,0.0,392.5,432.6000061035156,0,3,1,2024-08-03,0.0,0.0,0.0,0.0,0
16,0.0,0.0,0.0,0.0,1.0,0,1,1.0,1.0,0.0,1,1,0,1,1,0,0,6,0.0,0.0,478.70001220703125,509.5,0,3,1,2024-08-03,0.0,0.0,0.0,0.0,0
17,0.0,0.0,0.0,0.0,1.0,0,1,1.0,1.0,0.0,1,1,0,1,1,0,0,6,0.0,0.0,522.7000122070312,539.7000122070312,0,3,1,2024-08-03,0.0,0.0,0.0,0.0,0
18,0.0,0.0,0.0,0.0,1.0,0,1,1.0,1.0,0.0,1,1,0,1,1,0,0,6,0.0,0.0,590.1000366210938,653.4000244140625,0,3,1,2024-08-03,0.0,0.0,0.0,0.0,0
19,-32.11000022888189,286.10000228881836,289.60000228881836,575.7000045776367,1.0,0,1,1.0,1.0,1.0,1,1,1,1,1,0,0,6,0.0,0.0,549.6900485992431,677.2100368499756,1,3,1,2024-08-03,28.610000228881837,28.96000022888184,57.570000457763676,6.626188507385698e-10,0
20,-290.28538423672273,0.0,355.60000228881836,355.60000228881836,1.0,0,1,1.0,1.0,1.0,1,1,1,1,1,0,6,0,0.0,0.0,317.383744181246,1026.3177939046914,1,3,1,2024-08-03,0.0,35.56000022888184,35.56000022888184,4.039278899587721e-08,0
21,-99.44500198364253,0.0,369.3000030517578,369.3000030517578,1.0,0,1,1.0,1.0,1.0,1,1,1,1,1,0,6,0,0.0,0.0,482.32440719604494,872.8444770812988,1,3,1,2024-08-03,0.0,36.93000030517578,36.93000030517578,6.197720794210615e-09,0
22,43.1366633097336,489.7333386739095,492.9000053405762,982.6333440144856,1.0,0,1,1.0,1.0,1.0,1,1,1,1,1,6,0,0,0.0,0.0,642.4279230753586,783.7315007527664,1,3,1,2024-08-03,48.97333386739095,49.29000053405762,98.26333440144856,1.8116549722342246e-09,0
23,0.0,0.0,0.0,0.0,1.0,0,1,1.0,1.0,0.0,1,1,0,1,1,0,0,6,0.0,0.0,705.6793212890625,947.87890625,0,3,1,2024-08-03,0.0,0.0,0.0,0.0,0
24,-3.7428079223633195,605.0760040283203,634.2000045776367,1239.276008605957,1.0,0,1,1.0,1.0,1.0,1,1,1,1,1,5,0,1,0.0,0.0,727.1395162963867,1026.542795715332,1,3,1,2024-08-03,60.50760040283203,63.42000045776368,123.9276008605957,0.1586811185405725,0
25,5.12615369628758,623.2000045776367,0.0,623.2000045776367,1.0,0,1,1.0,1.0,1.0,1,1,1,1,1,1,0,5,0.0,0.0,745.5155579931626,1097.8738463037125,1,3,1,2024-08-03,62.320000457763676,0.0,62.320000457763676,0.14166667282082215,0
26,46.339004799836175,0.0,700.7000045776367,700.7000045776367,1.0,0,1,1.0,1.0,1.0,1,1,1,1,1,0,0,6,0.0,0.0,781.4562533349924,1037.4609219579763,1,3,1,2024-08-03,0.0,70.07000045776367,70.07000045776367,4.0421665591849987e-10,0
27,58.2400005340574,686.8000049591064,692.4000053405762,1379.2000102996826,1.0,0,1,1.0,1.0,1.0,1,1,1,1,1,0,6,0,0.0,0.0,843.0899150848386,1030.5599262237552,1,3,1,2024-08-03,68.68000049591065,69.24000053405761,137.92000102996826,8.297631867359297e-10,0
28,346.37964976539064,719.9000053405762,0.0,719.9000053405762,1.0,0,1,1.0,1.0,1.0,1,1,1,1,1,6,0,0,0.0,0.0,1238.0372425388282,780.9202769924218,1,3,1,2024-08-03,71.99000053405761,0.0,71.99000053405761,1.5409800744898207e-08,0
29,0.0,0.0,0.0,0.0,1.0,0,1,1.0,1.0,0.0,1,1,0,1,1,0,0,6,0.0,0.0,921.4800415039062,1099.7999267578125,0,3,1,2024-08-03,0.0,0.0,0.0,0.0,0
30,241.57592976355616,828.2000045776367,0.0,828.2000045776367,1.0,0,1,1.0,1.0,1.0,1,1,1,1,1,6,0,0,0.0,0.0,1094.3977681424624,808.2241190645689,1,3,1,2024-08-03,82.82000045776368,0.0,82.82000045776368,2.4501100575499462e-09,0
31,0.0,0.0,0.0,0.0,1.0,0,1,1.0,1.0,0.0,1,1,0,1,1,0,0,6,0.0,0.0,884.6734008789062,1060.800048828125,0,3,1,2024-08-03,0.0,0.0,0.0,0.0,0
32,0.0,0.0,0.0,0.0,1.0,0,1,1.0,1.0,0.0,1,1,0,1,1,0,0,6,0.0,0.0,939.4241943359375,1088.199951171875,0,3,1,2024-08-03,0.0,0.0,0.0,0.0,0
33,133.65500144958494,689.7000045776367,689.7000045776367,1379.4000091552734,0.5,3,0,0.5,1.0,1.0,0,0,1,0,1,6,0,0,0.0,0.0,813.7714565277099,846.7450229644776,1,3,1,2024-08-03,68.97000045776367,68.97000045776367,137.94000091552735,0.4999999853429786,1
34,146.4700004577637,689.7000045776367,689.7000045776367,1379.4000091552734,0.0,6,0,0.0,1.0,1.0,0,0,1,0,1,6,0,0,0.08385828534154377,0.0,631.8629447937012,794.9300239562988,1,3,1,2024-08-03,68.97000045776367,68.97000045776367,137.94000091552735,0.4666666602138899,1
35,222.11984296897236,667.9157193868118,661.2001795651826,1329.1158989519945,1.0,0,1,1.0,1.0,1.0,1,1,1,1,1,1,0,5,0.08234632548688486,0.0,612.9153141603786,691.7801814450902,1,3,1,2024-08-03,66.79157193868119,66.12001795651825,132.91158989519946,0.050252632643354354,0
36,81.72000045776366,250.0,817.2000045776367,1067.2000045776367,1.0,0,1,1.0,1.0,1.0,1,1,1,1,1,0,0,6,0.0,0.0,535.9027091979981,869.8440864562988,1,3,1,2024-08-03,25.0,81.72000045776367,106.72000045776367,7.148982957469444e-10,0
37,54.43566728969144,826.3666714986166,831.5000038146973,1657.8666753133139,1.0,0,1,1.0,1.0,1.0,1,1,1,1,1,0,6,0,0.3171142500218441,0.0,564.3140242232852,978.6643082962461,1,3,1,2024-08-03,82.63666714986167,83.15000038146974,165.7866675313314,9.986454804368614e-10,0
38,111.54000129699709,813.4000053405762,813.4000053405762,1626.8000106811523,1.0,0,1,1.0,1.0,1.0,1,1,1,1,1,0,0,6,0.2823830659408312,0.0,583.7096179962158,924.8600231170655,1,3,1,2024-08-03,81.34000053405762,81.34000053405762,162.68000106811525,2.344908679327907e-10,0
39,790.7900058746338,708.9000053405762,0.0,708.9000053405762,1.0,0,1,1.0,1.0,1.0,1,1,1,1,1,6,0,0,0.0,0.0,1243.2493564605713,202.20999412536617,1,3,1,2024-08-03,70.89000053405762,0.0,70.89000053405762,3.9282395083575415e-08,0
40,227.73314407336073,631.4986722310384,0.0,631.4986722310384,1.0,0,1,1.0,1.0,1.0,1,1,1,1,1,6,0,0,0.0,0.0,863.4113667296108,605.866892547733,1,3,1,2024-08-03,63.14986722310385,0.0,63.14986722310385,7.973531881608935e-09,0
41,576.3009366099064,621.990672047933,0.0,621.990672047933,1.0,0,1,1.0,1.0,1.0,1,1,1,1,1,0,6,0,0.0,0.0,1276.1520718638126,312.79903897603106,1,3,1,2024-08-03,62.1990672047933,0.0,62.1990672047933,4.460768232260224e-08,0
42,79.30032700540058,583.3666714986166,588.5000038146973,1171.8666753133139,1.0,0,1,1.0,1.0,1.0,1,1,1,1,1,1,5,0,0.0,0.0,863.4098240757131,763.0996974086619,1,3,1,2024-08-03,58.33666714986166,58.85000038146973,117.1866675313314,0.0418491885126518,0
43,51.98000030517579,519.8000030517578,519.8000030517578,1039.6000061035156,1.0,0,1,1.0,1.0,1.0,1,1,1,1,1,0,5,1,0.0,0.0,826.5480545043945,779.4200241088868,1,3,1,2024-08-03,51.980000305175786,51.980000305175786,103.96000061035157,0.08749999975537404,0
44,53.81073212087761,440.0666669209798,444.10000228881836,884.1666692097981,1.0,0,1,1.0,1.0,1.0,1,1,1,1,1,0,6,0,0.0,0.0,836.3661520427526,777.5892922931849,1,3,1,2024-08-03,44.00666669209798,44.41000022888184,88.41666692097982,1.893634383652612e-09,0
45,-52.110002136230456,370.76666768391925,374.8000030517578,745.566670735677,1.0,0,1,1.0,1.0,1.0,1,1,1,1,1,0,6,0,0.0,0.0,693.5138381958008,883.5099655151367,1,3,1,2024-08-03,37.076666768391924,37.480000305175786,74.55666707356771,0.05027048893042976,0
46,-50.74000091552735,315.4000015258789,315.4000015258789,630.8000030517578,1.0,0,1,1.0,1.0,1.0,1,1,1,1,1,0,1,5,0.0,0.0,639.7504776000976,854.6399642944336,1,3,1,2024-08-03,31.540000152587893,31.540000152587893,63.08000030517579,0.025000001411059007,0
47,64.7211436254023,344.50000381469727,310.8654002103277,655.365404025025,1.0,0,1,1.0,1.0,1.0,1,1,1,1,1,0,6,0,0.0,0.0,750.958875558996,747.478868581629,1,3,1,2024-08-03,34.45000038146973,31.086540021032775,65.5365404025025,3.0585693028669413e-09,0
0,0.0,0.0,0.0,0.0,1.0,0,1,1.0,1.0,1.0,1,1,1,1,1,0,0,6,0.0,0.0,281.29998779296875,285.5999755859375,0,3,2,2024-08-03,0.0,0.0,0.0,0.0,0
1,0.0,0.0,0.0,0.0,1.0,0,1,1.0,1.0,1.0,1,1,1,1,1,0,0,6,0.0,0.0,292.29998779296875,296.5999755859375,0,3,2,2024-08-03,0.0,0.0,0.0,0.0,0
2,0.0,0.0,0.0,0.0,1.0,0,1,1.0,1.0,0.3333333333333333,1,1,0,1,1,0,0,6,0.0,0.0,292.29998779296875,296.5999755859375,0,3,2,2024-08-03,0.0,0.0,0.0,0.0,0
3,0.0,0.0,0.0,0.0,1.0,0,1,1.0,1.0,0.0,1,1,0,1,1,0,0,6,0.0,0.0,292.29998779296875,296.5999755859375,0,3,2,2024-08-03,0.0,0.0,0.0,0.0,0
4,0.0,0.0,0.0,0.0,1.0,0,1,1.0,1.0,0.0,1,1,0,1,1,0,0,6,0.0,0.0,292.29998779296875,296.5999755859375,0,3,2,2024-08-03,0.0,0.0,0.0,0.0,0
5,0.0,0.0,0.0,0.0,1.0,0,1,1.0,1.0,0.0,1,1,0,1,1,0,0,6,0.0,0.0,311.5,315.79998779296875,0,3,2,2024-08-03,0.0,0.0,0.0,0.0,0
6,0.0,0.0,0.0,0.0,1.0,0,1,1.0,1.0,0.0,1,1,0,1,1,0,0,6,0.0,0.0,281.29998779296875,285.5999755859375,0,3,2,2024-08-03,0.0,0.0,0.0,0.0,0
7,0.0,0.0,0.0,0.0,1.0,0,1,1.0,1.0,0.0,1,1,0,1,1,0,0,6,0.0,0.0,281.29998779296875,285.5999755859375,0,3,2,2024-08-03,0.0,0.0,0.0,0.0,0
8,0.0,0.0,0.0,0.0,1.0,0,1,1.0,1.0,0.0,1,1,0,1,1,0,0,6,0.0,0.0,281.29998779296875,285.5999755859375,0,3,2,2024-08-03,0.0,0.0,0.0,0.0,0
9,0.0,0.0,0.0,0.0,1.0,0,1,1.0,1.0,0.0,1,1,0,1,1,0,0,6,0.0,0.0,292.29998779296875,296.5999755859375,0,3,2,2024-08-03,0.0,0.0,0.0,0.0,0
10,0.0,0.0,0.0,0.0,1.0,0,1,1.0,1.0,0.0,1,1,0,1,1,0,0,6,0.0,0.0,292.29998779296875,296.5999755859375,0,3,2,2024-08-03,0.0,0.0,0.0,0.0,0
11,0.0,0.0,0.0,0.0,1.0,0,1,1.0,1.0,0.0,1,1,0,1,1,0,0,6,0.0,0.0,292.29998779296875,296.5999755859375,0,3,2,2024-08-03,0.0,0.0,0.0,0.0,0
12,0.0,0.0,0.0,0.0,1.0,0,1,1.0,1.0,0.0,1,1,0,1,1,0,0,6,0.0,0.0,289.0999755859375,296.5999755859375,0,3,2,2024-08-03,0.0,0.0,0.0,0.0,0
13,0.0,0.0,0.0,0.0,1.0,0,1,1.0,1.0,0.0,1,1,0,1,1,0,0,6,0.0,0.0,316.8999938964844,326.79998779296875,0,3,2,2024-08-03,0.0,0.0,0.0,0.0,0
14,0.0,0.0,0.0,0.0,1.0,0,1,1.0,1.0,0.0,1,1,0,1,1,0,0,6,0.0,0.0,316.8999938964844,326.79998779296875,0,3,2,2024-08-03,0.0,0.0,0.0,0.0,0
15,0.0,0.0,0.0,0.0,1.0,0,1,1.0,1.0,0.0,1,1,0,1,1,0,0,6,0.0,0.0,347.0999755859375,357.0,0,3,2,2024-08-03,0.0,0.0,0.0,0.0,0
16,0.0,0.0,0.0,0.0,1.0,0,1,1.0,1.0,0.0,1,1,0,1,1,0,0,6,0.0,0.0,375.3999938964844,395.5,0,3,2,2024-08-03,0.0,0.0,0.0,0.0,0
17,0.0,0.0,0.0,0.0,1.0,0,1,1.0,1.0,0.0,1,1,0,1,1,0,0,6,0.0,0.0,454.29998779296875,477.8999938964844,0,3,2,2024-08-03,0.0,0.0,0.0,0.0,0
18,0.0,0.0,0.0,0.0,1.0,0,1,1.0,1.0,0.0,1,1,0,1,1,0,0,6,0.0,0.0,575.566650390625,585.0000610351562,0,3,2,2024-08-03,0.0,0.0,0.0,0.0,0
19,-32.11000022888189,286.10000228881836,289.60000228881836,575.7000045776367,1.0,0,1,1.0,1.0,1.0,1,1,1,1,1,0,0,6,0.0,0.0,735.3516086578369,875.7223049163819,1,3,2,2024-08-03,28.610000228881837,28.96000022888184,57.570000457763676,6.626188507385698e-10,0
20,-290.28538423672273,0.0,355.60000228881836,355.60000228881836,1.0,0,1,1.0,1.0,1.0,1,1,1,1,1,0,6,0,0.0,0.0,321.261918009371,1067.8853598226601,1,3,2,2024-08-03,0.0,35.56000022888184,35.56000022888184,4.039278899587721e-08,0
21,-99.44500198364253,0.0,369.3000030517578,369.3000030517578,1.0,0,1,1.0,1.0,1.0,1,1,1,1,1,0,6,0,0.0,0.0,494.9919486999512,918.7450508117676,1,3,2,2024-08-03,0.0,36.93000030517578,36.93000030517578,6.197720794210615e-09,0
22,43.1366633097336,489.7333386739095,492.9000053405762,982.6333440144856,1.0,0,1,1.0,1.0,1.0,1,1,1,1,1,6,0,0,0.0,0.0,648.6145685831711,848.1633855183914,1,3,2,2024-08-03,48.97333386739095,49.29000053405762,98.26333440144856,1.8116549722342246e-09,0
23,0.0,0.0,0.0,0.0,1.0,0,1,1.0,1.0,0.0,1,1,0,1,1,0,0,6,0.0,0.0,639.463134765625,918.7000732421875,0,3,2,2024-08-03,0.0,0.0,0.0,0.0,0
24,-3.7428079223633195,605.0760040283203,634.2000045776367,1239.276008605957,1.0,0,1,1.0,1.0,1.0,1,1,1,1,1,5,0,1,0.0,0.0,631.9689230346679,1019.1428323364258,1,3,2,2024-08-03,60.50760040283203,63.42000045776368,123.9276008605957,0.1586811185405725,0
25,5.12615369628758,623.2000045776367,0.0,623.2000045776367,1.0,0,1,1.0,1.0,1.0,1,1,1,1,1,1,0,5,0.06484397408057922,0.0,582.7892396337876,1029.5739195459,1,3,2,2024-08-03,62.320000457763676,0.0,62.320000457763676,0.14166667282082215,0
26,46.339004799836175,0.0,700.7000045776367,700.7000045776367,1.0,0,1,1.0,1.0,1.0,1,1,1,1,1,0,0,6,0.0,0.0,631.5031893701487,1026.7610928564138,1,3,2,2024-08-03,0.0,70.07000045776367,70.07000045776367,4.0421665591849987e-10,0
27,58.2400005340574,686.8000049591064,692.4000053405762,1379.2000102996826,1.0,0,1,1.0,1.0,1.0,1,1,1,1,1,0,6,0,0.034839548782525584,0.0,662.8722026824948,1097.3600971221927,1,3,2,2024-08-03,68.68000049591065,69.24000053405761,137.92000102996826,8.297631867359297e-10,0
28,346.37964976539064,719.9000053405762,0.0,719.9000053405762,1.0,0,1,1.0,1.0,1.0,1,1,1,1,1,6,0,0,0.0,0.0,987.7728382419532,820.2203258205468,1,3,2,2024-08-03,71.99000053405761,0.0,71.99000053405761,1.5409800744898207e-08,0
29,0.0,0.0,0.0,0.0,1.0,0,1,1.0,1.0,0.0,1,1,0,1,1,0,0,6,0.0,0.0,709.3331909179688,1141.4000244140625,0,3,2,2024-08-03,0.0,0.0,0.0,0.0,0
30,241.57592976355616,828.2000045776367,0.0,828.2000045776367,1.0,0,1,1.0,1.0,1.0,1,1,1,1,1,6,0,0,0.0,0.0,976.1033345487124,899.8240946505064,1,3,2,2024-08-03,82.82000045776368,0.0,82.82000045776368,2.4501100575499462e-09,0
31,0.0,0.0,0.0,0.0,1.0,0,1,1.0,1.0,0.0,1,1,0,1,1,0,0,6,0.0,0.0,827.2550048828125,1179.800048828125,0,3,2,2024-08-03,0.0,0.0,0.0,0.0,0
32,0.0,0.0,0.0,0.0,1.0,0,1,1.0,1.0,0.0,1,1,0,1,1,0,0,6,0.0,0.0,858.3153076171875,1196.300048828125,0,3,2,2024-08-03,0.0,0.0,0.0,0.0,0
33,133.65500144958494,689.7000045776367,689.7000045776367,1379.4000091552734,0.0,6,0,0.0,1.0,1.0,0,0,1,0,1,6,0,0,0.0,0.0,827.7055385589599,1004.4450962066651,1,3,2,2024-08-03,68.97000045776367,68.97000045776367,137.94000091552735,0.4999999853429786,1
34,146.4700004577637,689.7000045776367,689.7000045776367,1379.4000091552734,0.0,6,0,0.0,1.0,1.0,0,0,1,0,1,6,0,0,0.07165236036286088,0.0,640.2813713073731,898.1299751281738,1,3,2,2024-08-03,68.97000045776367,68.97000045776367,137.94000091552735,0.4666666602138899,1
35,222.11984296897236,667.9157193868118,661.2001795651826,1329.1158989519945,0.8333333333333334,1,0,0.0,1.0,1.0,0,0,1,0,1,1,0,5,0.0,0.0,683.5150150881129,816.4801326169652,1,3,2,2024-08-03,66.79157193868119,66.12001795651825,132.91158989519946,0.050252632643354354,1
36,81.72000045776366,250.0,817.2000045776367,1067.2000045776367,1.0,0,1,1.0,1.0,1.0,1,1,1,1,1,0,0,6,0.0,0.0,561.1614067077637,948.6800239562988,1,3,2,2024-08-03,25.0,81.72000045776367,106.72000045776367,7.148982957469444e-10,0
37,54.43566728969144,826.3666714986166,831.5000038146973,1657.8666753133139,1.0,0,1,1.0,1.0,1.0,1,1,1,1,1,0,6,0,0.3025328033134728,0.0,576.3636458053164,987.3643815384336,1,3,2,2024-08-03,82.63666714986167,83.15000038146974,165.7866675313314,9.986454804368614e-10,0
38,111.54000129699709,813.4000053405762,813.4000053405762,1626.8000106811523,1.0,0,1,1.0,1.0,1.0,1,1,1,1,1,0,0,6,0.18661114757991065,0.0,661.6104969024658,930.260047531128,1,3,2,2024-08-03,81.34000053405762,81.34000053405762,162.68000106811525,2.344908679327907e-10,0
39,790.7900058746338,708.9000053405762,0.0,708.9000053405762,1.0,0,1,1.0,1.0,1.0,1,1,1,1,1,6,0,0,0.0,0.0,1436.8825351715088,229.61001853942867,1,3,2,2024-08-03,70.89000053405762,0.0,70.89000053405762,3.9282395083575415e-08,0
40,227.73314407336073,631.4986722310384,0.0,631.4986722310384,1.0,0,1,1.0,1.0,1.0,1,1,1,1,1,6,0,0,0.0,0.0,1146.944386749142,834.4668070985142,1,3,2,2024-08-03,63.14986722310385,0.0,63.14986722310385,7.973531881608935e-09,0
41,576.3009366099064,621.990672047933,0.0,621.990672047933,1.0,0,1,1.0,1.0,1.0,1,1,1,1,1,0,6,0,0.0,0.0,1465.2027310435,397.3990755971248,1,3,2,2024-08-03,62.1990672047933,0.0,62.1990672047933,4.460768232260224e-08,0
42,79.30032700540058,583.3666714986166,588.5000038146973,1171.8666753133139,1.0,0,1,1.0,1.0,1.0,1,1,1,1,1,1,5,0,0.0,0.0,903.5919529819631,839.3996852016306,1,3,2,2024-08-03,58.33666714986166,58.85000038146973,117.1866675313314,0.0418491885126518,0
43,51.98000030517579,519.8000030517578,519.8000030517578,1039.6000061035156,1.0,0,1,1.0,1.0,1.0,1,1,1,1,1,0,5,1,0.0,0.0,779.2929885864257,770.0200607299805,1,3,2,2024-08-03,51.980000305175786,51.980000305175786,103.96000061035157,0.08749999975537404,0
44,53.81073212087761,440.0666669209798,444.10000228881836,884.1666692097981,1.0,0,1,1.0,1.0,1.0,1,1,1,1,1,0,6,0,0.0,0.0,728.0066549724401,690.6893289142787,1,3,2,2024-08-03,44.00666669209798,44.41000022888184,88.41666692097982,1.893634383652612e-09,0
45,-52.110002136230456,370.76666768391925,374.8000030517578,745.566670735677,1.0,0,1,1.0,1.0,1.0,1,1,1,1,1,0,6,0,0.0,0.0,560.0035232543945,765.810075378418,1,3,2,2024-08-03,37.076666768391924,37.480000305175786,74.55666707356771,0.05027048893042976,0
46,-50.74000091552735,315.4000015258789,315.4000015258789,630.8000030517578,1.0,0,1,1.0,1.0,1.0,1,1,1,1,1,0,1,5,0.0,0.0,496.1312759399414,725.9400741577149,1,3,2,2024-08-03,31.540000152587893,31.540000152587893,63.08000030517579,0.025000001411059007,0
47,64.7211436254023,344.50000381469727,310.8654002103277,655.365404025025,1.0,0,1,1.0,1.0,1.0,1,1,1,1,1,0,6,0,0.0,0.0,563.131727121496,580.278917409754,1,3,2,2024-08-03,34.45000038146973,31.086540021032775,65.5365404025025,3.0585693028669413e-09,0
0,0.0,0.0,0.0,0.0,1.0,0,1,1.0,1.0,1.0,1,1,1,1,1,0,0,6,0.0,0.0,333.0,340.20001220703125,0,4,0,2024-08-03,0.0,0.0,0.0,0.0,0
1,0.0,0.0,0.0,0.0,1.0,0,1,1.0,1.0,1.0,1,1,1,1,1,0,0,6,0.0,0.0,344.0,351.20001220703125,0,4,0,2024-08-03,0.0,0.0,0.0,0.0,0
2,0.0,0.0,0.0,0.0,1.0,0,1,1.0,1.0,0.8333333333333334,1,1,0,1,1,0,0,6,0.0,0.0,304.3999938964844,301.20001220703125,0,4,0,2024-08-03,0.0,0.0,0.0,0.0,0
3,0.0,0.0,0.0,0.0,1.0,0,1,1.0,1.0,1.0,1,1,1,1,1,0,0,6,0.0,0.0,304.3999938964844,301.20001220703125,0,4,0,2024-08-03,0.0,0.0,0.0,0.0,0
4,0.0,0.0,0.0,0.0,1.0,0,1,1.0,1.0,1.0,1,1,1,1,1,0,0,6,0.0,0.0,304.3999938964844,301.20001220703125,0,4,0,2024-08-03,0.0,0.0,0.0,0.0,0
5,0.0,0.0,0.0,0.0,1.0,0,1,1.0,1.0,1.0,1,1,1,1,1,0,0,6,0.0,0.0,304.3999938964844,301.20001220703125,0,4,0,2024-08-03,0.0,0.0,0.0,0.0,0
6,0.0,0.0,0.0,0.0,1.0,0,1,1.0,1.0,1.0,1,1,1,1,1,0,0,6,0.0,0.0,304.3999938964844,301.20001220703125,0,4,0,2024-08-03,0.0,0.0,0.0,0.0,0
7,0.0,0.0,0.0,0.0,1.0,0,1,1.0,1.0,1.0,1,1,1,1,1,0,0,6,0.0,0.0,304.3999938964844,301.20001220703125,0,4,0,2024-08-03,0.0,0.0,0.0,0.0,0
8,0.0,0.0,0.0,0.0,1.0,0,1,1.0,1.0,1.0,1,1,1,1,1,0,0,6,0.0,0.0,304.3999938964844,301.20001220703125,0,4,0,2024-08-03,0.0,0.0,0.0,0.0,0
9,0.0,0.0,0.0,0.0,1.0,0,1,1.0,1.0,0.8333333333333334,1,1,0,1,1,0,0,6,0.0,0.0,276.8999938964844,273.70001220703125,0,4,0,2024-08-03,0.0,0.0,0.0,0.0,0
10,0.0,0.0,0.0,0.0,1.0,0,1,1.0,1.0,0.3333333333333333,1,1,0,1,1,0,0,6,0.0,0.0,226.89999389648438,234.09999084472656,0,4,0,2024-08-03,0.0,0.0,0.0,0.0,0
11,0.0,0.0,0.0,0.0,1.0,0,1,1.0,1.0,0.0,1,1,0,1,1,0,0,6,0.0,0.0,224.89999389648438,227.0333251953125,0,4,0,2024-08-03,0.0,0.0,0.0,0.0,0
12,0.0,0.0,0.0,0.0,1.0,0,1,1.0,1.0,0.0,1,1,0,1,1,0,0,6,0.0,0.0,194.09999084472656,203.29998779296875,0,4,0,2024-08-03,0.0,0.0,0.0,0.0,0
13,0.0,0.0,0.0,0.0,1.0,0,1,1.0,1.0,0.0,1,1,0,1,1,0,0,6,0.0,0.0,296.6999816894531,322.5,0,4,0,2024-08-03,0.0,0.0,0.0,0.0,0
14,0.0,0.0,0.0,0.0,1.0,0,1,1.0,1.0,0.0,1,1,0,1,1,0,0,6,0.0,0.0,324.1999816894531,350.0,0,4,0,2024-08-03,0.0,0.0,0.0,0.0,0
15,0.0,0.0,0.0,0.0,1.0,0,1,1.0,1.0,0.0,1,1,0,1,1,0,0,6,0.0,0.0,385.9000244140625,415.8999938964844,0,4,0,2024-08-03,0.0,0.0,0.0,0.0,0
16,0.0,0.0,0.0,0.0,1.0,0,1,1.0,1.0,0.0,1,1,0,1,1,0,0,6,0.0,0.0,366.70001220703125,404.8999938964844,0,4,0,2024-08-03,0.0,0.0,0.0,0.0,0
17,0.0,0.0,0.0,0.0,1.0,0,1,1.0,1.0,0.0,1,1,0,1,1,0,0,6,0.0,0.0,404.4000244140625,438.3999938964844,0,4,0,2024-08-03,0.0,0.0,0.0,0.0,0
18,0.0,0.0,0.0,0.0,1.0,0,1,1.0,1.0,0.0,1,1,0,1,1,0,0,6,0.0,0.0,470.29998779296875,535.0999755859375,0,4,0,2024-08-03,0.0,0.0,0.0,0.0,0
19,-32.11000022888189,286.10000228881836,289.60000228881836,575.7000045776367,1.0,0,1,1.0,1.0,1.0,1,1,1,1,1,0,6,0,0.0,0.0,479.93516578674314,644.7100368499756,1,4,0,2024-08-03,28.610000228881837,28.96000022888184,57.570000457763676,0.15369793339710475,0
20,-290.28538423672273,0.0,355.60000228881836,355.60000228881836,1.0,0,1,1.0,1.0,1.0,1,1,1,1,1,0,6,0,0.0,0.0,247.65095609530852,1049.6854086507851,1,4,0,2024-08-03,0.0,35.56000022888184,35.56000022888184,0.29205870358506314,0
21,-99.44500198364253,0.0,369.3000030517578,369.3000030517578,1.0,0,1,1.0,1.0,1.0,1,1,1,1,1,0,6,0,0.0,0.0,442.47968063354494,905.54497756958,1,4,0,2024-08-03,0.0,36.93000030517578,36.93000030517578,6.197720794210615e-09,0
22,43.1366633097336,489.7333386739095,492.9000053405762,982.6333440144856,1.0,0,1,1.0,1.0,1.0,1,1,1,1,1,6,0,0,0.0,0.0,596.5053766886399,837.1633244832351,1,4,0,2024-08-03,48.97333386739095,49.29000053405762,98.26333440144856,1.8116549722342246e-09,0
23,0.0,0.0,0.0,0.0,1.0,0,1,1.0,1.0,0.0,1,1,0,1,1,0,0,6,0.0,0.0,599.41845703125,913.300048828125,0,4,0,2024-08-03,0.0,0.0,0.0,0.0,0
24,-3.7428079223633195,605.0760040283203,634.2000045776367,1239.276008605957,1.0,0,1,1.0,1.0,1.0,1,1,1,1,1,4,0,2,0.0,0.0,670.8756613159179,994.5428567504883,1,4,0,2024-08-03,60.50760040283203,63.42000045776368,123.9276008605957,0.052651400066350884,0
25,5.12615369628758,623.2000045776367,0.0,623.2000045776367,1.0,0,1,1.0,1.0,1.0,1,1,1,1,1,4,0,2,0.04134201125602804,0.0,597.4356629736313,982.3739073388687,1,4,0,2024-08-03,62.320000457763676,0.0,62.320000457763676,0.10783705497219656,0
26,46.339004799836175,0.0,700.7000045776367,700.7000045776367,1.0,0,1,1.0,1.0,1.0,1,1,1,1,1,0,1,5,0.0,0.0,622.6795809717112,910.3610684423513,1,4,0,2024-08-03,0.0,70.07000045776367,70.07000045776367,0.013479633384777956,0
27,58.2400005340574,686.8000049591064,692.4000053405762,1379.2000102996826,1.0,0,1,1.0,1.0,1.0,1,1,1,1,1,1,5,0,0.15324099701666888,0.0,581.5540874481198,868.2600605010989,1,4,0,2024-08-03,68.68000049591065,69.24000053405761,137.92000102996826,0.011187417978644858,0
28,346.37964976539064,719.9000053405762,0.0,719.9000053405762,1.0,0,1,1.0,1.0,1.0,1,1,1,1,1,6,0,0,0.0,0.0,898.317943222422,580.1204112697656,1,4,0,2024-08-03,71.99000053405761,0.0,71.99000053405761,1.5409800744898207e-08,0
29,0.0,0.0,0.0,0.0,1.0,0,1,1.0,1.0,0.0,1,1,0,1,1,0,0,6,0.0,0.0,679.642333984375,956.7000122070312,0,4,0,2024-08-03,0.0,0.0,0.0,0.0,0
30,241.57592976355616,828.2000045776367,0.0,828.2000045776367,1.0,0,1,1.0,1.0,1.0,1,1,1,1,1,6,0,0,0.0,0.0,1043.1182271268374,837.0240458223814,1,4,0,2024-08-03,82.82000045776368,0.0,82.82000045776368,0.10783706257192187,0
31,0.0,0.0,0.0,0.0,1.0,0,1,1.0,1.0,0.0,1,1,0,1,1,0,0,6,0.0,0.0,866.0610961914062,1133.5999755859375,0,4,0,2024-08-03,0.0,0.0,0.0,0.0,0
32,0.0,0.0,0.0,0.0,1.0,0,1,1.0,1.0,0.0,1,1,0,1,1,0,0,6,0.0,0.0,867.4235229492188,1082.199951171875,0,4,0,2024-08-03,0.0,0.0,0.0,0.0,0
33,133.65500144958494,689.7000045776367,689.7000045776367,1379.4000091552734,1.0,0,1,1.0,1.0,1.0,1,1,1,1,1,6,0,0,0.0,0.0,974.1385219573974,879.6477329254151,1,4,0,2024-08-03,68.97000045776367,68.97000045776367,137.94000091552735,1.935833007946494e-09,0
34,146.4700004577637,689.7000045776367,689.7000045776367,1379.4000091552734,1.0,0,1,1.0,1.0,1.0,1,1,1,1,1,0,1,5,0.0,0.0,941.874602508545,835.2204292297363,1,4,0,2024-08-03,68.97000045776367,68.97000045776367,137.94000091552735,0.04043889600777653,0
35,222.11984296897236,667.9157193868118,661.2001795651826,1329.1158989519945,1.0,0,1,1.0,1.0,1.0,1,1,1,1,1,0,0,6,0.0,0.0,1074.9424748049098,788.8917537107152,1,4,0,2024-08-03,66.79157193868119,66.12001795651825,132.91158989519946,3.308029715485766e-10,0
36,81.72000045776366,250.0,817.2000045776367,1067.2000045776367,1.0,0,1,1.0,1.0,1.0,1,1,1,1,1,0,2,4,0.0,0.0,948.3972465515137,891.5224922180175,1,4,0,2024-08-03,25.0,81.72000045776367,106.72000045776367,0.16515076012143992,0
37,54.43566728969144,826.3666714986166,831.5000038146973,1657.8666753133139,1.0,0,1,1.0,1.0,1.0,1,1,1,1,1,0,6,0,0.0,0.0,953.1273176803164,911.7645280228086,1,4,0,2024-08-03,82.63666714986167,83.15000038146974,165.7866675313314,0.23662396536736305,0
38,111.54000129699709,813.4000053405762,813.4000053405762,1626.8000106811523,1.0,0,1,1.0,1.0,1.0,1,1,1,1,1,0,4,2,0.0,0.0,1157.7558216094972,874.657752609253,1,4,0,2024-08-03,81.34000053405762,81.34000053405762,162.68000106811525,0.24508891371896924,0
39,790.7900058746338,708.9000053405762,0.0,708.9000053405762,1.0,0,1,1.0,1.0,1.0,1,1,1,1,1,6,0,0,0.0,0.0,1751.5900547027588,0.0,1,4,0,2024-08-03,70.89000053405762,0.0,70.89000053405762,3.9282395083575415e-08,0
40,227.73314407336073,631.4986722310384,0.0,631.4986722310384,1.0,0,1,1.0,1.0,1.0,1,1,1,1,1,6,0,0,0.0,0.0,1149.5331929014858,367.599558563358,1,4,0,2024-08-03,63.14986722310385,0.0,63.14986722310385,7.973531881608935e-09,0
41,576.3009366099064,621.990672047933,0.0,621.990672047933,1.0,0,1,1.0,1.0,1.0,1,1,1,1,1,0,6,0,0.0,0.0,1501.5010098520938,0.0,1,4,0,2024-08-03,62.1990672047933,0.0,62.1990672047933,4.460768232260224e-08,0
42,79.30032700540058,583.3666714986166,588.5000038146973,1171.8666753133139,1.0,0,1,1.0,1.0,1.0,1,1,1,1,1,5,1,0,0.0,0.49457358456990114,1007.9003636264944,297.44344740866194,1,4,0,2024-08-03,58.33666714986166,58.85000038146973,117.1866675313314,0.002256449237770537,0
43,51.98000030517579,519.8000030517578,519.8000030517578,1039.6000061035156,1.0,0,1,1.0,1.0,1.0,1,1,1,1,1,0,3,3,0.0,0.5653157716551293,842.0800369262695,225.94886322021483,1,4,0,2024-08-03,51.980000305175786,51.980000305175786,103.96000061035157,0.1550157687607148,0
44,53.81073212087761,440.0666669209798,444.10000228881836,884.1666692097981,1.0,0,1,1.0,1.0,1.0,1,1,1,1,1,0,6,0,0.0,0.541239652235117,793.9107687419713,203.73547149240363,1,4,0,2024-08-03,44.00666669209798,44.41000022888184,88.41666692097982,0.00451370844386952,0
45,-52.110002136230456,370.76666768391925,374.8000030517578,745.566670735677,1.0,0,1,1.0,1.0,1.0,1,1,1,1,1,3,3,0,0.0,0.11550161864076851,637.9900344848633,331.5099960327148,1,4,0,2024-08-03,37.076666768391924,37.480000305175786,74.55666707356771,0.09161252537889918,0
46,-50.74000091552735,315.4000015258789,315.4000015258789,630.8000030517578,1.0,0,1,1.0,1.0,1.0,1,1,1,1,1,4,0,2,0.0,0.0,628.3600357055664,400.95975799560546,1,4,0,2024-08-03,31.540000152587893,31.540000152587893,63.08000030517579,0.2875654944048003,0
47,64.7211436254023,344.50000381469727,310.8654002103277,655.365404025025,1.0,0,1,1.0,1.0,1.0,1,1,1,1,1,5,1,0,0.0,0.0,755.321180246496,394.10939226326957,1,4,0,2024-08-03,34.45000038146973,31.086540021032775,65.5365404025025,0.4133334389655563,0
0,0.0,0.0,0.0,0.0,1.0,0,1,1.0,1.0,1.0,1,1,1,1,1,0,0,6,0.0,0.0,129.6999969482422,131.89999389648438,0,4,1,2024-08-03,0.0,0.0,0.0,0.0,0
1,0.0,0.0,0.0,0.0,1.0,0,1,1.0,1.0,0.5,1,1,0,1,1,0,0,6,0.0,0.0,140.6999969482422,142.89999389648438,0,4,1,2024-08-03,0.0,0.0,0.0,0.0,0
2,0.0,0.0,0.0,0.0,1.0,0,1,1.0,1.0,0.5,1,1,0,1,1,0,0,6,0.0,0.0,129.6999969482422,131.89999389648438,0,4,1,2024-08-03,0.0,0.0,0.0,0.0,0
3,0.0,0.0,0.0,0.0,1.0,0,1,1.0,1.0,1.0,1,1,1,1,1,0,0,6,0.0,0.0,129.6999969482422,131.89999389648438,0,4,1,2024-08-03,0.0,0.0,0.0,0.0,0
4,0.0,0.0,0.0,0.0,1.0,0,1,1.0,1.0,1.0,1,1,1,1,1,0,0,6,0.0,0.0,190.6999969482422,192.89999389648438,0,4,1,2024-08-03,0.0,0.0,0.0,0.0,0
5,0.0,0.0,0.0,0.0,1.0,0,1,1.0,1.0,1.0,1,1,1,1,1,0,0,6,0.0,0.0,190.6999969482422,192.89999389648438,0,4,1,2024-08-03,0.0,0.0,0.0,0.0,0
6,0.0,0.0,0.0,0.0,1.0,0,1,1.0,1.0,1.0,1,1,1,1,1,0,0,6,0.0,0.0,190.6999969482422,192.89999389648438,0,4,1,2024-08-03,0.0,0.0,0.0,0.0,0
7,0.0,0.0,0.0,0.0,1.0,0,1,1.0,1.0,1.0,1,1,1,1,1,0,0,6,0.0,0.0,190.6999969482422,192.89999389648438,0,4,1,2024-08-03,0.0,0.0,0.0,0.0,0
8,0.0,0.0,0.0,0.0,1.0,0,1,1.0,1.0,1.0,1,1,1,1,1,0,0,6,0.0,0.0,190.6999969482422,192.89999389648438,0,4,1,2024-08-03,0.0,0.0,0.0,0.0,0
9,0.0,0.0,0.0,0.0,1.0,0,1,1.0,1.0,1.0,1,1,1,1,1,0,0,6,0.0,0.0,190.6999969482422,192.89999389648438,0,4,1,2024-08-03,0.0,0.0,0.0,0.0,0
10,0.0,0.0,0.0,0.0,1.0,0,1,1.0,1.0,1.0,1,1,1,1,1,0,0,6,0.0,0.0,190.6999969482422,192.89999389648438,0,4,1,2024-08-03,0.0,0.0,0.0,0.0,0
11,0.0,0.0,0.0,0.0,1.0,0,1,1.0,1.0,1.0,1,1,1,1,1,0,0,6,0.0,0.0,190.6999969482422,192.89999389648438,0,4,1,2024-08-03,0.0,0.0,0.0,0.0,0
12,0.0,0.0,0.0,0.0,1.0,0,1,1.0,1.0,0.6666666666666666,1,1,0,1,1,0,0,6,0.0,0.0,209.89999389648438,212.09999084472656,0,4,1,2024-08-03,0.0,0.0,0.0,0.0,0
13,0.0,0.0,0.0,0.0,1.0,0,1,1.0,1.0,0.0,1,1,0,1,1,0,0,6,0.0,0.0,229.09999084472656,231.3000030517578,0,4,1,2024-08-03,0.0,0.0,0.0,0.0,0
14,0.0,0.0,0.0,0.0,1.0,0,1,1.0,1.0,0.0,1,1,0,1,1,0,0,6,0.0,0.0,283.3000183105469,311.5,0,4,1,2024-08-03,0.0,0.0,0.0,0.0,0
15,0.0,0.0,0.0,0.0,1.0,0,1,1.0,1.0,0.0,1,1,0,1,1,0,0,6,0.0,0.0,283.3000183105469,311.5,0,4,1,2024-08-03,0.0,0.0,0.0,0.0,0
16,0.0,0.0,0.0,0.0,1.0,0,1,1.0,1.0,0.0,1,1,0,1,1,0,0,6,0.0,0.0,330.0000305175781,358.20001220703125,0,4,1,2024-08-03,0.0,0.0,0.0,0.0,0
17,0.0,0.0,0.0,0.0,1.0,0,1,1.0,1.0,0.0,1,1,0,1,1,0,0,6,0.0,0.0,496.20001220703125,524.2000122070312,0,4,1,2024-08-03,0.0,0.0,0.0,0.0,0
18,0.0,0.0,0.0,0.0,1.0,0,1,1.0,1.0,0.0,1,1,0,1,1,0,0,6,0.0,0.0,565.5,591.5,0,4,1,2024-08-03,0.0,0.0,0.0,0.0,0
19,-32.11000022888189,286.10000228881836,289.60000228881836,575.7000045776367,1.0,0,1,1.0,1.0,1.0,1,1,1,1,1,0,6,0,0.0,0.0,564.8379367828369,642.8100124359131,1,4,1,2024-08-03,28.610000228881837,28.96000022888184,57.570000457763676,0.15369793339710475,0
20,-290.28538423672273,0.0,355.60000228881836,355.60000228881836,1.0,0,1,1.0,1.0,1.0,1,1,1,1,1,0,6,0,0.0,0.0,254.62287992343352,902.5450888265665,1,4,1,2024-08-03,0.0,35.56000022888184,35.56000022888184,0.29205870358506314,0
21,-99.44500198364253,0.0,369.3000030517578,369.3000030517578,1.0,0,1,1.0,1.0,1.0,1,1,1,1,1,0,6,0,0.0,0.0,418.45514450073244,731.4450630187988,1,4,1,2024-08-03,0.0,36.93000030517578,36.93000030517578,6.197720794210615e-09,0
22,43.1366633097336,489.7333386739095,492.9000053405762,982.6333440144856,1.0,0,1,1.0,1.0,1.0,1,1,1,1,1,6,0,0,0.0,0.0,572.6823176066086,608.0633488972976,1,4,1,2024-08-03,48.97333386739095,49.29000053405762,98.26333440144856,1.8116549722342246e-09,0
23,0.0,0.0,0.0,0.0,1.0,0,1,1.0,1.0,0.0,1,1,0,1,1,0,0,6,0.0,0.0,542.1697998046875,659.5,0,4,1,2024-08-03,0.0,0.0,0.0,0.0,0
24,-3.7428079223633195,605.0760040283203,634.2000045776367,1239.276008605957,1.0,0,1,1.0,1.0,1.0,1,1,1,1,1,4,0,2,0.0,0.0,690.8269552612304,840.1428323364258,1,4,1,2024-08-03,60.50760040283203,63.42000045776368,123.9276008605957,0.052651400066350884,0
25,5.12615369628758,623.2000045776367,0.0,623.2000045776367,1.0,0,1,1.0,1.0,1.0,1,1,1,1,1,4,0,2,0.0,0.0,683.0645081884751,915.7738707177749,1,4,1,2024-08-03,62.320000457763676,0.0,62.320000457763676,0.10783705497219656,0
26,46.339004799836175,0.0,700.7000045776367,700.7000045776367,1.0,0,1,1.0,1.0,1.0,1,1,1,1,1,0,1,5,0.0,0.0,787.8686068506174,940.5608975439138,1,4,1,2024-08-03,0.0,70.07000045776367,70.07000045776367,0.013479633384777956,0
27,58.2400005340574,686.8000049591064,692.4000053405762,1379.2000102996826,1.0,0,1,1.0,1.0,1.0,1,1,1,1,1,1,5,0,0.0,0.0,884.7252910614011,1024.7599994659427,1,4,1,2024-08-03,68.68000049591065,69.24000053405761,137.92000102996826,0.011187417978644858,0
28,346.37964976539064,719.9000053405762,0.0,719.9000053405762,1.0,0,1,1.0,1.0,1.0,1,1,1,1,1,6,0,0,0.0,0.0,1250.9683948825782,819.1203502346093,1,4,1,2024-08-03,71.99000053405761,0.0,71.99000053405761,1.5409800744898207e-08,0
29,0.0,0.0,0.0,0.0,1.0,0,1,1.0,1.0,0.0,1,1,0,1,1,0,0,6,0.0,0.0,979.1500854492188,1157.199951171875,0,4,1,2024-08-03,0.0,0.0,0.0,0.0,0
30,241.57592976355616,828.2000045776367,0.0,828.2000045776367,1.0,0,1,1.0,1.0,1.0,1,1,1,1,1,6,0,0,0.0,0.0,1270.7260762479311,918.2825907442564,1,4,1,2024-08-03,82.82000045776368,0.0,82.82000045776368,0.10783706257192187,0
31,0.0,0.0,0.0,0.0,1.0,0,1,1.0,1.0,0.0,1,1,0,1,1,0,0,6,0.0,0.0,1052.71240234375,1140.5814208984375,0,4,1,2024-08-03,0.0,0.0,0.0,0.0,0
32,0.0,0.0,0.0,0.0,1.0,0,1,1.0,1.0,0.0,1,1,0,1,1,0,0,6,0.0,0.0,1063.728515625,1140.5814208984375,0,4,1,2024-08-03,0.0,0.0,0.0,0.0,0
33,133.65500144958494,689.7000045776367,689.7000045776367,1379.4000091552734,1.0,0,1,1.0,1.0,1.0,1,1,1,1,1,6,0,0,0.0,0.0,1124.08786277771,930.4872104644776,1,4,1,2024-08-03,68.97000045776367,68.97000045776367,137.94000091552735,1.935833007946494e-09,0
34,146.4700004577637,689.7000045776367,689.7000045776367,1379.4000091552734,1.0,0,1,1.0,1.0,1.0,1,1,1,1,1,0,1,5,0.0,0.0,1107.9104301452637,884.7974555969238,1,4,1,2024-08-03,68.97000045776367,68.97000045776367,137.94000091552735,0.04043889600777653,0
35,222.11984296897236,667.9157193868118,661.2001795651826,1329.1158989519945,1.0,0,1,1.0,1.0,1.0,1,1,1,1,1,0,0,6,0.0,0.05007929972058383,1005.0507511720973,628.0877375974339,1,4,1,2024-08-03,66.79157193868119,66.12001795651825,132.91158989519946,3.308029715485766e-10,0
36,81.72000045776366,250.0,817.2000045776367,1067.2000045776367,1.0,0,1,1.0,1.0,1.0,1,1,1,1,1,0,2,4,0.0,0.026980150195815112,926.3532402038575,795.1518257141113,1,4,1,2024-08-03,25.0,81.72000045776367,106.72000045776367,0.16515076012143992,0
37,54.43566728969144,826.3666714986166,831.5000038146973,1657.8666753133139,1.0,0,1,1.0,1.0,1.0,1,1,1,1,1,0,6,0,0.0,0.09888781901192013,897.0975935592227,749.2747819290586,1,4,1,2024-08-03,82.63666714986167,83.15000038146974,165.7866675313314,0.23662396536736305,0
38,111.54000129699709,813.4000053405762,813.4000053405762,1626.8000106811523,1.0,0,1,1.0,1.0,1.0,1,1,1,1,1,0,4,2,0.0,0.2971361622413341,898.8399890899658,571.7094493865967,1,4,1,2024-08-03,81.34000053405762,81.34000053405762,162.68000106811525,0.24508891371896924,0
39,790.7900058746338,708.9000053405762,0.0,708.9000053405762,0.5,3,0,0.5,1.0,1.0,0,1,1,0,1,6,0,0,0.0,0.0,1597.2900058746338,0.0,1,4,1,2024-08-03,70.89000053405762,0.0,70.89000053405762,3.9282395083575415e-08,1
40,227.73314407336073,631.4986722310384,0.0,631.4986722310384,1.0,0,1,1.0,1.0,1.0,1,1,1,1,1,6,0,0,0.0,0.0,1034.2331440733608,262.2075907899205,1,4,1,2024-08-03,63.14986722310385,0.0,63.14986722310385,7.973531881608935e-09,0
41,576.3009366099064,621.990672047933,0.0,621.990672047933,0.5,3,0,1.0,0.5,1.0,0,1,1,1,0,0,6,0,0.0,0.0,1366.900973231,0.0,1,4,1,2024-08-03,62.1990672047933,0.0,62.1990672047933,4.460768232260224e-08,1
42,79.30032700540058,583.3666714986166,588.5000038146973,1171.8666753133139,1.0,0,1,1.0,1.0,1.0,1,1,1,1,1,5,1,0,0.0,0.5760816014786359,800.6003758335256,249.4759791469432,1,4,1,2024-08-03,58.33666714986166,58.85000038146973,117.1866675313314,0.002256449237770537,0
43,51.98000030517579,519.8000030517578,519.8000030517578,1039.6000061035156,0.6666666666666666,2,0,1.0,0.3333333333333333,1.0,0,0,1,1,0,0,3,3,0.0,0.6765032321596561,668.5799758911132,168.15362091064452,1,4,1,2024-08-03,51.980000305175786,51.980000305175786,103.96000061035157,0.1550157687607148,1
44,53.81073212087761,440.0666669209798,444.10000228881836,884.1666692097981,1.0,0,1,1.0,1.0,1.0,1,1,1,1,1,0,6,0,0.0,0.6999696427157251,670.7107565349401,133.24348235666145,1,4,1,2024-08-03,44.00666669209798,44.41000022888184,88.41666692097982,0.00451370844386952,0
45,-52.110002136230456,370.76666768391925,374.8000030517578,745.566670735677,1.0,0,1,1.0,1.0,1.0,1,1,1,1,1,3,3,0,0.0,0.3640492958219539,498.8900588989258,238.3543258666992,1,4,1,2024-08-03,37.076666768391924,37.480000305175786,74.55666707356771,0.09161252537889918,0
46,-50.74000091552735,315.4000015258789,315.4000015258789,630.8000030517578,1.0,0,1,1.0,1.0,1.0,1,1,1,1,1,4,0,2,0.0,0.05202317197567141,472.7600601196289,298.9918930053711,1,4,1,2024-08-03,31.540000152587893,31.540000152587893,63.08000030517579,0.2875654944048003,0
47,64.7211436254023,344.50000381469727,310.8654002103277,655.365404025025,1.0,0,1,1.0,1.0,1.0,1,1,1,1,1,5,1,0,0.0,0.0,577.3064707738398,320.0152150171758,1,4,1,2024-08-03,34.45000038146973,31.086540021032775,65.5365404025025,0.4133334389655563,0
0,0.0,0.0,0.0,0.0,1.0,0,1,1.0,1.0,1.0,1,1,1,1,1,0,0,6,0.0,0.0,212.39999389648438,258.79998779296875,0,4,2,2024-08-03,0.0,0.0,0.0,0.0,0
1,0.0,0.0,0.0,0.0,1.0,0,1,1.0,1.0,1.0,1,1,1,1,1,0,0,6,0.0,0.0,212.39999389648438,258.79998779296875,0,4,2,2024-08-03,0.0,0.0,0.0,0.0,0
2,0.0,0.0,0.0,0.0,1.0,0,1,1.0,1.0,0.3333333333333333,1,1,0,1,1,0,0,6,0.0,0.0,212.39999389648438,258.79998779296875,0,4,2,2024-08-03,0.0,0.0,0.0,0.0,0
3,0.0,0.0,0.0,0.0,1.0,0,1,1.0,1.0,0.0,1,1,0,1,1,0,0,6,0.0,0.0,212.39999389648438,258.79998779296875,0,4,2,2024-08-03,0.0,0.0,0.0,0.0,0
4,0.0,0.0,0.0,0.0,1.0,0,1,1.0,1.0,0.6666666666666666,1,1,0,1,1,0,0,6,0.0,0.0,215.6999969482422,262.0999755859375,0,4,2,2024-08-03,0.0,0.0,0.0,0.0,0
5,0.0,0.0,0.0,0.0,1.0,0,1,1.0,1.0,0.3333333333333333,1,1,0,1,1,0,0,6,0.0,0.0,215.6999969482422,262.0999755859375,0,4,2,2024-08-03,0.0,0.0,0.0,0.0,0
6,0.0,0.0,0.0,0.0,1.0,0,1,1.0,1.0,0.0,1,1,0,1,1,0,0,6,0.0,0.0,243.1999969482422,289.5999755859375,0,4,2,2024-08-03,0.0,0.0,0.0,0.0,0
7,0.0,0.0,0.0,0.0,1.0,0,1,1.0,1.0,0.0,1,1,0,1,1,0,0,6,0.0,0.0,243.1999969482422,289.5999755859375,0,4,2,2024-08-03,0.0,0.0,0.0,0.0,0
8,0.0,0.0,0.0,0.0,1.0,0,1,1.0,1.0,0.0,1,1,0,1,1,0,0,6,0.0,0.0,243.1999969482422,289.5999755859375,0,4,2,2024-08-03,0.0,0.0,0.0,0.0,0
9,0.0,0.0,0.0,0.0,1.0,0,1,1.0,1.0,0.0,1,1,0,1,1,0,0,6,0.0,0.0,243.1999969482422,289.5999755859375,0,4,2,2024-08-03,0.0,0.0,0.0,0.0,0
10,0.0,0.0,0.0,0.0,1.0,0,1,1.0,1.0,0.0,1,1,0,1,1,0,0,6,0.0,0.0,193.1999969482422,239.59999084472656,0,4,2,2024-08-03,0.0,0.0,0.0,0.0,0
11,0.0,0.0,0.0,0.0,1.0,0,1,1.0,1.0,0.0,1,1,0,1,1,0,0,6,0.0,0.0,193.1999969482422,239.59999084472656,0,4,2,2024-08-03,0.0,0.0,0.0,0.0,0
12,0.0,0.0,0.0,0.0,1.0,0,1,1.0,1.0,0.5,1,1,0,1,1,0,0,6,0.0,0.0,174.0,220.39999389648438,0,4,2,2024-08-03,0.0,0.0,0.0,0.0,0
13,0.0,0.0,0.0,0.0,1.0,0,1,1.0,1.0,0.5,1,1,0,1,1,0,0,6,0.0,0.0,246.0,292.3999938964844,0,4,2,2024-08-03,0.0,0.0,0.0,0.0,0
14,0.0,0.0,0.0,0.0,1.0,0,1,1.0,1.0,0.0,1,1,0,1,1,0,0,6,0.0,0.0,276.20001220703125,322.5999755859375,0,4,2,2024-08-03,0.0,0.0,0.0,0.0,0
15,0.0,0.0,0.0,0.0,1.0,0,1,1.0,1.0,0.0,1,1,0,1,1,0,0,6,0.0,0.0,331.29998779296875,400.1000061035156,0,4,2,2024-08-03,0.0,0.0,0.0,0.0,0
16,0.0,0.0,0.0,0.0,1.0,0,1,1.0,1.0,0.0,1,1,0,1,1,0,0,6,0.0,0.0,423.5,493.5,0,4,2,2024-08-03,0.0,0.0,0.0,0.0,0
17,0.0,0.0,0.0,0.0,1.0,0,1,1.0,1.0,0.0,1,1,0,1,1,0,0,6,0.0,0.0,728.2000122070312,806.1000366210938,0,4,2,2024-08-03,0.0,0.0,0.0,0.0,0
18,0.0,0.0,0.0,0.0,1.0,0,1,1.0,1.0,0.0,1,1,0,1,1,0,0,6,0.0,0.0,771.6333618164062,806.1000366210938,0,4,2,2024-08-03,0.0,0.0,0.0,0.0,0
19,-32.11000022888189,286.10000228881836,289.60000228881836,575.7000045776367,1.0,0,1,1.0,1.0,1.0,1,1,1,1,1,0,6,0,0.0,0.0,654.3046115875244,788.2100368499756,1,4,2,2024-08-03,28.610000228881837,28.96000022888184,57.570000457763676,0.15369793339710475,0
20,-290.28538423672273,0.0,355.60000228881836,355.60000228881836,1.0,0,1,1.0,1.0,1.0,1,1,1,1,1,0,6,0,0.0,0.0,297.84950345858977,1049.6854086507851,1,4,2,2024-08-03,0.0,35.56000022888184,35.56000022888184,0.29205870358506314,0
21,-99.44500198364253,0.0,369.3000030517578,369.3000030517578,1.0,0,1,1.0,1.0,1.0,1,1,1,1,1,0,6,0,0.0,0.0,476.2533012390137,858.845026397705,1,4,2,2024-08-03,0.0,36.93000030517578,36.93000030517578,6.197720794210615e-09,0
22,43.1366633097336,489.7333386739095,492.9000053405762,982.6333440144856,1.0,0,1,1.0,1.0,1.0,1,1,1,1,1,6,0,0,0.0,0.0,601.7247980753586,817.9633122762039,1,4,2,2024-08-03,48.97333386739095,49.29000053405762,98.26333440144856,1.8116549722342246e-09,0
23,0.0,0.0,0.0,0.0,1.0,0,1,1.0,1.0,0.0,1,1,0,1,1,0,0,6,0.0,0.0,521.65185546875,891.2999877929688,0,4,2,2024-08-03,0.0,0.0,0.0,0.0,0
24,-3.7428079223633195,605.0760040283203,634.2000045776367,1239.276008605957,1.0,0,1,1.0,1.0,1.0,1,1,1,1,1,4,0,2,0.19569780054657945,0.0,486.6639608764648,867.5427957153321,1,4,2,2024-08-03,60.50760040283203,63.42000045776368,123.9276008605957,0.052651400066350884,0
25,5.12615369628758,623.2000045776367,0.0,623.2000045776367,1.0,0,1,1.0,1.0,1.0,1,1,1,1,1,4,0,2,0.0,0.0,633.4822327978501,1097.0739195459,1,4,2,2024-08-03,62.320000457763676,0.0,62.320000457763676,0.10783705497219656,0
26,46.339004799836175,0.0,700.7000045776367,700.7000045776367,1.0,0,1,1.0,1.0,1.0,1,1,1,1,1,0,1,5,0.0,0.0,735.6283114404612,1138.1609952001638,1,4,2,2024-08-03,0.0,70.07000045776367,70.07000045776367,0.013479633384777956,0
27,58.2400005340574,686.8000049591064,692.4000053405762,1379.2000102996826,1.0,0,1,1.0,1.0,1.0,1,1,1,1,1,1,5,0,0.0,0.0,883.7070415496823,1222.4599506378177,1,4,2,2024-08-03,68.68000049591065,69.24000053405761,137.92000102996826,0.011187417978644858,0
28,346.37964976539064,719.9000053405762,0.0,719.9000053405762,1.0,0,1,1.0,1.0,1.0,1,1,1,1,1,6,0,0,0.0,0.0,1227.0915027927344,975.5203746486718,1,4,2,2024-08-03,71.99000053405761,0.0,71.99000053405761,1.5409800744898207e-08,0
29,0.0,0.0,0.0,0.0,1.0,0,1,1.0,1.0,0.0,1,1,0,1,1,0,0,6,0.0,0.0,1038.2236328125,1337.7999267578125,0,4,2,2024-08-03,0.0,0.0,0.0,0.0,0
30,241.57592976355616,828.2000045776367,0.0,828.2000045776367,1.0,0,1,1.0,1.0,1.0,1,1,1,1,1,6,0,0,0.0,0.0,1279.7995625760561,1096.2239969942564,1,4,2,2024-08-03,82.82000045776368,0.0,82.82000045776368,0.10783706257192187,0
31,0.0,0.0,0.0,0.0,1.0,0,1,1.0,1.0,0.0,1,1,0,1,1,0,0,6,0.0,0.0,1112.3675537109375,1376.7999267578125,0,4,2,2024-08-03,0.0,0.0,0.0,0.0,0
32,0.0,0.0,0.0,0.0,1.0,0,1,1.0,1.0,0.0,1,1,0,1,1,0,0,6,0.0,0.0,1128.8675537109375,1409.7999267578125,0,4,2,2024-08-03,0.0,0.0,0.0,0.0,0
33,133.65500144958494,689.7000045776367,689.7000045776367,1379.4000091552734,1.0,0,1,1.0,1.0,1.0,1,1,1,1,1,6,0,0,0.0,0.0,1269.69723777771,1256.344998550415,1,4,2,2024-08-03,68.97000045776367,68.97000045776367,137.94000091552735,1.935833007946494e-09,0
34,146.4700004577637,689.7000045776367,689.7000045776367,1379.4000091552734,1.0,0,1,1.0,1.0,1.0,1,1,1,1,1,0,1,5,0.0,0.0,1127.390227508545,1082.6299751281738,1,4,2,2024-08-03,68.97000045776367,68.97000045776367,137.94000091552735,0.04043889600777653,0
35,222.11984296897236,667.9157193868118,661.2001795651826,1329.1158989519945,1.0,0,1,1.0,1.0,1.0,1,1,1,1,1,0,0,6,0.0,0.0,1201.5965275392848,982.6134333982152,1,4,2,2024-08-03,66.79157193868119,66.12001795651825,132.91158989519946,3.308029715485766e-10,0
36,81.72000045776366,250.0,817.2000045776367,1067.2000045776367,1.0,0,1,1.0,1.0,1.0,1,1,1,1,1,0,2,4,0.0,0.0,1010.2281791687012,995.3798530578613,1,4,2,2024-08-03,25.0,81.72000045776367,106.72000045776367,0.16515076012143992,0
37,54.43566728969144,826.3666714986166,831.5000038146973,1657.8666753133139,1.0,0,1,1.0,1.0,1.0,1,1,1,1,1,0,6,0,0.0,0.0,991.5897810592227,1030.9642350540585,1,4,2,2024-08-03,82.63666714986167,83.15000038146974,165.7866675313314,0.23662396536736305,0
38,111.54000129699709,813.4000053405762,813.4000053405762,1626.8000106811523,1.0,0,1,1.0,1.0,1.0,1,1,1,1,1,0,4,2,0.0,0.0,1180.7128528594972,1024.9513317108153,1,4,2,2024-08-03,81.34000053405762,81.34000053405762,162.68000106811525,0.24508891371896924,0
39,790.7900058746338,708.9000053405762,0.0,708.9000053405762,1.0,0,1,1.0,1.0,1.0,1,1,1,1,1,6,0,0,0.0,0.0,1869.1495029449463,292.66531639099117,1,4,2,2024-08-03,70.89000053405762,0.0,70.89000053405762,3.9282395083575415e-08,0
40,227.73314407336073,631.4986722310384,0.0,631.4986722310384,1.0,0,1,1.0,1.0,1.0,1,1,1,1,1,6,0,0,0.0,0.0,1387.8331196592983,876.2856547547642,1,4,2,2024-08-03,63.14986722310385,0.0,63.14986722310385,7.973531881608935e-09,0
41,576.3009366099064,621.990672047933,0.0,621.990672047933,1.0,0,1,1.0,1.0,1.0,1,1,1,1,1,0,6,0,0.0,0.0,1708.9010342661563,462.18905362446856,1,4,2,2024-08-03,62.1990672047933,0.0,62.1990672047933,4.460768232260224e-08,0
42,79.30032700540058,583.3666714986166,588.5000038146973,1171.8666753133139,1.0,0,1,1.0,1.0,1.0,1,1,1,1,1,5,1,0,0.0,0.0,1146.000400247588,884.6313136195994,1,4,2,2024-08-03,58.33666714986166,58.85000038146973,117.1866675313314,0.002256449237770537,0
43,51.98000030517579,519.8000030517578,519.8000030517578,1039.6000061035156,1.0,0,1,1.0,1.0,1.0,1,1,1,1,1,0,3,3,0.0,0.0,992.1800735473632,767.0092575073243,1,4,2,2024-08-03,51.980000305175786,51.980000305175786,103.96000061035157,0.1550157687607148,0
44,53.81073212087761,440.0666669209798,444.10000228881836,884.1666692097981,1.0,0,1,1.0,1.0,1.0,1,1,1,1,1,0,6,0,0.0,0.0,894.0107443279088,657.8779275470912,1,4,2,2024-08-03,44.00666669209798,44.41000022888184,88.41666692097982,0.00451370844386952,0
45,-52.110002136230456,370.76666768391925,374.8000030517578,745.566670735677,1.0,0,1,1.0,1.0,1.0,1,1,1,1,1,3,3,0,0.0,0.0,677.6900466918945,692.0117965698242,1,4,2,2024-08-03,37.076666768391924,37.480000305175786,74.55666707356771,0.09161252537889918,0
46,-50.74000091552735,315.4000015258789,315.4000015258789,630.8000030517578,1.0,0,1,1.0,1.0,1.0,1,1,1,1,1,4,0,2,0.0,0.0,698.2599990844726,711.6278182983399,1,4,2,2024-08-03,31.540000152587893,31.540000152587893,63.08000030517579,0.2875654944048003,0
47,64.7211436254023,344.50000381469727,310.8654002103277,655.365404025025,1.0,0,1,1.0,1.0,1.0,1,1,1,1,1,5,1,0,0.0,0.0,813.7211436254023,637.2996083277227,1,4,2,2024-08-03,34.45000038146973,31.086540021032775,65.5365404025025,0.4133334389655563,0
0,0.0,0.0,0.0,0.0,1.0,0,1,1.0,1.0,0.8333333333333334,1,1,0,1,1,0,0,6,0.0,0.0,175.79998779296875,234.6999969482422,0,5,0,2024-08-03,0.0,0.0,0.0,0.0,0
1,0.0,0.0,0.0,0.0,1.0,0,1,1.0,1.0,0.0,1,1,0,1,1,0,0,6,0.0,0.0,175.79998779296875,234.6999969482422,0,5,0,2024-08-03,0.0,0.0,0.0,0.0,0
2,0.0,0.0,0.0,0.0,1.0,0,1,1.0,1.0,0.6666666666666666,1,1,0,1,1,0,0,6,0.0,0.0,126.29999542236328,185.1999969482422,0,5,0,2024-08-03,0.0,0.0,0.0,0.0,0
3,0.0,0.0,0.0,0.0,1.0,0,1,1.0,1.0,0.5,1,1,0,1,1,0,0,6,0.0,0.0,164.79998779296875,223.6999969482422,0,5,0,2024-08-03,0.0,0.0,0.0,0.0,0
4,0.0,0.0,0.0,0.0,1.0,0,1,1.0,1.0,0.0,1,1,0,1,1,0,0,6,0.0,0.0,164.79998779296875,223.6999969482422,0,5,0,2024-08-03,0.0,0.0,0.0,0.0,0
5,0.0,0.0,0.0,0.0,1.0,0,1,1.0,1.0,0.0,1,1,0,1,1,0,0,6,0.0,0.0,140.13333129882812,146.1999969482422,0,5,0,2024-08-03,0.0,0.0,0.0,0.0,0
6,0.0,0.0,0.0,0.0,1.0,0,1,1.0,1.0,0.0,1,1,0,1,1,0,0,6,0.0,0.0,146.1999969482422,146.1999969482422,0,5,0,2024-08-03,0.0,0.0,0.0,0.0,0
7,0.0,0.0,0.0,0.0,1.0,0,1,1.0,1.0,0.0,1,1,0,1,1,0,0,6,0.0,0.0,96.19999694824219,96.19999694824219,0,5,0,2024-08-03,0.0,0.0,0.0,0.0,0
8,0.0,0.0,0.0,0.0,1.0,0,1,1.0,1.0,1.0,1,1,1,1,1,0,0,6,0.0,0.0,85.19999694824219,85.19999694824219,0,5,0,2024-08-03,0.0,0.0,0.0,0.0,0
9,0.0,0.0,0.0,0.0,1.0,0,1,1.0,1.0,1.0,1,1,1,1,1,0,0,6,0.0,0.0,85.19999694824219,85.19999694824219,0,5,0,2024-08-03,0.0,0.0,0.0,0.0,0
10,0.0,0.0,0.0,0.0,1.0,0,1,1.0,1.0,1.0,1,1,1,1,1,0,0,6,0.0,0.0,85.19999694824219,85.19999694824219,0,5,0,2024-08-03,0.0,0.0,0.0,0.0,0
11,0.0,0.0,0.0,0.0,1.0,0,1,1.0,1.0,1.0,1,1,1,1,1,0,0,6,0.0,0.0,96.19999694824219,96.19999694824219,0,5,0,2024-08-03,0.0,0.0,0.0,0.0,0
12,0.0,0.0,0.0,0.0,1.0,0,1,1.0,1.0,1.0,1,1,1,1,1,0,0,6,0.0,0.0,96.19999694824219,96.19999694824219,0,5,0,2024-08-03,0.0,0.0,0.0,0.0,0
13,0.0,0.0,0.0,0.0,1.0,0,1,1.0,1.0,1.0,1,1,1,1,1,0,0,6,0.0,0.0,96.19999694824219,96.19999694824219,0,5,0,2024-08-03,0.0,0.0,0.0,0.0,0
14,0.0,0.0,0.0,0.0,1.0,0,1,1.0,1.0,1.0,1,1,1,1,1,0,0,6,0.0,0.0,96.19999694824219,96.19999694824219,0,5,0,2024-08-03,0.0,0.0,0.0,0.0,0
15,0.0,0.0,0.0,0.0,1.0,0,1,1.0,1.0,1.0,1,1,1,1,1,0,0,6,0.0,0.0,243.39999389648438,261.5999755859375,0,5,0,2024-08-03,0.0,0.0,0.0,0.0,0
16,0.0,0.0,0.0,0.0,1.0,0,1,1.0,1.0,0.3333333333333333,1,1,0,1,1,0,0,6,0.0,0.0,298.3999938964844,316.5999755859375,0,5,0,2024-08-03,0.0,0.0,0.0,0.0,0
17,0.0,0.0,0.0,0.0,1.0,0,1,1.0,1.0,0.0,1,1,0,1,1,0,0,6,0.0,0.0,437.9000244140625,471.6000061035156,0,5,0,2024-08-03,0.0,0.0,0.0,0.0,0
18,0.0,0.0,0.0,0.0,1.0,0,1,1.0,1.0,0.5,1,1,0,1,1,0,0,6,0.0,0.0,468.1000061035156,501.8000183105469,0,5,0,2024-08-03,0.0,0.0,0.0,0.0,0
19,-32.11000022888189,286.10000228881836,289.60000228881836,575.7000045776367,1.0,0,1,1.0,1.0,1.0,1,1,1,1,1,2,0,4,0.0,0.0,457.0605014801025,561.4100490570069,1,5,0,2024-08-03,28.610000228881837,28.96000022888184,57.570000457763676,0.11770110008835662,0
20,-290.28538423672273,0.0,355.60000228881836,355.60000228881836,1.0,0,1,1.0,1.0,1.0,1,1,1,1,1,0,6,0,0.0,0.0,227.45179838046477,927.2853842367227,1,5,0,2024-08-03,0.0,35.56000022888184,35.56000022888184,4.039278899587721e-08,0
21,-99.44500198364253,0.0,369.3000030517578,369.3000030517578,1.0,0,1,1.0,1.0,1.0,1,1,1,1,1,0,6,0,0.0,0.0,427.45148239135744,779.6450141906738,1,5,0,2024-08-03,0.0,36.93000030517578,36.93000030517578,6.197720794210615e-09,0
22,43.1366633097336,489.7333386739095,492.9000053405762,982.6333440144856,1.0,0,1,1.0,1.0,1.0,1,1,1,1,1,6,0,0,0.0,0.0,621.2617853800461,725.6633855183914,1,5,0,2024-08-03,48.97333386739095,49.29000053405762,98.26333440144856,1.8116549722342246e-09,0
23,0.0,0.0,0.0,0.0,1.0,0,1,1.0,1.0,0.0,1,1,0,1,1,0,0,6,0.0,0.0,715.0442504882812,921.8779296875,0,5,0,2024-08-03,0.0,0.0,0.0,0.0,0
24,-3.7428079223633195,605.0760040283203,634.2000045776367,1239.276008605957,1.0,0,1,1.0,1.0,1.0,1,1,1,1,1,0,0,6,0.0,0.0,722.3014425659179,936.6207376098633,1,5,0,2024-08-03,60.50760040283203,63.42000045776368,123.9276008605957,4.617252075565009e-11,0
25,5.12615369628758,623.2000045776367,0.0,623.2000045776367,1.0,0,1,1.0,1.0,1.0,1,1,1,1,1,0,0,6,0.0,0.0,814.5637757666001,1015.9785826318374,1,5,0,2024-08-03,62.320000457763676,0.0,62.320000457763676,3.645729861504272e-10,0
26,46.339004799836175,0.0,700.7000045776367,700.7000045776367,1.0,0,1,1.0,1.0,1.0,1,1,1,1,1,0,0,6,0.0,0.0,895.3524325342112,1005.7120205907888,1,5,0,2024-08-03,0.0,70.07000045776367,70.07000045776367,4.0421665591849987e-10,0
27,58.2400005340574,686.8000049591064,692.4000053405762,1379.2000102996826,1.0,0,1,1.0,1.0,1.0,1,1,1,1,1,3,3,0,0.0,0.0,915.6757915496823,1013.0610248565677,1,5,0,2024-08-03,68.68000049591065,69.24000053405761,137.92000102996826,0.0815389176528164,0
28,346.37964976539064,719.9000053405762,0.0,719.9000053405762,1.0,0,1,1.0,1.0,1.0,1,1,1,1,1,6,0,0,0.0,0.0,1205.4599720310157,735.0743297267968,1,5,0,2024-08-03,71.99000053405761,0.0,71.99000053405761,1.5409800744898207e-08,0
29,0.0,0.0,0.0,0.0,1.0,0,1,1.0,1.0,0.0,1,1,0,1,1,0,0,6,0.0,0.0,1010.5743408203125,1119.3834228515625,0,5,0,2024-08-03,0.0,0.0,0.0,0.0,0
30,241.57592976355616,828.2000045776367,0.0,828.2000045776367,1.0,0,1,1.0,1.0,1.0,1,1,1,1,1,6,0,0,0.0,0.0,1204.1519795682436,819.8287333223814,1,5,0,2024-08-03,82.82000045776368,0.0,82.82000045776368,2.4501100575499462e-09,0
31,0.0,0.0,0.0,0.0,1.0,0,1,1.0,1.0,0.0,1,1,0,1,1,0,0,6,0.0,0.0,1008.67333984375,1072.2789306640625,0,5,0,2024-08-03,0.0,0.0,0.0,0.0,0
32,0.0,0.0,0.0,0.0,1.0,0,1,1.0,1.0,0.0,1,1,0,1,1,0,0,6,0.0,0.0,1136.033447265625,1196.4788818359375,0,5,0,2024-08-03,0.0,0.0,0.0,0.0,0
33,133.65500144958494,689.7000045776367,689.7000045776367,1379.4000091552734,1.0,0,1,1.0,1.0,1.0,1,1,1,1,1,6,0,0,0.0,0.0,1110.922091293335,887.1594516754151,1,5,0,2024-08-03,68.97000045776367,68.97000045776367,137.94000091552735,0.12865497036724524,0
34,146.4700004577637,689.7000045776367,689.7000045776367,1379.4000091552734,1.0,0,1,1.0,1.0,1.0,1,1,1,1,1,4,0,2,0.0,0.0,1022.7005912780762,835.2194526672363,1,5,0,2024-08-03,68.97000045776367,68.97000045776367,137.94000091552735,0.11988304189145975,0
35,222.11984296897236,667.9157193868118,661.2001795651826,1329.1158989519945,1.0,0,1,1.0,1.0,1.0,1,1,1,1,1,2,0,4,0.0,0.0,1081.6418156252223,767.2801814450902,1,5,0,2024-08-03,66.79157193868119,66.12001795651825,132.91158989519946,0.1072643917786762,0
36,81.72000045776366,250.0,817.2000045776367,1067.2000045776367,1.0,0,1,1.0,1.0,1.0,1,1,1,1,1,6,0,0,0.0,0.0,847.0163871765137,888.4800727844238,1,5,0,2024-08-03,25.0,81.72000045776367,106.72000045776367,0.16096666627502157,0
37,54.43566728969144,826.3666714986166,831.5000038146973,1657.8666753133139,0.0,6,0,0.0,1.0,1.0,0,0,1,0,1,6,0,0,0.3250412742933213,0.0,557.7633955611758,833.9644181595273,1,5,0,2024-08-03,82.63666714986167,83.15000038146974,165.7866675313314,0.4139190588257576,1
38,111.54000129699709,813.4000053405762,813.4000053405762,1626.8000106811523,0.0,6,0,0.0,1.0,1.0,0,0,1,0,1,6,0,0,0.3218521540688776,0.08205056916300517,551.6054615020752,746.6600719451905,1,5,0,2024-08-03,81.34000053405762,81.34000053405762,162.68000106811525,0.49999998850994803,1
39,790.7900058746338,708.9000053405762,0.0,708.9000053405762,1.0,0,1,1.0,1.0,1.0,1,1,1,1,1,6,0,0,0.0,0.0,1197.9451877593995,122.31003074645992,1,5,0,2024-08-03,70.89000053405762,0.0,70.89000053405762,0.4473684380079745,0
40,227.73314407336073,631.4986722310384,0.0,631.4986722310384,0.16666666666666666,5,0,0.16666666666666666,1.0,1.0,0,1,1,0,1,6,0,0,0.0,0.0,672.9550373839077,666.166941375858,1,5,0,2024-08-03,63.14986722310385,0.0,63.14986722310385,0.6081871371575738,1
41,576.3009366099064,621.990672047933,0.0,621.990672047933,1.0,0,1,1.0,1.0,1.0,1,1,1,1,1,0,6,0,0.0,0.0,989.3823269907658,212.5991488393123,1,5,0,2024-08-03,62.1990672047933,0.0,62.1990672047933,4.460768232260224e-08,0
42,79.30032700540058,583.3666714986166,588.5000038146973,1171.8666753133139,0.5,3,0,0.5,1.0,1.0,0,0,1,0,1,6,0,0,0.1787042805871573,0.0,479.1165501499318,671.1997340297556,1,5,0,2024-08-03,58.33666714986166,58.85000038146973,117.1866675313314,0.2561827950792469,1
43,51.98000030517579,519.8000030517578,519.8000030517578,1039.6000061035156,0.3333333333333333,4,0,0.0,1.0,0.5,0,0,0,0,1,2,0,4,0.2741402510502306,0.0,377.3018997192383,583.120036315918,1,5,0,2024-08-03,51.980000305175786,51.980000305175786,103.96000061035157,0.14766082148587784,1
44,53.81073212087761,440.0666669209798,444.10000228881836,884.1666692097981,0.0,6,0,0.0,1.0,1.0,0,0,1,0,1,6,0,0,0.20236500110646724,0.0,351.01257538259637,542.2893045002162,1,5,0,2024-08-03,44.00666669209798,44.41000022888184,88.41666692097982,0.47588933102521597,1
45,-52.110002136230456,370.76666768391925,374.8000030517578,745.566670735677,0.0,6,0,0.0,0.0,1.0,0,0,1,0,0,4,2,0,0.8036202536684848,0.0,72.81106414794922,495.4099899291992,1,5,0,2024-08-03,37.076666768391924,37.480000305175786,74.55666707356771,0.3039025735976821,1
46,-50.74000091552735,315.4000015258789,315.4000015258789,630.8000030517578,0.3333333333333333,4,0,0.0,1.0,0.6666666666666666,0,0,0,0,1,3,0,3,0.9084971304744262,0.0,28.86000518798828,455.64002532958983,1,5,0,2024-08-03,31.540000152587893,31.540000152587893,63.08000030517579,0.13742690764716334,1
47,64.7211436254023,344.50000381469727,310.8654002103277,655.365404025025,0.8333333333333334,1,0,0.6666666666666666,1.0,1.0,0,0,1,0,1,3,3,0,0.5804901449147837,0.0,144.52114667716012,329.1788807886602,1,5,0,2024-08-03,34.45000038146973,31.086540021032775,65.5365404025025,0.03535146936066778,1
0,0.0,0.0,0.0,0.0,1.0,0,1,1.0,1.0,1.0,1,1,1,1,1,0,0,6,0.0,0.0,442.8999938964844,499.0,0,5,1,2024-08-03,0.0,0.0,0.0,0.0,0
1,0.0,0.0,0.0,0.0,1.0,0,1,1.0,1.0,0.3333333333333333,1,1,0,1,1,0,0,6,0.0,0.0,442.8999938964844,499.0,0,5,1,2024-08-03,0.0,0.0,0.0,0.0,0
2,0.0,0.0,0.0,0.0,1.0,0,1,1.0,1.0,0.0,1,1,0,1,1,0,0,6,0.0,0.0,387.8999938964844,444.0,0,5,1,2024-08-03,0.0,0.0,0.0,0.0,0
3,0.0,0.0,0.0,0.0,1.0,0,1,1.0,1.0,0.0,1,1,0,1,1,0,0,6,0.0,0.0,422.2400207519531,466.5,0,5,1,2024-08-03,0.0,0.0,0.0,0.0,0
4,0.0,0.0,0.0,0.0,1.0,0,1,1.0,1.0,0.0,1,1,0,1,1,0,0,6,0.0,0.0,422.6000061035156,463.29998779296875,0,5,1,2024-08-03,0.0,0.0,0.0,0.0,0
5,0.0,0.0,0.0,0.0,1.0,0,1,1.0,1.0,1.0,1,1,1,1,1,0,0,6,0.0,0.0,403.3999938964844,444.0999755859375,0,5,1,2024-08-03,0.0,0.0,0.0,0.0,0
6,0.0,0.0,0.0,0.0,1.0,0,1,1.0,1.0,0.8333333333333334,1,1,0,1,1,0,0,6,0.0,0.0,353.3999938964844,397.29998779296875,0,5,1,2024-08-03,0.0,0.0,0.0,0.0,0
7,0.0,0.0,0.0,0.0,1.0,0,1,1.0,1.0,1.0,1,1,1,1,1,0,0,6,0.0,0.0,353.3999938964844,397.29998779296875,0,5,1,2024-08-03,0.0,0.0,0.0,0.0,0
8,0.0,0.0,0.0,0.0,1.0,0,1,1.0,1.0,0.8333333333333334,1,1,0,1,1,0,0,6,0.0,0.0,380.8999938964844,424.79998779296875,0,5,1,2024-08-03,0.0,0.0,0.0,0.0,0
9,0.0,0.0,0.0,0.0,1.0,0,1,1.0,1.0,0.0,1,1,0,1,1,0,0,6,0.0,0.0,387.29998779296875,408.29998779296875,0,5,1,2024-08-03,0.0,0.0,0.0,0.0,0
10,0.0,0.0,0.0,0.0,1.0,0,1,1.0,1.0,0.0,1,1,0,1,1,0,0,6,0.0,0.0,376.29998779296875,397.29998779296875,0,5,1,2024-08-03,0.0,0.0,0.0,0.0,0
11,0.0,0.0,0.0,0.0,1.0,0,1,1.0,1.0,0.0,1,1,0,1,1,0,0,6,0.0,0.0,346.5,366.5,0,5,1,2024-08-03,0.0,0.0,0.0,0.0,0
12,0.0,0.0,0.0,0.0,1.0,0,1,1.0,1.0,0.0,1,1,0,1,1,0,0,6,0.0,0.0,319.0,339.0,0,5,1,2024-08-03,0.0,0.0,0.0,0.0,0
13,0.0,0.0,0.0,0.0,1.0,0,1,1.0,1.0,0.3333333333333333,1,1,0,1,1,0,0,6,0.0,0.0,346.5,366.5,0,5,1,2024-08-03,0.0,0.0,0.0,0.0,0
14,0.0,0.0,0.0,0.0,1.0,0,1,1.0,1.0,0.3333333333333333,1,1,0,1,1,0,0,6,0.0,0.0,346.5,366.5,0,5,1,2024-08-03,0.0,0.0,0.0,0.0,0
15,0.0,0.0,0.0,0.0,1.0,0,1,1.0,1.0,0.0,1,1,0,1,1,0,0,6,0.0,0.0,315.70001220703125,335.70001220703125,0,5,1,2024-08-03,0.0,0.0,0.0,0.0,0
16,0.0,0.0,0.0,0.0,1.0,0,1,1.0,1.0,0.0,1,1,0,1,1,0,0,6,0.0,0.0,362.4000244140625,382.4000244140625,0,5,1,2024-08-03,0.0,0.0,0.0,0.0,0
17,0.0,0.0,0.0,0.0,1.0,0,1,1.0,1.0,0.0,1,1,0,1,1,0,0,6,0.0,0.0,515.800048828125,564.300048828125,0,5,1,2024-08-03,0.0,0.0,0.0,0.0,0
18,0.0,0.0,0.0,0.0,1.0,0,1,1.0,1.0,0.0,1,1,0,1,1,0,0,6,0.0,0.0,665.5999755859375,715.5,0,5,1,2024-08-03,0.0,0.0,0.0,0.0,0
19,-32.11000022888189,286.10000228881836,289.60000228881836,575.7000045776367,1.0,0,1,1.0,1.0,1.0,1,1,1,1,1,2,0,4,0.0,0.0,718.6899875640869,832.8100124359131,1,5,1,2024-08-03,28.610000228881837,28.96000022888184,57.570000457763676,0.11770110008835662,0
20,-290.28538423672273,0.0,355.60000228881836,355.60000228881836,1.0,0,1,1.0,1.0,1.0,1,1,1,1,1,0,6,0,0.0,0.0,516.3988198648398,1171.7854452718789,1,5,1,2024-08-03,0.0,35.56000022888184,35.56000022888184,4.039278899587721e-08,0
21,-99.44500198364253,0.0,369.3000030517578,369.3000030517578,1.0,0,1,1.0,1.0,1.0,1,1,1,1,1,0,6,0,0.0,0.0,743.30658493042,1025.0450386047362,1,5,1,2024-08-03,0.0,36.93000030517578,36.93000030517578,6.197720794210615e-09,0
22,43.1366633097336,489.7333386739095,492.9000053405762,982.6333440144856,1.0,0,1,1.0,1.0,1.0,1,1,1,1,1,6,0,0,0.0,0.0,936.3908137003586,948.3633366902664,1,5,1,2024-08-03,48.97333386739095,49.29000053405762,98.26333440144856,1.8116549722342246e-09,0
23,0.0,0.0,0.0,0.0,1.0,0,1,1.0,1.0,0.0,1,1,0,1,1,0,0,6,0.0,0.0,943.2459716796875,1049.199951171875,0,5,1,2024-08-03,0.0,0.0,0.0,0.0,0
24,-3.7428079223633195,605.0760040283203,634.2000045776367,1239.276008605957,1.0,0,1,1.0,1.0,1.0,1,1,1,1,1,0,0,6,0.0,0.0,950.0204367065429,1089.1428323364257,1,5,1,2024-08-03,60.50760040283203,63.42000045776368,123.9276008605957,4.617252075565009e-11,0
25,5.12615369628758,623.2000045776367,0.0,623.2000045776367,1.0,0,1,1.0,1.0,1.0,1,1,1,1,1,0,0,6,0.0,0.0,975.1895692236313,1155.0739195459,1,5,1,2024-08-03,62.320000457763676,0.0,62.320000457763676,3.645729861504272e-10,0
26,46.339004799836175,0.0,700.7000045776367,700.7000045776367,1.0,0,1,1.0,1.0,1.0,1,1,1,1,1,0,0,6,0.0,0.0,946.6213534326487,1102.8609463720388,1,5,1,2024-08-03,0.0,70.07000045776367,70.07000045776367,4.0421665591849987e-10,0
27,58.2400005340574,686.8000049591064,692.4000053405762,1379.2000102996826,1.0,0,1,1.0,1.0,1.0,1,1,1,1,1,3,3,0,0.0,0.0,856.7332866668698,1060.6599018096927,1,5,1,2024-08-03,68.68000049591065,69.24000053405761,137.92000102996826,0.0815389176528164,0
28,346.37964976539064,719.9000053405762,0.0,719.9000053405762,1.0,0,1,1.0,1.0,1.0,1,1,1,1,1,6,0,0,0.0,0.0,1165.8888660739844,783.5202525783593,1,5,1,2024-08-03,71.99000053405761,0.0,71.99000053405761,1.5409800744898207e-08,0
29,0.0,0.0,0.0,0.0,1.0,0,1,1.0,1.0,0.0,1,1,0,1,1,0,0,6,0.0,0.0,944.7146606445312,1179.4000244140625,0,5,1,2024-08-03,0.0,0.0,0.0,0.0,0
30,241.57592976355616,828.2000045776367,0.0,828.2000045776367,1.0,0,1,1.0,1.0,1.0,1,1,1,1,1,6,0,0,0.0,0.0,1186.4330464627749,937.8240946505064,1,5,1,2024-08-03,82.82000045776368,0.0,82.82000045776368,2.4501100575499462e-09,0
31,0.0,0.0,0.0,0.0,1.0,0,1,1.0,1.0,0.0,1,1,0,1,1,0,0,6,0.0,0.0,1062.6666259765625,1256.89990234375,0,5,1,2024-08-03,0.0,0.0,0.0,0.0,0
32,0.0,0.0,0.0,0.0,1.0,0,1,1.0,1.0,0.0,1,1,0,1,1,0,0,6,0.0,0.0,1175.1666259765625,1373.39990234375,0,5,1,2024-08-03,0.0,0.0,0.0,0.0,0
33,133.65500144958494,689.7000045776367,689.7000045776367,1379.4000091552734,1.0,0,1,1.0,1.0,1.0,1,1,1,1,1,6,0,0,0.0,0.0,1301.109103012085,1220.5448276519776,1,5,1,2024-08-03,68.97000045776367,68.97000045776367,137.94000091552735,0.12865497036724524,0
34,146.4700004577637,689.7000045776367,689.7000045776367,1379.4000091552734,1.0,0,1,1.0,1.0,1.0,1,1,1,1,1,4,0,2,0.0,0.0,1178.9363090515137,1143.4297798156738,1,5,1,2024-08-03,68.97000045776367,68.97000045776367,137.94000091552735,0.11988304189145975,0
35,222.11984296897236,667.9157193868118,661.2001795651826,1329.1158989519945,1.0,0,1,1.0,1.0,1.0,1,1,1,1,1,2,0,4,0.0,0.0,1216.2716984377223,1040.2800593747777,1,5,1,2024-08-03,66.79157193868119,66.12001795651825,132.91158989519946,0.1072643917786762,0
36,81.72000045776366,250.0,817.2000045776367,1067.2000045776367,1.0,0,1,1.0,1.0,1.0,1,1,1,1,1,6,0,0,0.0,0.0,838.5071098327637,1032.2799995422363,1,5,1,2024-08-03,25.0,81.72000045776367,106.72000045776367,0.16096666627502157,0
37,54.43566728969144,826.3666714986166,831.5000038146973,1657.8666753133139,0.0,6,0,0.0,1.0,1.0,0,0,1,0,1,6,0,0,0.2848495465850694,0.0,590.9764998092227,982.0643327103086,1,5,1,2024-08-03,82.63666714986167,83.15000038146974,165.7866675313314,0.4139190588257576,1
38,111.54000129699709,813.4000053405762,813.4000053405762,1626.8000106811523,0.0,6,0,0.0,1.0,1.0,0,0,1,0,1,6,0,0,0.3411086181762933,0.0,535.9422534942627,905.760047531128,1,5,1,2024-08-03,81.34000053405762,81.34000053405762,162.68000106811525,0.49999998850994803,1
39,790.7900058746338,708.9000053405762,0.0,708.9000053405762,0.6666666666666666,2,0,0.6666666666666666,1.0,1.0,0,1,1,0,1,6,0,0,0.0,0.0,1144.1733066558838,141.30996971130367,1,5,1,2024-08-03,70.89000053405762,0.0,70.89000053405762,0.4473684380079745,1
40,227.73314407336073,631.4986722310384,0.0,631.4986722310384,0.16666666666666666,5,0,0.16666666666666666,1.0,1.0,0,1,1,0,1,6,0,0,0.11902725354304508,0.0,556.3331196592983,649.3668315125767,1,5,1,2024-08-03,63.14986722310385,0.0,63.14986722310385,0.6081871371575738,1
41,576.3009366099064,621.990672047933,0.0,621.990672047933,1.0,0,1,1.0,1.0,1.0,1,1,1,1,1,0,6,0,0.0,0.0,852.7659329477971,226.59908780415606,1,5,1,2024-08-03,62.1990672047933,0.0,62.1990672047933,4.460768232260224e-08,0
42,79.30032700540058,583.3666714986166,588.5000038146973,1171.8666753133139,1.0,0,1,1.0,1.0,1.0,1,1,1,1,1,6,0,0,0.21584939193717123,0.0,457.4473301792287,723.5996974086619,1,5,1,2024-08-03,58.33666714986166,58.85000038146973,117.1866675313314,0.2561827950792469,0
43,51.98000030517579,519.8000030517578,519.8000030517578,1039.6000061035156,0.6666666666666666,2,0,0.0,1.0,1.0,0,0,1,0,1,2,0,4,0.3348616594687434,0.0,345.7389114379883,751.420085144043,1,5,1,2024-08-03,51.980000305175786,51.980000305175786,103.96000061035157,0.14766082148587784,1
44,53.81073212087761,440.0666669209798,444.10000228881836,884.1666692097981,0.0,6,0,0.0,1.0,1.0,0,0,1,0,1,6,0,0,0.15094977052629366,0.0,373.638704532987,741.2893045002162,1,5,1,2024-08-03,44.00666669209798,44.41000022888184,88.41666692097982,0.47588933102521597,1
45,-52.110002136230456,370.76666768391925,374.8000030517578,745.566670735677,0.0,6,0,0.0,0.0,1.0,0,0,1,0,0,4,2,0,0.6054309312897265,0.0,146.29305877685547,719.709977722168,1,5,1,2024-08-03,37.076666768391924,37.480000305175786,74.55666707356771,0.3039025735976821,1
46,-50.74000091552735,315.4000015258789,315.4000015258789,630.8000030517578,0.0,6,0,0.0,1.0,0.0,0,0,0,0,1,3,0,3,0.5346861664056086,0.0,146.7599838256836,718.3399765014649,1,5,1,2024-08-03,31.540000152587893,31.540000152587893,63.08000030517579,0.13742690764716334,1
47,64.7211436254023,344.50000381469727,310.8654002103277,655.365404025025,0.16666666666666666,5,0,0.0,0.3333333333333333,1.0,0,0,1,0,0,3,3,0,0.376523632707736,0.0,214.78761091055856,514.478868581629,1,5,1,2024-08-03,34.45000038146973,31.086540021032775,65.5365404025025,0.03535146936066778,1
0,0.0,0.0,0.0,0.0,1.0,0,1,1.0,1.0,1.0,1,1,1,1,1,0,0,6,0.0,0.0,231.5,281.29998779296875,0,5,2,2024-08-03,0.0,0.0,0.0,0.0,0
1,0.0,0.0,0.0,0.0,1.0,0,1,1.0,1.0,0.16666666666666666,1,1,0,1,1,0,0,6,0.0,0.0,231.5,281.29998779296875,0,5,2,2024-08-03,0.0,0.0,0.0,0.0,0
2,0.0,0.0,0.0,0.0,1.0,0,1,1.0,1.0,0.16666666666666666,1,1,0,1,1,0,0,6,0.0,0.0,220.5,270.29998779296875,0,5,2,2024-08-03,0.0,0.0,0.0,0.0,0
3,0.0,0.0,0.0,0.0,1.0,0,1,1.0,1.0,0.16666666666666666,1,1,0,1,1,0,0,6,0.0,0.0,201.3000030517578,251.09999084472656,0,5,2,2024-08-03,0.0,0.0,0.0,0.0,0
4,0.0,0.0,0.0,0.0,1.0,0,1,1.0,1.0,0.0,1,1,0,1,1,0,0,6,0.0,0.0,220.5,270.29998779296875,0,5,2,2024-08-03,0.0,0.0,0.0,0.0,0
5,0.0,0.0,0.0,0.0,1.0,0,1,1.0,1.0,0.0,1,1,0,1,1,0,0,6,0.0,0.0,220.5,270.29998779296875,0,5,2,2024-08-03,0.0,0.0,0.0,0.0,0
6,0.0,0.0,0.0,0.0,1.0,0,1,1.0,1.0,0.0,1,1,0,1,1,0,0,6,0.0,0.0,220.5,270.29998779296875,0,5,2,2024-08-03,0.0,0.0,0.0,0.0,0
7,0.0,0.0,0.0,0.0,1.0,0,1,1.0,1.0,0.3333333333333333,1,1,0,1,1,0,0,6,0.0,0.0,201.3000030517578,251.09999084472656,0,5,2,2024-08-03,0.0,0.0,0.0,0.0,0
8,0.0,0.0,0.0,0.0,1.0,0,1,1.0,1.0,1.0,1,1,1,1,1,0,0,6,0.0,0.0,201.3000030517578,251.09999084472656,0,5,2,2024-08-03,0.0,0.0,0.0,0.0,0
9,0.0,0.0,0.0,0.0,1.0,0,1,1.0,1.0,1.0,1,1,1,1,1,0,0,6,0.0,0.0,212.3000030517578,262.0999755859375,0,5,2,2024-08-03,0.0,0.0,0.0,0.0,0
10,0.0,0.0,0.0,0.0,1.0,0,1,1.0,1.0,1.0,1,1,1,1,1,0,0,6,0.0,0.0,212.3000030517578,262.0999755859375,0,5,2,2024-08-03,0.0,0.0,0.0,0.0,0
11,0.0,0.0,0.0,0.0,1.0,0,1,1.0,1.0,1.0,1,1,1,1,1,0,0,6,0.0,0.0,212.3000030517578,262.0999755859375,0,5,2,2024-08-03,0.0,0.0,0.0,0.0,0
12,0.0,0.0,0.0,0.0,1.0,0,1,1.0,1.0,0.5,1,1,0,1,1,0,0,6,0.0,0.0,239.8000030517578,289.5999755859375,0,5,2,2024-08-03,0.0,0.0,0.0,0.0,0
13,0.0,0.0,0.0,0.0,1.0,0,1,1.0,1.0,0.0,1,1,0,1,1,0,0,6,0.0,0.0,295.1999816894531,386.29998779296875,0,5,2,2024-08-03,0.0,0.0,0.0,0.0,0
14,0.0,0.0,0.0,0.0,1.0,0,1,1.0,1.0,0.0,1,1,0,1,1,0,0,6,0.0,0.0,305.3999938964844,433.0,0,5,2,2024-08-03,0.0,0.0,0.0,0.0,0
15,0.0,0.0,0.0,0.0,1.0,0,1,1.0,1.0,0.0,1,1,0,1,1,0,0,6,0.0,0.0,368.9000244140625,510.5,0,5,2,2024-08-03,0.0,0.0,0.0,0.0,0
16,0.0,0.0,0.0,0.0,1.0,0,1,1.0,1.0,0.0,1,1,0,1,1,0,0,6,0.0,0.0,377.9000244140625,538.0,0,5,2,2024-08-03,0.0,0.0,0.0,0.0,0
17,0.0,0.0,0.0,0.0,1.0,0,1,1.0,1.0,0.0,1,1,0,1,1,0,0,6,0.0,0.0,486.5,673.1000366210938,0,5,2,2024-08-03,0.0,0.0,0.0,0.0,0
18,0.0,0.0,0.0,0.0,1.0,0,1,1.0,1.0,0.0,1,1,0,1,1,0,0,6,0.0,0.0,616.579345703125,780.7000122070312,0,5,2,2024-08-03,0.0,0.0,0.0,0.0,0
19,-32.11000022888189,286.10000228881836,289.60000228881836,575.7000045776367,1.0,0,1,1.0,1.0,1.0,1,1,1,1,1,2,0,4,0.0,0.0,627.3417209625244,856.6421657562256,1,5,2,2024-08-03,28.610000228881837,28.96000022888184,57.570000457763676,0.11770110008835662,0
20,-290.28538423672273,0.0,355.60000228881836,355.60000228881836,1.0,0,1,1.0,1.0,1.0,1,1,1,1,1,0,6,0,0.0,0.0,313.57667631015227,1163.5930014242226,1,5,2,2024-08-03,0.0,35.56000022888184,35.56000022888184,4.039278899587721e-08,0
21,-99.44500198364253,0.0,369.3000030517578,369.3000030517578,1.0,0,1,1.0,1.0,1.0,1,1,1,1,1,0,6,0,0.0,0.0,487.19110641479494,985.1450141906738,1,5,2,2024-08-03,0.0,36.93000030517578,36.93000030517578,6.197720794210615e-09,0
22,43.1366633097336,489.7333386739095,492.9000053405762,982.6333440144856,1.0,0,1,1.0,1.0,1.0,1,1,1,1,1,6,0,0,0.0,0.0,646.9616144816086,869.5633488972976,1,5,2,2024-08-03,48.97333386739095,49.29000053405762,98.26333440144856,1.8116549722342246e-09,0
23,0.0,0.0,0.0,0.0,1.0,0,1,1.0,1.0,0.0,1,1,0,1,1,0,0,6,0.0,0.0,609.0538940429688,951.0999755859375,0,5,2,2024-08-03,0.0,0.0,0.0,0.0,0
24,-3.7428079223633195,605.0760040283203,634.2000045776367,1239.276008605957,1.0,0,1,1.0,1.0,1.0,1,1,1,1,1,0,0,6,0.0,0.0,647.0028585815429,1001.5428567504883,1,5,2,2024-08-03,60.50760040283203,63.42000045776368,123.9276008605957,4.617252075565009e-11,0
25,5.12615369628758,623.2000045776367,0.0,623.2000045776367,1.0,0,1,1.0,1.0,1.0,1,1,1,1,1,0,0,6,0.0,0.0,680.1378724462876,1061.8738463037125,1,5,2,2024-08-03,62.320000457763676,0.0,62.320000457763676,3.645729861504272e-10,0
26,46.339004799836175,0.0,700.7000045776367,700.7000045776367,1.0,0,1,1.0,1.0,1.0,1,1,1,1,1,0,0,6,0.0,0.0,703.1499178857737,1031.6609952001638,1,5,2,2024-08-03,0.0,70.07000045776367,70.07000045776367,4.0421665591849987e-10,0
27,58.2400005340574,686.8000049591064,692.4000053405762,1379.2000102996826,1.0,0,1,1.0,1.0,1.0,1,1,1,1,1,3,3,0,0.0,0.0,716.2782695770261,1038.9600727081302,1,5,2,2024-08-03,68.68000049591065,69.24000053405761,137.92000102996826,0.0815389176528164,0
28,346.37964976539064,719.9000053405762,0.0,719.9000053405762,1.0,0,1,1.0,1.0,1.0,1,1,1,1,1,6,0,0,0.0,0.0,1018.885081894297,759.0203746486718,1,5,2,2024-08-03,71.99000053405761,0.0,71.99000053405761,1.5409800744898207e-08,0
29,0.0,0.0,0.0,0.0,1.0,0,1,1.0,1.0,0.0,1,1,0,1,1,0,0,6,0.0,0.0,816.2430419921875,1081.933349609375,0,5,2,2024-08-03,0.0,0.0,0.0,0.0,0
30,241.57592976355616,828.2000045776367,0.0,828.2000045776367,1.0,0,1,1.0,1.0,1.0,1,1,1,1,1,6,0,0,0.0,0.0,1018.1907979276186,818.7241190645689,1,5,2,2024-08-03,82.82000045776368,0.0,82.82000045776368,2.4501100575499462e-09,0
31,0.0,0.0,0.0,0.0,1.0,0,1,1.0,1.0,0.0,1,1,0,1,1,0,0,6,0.0,0.0,770.84033203125,986.2000732421875,0,5,2,2024-08-03,0.0,0.0,0.0,0.0,0
32,0.0,0.0,0.0,0.0,1.0,0,1,1.0,1.0,0.0,1,1,0,1,1,0,0,6,0.0,0.0,722.86279296875,914.5833129882812,0,5,2,2024-08-03,0.0,0.0,0.0,0.0,0
33,133.65500144958494,689.7000045776367,689.7000045776367,1379.4000091552734,1.0,0,1,1.0,1.0,1.0,1,1,1,1,1,6,0,0,0.0,0.0,859.2427089691162,784.0449497222901,1,5,2,2024-08-03,68.97000045776367,68.97000045776367,137.94000091552735,0.12865497036724524,0
34,146.4700004577637,689.7000045776367,689.7000045776367,1379.4000091552734,1.0,0,1,1.0,1.0,1.0,1,1,1,1,1,4,0,2,0.0,0.0,745.8260795593262,824.52993850708,1,5,2,2024-08-03,68.97000045776367,68.97000045776367,137.94000091552735,0.11988304189145975,0
35,222.11984296897236,667.9157193868118,661.2001795651826,1329.1158989519945,1.0,0,1,1.0,1.0,1.0,1,1,1,1,1,2,0,4,0.0,0.0,811.0766911135036,740.5801692380589,1,5,2,2024-08-03,66.79157193868119,66.12001795651825,132.91158989519946,0.1072643917786762,0
36,81.72000045776366,250.0,817.2000045776367,1067.2000045776367,1.0,0,1,1.0,1.0,1.0,1,1,1,1,1,6,0,0,0.0,0.06377877747243711,464.7438346862793,765.079987335205,1,5,2,2024-08-03,25.0,81.72000045776367,106.72000045776367,0.16096666627502157,0
37,54.43566728969144,826.3666714986166,831.5000038146973,1657.8666753133139,0.0,6,0,0.0,1.0,1.0,0,0,1,0,1,6,0,0,0.5324024738520945,0.03720472880050531,386.40701128383205,800.5642716751523,1,5,2,2024-08-03,82.63666714986167,83.15000038146974,165.7866675313314,0.4139190588257576,1
38,111.54000129699709,813.4000053405762,813.4000053405762,1626.8000106811523,0.0,6,0,0.0,1.0,1.0,0,0,1,0,1,6,0,0,0.4640849650227108,0.0,435.9132923126221,834.6600719451905,1,5,2,2024-08-03,81.34000053405762,81.34000053405762,162.68000106811525,0.49999998850994803,1
39,790.7900058746338,708.9000053405762,0.0,708.9000053405762,1.0,0,1,1.0,1.0,1.0,1,1,1,1,1,6,0,0,0.0,0.0,1151.5633213043213,76.97494773864742,1,5,2,2024-08-03,70.89000053405762,0.0,70.89000053405762,0.4473684380079745,0
40,227.73314407336073,631.4986722310384,0.0,631.4986722310384,1.0,0,1,1.0,1.0,1.0,1,1,1,1,1,6,0,0,0.1551703870506355,0.0,533.5087788389858,616.6668803407017,1,5,2,2024-08-03,63.14986722310385,0.0,63.14986722310385,0.6081871371575738,0
41,576.3009366099064,621.990672047933,0.0,621.990672047933,1.0,0,1,1.0,1.0,1.0,1,1,1,1,1,0,6,0,0.0,0.0,870.6599148813908,187.8990755971248,1,5,2,2024-08-03,62.1990672047933,0.0,62.1990672047933,4.460768232260224e-08,0
42,79.30032700540058,583.3666714986166,588.5000038146973,1171.8666753133139,0.3333333333333333,4,0,0.3333333333333333,1.0,1.0,0,0,1,0,1,6,0,0,0.4427037365229665,0.12659361519832255,325.10806626321306,513.9996607875681,1,5,2,2024-08-03,58.33666714986166,58.85000038146973,117.1866675313314,0.2561827950792469,1
43,51.98000030517579,519.8000030517578,519.8000030517578,1039.6000061035156,0.6666666666666666,2,0,0.0,1.0,1.0,0,0,1,0,1,2,0,4,0.5090379468586107,0.03882267728456848,255.20207672119142,499.6199752807617,1,5,2,2024-08-03,51.980000305175786,51.980000305175786,103.96000061035157,0.14766082148587784,1
44,53.81073212087761,440.0666669209798,444.10000228881836,884.1666692097981,0.0,6,0,0.0,1.0,1.0,0,0,1,0,1,6,0,0,0.39073745653154046,0.0,268.11613678396355,497.7892434650599,1,5,2,2024-08-03,44.00666669209798,44.41000022888184,88.41666692097982,0.47588933102521597,1
45,-52.110002136230456,370.76666768391925,374.8000030517578,745.566670735677,0.0,6,0,0.0,0.0,1.0,0,0,1,0,0,4,2,0,0.7036141394526559,0.0,109.88999786376954,523.5099960327149,1,5,2,2024-08-03,37.076666768391924,37.480000305175786,74.55666707356771,0.3039025735976821,1
46,-50.74000091552735,315.4000015258789,315.4000015258789,630.8000030517578,0.0,6,0,0.0,1.0,0.0,0,0,0,0,1,3,0,3,0.7756623573488884,0.0,70.75609283447265,494.6399948120117,1,5,2,2024-08-03,31.540000152587893,31.540000152587893,63.08000030517579,0.13742690764716334,1
47,64.7211436254023,344.50000381469727,310.8654002103277,655.365404025025,0.5,3,0,0.0,1.0,1.0,0,0,1,0,1,3,3,0,0.44659145979607034,0.0,190.6492442113398,359.97886858162894,1,5,2,2024-08-03,34.45000038146973,31.086540021032775,65.5365404025025,0.03535146936066778,1
0,0.0,0.0,0.0,0.0,1.0,0,1,1.0,1.0,0.8333333333333334,1,1,0,1,1,0,0,6,0.0,0.0,264.20001220703125,264.20001220703125,0,6,0,2024-08-03,0.0,0.0,0.0,0.0,0
1,0.0,0.0,0.0,0.0,1.0,0,1,1.0,1.0,0.0,1,1,0,1,1,0,0,6,0.0,0.0,264.20001220703125,264.20001220703125,0,6,0,2024-08-03,0.0,0.0,0.0,0.0,0
2,0.0,0.0,0.0,0.0,1.0,0,1,1.0,1.0,0.0,1,1,0,1,1,0,0,6,0.0,0.0,288.3999938964844,288.3999938964844,0,6,0,2024-08-03,0.0,0.0,0.0,0.0,0
3,0.0,0.0,0.0,0.0,1.0,0,1,1.0,1.0,0.6666666666666666,1,1,0,1,1,0,0,6,0.0,0.0,269.20001220703125,269.20001220703125,0,6,0,2024-08-03,0.0,0.0,0.0,0.0,0
4,0.0,0.0,0.0,0.0,1.0,0,1,1.0,1.0,0.8333333333333334,1,1,0,1,1,0,0,6,0.0,0.0,241.70001220703125,241.70001220703125,0,6,0,2024-08-03,0.0,0.0,0.0,0.0,0
5,0.0,0.0,0.0,0.0,1.0,0,1,1.0,1.0,1.0,1,1,1,1,1,0,0,6,0.0,0.0,241.70001220703125,241.70001220703125,0,6,0,2024-08-03,0.0,0.0,0.0,0.0,0
6,0.0,0.0,0.0,0.0,1.0,0,1,1.0,1.0,1.0,1,1,1,1,1,0,0,6,0.0,0.0,241.70001220703125,241.70001220703125,0,6,0,2024-08-03,0.0,0.0,0.0,0.0,0
7,0.0,0.0,0.0,0.0,1.0,0,1,1.0,1.0,0.3333333333333333,1,1,0,1,1,0,0,6,0.0,0.0,241.70001220703125,241.70001220703125,0,6,0,2024-08-03,0.0,0.0,0.0,0.0,0
8,0.0,0.0,0.0,0.0,1.0,0,1,1.0,1.0,0.0,1,1,0,1,1,0,0,6,0.0,0.0,241.70001220703125,241.70001220703125,0,6,0,2024-08-03,0.0,0.0,0.0,0.0,0
9,0.0,0.0,0.0,0.0,1.0,0,1,1.0,1.0,1.0,1,1,1,1,1,0,0,6,0.0,0.0,222.5,222.5,0,6,0,2024-08-03,0.0,0.0,0.0,0.0,0
10,0.0,0.0,0.0,0.0,1.0,0,1,1.0,1.0,1.0,1,1,1,1,1,0,0,6,0.0,0.0,222.5,222.5,0,6,0,2024-08-03,0.0,0.0,0.0,0.0,0
11,0.0,0.0,0.0,0.0,1.0,0,1,1.0,1.0,1.0,1,1,1,1,1,0,0,6,0.0,0.0,233.5,233.5,0,6,0,2024-08-03,0.0,0.0,0.0,0.0,0
12,0.0,0.0,0.0,0.0,1.0,0,1,1.0,1.0,0.5,1,1,0,1,1,0,0,6,0.0,0.0,283.5,283.5,0,6,0,2024-08-03,0.0,0.0,0.0,0.0,0
13,0.0,0.0,0.0,0.0,1.0,0,1,1.0,1.0,0.16666666666666666,1,1,0,1,1,0,0,6,0.0,0.0,356.8999938964844,383.5,0,6,0,2024-08-03,0.0,0.0,0.0,0.0,0
14,0.0,0.0,0.0,0.0,1.0,0,1,1.0,1.0,0.0,1,1,0,1,1,0,0,6,0.0,0.0,408.79998779296875,469.1999816894531,0,6,0,2024-08-03,0.0,0.0,0.0,0.0,0
15,0.0,0.0,0.0,0.0,1.0,0,1,1.0,1.0,0.0,1,1,0,1,1,0,0,6,0.0,0.0,447.29998779296875,507.6999816894531,0,6,0,2024-08-03,0.0,0.0,0.0,0.0,0
16,0.0,0.0,0.0,0.0,1.0,0,1,1.0,1.0,0.0,1,1,0,1,1,0,0,6,0.0,0.0,522.9000244140625,646.1000366210938,0,6,0,2024-08-03,0.0,0.0,0.0,0.0,0
17,0.0,0.0,0.0,0.0,1.0,0,1,1.0,1.0,0.0,1,1,0,1,1,0,0,6,0.0,0.0,550.2999877929688,673.5000610351562,0,6,0,2024-08-03,0.0,0.0,0.0,0.0,0
18,0.0,0.0,0.0,0.0,1.0,0,1,1.0,1.0,0.0,1,1,0,1,1,0,0,6,0.0,0.0,712.5,899.3999633789062,0,6,0,2024-08-03,0.0,0.0,0.0,0.0,0
19,-32.11000022888189,286.10000228881836,289.60000228881836,575.7000045776367,1.0,0,1,1.0,1.0,1.0,1,1,1,1,1,1,0,5,0.0,0.0,643.0779880523681,946.4100490570069,1,6,0,2024-08-03,28.610000228881837,28.96000022888184,57.570000457763676,0.020079201030692186,0
20,-290.28538423672273,0.0,355.60000228881836,355.60000228881836,1.0,0,1,1.0,1.0,1.0,1,1,1,1,1,0,6,0,0.0,0.0,294.4116982828085,1196.3854208578164,1,6,0,2024-08-03,0.0,35.56000022888184,35.56000022888184,4.039278899587721e-08,0
21,-99.44500198364253,0.0,369.3000030517578,369.3000030517578,1.0,0,1,1.0,1.0,1.0,1,1,1,1,1,0,6,0,0.0,0.0,455.58746871948244,1048.9450630187987,1,6,0,2024-08-03,0.0,36.93000030517578,36.93000030517578,6.197720794210615e-09,0
22,43.1366633097336,489.7333386739095,492.9000053405762,982.6333440144856,1.0,0,1,1.0,1.0,1.0,1,1,1,1,1,6,0,0,0.0,0.0,581.7913263956711,953.0632878621414,1,6,0,2024-08-03,48.97333386739095,49.29000053405762,98.26333440144856,0.020136918087440156,0
23,0.0,0.0,0.0,0.0,1.0,0,1,1.0,1.0,0.0,1,1,0,1,1,0,0,6,0.0,0.0,625.658447265625,1081.4000244140625,0,6,0,2024-08-03,0.0,0.0,0.0,0.0,0
24,-3.7428079223633195,605.0760040283203,634.2000045776367,1239.276008605957,1.0,0,1,1.0,1.0,1.0,1,1,1,1,1,2,0,4,0.0,0.0,651.8539938354492,1112.1428323364257,1,6,0,2024-08-03,60.50760040283203,63.42000045776368,123.9276008605957,0.05260601523296111,0
25,5.12615369628758,623.2000045776367,0.0,623.2000045776367,0.8333333333333334,1,0,0.0,1.0,1.0,0,1,1,0,1,1,0,5,0.027985967823765705,0.0,605.7591493017563,1103.273870717775,1,6,0,2024-08-03,62.320000457763676,0.0,62.320000457763676,0.10774410628599146,1
26,46.339004799836175,0.0,700.7000045776367,700.7000045776367,0.8333333333333334,1,0,1.0,1.0,0.8333333333333334,1,0,0,1,1,0,0,6,0.0,0.0,371.50389127444555,946.1609952001638,1,6,0,2024-08-03,0.0,70.07000045776367,70.07000045776367,4.0421665591849987e-10,1
27,58.2400005340574,686.8000049591064,692.4000053405762,1379.2000102996826,1.0,0,1,1.0,1.0,1.0,1,1,1,1,1,0,6,0,0.5218223762936054,0.0,328.4123943328855,934.2599994659427,1,6,0,2024-08-03,68.68000049591065,69.24000053405761,137.92000102996826,8.297631867359297e-10,0
28,346.37964976539064,719.9000053405762,0.0,719.9000053405762,1.0,0,1,1.0,1.0,1.0,1,1,1,1,1,6,0,0,0.18369464492601217,0.0,587.6582294773048,657.5203746486718,1,6,0,2024-08-03,71.99000053405761,0.0,71.99000053405761,1.5409800744898207e-08,0
29,0.0,0.0,0.0,0.0,1.0,0,1,1.0,1.0,0.0,1,1,0,1,1,0,0,6,0.0,0.0,452.6349792480469,1047.9000244140625,0,6,0,2024-08-03,0.0,0.0,0.0,0.0,0
30,241.57592976355616,828.2000045776367,0.0,828.2000045776367,1.0,0,1,1.0,1.0,1.0,1,1,1,1,1,6,0,0,0.15203729414239808,0.0,702.2827168729311,833.8240946505064,1,6,0,2024-08-03,82.82000045776368,0.0,82.82000045776368,2.4501100575499462e-09,0
31,0.0,0.0,0.0,0.0,1.0,0,1,1.0,1.0,0.0,1,1,0,1,1,0,0,6,0.0,0.0,627.3201293945312,1136.9000244140625,0,6,0,2024-08-03,0.0,0.0,0.0,0.0,0
32,0.0,0.0,0.0,0.0,1.0,0,1,1.0,1.0,0.0,1,1,0,1,1,0,0,6,0.0,0.0,669.52001953125,1148.4000244140625,0,6,0,2024-08-03,0.0,0.0,0.0,0.0,0
33,133.65500144958494,689.7000045776367,689.7000045776367,1379.4000091552734,0.5,3,0,0.5,1.0,1.0,0,0,1,0,1,6,0,0,0.24806466365913443,0.0,518.6098049163818,906.5449497222901,1,6,0,2024-08-03,68.97000045776367,68.97000045776367,137.94000091552735,0.3249158244493255,1
34,146.4700004577637,689.7000045776367,689.7000045776367,1379.4000091552734,0.8333333333333334,1,0,0.0,1.0,1.0,0,0,1,0,1,1,0,5,0.3073064687718773,0.0,477.7507316589356,843.7300117492675,1,6,0,2024-08-03,68.97000045776367,68.97000045776367,137.94000091552735,0.05050505053857141,1
35,222.11984296897236,667.9157193868118,661.2001795651826,1329.1158989519945,1.0,0,1,1.0,1.0,1.0,1,1,1,1,1,0,0,6,0.20878490887633278,0.0,528.4649967775661,709.8801570310277,1,6,0,2024-08-03,66.79157193868119,66.12001795651825,132.91158989519946,3.308029715485766e-10,0
36,81.72000045776366,250.0,817.2000045776367,1067.2000045776367,1.0,0,1,1.0,1.0,1.0,1,1,1,1,1,1,0,5,0.0,0.0,478.13015670776366,885.9800117492675,1,6,0,2024-08-03,25.0,81.72000045776367,106.72000045776367,0.0015774950324875707,0
37,54.43566728969144,826.3666714986166,831.5000038146973,1657.8666753133139,1.0,0,1,1.0,1.0,1.0,1,1,1,1,1,0,6,0,0.44187938051590636,0.0,461.2122786178164,894.0643327103086,1,6,0,2024-08-03,82.63666714986167,83.15000038146974,165.7866675313314,9.986454804368614e-10,0
38,111.54000129699709,813.4000053405762,813.4000053405762,1626.8000106811523,1.0,0,1,1.0,1.0,1.0,1,1,1,1,1,0,0,6,0.1995671988206836,0.0,651.0720447540283,839.6600109100342,1,6,0,2024-08-03,81.34000053405762,81.34000053405762,162.68000106811525,2.344908679327907e-10,0
39,790.7900058746338,708.9000053405762,0.0,708.9000053405762,1.0,0,1,1.0,1.0,1.0,1,1,1,1,1,6,0,0,0.0,0.0,1327.1991855621338,0.0,1,6,0,2024-08-03,70.89000053405762,0.0,70.89000053405762,3.9282395083575415e-08,0
40,227.73314407336073,631.4986722310384,0.0,631.4986722310384,1.0,0,1,1.0,1.0,1.0,1,1,1,1,1,6,0,0,0.0,0.0,987.794240264767,607.4669291688267,1,6,0,2024-08-03,63.14986722310385,0.0,63.14986722310385,7.973531881608935e-09,0
41,576.3009366099064,621.990672047933,0.0,621.990672047933,1.0,0,1,1.0,1.0,1.0,1,1,1,1,1,0,6,0,0.0,0.0,1383.703707606,265.81356534321856,1,6,0,2024-08-03,62.1990672047933,0.0,62.1990672047933,4.460768232260224e-08,0
42,79.30032700540058,583.3666714986166,588.5000038146973,1171.8666753133139,1.0,0,1,1.0,1.0,1.0,1,1,1,1,1,6,0,0,0.0,0.0,898.4123875522756,724.6305811977244,1,6,0,2024-08-03,58.33666714986166,58.85000038146973,117.1866675313314,3.0029631565297525e-09,0
43,51.98000030517579,519.8000030517578,519.8000030517578,1039.6000061035156,1.0,0,1,1.0,1.0,1.0,1,1,1,1,1,0,0,6,0.0,0.0,774.3800247192382,650.2922775268555,1,6,0,2024-08-03,51.980000305175786,51.980000305175786,103.96000061035157,7.338778953582614e-10,0
44,53.81073212087761,440.0666669209798,444.10000228881836,884.1666692097981,1.0,0,1,1.0,1.0,1.0,1,1,1,1,1,0,6,0,0.0,0.0,757.0107443279088,624.5045144611537,1,6,0,2024-08-03,44.00666669209798,44.41000022888184,88.41666692097982,0.13867687766713885,0
45,-52.110002136230456,370.76666768391925,374.8000030517578,745.566670735677,1.0,0,1,1.0,1.0,1.0,1,1,1,1,1,0,6,0,0.0,0.0,651.0900100708008,726.0294357299805,1,6,0,2024-08-03,37.076666768391924,37.480000305175786,74.55666707356771,0.21326873304065458,0
46,-50.74000091552735,315.4000015258789,315.4000015258789,630.8000030517578,1.0,0,1,1.0,1.0,1.0,1,1,1,1,1,0,4,2,0.0,0.0,574.9600112915039,644.6401473999024,1,6,0,2024-08-03,31.540000152587893,31.540000152587893,63.08000030517579,0.28282829152675915,0
47,64.7211436254023,344.50000381469727,310.8654002103277,655.365404025025,1.0,0,1,1.0,1.0,1.0,1,1,1,1,1,0,6,0,0.0,0.0,690.4211558324336,514.4777089136602,1,6,0,2024-08-03,34.45000038146973,31.086540021032775,65.5365404025025,0.24116226057003654,0
0,0.0,0.0,0.0,0.0,1.0,0,1,1.0,1.0,0.5,1,1,0,1,1,0,0,6,0.0,0.0,118.09999084472656,118.09999084472656,0,6,1,2024-08-03,0.0,0.0,0.0,0.0,0
1,0.0,0.0,0.0,0.0,1.0,0,1,1.0,1.0,0.0,1,1,0,1,1,0,0,6,0.0,0.0,118.09999084472656,118.09999084472656,0,6,1,2024-08-03,0.0,0.0,0.0,0.0,0
2,0.0,0.0,0.0,0.0,1.0,0,1,1.0,1.0,0.0,1,1,0,1,1,0,0,6,0.0,0.0,137.29998779296875,137.29998779296875,0,6,1,2024-08-03,0.0,0.0,0.0,0.0,0
3,0.0,0.0,0.0,0.0,1.0,0,1,1.0,1.0,0.0,1,1,0,1,1,0,0,6,0.0,0.0,142.79998779296875,142.79998779296875,0,6,1,2024-08-03,0.0,0.0,0.0,0.0,0
4,0.0,0.0,0.0,0.0,1.0,0,1,1.0,1.0,0.0,1,1,0,1,1,0,0,6,0.0,0.0,142.79998779296875,142.79998779296875,0,6,1,2024-08-03,0.0,0.0,0.0,0.0,0
5,0.0,0.0,0.0,0.0,1.0,0,1,1.0,1.0,0.3333333333333333,1,1,0,1,1,0,0,6,0.0,0.0,123.59999084472656,123.59999084472656,0,6,1,2024-08-03,0.0,0.0,0.0,0.0,0
6,0.0,0.0,0.0,0.0,1.0,0,1,1.0,1.0,1.0,1,1,1,1,1,0,0,6,0.0,0.0,123.59999084472656,123.59999084472656,0,6,1,2024-08-03,0.0,0.0,0.0,0.0,0
7,0.0,0.0,0.0,0.0,1.0,0,1,1.0,1.0,1.0,1,1,1,1,1,0,0,6,0.0,0.0,123.59999084472656,123.59999084472656,0,6,1,2024-08-03,0.0,0.0,0.0,0.0,0
8,0.0,0.0,0.0,0.0,1.0,0,1,1.0,1.0,0.6666666666666666,1,1,0,1,1,0,0,6,0.0,0.0,104.39999389648438,104.39999389648438,0,6,1,2024-08-03,0.0,0.0,0.0,0.0,0
9,0.0,0.0,0.0,0.0,1.0,0,1,1.0,1.0,0.3333333333333333,1,1,0,1,1,0,0,6,0.0,0.0,76.9000015258789,76.9000015258789,0,6,1,2024-08-03,0.0,0.0,0.0,0.0,0
10,0.0,0.0,0.0,0.0,1.0,0,1,1.0,1.0,1.0,1,1,1,1,1,0,0,6,0.0,0.0,76.9000015258789,76.9000015258789,0,6,1,2024-08-03,0.0,0.0,0.0,0.0,0
11,0.0,0.0,0.0,0.0,1.0,0,1,1.0,1.0,1.0,1,1,1,1,1,0,0,6,0.0,0.0,76.9000015258789,76.9000015258789,0,6,1,2024-08-03,0.0,0.0,0.0,0.0,0
12,0.0,0.0,0.0,0.0,1.0,0,1,1.0,1.0,0.6666666666666666,1,1,0,1,1,0,0,6,0.0,0.0,96.10000610351562,96.10000610351562,0,6,1,2024-08-03,0.0,0.0,0.0,0.0,0
13,0.0,0.0,0.0,0.0,1.0,0,1,1.0,1.0,0.0,1,1,0,1,1,0,0,6,0.0,0.0,170.3000030517578,170.3000030517578,0,6,1,2024-08-03,0.0,0.0,0.0,0.0,0
14,0.0,0.0,0.0,0.0,1.0,0,1,1.0,1.0,0.0,1,1,0,1,1,0,0,6,0.0,0.0,299.5,299.5,0,6,1,2024-08-03,0.0,0.0,0.0,0.0,0
15,0.0,0.0,0.0,0.0,1.0,0,1,1.0,1.0,0.0,1,1,0,1,1,0,0,6,0.0,0.0,289.6000061035156,299.5,0,6,1,2024-08-03,0.0,0.0,0.0,0.0,0
16,0.0,0.0,0.0,0.0,1.0,0,1,1.0,1.0,0.16666666666666666,1,1,0,1,1,0,0,6,0.0,0.0,308.8000183105469,337.8999938964844,0,6,1,2024-08-03,0.0,0.0,0.0,0.0,0
17,0.0,0.0,0.0,0.0,1.0,0,1,1.0,1.0,0.3333333333333333,1,1,0,1,1,0,0,6,0.0,0.0,494.0,523.1000366210938,0,6,1,2024-08-03,0.0,0.0,0.0,0.0,0
18,0.0,0.0,0.0,0.0,1.0,0,1,1.0,1.0,0.0,1,1,0,1,1,0,0,6,0.0,0.0,519.3999633789062,553.300048828125,0,6,1,2024-08-03,0.0,0.0,0.0,0.0,0
19,-32.11000022888189,286.10000228881836,289.60000228881836,575.7000045776367,1.0,0,1,1.0,1.0,1.0,1,1,1,1,1,1,0,5,0.0,0.0,555.9899753570556,654.1100002288819,1,6,1,2024-08-03,28.610000228881837,28.96000022888184,57.570000457763676,0.020079201030692186,0
20,-290.28538423672273,0.0,355.60000228881836,355.60000228881836,1.0,0,1,1.0,1.0,1.0,1,1,1,1,1,0,6,0,0.0,0.0,235.82429593905852,925.985396443754,1,6,1,2024-08-03,0.0,35.56000022888184,35.56000022888184,4.039278899587721e-08,0
21,-99.44500198364253,0.0,369.3000030517578,369.3000030517578,1.0,0,1,1.0,1.0,1.0,1,1,1,1,1,0,6,0,0.0,0.0,349.46600875854494,774.1449531555176,1,6,1,2024-08-03,0.0,36.93000030517578,36.93000030517578,6.197720794210615e-09,0
22,43.1366633097336,489.7333386739095,492.9000053405762,982.6333440144856,1.0,0,1,1.0,1.0,1.0,1,1,1,1,1,6,0,0,0.0,0.0,510.3255060831711,662.3633366902664,1,6,1,2024-08-03,48.97333386739095,49.29000053405762,98.26333440144856,0.020136918087440156,0
23,0.0,0.0,0.0,0.0,1.0,0,1,1.0,1.0,0.0,1,1,0,1,1,0,0,6,0.0,0.0,504.3104248046875,824.7999877929688,0,6,1,2024-08-03,0.0,0.0,0.0,0.0,0
24,-3.7428079223633195,605.0760040283203,634.2000045776367,1239.276008605957,1.0,0,1,1.0,1.0,1.0,1,1,1,1,1,2,0,4,0.17751982971010363,0.0,497.6630148315429,839.5427957153321,1,6,1,2024-08-03,60.50760040283203,63.42000045776368,123.9276008605957,0.05260601523296111,0
25,5.12615369628758,623.2000045776367,0.0,623.2000045776367,1.0,0,1,1.0,1.0,1.0,1,1,1,1,1,1,0,5,0.05214930806668773,0.0,590.7005555517563,946.1738951318374,1,6,1,2024-08-03,62.320000457763676,0.0,62.320000457763676,0.10774410628599146,0
26,46.339004799836175,0.0,700.7000045776367,700.7000045776367,1.0,0,1,1.0,1.0,1.0,1,1,1,1,1,0,0,6,0.0,0.0,680.6726839990549,970.8610684423513,1,6,1,2024-08-03,0.0,70.07000045776367,70.07000045776367,4.0421665591849987e-10,0
27,58.2400005340574,686.8000049591064,692.4000053405762,1379.2000102996826,1.0,0,1,1.0,1.0,1.0,1,1,1,1,1,0,6,0,0.0,0.0,717.2845561981198,969.9600727081302,1,6,1,2024-08-03,68.68000049591065,69.24000053405761,137.92000102996826,8.297631867359297e-10,0
28,346.37964976539064,719.9000053405762,0.0,719.9000053405762,1.0,0,1,1.0,1.0,1.0,1,1,1,1,1,6,0,0,0.0,0.0,1067.060619003672,742.2203258205468,1,6,1,2024-08-03,71.99000053405761,0.0,71.99000053405761,1.5409800744898207e-08,0
29,0.0,0.0,0.0,0.0,1.0,0,1,1.0,1.0,0.0,1,1,0,1,1,0,0,6,0.0,0.0,865.7213134765625,1146.89990234375,0,6,1,2024-08-03,0.0,0.0,0.0,0.0,0
30,241.57592976355616,828.2000045776367,0.0,828.2000045776367,1.0,0,1,1.0,1.0,1.0,1,1,1,1,1,6,0,0,0.0,0.0,1147.6992207791811,919.0240458223814,1,6,1,2024-08-03,82.82000045776368,0.0,82.82000045776368,2.4501100575499462e-09,0
31,0.0,0.0,0.0,0.0,1.0,0,1,1.0,1.0,0.0,1,1,0,1,1,0,0,6,0.0,0.0,965.494873046875,1179.7999267578125,0,6,1,2024-08-03,0.0,0.0,0.0,0.0,0
32,0.0,0.0,0.0,0.0,1.0,0,1,1.0,1.0,0.0,1,1,0,1,1,0,0,6,0.0,0.0,972.0401000976562,1137.9998779296875,0,6,1,2024-08-03,0.0,0.0,0.0,0.0,0
33,133.65500144958494,689.7000045776367,689.7000045776367,1379.4000091552734,0.3333333333333333,4,0,0.3333333333333333,1.0,1.0,0,0,1,0,1,6,0,0,0.0,0.0,953.1534755706787,909.2783481597901,1,6,1,2024-08-03,68.97000045776367,68.97000045776367,137.94000091552735,0.3249158244493255,1
34,146.4700004577637,689.7000045776367,689.7000045776367,1379.4000091552734,0.8333333333333334,1,0,0.0,1.0,1.0,0,0,1,0,1,1,0,5,0.0,0.0,826.7669975280762,794.8300483703613,1,6,1,2024-08-03,68.97000045776367,68.97000045776367,137.94000091552735,0.05050505053857141,1
35,222.11984296897236,667.9157193868118,661.2001795651826,1329.1158989519945,1.0,0,1,1.0,1.0,1.0,1,1,1,1,1,0,0,6,0.0,0.0,860.8473209963161,666.4801326169652,1,6,1,2024-08-03,66.79157193868119,66.12001795651825,132.91158989519946,3.308029715485766e-10,0
36,81.72000045776366,250.0,817.2000045776367,1067.2000045776367,1.0,0,1,1.0,1.0,1.0,1,1,1,1,1,1,0,5,0.0,0.08335775309066805,672.719817352295,749.0800483703613,1,6,1,2024-08-03,25.0,81.72000045776367,106.72000045776367,0.0015774950324875707,0
37,54.43566728969144,826.3666714986166,831.5000038146973,1657.8666753133139,1.0,0,1,1.0,1.0,1.0,1,1,1,1,1,0,6,0,0.15615781531724376,0.0001631055630084072,697.3230574264102,831.3643815384336,1,6,1,2024-08-03,82.63666714986167,83.15000038146974,165.7866675313314,9.986454804368614e-10,0
38,111.54000129699709,813.4000053405762,813.4000053405762,1626.8000106811523,1.0,0,1,1.0,1.0,1.0,1,1,1,1,1,0,0,6,0.11773056551395232,0.0717235918778389,717.6379627227783,755.0600353240967,1,6,1,2024-08-03,81.34000053405762,81.34000053405762,162.68000106811525,2.344908679327907e-10,0
39,790.7900058746338,708.9000053405762,0.0,708.9000053405762,1.0,0,1,1.0,1.0,1.0,1,1,1,1,1,6,0,0,0.0,0.0,1392.98440284729,9.810030746459915,1,6,1,2024-08-03,70.89000053405762,0.0,70.89000053405762,3.9282395083575415e-08,0
40,227.73314407336073,631.4986722310384,0.0,631.4986722310384,1.0,0,1,1.0,1.0,1.0,1,1,1,1,1,6,0,0,0.0,0.0,988.6606343077358,534.366892547733,1,6,1,2024-08-03,63.14986722310385,0.0,63.14986722310385,7.973531881608935e-09,0
41,576.3009366099064,621.990672047933,0.0,621.990672047933,1.0,0,1,1.0,1.0,1.0,1,1,1,1,1,0,6,0,0.0,0.0,1308.2009610239688,151.0837679799373,1,6,1,2024-08-03,62.1990672047933,0.0,62.1990672047933,4.460768232260224e-08,0
42,79.30032700540058,583.3666714986166,588.5000038146973,1171.8666753133139,1.0,0,1,1.0,1.0,1.0,1,1,1,1,1,6,0,0,0.0,0.0,751.4371678257131,599.9062769985056,1,6,1,2024-08-03,58.33666714986166,58.85000038146973,117.1866675313314,3.0029631565297525e-09,0
43,51.98000030517579,519.8000030517578,519.8000030517578,1039.6000061035156,1.0,0,1,1.0,1.0,1.0,1,1,1,1,1,0,0,6,0.0,0.0,708.237385559082,610.7266036987305,1,6,1,2024-08-03,51.980000305175786,51.980000305175786,103.96000061035157,7.338778953582614e-10,0
44,53.81073212087761,440.0666669209798,444.10000228881836,884.1666692097981,1.0,0,1,1.0,1.0,1.0,1,1,1,1,1,0,6,0,0.0,0.0,682.6831076091588,581.6345803791224,1,6,1,2024-08-03,44.00666669209798,44.41000022888184,88.41666692097982,0.13867687766713885,0
45,-52.110002136230456,370.76666768391925,374.8000030517578,745.566670735677,1.0,0,1,1.0,1.0,1.0,1,1,1,1,1,0,6,0,0.0,0.0,459.48997344970707,563.709977722168,1,6,1,2024-08-03,37.076666768391924,37.480000305175786,74.55666707356771,0.21326873304065458,0
46,-50.74000091552735,315.4000015258789,315.4000015258789,630.8000030517578,1.0,0,1,1.0,1.0,1.0,1,1,1,1,1,0,4,2,0.0,0.0,411.4600112915039,506.29334564208983,1,6,1,2024-08-03,31.540000152587893,31.540000152587893,63.08000030517579,0.28282829152675915,0
47,64.7211436254023,344.50000381469727,310.8654002103277,655.365404025025,1.0,0,1,1.0,1.0,1.0,1,1,1,1,1,0,6,0,0.0,0.0,476.92115583243356,332.65635881600394,1,6,1,2024-08-03,34.45000038146973,31.086540021032775,65.5365404025025,0.24116226057003654,0
0,0.0,0.0,0.0,0.0,1.0,0,1,1.0,1.0,1.0,1,1,1,1,1,0,0,6,0.0,0.0,157.0,178.5,0,6,2,2024-08-03,0.0,0.0,0.0,0.0,0
1,0.0,0.0,0.0,0.0,1.0,0,1,1.0,1.0,0.0,1,1,0,1,1,0,0,6,0.0,0.0,157.0,178.5,0,6,2,2024-08-03,0.0,0.0,0.0,0.0,0
2,0.0,0.0,0.0,0.0,1.0,0,1,1.0,1.0,0.0,1,1,0,1,1,0,0,6,0.0,0.0,157.0,178.5,0,6,2,2024-08-03,0.0,0.0,0.0,0.0,0
3,0.0,0.0,0.0,0.0,1.0,0,1,1.0,1.0,0.0,1,1,0,1,1,0,0,6,0.0,0.0,157.0,178.5,0,6,2,2024-08-03,0.0,0.0,0.0,0.0,0
4,0.0,0.0,0.0,0.0,1.0,0,1,1.0,1.0,0.0,1,1,0,1,1,0,0,6,0.0,0.0,168.0,189.5,0,6,2,2024-08-03,0.0,0.0,0.0,0.0,0
5,0.0,0.0,0.0,0.0,1.0,0,1,1.0,1.0,0.16666666666666666,1,1,0,1,1,0,0,6,0.0,0.0,137.8000030517578,159.3000030517578,0,6,2,2024-08-03,0.0,0.0,0.0,0.0,0
6,0.0,0.0,0.0,0.0,1.0,0,1,1.0,1.0,0.6666666666666666,1,1,0,1,1,0,0,6,0.0,0.0,118.60000610351562,140.10000610351562,0,6,2,2024-08-03,0.0,0.0,0.0,0.0,0
7,0.0,0.0,0.0,0.0,1.0,0,1,1.0,1.0,1.0,1,1,1,1,1,0,0,6,0.0,0.0,118.60000610351562,140.10000610351562,0,6,2,2024-08-03,0.0,0.0,0.0,0.0,0
8,0.0,0.0,0.0,0.0,1.0,0,1,1.0,1.0,1.0,1,1,1,1,1,0,0,6,0.0,0.0,118.60000610351562,140.10000610351562,0,6,2,2024-08-03,0.0,0.0,0.0,0.0,0
9,0.0,0.0,0.0,0.0,1.0,0,1,1.0,1.0,1.0,1,1,1,1,1,0,0,6,0.0,0.0,118.60000610351562,140.10000610351562,0,6,2,2024-08-03,0.0,0.0,0.0,0.0,0
10,0.0,0.0,0.0,0.0,1.0,0,1,1.0,1.0,1.0,1,1,1,1,1,0,0,6,0.0,0.0,118.60000610351562,140.10000610351562,0,6,2,2024-08-03,0.0,0.0,0.0,0.0,0
11,0.0,0.0,0.0,0.0,1.0,0,1,1.0,1.0,1.0,1,1,1,1,1,0,0,6,0.0,0.0,118.60000610351562,140.10000610351562,0,6,2,2024-08-03,0.0,0.0,0.0,0.0,0
12,0.0,0.0,0.0,0.0,1.0,0,1,1.0,1.0,0.5,1,1,0,1,1,0,0,6,0.0,0.0,147.59999084472656,201.09999084472656,0,6,2,2024-08-03,0.0,0.0,0.0,0.0,0
13,0.0,0.0,0.0,0.0,1.0,0,1,1.0,1.0,0.0,1,1,0,1,1,0,0,6,0.0,0.0,159.39999389648438,201.09999084472656,0,6,2,2024-08-03,0.0,0.0,0.0,0.0,0
14,0.0,0.0,0.0,0.0,1.0,0,1,1.0,1.0,0.0,1,1,0,1,1,0,0,6,0.0,0.0,235.09999084472656,267.0999755859375,0,6,2,2024-08-03,0.0,0.0,0.0,0.0,0
15,0.0,0.0,0.0,0.0,1.0,0,1,1.0,1.0,0.0,1,1,0,1,1,0,0,6,0.0,0.0,258.29998779296875,258.29998779296875,0,6,2,2024-08-03,0.0,0.0,0.0,0.0,0
16,0.0,0.0,0.0,0.0,1.0,0,1,1.0,1.0,0.0,1,1,0,1,1,0,0,6,0.0,0.0,269.29998779296875,269.29998779296875,0,6,2,2024-08-03,0.0,0.0,0.0,0.0,0
17,0.0,0.0,0.0,0.0,1.0,0,1,1.0,1.0,0.0,1,1,0,1,1,0,0,6,0.0,0.0,362.79998779296875,362.79998779296875,0,6,2,2024-08-03,0.0,0.0,0.0,0.0,0
18,0.0,0.0,0.0,0.0,1.0,0,1,1.0,1.0,0.0,1,1,0,1,1,0,0,6,0.0,0.0,469.9999694824219,469.9999694824219,0,6,2,2024-08-03,0.0,0.0,0.0,0.0,0
19,-32.11000022888189,286.10000228881836,289.60000228881836,575.7000045776367,1.0,0,1,1.0,1.0,1.0,1,1,1,1,1,1,0,5,0.0,0.0,615.2900241851806,679.5100246429444,1,6,2,2024-08-03,28.610000228881837,28.96000022888184,57.570000457763676,0.020079201030692186,0
20,-290.28538423672273,0.0,355.60000228881836,355.60000228881836,1.0,0,1,1.0,1.0,1.0,1,1,1,1,1,0,6,0,0.0,0.0,469.956742228121,1061.9853964437539,1,6,2,2024-08-03,0.0,35.56000022888184,35.56000022888184,4.039278899587721e-08,0
21,-99.44500198364253,0.0,369.3000030517578,369.3000030517578,1.0,0,1,1.0,1.0,1.0,1,1,1,1,1,0,6,0,0.0,0.0,642.8214164733887,937.6450141906738,1,6,2,2024-08-03,0.0,36.93000030517578,36.93000030517578,6.197720794210615e-09,0
22,43.1366633097336,489.7333386739095,492.9000053405762,982.6333440144856,1.0,0,1,1.0,1.0,1.0,1,1,1,1,1,6,0,0,0.0,0.0,790.9010065714524,822.5633488972976,1,6,2,2024-08-03,48.97333386739095,49.29000053405762,98.26333440144856,0.020136918087440156,0
23,0.0,0.0,0.0,0.0,1.0,0,1,1.0,1.0,0.0,1,1,0,1,1,0,0,6,0.0,0.0,876.4678344726562,1094.4000244140625,0,6,2,2024-08-03,0.0,0.0,0.0,0.0,0
24,-3.7428079223633195,605.0760040283203,634.2000045776367,1239.276008605957,1.0,0,1,1.0,1.0,1.0,1,1,1,1,1,2,0,4,0.0,0.0,740.0668234252929,1075.6428323364257,1,6,2,2024-08-03,60.50760040283203,63.42000045776368,123.9276008605957,0.05260601523296111,0
25,5.12615369628758,623.2000045776367,0.0,623.2000045776367,1.0,0,1,1.0,1.0,1.0,1,1,1,1,1,1,0,5,0.0,0.0,680.4988953955063,1089.3738463037125,1,6,2,2024-08-03,62.320000457763676,0.0,62.320000457763676,0.10774410628599146,0
26,46.339004799836175,0.0,700.7000045776367,700.7000045776367,1.0,0,1,1.0,1.0,1.0,1,1,1,1,1,0,0,6,0.0,0.0,677.5133822412424,1026.1609952001638,1,6,2,2024-08-03,0.0,70.07000045776367,70.07000045776367,4.0421665591849987e-10,0
27,58.2400005340574,686.8000049591064,692.4000053405762,1379.2000102996826,1.0,0,1,1.0,1.0,1.0,1,1,1,1,1,0,6,0,0.0,0.0,698.3076274871823,1022.4599506378177,1,6,2,2024-08-03,68.68000049591065,69.24000053405761,137.92000102996826,8.297631867359297e-10,0
28,346.37964976539064,719.9000053405762,0.0,719.9000053405762,1.0,0,1,1.0,1.0,1.0,1,1,1,1,1,6,0,0,0.0,0.0,1014.6366688083594,673.3203624416406,1,6,2,2024-08-03,71.99000053405761,0.0,71.99000053405761,1.5409800744898207e-08,0
29,0.0,0.0,0.0,0.0,1.0,0,1,1.0,1.0,0.0,1,1,0,1,1,0,0,6,0.0,0.0,697.7382202148438,1019.7000122070312,0,6,2,2024-08-03,0.0,0.0,0.0,0.0,0
30,241.57592976355616,828.2000045776367,0.0,828.2000045776367,1.0,0,1,1.0,1.0,1.0,1,1,1,1,1,6,0,0,0.0,0.0,1030.4386006619936,883.1241434786314,1,6,2,2024-08-03,82.82000045776368,0.0,82.82000045776368,2.4501100575499462e-09,0
31,0.0,0.0,0.0,0.0,1.0,0,1,1.0,1.0,0.0,1,1,0,1,1,0,0,6,0.0,0.0,945.5895385742188,1234.9000244140625,0,6,2,2024-08-03,0.0,0.0,0.0,0.0,0
32,0.0,0.0,0.0,0.0,1.0,0,1,1.0,1.0,0.0,1,1,0,1,1,0,0,6,0.0,0.0,1076.677490234375,1332.39990234375,0,6,2,2024-08-03,0.0,0.0,0.0,0.0,0
33,133.65500144958494,689.7000045776367,689.7000045776367,1379.4000091552734,1.0,0,1,1.0,1.0,1.0,1,1,1,1,1,6,0,0,0.0,0.0,920.6868618011474,1125.2989780426026,1,6,2,2024-08-03,68.97000045776367,68.97000045776367,137.94000091552735,0.3249158244493255,0
34,146.4700004577637,689.7000045776367,689.7000045776367,1379.4000091552734,1.0,0,1,1.0,1.0,1.0,1,1,1,1,1,1,0,5,0.0,0.0,812.9565727233887,1054.0299995422363,1,6,2,2024-08-03,68.97000045776367,68.97000045776367,137.94000091552735,0.05050505053857141,0
35,222.11984296897236,667.9157193868118,661.2001795651826,1329.1158989519945,1.0,0,1,1.0,1.0,1.0,1,1,1,1,1,0,0,6,0.0,0.0,887.0171208010036,967.3801570310277,1,6,2,2024-08-03,66.79157193868119,66.12001795651825,132.91158989519946,3.308029715485766e-10,0
36,81.72000045776366,250.0,817.2000045776367,1067.2000045776367,1.0,0,1,1.0,1.0,1.0,1,1,1,1,1,1,0,5,0.0,0.0,813.9945365905762,1176.9799507141113,1,6,2,2024-08-03,25.0,81.72000045776367,106.72000045776367,0.0015774950324875707,0
37,54.43566728969144,826.3666714986166,831.5000038146973,1657.8666753133139,1.0,0,1,1.0,1.0,1.0,1,1,1,1,1,0,6,0,0.12068420536245983,0.0,726.6372664107852,1189.864259468121,1,6,2,2024-08-03,82.63666714986167,83.15000038146974,165.7866675313314,9.986454804368614e-10,0
38,111.54000129699709,813.4000053405762,813.4000053405762,1626.8000106811523,1.0,0,1,1.0,1.0,1.0,1,1,1,1,1,0,0,6,0.2213475349062033,0.0,633.355919265747,1028.9599987030028,1,6,2,2024-08-03,81.34000053405762,81.34000053405762,162.68000106811525,2.344908679327907e-10,0
39,790.7900058746338,708.9000053405762,0.0,708.9000053405762,1.0,0,1,1.0,1.0,1.0,1,1,1,1,1,6,0,0,0.0,0.0,1332.8799716949463,214.50998191833492,1,6,2,2024-08-03,70.89000053405762,0.0,70.89000053405762,3.9282395083575415e-08,0
40,227.73314407336073,631.4986722310384,0.0,631.4986722310384,1.0,0,1,1.0,1.0,1.0,1,1,1,1,1,6,0,0,0.0,0.0,973.242238311642,678.9641215516392,1,6,2,2024-08-03,63.14986722310385,0.0,63.14986722310385,7.973531881608935e-09,0
41,576.3009366099064,621.990672047933,0.0,621.990672047933,1.0,0,1,1.0,1.0,1.0,1,1,1,1,1,0,6,0,0.0,0.0,1330.4215420786563,274.7991000111873,1,6,2,2024-08-03,62.1990672047933,0.0,62.1990672047933,4.460768232260224e-08,0
42,79.30032700540058,583.3666714986166,588.5000038146973,1171.8666753133139,1.0,0,1,1.0,1.0,1.0,1,1,1,1,1,6,0,0,0.0,0.0,891.9340550327444,728.2384303188181,1,6,2,2024-08-03,58.33666714986166,58.85000038146973,117.1866675313314,3.0029631565297525e-09,0
43,51.98000030517579,519.8000030517578,519.8000030517578,1039.6000061035156,1.0,0,1,1.0,1.0,1.0,1,1,1,1,1,0,0,6,0.0,0.0,776.0500686645507,666.8677780151368,1,6,2,2024-08-03,51.980000305175786,51.980000305175786,103.96000061035157,7.338778953582614e-10,0
44,53.81073212087761,440.0666669209798,444.10000228881836,884.1666692097981,1.0,0,1,1.0,1.0,1.0,1,1,1,1,1,0,6,0,0.0,0.0,778.5001852458776,660.6931741291224,1,6,2,2024-08-03,44.00666669209798,44.41000022888184,88.41666692097982,0.13867687766713885,0
45,-52.110002136230456,370.76666768391925,374.8000030517578,745.566670735677,1.0,0,1,1.0,1.0,1.0,1,1,1,1,1,0,6,0,0.0,0.0,624.4229568481445,708.510026550293,1,6,2,2024-08-03,37.076666768391924,37.480000305175786,74.55666707356771,0.21326873304065458,0
46,-50.74000091552735,315.4000015258789,315.4000015258789,630.8000030517578,1.0,0,1,1.0,1.0,1.0,1,1,1,1,1,0,4,2,0.0,0.0,626.2463882446289,707.1400253295899,1,6,2,2024-08-03,31.540000152587893,31.540000152587893,63.08000030517579,0.28282829152675915,0
47,64.7211436254023,344.50000381469727,310.8654002103277,655.365404025025,1.0,0,1,1.0,1.0,1.0,1,1,1,1,1,0,6,0,0.0,0.0,773.1467417699336,620.881212331629,1,6,2,2024-08-03,34.45000038146973,31.086540021032775,65.5365404025025,0.24116226057003654,0
0,0.0,0.0,0.0,0.0,1.0,0,1,1.0,1.0,1.0,1,1,1,1,1,0,0,6,0.0,0.0,318.5,339.5,0,7,0,2024-08-03,0.0,0.0,0.0,0.0,0
1,0.0,0.0,0.0,0.0,1.0,0,1,1.0,1.0,1.0,1,1,1,1,1,0,0,6,0.0,0.0,318.5,339.5,0,7,0,2024-08-03,0.0,0.0,0.0,0.0,0
2,0.0,0.0,0.0,0.0,1.0,0,1,1.0,1.0,0.8333333333333334,1,1,0,1,1,0,0,6,0.0,0.0,318.5,339.5,0,7,0,2024-08-03,0.0,0.0,0.0,0.0,0
3,0.0,0.0,0.0,0.0,1.0,0,1,1.0,1.0,0.8333333333333334,1,1,0,1,1,0,0,6,0.0,0.0,292.5,289.5,0,7,0,2024-08-03,0.0,0.0,0.0,0.0,0
4,0.0,0.0,0.0,0.0,1.0,0,1,1.0,1.0,0.16666666666666666,1,1,0,1,1,0,0,6,0.0,0.0,292.5,289.5,0,7,0,2024-08-03,0.0,0.0,0.0,0.0,0
5,0.0,0.0,0.0,0.0,1.0,0,1,1.0,1.0,0.0,1,1,0,1,1,0,0,6,0.0,0.0,265.0,262.0,0,7,0,2024-08-03,0.0,0.0,0.0,0.0,0
6,0.0,0.0,0.0,0.0,1.0,0,1,1.0,1.0,0.0,1,1,0,1,1,0,0,6,0.0,0.0,245.8000030517578,242.8000030517578,0,7,0,2024-08-03,0.0,0.0,0.0,0.0,0
7,0.0,0.0,0.0,0.0,1.0,0,1,1.0,1.0,0.8333333333333334,1,1,0,1,1,0,0,6,0.0,0.0,237.59999084472656,234.59999084472656,0,7,0,2024-08-03,0.0,0.0,0.0,0.0,0
8,0.0,0.0,0.0,0.0,1.0,0,1,1.0,1.0,1.0,1,1,1,1,1,0,0,6,0.0,0.0,237.59999084472656,234.59999084472656,0,7,0,2024-08-03,0.0,0.0,0.0,0.0,0
9,0.0,0.0,0.0,0.0,1.0,0,1,1.0,1.0,1.0,1,1,1,1,1,0,0,6,0.0,0.0,237.59999084472656,234.59999084472656,0,7,0,2024-08-03,0.0,0.0,0.0,0.0,0
10,0.0,0.0,0.0,0.0,1.0,0,1,1.0,1.0,1.0,1,1,1,1,1,0,0,6,0.0,0.0,237.59999084472656,234.59999084472656,0,7,0,2024-08-03,0.0,0.0,0.0,0.0,0
11,0.0,0.0,0.0,0.0,1.0,0,1,1.0,1.0,1.0,1,1,1,1,1,0,0,6,0.0,0.0,248.59999084472656,245.59999084472656,0,7,0,2024-08-03,0.0,0.0,0.0,0.0,0
12,0.0,0.0,0.0,0.0,1.0,0,1,1.0,1.0,1.0,1,1,1,1,1,0,0,6,0.0,0.0,248.59999084472656,245.59999084472656,0,7,0,2024-08-03,0.0,0.0,0.0,0.0,0
13,0.0,0.0,0.0,0.0,1.0,0,1,1.0,1.0,1.0,1,1,1,1,1,0,0,6,0.0,0.0,248.59999084472656,245.59999084472656,0,7,0,2024-08-03,0.0,0.0,0.0,0.0,0
14,0.0,0.0,0.0,0.0,1.0,0,1,1.0,1.0,0.5,1,1,0,1,1,0,0,6,0.0,0.0,259.5999755859375,256.5999755859375,0,7,0,2024-08-03,0.0,0.0,0.0,0.0,0
15,0.0,0.0,0.0,0.0,1.0,0,1,1.0,1.0,0.0,1,1,0,1,1,0,0,6,0.0,0.0,410.79998779296875,403.79998779296875,0,7,0,2024-08-03,0.0,0.0,0.0,0.0,0
16,0.0,0.0,0.0,0.0,1.0,0,1,1.0,1.0,0.0,1,1,0,1,1,0,0,6,0.0,0.0,465.79998779296875,458.79998779296875,0,7,0,2024-08-03,0.0,0.0,0.0,0.0,0
17,0.0,0.0,0.0,0.0,1.0,0,1,1.0,1.0,0.0,1,1,0,1,1,0,0,6,0.0,0.0,558.199951171875,574.7999877929688,0,7,0,2024-08-03,0.0,0.0,0.0,0.0,0
18,0.0,0.0,0.0,0.0,1.0,0,1,1.0,1.0,0.0,1,1,0,1,1,0,0,6,0.0,0.0,566.7233276367188,612.2999877929688,0,7,0,2024-08-03,0.0,0.0,0.0,0.0,0
19,-32.11000022888189,286.10000228881836,289.60000228881836,575.7000045776367,1.0,0,1,1.0,1.0,1.0,1,1,1,1,1,3,1,2,0.0,0.0,458.73155250549314,571.9099880218506,1,7,0,2024-08-03,28.610000228881837,28.96000022888184,57.570000457763676,0.1003039777637806,0
20,-290.28538423672273,0.0,355.60000228881836,355.60000228881836,1.0,0,1,1.0,1.0,1.0,1,1,1,1,1,0,6,0,0.0,0.0,176.54286283358977,860.2853842367227,1,7,0,2024-08-03,0.0,35.56000022888184,35.56000022888184,0.23333336335621047,0
21,-99.44500198364253,0.0,369.3000030517578,369.3000030517578,1.0,0,1,1.0,1.0,1.0,1,1,1,1,1,0,6,0,0.0,0.0,412.5705619812012,719.4450630187988,1,7,0,2024-08-03,0.0,36.93000030517578,36.93000030517578,6.197720794210615e-09,0
22,43.1366633097336,489.7333386739095,492.9000053405762,982.6333440144856,1.0,0,1,1.0,1.0,1.0,1,1,1,1,1,6,0,0,0.0,0.0,599.8315485636399,670.2633611043289,1,7,0,2024-08-03,48.97333386739095,49.29000053405762,98.26333440144856,1.8116549722342246e-09,0
23,0.0,0.0,0.0,0.0,1.0,0,1,1.0,1.0,0.0,1,1,0,1,1,0,0,6,0.0,0.0,566.7509765625,729.9000244140625,0,7,0,2024-08-03,0.0,0.0,0.0,0.0,0
24,-3.7428079223633195,605.0760040283203,634.2000045776367,1239.276008605957,1.0,0,1,1.0,1.0,1.0,1,1,1,1,1,0,6,0,0.06933211187569487,0.0,563.1248068237304,717.1428323364258,1,7,0,2024-08-03,60.50760040283203,63.42000045776368,123.9276008605957,0.17911263874333014,0
25,5.12615369628758,623.2000045776367,0.0,623.2000045776367,1.0,0,1,1.0,1.0,1.0,1,1,1,1,1,0,0,6,0.0,0.0,789.0908753759751,928.6738340966812,1,7,0,2024-08-03,62.320000457763676,0.0,62.320000457763676,3.645729861504272e-10,0
26,46.339004799836175,0.0,700.7000045776367,700.7000045776367,1.0,0,1,1.0,1.0,1.0,1,1,1,1,1,0,6,0,0.0,0.0,816.9787142724924,874.2610318212576,1,7,0,2024-08-03,0.0,70.07000045776367,70.07000045776367,0.09999999850695868,0
27,58.2400005340574,686.8000049591064,692.4000053405762,1379.2000102996826,1.0,0,1,1.0,1.0,1.0,1,1,1,1,1,0,6,0,0.0,0.0,830.5496929168698,851.3600360870364,1,7,0,2024-08-03,68.68000049591065,69.24000053405761,137.92000102996826,8.297631867359297e-10,0
28,346.37964976539064,719.9000053405762,0.0,719.9000053405762,1.0,0,1,1.0,1.0,1.0,1,1,1,1,1,6,0,0,0.0,0.0,1132.3513294528907,582.420338027578,1,7,0,2024-08-03,71.99000053405761,0.0,71.99000053405761,1.5409800744898207e-08,0
29,0.0,0.0,0.0,0.0,1.0,0,1,1.0,1.0,0.0,1,1,0,1,1,0,0,6,0.0,0.0,866.7809448242188,945.2999877929688,0,7,0,2024-08-03,0.0,0.0,0.0,0.0,0
30,241.57592976355616,828.2000045776367,0.0,828.2000045776367,1.0,0,1,1.0,1.0,1.0,1,1,1,1,1,6,0,0,0.0,0.0,1108.8406392362124,700.4241312716001,1,7,0,2024-08-03,82.82000045776368,0.0,82.82000045776368,2.4501100575499462e-09,0
31,0.0,0.0,0.0,0.0,1.0,0,1,1.0,1.0,0.0,1,1,0,1,1,0,0,6,0.0,0.0,852.098876953125,925.4000244140625,0,7,0,2024-08-03,0.0,0.0,0.0,0.0,0
32,0.0,0.0,0.0,0.0,1.0,0,1,1.0,1.0,0.0,1,1,0,1,1,0,0,6,0.0,0.0,849.3988647460938,925.4000244140625,0,7,0,2024-08-03,0.0,0.0,0.0,0.0,0
33,133.65500144958494,689.7000045776367,689.7000045776367,1379.4000091552734,1.0,0,1,1.0,1.0,1.0,1,1,1,1,1,6,0,0,0.0,0.0,1146.2149379730224,946.6450473785401,1,7,0,2024-08-03,68.97000045776367,68.97000045776367,137.94000091552735,1.935833007946494e-09,0
34,146.4700004577637,689.7000045776367,689.7000045776367,1379.4000091552734,1.0,0,1,1.0,1.0,1.0,1,1,1,1,1,0,0,6,0.0,0.0,1104.9031059265137,884.3300483703613,1,7,0,2024-08-03,68.97000045776367,68.97000045776367,137.94000091552735,5.530951362971126e-10,0
35,222.11984296897236,667.9157193868118,661.2001795651826,1329.1158989519945,1.0,0,1,1.0,1.0,1.0,1,1,1,1,1,4,1,1,0.0,0.0,986.6426701174098,789.3801570310277,1,7,0,2024-08-03,66.79157193868119,66.12001795651825,132.91158989519946,0.32241228028815827,0
36,81.72000045776366,250.0,817.2000045776367,1067.2000045776367,1.0,0,1,1.0,1.0,1.0,1,1,1,1,1,2,1,3,0.0,0.0,805.0057670593262,913.2799995422363,1,7,0,2024-08-03,25.0,81.72000045776367,106.72000045776367,0.06651986540171516,0
37,54.43566728969144,826.3666714986166,831.5000038146973,1657.8666753133139,1.0,0,1,1.0,1.0,1.0,1,1,1,1,1,0,6,0,0.041638643714478236,0.0,791.9578840865664,940.5643327103086,1,7,0,2024-08-03,82.63666714986167,83.15000038146974,165.7866675313314,0.06687309179179965,0
38,111.54000129699709,813.4000053405762,813.4000053405762,1626.8000106811523,1.0,0,1,1.0,1.0,1.0,1,1,1,1,1,0,3,3,0.0,0.0,892.883507156372,891.760047531128,1,7,0,2024-08-03,81.34000053405762,81.34000053405762,162.68000106811525,0.08333333137924287,0
39,790.7900058746338,708.9000053405762,0.0,708.9000053405762,1.0,0,1,1.0,1.0,1.0,1,1,1,1,1,6,0,0,0.0,0.0,1592.8711826324463,212.51004295349117,1,7,0,2024-08-03,70.89000053405762,0.0,70.89000053405762,3.9282395083575415e-08,0
40,227.73314407336073,631.4986722310384,0.0,631.4986722310384,1.0,0,1,1.0,1.0,1.0,1,1,1,1,1,6,0,0,0.0,0.0,1207.511769561642,808.8669535828892,1,7,0,2024-08-03,63.14986722310385,0.0,63.14986722310385,7.973531881608935e-09,0
41,576.3009366099064,621.990672047933,0.0,621.990672047933,1.0,0,1,1.0,1.0,1.0,1,1,1,1,1,0,6,0,0.0,0.0,1497.9353360239688,370.6108675893123,1,7,0,2024-08-03,62.1990672047933,0.0,62.1990672047933,4.460768232260224e-08,0
42,79.30032700540058,583.3666714986166,588.5000038146973,1171.8666753133139,1.0,0,1,1.0,1.0,1.0,1,1,1,1,1,1,5,0,0.0,0.0,916.0996434116506,755.5243800258494,1,7,0,2024-08-03,58.33666714986166,58.85000038146973,117.1866675313314,0.32642365362995673,0
43,51.98000030517579,519.8000030517578,519.8000030517578,1039.6000061035156,1.0,0,1,1.0,1.0,1.0,1,1,1,1,1,0,0,6,0.0,0.0,927.9680374145507,780.1299240112305,1,7,0,2024-08-03,51.980000305175786,51.980000305175786,103.96000061035157,7.338778953582614e-10,0
44,53.81073212087761,440.0666669209798,444.10000228881836,884.1666692097981,1.0,0,1,1.0,1.0,1.0,1,1,1,1,1,3,3,0,0.0,0.0,792.4107077068151,655.5229470783412,1,7,0,2024-08-03,44.00666669209798,44.41000022888184,88.41666692097982,0.11617247955243895,0
45,-52.110002136230456,370.76666768391925,374.8000030517578,745.566670735677,1.0,0,1,1.0,1.0,1.0,1,1,1,1,1,0,6,0,0.0,0.0,658.989973449707,749.0169845581055,1,7,0,2024-08-03,37.076666768391924,37.480000305175786,74.55666707356771,2.0466028771841316e-09,0
46,-50.74000091552735,315.4000015258789,315.4000015258789,630.8000030517578,1.0,0,1,1.0,1.0,1.0,1,1,1,1,1,0,2,4,0.0,0.0,591.6600234985351,685.8944808959961,1,7,0,2024-08-03,31.540000152587893,31.540000152587893,63.08000030517579,0.08333333373649304,0
47,64.7211436254023,344.50000381469727,310.8654002103277,655.365404025025,1.0,0,1,1.0,1.0,1.0,1,1,1,1,1,0,6,0,0.0,0.0,618.6211680394648,460.14158830819144,1,7,0,2024-08-03,34.45000038146973,31.086540021032775,65.5365404025025,0.33203733706905747,0
0,0.0,0.0,0.0,0.0,1.0,0,1,1.0,1.0,1.0,1,1,1,1,1,0,0,6,0.0,0.0,251.69998168945312,269.6999816894531,0,7,1,2024-08-03,0.0,0.0,0.0,0.0,0
1,0.0,0.0,0.0,0.0,1.0,0,1,1.0,1.0,1.0,1,1,1,1,1,0,0,6,0.0,0.0,270.8999938964844,288.8999938964844,0,7,1,2024-08-03,0.0,0.0,0.0,0.0,0
2,0.0,0.0,0.0,0.0,1.0,0,1,1.0,1.0,1.0,1,1,1,1,1,0,0,6,0.0,0.0,270.8999938964844,288.8999938964844,0,7,1,2024-08-03,0.0,0.0,0.0,0.0,0
3,0.0,0.0,0.0,0.0,1.0,0,1,1.0,1.0,1.0,1,1,1,1,1,0,0,6,0.0,0.0,270.8999938964844,288.8999938964844,0,7,1,2024-08-03,0.0,0.0,0.0,0.0,0
4,0.0,0.0,0.0,0.0,1.0,0,1,1.0,1.0,0.16666666666666666,1,1,0,1,1,0,0,6,0.0,0.0,270.8999938964844,288.8999938964844,0,7,1,2024-08-03,0.0,0.0,0.0,0.0,0
5,0.0,0.0,0.0,0.0,1.0,0,1,1.0,1.0,0.16666666666666666,1,1,0,1,1,0,0,6,0.0,0.0,243.3999786376953,261.3999938964844,0,7,1,2024-08-03,0.0,0.0,0.0,0.0,0
6,0.0,0.0,0.0,0.0,1.0,0,1,1.0,1.0,1.0,1,1,1,1,1,0,0,6,0.0,0.0,243.3999786376953,261.3999938964844,0,7,1,2024-08-03,0.0,0.0,0.0,0.0,0
7,0.0,0.0,0.0,0.0,1.0,0,1,1.0,1.0,0.3333333333333333,1,1,0,1,1,0,0,6,0.0,0.0,270.8999938964844,288.8999938964844,0,7,1,2024-08-03,0.0,0.0,0.0,0.0,0
8,0.0,0.0,0.0,0.0,1.0,0,1,1.0,1.0,0.0,1,1,0,1,1,0,0,6,0.0,0.0,278.1000061035156,288.8999938964844,0,7,1,2024-08-03,0.0,0.0,0.0,0.0,0
9,0.0,0.0,0.0,0.0,1.0,0,1,1.0,1.0,0.0,1,1,0,1,1,0,0,6,0.0,0.0,278.1000061035156,288.8999938964844,0,7,1,2024-08-03,0.0,0.0,0.0,0.0,0
10,0.0,0.0,0.0,0.0,1.0,0,1,1.0,1.0,0.0,1,1,0,1,1,0,0,6,0.0,0.0,250.49998474121094,250.49998474121094,0,7,1,2024-08-03,0.0,0.0,0.0,0.0,0
11,0.0,0.0,0.0,0.0,1.0,0,1,1.0,1.0,0.0,1,1,0,1,1,0,0,6,0.0,0.0,195.49998474121094,195.49998474121094,0,7,1,2024-08-03,0.0,0.0,0.0,0.0,0
12,0.0,0.0,0.0,0.0,1.0,0,1,1.0,1.0,0.8333333333333334,1,1,0,1,1,0,0,6,0.0,0.0,167.99998474121094,167.99998474121094,0,7,1,2024-08-03,0.0,0.0,0.0,0.0,0
13,0.0,0.0,0.0,0.0,1.0,0,1,1.0,1.0,0.0,1,1,0,1,1,0,0,6,0.0,0.0,195.49998474121094,195.49998474121094,0,7,1,2024-08-03,0.0,0.0,0.0,0.0,0
14,0.0,0.0,0.0,0.0,1.0,0,1,1.0,1.0,0.0,1,1,0,1,1,0,0,6,0.0,0.0,278.5,278.5,0,7,1,2024-08-03,0.0,0.0,0.0,0.0,0
15,0.0,0.0,0.0,0.0,1.0,0,1,1.0,1.0,0.0,1,1,0,1,1,0,0,6,0.0,0.0,447.6999816894531,446.6999816894531,0,7,1,2024-08-03,0.0,0.0,0.0,0.0,0
16,0.0,0.0,0.0,0.0,1.0,0,1,1.0,1.0,0.0,1,1,0,1,1,0,0,6,0.0,0.0,469.6999816894531,468.6999816894531,0,7,1,2024-08-03,0.0,0.0,0.0,0.0,0
17,0.0,0.0,0.0,0.0,1.0,0,1,1.0,1.0,0.0,1,1,0,1,1,0,0,6,0.0,0.0,592.0,596.2000122070312,0,7,1,2024-08-03,0.0,0.0,0.0,0.0,0
18,0.0,0.0,0.0,0.0,1.0,0,1,1.0,1.0,0.0,1,1,0,1,1,0,0,6,0.0,0.0,652.4000244140625,664.2999877929688,0,7,1,2024-08-03,0.0,0.0,0.0,0.0,0
19,-32.11000022888189,286.10000228881836,289.60000228881836,575.7000045776367,1.0,0,1,1.0,1.0,1.0,1,1,1,1,1,3,1,2,0.0,0.0,658.6900485992431,734.8100734710694,1,7,1,2024-08-03,28.610000228881837,28.96000022888184,57.570000457763676,0.1003039777637806,0
20,-290.28538423672273,0.0,355.60000228881836,355.60000228881836,1.0,0,1,1.0,1.0,1.0,1,1,1,1,1,0,6,0,0.0,0.0,248.76210111483977,938.0854330648477,1,7,1,2024-08-03,0.0,35.56000022888184,35.56000022888184,0.23333336335621047,0
21,-99.44500198364253,0.0,369.3000030517578,369.3000030517578,1.0,0,1,1.0,1.0,1.0,1,1,1,1,1,0,6,0,0.0,0.0,410.8697563171387,736.2450508117676,1,7,1,2024-08-03,0.0,36.93000030517578,36.93000030517578,6.197720794210615e-09,0
22,43.1366633097336,489.7333386739095,492.9000053405762,982.6333440144856,1.0,0,1,1.0,1.0,1.0,1,1,1,1,1,6,0,0,0.0,0.0,591.0225275675461,640.3633366902664,1,7,1,2024-08-03,48.97333386739095,49.29000053405762,98.26333440144856,1.8116549722342246e-09,0
23,0.0,0.0,0.0,0.0,1.0,0,1,1.0,1.0,0.0,1,1,0,1,1,0,0,6,0.0,0.0,609.222412109375,752.2000732421875,0,7,1,2024-08-03,0.0,0.0,0.0,0.0,0
24,-3.7428079223633195,605.0760040283203,634.2000045776367,1239.276008605957,1.0,0,1,1.0,1.0,1.0,1,1,1,1,1,0,6,0,0.0,0.0,672.4755758666992,819.1428323364258,1,7,1,2024-08-03,60.50760040283203,63.42000045776368,123.9276008605957,0.17911263874333014,0
25,5.12615369628758,623.2000045776367,0.0,623.2000045776367,1.0,0,1,1.0,1.0,1.0,1,1,1,1,1,0,0,6,0.0,0.0,828.4793031103501,894.3739683740249,1,7,1,2024-08-03,62.320000457763676,0.0,62.320000457763676,3.645729861504272e-10,0
26,46.339004799836175,0.0,700.7000045776367,700.7000045776367,1.0,0,1,1.0,1.0,1.0,1,1,1,1,1,0,6,0,0.0,0.0,867.3999178857737,857.8160244970388,1,7,1,2024-08-03,0.0,70.07000045776367,70.07000045776367,0.09999999850695868,0
27,58.2400005340574,686.8000049591064,692.4000053405762,1379.2000102996826,1.0,0,1,1.0,1.0,1.0,1,1,1,1,1,0,6,0,0.0,0.0,851.0089214324948,828.1520893096927,1,7,1,2024-08-03,68.68000049591065,69.24000053405761,137.92000102996826,8.297631867359297e-10,0
28,346.37964976539064,719.9000053405762,0.0,719.9000053405762,1.0,0,1,1.0,1.0,1.0,1,1,1,1,1,6,0,0,0.0,0.0,1139.6231800388282,539.275318496328,1,7,1,2024-08-03,71.99000053405761,0.0,71.99000053405761,1.5409800744898207e-08,0
29,0.0,0.0,0.0,0.0,1.0,0,1,1.0,1.0,0.0,1,1,0,1,1,0,0,6,0.0,0.0,838.118896484375,885.33544921875,0,7,1,2024-08-03,0.0,0.0,0.0,0.0,0
30,241.57592976355616,828.2000045776367,0.0,828.2000045776367,1.0,0,1,1.0,1.0,1.0,1,1,1,1,1,6,0,0,0.0,0.0,1173.1947652127749,747.0490702364439,1,7,1,2024-08-03,82.82000045776368,0.0,82.82000045776368,2.4501100575499462e-09,0
31,0.0,0.0,0.0,0.0,1.0,0,1,1.0,1.0,0.0,1,1,0,1,1,0,0,6,0.0,0.0,946.5407104492188,960.7033081054688,0,7,1,2024-08-03,0.0,0.0,0.0,0.0,0
32,0.0,0.0,0.0,0.0,1.0,0,1,1.0,1.0,0.0,1,1,0,1,1,0,0,6,0.0,0.0,1015.7831420898438,1032.436767578125,0,7,1,2024-08-03,0.0,0.0,0.0,0.0,0
33,133.65500144958494,689.7000045776367,689.7000045776367,1379.4000091552734,1.0,0,1,1.0,1.0,1.0,1,1,1,1,1,6,0,0,0.0,0.0,1099.047579574585,840.6288730621338,1,7,1,2024-08-03,68.97000045776367,68.97000045776367,137.94000091552735,1.935833007946494e-09,0
34,146.4700004577637,689.7000045776367,689.7000045776367,1379.4000091552734,1.0,0,1,1.0,1.0,1.0,1,1,1,1,1,0,0,6,0.0,0.0,1150.4656059265137,857.8688667297363,1,7,1,2024-08-03,68.97000045776367,68.97000045776367,137.94000091552735,5.530951362971126e-10,0
35,222.11984296897236,667.9157193868118,661.2001795651826,1329.1158989519945,1.0,0,1,1.0,1.0,1.0,1,1,1,1,1,4,1,1,0.0,0.06793706279637218,998.8786320314723,616.2801814450902,1,7,1,2024-08-03,66.79157193868119,66.12001795651825,132.91158989519946,0.32241228028815827,0
36,81.72000045776366,250.0,817.2000045776367,1067.2000045776367,1.0,0,1,1.0,1.0,1.0,1,1,1,1,1,2,1,3,0.0,0.07405773407039713,810.5383598327637,756.6800239562988,1,7,1,2024-08-03,25.0,81.72000045776367,106.72000045776367,0.06651986540171516,0
37,54.43566728969144,826.3666714986166,831.5000038146973,1657.8666753133139,1.0,0,1,1.0,1.0,1.0,1,1,1,1,1,0,6,0,0.04773974655509956,0.05319990346310543,786.9161360396914,787.2642838821836,1,7,1,2024-08-03,82.63666714986167,83.15000038146974,165.7866675313314,0.06687309179179965,0
38,111.54000129699709,813.4000053405762,813.4000053405762,1626.8000106811523,1.0,0,1,1.0,1.0,1.0,1,1,1,1,1,0,3,3,0.0,0.0,950.175255203247,826.8600231170655,1,7,1,2024-08-03,81.34000053405762,81.34000053405762,162.68000106811525,0.08333333137924287,0
39,790.7900058746338,708.9000053405762,0.0,708.9000053405762,1.0,0,1,1.0,1.0,1.0,1,1,1,1,1,6,0,0,0.0,0.0,1579.7425205230713,38.358797836303665,1,7,1,2024-08-03,70.89000053405762,0.0,70.89000053405762,3.9282395083575415e-08,0
40,227.73314407336073,631.4986722310384,0.0,631.4986722310384,1.0,0,1,1.0,1.0,1.0,1,1,1,1,1,6,0,0,0.0,0.0,966.2947895811733,549.855662078983,1,7,1,2024-08-03,63.14986722310385,0.0,63.14986722310385,7.973531881608935e-09,0
41,576.3009366099064,621.990672047933,0.0,621.990672047933,1.0,0,1,1.0,1.0,1.0,1,1,1,1,1,0,6,0,0.0,0.0,1262.9925870005313,112.4093295033748,1,7,1,2024-08-03,62.1990672047933,0.0,62.1990672047933,4.460768232260224e-08,0
42,79.30032700540058,583.3666714986166,588.5000038146973,1171.8666753133139,1.0,0,1,1.0,1.0,1.0,1,1,1,1,1,1,5,0,0.0,0.08271955387879834,739.0859105014944,539.8195460414744,1,7,1,2024-08-03,58.33666714986166,58.85000038146973,117.1866675313314,0.32642365362995673,0
43,51.98000030517579,519.8000030517578,519.8000030517578,1039.6000061035156,1.0,0,1,1.0,1.0,1.0,1,1,1,1,1,0,0,6,0.0,0.00036865034543770046,745.2800491333007,519.6083786010743,1,7,1,2024-08-03,51.980000305175786,51.980000305175786,103.96000061035157,7.338778953582614e-10,0
44,53.81073212087761,440.0666669209798,444.10000228881836,884.1666692097981,1.0,0,1,1.0,1.0,1.0,1,1,1,1,1,3,3,0,0.0,0.0,673.5430929607213,485.3590676838099,1,7,1,2024-08-03,44.00666669209798,44.41000022888184,88.41666692097982,0.11617247955243895,0
45,-52.110002136230456,370.76666768391925,374.8000030517578,745.566670735677,1.0,0,1,1.0,1.0,1.0,1,1,1,1,1,0,6,0,0.0,0.0,549.989973449707,572.0797897338867,1,7,1,2024-08-03,37.076666768391924,37.480000305175786,74.55666707356771,2.0466028771841316e-09,0
46,-50.74000091552735,315.4000015258789,315.4000015258789,630.8000030517578,1.0,0,1,1.0,1.0,1.0,1,1,1,1,1,0,2,4,0.0,0.0,516.1163223266601,571.7543441772461,1,7,1,2024-08-03,31.540000152587893,31.540000152587893,63.08000030517579,0.08333333373649304,0
47,64.7211436254023,344.50000381469727,310.8654002103277,655.365404025025,1.0,0,1,1.0,1.0,1.0,1,1,1,1,1,0,6,0,0.0,0.0,617.4211558324336,407.88926897225394,1,7,1,2024-08-03,34.45000038146973,31.086540021032775,65.5365404025025,0.33203733706905747,0
0,0.0,0.0,0.0,0.0,1.0,0,1,1.0,1.0,1.0,1,1,1,1,1,0,0,6,0.0,0.0,220.39999389648438,220.39999389648438,0,7,2,2024-08-03,0.0,0.0,0.0,0.0,0
1,0.0,0.0,0.0,0.0,1.0,0,1,1.0,1.0,1.0,1,1,1,1,1,0,0,6,0.0,0.0,220.39999389648438,220.39999389648438,0,7,2,2024-08-03,0.0,0.0,0.0,0.0,0
2,0.0,0.0,0.0,0.0,1.0,0,1,1.0,1.0,1.0,1,1,1,1,1,0,0,6,0.0,0.0,231.39999389648438,231.39999389648438,0,7,2,2024-08-03,0.0,0.0,0.0,0.0,0
3,0.0,0.0,0.0,0.0,1.0,0,1,1.0,1.0,1.0,1,1,1,1,1,0,0,6,0.0,0.0,231.39999389648438,231.39999389648438,0,7,2,2024-08-03,0.0,0.0,0.0,0.0,0
4,0.0,0.0,0.0,0.0,1.0,0,1,1.0,1.0,0.16666666666666666,1,1,0,1,1,0,0,6,0.0,0.0,231.39999389648438,231.39999389648438,0,7,2,2024-08-03,0.0,0.0,0.0,0.0,0
5,0.0,0.0,0.0,0.0,1.0,0,1,1.0,1.0,0.0,1,1,0,1,1,0,0,6,0.0,0.0,231.39999389648438,231.39999389648438,0,7,2,2024-08-03,0.0,0.0,0.0,0.0,0
6,0.0,0.0,0.0,0.0,1.0,0,1,1.0,1.0,0.0,1,1,0,1,1,0,0,6,0.0,0.0,220.39999389648438,220.39999389648438,0,7,2,2024-08-03,0.0,0.0,0.0,0.0,0
7,0.0,0.0,0.0,0.0,1.0,0,1,1.0,1.0,0.0,1,1,0,1,1,0,0,6,0.0,0.0,220.39999389648438,220.39999389648438,0,7,2,2024-08-03,0.0,0.0,0.0,0.0,0
8,0.0,0.0,0.0,0.0,1.0,0,1,1.0,1.0,0.0,1,1,0,1,1,0,0,6,0.0,0.0,201.1999969482422,201.1999969482422,0,7,2,2024-08-03,0.0,0.0,0.0,0.0,0
9,0.0,0.0,0.0,0.0,1.0,0,1,1.0,1.0,0.0,1,1,0,1,1,0,0,6,0.0,0.0,182.0,182.0,0,7,2,2024-08-03,0.0,0.0,0.0,0.0,0
10,0.0,0.0,0.0,0.0,1.0,0,1,1.0,1.0,0.5,1,1,0,1,1,0,0,6,0.0,0.0,132.0,132.0,0,7,2,2024-08-03,0.0,0.0,0.0,0.0,0
11,0.0,0.0,0.0,0.0,1.0,0,1,1.0,1.0,0.0,1,1,0,1,1,0,0,6,0.0,0.0,132.0,132.0,0,7,2,2024-08-03,0.0,0.0,0.0,0.0,0
12,0.0,0.0,0.0,0.0,1.0,0,1,1.0,1.0,0.0,1,1,0,1,1,0,0,6,0.0,0.0,132.0,132.0,0,7,2,2024-08-03,0.0,0.0,0.0,0.0,0
13,0.0,0.0,0.0,0.0,1.0,0,1,1.0,1.0,0.0,1,1,0,1,1,0,0,6,0.0,0.0,201.1999969482422,201.1999969482422,0,7,2,2024-08-03,0.0,0.0,0.0,0.0,0
14,0.0,0.0,0.0,0.0,1.0,0,1,1.0,1.0,0.0,1,1,0,1,1,0,0,6,0.0,0.0,239.59999084472656,239.59999084472656,0,7,2,2024-08-03,0.0,0.0,0.0,0.0,0
15,0.0,0.0,0.0,0.0,1.0,0,1,1.0,1.0,0.0,1,1,0,1,1,0,0,6,0.0,0.0,306.3999938964844,317.1000061035156,0,7,2,2024-08-03,0.0,0.0,0.0,0.0,0
16,0.0,0.0,0.0,0.0,1.0,0,1,1.0,1.0,0.0,1,1,0,1,1,0,0,6,0.0,0.0,425.1000061035156,435.8000183105469,0,7,2,2024-08-03,0.0,0.0,0.0,0.0,0
17,0.0,0.0,0.0,0.0,1.0,0,1,1.0,1.0,0.0,1,1,0,1,1,0,0,6,0.0,0.0,482.5,482.5,0,7,2,2024-08-03,0.0,0.0,0.0,0.0,0
18,0.0,0.0,0.0,0.0,1.0,0,1,1.0,1.0,0.0,1,1,0,1,1,0,0,6,0.0,0.0,459.70001220703125,470.9000244140625,0,7,2,2024-08-03,0.0,0.0,0.0,0.0,0
19,-32.11000022888189,286.10000228881836,289.60000228881836,575.7000045776367,1.0,0,1,1.0,1.0,1.0,1,1,1,1,1,3,1,2,0.0,0.0,470.24293556213377,566.7100368499756,1,7,2,2024-08-03,28.610000228881837,28.96000022888184,57.570000457763676,0.1003039777637806,0
20,-290.28538423672273,0.0,355.60000228881836,355.60000228881836,1.0,0,1,1.0,1.0,1.0,1,1,1,1,1,0,6,0,0.0,0.0,276.9497842203085,921.0853720296915,1,7,2,2024-08-03,0.0,35.56000022888184,35.56000022888184,0.23333336335621047,0
21,-99.44500198364253,0.0,369.3000030517578,369.3000030517578,1.0,0,1,1.0,1.0,1.0,1,1,1,1,1,0,6,0,0.0,0.0,542.28705368042,807.14507522583,1,7,2,2024-08-03,0.0,36.93000030517578,36.93000030517578,6.197720794210615e-09,0
22,43.1366633097336,489.7333386739095,492.9000053405762,982.6333440144856,1.0,0,1,1.0,1.0,1.0,1,1,1,1,1,6,0,0,0.0,0.0,831.2189387003586,847.0634099324539,1,7,2,2024-08-03,48.97333386739095,49.29000053405762,98.26333440144856,1.8116549722342246e-09,0
23,0.0,0.0,0.0,0.0,1.0,0,1,1.0,1.0,0.16666666666666666,1,1,0,1,1,0,0,6,0.0,0.0,884.0385131835938,1003.4000244140625,0,7,2,2024-08-03,0.0,0.0,0.0,0.0,0
24,-3.7428079223633195,605.0760040283203,634.2000045776367,1239.276008605957,1.0,0,1,1.0,1.0,1.0,1,1,1,1,1,0,6,0,0.0,0.0,898.0762228393554,1014.8428445434571,1,7,2,2024-08-03,60.50760040283203,63.42000045776368,123.9276008605957,0.17911263874333014,0
25,5.12615369628758,623.2000045776367,0.0,623.2000045776367,1.0,0,1,1.0,1.0,1.0,1,1,1,1,1,0,0,6,0.0,0.0,980.6144349462876,1038.8738463037125,1,7,2,2024-08-03,62.320000457763676,0.0,62.320000457763676,3.645729861504272e-10,0
26,46.339004799836175,0.0,700.7000045776367,700.7000045776367,1.0,0,1,1.0,1.0,1.0,1,1,1,1,1,0,6,0,0.0,0.0,971.5492098779612,939.9610440282888,1,7,2,2024-08-03,0.0,70.07000045776367,70.07000045776367,0.09999999850695868,0
27,58.2400005340574,686.8000049591064,692.4000053405762,1379.2000102996826,1.0,0,1,1.0,1.0,1.0,1,1,1,1,1,0,6,0,0.0,0.0,1022.3274639129636,974.7599994659427,1,7,2,2024-08-03,68.68000049591065,69.24000053405761,137.92000102996826,8.297631867359297e-10,0
28,346.37964976539064,719.9000053405762,0.0,719.9000053405762,1.0,0,1,1.0,1.0,1.0,1,1,1,1,1,6,0,0,0.0,0.0,1401.5385853122657,775.9649547267968,1,7,2,2024-08-03,71.99000053405761,0.0,71.99000053405761,1.5409800744898207e-08,0
29,0.0,0.0,0.0,0.0,1.0,0,1,1.0,1.0,0.0,1,1,0,1,1,0,0,6,0.0,0.0,1062.5887451171875,1091.0,0,7,2,2024-08-03,0.0,0.0,0.0,0.0,0
30,241.57592976355616,828.2000045776367,0.0,828.2000045776367,1.0,0,1,1.0,1.0,1.0,1,1,1,1,1,6,0,0,0.0,0.0,1339.8919698026186,876.1552714083189,1,7,2,2024-08-03,82.82000045776368,0.0,82.82000045776368,2.4501100575499462e-09,0
31,0.0,0.0,0.0,0.0,1.0,0,1,1.0,1.0,0.0,1,1,0,1,1,0,0,6,0.0,0.0,1075.690673828125,1096.6212158203125,0,7,2,2024-08-03,0.0,0.0,0.0,0.0,0
32,0.0,0.0,0.0,0.0,1.0,0,1,1.0,1.0,0.0,1,1,0,1,1,0,0,6,0.0,0.0,1064.7906494140625,1085.72119140625,0,7,2,2024-08-03,0.0,0.0,0.0,0.0,0
33,133.65500144958494,689.7000045776367,689.7000045776367,1379.4000091552734,1.0,0,1,1.0,1.0,1.0,1,1,1,1,1,6,0,0,0.0,0.0,1152.3015468597412,904.8828403472901,1,7,2,2024-08-03,68.97000045776367,68.97000045776367,137.94000091552735,1.935833007946494e-09,0
34,146.4700004577637,689.7000045776367,689.7000045776367,1379.4000091552734,1.0,0,1,1.0,1.0,1.0,1,1,1,1,1,0,0,6,0.0,0.0,1154.6891166687012,871.7881172180175,1,7,2,2024-08-03,68.97000045776367,68.97000045776367,137.94000091552735,5.530951362971126e-10,0
35,222.11984296897236,667.9157193868118,661.2001795651826,1329.1158989519945,1.0,0,1,1.0,1.0,1.0,1,1,1,1,1,4,1,1,0.0,0.0,1186.2713322267848,756.5937190427464,1,7,2,2024-08-03,66.79157193868119,66.12001795651825,132.91158989519946,0.32241228028815827,0
36,81.72000045776366,250.0,817.2000045776367,1067.2000045776367,1.0,0,1,1.0,1.0,1.0,1,1,1,1,1,2,1,3,0.0,0.0,1035.6501762390137,912.1133735656738,1,7,2,2024-08-03,25.0,81.72000045776367,106.72000045776367,0.06651986540171516,0
37,54.43566728969144,826.3666714986166,831.5000038146973,1657.8666753133139,1.0,0,1,1.0,1.0,1.0,1,1,1,1,1,0,6,0,0.0,0.0,924.0279524459414,879.5643327103086,1,7,2,2024-08-03,82.63666714986167,83.15000038146974,165.7866675313314,0.06687309179179965,0
38,111.54000129699709,813.4000053405762,813.4000053405762,1626.8000106811523,1.0,0,1,1.0,1.0,1.0,1,1,1,1,1,0,3,3,0.0,0.0,1037.5946887969972,877.3600231170655,1,7,2,2024-08-03,81.34000053405762,81.34000053405762,162.68000106811525,0.08333333137924287,0
39,790.7900058746338,708.9000053405762,0.0,708.9000053405762,1.0,0,1,1.0,1.0,1.0,1,1,1,1,1,6,0,0,0.0,0.0,1708.5614902496338,113.76797752380367,1,7,2,2024-08-03,70.89000053405762,0.0,70.89000053405762,3.9282395083575415e-08,0
40,227.73314407336073,631.4986722310384,0.0,631.4986722310384,1.0,0,1,1.0,1.0,1.0,1,1,1,1,1,6,0,0,0.0,0.0,1147.9330952452358,663.9118754578892,1,7,2,2024-08-03,63.14986722310385,0.0,63.14986722310385,7.973531881608935e-09,0
41,576.3009366099064,621.990672047933,0.0,621.990672047933,1.0,0,1,1.0,1.0,1.0,1,1,1,1,1,0,6,0,0.0,0.0,1469.0008877817813,241.0917025502498,1,7,2,2024-08-03,62.1990672047933,0.0,62.1990672047933,4.460768232260224e-08,0
42,79.30032700540058,583.3666714986166,588.5000038146973,1171.8666753133139,1.0,0,1,1.0,1.0,1.0,1,1,1,1,1,1,5,0,0.0,0.0,961.0002781772756,650.5486109828806,1,7,2,2024-08-03,58.33666714986166,58.85000038146973,117.1866675313314,0.32642365362995673,0
43,51.98000030517579,519.8000030517578,519.8000030517578,1039.6000061035156,1.0,0,1,1.0,1.0,1.0,1,1,1,1,1,0,0,6,0.0,0.0,814.4800003051757,549.3711349487305,1,7,2,2024-08-03,51.980000305175786,51.980000305175786,103.96000061035157,7.338778953582614e-10,0
44,53.81073212087761,440.0666669209798,444.10000228881836,884.1666692097981,1.0,0,1,1.0,1.0,1.0,1,1,1,1,1,3,3,0,0.0,0.0,786.1107199138463,521.8371560627162,1,7,2,2024-08-03,44.00666669209798,44.41000022888184,88.41666692097982,0.11617247955243895,0
45,-52.110002136230456,370.76666768391925,374.8000030517578,745.566670735677,1.0,0,1,1.0,1.0,1.0,1,1,1,1,1,0,6,0,0.0,0.0,630.1899856567383,639.2303634643555,1,7,2,2024-08-03,37.076666768391924,37.480000305175786,74.55666707356771,2.0466028771841316e-09,0
46,-50.74000091552735,315.4000015258789,315.4000015258789,630.8000030517578,1.0,0,1,1.0,1.0,1.0,1,1,1,1,1,0,2,4,0.0,0.0,568.9600112915039,593.0479843139649,1,7,2,2024-08-03,31.540000152587893,31.540000152587893,63.08000030517579,0.08333333373649304,0
47,64.7211436254023,344.50000381469727,310.8654002103277,655.365404025025,1.0,0,1,1.0,1.0,1.0,1,1,1,1,1,0,6,0,0.0,0.0,665.2212046605586,394.14085588631644,1,7,2,2024-08-03,34.45000038146973,31.086540021032775,65.5365404025025,0.33203733706905747,0
0,0.0,0.0,0.0,0.0,1.0,0,1,1.0,1.0,1.0,1,1,1,1,1,0,0,6,0.0,0.0,208.39999389648438,206.89999389648438,0,8,0,2024-08-03,0.0,0.0,0.0,0.0,0
1,0.0,0.0,0.0,0.0,1.0,0,1,1.0,1.0,1.0,1,1,1,1,1,0,0,6,0.0,0.0,219.39999389648438,217.89999389648438,0,8,0,2024-08-03,0.0,0.0,0.0,0.0,0
2,0.0,0.0,0.0,0.0,1.0,0,1,1.0,1.0,0.3333333333333333,1,1,0,1,1,0,0,6,0.0,0.0,219.39999389648438,217.89999389648438,0,8,0,2024-08-03,0.0,0.0,0.0,0.0,0
3,0.0,0.0,0.0,0.0,1.0,0,1,1.0,1.0,0.0,1,1,0,1,1,0,0,6,0.0,0.0,212.59999084472656,206.89999389648438,0,8,0,2024-08-03,0.0,0.0,0.0,0.0,0
4,0.0,0.0,0.0,0.0,1.0,0,1,1.0,1.0,0.0,1,1,0,1,1,0,0,6,0.0,0.0,204.29998779296875,198.59999084472656,0,8,0,2024-08-03,0.0,0.0,0.0,0.0,0
5,0.0,0.0,0.0,0.0,1.0,0,1,1.0,1.0,0.0,1,1,0,1,1,0,0,6,0.0,0.0,185.09999084472656,179.39999389648438,0,8,0,2024-08-03,0.0,0.0,0.0,0.0,0
6,0.0,0.0,0.0,0.0,1.0,0,1,1.0,1.0,0.8333333333333334,1,1,0,1,1,0,0,6,0.0,0.0,157.59999084472656,151.89999389648438,0,8,0,2024-08-03,0.0,0.0,0.0,0.0,0
7,0.0,0.0,0.0,0.0,1.0,0,1,1.0,1.0,1.0,1,1,1,1,1,0,0,6,0.0,0.0,157.59999084472656,151.89999389648438,0,8,0,2024-08-03,0.0,0.0,0.0,0.0,0
8,0.0,0.0,0.0,0.0,1.0,0,1,1.0,1.0,1.0,1,1,1,1,1,0,0,6,0.0,0.0,157.59999084472656,151.89999389648438,0,8,0,2024-08-03,0.0,0.0,0.0,0.0,0
9,0.0,0.0,0.0,0.0,1.0,0,1,1.0,1.0,1.0,1,1,1,1,1,0,0,6,0.0,0.0,157.59999084472656,151.89999389648438,0,8,0,2024-08-03,0.0,0.0,0.0,0.0,0
10,0.0,0.0,0.0,0.0,1.0,0,1,1.0,1.0,1.0,1,1,1,1,1,0,0,6,0.0,0.0,157.59999084472656,151.89999389648438,0,8,0,2024-08-03,0.0,0.0,0.0,0.0,0
11,0.0,0.0,0.0,0.0,1.0,0,1,1.0,1.0,1.0,1,1,1,1,1,0,0,6,0.0,0.0,157.59999084472656,151.89999389648438,0,8,0,2024-08-03,0.0,0.0,0.0,0.0,0
12,0.0,0.0,0.0,0.0,1.0,0,1,1.0,1.0,0.5,1,1,0,1,1,0,0,6,0.0,0.0,212.59999084472656,206.89999389648438,0,8,0,2024-08-03,0.0,0.0,0.0,0.0,0
13,0.0,0.0,0.0,0.0,1.0,0,1,1.0,1.0,0.0,1,1,0,1,1,0,0,6,0.0,0.0,278.5,272.79998779296875,0,8,0,2024-08-03,0.0,0.0,0.0,0.0,0
14,0.0,0.0,0.0,0.0,1.0,0,1,1.0,1.0,0.0,1,1,0,1,1,0,0,6,0.0,0.0,293.79998779296875,292.0,0,8,0,2024-08-03,0.0,0.0,0.0,0.0,0
15,0.0,0.0,0.0,0.0,1.0,0,1,1.0,1.0,0.0,1,1,0,1,1,0,0,6,0.0,0.0,317.79998779296875,319.5,0,8,0,2024-08-03,0.0,0.0,0.0,0.0,0
16,0.0,0.0,0.0,0.0,1.0,0,1,1.0,1.0,0.0,1,1,0,1,1,0,0,6,0.0,0.0,426.3999938964844,443.70001220703125,0,8,0,2024-08-03,0.0,0.0,0.0,0.0,0
17,0.0,0.0,0.0,0.0,1.0,0,1,1.0,1.0,0.0,1,1,0,1,1,0,0,6,0.0,0.0,453.8999938964844,471.20001220703125,0,8,0,2024-08-03,0.0,0.0,0.0,0.0,0
18,0.0,0.0,0.0,0.0,1.0,0,1,1.0,1.0,0.0,1,1,0,1,1,0,0,6,0.0,0.0,495.20001220703125,512.5,0,8,0,2024-08-03,0.0,0.0,0.0,0.0,0
19,-32.11000022888189,286.10000228881836,289.60000228881836,575.7000045776367,1.0,0,1,1.0,1.0,1.0,1,1,1,1,1,0,0,6,0.0,0.0,581.5900119781494,744.6100002288819,1,8,0,2024-08-03,28.610000228881837,28.96000022888184,57.570000457763676,6.626188507385698e-10,0
20,-290.28538423672273,0.0,355.60000228881836,355.60000228881836,1.0,0,1,1.0,1.0,1.0,1,1,1,1,1,0,6,0,0.0,0.0,299.16871732577727,1062.2663412679726,1,8,0,2024-08-03,0.0,35.56000022888184,35.56000022888184,4.039278899587721e-08,0
21,-99.44500198364253,0.0,369.3000030517578,369.3000030517578,1.0,0,1,1.0,1.0,1.0,1,1,1,1,1,0,6,0,0.0,0.0,322.1352897644043,885.2450508117676,1,8,0,2024-08-03,0.0,36.93000030517578,36.93000030517578,6.197720794210615e-09,0
22,43.1366633097336,489.7333386739095,492.9000053405762,982.6333440144856,1.0,0,1,1.0,1.0,1.0,1,1,1,1,1,6,0,0,0.0,0.0,512.3988093058274,832.2633000691726,1,8,0,2024-08-03,48.97333386739095,49.29000053405762,98.26333440144856,0.029963250227422043,0
23,0.0,0.0,0.0,0.0,1.0,0,1,1.0,1.0,0.0,1,1,0,1,1,0,0,6,0.0,0.0,495.66448974609375,891.8999633789062,0,8,0,2024-08-03,0.0,0.0,0.0,0.0,0
24,-3.7428079223633195,605.0760040283203,634.2000045776367,1239.276008605957,1.0,0,1,1.0,1.0,1.0,1,1,1,1,1,6,0,0,0.0,0.0,646.5547384643554,1052.3427835083007,1,8,0,2024-08-03,60.50760040283203,63.42000045776368,123.9276008605957,0.009784561193739829,0
25,5.12615369628758,623.2000045776367,0.0,623.2000045776367,1.0,0,1,1.0,1.0,1.0,1,1,1,1,1,5,0,1,0.0,0.0,682.0848328955063,1093.47382188965,1,8,0,2024-08-03,62.320000457763676,0.0,62.320000457763676,0.036740146917544535,0
26,46.339004799836175,0.0,700.7000045776367,700.7000045776367,1.0,0,1,1.0,1.0,1.0,1,1,1,1,1,0,0,6,0.0,0.0,725.0273592920237,1121.4610440282888,1,8,0,2024-08-03,0.0,70.07000045776367,70.07000045776367,4.0421665591849987e-10,0
27,58.2400005340574,686.8000049591064,692.4000053405762,1379.2000102996826,1.0,0,1,1.0,1.0,1.0,1,1,1,1,1,0,6,0,0.019403466388386716,0.0,673.4737041473386,1109.5600482940677,1,8,0,2024-08-03,68.68000049591065,69.24000053405761,137.92000102996826,8.297631867359297e-10,0
28,346.37964976539064,719.9000053405762,0.0,719.9000053405762,1.0,0,1,1.0,1.0,1.0,1,1,1,1,1,6,0,0,0.0,0.0,918.2328602146094,771.4203990627343,1,8,0,2024-08-03,71.99000053405761,0.0,71.99000053405761,1.5409800744898207e-08,0
29,0.0,0.0,0.0,0.0,1.0,0,1,1.0,1.0,0.0,1,1,0,1,1,0,0,6,0.0,0.0,669.6004638671875,1079.7999267578125,0,8,0,2024-08-03,0.0,0.0,0.0,0.0,0
30,241.57592976355616,828.2000045776367,0.0,828.2000045776367,1.0,0,1,1.0,1.0,1.0,1,1,1,1,1,6,0,0,0.0,0.0,991.3764058377749,918.4240702364439,1,8,0,2024-08-03,82.82000045776368,0.0,82.82000045776368,2.4501100575499462e-09,0
31,0.0,0.0,0.0,0.0,1.0,0,1,1.0,1.0,0.0,1,1,0,1,1,0,0,6,0.0,0.0,832.7403564453125,1179.199951171875,0,8,0,2024-08-03,0.0,0.0,0.0,0.0,0
32,0.0,0.0,0.0,0.0,1.0,0,1,1.0,1.0,0.0,1,1,0,1,1,0,0,6,0.0,0.0,801.4177856445312,1124.300048828125,0,8,0,2024-08-03,0.0,0.0,0.0,0.0,0
33,133.65500144958494,689.7000045776367,689.7000045776367,1379.4000091552734,1.0,0,1,1.0,1.0,1.0,1,1,1,1,1,6,0,0,0.0,0.0,935.0727870941162,990.6450473785401,1,8,0,2024-08-03,68.97000045776367,68.97000045776367,137.94000091552735,1.935833007946494e-09,0
34,146.4700004577637,689.7000045776367,689.7000045776367,1379.4000091552734,1.0,0,1,1.0,1.0,1.0,1,1,1,1,1,0,0,6,0.0,0.0,926.25521774292,966.9300239562988,1,8,0,2024-08-03,68.97000045776367,68.97000045776367,137.94000091552735,5.530951362971126e-10,0
35,222.11984296897236,667.9157193868118,661.2001795651826,1329.1158989519945,1.0,0,1,1.0,1.0,1.0,1,1,1,1,1,0,0,6,0.0,0.0,939.1844791994411,755.4801936521214,1,8,0,2024-08-03,66.79157193868119,66.12001795651825,132.91158989519946,3.308029715485766e-10,0
36,81.72000045776366,250.0,817.2000045776367,1067.2000045776367,1.0,0,1,1.0,1.0,1.0,1,1,1,1,1,0,2,4,0.0,0.01874690201724202,730.9147026062012,801.88003616333,1,8,0,2024-08-03,25.0,81.72000045776367,106.72000045776367,0.1099763259764795,0
37,54.43566728969144,826.3666714986166,831.5000038146973,1657.8666753133139,1.0,0,1,1.0,1.0,1.0,1,1,1,1,1,0,6,0,0.10133814624856771,0.002809014441053096,742.6242048873477,829.1643082962461,1,8,0,2024-08-03,82.63666714986167,83.15000038146974,165.7866675313314,9.986454804368614e-10,0
38,111.54000129699709,813.4000053405762,813.4000053405762,1626.8000106811523,1.0,0,1,1.0,1.0,1.0,1,1,1,1,1,2,0,4,0.0,0.006933805965598353,821.2729724884033,807.760047531128,1,8,0,2024-08-03,81.34000053405762,81.34000053405762,162.68000106811525,0.030060120109999432,0
39,790.7900058746338,708.9000053405762,0.0,708.9000053405762,1.0,0,1,1.0,1.0,1.0,1,1,1,1,1,6,0,0,0.0,0.0,1465.1961338043213,63.196078109741165,1,8,0,2024-08-03,70.89000053405762,0.0,70.89000053405762,3.9282395083575415e-08,0
40,227.73314407336073,631.4986722310384,0.0,631.4986722310384,1.0,0,1,1.0,1.0,1.0,1,1,1,1,1,6,0,0,0.0,0.0,1022.4633686827358,590.5467631532017,1,8,0,2024-08-03,63.14986722310385,0.0,63.14986722310385,7.973531881608935e-09,0
41,576.3009366099064,621.990672047933,0.0,621.990672047933,1.0,0,1,1.0,1.0,1.0,1,1,1,1,1,0,6,0,0.0,0.0,1299.1643399302188,75.9842806752498,1,8,0,2024-08-03,62.1990672047933,0.0,62.1990672047933,4.460768232260224e-08,0
42,79.30032700540058,583.3666714986166,588.5000038146973,1171.8666753133139,1.0,0,1,1.0,1.0,1.0,1,1,1,1,1,6,0,0,0.0,0.21898486934534722,685.6297947788381,459.62740736959944,1,8,0,2024-08-03,58.33666714986166,58.85000038146973,117.1866675313314,3.0029631565297525e-09,0
43,51.98000030517579,519.8000030517578,519.8000030517578,1039.6000061035156,1.0,0,1,1.0,1.0,1.0,1,1,1,1,1,2,0,4,0.0,0.1766297967396037,579.9621780395507,427.98783416748046,1,8,0,2024-08-03,51.980000305175786,51.980000305175786,103.96000061035157,0.04843019423037146,0
44,53.81073212087761,440.0666669209798,444.10000228881836,884.1666692097981,1.0,0,1,1.0,1.0,1.0,1,1,1,1,1,0,6,0,0.0,0.155700733995469,581.7929098552526,374.9533059650599,1,8,0,2024-08-03,44.00666669209798,44.41000022888184,88.41666692097982,0.3153934671988773,0
45,-52.110002136230456,370.76666768391925,374.8000030517578,745.566670735677,1.0,0,1,1.0,1.0,1.0,1,1,1,1,1,0,6,0,0.0,0.0,388.48997344970707,450.5067916870117,1,8,0,2024-08-03,37.076666768391924,37.480000305175786,74.55666707356771,2.0466028771841316e-09,0
46,-50.74000091552735,315.4000015258789,315.4000015258789,630.8000030517578,1.0,0,1,1.0,1.0,1.0,1,1,1,1,1,0,1,5,0.1228280844639282,0.0,276.66002349853517,342.49207611083983,1,8,0,2024-08-03,31.540000152587893,31.540000152587893,63.08000030517579,0.04008016141579759,0
47,64.7211436254023,344.50000381469727,310.8654002103277,655.365404025025,1.0,0,1,1.0,1.0,1.0,1,1,1,1,1,0,6,0,0.08673106154765974,0.49277447595265494,314.62115278067574,157.67886552987113,1,8,0,2024-08-03,34.45000038146973,31.086540021032775,65.5365404025025,0.1140695119442984,0
0,0.0,0.0,0.0,0.0,1.0,0,1,1.0,1.0,1.0,1,1,1,1,1,0,0,6,0.0,0.0,207.59999084472656,228.0,0,8,1,2024-08-03,0.0,0.0,0.0,0.0,0
1,0.0,0.0,0.0,0.0,1.0,0,1,1.0,1.0,0.8333333333333334,1,1,0,1,1,0,0,6,0.0,0.0,207.59999084472656,228.0,0,8,1,2024-08-03,0.0,0.0,0.0,0.0,0
2,0.0,0.0,0.0,0.0,1.0,0,1,1.0,1.0,0.3333333333333333,1,1,0,1,1,0,0,6,0.0,0.0,180.09999084472656,200.5,0,8,1,2024-08-03,0.0,0.0,0.0,0.0,0
3,0.0,0.0,0.0,0.0,1.0,0,1,1.0,1.0,0.8333333333333334,1,1,0,1,1,0,0,6,0.0,0.0,152.59999084472656,173.0,0,8,1,2024-08-03,0.0,0.0,0.0,0.0,0
4,0.0,0.0,0.0,0.0,1.0,0,1,1.0,1.0,1.0,1,1,1,1,1,0,0,6,0.0,0.0,152.59999084472656,173.0,0,8,1,2024-08-03,0.0,0.0,0.0,0.0,0
5,0.0,0.0,0.0,0.0,1.0,0,1,1.0,1.0,1.0,1,1,1,1,1,0,0,6,0.0,0.0,152.59999084472656,173.0,0,8,1,2024-08-03,0.0,0.0,0.0,0.0,0
6,0.0,0.0,0.0,0.0,1.0,0,1,1.0,1.0,1.0,1,1,1,1,1,0,0,6,0.0,0.0,180.09999084472656,200.5,0,8,1,2024-08-03,0.0,0.0,0.0,0.0,0
7,0.0,0.0,0.0,0.0,1.0,0,1,1.0,1.0,1.0,1,1,1,1,1,0,0,6,0.0,0.0,180.09999084472656,200.5,0,8,1,2024-08-03,0.0,0.0,0.0,0.0,0
8,0.0,0.0,0.0,0.0,1.0,0,1,1.0,1.0,0.5,1,1,0,1,1,0,0,6,0.0,0.0,180.09999084472656,200.5,0,8,1,2024-08-03,0.0,0.0,0.0,0.0,0
9,0.0,0.0,0.0,0.0,1.0,0,1,1.0,1.0,1.0,1,1,1,1,1,0,0,6,0.0,0.0,152.59999084472656,173.0,0,8,1,2024-08-03,0.0,0.0,0.0,0.0,0
10,0.0,0.0,0.0,0.0,1.0,0,1,1.0,1.0,0.5,1,1,0,1,1,0,0,6,0.0,0.0,152.59999084472656,173.0,0,8,1,2024-08-03,0.0,0.0,0.0,0.0,0
11,0.0,0.0,0.0,0.0,1.0,0,1,1.0,1.0,0.16666666666666666,1,1,0,1,1,0,0,6,0.0,0.0,129.39999389648438,134.60000610351562,0,8,1,2024-08-03,0.0,0.0,0.0,0.0,0
12,0.0,0.0,0.0,0.0,1.0,0,1,1.0,1.0,0.0,1,1,0,1,1,0,0,6,0.0,0.0,140.39999389648438,145.60000610351562,0,8,1,2024-08-03,0.0,0.0,0.0,0.0,0
13,0.0,0.0,0.0,0.0,1.0,0,1,1.0,1.0,0.0,1,1,0,1,1,0,0,6,0.0,0.0,175.20001220703125,184.0,0,8,1,2024-08-03,0.0,0.0,0.0,0.0,0
14,0.0,0.0,0.0,0.0,1.0,0,1,1.0,1.0,0.0,1,1,0,1,1,0,0,6,0.0,0.0,262.8999938964844,266.5,0,8,1,2024-08-03,0.0,0.0,0.0,0.0,0
15,0.0,0.0,0.0,0.0,1.0,0,1,1.0,1.0,0.0,1,1,0,1,1,0,0,6,0.0,0.0,290.3999938964844,294.0,0,8,1,2024-08-03,0.0,0.0,0.0,0.0,0
16,0.0,0.0,0.0,0.0,1.0,0,1,1.0,1.0,0.0,1,1,0,1,1,0,0,6,0.0,0.0,364.6000061035156,368.20001220703125,0,8,1,2024-08-03,0.0,0.0,0.0,0.0,0
17,0.0,0.0,0.0,0.0,1.0,0,1,1.0,1.0,0.0,1,1,0,1,1,0,0,6,0.0,0.0,444.6000061035156,456.20001220703125,0,8,1,2024-08-03,0.0,0.0,0.0,0.0,0
18,0.0,0.0,0.0,0.0,1.0,0,1,1.0,1.0,0.0,1,1,0,1,1,0,0,6,0.0,0.0,595.300048828125,612.800048828125,0,8,1,2024-08-03,0.0,0.0,0.0,0.0,0
19,-32.11000022888189,286.10000228881836,289.60000228881836,575.7000045776367,1.0,0,1,1.0,1.0,1.0,1,1,1,1,1,0,0,6,0.0,0.0,628.1277317047119,710.9100490570069,1,8,1,2024-08-03,28.610000228881837,28.96000022888184,57.570000457763676,6.626188507385698e-10,0
20,-290.28538423672273,0.0,355.60000228881836,355.60000228881836,1.0,0,1,1.0,1.0,1.0,1,1,1,1,1,0,6,0,0.0,0.0,365.8968057046835,996.5854330648477,1,8,1,2024-08-03,0.0,35.56000022888184,35.56000022888184,4.039278899587721e-08,0
21,-99.44500198364253,0.0,369.3000030517578,369.3000030517578,1.0,0,1,1.0,1.0,1.0,1,1,1,1,1,0,6,0,0.0,0.0,515.603215789795,868.845026397705,1,8,1,2024-08-03,0.0,36.93000030517578,36.93000030517578,6.197720794210615e-09,0
22,43.1366633097336,489.7333386739095,492.9000053405762,982.6333440144856,1.0,0,1,1.0,1.0,1.0,1,1,1,1,1,6,0,0,0.0,0.0,649.7846735636399,726.2633611043289,1,8,1,2024-08-03,48.97333386739095,49.29000053405762,98.26333440144856,0.029963250227422043,0
23,0.0,0.0,0.0,0.0,1.0,0,1,1.0,1.0,0.0,1,1,0,1,1,0,0,6,0.0,0.0,693.0435791015625,852.076416015625,0,8,1,2024-08-03,0.0,0.0,0.0,0.0,0
24,-3.7428079223633195,605.0760040283203,634.2000045776367,1239.276008605957,1.0,0,1,1.0,1.0,1.0,1,1,1,1,1,6,0,0,0.0,0.0,780.8007711791992,977.3192239379883,1,8,1,2024-08-03,60.50760040283203,63.42000045776368,123.9276008605957,0.009784561193739829,0
25,5.12615369628758,623.2000045776367,0.0,623.2000045776367,1.0,0,1,1.0,1.0,1.0,1,1,1,1,1,5,0,1,0.0,0.0,839.5839173681626,1070.53534532715,1,8,1,2024-08-03,62.320000457763676,0.0,62.320000457763676,0.036740146917544535,0
26,46.339004799836175,0.0,700.7000045776367,700.7000045776367,1.0,0,1,1.0,1.0,1.0,1,1,1,1,1,0,0,6,0.0,0.0,819.7492831201487,1007.2610928564138,1,8,1,2024-08-03,0.0,70.07000045776367,70.07000045776367,4.0421665591849987e-10,0
27,58.2400005340574,686.8000049591064,692.4000053405762,1379.2000102996826,1.0,0,1,1.0,1.0,1.0,1,1,1,1,1,0,6,0,0.0,0.0,834.5836894989011,1033.8600971221927,1,8,1,2024-08-03,68.68000049591065,69.24000053405761,137.92000102996826,8.297631867359297e-10,0
28,346.37964976539064,719.9000053405762,0.0,719.9000053405762,1.0,0,1,1.0,1.0,1.0,1,1,1,1,1,6,0,0,0.0,0.0,1122.8858753513282,693.3204234767968,1,8,1,2024-08-03,71.99000053405761,0.0,71.99000053405761,1.5409800744898207e-08,0
29,0.0,0.0,0.0,0.0,1.0,0,1,1.0,1.0,0.0,1,1,0,1,1,0,0,6,0.0,0.0,814.90234375,1017.7000732421875,0,8,1,2024-08-03,0.0,0.0,0.0,0.0,0
30,241.57592976355616,828.2000045776367,0.0,828.2000045776367,1.0,0,1,1.0,1.0,1.0,1,1,1,1,1,6,0,0,0.0,0.0,1121.9782735135561,842.1241434786314,1,8,1,2024-08-03,82.82000045776368,0.0,82.82000045776368,2.4501100575499462e-09,0
31,0.0,0.0,0.0,0.0,1.0,0,1,1.0,1.0,0.0,1,1,0,1,1,0,0,6,0.0,0.0,966.7691650390625,1072.2000732421875,0,8,1,2024-08-03,0.0,0.0,0.0,0.0,0
32,0.0,0.0,0.0,0.0,1.0,0,1,1.0,1.0,0.0,1,1,0,1,1,0,0,6,0.0,0.0,911.7691650390625,1017.2000732421875,0,8,1,2024-08-03,0.0,0.0,0.0,0.0,0
33,133.65500144958494,689.7000045776367,689.7000045776367,1379.4000091552734,1.0,0,1,1.0,1.0,1.0,1,1,1,1,1,6,0,0,0.0,0.0,1134.56442527771,988.5450717926026,1,8,1,2024-08-03,68.97000045776367,68.97000045776367,137.94000091552735,1.935833007946494e-09,0
34,146.4700004577637,689.7000045776367,689.7000045776367,1379.4000091552734,1.0,0,1,1.0,1.0,1.0,1,1,1,1,1,0,0,6,0.0,0.0,1080.9085990905762,936.6300971984863,1,8,1,2024-08-03,68.97000045776367,68.97000045776367,137.94000091552735,5.530951362971126e-10,0
35,222.11984296897236,667.9157193868118,661.2001795651826,1329.1158989519945,1.0,0,1,1.0,1.0,1.0,1,1,1,1,1,0,0,6,0.0,0.0,1051.5572208986598,759.3802791013402,1,8,1,2024-08-03,66.79157193868119,66.12001795651825,132.91158989519946,3.308029715485766e-10,0
36,81.72000045776366,250.0,817.2000045776367,1067.2000045776367,1.0,0,1,1.0,1.0,1.0,1,1,1,1,1,0,2,4,0.0,0.0,870.9035331726075,850.3800971984863,1,8,1,2024-08-03,25.0,81.72000045776367,106.72000045776367,0.1099763259764795,0
37,54.43566728969144,826.3666714986166,831.5000038146973,1657.8666753133139,1.0,0,1,1.0,1.0,1.0,1,1,1,1,1,0,6,0,0.055380084580440136,0.010626065433076929,780.6024153365664,822.6644303665586,1,8,1,2024-08-03,82.63666714986167,83.15000038146974,165.7866675313314,9.986454804368614e-10,0
38,111.54000129699709,813.4000053405762,813.4000053405762,1626.8000106811523,1.0,0,1,1.0,1.0,1.0,1,1,1,1,1,2,0,4,0.06379826899882082,0.1500368593831171,761.5064929962158,691.3600231170655,1,8,1,2024-08-03,81.34000053405762,81.34000053405762,162.68000106811525,0.030060120109999432,0
39,790.7900058746338,708.9000053405762,0.0,708.9000053405762,1.0,0,1,1.0,1.0,1.0,1,1,1,1,1,6,0,0,0.0,0.0,1453.5177890777588,12.110018539428665,1,8,1,2024-08-03,70.89000053405762,0.0,70.89000053405762,3.9282395083575415e-08,0
40,227.73314407336073,631.4986722310384,0.0,631.4986722310384,1.0,0,1,1.0,1.0,1.0,1,1,1,1,1,6,0,0,0.0,0.0,1025.6332295225795,570.166941375858,1,8,1,2024-08-03,63.14986722310385,0.0,63.14986722310385,7.973531881608935e-09,0
41,576.3009366099064,621.990672047933,0.0,621.990672047933,1.0,0,1,1.0,1.0,1.0,1,1,1,1,1,0,6,0,0.0,0.0,1335.8009976450626,158.1599398549373,1,8,1,2024-08-03,62.1990672047933,0.0,62.1990672047933,4.460768232260224e-08,0
42,79.30032700540058,583.3666714986166,588.5000038146973,1171.8666753133139,1.0,0,1,1.0,1.0,1.0,1,1,1,1,1,6,0,0,0.0,0.0,792.1003758335256,617.9804347133494,1,8,1,2024-08-03,58.33666714986166,58.85000038146973,117.1866675313314,3.0029631565297525e-09,0
43,51.98000030517579,519.8000030517578,519.8000030517578,1039.6000061035156,1.0,0,1,1.0,1.0,1.0,1,1,1,1,1,2,0,4,0.0,0.0,718.0800369262695,599.3517868041993,1,8,1,2024-08-03,51.980000305175786,51.980000305175786,103.96000061035157,0.04843019423037146,0
44,53.81073212087761,440.0666669209798,444.10000228881836,884.1666692097981,1.0,0,1,1.0,1.0,1.0,1,1,1,1,1,0,6,0,0.0,0.0,719.9107687419713,597.0125711017787,1,8,1,2024-08-03,44.00666669209798,44.41000022888184,88.41666692097982,0.3153934671988773,0
45,-52.110002136230456,370.76666768391925,374.8000030517578,745.566670735677,1.0,0,1,1.0,1.0,1.0,1,1,1,1,1,0,6,0,0.0,0.0,591.4900344848633,692.4979415893555,1,8,1,2024-08-03,37.076666768391924,37.480000305175786,74.55666707356771,2.0466028771841316e-09,0
46,-50.74000091552735,315.4000015258789,315.4000015258789,630.8000030517578,1.0,0,1,1.0,1.0,1.0,1,1,1,1,1,0,1,5,0.0,0.0,546.7600601196289,639.8495590209961,1,8,1,2024-08-03,31.540000152587893,31.540000152587893,63.08000030517579,0.04008016141579759,0
47,64.7211436254023,344.50000381469727,310.8654002103277,655.365404025025,1.0,0,1,1.0,1.0,1.0,1,1,1,1,1,0,6,0,0.0,0.0,607.2211436254023,465.6631337183477,1,8,1,2024-08-03,34.45000038146973,31.086540021032775,65.5365404025025,0.1140695119442984,0
0,0.0,0.0,0.0,0.0,1.0,0,1,1.0,1.0,1.0,1,1,1,1,1,0,0,6,0.0,0.0,201.89999389648438,220.39999389648438,0,8,2,2024-08-03,0.0,0.0,0.0,0.0,0
1,0.0,0.0,0.0,0.0,1.0,0,1,1.0,1.0,1.0,1,1,1,1,1,0,0,6,0.0,0.0,201.89999389648438,220.39999389648438,0,8,2,2024-08-03,0.0,0.0,0.0,0.0,0
2,0.0,0.0,0.0,0.0,1.0,0,1,1.0,1.0,1.0,1,1,1,1,1,0,0,6,0.0,0.0,201.89999389648438,220.39999389648438,0,8,2,2024-08-03,0.0,0.0,0.0,0.0,0
3,0.0,0.0,0.0,0.0,1.0,0,1,1.0,1.0,0.16666666666666666,1,1,0,1,1,0,0,6,0.0,0.0,201.89999389648438,220.39999389648438,0,8,2,2024-08-03,0.0,0.0,0.0,0.0,0
4,0.0,0.0,0.0,0.0,1.0,0,1,1.0,1.0,0.0,1,1,0,1,1,0,0,6,0.0,0.0,212.89999389648438,231.39999389648438,0,8,2,2024-08-03,0.0,0.0,0.0,0.0,0
5,0.0,0.0,0.0,0.0,1.0,0,1,1.0,1.0,1.0,1,1,1,1,1,0,0,6,0.0,0.0,193.6999969482422,212.1999969482422,0,8,2,2024-08-03,0.0,0.0,0.0,0.0,0
6,0.0,0.0,0.0,0.0,1.0,0,1,1.0,1.0,1.0,1,1,1,1,1,0,0,6,0.0,0.0,193.6999969482422,212.1999969482422,0,8,2,2024-08-03,0.0,0.0,0.0,0.0,0
7,0.0,0.0,0.0,0.0,1.0,0,1,1.0,1.0,1.0,1,1,1,1,1,0,0,6,0.0,0.0,193.6999969482422,212.1999969482422,0,8,2,2024-08-03,0.0,0.0,0.0,0.0,0
8,0.0,0.0,0.0,0.0,1.0,0,1,1.0,1.0,0.16666666666666666,1,1,0,1,1,0,0,6,0.0,0.0,193.6999969482422,212.1999969482422,0,8,2,2024-08-03,0.0,0.0,0.0,0.0,0
9,0.0,0.0,0.0,0.0,1.0,0,1,1.0,1.0,0.0,1,1,0,1,1,0,0,6,0.0,0.0,193.6999969482422,212.1999969482422,0,8,2,2024-08-03,0.0,0.0,0.0,0.0,0
10,0.0,0.0,0.0,0.0,1.0,0,1,1.0,1.0,0.16666666666666666,1,1,0,1,1,0,0,6,0.0,0.0,166.1999969482422,184.6999969482422,0,8,2,2024-08-03,0.0,0.0,0.0,0.0,0
11,0.0,0.0,0.0,0.0,1.0,0,1,1.0,1.0,1.0,1,1,1,1,1,0,0,6,0.0,0.0,166.1999969482422,184.6999969482422,0,8,2,2024-08-03,0.0,0.0,0.0,0.0,0
12,0.0,0.0,0.0,0.0,1.0,0,1,1.0,1.0,1.0,1,1,1,1,1,0,0,6,0.0,0.0,166.1999969482422,184.6999969482422,0,8,2,2024-08-03,0.0,0.0,0.0,0.0,0
13,0.0,0.0,0.0,0.0,1.0,0,1,1.0,1.0,0.8333333333333334,1,1,0,1,1,0,0,6,0.0,0.0,199.0,239.6999969482422,0,8,2,2024-08-03,0.0,0.0,0.0,0.0,0
14,0.0,0.0,0.0,0.0,1.0,0,1,1.0,1.0,0.0,1,1,0,1,1,0,0,6,0.0,0.0,310.3999938964844,352.3000183105469,0,8,2,2024-08-03,0.0,0.0,0.0,0.0,0
15,0.0,0.0,0.0,0.0,1.0,0,1,1.0,1.0,0.0,1,1,0,1,1,0,0,6,0.0,0.0,348.8999938964844,390.79998779296875,0,8,2,2024-08-03,0.0,0.0,0.0,0.0,0
16,0.0,0.0,0.0,0.0,1.0,0,1,1.0,1.0,0.0,1,1,0,1,1,0,0,6,0.0,0.0,350.76666259765625,393.5,0,8,2,2024-08-03,0.0,0.0,0.0,0.0,0
17,0.0,0.0,0.0,0.0,1.0,0,1,1.0,1.0,0.0,1,1,0,1,1,0,0,6,0.0,0.0,372.29998779296875,431.8999938964844,0,8,2,2024-08-03,0.0,0.0,0.0,0.0,0
18,0.0,0.0,0.0,0.0,1.0,0,1,1.0,1.0,0.0,1,1,0,1,1,0,0,6,0.0,0.0,372.29998779296875,431.8999938964844,0,8,2,2024-08-03,0.0,0.0,0.0,0.0,0
19,-32.11000022888189,286.10000228881836,289.60000228881836,575.7000045776367,1.0,0,1,1.0,1.0,1.0,1,1,1,1,1,0,0,6,0.0,0.0,618.6899875640869,754.1100002288819,1,8,2,2024-08-03,28.610000228881837,28.96000022888184,57.570000457763676,6.626188507385698e-10,0
20,-290.28538423672273,0.0,355.60000228881836,355.60000228881836,1.0,0,1,1.0,1.0,1.0,1,1,1,1,1,0,6,0,0.0,0.0,316.748978556246,1039.6854086507851,1,8,2,2024-08-03,0.0,35.56000022888184,35.56000022888184,4.039278899587721e-08,0
21,-99.44500198364253,0.0,369.3000030517578,369.3000030517578,1.0,0,1,1.0,1.0,1.0,1,1,1,1,1,0,6,0,0.0,0.0,477.09747848510744,848.845026397705,1,8,2,2024-08-03,0.0,36.93000030517578,36.93000030517578,6.197720794210615e-09,0
22,43.1366633097336,489.7333386739095,492.9000053405762,982.6333440144856,1.0,0,1,1.0,1.0,1.0,1,1,1,1,1,6,0,0,0.0,0.0,545.7240351359055,717.2633000691726,1,8,2,2024-08-03,48.97333386739095,49.29000053405762,98.26333440144856,0.029963250227422043,0
23,0.0,0.0,0.0,0.0,1.0,0,1,1.0,1.0,0.0,1,1,0,1,1,0,0,6,0.0,0.0,546.413818359375,829.6000366210938,0,8,2,2024-08-03,0.0,0.0,0.0,0.0,0
24,-3.7428079223633195,605.0760040283203,634.2000045776367,1239.276008605957,1.0,0,1,1.0,1.0,1.0,1,1,1,1,1,6,0,0,0.02656757769360533,0.0,589.0006002807617,910.1428323364258,1,8,2,2024-08-03,60.50760040283203,63.42000045776368,123.9276008605957,0.009784561193739829,0
25,5.12615369628758,623.2000045776367,0.0,623.2000045776367,1.0,0,1,1.0,1.0,1.0,1,1,1,1,1,5,0,1,0.05333240287105907,0.0,589.9632508642563,928.7738707177749,1,8,2,2024-08-03,62.320000457763676,0.0,62.320000457763676,0.036740146917544535,0
26,46.339004799836175,0.0,700.7000045776367,700.7000045776367,1.0,0,1,1.0,1.0,1.0,1,1,1,1,1,0,0,6,0.0,0.0,647.0590975732737,929.3609463720388,1,8,2,2024-08-03,0.0,70.07000045776367,70.07000045776367,4.0421665591849987e-10,0
27,58.2400005340574,686.8000049591064,692.4000053405762,1379.2000102996826,1.0,0,1,1.0,1.0,1.0,1,1,1,1,1,0,6,0,0.0,0.0,723.6200664520261,978.4599506378177,1,8,2,2024-08-03,68.68000049591065,69.24000053405761,137.92000102996826,8.297631867359297e-10,0
28,346.37964976539064,719.9000053405762,0.0,719.9000053405762,1.0,0,1,1.0,1.0,1.0,1,1,1,1,1,6,0,0,0.0,0.0,1052.9809681247657,706.2203258205468,1,8,2,2024-08-03,71.99000053405761,0.0,71.99000053405761,1.5409800744898207e-08,0
29,0.0,0.0,0.0,0.0,1.0,0,1,1.0,1.0,0.0,1,1,0,1,1,0,0,6,0.0,0.0,903.3787841796875,1130.0999755859375,0,8,2,2024-08-03,0.0,0.0,0.0,0.0,0
30,241.57592976355616,828.2000045776367,0.0,828.2000045776367,1.0,0,1,1.0,1.0,1.0,1,1,1,1,1,6,0,0,0.0,0.0,1201.6146260526186,930.3239725801939,1,8,2,2024-08-03,82.82000045776368,0.0,82.82000045776368,2.4501100575499462e-09,0
31,0.0,0.0,0.0,0.0,1.0,0,1,1.0,1.0,0.0,1,1,0,1,1,0,0,6,0.0,0.0,909.5277099609375,1111.0,0,8,2,2024-08-03,0.0,0.0,0.0,0.0,0
32,0.0,0.0,0.0,0.0,1.0,0,1,1.0,1.0,0.0,1,1,0,1,1,0,0,6,0.0,0.0,859.5276489257812,1061.0,0,8,2,2024-08-03,0.0,0.0,0.0,0.0,0
33,133.65500144958494,689.7000045776367,689.7000045776367,1379.4000091552734,1.0,0,1,1.0,1.0,1.0,1,1,1,1,1,6,0,0,0.0,0.0,963.6220424652099,927.3449985504151,1,8,2,2024-08-03,68.97000045776367,68.97000045776367,137.94000091552735,1.935833007946494e-09,0
34,146.4700004577637,689.7000045776367,689.7000045776367,1379.4000091552734,1.0,0,1,1.0,1.0,1.0,1,1,1,1,1,0,0,6,0.0,0.0,1003.4950248718262,948.6299751281738,1,8,2,2024-08-03,68.97000045776367,68.97000045776367,137.94000091552735,5.530951362971126e-10,0
35,222.11984296897236,667.9157193868118,661.2001795651826,1329.1158989519945,1.0,0,1,1.0,1.0,1.0,1,1,1,1,1,0,0,6,0.0,0.0,1154.5049748049098,878.5802302732152,1,8,2,2024-08-03,66.79157193868119,66.12001795651825,132.91158989519946,3.308029715485766e-10,0
36,81.72000045776366,250.0,817.2000045776367,1067.2000045776367,1.0,0,1,1.0,1.0,1.0,1,1,1,1,1,0,2,4,0.0,0.0,1106.9397270202637,1076.5133979797363,1,8,2,2024-08-03,25.0,81.72000045776367,106.72000045776367,0.1099763259764795,0
37,54.43566728969144,826.3666714986166,831.5000038146973,1657.8666753133139,1.0,0,1,1.0,1.0,1.0,1,1,1,1,1,0,6,0,0.0,0.0,1003.8551619185977,1037.9642350540585,1,8,2,2024-08-03,82.63666714986167,83.15000038146974,165.7866675313314,9.986454804368614e-10,0
38,111.54000129699709,813.4000053405762,813.4000053405762,1626.8000106811523,1.0,0,1,1.0,1.0,1.0,1,1,1,1,1,2,0,4,0.0,0.0,1038.2885974884034,1039.1599498748778,1,8,2,2024-08-03,81.34000053405762,81.34000053405762,162.68000106811525,0.030060120109999432,0
39,790.7900058746338,708.9000053405762,0.0,708.9000053405762,1.0,0,1,1.0,1.0,1.0,1,1,1,1,1,6,0,0,0.0,0.0,1719.0306674957276,355.00992088317867,1,8,2,2024-08-03,70.89000053405762,0.0,70.89000053405762,3.9282395083575415e-08,0
40,227.73314407336073,631.4986722310384,0.0,631.4986722310384,1.0,0,1,1.0,1.0,1.0,1,1,1,1,1,6,0,0,0.0,0.0,1261.9423725889858,857.1668803407017,1,8,2,2024-08-03,63.14986722310385,0.0,63.14986722310385,7.973531881608935e-09,0
41,576.3009366099064,621.990672047933,0.0,621.990672047933,1.0,0,1,1.0,1.0,1.0,1,1,1,1,1,0,6,0,0.0,0.0,1581.4923428599063,455.02926358540606,1,8,2,2024-08-03,62.1990672047933,0.0,62.1990672047933,4.460768232260224e-08,0
42,79.30032700540058,583.3666714986166,588.5000038146973,1171.8666753133139,1.0,0,1,1.0,1.0,1.0,1,1,1,1,1,6,0,0,0.0,0.0,993.8013646030569,848.9944117641306,1,8,2,2024-08-03,58.33666714986166,58.85000038146973,117.1866675313314,3.0029631565297525e-09,0
43,51.98000030517579,519.8000030517578,519.8000030517578,1039.6000061035156,1.0,0,1,1.0,1.0,1.0,1,1,1,1,1,2,0,4,0.0,0.0,1029.2218826293945,942.9243576049805,1,8,2,2024-08-03,51.980000305175786,51.980000305175786,103.96000061035157,0.04843019423037146,0
44,53.81073212087761,440.0666669209798,444.10000228881836,884.1666692097981,1.0,0,1,1.0,1.0,1.0,1,1,1,1,1,0,6,0,0.0,0.0,1059.6673605388464,925.3514993244349,1,8,2,2024-08-03,44.00666669209798,44.41000022888184,88.41666692097982,0.3153934671988773,0
45,-52.110002136230456,370.76666768391925,374.8000030517578,745.566670735677,1.0,0,1,1.0,1.0,1.0,1,1,1,1,1,0,6,0,0.0,0.0,881.6380447387695,964.8109298706055,1,8,2,2024-08-03,37.076666768391924,37.480000305175786,74.55666707356771,2.0466028771841316e-09,0
46,-50.74000091552735,315.4000015258789,315.4000015258789,630.8000030517578,1.0,0,1,1.0,1.0,1.0,1,1,1,1,1,0,1,5,0.0,0.0,800.6926773071289,904.6631576538086,1,8,2,2024-08-03,31.540000152587893,31.540000152587893,63.08000030517579,0.04008016141579759,0
47,64.7211436254023,344.50000381469727,310.8654002103277,655.365404025025,1.0,0,1,1.0,1.0,1.0,1,1,1,1,1,0,6,0,0.0,0.0,872.3472422582148,735.5371571558477,1,8,2,2024-08-03,34.45000038146973,31.086540021032775,65.5365404025025,0.1140695119442984,0
0,0.0,0.0,0.0,0.0,1.0,0,1,1.0,1.0,1.0,1,1,1,1,1,0,0,6,0.0,0.0,196.8000030517578,223.60000610351562,0,9,0,2024-08-03,0.0,0.0,0.0,0.0,0
1,0.0,0.0,0.0,0.0,1.0,0,1,1.0,1.0,0.0,1,1,0,1,1,0,0,6,0.0,0.0,207.8000030517578,234.60000610351562,0,9,0,2024-08-03,0.0,0.0,0.0,0.0,0
2,0.0,0.0,0.0,0.0,1.0,0,1,1.0,1.0,1.0,1,1,1,1,1,0,0,6,0.0,0.0,196.8000030517578,223.60000610351562,0,9,0,2024-08-03,0.0,0.0,0.0,0.0,0
3,0.0,0.0,0.0,0.0,1.0,0,1,1.0,1.0,0.8333333333333334,1,1,0,1,1,0,0,6,0.0,0.0,188.60000610351562,215.39999389648438,0,9,0,2024-08-03,0.0,0.0,0.0,0.0,0
4,0.0,0.0,0.0,0.0,1.0,0,1,1.0,1.0,0.8333333333333334,1,1,0,1,1,0,0,6,0.0,0.0,177.60000610351562,204.39999389648438,0,9,0,2024-08-03,0.0,0.0,0.0,0.0,0
5,0.0,0.0,0.0,0.0,1.0,0,1,1.0,1.0,0.8333333333333334,1,1,0,1,1,0,0,6,0.0,0.0,177.60000610351562,204.39999389648438,0,9,0,2024-08-03,0.0,0.0,0.0,0.0,0
6,0.0,0.0,0.0,0.0,1.0,0,1,1.0,1.0,0.0,1,1,0,1,1,0,0,6,0.0,0.0,177.60000610351562,204.39999389648438,0,9,0,2024-08-03,0.0,0.0,0.0,0.0,0
7,0.0,0.0,0.0,0.0,1.0,0,1,1.0,1.0,0.3333333333333333,1,1,0,1,1,0,0,6,0.0,0.0,127.5999984741211,154.39999389648438,0,9,0,2024-08-03,0.0,0.0,0.0,0.0,0
8,0.0,0.0,0.0,0.0,1.0,0,1,1.0,1.0,1.0,1,1,1,1,1,0,0,6,0.0,0.0,127.5999984741211,154.39999389648438,0,9,0,2024-08-03,0.0,0.0,0.0,0.0,0
9,0.0,0.0,0.0,0.0,1.0,0,1,1.0,1.0,1.0,1,1,1,1,1,0,0,6,0.0,0.0,138.10000610351562,173.60000610351562,0,9,0,2024-08-03,0.0,0.0,0.0,0.0,0
10,0.0,0.0,0.0,0.0,1.0,0,1,1.0,1.0,1.0,1,1,1,1,1,0,0,6,0.0,0.0,138.10000610351562,173.60000610351562,0,9,0,2024-08-03,0.0,0.0,0.0,0.0,0
11,0.0,0.0,0.0,0.0,1.0,0,1,1.0,1.0,1.0,1,1,1,1,1,0,0,6,0.0,0.0,138.10000610351562,173.60000610351562,0,9,0,2024-08-03,0.0,0.0,0.0,0.0,0
12,0.0,0.0,0.0,0.0,1.0,0,1,1.0,1.0,1.0,1,1,1,1,1,0,0,6,0.0,0.0,168.3000030517578,203.8000030517578,0,9,0,2024-08-03,0.0,0.0,0.0,0.0,0
13,0.0,0.0,0.0,0.0,1.0,0,1,1.0,1.0,0.3333333333333333,1,1,0,1,1,0,0,6,0.0,0.0,258.20001220703125,317.1000061035156,0,9,0,2024-08-03,0.0,0.0,0.0,0.0,0
14,0.0,0.0,0.0,0.0,1.0,0,1,1.0,1.0,0.0,1,1,0,1,1,0,0,6,0.0,0.0,258.20001220703125,317.1000061035156,0,9,0,2024-08-03,0.0,0.0,0.0,0.0,0
15,0.0,0.0,0.0,0.0,1.0,0,1,1.0,1.0,0.0,1,1,0,1,1,0,0,6,0.0,0.0,285.70001220703125,344.6000061035156,0,9,0,2024-08-03,0.0,0.0,0.0,0.0,0
16,0.0,0.0,0.0,0.0,1.0,0,1,1.0,1.0,0.0,1,1,0,1,1,0,0,6,0.0,0.0,384.1000061035156,438.0,0,9,0,2024-08-03,0.0,0.0,0.0,0.0,0
17,0.0,0.0,0.0,0.0,1.0,0,1,1.0,1.0,0.0,1,1,0,1,1,0,0,6,0.0,0.0,421.29998779296875,484.70001220703125,0,9,0,2024-08-03,0.0,0.0,0.0,0.0,0
18,0.0,0.0,0.0,0.0,1.0,0,1,1.0,1.0,0.0,1,1,0,1,1,0,0,6,0.0,0.0,489.5999755859375,593.0,0,9,0,2024-08-03,0.0,0.0,0.0,0.0,0
19,-32.11000022888189,286.10000228881836,289.60000228881836,575.7000045776367,1.0,0,1,1.0,1.0,1.0,1,1,1,1,1,0,0,6,0.0,0.0,612.4042209625244,798.8100124359131,1,9,0,2024-08-03,28.610000228881837,28.96000022888184,57.570000457763676,6.626188507385698e-10,0
20,-290.28538423672273,0.0,355.60000228881836,355.60000228881836,1.0,0,1,1.0,1.0,1.0,1,1,1,1,1,0,6,0,0.0,0.0,247.44215482577727,1134.4853964437539,1,9,0,2024-08-03,0.0,35.56000022888184,35.56000022888184,4.039278899587721e-08,0
21,-99.44500198364253,0.0,369.3000030517578,369.3000030517578,1.0,0,1,1.0,1.0,1.0,1,1,1,1,1,0,6,0,0.0,0.0,407.6549430847168,993.1450141906738,1,9,0,2024-08-03,0.0,36.93000030517578,36.93000030517578,6.197720794210615e-09,0
22,43.1366633097336,489.7333386739095,492.9000053405762,982.6333440144856,1.0,0,1,1.0,1.0,1.0,1,1,1,1,1,6,0,0,0.009669485280113882,0.0,484.9978693644211,892.2633611043289,1,9,0,2024-08-03,48.97333386739095,49.29000053405762,98.26333440144856,1.8116549722342246e-09,0
23,0.0,0.0,0.0,0.0,1.0,0,1,1.0,1.0,0.0,1,1,0,1,1,0,0,6,0.0,0.0,497.51666259765625,1035.4000244140625,0,9,0,2024-08-03,0.0,0.0,0.0,0.0,0
24,-3.7428079223633195,605.0760040283203,634.2000045776367,1239.276008605957,1.0,0,1,1.0,1.0,1.0,1,1,1,1,1,0,0,6,0.2184093573197595,0.0,472.92174285888666,1022.5427957153321,1,9,0,2024-08-03,60.50760040283203,63.42000045776368,123.9276008605957,4.617252075565009e-11,0
25,5.12615369628758,623.2000045776367,0.0,623.2000045776367,1.0,0,1,1.0,1.0,1.0,1,1,1,1,1,0,0,6,0.17089005985904146,0.0,516.7013184912095,1066.3738463037125,1,9,0,2024-08-03,62.320000457763676,0.0,62.320000457763676,3.645729861504272e-10,0
26,46.339004799836175,0.0,700.7000045776367,700.7000045776367,1.0,0,1,1.0,1.0,1.0,1,1,1,1,1,0,0,6,0.0,0.0,591.6308749170237,1091.0608975439138,1,9,0,2024-08-03,0.0,70.07000045776367,70.07000045776367,4.0421665591849987e-10,0
27,58.2400005340574,686.8000049591064,692.4000053405762,1379.2000102996826,1.0,0,1,1.0,1.0,1.0,1,1,1,1,1,0,6,0,0.03301640343973645,0.0,664.1243389129636,1145.0599262237552,1,9,0,2024-08-03,68.68000049591065,69.24000053405761,137.92000102996826,8.297631867359297e-10,0
28,346.37964976539064,719.9000053405762,0.0,719.9000053405762,1.0,0,1,1.0,1.0,1.0,1,1,1,1,1,6,0,0,0.0,0.0,942.375560409922,890.0202525783593,1,9,0,2024-08-03,71.99000053405761,0.0,71.99000053405761,1.5409800744898207e-08,0
29,0.0,0.0,0.0,0.0,1.0,0,1,1.0,1.0,0.0,1,1,0,1,1,0,0,6,0.0,0.0,763.9672241210938,1222.699951171875,0,9,0,2024-08-03,0.0,0.0,0.0,0.0,0
30,241.57592976355616,828.2000045776367,0.0,828.2000045776367,1.0,0,1,1.0,1.0,1.0,1,1,1,1,1,6,0,0,0.0,0.0,1041.3301411893374,1008.6240214083189,1,9,0,2024-08-03,82.82000045776368,0.0,82.82000045776368,2.4501100575499462e-09,0
31,0.0,0.0,0.0,0.0,1.0,0,1,1.0,1.0,0.0,1,1,0,1,1,0,0,6,0.0,0.0,921.728515625,1261.199951171875,0,9,0,2024-08-03,0.0,0.0,0.0,0.0,0
32,0.0,0.0,0.0,0.0,1.0,0,1,1.0,1.0,0.0,1,1,0,1,1,0,0,6,0.0,0.0,984.1220703125,1291.9998779296875,0,9,0,2024-08-03,0.0,0.0,0.0,0.0,0
33,133.65500144958494,689.7000045776367,689.7000045776367,1379.4000091552734,1.0,0,1,1.0,1.0,1.0,1,1,1,1,1,6,0,0,0.0,0.0,1054.4436977386474,1058.3448764801026,1,9,0,2024-08-03,68.97000045776367,68.97000045776367,137.94000091552735,1.935833007946494e-09,0
34,146.4700004577637,689.7000045776367,689.7000045776367,1379.4000091552734,1.0,0,1,1.0,1.0,1.0,1,1,1,1,1,0,0,6,0.0,0.0,1075.86556930542,1025.7298286437988,1,9,0,2024-08-03,68.97000045776367,68.97000045776367,137.94000091552735,5.530951362971126e-10,0
35,222.11984296897236,667.9157193868118,661.2001795651826,1329.1158989519945,1.0,0,1,1.0,1.0,1.0,1,1,1,1,1,0,0,6,0.0,0.0,1068.5229801760036,862.6802058591527,1,9,0,2024-08-03,66.79157193868119,66.12001795651825,132.91158989519946,3.308029715485766e-10,0
36,81.72000045776366,250.0,817.2000045776367,1067.2000045776367,1.0,0,1,1.0,1.0,1.0,1,1,1,1,1,0,0,6,0.0,0.0,836.1828910827637,917.38003616333,1,9,0,2024-08-03,25.0,81.72000045776367,106.72000045776367,7.148982957469444e-10,0
37,54.43566728969144,826.3666714986166,831.5000038146973,1657.8666753133139,1.0,0,1,1.0,1.0,1.0,1,1,1,1,1,0,6,0,0.10020765038785213,0.0,743.5584089889102,867.1643693314023,1,9,0,2024-08-03,82.63666714986167,83.15000038146974,165.7866675313314,9.986454804368614e-10,0
38,111.54000129699709,813.4000053405762,813.4000053405762,1626.8000106811523,1.0,0,1,1.0,1.0,1.0,1,1,1,1,1,0,0,6,0.025363229266619887,0.014310250470891612,792.7695545196533,801.760047531128,1,9,0,2024-08-03,81.34000053405762,81.34000053405762,162.68000106811525,2.344908679327907e-10,0
39,790.7900058746338,708.9000053405762,0.0,708.9000053405762,1.0,0,1,1.0,1.0,1.0,1,1,1,1,1,6,0,0,0.0,0.0,1470.7771884918213,98.54037742614742,1,9,0,2024-08-03,70.89000053405762,0.0,70.89000053405762,3.9282395083575415e-08,0
40,227.73314407336073,631.4986722310384,0.0,631.4986722310384,1.0,0,1,1.0,1.0,1.0,1,1,1,1,1,6,0,0,0.0,0.0,992.1331684874233,513.768015594608,1,9,0,2024-08-03,63.14986722310385,0.0,63.14986722310385,7.973531881608935e-09,0
41,576.3009366099064,621.990672047933,0.0,621.990672047933,1.0,0,1,1.0,1.0,1.0,1,1,1,1,1,0,6,0,0.0,0.0,1279.1009854380313,126.49911221821856,1,9,0,2024-08-03,62.1990672047933,0.0,62.1990672047933,4.460768232260224e-08,0
42,79.30032700540058,583.3666714986166,588.5000038146973,1171.8666753133139,1.0,0,1,1.0,1.0,1.0,1,1,1,1,1,6,0,0,0.0,0.060285167076471066,712.9003636264944,553.0221827602244,1,9,0,2024-08-03,58.33666714986166,58.85000038146973,117.1866675313314,3.0029631565297525e-09,0
43,51.98000030517579,519.8000030517578,519.8000030517578,1039.6000061035156,1.0,0,1,1.0,1.0,1.0,1,1,1,1,1,0,0,6,0.0,0.0,666.3800247192382,561.142497253418,1,9,0,2024-08-03,51.980000305175786,51.980000305175786,103.96000061035157,7.338778953582614e-10,0
44,53.81073212087761,440.0666669209798,444.10000228881836,884.1666692097981,1.0,0,1,1.0,1.0,1.0,1,1,1,1,1,0,6,0,0.0,0.0,621.5107443279088,512.6117532306849,1,9,0,2024-08-03,44.00666669209798,44.41000022888184,88.41666692097982,1.893634383652612e-09,0
45,-52.110002136230456,370.76666768391925,374.8000030517578,745.566670735677,1.0,0,1,1.0,1.0,1.0,1,1,1,1,1,0,6,0,0.0,0.0,515.5900100708008,618.532487487793,1,9,0,2024-08-03,37.076666768391924,37.480000305175786,74.55666707356771,2.0466028771841316e-09,0
46,-50.74000091552735,315.4000015258789,315.4000015258789,630.8000030517578,1.0,0,1,1.0,1.0,1.0,1,1,1,1,1,0,0,6,0.0,0.0,470.25999908447267,571.7400009155274,1,9,0,2024-08-03,31.540000152587893,31.540000152587893,63.08000030517579,1.2094791480529353e-09,0
47,64.7211436254023,344.50000381469727,310.8654002103277,655.365404025025,1.0,0,1,1.0,1.0,1.0,1,1,1,1,1,0,6,0,0.0,0.06429322053432693,420.32114972891793,290.8788624781133,1,9,0,2024-08-03,34.45000038146973,31.086540021032775,65.5365404025025,3.0585693028669413e-09,0
0,0.0,0.0,0.0,0.0,1.0,0,1,1.0,1.0,1.0,1,1,1,1,1,0,0,6,0.0,0.0,181.59999084472656,225.89999389648438,0,9,1,2024-08-03,0.0,0.0,0.0,0.0,0
1,0.0,0.0,0.0,0.0,1.0,0,1,1.0,1.0,0.6666666666666666,1,1,0,1,1,0,0,6,0.0,0.0,181.59999084472656,225.89999389648438,0,9,1,2024-08-03,0.0,0.0,0.0,0.0,0
2,0.0,0.0,0.0,0.0,1.0,0,1,1.0,1.0,0.0,1,1,0,1,1,0,0,6,0.0,0.0,143.1999969482422,187.5,0,9,1,2024-08-03,0.0,0.0,0.0,0.0,0
3,0.0,0.0,0.0,0.0,1.0,0,1,1.0,1.0,1.0,1,1,1,1,1,0,0,6,0.0,0.0,154.1999969482422,198.5,0,9,1,2024-08-03,0.0,0.0,0.0,0.0,0
4,0.0,0.0,0.0,0.0,1.0,0,1,1.0,1.0,1.0,1,1,1,1,1,0,0,6,0.0,0.0,173.39999389648438,217.6999969482422,0,9,1,2024-08-03,0.0,0.0,0.0,0.0,0
5,0.0,0.0,0.0,0.0,1.0,0,1,1.0,1.0,1.0,1,1,1,1,1,0,0,6,0.0,0.0,173.39999389648438,217.6999969482422,0,9,1,2024-08-03,0.0,0.0,0.0,0.0,0
6,0.0,0.0,0.0,0.0,1.0,0,1,1.0,1.0,1.0,1,1,1,1,1,0,0,6,0.0,0.0,173.39999389648438,217.6999969482422,0,9,1,2024-08-03,0.0,0.0,0.0,0.0,0
7,0.0,0.0,0.0,0.0,1.0,0,1,1.0,1.0,1.0,1,1,1,1,1,0,0,6,0.0,0.0,173.39999389648438,217.6999969482422,0,9,1,2024-08-03,0.0,0.0,0.0,0.0,0
8,0.0,0.0,0.0,0.0,1.0,0,1,1.0,1.0,1.0,1,1,1,1,1,0,0,6,0.0,0.0,173.39999389648438,217.6999969482422,0,9,1,2024-08-03,0.0,0.0,0.0,0.0,0
9,0.0,0.0,0.0,0.0,1.0,0,1,1.0,1.0,1.0,1,1,1,1,1,0,0,6,0.0,0.0,173.39999389648438,217.6999969482422,0,9,1,2024-08-03,0.0,0.0,0.0,0.0,0
10,0.0,0.0,0.0,0.0,1.0,0,1,1.0,1.0,0.6666666666666666,1,1,0,1,1,0,0,6,0.0,0.0,147.39999389648438,190.1999969482422,0,9,1,2024-08-03,0.0,0.0,0.0,0.0,0
11,0.0,0.0,0.0,0.0,1.0,0,1,1.0,1.0,1.0,1,1,1,1,1,0,0,6,0.0,0.0,147.39999389648438,190.1999969482422,0,9,1,2024-08-03,0.0,0.0,0.0,0.0,0
12,0.0,0.0,0.0,0.0,1.0,0,1,1.0,1.0,1.0,1,1,1,1,1,0,0,6,0.0,0.0,174.89999389648438,217.6999969482422,0,9,1,2024-08-03,0.0,0.0,0.0,0.0,0
13,0.0,0.0,0.0,0.0,1.0,0,1,1.0,1.0,0.6666666666666666,1,1,0,1,1,0,0,6,0.0,0.0,243.60000610351562,286.8999938964844,0,9,1,2024-08-03,0.0,0.0,0.0,0.0,0
14,0.0,0.0,0.0,0.0,1.0,0,1,1.0,1.0,0.0,1,1,0,1,1,0,0,6,0.0,0.0,293.6000061035156,336.9000244140625,0,9,1,2024-08-03,0.0,0.0,0.0,0.0,0
15,0.0,0.0,0.0,0.0,1.0,0,1,1.0,1.0,0.0,1,1,0,1,1,0,0,6,0.0,0.0,304.6000061035156,347.9000244140625,0,9,1,2024-08-03,0.0,0.0,0.0,0.0,0
16,0.0,0.0,0.0,0.0,1.0,0,1,1.0,1.0,0.0,1,1,0,1,1,0,0,6,0.0,0.0,435.5999755859375,510.6000061035156,0,9,1,2024-08-03,0.0,0.0,0.0,0.0,0
17,0.0,0.0,0.0,0.0,1.0,0,1,1.0,1.0,0.0,1,1,0,1,1,0,0,6,0.0,0.0,469.933349609375,538.0999755859375,0,9,1,2024-08-03,0.0,0.0,0.0,0.0,0
18,0.0,0.0,0.0,0.0,1.0,0,1,1.0,1.0,0.0,1,1,0,1,1,0,0,6,0.0,0.0,503.79998779296875,549.0999755859375,0,9,1,2024-08-03,0.0,0.0,0.0,0.0,0
19,-32.11000022888189,286.10000228881836,289.60000228881836,575.7000045776367,1.0,0,1,1.0,1.0,1.0,1,1,1,1,1,0,0,6,0.0,0.0,676.3627170562744,791.1100002288819,1,9,1,2024-08-03,28.610000228881837,28.96000022888184,57.570000457763676,6.626188507385698e-10,0
20,-290.28538423672273,0.0,355.60000228881836,355.60000228881836,1.0,0,1,1.0,1.0,1.0,1,1,1,1,1,0,6,0,0.0,0.0,292.4068154703085,1024.4853354085976,1,9,1,2024-08-03,0.0,35.56000022888184,35.56000022888184,4.039278899587721e-08,0
21,-99.44500198364253,0.0,369.3000030517578,369.3000030517578,1.0,0,1,1.0,1.0,1.0,1,1,1,1,1,0,6,0,0.0,0.0,448.4846244812012,833.6449531555176,1,9,1,2024-08-03,0.0,36.93000030517578,36.93000030517578,6.197720794210615e-09,0
22,43.1366633097336,489.7333386739095,492.9000053405762,982.6333440144856,1.0,0,1,1.0,1.0,1.0,1,1,1,1,1,6,0,0,0.0,0.0,654.5977228800461,776.2633611043289,1,9,1,2024-08-03,48.97333386739095,49.29000053405762,98.26333440144856,1.8116549722342246e-09,0
23,0.0,0.0,0.0,0.0,1.0,0,1,1.0,1.0,0.0,1,1,0,1,1,0,0,6,0.0,0.0,651.5345458984375,887.5999755859375,0,9,1,2024-08-03,0.0,0.0,0.0,0.0,0
24,-3.7428079223633195,605.0760040283203,634.2000045776367,1239.276008605957,1.0,0,1,1.0,1.0,1.0,1,1,1,1,1,0,0,6,0.0,0.0,695.4668478393554,952.2428689575196,1,9,1,2024-08-03,60.50760040283203,63.42000045776368,123.9276008605957,4.617252075565009e-11,0
25,5.12615369628758,623.2000045776367,0.0,623.2000045776367,1.0,0,1,1.0,1.0,1.0,1,1,1,1,1,0,0,6,0.0,0.0,730.4379212744126,973.5739195458999,1,9,1,2024-08-03,62.320000457763676,0.0,62.320000457763676,3.645729861504272e-10,0
26,46.339004799836175,0.0,700.7000045776367,700.7000045776367,1.0,0,1,1.0,1.0,1.0,1,1,1,1,1,0,0,6,0.0,0.0,774.6640780420237,943.3610684423513,1,9,1,2024-08-03,0.0,70.07000045776367,70.07000045776367,4.0421665591849987e-10,0
27,58.2400005340574,686.8000049591064,692.4000053405762,1379.2000102996826,1.0,0,1,1.0,1.0,1.0,1,1,1,1,1,0,6,0,0.0,0.0,749.2148540496823,942.3600360870364,1,9,1,2024-08-03,68.68000049591065,69.24000053405761,137.92000102996826,8.297631867359297e-10,0
28,346.37964976539064,719.9000053405762,0.0,719.9000053405762,1.0,0,1,1.0,1.0,1.0,1,1,1,1,1,6,0,0,0.0,0.0,1035.2336536716407,615.8203624416406,1,9,1,2024-08-03,71.99000053405761,0.0,71.99000053405761,1.5409800744898207e-08,0
29,0.0,0.0,0.0,0.0,1.0,0,1,1.0,1.0,0.0,1,1,0,1,1,0,0,6,0.0,0.0,864.5758056640625,1012.2000122070312,0,9,1,2024-08-03,0.0,0.0,0.0,0.0,0
30,241.57592976355616,828.2000045776367,0.0,828.2000045776367,1.0,0,1,1.0,1.0,1.0,1,1,1,1,1,6,0,0,0.0,0.0,1112.0118428494936,754.1240824434751,1,9,1,2024-08-03,82.82000045776368,0.0,82.82000045776368,2.4501100575499462e-09,0
31,0.0,0.0,0.0,0.0,1.0,0,1,1.0,1.0,0.0,1,1,0,1,1,0,0,6,0.0,0.0,877.6784057617188,970.7999877929688,0,9,1,2024-08-03,0.0,0.0,0.0,0.0,0
32,0.0,0.0,0.0,0.0,1.0,0,1,1.0,1.0,0.0,1,1,0,1,1,0,0,6,0.0,0.0,827.6784057617188,920.7999877929688,0,9,1,2024-08-03,0.0,0.0,0.0,0.0,0
33,133.65500144958494,689.7000045776367,689.7000045776367,1379.4000091552734,1.0,0,1,1.0,1.0,1.0,1,1,1,1,1,6,0,0,0.0,0.0,979.0415370941162,759.6449863433838,1,9,1,2024-08-03,68.97000045776367,68.97000045776367,137.94000091552735,1.935833007946494e-09,0
34,146.4700004577637,689.7000045776367,689.7000045776367,1379.4000091552734,1.0,0,1,1.0,1.0,1.0,1,1,1,1,1,0,0,6,0.0,0.0,1029.8457328796387,768.378815460205,1,9,1,2024-08-03,68.97000045776367,68.97000045776367,137.94000091552735,5.530951362971126e-10,0
35,222.11984296897236,667.9157193868118,661.2001795651826,1329.1158989519945,1.0,0,1,1.0,1.0,1.0,1,1,1,1,1,0,0,6,0.0,0.09420580412641404,1019.9411930666286,598.9112849607152,1,9,1,2024-08-03,66.79157193868119,66.12001795651825,132.91158989519946,3.308029715485766e-10,0
36,81.72000045776366,250.0,817.2000045776367,1067.2000045776367,1.0,0,1,1.0,1.0,1.0,1,1,1,1,1,0,0,6,0.0,0.0976231149889697,883.538176727295,737.4223945617675,1,9,1,2024-08-03,25.0,81.72000045776367,106.72000045776367,7.148982957469444e-10,0
37,54.43566728969144,826.3666714986166,831.5000038146973,1657.8666753133139,1.0,0,1,1.0,1.0,1.0,1,1,1,1,1,0,6,0,0.020020587790742138,0.1366032145845325,809.8223250045352,717.9144303665586,1,9,1,2024-08-03,82.63666714986167,83.15000038146974,165.7866675313314,9.986454804368614e-10,0
38,111.54000129699709,813.4000053405762,813.4000053405762,1626.8000106811523,1.0,0,1,1.0,1.0,1.0,1,1,1,1,1,0,0,6,0.0,0.06922703339460717,967.975059890747,757.0907360076905,1,9,1,2024-08-03,81.34000053405762,81.34000053405762,162.68000106811525,2.344908679327907e-10,0
39,790.7900058746338,708.9000053405762,0.0,708.9000053405762,1.0,0,1,1.0,1.0,1.0,1,1,1,1,1,6,0,0,0.0,0.0,1680.7044956207276,87.61801414489742,1,9,1,2024-08-03,70.89000053405762,0.0,70.89000053405762,3.9282395083575415e-08,0
40,227.73314407336073,631.4986722310384,0.0,631.4986722310384,1.0,0,1,1.0,1.0,1.0,1,1,1,1,1,6,0,0,0.0,0.0,1169.4332173155483,653.4715068055455,1,9,1,2024-08-03,63.14986722310385,0.0,63.14986722310385,7.973531881608935e-09,0
41,576.3009366099064,621.990672047933,0.0,621.990672047933,1.0,0,1,1.0,1.0,1.0,1,1,1,1,1,0,6,0,0.0,0.0,1421.4009121958438,99.59249600728106,1,9,1,2024-08-03,62.1990672047933,0.0,62.1990672047933,4.460768232260224e-08,0
42,79.30032700540058,583.3666714986166,588.5000038146973,1171.8666753133139,1.0,0,1,1.0,1.0,1.0,1,1,1,1,1,6,0,0,0.0,0.12790859351791048,874.4003025913381,513.2257960414744,1,9,1,2024-08-03,58.33666714986166,58.85000038146973,117.1866675313314,3.0029631565297525e-09,0
43,51.98000030517579,519.8000030517578,519.8000030517578,1039.6000061035156,1.0,0,1,1.0,1.0,1.0,1,1,1,1,1,0,0,6,0.0,0.0,832.2094924926757,594.4555465698243,1,9,1,2024-08-03,51.980000305175786,51.980000305175786,103.96000061035157,7.338778953582614e-10,0
44,53.81073212087761,440.0666669209798,444.10000228881836,884.1666692097981,1.0,0,1,1.0,1.0,1.0,1,1,1,1,1,0,6,0,0.0,0.0,744.9403707927526,516.6158425861537,1,9,1,2024-08-03,44.00666669209798,44.41000022888184,88.41666692097982,1.893634383652612e-09,0
45,-52.110002136230456,370.76666768391925,374.8000030517578,745.566670735677,1.0,0,1,1.0,1.0,1.0,1,1,1,1,1,0,6,0,0.0,0.0,494.06956329345707,551.8881393432617,1,9,1,2024-08-03,37.076666768391924,37.480000305175786,74.55666707356771,2.0466028771841316e-09,0
46,-50.74000091552735,315.4000015258789,315.4000015258789,630.8000030517578,1.0,0,1,1.0,1.0,1.0,1,1,1,1,1,0,0,6,0.0,0.0,492.8674819946289,554.4729721069336,1,9,1,2024-08-03,31.540000152587893,31.540000152587893,63.08000030517579,1.2094791480529353e-09,0
47,64.7211436254023,344.50000381469727,310.8654002103277,655.365404025025,1.0,0,1,1.0,1.0,1.0,1,1,1,1,1,0,6,0,0.0,0.0,656.3940562230586,511.9138661402227,1,9,1,2024-08-03,34.45000038146973,31.086540021032775,65.5365404025025,3.0585693028669413e-09,0
0,0.0,0.0,0.0,0.0,1.0,0,1,1.0,1.0,1.0,1,1,1,1,1,0,0,6,0.0,0.0,253.39999389648438,281.3999938964844,0,9,2,2024-08-03,0.0,0.0,0.0,0.0,0
1,0.0,0.0,0.0,0.0,1.0,0,1,1.0,1.0,1.0,1,1,1,1,1,0,0,6,0.0,0.0,280.8999938964844,308.8999938964844,0,9,2,2024-08-03,0.0,0.0,0.0,0.0,0
2,0.0,0.0,0.0,0.0,1.0,0,1,1.0,1.0,0.6666666666666666,1,1,0,1,1,0,0,6,0.0,0.0,327.6000061035156,355.6000061035156,0,9,2,2024-08-03,0.0,0.0,0.0,0.0,0
3,0.0,0.0,0.0,0.0,1.0,0,1,1.0,1.0,0.0,1,1,0,1,1,0,0,6,0.0,0.0,335.8999938964844,363.8999938964844,0,9,2,2024-08-03,0.0,0.0,0.0,0.0,0
4,0.0,0.0,0.0,0.0,1.0,0,1,1.0,1.0,0.0,1,1,0,1,1,0,0,6,0.0,0.0,308.3999938964844,336.3999938964844,0,9,2,2024-08-03,0.0,0.0,0.0,0.0,0
5,0.0,0.0,0.0,0.0,1.0,0,1,1.0,1.0,0.0,1,1,0,1,1,0,0,6,0.0,0.0,280.8999938964844,308.8999938964844,0,9,2,2024-08-03,0.0,0.0,0.0,0.0,0
6,0.0,0.0,0.0,0.0,1.0,0,1,1.0,1.0,0.0,1,1,0,1,1,0,0,6,0.0,0.0,300.8999938964844,308.8999938964844,0,9,2,2024-08-03,0.0,0.0,0.0,0.0,0
7,0.0,0.0,0.0,0.0,1.0,0,1,1.0,1.0,0.0,1,1,0,1,1,0,0,6,0.0,0.0,250.89999389648438,258.8999938964844,0,9,2,2024-08-03,0.0,0.0,0.0,0.0,0
8,0.0,0.0,0.0,0.0,1.0,0,1,1.0,1.0,0.0,1,1,0,1,1,0,0,6,0.0,0.0,250.89999389648438,258.8999938964844,0,9,2,2024-08-03,0.0,0.0,0.0,0.0,0
9,0.0,0.0,0.0,0.0,1.0,0,1,1.0,1.0,0.0,1,1,0,1,1,0,0,6,0.0,0.0,231.6999969482422,239.6999969482422,0,9,2,2024-08-03,0.0,0.0,0.0,0.0,0
10,0.0,0.0,0.0,0.0,1.0,0,1,1.0,1.0,0.0,1,1,0,1,1,0,0,6,0.0,0.0,231.6999969482422,239.6999969482422,0,9,2,2024-08-03,0.0,0.0,0.0,0.0,0
11,0.0,0.0,0.0,0.0,1.0,0,1,1.0,1.0,0.0,1,1,0,1,1,0,0,6,0.0,0.0,231.6999969482422,239.6999969482422,0,9,2,2024-08-03,0.0,0.0,0.0,0.0,0
12,0.0,0.0,0.0,0.0,1.0,0,1,1.0,1.0,0.0,1,1,0,1,1,0,0,6,0.0,0.0,231.6999969482422,239.6999969482422,0,9,2,2024-08-03,0.0,0.0,0.0,0.0,0
13,0.0,0.0,0.0,0.0,1.0,0,1,1.0,1.0,0.0,1,1,0,1,1,0,0,6,0.0,0.0,259.20001220703125,267.20001220703125,0,9,2,2024-08-03,0.0,0.0,0.0,0.0,0
14,0.0,0.0,0.0,0.0,1.0,0,1,1.0,1.0,0.0,1,1,0,1,1,0,0,6,0.0,0.0,297.70001220703125,305.70001220703125,0,9,2,2024-08-03,0.0,0.0,0.0,0.0,0
15,0.0,0.0,0.0,0.0,1.0,0,1,1.0,1.0,0.0,1,1,0,1,1,0,0,6,0.0,0.0,324.70001220703125,333.20001220703125,0,9,2,2024-08-03,0.0,0.0,0.0,0.0,0
16,0.0,0.0,0.0,0.0,1.0,0,1,1.0,1.0,0.0,1,1,0,1,1,0,0,6,0.0,0.0,341.5,375.0,0,9,2,2024-08-03,0.0,0.0,0.0,0.0,0
17,0.0,0.0,0.0,0.0,1.0,0,1,1.0,1.0,0.0,1,1,0,1,1,0,0,6,0.0,0.0,453.79998779296875,479.29998779296875,0,9,2,2024-08-03,0.0,0.0,0.0,0.0,0
18,0.0,0.0,0.0,0.0,1.0,0,1,1.0,1.0,0.0,1,1,0,1,1,0,0,6,0.0,0.0,514.7999877929688,540.2999877929688,0,9,2,2024-08-03,0.0,0.0,0.0,0.0,0
19,-32.11000022888189,286.10000228881836,289.60000228881836,575.7000045776367,1.0,0,1,1.0,1.0,1.0,1,1,1,1,1,0,0,6,0.0,0.0,538.4720310211181,641.6100002288819,1,9,2,2024-08-03,28.610000228881837,28.96000022888184,57.570000457763676,6.626188507385698e-10,0
20,-290.28538423672273,0.0,355.60000228881836,355.60000228881836,1.0,0,1,1.0,1.0,1.0,1,1,1,1,1,0,6,0,0.0,0.0,223.13209623202727,883.2853842367227,1,9,2,2024-08-03,0.0,35.56000022888184,35.56000022888184,4.039278899587721e-08,0
21,-99.44500198364253,0.0,369.3000030517578,369.3000030517578,1.0,0,1,1.0,1.0,1.0,1,1,1,1,1,0,6,0,0.0,0.0,433.38361129760744,753.4450019836426,1,9,2,2024-08-03,0.0,36.93000030517578,36.93000030517578,6.197720794210615e-09,0
22,43.1366633097336,489.7333386739095,492.9000053405762,982.6333440144856,1.0,0,1,1.0,1.0,1.0,1,1,1,1,1,6,0,0,0.0,0.0,590.0034235636399,638.3633366902664,1,9,2,2024-08-03,48.97333386739095,49.29000053405762,98.26333440144856,1.8116549722342246e-09,0
23,0.0,0.0,0.0,0.0,1.0,0,1,1.0,1.0,0.0,1,1,0,1,1,0,0,6,0.0,0.0,632.17919921875,839.2000122070312,0,9,2,2024-08-03,0.0,0.0,0.0,0.0,0
24,-3.7428079223633195,605.0760040283203,634.2000045776367,1239.276008605957,1.0,0,1,1.0,1.0,1.0,1,1,1,1,1,0,0,6,0.0,0.0,670.9363912963867,931.4428201293946,1,9,2,2024-08-03,60.50760040283203,63.42000045776368,123.9276008605957,4.617252075565009e-11,0
25,5.12615369628758,623.2000045776367,0.0,623.2000045776367,1.0,0,1,1.0,1.0,1.0,1,1,1,1,1,0,0,6,0.0,0.0,643.5620667822251,914.2738096826187,1,9,2,2024-08-03,62.320000457763676,0.0,62.320000457763676,3.645729861504272e-10,0
26,46.339004799836175,0.0,700.7000045776367,700.7000045776367,1.0,0,1,1.0,1.0,1.0,1,1,1,1,1,0,0,6,0.0,0.0,689.4489291162424,892.2610318212576,1,9,2,2024-08-03,0.0,70.07000045776367,70.07000045776367,4.0421665591849987e-10,0
27,58.2400005340574,686.8000049591064,692.4000053405762,1379.2000102996826,1.0,0,1,1.0,1.0,1.0,1,1,1,1,1,0,6,0,0.0,0.0,723.9598491668698,913.3600360870364,1,9,2,2024-08-03,68.68000049591065,69.24000053405761,137.92000102996826,8.297631867359297e-10,0
28,346.37964976539064,719.9000053405762,0.0,719.9000053405762,1.0,0,1,1.0,1.0,1.0,1,1,1,1,1,6,0,0,0.0,0.0,1002.890452988047,655.9203990627343,1,9,2,2024-08-03,71.99000053405761,0.0,71.99000053405761,1.5409800744898207e-08,0
29,0.0,0.0,0.0,0.0,1.0,0,1,1.0,1.0,0.0,1,1,0,1,1,0,0,6,0.0,0.0,813.1571044921875,1076.5,0,9,2,2024-08-03,0.0,0.0,0.0,0.0,0
30,241.57592976355616,828.2000045776367,0.0,828.2000045776367,1.0,0,1,1.0,1.0,1.0,1,1,1,1,1,6,0,0,0.0,0.0,1098.9765645291811,870.7241190645689,1,9,2,2024-08-03,82.82000045776368,0.0,82.82000045776368,2.4501100575499462e-09,0
31,0.0,0.0,0.0,0.0,1.0,0,1,1.0,1.0,0.0,1,1,0,1,1,0,0,6,0.0,0.0,908.72900390625,1131.4000244140625,0,9,2,2024-08-03,0.0,0.0,0.0,0.0,0
32,0.0,0.0,0.0,0.0,1.0,0,1,1.0,1.0,0.0,1,1,0,1,1,0,0,6,0.0,0.0,875.22900390625,1097.9000244140625,0,9,2,2024-08-03,0.0,0.0,0.0,0.0,0
33,133.65500144958494,689.7000045776367,689.7000045776367,1379.4000091552734,1.0,0,1,1.0,1.0,1.0,1,1,1,1,1,6,0,0,0.0,0.0,958.8840053558349,914.2450229644776,1,9,2,2024-08-03,68.97000045776367,68.97000045776367,137.94000091552735,1.935833007946494e-09,0
34,146.4700004577637,689.7000045776367,689.7000045776367,1379.4000091552734,1.0,0,1,1.0,1.0,1.0,1,1,1,1,1,0,0,6,0.0,0.0,1032.299407196045,956.3300483703613,1,9,2,2024-08-03,68.97000045776367,68.97000045776367,137.94000091552735,5.530951362971126e-10,0
35,222.11984296897236,667.9157193868118,661.2001795651826,1329.1158989519945,1.0,0,1,1.0,1.0,1.0,1,1,1,1,1,0,0,6,0.0,0.0,1140.4790958986598,911.4801326169652,1,9,2,2024-08-03,66.79157193868119,66.12001795651825,132.91158989519946,3.308029715485766e-10,0
36,81.72000045776366,250.0,817.2000045776367,1067.2000045776367,1.0,0,1,1.0,1.0,1.0,1,1,1,1,1,0,0,6,0.0,0.0,994.1668998718262,979.3466499328613,1,9,2,2024-08-03,25.0,81.72000045776367,106.72000045776367,7.148982957469444e-10,0
37,54.43566728969144,826.3666714986166,831.5000038146973,1657.8666753133139,1.0,0,1,1.0,1.0,1.0,1,1,1,1,1,0,6,0,0.0,0.0,939.3681624068789,979.6643082962461,1,9,2,2024-08-03,82.63666714986167,83.15000038146974,165.7866675313314,9.986454804368614e-10,0
38,111.54000129699709,813.4000053405762,813.4000053405762,1626.8000106811523,1.0,0,1,1.0,1.0,1.0,1,1,1,1,1,0,0,6,0.0,0.0,1002.6282581329345,922.5599742889405,1,9,2,2024-08-03,81.34000053405762,81.34000053405762,162.68000106811525,2.344908679327907e-10,0
39,790.7900058746338,708.9000053405762,0.0,708.9000053405762,1.0,0,1,1.0,1.0,1.0,1,1,1,1,1,6,0,0,0.0,0.0,1650.57180519104,129.92349510192867,1,9,2,2024-08-03,70.89000053405762,0.0,70.89000053405762,3.9282395083575415e-08,0
40,227.73314407336073,631.4986722310384,0.0,631.4986722310384,1.0,0,1,1.0,1.0,1.0,1,1,1,1,1,6,0,0,0.0,0.0,1029.433156280392,573.9668681336705,1,9,2,2024-08-03,63.14986722310385,0.0,63.14986722310385,7.973531881608935e-09,0
41,576.3009366099064,621.990672047933,0.0,621.990672047933,1.0,0,1,1.0,1.0,1.0,1,1,1,1,1,0,6,0,0.0,0.0,1397.2009610239688,231.46224698384356,1,9,2,2024-08-03,62.1990672047933,0.0,62.1990672047933,4.460768232260224e-08,0
42,79.30032700540058,583.3666714986166,588.5000038146973,1171.8666753133139,1.0,0,1,1.0,1.0,1.0,1,1,1,1,1,6,0,0,0.0,0.0,894.6003147983694,683.3824732875681,1,9,2,2024-08-03,58.33666714986166,58.85000038146973,117.1866675313314,3.0029631565297525e-09,0
43,51.98000030517579,519.8000030517578,519.8000030517578,1039.6000061035156,1.0,0,1,1.0,1.0,1.0,1,1,1,1,1,0,0,6,0.0,0.0,867.2799880981445,710.5764572143555,1,9,2,2024-08-03,51.980000305175786,51.980000305175786,103.96000061035157,7.338778953582614e-10,0
44,53.81073212087761,440.0666669209798,444.10000228881836,884.1666692097981,1.0,0,1,1.0,1.0,1.0,1,1,1,1,1,0,6,0,0.0,0.0,838.9107077068151,688.8059060627162,1,9,2,2024-08-03,44.00666669209798,44.41000022888184,88.41666692097982,1.893634383652612e-09,0
45,-52.110002136230456,370.76666768391925,374.8000030517578,745.566670735677,1.0,0,1,1.0,1.0,1.0,1,1,1,1,1,0,6,0,0.0,0.0,694.489973449707,761.6089645385742,1,9,2,2024-08-03,37.076666768391924,37.480000305175786,74.55666707356771,2.0466028771841316e-09,0
46,-50.74000091552735,315.4000015258789,315.4000015258789,630.8000030517578,1.0,0,1,1.0,1.0,1.0,1,1,1,1,1,0,0,6,0.0,0.0,541.4600112915039,620.7522689819336,1,9,2,2024-08-03,31.540000152587893,31.540000152587893,63.08000030517579,1.2094791480529353e-09,0
47,64.7211436254023,344.50000381469727,310.8654002103277,655.365404025025,1.0,0,1,1.0,1.0,1.0,1,1,1,1,1,0,6,0,0.0,0.0,629.4211558324336,478.02000627694144,1,9,2,2024-08-03,34.45000038146973,31.086540021032775,65.5365404025025,3.0585693028669413e-09,0
0,0.0,0.0,0.0,0.0,1.0,0,1,1.0,1.0,1.0,1,1,1,1,1,0,0,6,0.0,0.0,230.89999389648438,230.89999389648438,0,10,0,2024-08-03,0.0,0.0,0.0,0.0,0
1,0.0,0.0,0.0,0.0,1.0,0,1,1.0,1.0,0.5,1,1,0,1,1,0,0,6,0.0,0.0,230.89999389648438,230.89999389648438,0,10,0,2024-08-03,0.0,0.0,0.0,0.0,0
2,0.0,0.0,0.0,0.0,1.0,0,1,1.0,1.0,0.0,1,1,0,1,1,0,0,6,0.0,0.0,230.89999389648438,230.89999389648438,0,10,0,2024-08-03,0.0,0.0,0.0,0.0,0
3,0.0,0.0,0.0,0.0,1.0,0,1,1.0,1.0,0.0,1,1,0,1,1,0,0,6,0.0,0.0,230.89999389648438,230.89999389648438,0,10,0,2024-08-03,0.0,0.0,0.0,0.0,0
4,0.0,0.0,0.0,0.0,1.0,0,1,1.0,1.0,0.0,1,1,0,1,1,0,0,6,0.0,0.0,230.89999389648438,230.89999389648438,0,10,0,2024-08-03,0.0,0.0,0.0,0.0,0
5,0.0,0.0,0.0,0.0,1.0,0,1,1.0,1.0,0.0,1,1,0,1,1,0,0,6,0.0,0.0,203.39999389648438,203.39999389648438,0,10,0,2024-08-03,0.0,0.0,0.0,0.0,0
6,0.0,0.0,0.0,0.0,1.0,0,1,1.0,1.0,0.0,1,1,0,1,1,0,0,6,0.0,0.0,203.39999389648438,203.39999389648438,0,10,0,2024-08-03,0.0,0.0,0.0,0.0,0
7,0.0,0.0,0.0,0.0,1.0,0,1,1.0,1.0,0.0,1,1,0,1,1,0,0,6,0.0,0.0,203.39999389648438,203.39999389648438,0,10,0,2024-08-03,0.0,0.0,0.0,0.0,0
8,0.0,0.0,0.0,0.0,1.0,0,1,1.0,1.0,0.0,1,1,0,1,1,0,0,6,0.0,0.0,192.39999389648438,192.39999389648438,0,10,0,2024-08-03,0.0,0.0,0.0,0.0,0
9,0.0,0.0,0.0,0.0,1.0,0,1,1.0,1.0,0.0,1,1,0,1,1,0,0,6,0.0,0.0,219.89999389648438,219.89999389648438,0,10,0,2024-08-03,0.0,0.0,0.0,0.0,0
10,0.0,0.0,0.0,0.0,1.0,0,1,1.0,1.0,0.5,1,1,0,1,1,0,0,6,0.0,0.0,181.39999389648438,181.39999389648438,0,10,0,2024-08-03,0.0,0.0,0.0,0.0,0
11,0.0,0.0,0.0,0.0,1.0,0,1,1.0,1.0,1.0,1,1,1,1,1,0,0,6,0.0,0.0,181.39999389648438,181.39999389648438,0,10,0,2024-08-03,0.0,0.0,0.0,0.0,0
12,0.0,0.0,0.0,0.0,1.0,0,1,1.0,1.0,0.5,1,1,0,1,1,0,0,6,0.0,0.0,208.89999389648438,208.89999389648438,0,10,0,2024-08-03,0.0,0.0,0.0,0.0,0
13,0.0,0.0,0.0,0.0,1.0,0,1,1.0,1.0,0.0,1,1,0,1,1,0,0,6,0.0,0.0,255.59999084472656,255.59999084472656,0,10,0,2024-08-03,0.0,0.0,0.0,0.0,0
14,0.0,0.0,0.0,0.0,1.0,0,1,1.0,1.0,0.0,1,1,0,1,1,0,0,6,0.0,0.0,228.09999084472656,228.09999084472656,0,10,0,2024-08-03,0.0,0.0,0.0,0.0,0
15,0.0,0.0,0.0,0.0,1.0,0,1,1.0,1.0,0.0,1,1,0,1,1,0,0,6,0.0,0.0,278.0999755859375,273.0999755859375,0,10,0,2024-08-03,0.0,0.0,0.0,0.0,0
16,0.0,0.0,0.0,0.0,1.0,0,1,1.0,1.0,0.0,1,1,0,1,1,0,0,6,0.0,0.0,278.0999755859375,273.0999755859375,0,10,0,2024-08-03,0.0,0.0,0.0,0.0,0
17,0.0,0.0,0.0,0.0,1.0,0,1,1.0,1.0,0.0,1,1,0,1,1,0,0,6,0.0,0.0,358.1999816894531,353.1999816894531,0,10,0,2024-08-03,0.0,0.0,0.0,0.0,0
18,0.0,0.0,0.0,0.0,1.0,0,1,1.0,1.0,0.0,1,1,0,1,1,0,0,6,0.0,0.0,548.3999633789062,554.3999633789062,0,10,0,2024-08-03,0.0,0.0,0.0,0.0,0
19,-32.11000022888189,286.10000228881836,289.60000228881836,575.7000045776367,1.0,0,1,1.0,1.0,1.0,1,1,1,1,1,0,0,6,0.0,0.0,600.7702487945556,673.1048732757569,1,10,0,2024-08-03,28.610000228881837,28.96000022888184,57.570000457763676,6.626188507385698e-10,0
20,-290.28538423672273,0.0,355.60000228881836,355.60000228881836,1.0,0,1,1.0,1.0,1.0,1,1,1,1,1,0,6,0,0.0,0.0,392.2351846109335,989.6854086507852,1,10,0,2024-08-03,0.0,35.56000022888184,35.56000022888184,4.039278899587721e-08,0
21,-99.44500198364253,0.0,369.3000030517578,369.3000030517578,1.0,0,1,1.0,1.0,1.0,1,1,1,1,1,0,6,0,0.0,0.0,568.1104789733887,834.5450386047363,1,10,0,2024-08-03,0.0,36.93000030517578,36.93000030517578,0.033400126860460996,0
22,43.1366633097336,489.7333386739095,492.9000053405762,982.6333440144856,1.0,0,1,1.0,1.0,1.0,1,1,1,1,1,6,0,0,0.0,0.0,785.9492853800461,873.9634343465164,1,10,0,2024-08-03,48.97333386739095,49.29000053405762,98.26333440144856,1.8116549722342246e-09,0
23,0.0,0.0,0.0,0.0,1.0,0,1,1.0,1.0,0.0,1,1,0,1,1,0,0,6,0.0,0.0,684.7171020507812,908.800048828125,0,10,0,2024-08-03,0.0,0.0,0.0,0.0,0
24,-3.7428079223633195,605.0760040283203,634.2000045776367,1239.276008605957,1.0,0,1,1.0,1.0,1.0,1,1,1,1,1,2,0,4,0.0,0.0,700.1743063354492,931.7428079223633,1,10,0,2024-08-03,60.50760040283203,63.42000045776368,123.9276008605957,0.03261520376366125,0
25,5.12615369628758,623.2000045776367,0.0,623.2000045776367,1.0,0,1,1.0,1.0,1.0,1,1,1,1,1,1,0,5,0.0,0.0,659.3863465673813,964.0739195458999,1,10,0,2024-08-03,62.320000457763676,0.0,62.320000457763676,0.0033400136875704,0
26,46.339004799836175,0.0,700.7000045776367,700.7000045776367,1.0,0,1,1.0,1.0,1.0,1,1,1,1,1,0,0,6,0.0,0.0,734.8254549951487,988.8610684423513,1,10,0,2024-08-03,0.0,70.07000045776367,70.07000045776367,4.0421665591849987e-10,0
27,58.2400005340574,686.8000049591064,692.4000053405762,1379.2000102996826,1.0,0,1,1.0,1.0,1.0,1,1,1,1,1,6,0,0,0.0,0.0,705.1043193817136,974.1600238800052,1,10,0,2024-08-03,68.68000049591065,69.24000053405761,137.92000102996826,0.18461807845879172,0
28,346.37964976539064,719.9000053405762,0.0,719.9000053405762,0.8333333333333334,1,0,0.8333333333333334,1.0,1.0,0,1,1,0,1,6,0,0,0.0,0.0,933.3848987888282,702.5203746486718,1,10,0,2024-08-03,71.99000053405761,0.0,71.99000053405761,0.4475617939210961,1
29,0.0,0.0,0.0,0.0,1.0,0,1,1.0,1.0,0.0,1,1,0,1,1,0,0,6,0.0,0.0,569.2015991210938,1013.800048828125,0,10,0,2024-08-03,0.0,0.0,0.0,0.0,0
30,241.57592976355616,828.2000045776367,0.0,828.2000045776367,1.0,0,1,1.0,1.0,1.0,1,1,1,1,1,6,0,0,0.08452852054600607,0.0,758.1934834744936,698.0241068575376,1,10,0,2024-08-03,82.82000045776368,0.0,82.82000045776368,2.4501100575499462e-09,0
31,0.0,0.0,0.0,0.0,1.0,0,1,1.0,1.0,0.0,1,1,0,1,1,0,0,6,0.0,0.0,595.1430053710938,1008.7999877929688,0,10,0,2024-08-03,0.0,0.0,0.0,0.0,0
32,0.0,0.0,0.0,0.0,1.0,0,1,1.0,1.0,0.0,1,1,0,1,1,0,0,6,0.0,0.0,534.33447265625,915.2999877929688,0,10,0,2024-08-03,0.0,0.0,0.0,0.0,0
33,133.65500144958494,689.7000045776367,689.7000045776367,1379.4000091552734,1.0,0,1,1.0,1.0,1.0,1,1,1,1,1,6,0,0,0.0,0.0,712.7965419769287,823.3449985504151,1,10,0,2024-08-03,68.97000045776367,68.97000045776367,137.94000091552735,1.935833007946494e-09,0
34,146.4700004577637,689.7000045776367,689.7000045776367,1379.4000091552734,1.0,0,1,1.0,1.0,1.0,1,1,1,1,1,0,0,6,0.0,0.0,693.4486381530762,772.0299995422363,1,10,0,2024-08-03,68.97000045776367,68.97000045776367,137.94000091552735,5.530951362971126e-10,0
35,222.11984296897236,667.9157193868118,661.2001795651826,1329.1158989519945,1.0,0,1,1.0,1.0,1.0,1,1,1,1,1,0,0,6,0.0,0.0,779.3080753908473,696.3800959958714,1,10,0,2024-08-03,66.79157193868119,66.12001795651825,132.91158989519946,3.308029715485766e-10,0
36,81.72000045776366,250.0,817.2000045776367,1067.2000045776367,1.0,0,1,1.0,1.0,1.0,1,1,1,1,1,0,0,6,0.0,0.05068534733056483,598.3022148132325,775.77993850708,1,10,0,2024-08-03,25.0,81.72000045776367,106.72000045776367,7.148982957469444e-10,0
37,54.43566728969144,826.3666714986166,831.5000038146973,1657.8666753133139,1.0,0,1,1.0,1.0,1.0,1,1,1,1,1,1,5,0,0.3756576273953573,0.11742107255362338,515.9357283248477,733.8643815384336,1,10,0,2024-08-03,82.63666714986167,83.15000038146974,165.7866675313314,0.009989015423752592,0
38,111.54000129699709,813.4000053405762,813.4000053405762,1626.8000106811523,1.0,0,1,1.0,1.0,1.0,1,1,1,1,1,1,0,5,0.17463110355837955,0.04295550332943949,671.3550647735595,778.459998703003,1,10,0,2024-08-03,81.34000053405762,81.34000053405762,162.68000106811525,0.05344021534402075,0
39,790.7900058746338,708.9000053405762,0.0,708.9000053405762,1.0,0,1,1.0,1.0,1.0,1,1,1,1,1,6,0,0,0.0,0.0,1345.111111831665,44.310030746459915,1,10,0,2024-08-03,70.89000053405762,0.0,70.89000053405762,3.9282395083575415e-08,0
40,227.73314407336073,631.4986722310384,0.0,631.4986722310384,1.0,0,1,1.0,1.0,1.0,1,1,1,1,1,6,0,0,0.0,0.0,1054.6331684874233,599.1668803407017,1,10,0,2024-08-03,63.14986722310385,0.0,63.14986722310385,7.973531881608935e-09,0
41,576.3009366099064,621.990672047933,0.0,621.990672047933,1.0,0,1,1.0,1.0,1.0,1,1,1,1,1,0,6,0,0.0,0.0,1287.2009610239688,134.59908780415606,1,10,0,2024-08-03,62.1990672047933,0.0,62.1990672047933,4.460768232260224e-08,0
42,79.30032700540058,583.3666714986166,588.5000038146973,1171.8666753133139,1.0,0,1,1.0,1.0,1.0,1,1,1,1,1,5,1,0,0.0,0.0,771.0004002475881,599.7725489711619,1,10,0,2024-08-03,58.33666714986166,58.85000038146973,117.1866675313314,0.0821887846338354,0
43,51.98000030517579,519.8000030517578,519.8000030517578,1039.6000061035156,1.0,0,1,1.0,1.0,1.0,1,1,1,1,1,0,2,4,0.0,0.0,717.8576248168945,623.1199752807618,1,10,0,2024-08-03,51.980000305175786,51.980000305175786,103.96000061035157,0.05010020319708715,0
44,53.81073212087761,440.0666669209798,444.10000228881836,884.1666692097981,1.0,0,1,1.0,1.0,1.0,1,1,1,1,1,0,6,0,0.0,0.0,623.0597555583776,524.3720681720912,1,10,0,2024-08-03,44.00666669209798,44.41000022888184,88.41666692097982,1.893634383652612e-09,0
45,-52.110002136230456,370.76666768391925,374.8000030517578,745.566670735677,1.0,0,1,1.0,1.0,1.0,1,1,1,1,1,0,6,0,0.0,0.0,510.5992874145508,630.2438522338867,1,10,0,2024-08-03,37.076666768391924,37.480000305175786,74.55666707356771,2.0466028771841316e-09,0
46,-50.74000091552735,315.4000015258789,315.4000015258789,630.8000030517578,1.0,0,1,1.0,1.0,1.0,1,1,1,1,1,0,0,6,0.0,0.0,432.16905670166017,572.1400253295899,1,10,0,2024-08-03,31.540000152587893,31.540000152587893,63.08000030517579,1.2094791480529353e-09,0
47,64.7211436254023,344.50000381469727,310.8654002103277,655.365404025025,1.0,0,1,1.0,1.0,1.0,1,1,1,1,1,0,6,0,0.0,0.07523050854309885,398.99644269766793,287.4788380640508,1,10,0,2024-08-03,34.45000038146973,31.086540021032775,65.5365404025025,0.12674390440747635,0
0,0.0,0.0,0.0,0.0,1.0,0,1,1.0,1.0,1.0,1,1,1,1,1,0,0,6,0.0,0.0,218.6999969482422,234.1999969482422,0,10,1,2024-08-03,0.0,0.0,0.0,0.0,0
1,0.0,0.0,0.0,0.0,1.0,0,1,1.0,1.0,0.0,1,1,0,1,1,0,0,6,0.0,0.0,218.6999969482422,234.1999969482422,0,10,1,2024-08-03,0.0,0.0,0.0,0.0,0
2,0.0,0.0,0.0,0.0,1.0,0,1,1.0,1.0,0.3333333333333333,1,1,0,1,1,0,0,6,0.0,0.0,206.6999969482422,206.6999969482422,0,10,1,2024-08-03,0.0,0.0,0.0,0.0,0
3,0.0,0.0,0.0,0.0,1.0,0,1,1.0,1.0,1.0,1,1,1,1,1,0,0,6,0.0,0.0,206.6999969482422,206.6999969482422,0,10,1,2024-08-03,0.0,0.0,0.0,0.0,0
4,0.0,0.0,0.0,0.0,1.0,0,1,1.0,1.0,1.0,1,1,1,1,1,0,0,6,0.0,0.0,206.6999969482422,206.6999969482422,0,10,1,2024-08-03,0.0,0.0,0.0,0.0,0
5,0.0,0.0,0.0,0.0,1.0,0,1,1.0,1.0,1.0,1,1,1,1,1,0,0,6,0.0,0.0,206.6999969482422,206.6999969482422,0,10,1,2024-08-03,0.0,0.0,0.0,0.0,0
6,0.0,0.0,0.0,0.0,1.0,0,1,1.0,1.0,1.0,1,1,1,1,1,0,0,6,0.0,0.0,206.6999969482422,206.6999969482422,0,10,1,2024-08-03,0.0,0.0,0.0,0.0,0
7,0.0,0.0,0.0,0.0,1.0,0,1,1.0,1.0,1.0,1,1,1,1,1,0,0,6,0.0,0.0,206.6999969482422,206.6999969482422,0,10,1,2024-08-03,0.0,0.0,0.0,0.0,0
8,0.0,0.0,0.0,0.0,1.0,0,1,1.0,1.0,0.8333333333333334,1,1,0,1,1,0,0,6,0.0,0.0,234.1999969482422,234.1999969482422,0,10,1,2024-08-03,0.0,0.0,0.0,0.0,0
9,0.0,0.0,0.0,0.0,1.0,0,1,1.0,1.0,0.0,1,1,0,1,1,0,0,6,0.0,0.0,234.1999969482422,232.33334350585938,0,10,1,2024-08-03,0.0,0.0,0.0,0.0,0
10,0.0,0.0,0.0,0.0,1.0,0,1,1.0,1.0,0.16666666666666666,1,1,0,1,1,0,0,6,0.0,0.0,184.1999969482422,184.1999969482422,0,10,1,2024-08-03,0.0,0.0,0.0,0.0,0
11,0.0,0.0,0.0,0.0,1.0,0,1,1.0,1.0,0.0,1,1,0,1,1,0,0,6,0.0,0.0,211.6999969482422,211.6999969482422,0,10,1,2024-08-03,0.0,0.0,0.0,0.0,0
12,0.0,0.0,0.0,0.0,1.0,0,1,1.0,1.0,0.0,1,1,0,1,1,0,0,6,0.0,0.0,239.1999969482422,239.1999969482422,0,10,1,2024-08-03,0.0,0.0,0.0,0.0,0
13,0.0,0.0,0.0,0.0,1.0,0,1,1.0,1.0,0.0,1,1,0,1,1,0,0,6,0.0,0.0,242.89999389648438,261.70001220703125,0,10,1,2024-08-03,0.0,0.0,0.0,0.0,0
14,0.0,0.0,0.0,0.0,1.0,0,1,1.0,1.0,0.0,1,1,0,1,1,0,0,6,0.0,0.0,242.89999389648438,261.70001220703125,0,10,1,2024-08-03,0.0,0.0,0.0,0.0,0
15,0.0,0.0,0.0,0.0,1.0,0,1,1.0,1.0,0.6666666666666666,1,1,0,1,1,0,0,6,0.0,0.0,255.49998474121094,278.70001220703125,0,10,1,2024-08-03,0.0,0.0,0.0,0.0,0
16,0.0,0.0,0.0,0.0,1.0,0,1,1.0,1.0,1.0,1,1,1,1,1,0,0,6,0.0,0.0,313.20001220703125,336.4000244140625,0,10,1,2024-08-03,0.0,0.0,0.0,0.0,0
17,0.0,0.0,0.0,0.0,1.0,0,1,1.0,1.0,1.0,1,1,1,1,1,0,0,6,0.0,0.0,513.0,536.6000366210938,0,10,1,2024-08-03,0.0,0.0,0.0,0.0,0
18,0.0,0.0,0.0,0.0,1.0,0,1,1.0,1.0,0.8333333333333334,1,1,0,1,1,0,0,6,0.0,0.0,636.7000122070312,660.300048828125,0,10,1,2024-08-03,0.0,0.0,0.0,0.0,0
19,-32.11000022888189,286.10000228881836,289.60000228881836,575.7000045776367,1.0,0,1,1.0,1.0,1.0,1,1,1,1,1,0,0,6,0.0,0.0,765.8176120758056,855.0100246429444,1,10,1,2024-08-03,28.610000228881837,28.96000022888184,57.570000457763676,6.626188507385698e-10,0
20,-290.28538423672273,0.0,355.60000228881836,355.60000228881836,1.0,0,1,1.0,1.0,1.0,1,1,1,1,1,0,6,0,0.0,0.0,478.68373197421477,1125.9244223226601,1,10,1,2024-08-03,0.0,35.56000022888184,35.56000022888184,4.039278899587721e-08,0
21,-99.44500198364253,0.0,369.3000030517578,369.3000030517578,1.0,0,1,1.0,1.0,1.0,1,1,1,1,1,0,6,0,0.0,0.0,557.4447074890137,906.7450508117676,1,10,1,2024-08-03,0.0,36.93000030517578,36.93000030517578,0.033400126860460996,0
22,43.1366633097336,489.7333386739095,492.9000053405762,982.6333440144856,1.0,0,1,1.0,1.0,1.0,1,1,1,1,1,6,0,0,0.0,0.0,690.3198908487961,764.1633855183914,1,10,1,2024-08-03,48.97333386739095,49.29000053405762,98.26333440144856,1.8116549722342246e-09,0
23,0.0,0.0,0.0,0.0,1.0,0,1,1.0,1.0,0.0,1,1,0,1,1,0,0,6,0.0,0.0,695.6888427734375,881.5,0,10,1,2024-08-03,0.0,0.0,0.0,0.0,0
24,-3.7428079223633195,605.0760040283203,634.2000045776367,1239.276008605957,1.0,0,1,1.0,1.0,1.0,1,1,1,1,1,2,0,4,0.0,0.0,830.5443014526367,1007.0428567504883,1,10,1,2024-08-03,60.50760040283203,63.42000045776368,123.9276008605957,0.03261520376366125,0
25,5.12615369628758,623.2000045776367,0.0,623.2000045776367,1.0,0,1,1.0,1.0,1.0,1,1,1,1,1,1,0,5,0.0,0.0,780.1239564306626,1069.749944936525,1,10,1,2024-08-03,62.320000457763676,0.0,62.320000457763676,0.0033400136875704,0
26,46.339004799836175,0.0,700.7000045776367,700.7000045776367,1.0,0,1,1.0,1.0,1.0,1,1,1,1,1,0,0,6,0.0,0.0,771.5340121240549,1004.7842862157888,1,10,1,2024-08-03,0.0,70.07000045776367,70.07000045776367,4.0421665591849987e-10,0
27,58.2400005340574,686.8000049591064,692.4000053405762,1379.2000102996826,1.0,0,1,1.0,1.0,1.0,1,1,1,1,1,6,0,0,0.0004773248228115847,0.0,686.4721782684323,1016.0300189971927,1,10,1,2024-08-03,68.68000049591065,69.24000053405761,137.92000102996826,0.18461807845879172,0
28,346.37964976539064,719.9000053405762,0.0,719.9000053405762,1.0,0,1,1.0,1.0,1.0,1,1,1,1,1,6,0,0,0.0,0.0,840.7306629489844,724.1203502346093,1,10,1,2024-08-03,71.99000053405761,0.0,71.99000053405761,0.4475617939210961,0
29,0.0,0.0,0.0,0.0,1.0,0,1,1.0,1.0,0.0,1,1,0,1,1,0,0,6,0.0,0.0,563.2097778320312,1155.60009765625,0,10,1,2024-08-03,0.0,0.0,0.0,0.0,0
30,241.57592976355616,828.2000045776367,0.0,828.2000045776367,1.0,0,1,1.0,1.0,1.0,1,1,1,1,1,6,0,0,0.0,0.0,913.7153950955874,1021.7241190645689,1,10,1,2024-08-03,82.82000045776368,0.0,82.82000045776368,2.4501100575499462e-09,0
31,0.0,0.0,0.0,0.0,1.0,0,1,1.0,1.0,0.0,1,1,0,1,1,0,0,6,0.0,0.0,847.6901245117188,1356.800048828125,0,10,1,2024-08-03,0.0,0.0,0.0,0.0,0
32,0.0,0.0,0.0,0.0,1.0,0,1,1.0,1.0,0.0,1,1,0,1,1,0,0,6,0.0,0.0,756.6524047851562,1249.0999755859375,0,10,1,2024-08-03,0.0,0.0,0.0,0.0,0
33,133.65500144958494,689.7000045776367,689.7000045776367,1379.4000091552734,1.0,0,1,1.0,1.0,1.0,1,1,1,1,1,6,0,0,0.0,0.0,856.4906948089599,1077.0450717926026,1,10,1,2024-08-03,68.97000045776367,68.97000045776367,137.94000091552735,1.935833007946494e-09,0
34,146.4700004577637,689.7000045776367,689.7000045776367,1379.4000091552734,1.0,0,1,1.0,1.0,1.0,1,1,1,1,1,0,0,6,0.0,0.0,895.8801567077637,1053.2300727844238,1,10,1,2024-08-03,68.97000045776367,68.97000045776367,137.94000091552735,5.530951362971126e-10,0
35,222.11984296897236,667.9157193868118,661.2001795651826,1329.1158989519945,1.0,0,1,1.0,1.0,1.0,1,1,1,1,1,0,0,6,0.0,0.0,913.8768009767848,900.0801082029027,1,10,1,2024-08-03,66.79157193868119,66.12001795651825,132.91158989519946,3.308029715485766e-10,0
36,81.72000045776366,250.0,817.2000045776367,1067.2000045776367,1.0,0,1,1.0,1.0,1.0,1,1,1,1,1,0,0,6,0.0,0.0,836.2630912780762,1048.6800239562988,1,10,1,2024-08-03,25.0,81.72000045776367,106.72000045776367,7.148982957469444e-10,0
37,54.43566728969144,826.3666714986166,831.5000038146973,1657.8666753133139,1.0,0,1,1.0,1.0,1.0,1,1,1,1,1,1,5,0,0.154082432905755,0.0,699.0380842818789,984.8642594681211,1,10,1,2024-08-03,82.63666714986167,83.15000038146974,165.7866675313314,0.009989015423752592,0
38,111.54000129699709,813.4000053405762,813.4000053405762,1626.8000106811523,1.0,0,1,1.0,1.0,1.0,1,1,1,1,1,1,0,5,0.09296315359360686,0.0,737.7837757110595,892.0600353240967,1,10,1,2024-08-03,81.34000053405762,81.34000053405762,162.68000106811525,0.05344021534402075,0
39,790.7900058746338,708.9000053405762,0.0,708.9000053405762,1.0,0,1,1.0,1.0,1.0,1,1,1,1,1,6,0,0,0.0,0.0,1457.3997470855713,135.30996971130367,1,10,1,2024-08-03,70.89000053405762,0.0,70.89000053405762,3.9282395083575415e-08,0
40,227.73314407336073,631.4986722310384,0.0,631.4986722310384,1.0,0,1,1.0,1.0,1.0,1,1,1,1,1,6,0,0,0.0,0.0,1101.1517231749233,662.6668193055455,1,10,1,2024-08-03,63.14986722310385,0.0,63.14986722310385,7.973531881608935e-09,0
41,576.3009366099064,621.990672047933,0.0,621.990672047933,1.0,0,1,1.0,1.0,1.0,1,1,1,1,1,0,6,0,0.0,0.0,1306.8009366099063,154.19906339009356,1,10,1,2024-08-03,62.1990672047933,0.0,62.1990672047933,4.460768232260224e-08,0
42,79.30032700540058,583.3666714986166,588.5000038146973,1171.8666753133139,1.0,0,1,1.0,1.0,1.0,1,1,1,1,1,5,1,0,0.0,0.058758821471188646,721.4003025913381,553.9204371547556,1,10,1,2024-08-03,58.33666714986166,58.85000038146973,117.1866675313314,0.0821887846338354,0
43,51.98000030517579,519.8000030517578,519.8000030517578,1039.6000061035156,1.0,0,1,1.0,1.0,1.0,1,1,1,1,1,0,2,4,0.0,0.0,694.0799758911132,581.125651550293,1,10,1,2024-08-03,51.980000305175786,51.980000305175786,103.96000061035157,0.05010020319708715,0
44,53.81073212087761,440.0666669209798,444.10000228881836,884.1666692097981,1.0,0,1,1.0,1.0,1.0,1,1,1,1,1,0,6,0,0.0,0.0,717.8107321208776,605.0697000080287,1,10,1,2024-08-03,44.00666669209798,44.41000022888184,88.41666692097982,1.893634383652612e-09,0
45,-52.110002136230456,370.76666768391925,374.8000030517578,745.566670735677,1.0,0,1,1.0,1.0,1.0,1,1,1,1,1,0,6,0,0.0,0.0,584.3899978637695,684.264665222168,1,10,1,2024-08-03,37.076666768391924,37.480000305175786,74.55666707356771,2.0466028771841316e-09,0
46,-50.74000091552735,315.4000015258789,315.4000015258789,630.8000030517578,1.0,0,1,1.0,1.0,1.0,1,1,1,1,1,0,0,6,0.0,0.0,574.7599990844726,672.9662582397461,1,10,1,2024-08-03,31.540000152587893,31.540000152587893,63.08000030517579,1.2094791480529353e-09,0
47,64.7211436254023,344.50000381469727,310.8654002103277,655.365404025025,1.0,0,1,1.0,1.0,1.0,1,1,1,1,1,0,6,0,0.0,0.0,643.521131418371,512.0007802027227,1,10,1,2024-08-03,34.45000038146973,31.086540021032775,65.5365404025025,0.12674390440747635,0
0,0.0,0.0,0.0,0.0,1.0,0,1,1.0,1.0,1.0,1,1,1,1,1,0,0,6,0.0,0.0,135.5,189.59999084472656,0,10,2,2024-08-03,0.0,0.0,0.0,0.0,0
1,0.0,0.0,0.0,0.0,1.0,0,1,1.0,1.0,0.6666666666666666,1,1,0,1,1,0,0,6,0.0,0.0,135.5,189.59999084472656,0,10,2,2024-08-03,0.0,0.0,0.0,0.0,0
2,0.0,0.0,0.0,0.0,1.0,0,1,1.0,1.0,0.6666666666666666,1,1,0,1,1,0,0,6,0.0,0.0,124.5,178.59999084472656,0,10,2,2024-08-03,0.0,0.0,0.0,0.0,0
3,0.0,0.0,0.0,0.0,1.0,0,1,1.0,1.0,0.5,1,1,0,1,1,0,0,6,0.0,0.0,124.5,178.59999084472656,0,10,2,2024-08-03,0.0,0.0,0.0,0.0,0
4,0.0,0.0,0.0,0.0,1.0,0,1,1.0,1.0,0.8333333333333334,1,1,0,1,1,0,0,6,0.0,0.0,105.30000305175781,159.39999389648438,0,10,2,2024-08-03,0.0,0.0,0.0,0.0,0
5,0.0,0.0,0.0,0.0,1.0,0,1,1.0,1.0,1.0,1,1,1,1,1,0,0,6,0.0,0.0,124.50000762939453,178.60000610351562,0,10,2,2024-08-03,0.0,0.0,0.0,0.0,0
6,0.0,0.0,0.0,0.0,1.0,0,1,1.0,1.0,1.0,1,1,1,1,1,0,0,6,0.0,0.0,124.50000762939453,178.60000610351562,0,10,2,2024-08-03,0.0,0.0,0.0,0.0,0
7,0.0,0.0,0.0,0.0,1.0,0,1,1.0,1.0,1.0,1,1,1,1,1,0,0,6,0.0,0.0,124.50000762939453,178.60000610351562,0,10,2,2024-08-03,0.0,0.0,0.0,0.0,0
8,0.0,0.0,0.0,0.0,1.0,0,1,1.0,1.0,1.0,1,1,1,1,1,0,0,6,0.0,0.0,124.50000762939453,178.60000610351562,0,10,2,2024-08-03,0.0,0.0,0.0,0.0,0
9,0.0,0.0,0.0,0.0,1.0,0,1,1.0,1.0,1.0,1,1,1,1,1,0,0,6,0.0,0.0,124.50000762939453,178.60000610351562,0,10,2,2024-08-03,0.0,0.0,0.0,0.0,0
10,0.0,0.0,0.0,0.0,1.0,0,1,1.0,1.0,0.16666666666666666,1,1,0,1,1,0,0,6,0.0,0.0,124.50000762939453,178.60000610351562,0,10,2,2024-08-03,0.0,0.0,0.0,0.0,0
11,0.0,0.0,0.0,0.0,1.0,0,1,1.0,1.0,0.0,1,1,0,1,1,0,0,6,0.0,0.0,124.50000762939453,178.60000610351562,0,10,2,2024-08-03,0.0,0.0,0.0,0.0,0
12,0.0,0.0,0.0,0.0,1.0,0,1,1.0,1.0,1.0,1,1,1,1,1,0,0,6,0.0,0.0,97.0,151.10000610351562,0,10,2,2024-08-03,0.0,0.0,0.0,0.0,0
13,0.0,0.0,0.0,0.0,1.0,0,1,1.0,1.0,0.16666666666666666,1,1,0,1,1,0,0,6,0.0,0.0,119.80000305175781,178.60000610351562,0,10,2,2024-08-03,0.0,0.0,0.0,0.0,0
14,0.0,0.0,0.0,0.0,1.0,0,1,1.0,1.0,0.0,1,1,0,1,1,0,0,6,0.0,0.0,139.0,197.79998779296875,0,10,2,2024-08-03,0.0,0.0,0.0,0.0,0
15,0.0,0.0,0.0,0.0,1.0,0,1,1.0,1.0,0.0,1,1,0,1,1,0,0,6,0.0,0.0,196.70001220703125,255.5,0,10,2,2024-08-03,0.0,0.0,0.0,0.0,0
16,0.0,0.0,0.0,0.0,1.0,0,1,1.0,1.0,0.0,1,1,0,1,1,0,0,6,0.0,0.0,217.98666381835938,274.79998779296875,0,10,2,2024-08-03,0.0,0.0,0.0,0.0,0
17,0.0,0.0,0.0,0.0,1.0,0,1,1.0,1.0,0.0,1,1,0,1,1,0,0,6,0.0,0.0,326.6499938964844,398.9999694824219,0,10,2,2024-08-03,0.0,0.0,0.0,0.0,0
18,0.0,0.0,0.0,0.0,1.0,0,1,1.0,1.0,0.0,1,1,0,1,1,0,0,6,0.0,0.0,504.89996337890625,578.5999755859375,0,10,2,2024-08-03,0.0,0.0,0.0,0.0,0
19,-32.11000022888189,286.10000228881836,289.60000228881836,575.7000045776367,1.0,0,1,1.0,1.0,1.0,1,1,1,1,1,0,0,6,0.0,0.0,409.21888771057127,575.0100246429444,1,10,2,2024-08-03,28.610000228881837,28.96000022888184,57.570000457763676,6.626188507385698e-10,0
20,-290.28538423672273,0.0,355.60000228881836,355.60000228881836,1.0,0,1,1.0,1.0,1.0,1,1,1,1,1,0,6,0,0.0,0.0,101.38893216952727,833.1854086507852,1,10,2,2024-08-03,0.0,35.56000022888184,35.56000022888184,4.039278899587721e-08,0
21,-99.44500198364253,0.0,369.3000030517578,369.3000030517578,1.0,0,1,1.0,1.0,1.0,1,1,1,1,1,0,6,0,0.0,0.0,275.93210372924807,708.345026397705,1,10,2,2024-08-03,0.0,36.93000030517578,36.93000030517578,0.033400126860460996,0
22,43.1366633097336,489.7333386739095,492.9000053405762,982.6333440144856,1.0,0,1,1.0,1.0,1.0,1,1,1,1,1,6,0,0,0.13658841890585957,0.0,422.84143625895234,637.7633611043289,1,10,2,2024-08-03,48.97333386739095,49.29000053405762,98.26333440144856,1.8116549722342246e-09,0
23,0.0,0.0,0.0,0.0,1.0,0,1,1.0,1.0,0.0,1,1,0,1,1,0,0,6,0.0,0.0,411.5385437011719,716.6000366210938,0,10,2,2024-08-03,0.0,0.0,0.0,0.0,0
24,-3.7428079223633195,605.0760040283203,634.2000045776367,1239.276008605957,1.0,0,1,1.0,1.0,1.0,1,1,1,1,1,2,0,4,0.22391877785845016,0.0,469.58812469482416,758.7428079223633,1,10,2,2024-08-03,60.50760040283203,63.42000045776368,123.9276008605957,0.03261520376366125,0
25,5.12615369628758,623.2000045776367,0.0,623.2000045776367,1.0,0,1,1.0,1.0,1.0,1,1,1,1,1,1,0,5,0.3531674588393151,0.0,403.1060426123032,758.0738585107437,1,10,2,2024-08-03,62.320000457763676,0.0,62.320000457763676,0.0033400136875704,0
26,46.339004799836175,0.0,700.7000045776367,700.7000045776367,1.0,0,1,1.0,1.0,1.0,1,1,1,1,1,0,0,6,0.0,0.06013849824928564,372.1181796045237,658.5609585790701,1,10,2,2024-08-03,0.0,70.07000045776367,70.07000045776367,4.0421665591849987e-10,0
27,58.2400005340574,686.8000049591064,692.4000053405762,1379.2000102996826,0.8333333333333334,1,0,0.8333333333333334,1.0,1.0,0,0,1,0,1,6,0,0,0.43625838398510813,0.0,387.1777446746824,694.0457660675052,1,10,2,2024-08-03,68.68000049591065,69.24000053405761,137.92000102996826,0.18461807845879172,1
28,346.37964976539064,719.9000053405762,0.0,719.9000053405762,0.8333333333333334,1,0,0.8333333333333334,1.0,1.0,0,1,1,0,1,6,0,0,0.09560700648817749,0.0,651.0725208591407,458.62035023460936,1,10,2,2024-08-03,71.99000053405761,0.0,71.99000053405761,0.4475617939210961,1
29,0.0,0.0,0.0,0.0,1.0,0,1,1.0,1.0,0.0,1,1,0,1,1,0,0,6,0.0,0.0,274.2550048828125,785.7000122070312,0,10,2,2024-08-03,0.0,0.0,0.0,0.0,0
30,241.57592976355616,828.2000045776367,0.0,828.2000045776367,1.0,0,1,1.0,1.0,1.0,1,1,1,1,1,6,0,0,0.31257489875259376,0.0,569.3254719998843,571.6240824434751,1,10,2,2024-08-03,82.82000045776368,0.0,82.82000045776368,2.4501100575499462e-09,0
31,0.0,0.0,0.0,0.0,1.0,0,1,1.0,1.0,0.0,1,1,0,1,1,0,0,6,0.0,0.0,470.3961181640625,893.3999633789062,0,10,2,2024-08-03,0.0,0.0,0.0,0.0,0
32,0.0,0.0,0.0,0.0,1.0,0,1,1.0,1.0,0.0,1,1,0,1,1,0,0,6,0.0,0.0,502.7212829589844,893.3999633789062,0,10,2,2024-08-03,0.0,0.0,0.0,0.0,0
33,133.65500144958494,689.7000045776367,689.7000045776367,1379.4000091552734,1.0,0,1,1.0,1.0,1.0,1,1,1,1,1,6,0,0,0.06564246774727969,0.0,644.4263942718505,735.0450107574463,1,10,2,2024-08-03,68.97000045776367,68.97000045776367,137.94000091552735,1.935833007946494e-09,0
34,146.4700004577637,689.7000045776367,689.7000045776367,1379.4000091552734,1.0,0,1,1.0,1.0,1.0,1,1,1,1,1,0,0,6,0.12798390656833558,0.004596208517269339,601.4295036315918,686.5299995422363,1,10,2,2024-08-03,68.97000045776367,68.97000045776367,137.94000091552735,5.530951362971126e-10,0
35,222.11984296897236,667.9157193868118,661.2001795651826,1329.1158989519945,1.0,0,1,1.0,1.0,1.0,1,1,1,1,1,0,0,6,0.03307811396812646,0.13418031284649878,645.8223270998317,572.4801326169652,1,10,2,2024-08-03,66.79157193868119,66.12001795651825,132.91158989519946,3.308029715485766e-10,0
36,81.72000045776366,250.0,817.2000045776367,1067.2000045776367,1.0,0,1,1.0,1.0,1.0,1,1,1,1,1,0,0,6,0.0,0.16852659204816375,527.9144584655762,679.4800727844238,1,10,2,2024-08-03,25.0,81.72000045776367,106.72000045776367,7.148982957469444e-10,0
37,54.43566728969144,826.3666714986166,831.5000038146973,1657.8666753133139,1.0,0,1,1.0,1.0,1.0,1,1,1,1,1,1,5,0,0.39357147396285347,0.1500127447864678,501.1323225631289,706.7644059524961,1,10,2,2024-08-03,82.63666714986167,83.15000038146974,165.7866675313314,0.009989015423752592,0
38,111.54000129699709,813.4000053405762,813.4000053405762,1626.8000106811523,0.8333333333333334,1,0,0.0,1.0,1.0,0,0,1,0,1,1,0,5,0.36254179523976154,0.16343735521215555,518.508507156372,680.4600597381592,1,10,2,2024-08-03,81.34000053405762,81.34000053405762,162.68000106811525,0.05344021534402075,1
39,790.7900058746338,708.9000053405762,0.0,708.9000053405762,0.8333333333333334,1,0,0.8333333333333334,1.0,1.0,0,1,1,0,1,6,0,0,0.0,0.0,1197.3138401031495,0.0,1,10,2,2024-08-03,70.89000053405762,0.0,70.89000053405762,3.9282395083575415e-08,1
40,227.73314407336073,631.4986722310384,0.0,631.4986722310384,1.0,0,1,1.0,1.0,1.0,1,1,1,1,1,6,0,0,0.0,0.0,956.5331318663295,501.066843719608,1,10,2,2024-08-03,63.14986722310385,0.0,63.14986722310385,7.973531881608935e-09,0
41,576.3009366099064,621.990672047933,0.0,621.990672047933,1.0,0,1,1.0,1.0,1.0,1,1,1,1,1,0,6,0,0.0,0.0,1335.900973231,106.16634854634356,1,10,2,2024-08-03,62.1990672047933,0.0,62.1990672047933,4.460768232260224e-08,0
42,79.30032700540058,583.3666714986166,588.5000038146973,1171.8666753133139,1.0,0,1,1.0,1.0,1.0,1,1,1,1,1,5,1,0,0.0,0.054679163203240747,838.9003636264944,556.3213160610056,1,10,2,2024-08-03,58.33666714986166,58.85000038146973,117.1866675313314,0.0821887846338354,0
43,51.98000030517579,519.8000030517578,519.8000030517578,1039.6000061035156,1.0,0,1,1.0,1.0,1.0,1,1,1,1,1,0,2,4,0.0,0.0,811.5800369262695,583.6416427612305,1,10,2,2024-08-03,51.980000305175786,51.980000305175786,103.96000061035157,0.05010020319708715,0
44,53.81073212087761,440.0666669209798,444.10000228881836,884.1666692097981,1.0,0,1,1.0,1.0,1.0,1,1,1,1,1,0,6,0,0.0,0.0,793.6107809490026,580.6630227619349,1,10,2,2024-08-03,44.00666669209798,44.41000022888184,88.41666692097982,1.893634383652612e-09,0
45,-52.110002136230456,370.76666768391925,374.8000030517578,745.566670735677,1.0,0,1,1.0,1.0,1.0,1,1,1,1,1,0,6,0,0.0,0.0,687.6900466918945,686.583757019043,1,10,2,2024-08-03,37.076666768391924,37.480000305175786,74.55666707356771,2.0466028771841316e-09,0
46,-50.74000091552735,315.4000015258789,315.4000015258789,630.8000030517578,1.0,0,1,1.0,1.0,1.0,1,1,1,1,1,0,0,6,0.0,0.0,578.0600479125976,604.3313705444336,1,10,2,2024-08-03,31.540000152587893,31.540000152587893,63.08000030517579,1.2094791480529353e-09,0
47,64.7211436254023,344.50000381469727,310.8654002103277,655.365404025025,1.0,0,1,1.0,1.0,1.0,1,1,1,1,1,0,6,0,0.0,0.0,638.5211924535273,437.6108876245977,1,10,2,2024-08-03,34.45000038146973,31.086540021032775,65.5365404025025,0.12674390440747635,0
0,0.0,0.0,0.0,0.0,1.0,0,1,1.0,1.0,1.0,1,1,1,1,1,0,0,6,0.0,0.0,282.20001220703125,388.9000244140625,0,11,0,2024-08-03,0.0,0.0,0.0,0.0,0
1,0.0,0.0,0.0,0.0,1.0,0,1,1.0,1.0,0.5,1,1,0,1,1,0,0,6,0.0,0.0,282.20001220703125,388.9000244140625,0,11,0,2024-08-03,0.0,0.0,0.0,0.0,0
2,0.0,0.0,0.0,0.0,1.0,0,1,1.0,1.0,0.0,1,1,0,1,1,0,0,6,0.0,0.0,254.6999969482422,361.4000244140625,0,11,0,2024-08-03,0.0,0.0,0.0,0.0,0
3,0.0,0.0,0.0,0.0,1.0,0,1,1.0,1.0,0.0,1,1,0,1,1,0,0,6,0.0,0.0,254.6999969482422,361.4000244140625,0,11,0,2024-08-03,0.0,0.0,0.0,0.0,0
4,0.0,0.0,0.0,0.0,1.0,0,1,1.0,1.0,0.8333333333333334,1,1,0,1,1,0,0,6,0.0,0.0,235.5,342.20001220703125,0,11,0,2024-08-03,0.0,0.0,0.0,0.0,0
5,0.0,0.0,0.0,0.0,1.0,0,1,1.0,1.0,1.0,1,1,1,1,1,0,0,6,0.0,0.0,235.5,342.20001220703125,0,11,0,2024-08-03,0.0,0.0,0.0,0.0,0
6,0.0,0.0,0.0,0.0,1.0,0,1,1.0,1.0,0.16666666666666666,1,1,0,1,1,0,0,6,0.0,0.0,235.5,342.20001220703125,0,11,0,2024-08-03,0.0,0.0,0.0,0.0,0
7,0.0,0.0,0.0,0.0,1.0,0,1,1.0,1.0,0.5,1,1,0,1,1,0,0,6,0.0,0.0,205.3000030517578,312.0,0,11,0,2024-08-03,0.0,0.0,0.0,0.0,0
8,0.0,0.0,0.0,0.0,1.0,0,1,1.0,1.0,1.0,1,1,1,1,1,0,0,6,0.0,0.0,205.3000030517578,312.0,0,11,0,2024-08-03,0.0,0.0,0.0,0.0,0
9,0.0,0.0,0.0,0.0,1.0,0,1,1.0,1.0,0.3333333333333333,1,1,0,1,1,0,0,6,0.0,0.0,205.3000030517578,312.0,0,11,0,2024-08-03,0.0,0.0,0.0,0.0,0
10,0.0,0.0,0.0,0.0,1.0,0,1,1.0,1.0,0.5,1,1,0,1,1,0,0,6,0.0,0.0,186.10000610351562,292.79998779296875,0,11,0,2024-08-03,0.0,0.0,0.0,0.0,0
11,0.0,0.0,0.0,0.0,1.0,0,1,1.0,1.0,0.0,1,1,0,1,1,0,0,6,0.0,0.0,206.75,312.0,0,11,0,2024-08-03,0.0,0.0,0.0,0.0,0
12,0.0,0.0,0.0,0.0,1.0,0,1,1.0,1.0,0.0,1,1,0,1,1,0,0,6,0.0,0.0,185.3000030517578,284.5,0,11,0,2024-08-03,0.0,0.0,0.0,0.0,0
13,0.0,0.0,0.0,0.0,1.0,0,1,1.0,1.0,0.16666666666666666,1,1,0,1,1,0,0,6,0.0,0.0,207.3000030517578,306.5,0,11,0,2024-08-03,0.0,0.0,0.0,0.0,0
14,0.0,0.0,0.0,0.0,1.0,0,1,1.0,1.0,0.0,1,1,0,1,1,0,0,6,0.0,0.0,248.6999969482422,356.5,0,11,0,2024-08-03,0.0,0.0,0.0,0.0,0
15,0.0,0.0,0.0,0.0,1.0,0,1,1.0,1.0,0.0,1,1,0,1,1,0,0,6,0.0,0.0,322.8000183105469,430.6000061035156,0,11,0,2024-08-03,0.0,0.0,0.0,0.0,0
16,0.0,0.0,0.0,0.0,1.0,0,1,1.0,1.0,0.0,1,1,0,1,1,0,0,6,0.0,0.0,372.1000061035156,480.1000061035156,0,11,0,2024-08-03,0.0,0.0,0.0,0.0,0
17,0.0,0.0,0.0,0.0,1.0,0,1,1.0,1.0,0.0,1,1,0,1,1,0,0,6,0.0,0.0,400.3999938964844,457.6000061035156,0,11,0,2024-08-03,0.0,0.0,0.0,0.0,0
18,0.0,0.0,0.0,0.0,1.0,0,1,1.0,1.0,0.0,1,1,0,1,1,0,0,6,0.0,0.0,519.7000122070312,573.7000122070312,0,11,0,2024-08-03,0.0,0.0,0.0,0.0,0
19,-32.11000022888189,286.10000228881836,289.60000228881836,575.7000045776367,1.0,0,1,1.0,1.0,1.0,1,1,1,1,1,0,5,1,0.0,0.0,523.4554904937744,596.8893581390381,1,11,0,2024-08-03,28.610000228881837,28.96000022888184,57.570000457763676,0.15582376978730905,0
20,-290.28538423672273,0.0,355.60000228881836,355.60000228881836,1.0,0,1,1.0,1.0,1.0,1,1,1,1,1,0,6,0,0.0,0.0,243.39344877108977,927.099654256254,1,11,0,2024-08-03,0.0,35.56000022888184,35.56000022888184,4.039278899587721e-08,0
21,-99.44500198364253,0.0,369.3000030517578,369.3000030517578,1.0,0,1,1.0,1.0,1.0,1,1,1,1,1,0,6,0,0.0,0.0,341.25925216674807,844.6449531555176,1,11,0,2024-08-03,0.0,36.93000030517578,36.93000030517578,6.197720794210615e-09,0
22,43.1366633097336,489.7333386739095,492.9000053405762,982.6333440144856,1.0,0,1,1.0,1.0,1.0,1,1,1,1,1,5,1,0,0.03332307988486079,0.0,473.4139155069992,697.4300481160476,1,11,0,2024-08-03,48.97333386739095,49.29000053405762,98.26333440144856,0.001688928349713544,0
23,0.0,0.0,0.0,0.0,1.0,0,1,1.0,1.0,0.0,1,1,0,1,1,0,0,6,0.0,0.0,404.0433349609375,732.2333984375,0,11,0,2024-08-03,0.0,0.0,0.0,0.0,0
24,-3.7428079223633195,605.0760040283203,634.2000045776367,1239.276008605957,1.0,0,1,1.0,1.0,1.0,1,1,1,1,1,0,5,1,0.3882518869788042,0.0,370.1541036987304,706.7428079223633,1,11,0,2024-08-03,60.50760040283203,63.42000045776368,123.9276008605957,0.12061457575367025,0
25,5.12615369628758,623.2000045776367,0.0,623.2000045776367,1.0,0,1,1.0,1.0,1.0,1,1,1,1,1,1,0,5,0.15013923317705594,0.0,529.6332337744126,797.2738707177749,1,11,0,2024-08-03,62.320000457763676,0.0,62.320000457763676,0.0033670037264238763,0
26,46.339004799836175,0.0,700.7000045776367,700.7000045776367,1.0,0,1,1.0,1.0,1.0,1,1,1,1,1,0,0,6,0.0,0.0,697.0808260888987,884.2683560400076,1,11,0,2024-08-03,0.0,70.07000045776367,70.07000045776367,4.0421665591849987e-10,0
27,58.2400005340574,686.8000049591064,692.4000053405762,1379.2000102996826,1.0,0,1,1.0,1.0,1.0,1,1,1,1,1,0,6,0,0.08737919388310116,0.0,626.7879741668698,861.7600605010989,1,11,0,2024-08-03,68.68000049591065,69.24000053405761,137.92000102996826,0.023664721211181093,0
28,346.37964976539064,719.9000053405762,0.0,719.9000053405762,1.0,0,1,1.0,1.0,1.0,1,1,1,1,1,6,0,0,0.0,0.0,891.595775253672,554.4203990627343,1,11,0,2024-08-03,71.99000053405761,0.0,71.99000053405761,1.5409800744898207e-08,0
29,0.0,0.0,0.0,0.0,1.0,0,1,1.0,1.0,0.0,1,1,0,1,1,0,0,6,0.0,0.0,673.2249145507812,931.1000366210938,0,11,0,2024-08-03,0.0,0.0,0.0,0.0,0
30,241.57592976355616,828.2000045776367,0.0,828.2000045776367,1.0,0,1,1.0,1.0,1.0,1,1,1,1,1,6,0,0,0.0,0.0,1020.9259663846499,788.4240702364439,1,11,0,2024-08-03,82.82000045776368,0.0,82.82000045776368,2.4501100575499462e-09,0
31,0.0,0.0,0.0,0.0,1.0,0,1,1.0,1.0,0.0,1,1,0,1,1,0,0,6,0.0,0.0,791.8292846679688,983.2999267578125,0,11,0,2024-08-03,0.0,0.0,0.0,0.0,0
32,0.0,0.0,0.0,0.0,1.0,0,1,1.0,1.0,0.0,1,1,0,1,1,0,0,6,0.0,0.0,778.3292846679688,1000.2999877929688,0,11,0,2024-08-03,0.0,0.0,0.0,0.0,0
33,133.65500144958494,689.7000045776367,689.7000045776367,1379.4000091552734,1.0,0,1,1.0,1.0,1.0,1,1,1,1,1,6,0,0,0.0,0.0,931.6286952972412,856.2450229644776,1,11,0,2024-08-03,68.97000045776367,68.97000045776367,137.94000091552735,0.010101011785436223,0
34,146.4700004577637,689.7000045776367,689.7000045776367,1379.4000091552734,1.0,0,1,1.0,1.0,1.0,1,1,1,1,1,0,0,6,0.0,0.0,984.8680717468262,868.1299751281738,1,11,0,2024-08-03,68.97000045776367,68.97000045776367,137.94000091552735,5.530951362971126e-10,0
35,222.11984296897236,667.9157193868118,661.2001795651826,1329.1158989519945,1.0,0,1,1.0,1.0,1.0,1,1,1,1,1,5,0,1,0.0,0.0,1071.259186230691,764.9801326169652,1,11,0,2024-08-03,66.79157193868119,66.12001795651825,132.91158989519946,0.12690058563782983,0
36,81.72000045776366,250.0,817.2000045776367,1067.2000045776367,1.0,0,1,1.0,1.0,1.0,1,1,1,1,1,1,2,3,0.0,0.0,926.4308158874512,882.8799751281738,1,11,0,2024-08-03,25.0,81.72000045776367,106.72000045776367,0.17168310133525672,0
37,54.43566728969144,826.3666714986166,831.5000038146973,1657.8666753133139,1.0,0,1,1.0,1.0,1.0,1,1,1,1,1,0,6,0,0.0,0.0,970.2682478560977,937.6643082962461,1,11,0,2024-08-03,82.63666714986167,83.15000038146974,165.7866675313314,0.18575857630866277,0
38,111.54000129699709,813.4000053405762,813.4000053405762,1626.8000106811523,1.0,0,1,1.0,1.0,1.0,1,1,1,1,1,0,5,1,0.0,0.0,1098.9860462188722,856.310340499878,1,11,0,2024-08-03,81.34000053405762,81.34000053405762,162.68000106811525,0.32154881935550306,0
39,790.7900058746338,708.9000053405762,0.0,708.9000053405762,1.0,0,1,1.0,1.0,1.0,1,1,1,1,1,6,0,0,0.0,0.0,1769.68996925354,125.25351219177242,1,11,0,2024-08-03,70.89000053405762,0.0,70.89000053405762,3.9282395083575415e-08,0
40,227.73314407336073,631.4986722310384,0.0,631.4986722310384,1.0,0,1,1.0,1.0,1.0,1,1,1,1,1,6,0,0,0.0,0.0,1253.8331196592983,660.3408915711705,1,11,0,2024-08-03,63.14986722310385,0.0,63.14986722310385,7.973531881608935e-09,0
41,576.3009366099064,621.990672047933,0.0,621.990672047933,1.0,0,1,1.0,1.0,1.0,1,1,1,1,1,0,6,0,0.0,0.0,1475.5008877817813,17.396878331499806,1,11,0,2024-08-03,62.1990672047933,0.0,62.1990672047933,4.460768232260224e-08,0
42,79.30032700540058,583.3666714986166,588.5000038146973,1171.8666753133139,1.0,0,1,1.0,1.0,1.0,1,1,1,1,1,6,0,0,0.0,0.36352970482380764,907.0002781772756,374.5627711391307,1,11,0,2024-08-03,58.33666714986166,58.85000038146973,117.1866675313314,3.0029631565297525e-09,0
43,51.98000030517579,519.8000030517578,519.8000030517578,1039.6000061035156,0.8333333333333334,1,0,1.0,0.8,1.0,0,0,1,1,0,0,5,1,0.0,0.6818775373277446,805.4800003051757,165.36005706787108,1,11,0,2024-08-03,51.980000305175786,51.980000305175786,103.96000061035157,0.2786195362412334,1
44,53.81073212087761,440.0666669209798,444.10000228881836,884.1666692097981,0.5,3,0,1.0,0.5,1.0,0,0,1,1,0,0,6,0,0.0,0.8468988616826197,757.2107565349401,67.99221587716926,1,11,0,2024-08-03,44.00666669209798,44.41000022888184,88.41666692097982,0.24860366809712894,1
45,-52.110002136230456,370.76666768391925,374.8000030517578,745.566670735677,0.16666666666666666,5,0,1.0,0.16666666666666666,1.0,0,0,1,1,0,0,6,0,0.0,0.6870062659150125,579.290022277832,117.31005249023437,1,11,0,2024-08-03,37.076666768391924,37.480000305175786,74.55666707356771,0.4366931271500075,1
46,-50.74000091552735,315.4000015258789,315.4000015258789,630.8000030517578,0.16666666666666666,5,0,1.0,0.0,1.0,0,0,1,1,0,0,5,1,0.0,0.6824984085068572,580.6600234985351,100.14000244140625,1,11,0,2024-08-03,31.540000152587893,31.540000152587893,63.08000030517579,0.28282828608410304,1
47,64.7211436254023,344.50000381469727,310.8654002103277,655.365404025025,0.8333333333333334,1,0,1.0,0.8333333333333334,1.0,0,0,1,1,0,0,6,0,0.0,1.0,594.4212168675898,0.0,1,11,0,2024-08-03,34.45000038146973,31.086540021032775,65.5365404025025,0.019165217966000618,1
0,0.0,0.0,0.0,0.0,1.0,0,1,1.0,1.0,0.3333333333333333,1,1,0,1,1,0,0,6,0.0,0.0,215.1999969482422,227.8000030517578,0,11,1,2024-08-03,0.0,0.0,0.0,0.0,0
1,0.0,0.0,0.0,0.0,1.0,0,1,1.0,1.0,0.0,1,1,0,1,1,0,0,6,0.0,0.0,245.1999969482422,277.79998779296875,0,11,1,2024-08-03,0.0,0.0,0.0,0.0,0
2,0.0,0.0,0.0,0.0,1.0,0,1,1.0,1.0,0.8333333333333334,1,1,0,1,1,0,0,6,0.0,0.0,245.1999969482422,277.79998779296875,0,11,1,2024-08-03,0.0,0.0,0.0,0.0,0
3,0.0,0.0,0.0,0.0,1.0,0,1,1.0,1.0,0.0,1,1,0,1,1,0,0,6,0.0,0.0,245.1999969482422,277.79998779296875,0,11,1,2024-08-03,0.0,0.0,0.0,0.0,0
4,0.0,0.0,0.0,0.0,1.0,0,1,1.0,1.0,0.0,1,1,0,1,1,0,0,6,0.0,0.0,234.1999969482422,270.29998779296875,0,11,1,2024-08-03,0.0,0.0,0.0,0.0,0
5,0.0,0.0,0.0,0.0,1.0,0,1,1.0,1.0,0.8333333333333334,1,1,0,1,1,0,0,6,0.0,0.0,215.0,251.09999084472656,0,11,1,2024-08-03,0.0,0.0,0.0,0.0,0
6,0.0,0.0,0.0,0.0,1.0,0,1,1.0,1.0,0.8333333333333334,1,1,0,1,1,0,0,6,0.0,0.0,215.0,251.09999084472656,0,11,1,2024-08-03,0.0,0.0,0.0,0.0,0
7,0.0,0.0,0.0,0.0,1.0,0,1,1.0,1.0,0.5,1,1,0,1,1,0,0,6,0.0,0.0,192.5,228.59999084472656,0,11,1,2024-08-03,0.0,0.0,0.0,0.0,0
8,0.0,0.0,0.0,0.0,1.0,0,1,1.0,1.0,1.0,1,1,1,1,1,0,0,6,0.0,0.0,192.5,228.59999084472656,0,11,1,2024-08-03,0.0,0.0,0.0,0.0,0
9,0.0,0.0,0.0,0.0,1.0,0,1,1.0,1.0,1.0,1,1,1,1,1,0,0,6,0.0,0.0,192.5,228.59999084472656,0,11,1,2024-08-03,0.0,0.0,0.0,0.0,0
10,0.0,0.0,0.0,0.0,1.0,0,1,1.0,1.0,0.8333333333333334,1,1,0,1,1,0,0,6,0.0,0.0,192.5,228.59999084472656,0,11,1,2024-08-03,0.0,0.0,0.0,0.0,0
11,0.0,0.0,0.0,0.0,1.0,0,1,1.0,1.0,0.0,1,1,0,1,1,0,0,6,0.0,0.0,195.5,228.59999084472656,0,11,1,2024-08-03,0.0,0.0,0.0,0.0,0
12,0.0,0.0,0.0,0.0,1.0,0,1,1.0,1.0,0.0,1,1,0,1,1,0,0,6,0.0,0.0,220.6999969482422,278.5999755859375,0,11,1,2024-08-03,0.0,0.0,0.0,0.0,0
13,0.0,0.0,0.0,0.0,1.0,0,1,1.0,1.0,0.0,1,1,0,1,1,0,0,6,0.0,0.0,278.3999938964844,336.29998779296875,0,11,1,2024-08-03,0.0,0.0,0.0,0.0,0
14,0.0,0.0,0.0,0.0,1.0,0,1,1.0,1.0,0.0,1,1,0,1,1,0,0,6,0.0,0.0,300.3999938964844,358.29998779296875,0,11,1,2024-08-03,0.0,0.0,0.0,0.0,0
15,0.0,0.0,0.0,0.0,1.0,0,1,1.0,1.0,0.0,1,1,0,1,1,0,0,6,0.0,0.0,300.3999938964844,358.29998779296875,0,11,1,2024-08-03,0.0,0.0,0.0,0.0,0
16,0.0,0.0,0.0,0.0,1.0,0,1,1.0,1.0,0.0,1,1,0,1,1,0,0,6,0.0,0.0,329.6000061035156,380.29998779296875,0,11,1,2024-08-03,0.0,0.0,0.0,0.0,0
17,0.0,0.0,0.0,0.0,1.0,0,1,1.0,1.0,0.0,1,1,0,1,1,0,0,6,0.0,0.0,440.0999755859375,497.9000244140625,0,11,1,2024-08-03,0.0,0.0,0.0,0.0,0
18,0.0,0.0,0.0,0.0,1.0,0,1,1.0,1.0,0.0,1,1,0,1,1,0,0,6,0.0,0.0,486.8000183105469,544.5999755859375,0,11,1,2024-08-03,0.0,0.0,0.0,0.0,0
19,-32.11000022888189,286.10000228881836,289.60000228881836,575.7000045776367,1.0,0,1,1.0,1.0,1.0,1,1,1,1,1,0,5,1,0.0,0.0,492.9031223297119,609.7099758148194,1,11,1,2024-08-03,28.610000228881837,28.96000022888184,57.570000457763676,0.15582376978730905,0
20,-290.28538423672273,0.0,355.60000228881836,355.60000228881836,1.0,0,1,1.0,1.0,1.0,1,1,1,1,1,0,6,0,0.0,0.0,263.338578165621,896.0317221273477,1,11,1,2024-08-03,0.0,35.56000022888184,35.56000022888184,4.039278899587721e-08,0
21,-99.44500198364253,0.0,369.3000030517578,369.3000030517578,1.0,0,1,1.0,1.0,1.0,1,1,1,1,1,0,6,0,0.0,0.0,533.9595390319824,829.845026397705,1,11,1,2024-08-03,0.0,36.93000030517578,36.93000030517578,6.197720794210615e-09,0
22,43.1366633097336,489.7333386739095,492.9000053405762,982.6333440144856,1.0,0,1,1.0,1.0,1.0,1,1,1,1,1,5,1,0,0.0,0.0,695.2882136027024,725.6633855183914,1,11,1,2024-08-03,48.97333386739095,49.29000053405762,98.26333440144856,0.001688928349713544,0
23,0.0,0.0,0.0,0.0,1.0,0,1,1.0,1.0,0.0,1,1,0,1,1,0,0,6,0.0,0.0,767.5303344726562,934.7000122070312,0,11,1,2024-08-03,0.0,0.0,0.0,0.0,0
24,-3.7428079223633195,605.0760040283203,634.2000045776367,1239.276008605957,1.0,0,1,1.0,1.0,1.0,1,1,1,1,1,0,5,1,0.0,0.0,778.9355368041992,957.6428323364258,1,11,1,2024-08-03,60.50760040283203,63.42000045776368,123.9276008605957,0.12061457575367025,0
25,5.12615369628758,623.2000045776367,0.0,623.2000045776367,1.0,0,1,1.0,1.0,1.0,1,1,1,1,1,1,0,5,0.0,0.0,764.3124329931626,948.7738707177749,1,11,1,2024-08-03,62.320000457763676,0.0,62.320000457763676,0.0033670037264238763,0
26,46.339004799836175,0.0,700.7000045776367,700.7000045776367,1.0,0,1,1.0,1.0,1.0,1,1,1,1,1,0,0,6,0.0,0.0,775.3200839013987,888.3610074071951,1,11,1,2024-08-03,0.0,70.07000045776367,70.07000045776367,4.0421665591849987e-10,0
27,58.2400005340574,686.8000049591064,692.4000053405762,1379.2000102996826,1.0,0,1,1.0,1.0,1.0,1,1,1,1,1,0,6,0,0.0,0.0,833.1760967254636,923.0600482940677,1,11,1,2024-08-03,68.68000049591065,69.24000053405761,137.92000102996826,0.023664721211181093,0
28,346.37964976539064,719.9000053405762,0.0,719.9000053405762,1.0,0,1,1.0,1.0,1.0,1,1,1,1,1,6,0,0,0.0,0.0,1187.1798206638282,743.2204478908593,1,11,1,2024-08-03,71.99000053405761,0.0,71.99000053405761,1.5409800744898207e-08,0
29,0.0,0.0,0.0,0.0,1.0,0,1,1.0,1.0,0.0,1,1,0,1,1,0,0,6,0.0,0.0,909.8861083984375,1100.60009765625,0,11,1,2024-08-03,0.0,0.0,0.0,0.0,0
30,241.57592976355616,828.2000045776367,0.0,828.2000045776367,1.0,0,1,1.0,1.0,1.0,1,1,1,1,1,6,0,0,0.0,0.0,1175.9499532010561,870.0241678926939,1,11,1,2024-08-03,82.82000045776368,0.0,82.82000045776368,2.4501100575499462e-09,0
31,0.0,0.0,0.0,0.0,1.0,0,1,1.0,1.0,0.0,1,1,0,1,1,0,0,6,0.0,0.0,930.4398193359375,1042.4000244140625,0,11,1,2024-08-03,0.0,0.0,0.0,0.0,0
32,0.0,0.0,0.0,0.0,1.0,0,1,1.0,1.0,0.0,1,1,0,1,1,0,0,6,0.0,0.0,906.9398193359375,1020.4000244140625,0,11,1,2024-08-03,0.0,0.0,0.0,0.0,0
33,133.65500144958494,689.7000045776367,689.7000045776367,1379.4000091552734,1.0,0,1,1.0,1.0,1.0,1,1,1,1,1,6,0,0,0.0,0.0,1078.177462387085,944.9449741363526,1,11,1,2024-08-03,68.97000045776367,68.97000045776367,137.94000091552735,0.010101011785436223,0
34,146.4700004577637,689.7000045776367,689.7000045776367,1379.4000091552734,1.0,0,1,1.0,1.0,1.0,1,1,1,1,1,0,0,6,0.0,0.0,1077.698821258545,912.8300483703613,1,11,1,2024-08-03,68.97000045776367,68.97000045776367,137.94000091552735,5.530951362971126e-10,0
35,222.11984296897236,667.9157193868118,661.2001795651826,1329.1158989519945,1.0,0,1,1.0,1.0,1.0,1,1,1,1,1,5,0,1,0.0,0.0,1196.4887394533473,894.8801570310277,1,11,1,2024-08-03,66.79157193868119,66.12001795651825,132.91158989519946,0.12690058563782983,0
36,81.72000045776366,250.0,817.2000045776367,1067.2000045776367,1.0,0,1,1.0,1.0,1.0,1,1,1,1,1,1,2,3,0.0,0.0,995.2963554382325,982.5800483703613,1,11,1,2024-08-03,25.0,81.72000045776367,106.72000045776367,0.17168310133525672,0
37,54.43566728969144,826.3666714986166,831.5000038146973,1657.8666753133139,1.0,0,1,1.0,1.0,1.0,1,1,1,1,1,0,6,0,0.0,0.0,966.1406233443789,968.0643327103086,1,11,1,2024-08-03,82.63666714986167,83.15000038146974,165.7866675313314,0.18575857630866277,0
38,111.54000129699709,813.4000053405762,813.4000053405762,1626.8000106811523,1.0,0,1,1.0,1.0,1.0,1,1,1,1,1,0,5,1,0.0,0.0,1091.6665882110597,910.959998703003,1,11,1,2024-08-03,81.34000053405762,81.34000053405762,162.68000106811525,0.32154881935550306,0
39,790.7900058746338,708.9000053405762,0.0,708.9000053405762,1.0,0,1,1.0,1.0,1.0,1,1,1,1,1,6,0,0,0.0,0.0,1774.7900058746338,176.32516746520992,1,11,1,2024-08-03,70.89000053405762,0.0,70.89000053405762,3.9282395083575415e-08,0
40,227.73314407336073,631.4986722310384,0.0,631.4986722310384,1.0,0,1,1.0,1.0,1.0,1,1,1,1,1,6,0,0,0.0,0.0,1156.733205108517,661.3044535828892,1,11,1,2024-08-03,63.14986722310385,0.0,63.14986722310385,7.973531881608935e-09,0
41,576.3009366099064,621.990672047933,0.0,621.990672047933,1.0,0,1,1.0,1.0,1.0,1,1,1,1,1,0,6,0,0.0,0.0,1358.6009854380313,39.177640050249806,1,11,1,2024-08-03,62.1990672047933,0.0,62.1990672047933,4.460768232260224e-08,0
42,79.30032700540058,583.3666714986166,588.5000038146973,1171.8666753133139,1.0,0,1,1.0,1.0,1.0,1,1,1,1,1,6,0,0,0.0,0.16445003537429181,853.4003636264944,491.72115736959944,1,11,1,2024-08-03,58.33666714986166,58.85000038146973,117.1866675313314,3.0029631565297525e-09,0
43,51.98000030517579,519.8000030517578,519.8000030517578,1039.6000061035156,1.0,0,1,1.0,1.0,1.0,1,1,1,1,1,0,5,1,0.0,0.2217932288492798,821.180012512207,404.51188201904296,1,11,1,2024-08-03,51.980000305175786,51.980000305175786,103.96000061035157,0.2786195362412334,0
44,53.81073212087761,440.0666669209798,444.10000228881836,884.1666692097981,1.0,0,1,1.0,1.0,1.0,1,1,1,1,1,0,6,0,0.0,0.296203704189524,828.5107443279088,312.55593658029426,1,11,1,2024-08-03,44.00666669209798,44.41000022888184,88.41666692097982,0.24860366809712894,0
45,-52.110002136230456,370.76666768391925,374.8000030517578,745.566670735677,1.0,0,1,1.0,1.0,1.0,1,1,1,1,1,0,6,0,0.0,0.32811822695315246,703.3899978637695,251.8212905883789,1,11,1,2024-08-03,37.076666768391924,37.480000305175786,74.55666707356771,0.4366931271500075,0
46,-50.74000091552735,315.4000015258789,315.4000015258789,630.8000030517578,0.8333333333333334,1,0,1.0,0.8,1.0,0,0,1,1,0,0,5,1,0.0,0.46298778747777375,619.5600479125976,169.37365264892577,1,11,1,2024-08-03,31.540000152587893,31.540000152587893,63.08000030517579,0.28282828608410304,1
47,64.7211436254023,344.50000381469727,310.8654002103277,655.365404025025,1.0,0,1,1.0,1.0,1.0,1,1,1,1,1,0,6,0,0.0,0.685844134773497,776.821180246496,97.66018877205863,1,11,1,2024-08-03,34.45000038146973,31.086540021032775,65.5365404025025,0.019165217966000618,0
0,0.0,0.0,0.0,0.0,1.0,0,1,1.0,1.0,1.0,1,1,1,1,1,0,0,6,0.0,0.0,164.8000030517578,164.8000030517578,0,11,2,2024-08-03,0.0,0.0,0.0,0.0,0
1,0.0,0.0,0.0,0.0,1.0,0,1,1.0,1.0,1.0,1,1,1,1,1,0,0,6,0.0,0.0,184.0,184.0,0,11,2,2024-08-03,0.0,0.0,0.0,0.0,0
2,0.0,0.0,0.0,0.0,1.0,0,1,1.0,1.0,1.0,1,1,1,1,1,0,0,6,0.0,0.0,184.0,184.0,0,11,2,2024-08-03,0.0,0.0,0.0,0.0,0
3,0.0,0.0,0.0,0.0,1.0,0,1,1.0,1.0,1.0,1,1,1,1,1,0,0,6,0.0,0.0,184.0,184.0,0,11,2,2024-08-03,0.0,0.0,0.0,0.0,0
4,0.0,0.0,0.0,0.0,1.0,0,1,1.0,1.0,1.0,1,1,1,1,1,0,0,6,0.0,0.0,203.1999969482422,203.1999969482422,0,11,2,2024-08-03,0.0,0.0,0.0,0.0,0
5,0.0,0.0,0.0,0.0,1.0,0,1,1.0,1.0,1.0,1,1,1,1,1,0,0,6,0.0,0.0,222.39999389648438,222.39999389648438,0,11,2,2024-08-03,0.0,0.0,0.0,0.0,0
6,0.0,0.0,0.0,0.0,1.0,0,1,1.0,1.0,0.16666666666666666,1,1,0,1,1,0,0,6,0.0,0.0,222.39999389648438,222.39999389648438,0,11,2,2024-08-03,0.0,0.0,0.0,0.0,0
7,0.0,0.0,0.0,0.0,1.0,0,1,1.0,1.0,0.16666666666666666,1,1,0,1,1,0,0,6,0.0,0.0,230.6999969482422,230.6999969482422,0,11,2,2024-08-03,0.0,0.0,0.0,0.0,0
8,0.0,0.0,0.0,0.0,1.0,0,1,1.0,1.0,1.0,1,1,1,1,1,0,0,6,0.0,0.0,230.6999969482422,230.6999969482422,0,11,2,2024-08-03,0.0,0.0,0.0,0.0,0
9,0.0,0.0,0.0,0.0,1.0,0,1,1.0,1.0,0.6666666666666666,1,1,0,1,1,0,0,6,0.0,0.0,230.6999969482422,230.6999969482422,0,11,2,2024-08-03,0.0,0.0,0.0,0.0,0
10,0.0,0.0,0.0,0.0,1.0,0,1,1.0,1.0,0.5,1,1,0,1,1,0,0,6,0.0,0.0,203.1999969482422,203.1999969482422,0,11,2,2024-08-03,0.0,0.0,0.0,0.0,0
11,0.0,0.0,0.0,0.0,1.0,0,1,1.0,1.0,1.0,1,1,1,1,1,0,0,6,0.0,0.0,203.1999969482422,203.1999969482422,0,11,2,2024-08-03,0.0,0.0,0.0,0.0,0
12,0.0,0.0,0.0,0.0,1.0,0,1,1.0,1.0,0.0,1,1,0,1,1,0,0,6,0.0,0.0,222.39999389648438,222.39999389648438,0,11,2,2024-08-03,0.0,0.0,0.0,0.0,0
13,0.0,0.0,0.0,0.0,1.0,0,1,1.0,1.0,0.0,1,1,0,1,1,0,0,6,0.0,0.0,253.39999389648438,269.1000061035156,0,11,2,2024-08-03,0.0,0.0,0.0,0.0,0
14,0.0,0.0,0.0,0.0,1.0,0,1,1.0,1.0,0.0,1,1,0,1,1,0,0,6,0.0,0.0,330.4000244140625,374.10003662109375,0,11,2,2024-08-03,0.0,0.0,0.0,0.0,0
15,0.0,0.0,0.0,0.0,1.0,0,1,1.0,1.0,0.0,1,1,0,1,1,0,0,6,0.0,0.0,382.60003662109375,431.800048828125,0,11,2,2024-08-03,0.0,0.0,0.0,0.0,0
16,0.0,0.0,0.0,0.0,1.0,0,1,1.0,1.0,0.0,1,1,0,1,1,0,0,6,0.0,0.0,492.8000183105469,581.2000732421875,0,11,2,2024-08-03,0.0,0.0,0.0,0.0,0
17,0.0,0.0,0.0,0.0,1.0,0,1,1.0,1.0,0.0,1,1,0,1,1,0,0,6,0.0,0.0,643.2000122070312,788.9000244140625,0,11,2,2024-08-03,0.0,0.0,0.0,0.0,0
18,0.0,0.0,0.0,0.0,1.0,0,1,1.0,1.0,0.0,1,1,0,1,1,0,0,6,0.0,0.0,671.6000366210938,824.7000732421875,0,11,2,2024-08-03,0.0,0.0,0.0,0.0,0
19,-32.11000022888189,286.10000228881836,289.60000228881836,575.7000045776367,1.0,0,1,1.0,1.0,1.0,1,1,1,1,1,0,5,1,0.0,0.0,625.5960544586181,845.8100734710694,1,11,2,2024-08-03,28.610000228881837,28.96000022888184,57.570000457763676,0.15582376978730905,0
20,-290.28538423672273,0.0,355.60000228881836,355.60000228881836,1.0,0,1,1.0,1.0,1.0,1,1,1,1,1,0,6,0,0.0,0.0,390.8035439859335,1274.8854818929726,1,11,2,2024-08-03,0.0,35.56000022888184,35.56000022888184,4.039278899587721e-08,0
21,-99.44500198364253,0.0,369.3000030517578,369.3000030517578,1.0,0,1,1.0,1.0,1.0,1,1,1,1,1,0,6,0,0.0,0.0,501.6274467468262,1046.1450141906737,1,11,2,2024-08-03,0.0,36.93000030517578,36.93000030517578,6.197720794210615e-09,0
22,43.1366633097336,489.7333386739095,492.9000053405762,982.6333440144856,1.0,0,1,1.0,1.0,1.0,1,1,1,1,1,5,1,0,0.0,0.0,607.6068171183274,911.8633977254226,1,11,2,2024-08-03,48.97333386739095,49.29000053405762,98.26333440144856,0.001688928349713544,0
23,0.0,0.0,0.0,0.0,1.0,0,1,1.0,1.0,0.0,1,1,0,1,1,0,0,6,0.0,0.0,550.7431030273438,935.800048828125,0,11,2,2024-08-03,0.0,0.0,0.0,0.0,0
24,-3.7428079223633195,605.0760040283203,634.2000045776367,1239.276008605957,1.0,0,1,1.0,1.0,1.0,1,1,1,1,1,0,5,1,0.013346602525262137,0.0,597.0002951049804,975.5428567504883,1,11,2,2024-08-03,60.50760040283203,63.42000045776368,123.9276008605957,0.12061457575367025,0
25,5.12615369628758,623.2000045776367,0.0,623.2000045776367,1.0,0,1,1.0,1.0,1.0,1,1,1,1,1,1,0,5,0.0,0.0,747.2979066259751,1043.3687193505875,1,11,2,2024-08-03,62.320000457763676,0.0,62.320000457763676,0.0033670037264238763,0
26,46.339004799836175,0.0,700.7000045776367,700.7000045776367,1.0,0,1,1.0,1.0,1.0,1,1,1,1,1,0,0,6,0.0,0.0,886.4423983545237,1159.8871914892263,1,11,2,2024-08-03,0.0,70.07000045776367,70.07000045776367,4.0421665591849987e-10,0
27,58.2400005340574,686.8000049591064,692.4000053405762,1379.2000102996826,1.0,0,1,1.0,1.0,1.0,1,1,1,1,1,0,6,0,0.0,0.0,858.2641704559323,1089.9929096221927,1,11,2,2024-08-03,68.68000049591065,69.24000053405761,137.92000102996826,0.023664721211181093,0
28,346.37964976539064,719.9000053405762,0.0,719.9000053405762,1.0,0,1,1.0,1.0,1.0,1,1,1,1,1,6,0,0,0.0,0.0,1187.4781605075782,851.9559215236718,1,11,2,2024-08-03,71.99000053405761,0.0,71.99000053405761,1.5409800744898207e-08,0
29,0.0,0.0,0.0,0.0,1.0,0,1,1.0,1.0,0.0,1,1,0,1,1,0,0,6,0.0,0.0,1010.2964477539062,1220.9287109375,0,11,2,2024-08-03,0.0,0.0,0.0,0.0,0
30,241.57592976355616,828.2000045776367,0.0,828.2000045776367,1.0,0,1,1.0,1.0,1.0,1,1,1,1,1,6,0,0,0.0,0.0,1327.6973897244936,989.8865946505064,1,11,2,2024-08-03,82.82000045776368,0.0,82.82000045776368,2.4501100575499462e-09,0
31,0.0,0.0,0.0,0.0,1.0,0,1,1.0,1.0,0.0,1,1,0,1,1,0,0,6,0.0,0.0,1005.7499389648438,1103.8953857421875,0,11,2,2024-08-03,0.0,0.0,0.0,0.0,0
32,0.0,0.0,0.0,0.0,1.0,0,1,1.0,1.0,0.0,1,1,0,1,1,0,0,6,0.0,0.0,934.003662109375,1031.3953857421875,0,11,2,2024-08-03,0.0,0.0,0.0,0.0,0
33,133.65500144958494,689.7000045776367,689.7000045776367,1379.4000091552734,1.0,0,1,1.0,1.0,1.0,1,1,1,1,1,6,0,0,0.0,0.0,1041.6142910003662,870.1847812652588,1,11,2,2024-08-03,68.97000045776367,68.97000045776367,137.94000091552735,0.010101011785436223,0
34,146.4700004577637,689.7000045776367,689.7000045776367,1379.4000091552734,1.0,0,1,1.0,1.0,1.0,1,1,1,1,1,0,0,6,0.0,0.0,1133.3380424499512,878.6390083312988,1,11,2,2024-08-03,68.97000045776367,68.97000045776367,137.94000091552735,5.530951362971126e-10,0
35,222.11984296897236,667.9157193868118,661.2001795651826,1329.1158989519945,1.0,0,1,1.0,1.0,1.0,1,1,1,1,1,5,0,1,0.0,0.0,1241.3166203127223,828.2585749997777,1,11,2,2024-08-03,66.79157193868119,66.12001795651825,132.91158989519946,0.12690058563782983,0
36,81.72000045776366,250.0,817.2000045776367,1067.2000045776367,1.0,0,1,1.0,1.0,1.0,1,1,1,1,1,1,2,3,0.0,0.0,1085.3175346374512,966.8799751281738,1,11,2,2024-08-03,25.0,81.72000045776367,106.72000045776367,0.17168310133525672,0
37,54.43566728969144,826.3666714986166,831.5000038146973,1657.8666753133139,1.0,0,1,1.0,1.0,1.0,1,1,1,1,1,0,6,0,0.0,0.0,1028.534422172504,966.6643082962461,1,11,2,2024-08-03,82.63666714986167,83.15000038146974,165.7866675313314,0.18575857630866277,0
38,111.54000129699709,813.4000053405762,813.4000053405762,1626.8000106811523,1.0,0,1,1.0,1.0,1.0,1,1,1,1,1,0,5,1,0.0,0.0,1082.5400012969972,844.5458141326905,1,11,2,2024-08-03,81.34000053405762,81.34000053405762,162.68000106811525,0.32154881935550306,0
39,790.7900058746338,708.9000053405762,0.0,708.9000053405762,1.0,0,1,1.0,1.0,1.0,1,1,1,1,1,6,0,0,0.0,0.0,1715.0900547027588,82.58230857849117,1,11,2,2024-08-03,70.89000053405762,0.0,70.89000053405762,3.9282395083575415e-08,0
40,227.73314407336073,631.4986722310384,0.0,631.4986722310384,1.0,0,1,1.0,1.0,1.0,1,1,1,1,1,6,0,0,0.0,0.0,1160.3331196592983,627.1023051453892,1,11,2,2024-08-03,63.14986722310385,0.0,63.14986722310385,7.973531881608935e-09,0
41,576.3009366099064,621.990672047933,0.0,621.990672047933,1.0,0,1,1.0,1.0,1.0,1,1,1,1,1,0,6,0,0.0,0.0,1481.4009121958438,167.09957608540606,1,11,2,2024-08-03,62.1990672047933,0.0,62.1990672047933,4.460768232260224e-08,0
42,79.30032700540058,583.3666714986166,588.5000038146973,1171.8666753133139,1.0,0,1,1.0,1.0,1.0,1,1,1,1,1,6,0,0,0.0,0.0,956.9003636264944,624.4883082485056,1,11,2,2024-08-03,58.33666714986166,58.85000038146973,117.1866675313314,3.0029631565297525e-09,0
43,51.98000030517579,519.8000030517578,519.8000030517578,1039.6000061035156,1.0,0,1,1.0,1.0,1.0,1,1,1,1,1,0,5,1,0.0,0.09521667201467945,816.8800247192382,470.3063766479492,1,11,2,2024-08-03,51.980000305175786,51.980000305175786,103.96000061035157,0.2786195362412334,0
44,53.81073212087761,440.0666669209798,444.10000228881836,884.1666692097981,1.0,0,1,1.0,1.0,1.0,1,1,1,1,1,0,6,0,0.0,0.2011970071668235,752.7108175700963,354.74841094552863,1,11,2,2024-08-03,44.00666669209798,44.41000022888184,88.41666692097982,0.24860366809712894,0
45,-52.110002136230456,370.76666768391925,374.8000030517578,745.566670735677,1.0,0,1,1.0,1.0,1.0,1,1,1,1,1,0,6,0,0.0,0.08926309698128808,646.7900833129883,341.3441940307617,1,11,2,2024-08-03,37.076666768391924,37.480000305175786,74.55666707356771,0.4366931271500075,0
46,-50.74000091552735,315.4000015258789,315.4000015258789,630.8000030517578,1.0,0,1,1.0,1.0,1.0,1,1,1,1,1,0,5,1,0.0,0.216043639362441,552.5600479125976,247.25983734130858,1,11,2,2024-08-03,31.540000152587893,31.540000152587893,63.08000030517579,0.28282828608410304,0
47,64.7211436254023,344.50000381469727,310.8654002103277,655.365404025025,1.0,0,1,1.0,1.0,1.0,1,1,1,1,1,0,6,0,0.0,0.8491630832050779,610.321180246496,46.88997850594535,1,11,2,2024-08-03,34.45000038146973,31.086540021032775,65.5365404025025,0.019165217966000618,0
0,0.0,0.0,0.0,0.0,1.0,0,1,1.0,1.0,1.0,1,1,1,1,1,0,0,6,0.0,0.0,100.9000015258789,134.60000610351562,0,12,0,2024-08-03,0.0,0.0,0.0,0.0,0
1,0.0,0.0,0.0,0.0,1.0,0,1,1.0,1.0,0.3333333333333333,1,1,0,1,1,0,0,6,0.0,0.0,120.10000610351562,153.8000030517578,0,12,0,2024-08-03,0.0,0.0,0.0,0.0,0
2,0.0,0.0,0.0,0.0,1.0,0,1,1.0,1.0,0.0,1,1,0,1,1,0,0,6,0.0,0.0,147.60000610351562,181.3000030517578,0,12,0,2024-08-03,0.0,0.0,0.0,0.0,0
3,0.0,0.0,0.0,0.0,1.0,0,1,1.0,1.0,0.0,1,1,0,1,1,0,0,6,0.0,0.0,147.60000610351562,181.3000030517578,0,12,0,2024-08-03,0.0,0.0,0.0,0.0,0
4,0.0,0.0,0.0,0.0,1.0,0,1,1.0,1.0,0.0,1,1,0,1,1,0,0,6,0.0,0.0,147.60000610351562,181.3000030517578,0,12,0,2024-08-03,0.0,0.0,0.0,0.0,0
5,0.0,0.0,0.0,0.0,1.0,0,1,1.0,1.0,0.0,1,1,0,1,1,0,0,6,0.0,0.0,147.60000610351562,181.3000030517578,0,12,0,2024-08-03,0.0,0.0,0.0,0.0,0
6,0.0,0.0,0.0,0.0,1.0,0,1,1.0,1.0,0.0,1,1,0,1,1,0,0,6,0.0,0.0,128.39999389648438,162.10000610351562,0,12,0,2024-08-03,0.0,0.0,0.0,0.0,0
7,0.0,0.0,0.0,0.0,1.0,0,1,1.0,1.0,0.0,1,1,0,1,1,0,0,6,0.0,0.0,128.39999389648438,162.10000610351562,0,12,0,2024-08-03,0.0,0.0,0.0,0.0,0
8,0.0,0.0,0.0,0.0,1.0,0,1,1.0,1.0,0.8333333333333334,1,1,0,1,1,0,0,6,0.0,0.0,100.9000015258789,134.60000610351562,0,12,0,2024-08-03,0.0,0.0,0.0,0.0,0
9,0.0,0.0,0.0,0.0,1.0,0,1,1.0,1.0,1.0,1,1,1,1,1,0,0,6,0.0,0.0,100.9000015258789,134.60000610351562,0,12,0,2024-08-03,0.0,0.0,0.0,0.0,0
10,0.0,0.0,0.0,0.0,1.0,0,1,1.0,1.0,0.6666666666666666,1,1,0,1,1,0,0,6,0.0,0.0,100.9000015258789,134.60000610351562,0,12,0,2024-08-03,0.0,0.0,0.0,0.0,0
11,0.0,0.0,0.0,0.0,1.0,0,1,1.0,1.0,0.0,1,1,0,1,1,0,0,6,0.0,0.0,100.9000015258789,134.60000610351562,0,12,0,2024-08-03,0.0,0.0,0.0,0.0,0
12,0.0,0.0,0.0,0.0,1.0,0,1,1.0,1.0,0.0,1,1,0,1,1,0,0,6,0.0,0.0,100.9000015258789,134.60000610351562,0,12,0,2024-08-03,0.0,0.0,0.0,0.0,0
13,0.0,0.0,0.0,0.0,1.0,0,1,1.0,1.0,0.0,1,1,0,1,1,0,0,6,0.0,0.0,109.61332702636719,134.60000610351562,0,12,0,2024-08-03,0.0,0.0,0.0,0.0,0
14,0.0,0.0,0.0,0.0,1.0,0,1,1.0,1.0,0.0,1,1,0,1,1,0,0,6,0.0,0.0,237.0,261.5,0,12,0,2024-08-03,0.0,0.0,0.0,0.0,0
15,0.0,0.0,0.0,0.0,1.0,0,1,1.0,1.0,0.0,1,1,0,1,1,0,0,6,0.0,0.0,407.9000244140625,432.4000244140625,0,12,0,2024-08-03,0.0,0.0,0.0,0.0,0
16,0.0,0.0,0.0,0.0,1.0,0,1,1.0,1.0,0.0,1,1,0,1,1,0,0,6,0.0,0.0,523.4000244140625,547.9000244140625,0,12,0,2024-08-03,0.0,0.0,0.0,0.0,0
17,0.0,0.0,0.0,0.0,1.0,0,1,1.0,1.0,0.0,1,1,0,1,1,0,0,6,0.0,0.0,585.4000244140625,613.9000244140625,0,12,0,2024-08-03,0.0,0.0,0.0,0.0,0
18,0.0,0.0,0.0,0.0,1.0,0,1,1.0,1.0,0.0,1,1,0,1,1,0,0,6,0.0,0.0,801.2666625976562,818.4000244140625,0,12,0,2024-08-03,0.0,0.0,0.0,0.0,0
19,-32.11000022888189,286.10000228881836,289.60000228881836,575.7000045776367,1.0,0,1,1.0,1.0,1.0,1,1,1,1,1,0,0,6,0.0,0.0,803.0135349273681,880.1100002288819,1,12,0,2024-08-03,28.610000228881837,28.96000022888184,57.570000457763676,6.626188507385698e-10,0
20,-290.28538423672273,0.0,355.60000228881836,355.60000228881836,1.0,0,1,1.0,1.0,1.0,1,1,1,1,1,0,6,0,0.0,0.0,576.8669595132773,1221.7853842367226,1,12,0,2024-08-03,0.0,35.56000022888184,35.56000022888184,0.46153845737088645,0
21,-99.44500198364253,0.0,369.3000030517578,369.3000030517578,1.0,0,1,1.0,1.0,1.0,1,1,1,1,1,0,6,0,0.0,0.0,716.3946586608887,1019.9450019836426,1,12,0,2024-08-03,0.0,36.93000030517578,36.93000030517578,0.048076928281419365,0
22,43.1366633097336,489.7333386739095,492.9000053405762,982.6333440144856,1.0,0,1,1.0,1.0,1.0,1,1,1,1,1,5,1,0,0.0,0.0,865.1489313761399,915.6633855183914,1,12,0,2024-08-03,48.97333386739095,49.29000053405762,98.26333440144856,0.21101169017559657,0
23,0.0,0.0,0.0,0.0,1.0,0,1,1.0,1.0,0.0,1,1,0,1,1,0,0,6,0.0,0.0,777.866455078125,950.0,0,12,0,2024-08-03,0.0,0.0,0.0,0.0,0
24,-3.7428079223633195,605.0760040283203,634.2000045776367,1239.276008605957,1.0,0,1,1.0,1.0,1.0,1,1,1,1,1,0,0,6,0.0,0.0,834.6236471557617,1014.2428079223633,1,12,0,2024-08-03,60.50760040283203,63.42000045776368,123.9276008605957,4.617252075565009e-11,0
25,5.12615369628758,623.2000045776367,0.0,623.2000045776367,1.0,0,1,1.0,1.0,1.0,1,1,1,1,1,0,0,6,0.0,0.0,928.0539491064438,1130.0739195459,1,12,0,2024-08-03,62.320000457763676,0.0,62.320000457763676,3.645729861504272e-10,0
26,46.339004799836175,0.0,700.7000045776367,700.7000045776367,1.0,0,1,1.0,1.0,1.0,1,1,1,1,1,0,5,1,0.0,0.0,975.5894930810862,1110.7610928564138,1,12,0,2024-08-03,0.0,70.07000045776367,70.07000045776367,0.08653845997774938,0
27,58.2400005340574,686.8000049591064,692.4000053405762,1379.2000102996826,1.0,0,1,1.0,1.0,1.0,1,1,1,1,1,0,6,0,0.0,0.0,951.2504985809323,1057.6600238800052,1,12,0,2024-08-03,68.68000049591065,69.24000053405761,137.92000102996826,0.057926556839831424,0
28,346.37964976539064,719.9000053405762,0.0,719.9000053405762,1.0,0,1,1.0,1.0,1.0,1,1,1,1,1,6,0,0,0.0,0.0,1315.807201034922,838.7203258205468,1,12,0,2024-08-03,71.99000053405761,0.0,71.99000053405761,1.5409800744898207e-08,0
29,0.0,0.0,0.0,0.0,1.0,0,1,1.0,1.0,0.0,1,1,0,1,1,0,0,6,0.0,0.0,1035.3433837890625,1140.5999755859375,0,12,0,2024-08-03,0.0,0.0,0.0,0.0,0
30,241.57592976355616,828.2000045776367,0.0,828.2000045776367,1.0,0,1,1.0,1.0,1.0,1,1,1,1,1,6,0,0,0.0,0.0,1301.9969502713686,907.2241190645689,1,12,0,2024-08-03,82.82000045776368,0.0,82.82000045776368,2.4501100575499462e-09,0
31,0.0,0.0,0.0,0.0,1.0,0,1,1.0,1.0,0.0,1,1,0,1,1,0,0,6,0.0,0.0,1080.798583984375,1157.0,0,12,0,2024-08-03,0.0,0.0,0.0,0.0,0
32,0.0,0.0,0.0,0.0,1.0,0,1,1.0,1.0,0.0,1,1,0,1,1,0,0,6,0.0,0.0,1023.0985717773438,1099.2999267578125,0,12,0,2024-08-03,0.0,0.0,0.0,0.0,0
33,133.65500144958494,689.7000045776367,689.7000045776367,1379.4000091552734,1.0,0,1,1.0,1.0,1.0,1,1,1,1,1,6,0,0,0.0,0.0,1133.180880355835,944.4449741363526,1,12,0,2024-08-03,68.97000045776367,68.97000045776367,137.94000091552735,1.935833007946494e-09,0
34,146.4700004577637,689.7000045776367,689.7000045776367,1379.4000091552734,1.0,0,1,1.0,1.0,1.0,1,1,1,1,1,0,0,6,0.0,0.0,1087.9059135437012,856.1299751281738,1,12,0,2024-08-03,68.97000045776367,68.97000045776367,137.94000091552735,5.530951362971126e-10,0
35,222.11984296897236,667.9157193868118,661.2001795651826,1329.1158989519945,1.0,0,1,1.0,1.0,1.0,1,1,1,1,1,1,0,5,0.0,0.0,1116.0245060549098,713.8801570310277,1,12,0,2024-08-03,66.79157193868119,66.12001795651825,132.91158989519946,0.0016106609973370282,0
36,81.72000045776366,250.0,817.2000045776367,1067.2000045776367,1.0,0,1,1.0,1.0,1.0,1,1,1,1,1,0,0,6,0.0,0.10978944112902198,843.9603569030762,727.4800727844238,1,12,0,2024-08-03,25.0,81.72000045776367,106.72000045776367,7.148982957469444e-10,0
37,54.43566728969144,826.3666714986166,831.5000038146973,1657.8666753133139,1.0,0,1,1.0,1.0,1.0,1,1,1,1,1,0,6,0,0.0,0.05921298573219672,844.3449690475039,782.2644059524961,1,12,0,2024-08-03,82.63666714986167,83.15000038146974,165.7866675313314,9.986454804368614e-10,0
38,111.54000129699709,813.4000053405762,813.4000053405762,1626.8000106811523,1.0,0,1,1.0,1.0,1.0,1,1,1,1,1,0,0,6,0.0,0.060535939355899834,932.523155593872,764.1600719451905,1,12,0,2024-08-03,81.34000053405762,81.34000053405762,162.68000106811525,2.344908679327907e-10,0
39,790.7900058746338,708.9000053405762,0.0,708.9000053405762,1.0,0,1,1.0,1.0,1.0,1,1,1,1,1,6,0,0,0.0,0.0,1613.0271884918213,57.410067367553665,1,12,0,2024-08-03,70.89000053405762,0.0,70.89000053405762,3.9282395083575415e-08,0
40,227.73314407336073,631.4986722310384,0.0,631.4986722310384,1.0,0,1,1.0,1.0,1.0,1,1,1,1,1,6,0,0,0.0,0.0,985.2331440733608,520.6305033875767,1,12,0,2024-08-03,63.14986722310385,0.0,63.14986722310385,7.973531881608935e-09,0
41,576.3009366099064,621.990672047933,0.0,621.990672047933,1.0,0,1,1.0,1.0,1.0,1,1,1,1,1,0,6,0,0.0,0.0,1264.6009854380313,70.2829867299373,1,12,0,2024-08-03,62.1990672047933,0.0,62.1990672047933,4.460768232260224e-08,0
42,79.30032700540058,583.3666714986166,588.5000038146973,1171.8666753133139,1.0,0,1,1.0,1.0,1.0,1,1,1,1,1,3,3,0,0.0,0.15125544812177838,718.2003514194631,499.48617201803694,1,12,0,2024-08-03,58.33666714986166,58.85000038146973,117.1866675313314,0.0482875240112437,0
43,51.98000030517579,519.8000030517578,519.8000030517578,1039.6000061035156,1.0,0,1,1.0,1.0,1.0,1,1,1,1,1,0,1,5,0.0,0.11868708483243794,622.180012512207,458.10645599365233,1,12,0,2024-08-03,51.980000305175786,51.980000305175786,103.96000061035157,0.016025642314631678,0
44,53.81073212087761,440.0666669209798,444.10000228881836,884.1666692097981,1.0,0,1,1.0,1.0,1.0,1,1,1,1,1,0,6,0,0.0,0.0,601.5107443279088,456.2757241779505,1,12,0,2024-08-03,44.00666669209798,44.41000022888184,88.41666692097982,1.893634383652612e-09,0
45,-52.110002136230456,370.76666768391925,374.8000030517578,745.566670735677,1.0,0,1,1.0,1.0,1.0,1,1,1,1,1,0,6,0,0.0,0.0,437.38999786376957,529.3264938354492,1,12,0,2024-08-03,37.076666768391924,37.480000305175786,74.55666707356771,0.045114541098555845,0
46,-50.74000091552735,315.4000015258789,315.4000015258789,630.8000030517578,1.0,0,1,1.0,1.0,1.0,1,1,1,1,1,0,6,0,0.0,0.0,411.3600357055664,501.1577865600586,1,12,0,2024-08-03,31.540000152587893,31.540000152587893,63.08000030517579,0.3205128178302578,0
47,64.7211436254023,344.50000381469727,310.8654002103277,655.365404025025,1.0,0,1,1.0,1.0,1.0,1,1,1,1,1,0,6,0,0.0,0.012487669927021947,499.32118024649606,306.98341570076957,1,12,0,2024-08-03,34.45000038146973,31.086540021032775,65.5365404025025,0.3466323569575223,0
0,0.0,0.0,0.0,0.0,1.0,0,1,1.0,1.0,1.0,1,1,1,1,1,0,0,6,0.0,0.0,181.3000030517578,181.3000030517578,0,12,1,2024-08-03,0.0,0.0,0.0,0.0,0
1,0.0,0.0,0.0,0.0,1.0,0,1,1.0,1.0,0.0,1,1,0,1,1,0,0,6,0.0,0.0,181.3000030517578,181.3000030517578,0,12,1,2024-08-03,0.0,0.0,0.0,0.0,0
2,0.0,0.0,0.0,0.0,1.0,0,1,1.0,1.0,0.0,1,1,0,1,1,0,0,6,0.0,0.0,181.3000030517578,181.3000030517578,0,12,1,2024-08-03,0.0,0.0,0.0,0.0,0
3,0.0,0.0,0.0,0.0,1.0,0,1,1.0,1.0,0.6666666666666666,1,1,0,1,1,0,0,6,0.0,0.0,170.3000030517578,170.3000030517578,0,12,1,2024-08-03,0.0,0.0,0.0,0.0,0
4,0.0,0.0,0.0,0.0,1.0,0,1,1.0,1.0,0.8333333333333334,1,1,0,1,1,0,0,6,0.0,0.0,170.3000030517578,170.3000030517578,0,12,1,2024-08-03,0.0,0.0,0.0,0.0,0
5,0.0,0.0,0.0,0.0,1.0,0,1,1.0,1.0,0.0,1,1,0,1,1,0,0,6,0.0,0.0,170.3000030517578,170.3000030517578,0,12,1,2024-08-03,0.0,0.0,0.0,0.0,0
6,0.0,0.0,0.0,0.0,1.0,0,1,1.0,1.0,0.0,1,1,0,1,1,0,0,6,0.0,0.0,170.3000030517578,170.3000030517578,0,12,1,2024-08-03,0.0,0.0,0.0,0.0,0
7,0.0,0.0,0.0,0.0,1.0,0,1,1.0,1.0,0.3333333333333333,1,1,0,1,1,0,0,6,0.0,0.0,151.09999084472656,151.09999084472656,0,12,1,2024-08-03,0.0,0.0,0.0,0.0,0
8,0.0,0.0,0.0,0.0,1.0,0,1,1.0,1.0,0.0,1,1,0,1,1,0,0,6,0.0,0.0,151.09999084472656,151.09999084472656,0,12,1,2024-08-03,0.0,0.0,0.0,0.0,0
9,0.0,0.0,0.0,0.0,1.0,0,1,1.0,1.0,0.0,1,1,0,1,1,0,0,6,0.0,0.0,151.09999084472656,151.09999084472656,0,12,1,2024-08-03,0.0,0.0,0.0,0.0,0
10,0.0,0.0,0.0,0.0,1.0,0,1,1.0,1.0,0.5,1,1,0,1,1,0,0,6,0.0,0.0,104.4000015258789,104.4000015258789,0,12,1,2024-08-03,0.0,0.0,0.0,0.0,0
11,0.0,0.0,0.0,0.0,1.0,0,1,1.0,1.0,1.0,1,1,1,1,1,0,0,6,0.0,0.0,104.4000015258789,104.4000015258789,0,12,1,2024-08-03,0.0,0.0,0.0,0.0,0
12,0.0,0.0,0.0,0.0,1.0,0,1,1.0,1.0,1.0,1,1,1,1,1,0,0,6,0.0,0.0,104.4000015258789,104.4000015258789,0,12,1,2024-08-03,0.0,0.0,0.0,0.0,0
13,0.0,0.0,0.0,0.0,1.0,0,1,1.0,1.0,1.0,1,1,1,1,1,0,0,6,0.0,0.0,159.39999389648438,159.39999389648438,0,12,1,2024-08-03,0.0,0.0,0.0,0.0,0
14,0.0,0.0,0.0,0.0,1.0,0,1,1.0,1.0,1.0,1,1,1,1,1,0,0,6,0.0,0.0,248.59999084472656,252.79998779296875,0,12,1,2024-08-03,0.0,0.0,0.0,0.0,0
15,0.0,0.0,0.0,0.0,1.0,0,1,1.0,1.0,1.0,1,1,1,1,1,0,0,6,0.0,0.0,267.79998779296875,272.0,0,12,1,2024-08-03,0.0,0.0,0.0,0.0,0
16,0.0,0.0,0.0,0.0,1.0,0,1,1.0,1.0,0.5,1,1,0,1,1,0,0,6,0.0,0.0,348.0,340.6000061035156,0,12,1,2024-08-03,0.0,0.0,0.0,0.0,0
17,0.0,0.0,0.0,0.0,1.0,0,1,1.0,1.0,0.0,1,1,0,1,1,0,0,6,0.0,0.0,447.1000061035156,475.8000183105469,0,12,1,2024-08-03,0.0,0.0,0.0,0.0,0
18,0.0,0.0,0.0,0.0,1.0,0,1,1.0,1.0,0.0,1,1,0,1,1,0,0,6,0.0,0.0,570.0,618.7000122070312,0,12,1,2024-08-03,0.0,0.0,0.0,0.0,0
19,-32.11000022888189,286.10000228881836,289.60000228881836,575.7000045776367,1.0,0,1,1.0,1.0,1.0,1,1,1,1,1,0,0,6,0.0,0.0,581.0712741851806,702.3081813812256,1,12,1,2024-08-03,28.610000228881837,28.96000022888184,57.570000457763676,6.626188507385698e-10,0
20,-290.28538423672273,0.0,355.60000228881836,355.60000228881836,1.0,0,1,1.0,1.0,1.0,1,1,1,1,1,0,6,0,0.0,0.0,250.41322416171477,920.485396443754,1,12,1,2024-08-03,0.0,35.56000022888184,35.56000022888184,0.46153845737088645,0
21,-99.44500198364253,0.0,369.3000030517578,369.3000030517578,1.0,0,1,1.0,1.0,1.0,1,1,1,1,1,0,6,0,0.0,0.0,460.7565971374512,759.845026397705,1,12,1,2024-08-03,0.0,36.93000030517578,36.93000030517578,0.048076928281419365,0
22,43.1366633097336,489.7333386739095,492.9000053405762,982.6333440144856,1.0,0,1,1.0,1.0,1.0,1,1,1,1,1,5,1,0,0.0,0.0,653.5305842081711,697.4633122762039,1,12,1,2024-08-03,48.97333386739095,49.29000053405762,98.26333440144856,0.21101169017559657,0
23,0.0,0.0,0.0,0.0,1.0,0,1,1.0,1.0,0.0,1,1,0,1,1,0,0,6,0.0,0.0,647.0677490234375,817.5,0,12,1,2024-08-03,0.0,0.0,0.0,0.0,0
24,-3.7428079223633195,605.0760040283203,634.2000045776367,1239.276008605957,1.0,0,1,1.0,1.0,1.0,1,1,1,1,1,0,0,6,0.0,0.0,748.3582662963867,970.6428323364258,1,12,1,2024-08-03,60.50760040283203,63.42000045776368,123.9276008605957,4.617252075565009e-11,0
25,5.12615369628758,623.2000045776367,0.0,623.2000045776367,1.0,0,1,1.0,1.0,1.0,1,1,1,1,1,0,0,6,0.0,0.0,763.1041810400376,989.2738707177749,1,12,1,2024-08-03,62.320000457763676,0.0,62.320000457763676,3.645729861504272e-10,0
26,46.339004799836175,0.0,700.7000045776367,700.7000045776367,1.0,0,1,1.0,1.0,1.0,1,1,1,1,1,0,5,1,0.0,0.0,888.8552401513987,1023.0803067236013,1,12,1,2024-08-03,0.0,70.07000045776367,70.07000045776367,0.08653845997774938,0
27,58.2400005340574,686.8000049591064,692.4000053405762,1379.2000102996826,1.0,0,1,1.0,1.0,1.0,1,1,1,1,1,0,6,0,0.0,0.0,849.1859233856198,929.6754047393802,1,12,1,2024-08-03,68.68000049591065,69.24000053405761,137.92000102996826,0.057926556839831424,0
28,346.37964976539064,719.9000053405762,0.0,719.9000053405762,1.0,0,1,1.0,1.0,1.0,1,1,1,1,1,6,0,0,0.0,0.0,1140.9344593357032,641.3915904689843,1,12,1,2024-08-03,71.99000053405761,0.0,71.99000053405761,1.5409800744898207e-08,0
29,0.0,0.0,0.0,0.0,1.0,0,1,1.0,1.0,0.0,1,1,0,1,1,0,0,6,0.0,0.0,851.8984985351562,967.599609375,0,12,1,2024-08-03,0.0,0.0,0.0,0.0,0
30,241.57592976355616,828.2000045776367,0.0,828.2000045776367,1.0,0,1,1.0,1.0,1.0,1,1,1,1,1,6,0,0,0.0,0.0,1115.9744282987124,742.7331522676939,1,12,1,2024-08-03,82.82000045776368,0.0,82.82000045776368,2.4501100575499462e-09,0
31,0.0,0.0,0.0,0.0,1.0,0,1,1.0,1.0,0.0,1,1,0,1,1,0,0,6,0.0,0.0,931.1080322265625,994.3802490234375,0,12,1,2024-08-03,0.0,0.0,0.0,0.0,0
32,0.0,0.0,0.0,0.0,1.0,0,1,1.0,1.0,0.0,1,1,0,1,1,0,0,6,0.0,0.0,901.85546875,964.2801513671875,0,12,1,2024-08-03,0.0,0.0,0.0,0.0,0
33,133.65500144958494,689.7000045776367,689.7000045776367,1379.4000091552734,1.0,0,1,1.0,1.0,1.0,1,1,1,1,1,6,0,0,0.0,0.0,962.3418910980224,755.0405551910401,1,12,1,2024-08-03,68.97000045776367,68.97000045776367,137.94000091552735,1.935833007946494e-09,0
34,146.4700004577637,689.7000045776367,689.7000045776367,1379.4000091552734,1.0,0,1,1.0,1.0,1.0,1,1,1,1,1,0,0,6,0.0,0.0,964.8747856140137,723.9620063781738,1,12,1,2024-08-03,68.97000045776367,68.97000045776367,137.94000091552735,5.530951362971126e-10,0
35,222.11984296897236,667.9157193868118,661.2001795651826,1329.1158989519945,1.0,0,1,1.0,1.0,1.0,1,1,1,1,1,1,0,5,0.0,0.08916514345330401,992.3639835939723,602.2441707029027,1,12,1,2024-08-03,66.79157193868119,66.12001795651825,132.91158989519946,0.0016106609973370282,0
36,81.72000045776366,250.0,817.2000045776367,1067.2000045776367,1.0,0,1,1.0,1.0,1.0,1,1,1,1,1,0,0,6,0.0,0.10493725079773718,846.5018608093262,731.4452827453613,1,12,1,2024-08-03,25.0,81.72000045776367,106.72000045776367,7.148982957469444e-10,0
37,54.43566728969144,826.3666714986166,831.5000038146973,1657.8666753133139,1.0,0,1,1.0,1.0,1.0,1,1,1,1,1,0,6,0,0.06496381781596941,0.1568442780345914,772.6827376021914,701.0839860306211,1,12,1,2024-08-03,82.63666714986167,83.15000038146974,165.7866675313314,9.986454804368614e-10,0
38,111.54000129699709,813.4000053405762,813.4000053405762,1626.8000106811523,1.0,0,1,1.0,1.0,1.0,1,1,1,1,1,0,0,6,0.0,0.2081623776577375,833.048790359497,644.0807262420655,1,12,1,2024-08-03,81.34000053405762,81.34000053405762,162.68000106811525,2.344908679327907e-10,0
39,790.7900058746338,708.9000053405762,0.0,708.9000053405762,1.0,0,1,1.0,1.0,1.0,1,1,1,1,1,6,0,0,0.0,0.0,1587.1339389801026,0.0,1,12,1,2024-08-03,70.89000053405762,0.0,70.89000053405762,3.9282395083575415e-08,0
40,227.73314407336073,631.4986722310384,0.0,631.4986722310384,1.0,0,1,1.0,1.0,1.0,1,1,1,1,1,6,0,0,0.0,0.0,988.7331440733608,451.71741745007677,1,12,1,2024-08-03,63.14986722310385,0.0,63.14986722310385,7.973531881608935e-09,0
41,576.3009366099064,621.990672047933,0.0,621.990672047933,1.0,0,1,1.0,1.0,1.0,1,1,1,1,1,0,6,0,0.0,0.0,1241.1009854380313,0.0,1,12,1,2024-08-03,62.1990672047933,0.0,62.1990672047933,4.460768232260224e-08,0
42,79.30032700540058,583.3666714986166,588.5000038146973,1171.8666753133139,1.0,0,1,1.0,1.0,1.0,1,1,1,1,1,3,3,0,0.0,0.31495308439341063,724.9003025913381,403.15011244772444,1,12,1,2024-08-03,58.33666714986166,58.85000038146973,117.1866675313314,0.0482875240112437,0
43,51.98000030517579,519.8000030517578,519.8000030517578,1039.6000061035156,1.0,0,1,1.0,1.0,1.0,1,1,1,1,1,0,1,5,0.0,0.3369075524928907,636.680012512207,344.67545623779296,1,12,1,2024-08-03,51.980000305175786,51.980000305175786,103.96000061035157,0.016025642314631678,0
44,53.81073212087761,440.0666669209798,444.10000228881836,884.1666692097981,1.0,0,1,1.0,1.0,1.0,1,1,1,1,1,0,6,0,0.0,0.23804809922720163,607.7107565349401,338.38284087716926,1,12,1,2024-08-03,44.00666669209798,44.41000022888184,88.41666692097982,1.893634383652612e-09,0
45,-52.110002136230456,370.76666768391925,374.8000030517578,745.566670735677,1.0,0,1,1.0,1.0,1.0,1,1,1,1,1,0,6,0,0.0,0.0,474.29002227783207,444.3470321655273,1,12,1,2024-08-03,37.076666768391924,37.480000305175786,74.55666707356771,0.045114541098555845,0
46,-50.74000091552735,315.4000015258789,315.4000015258789,630.8000030517578,1.0,0,1,1.0,1.0,1.0,1,1,1,1,1,0,6,0,0.0,0.0,475.66002349853517,427.00611419677733,1,12,1,2024-08-03,31.540000152587893,31.540000152587893,63.08000030517579,0.3205128178302578,0
47,64.7211436254023,344.50000381469727,310.8654002103277,655.365404025025,1.0,0,1,1.0,1.0,1.0,1,1,1,1,1,0,6,0,0.0,0.34002720684436616,544.4211253148554,205.16270647225394,1,12,1,2024-08-03,34.45000038146973,31.086540021032775,65.5365404025025,0.3466323569575223,0
0,0.0,0.0,0.0,0.0,1.0,0,1,1.0,1.0,1.0,1,1,1,1,1,0,0,6,0.0,0.0,304.1000061035156,365.29998779296875,0,12,2,2024-08-03,0.0,0.0,0.0,0.0,0
1,0.0,0.0,0.0,0.0,1.0,0,1,1.0,1.0,1.0,1,1,1,1,1,0,0,6,0.0,0.0,331.6000061035156,392.79998779296875,0,12,2,2024-08-03,0.0,0.0,0.0,0.0,0
2,0.0,0.0,0.0,0.0,1.0,0,1,1.0,1.0,0.6666666666666666,1,1,0,1,1,0,0,6,0.0,0.0,312.3999938964844,373.60003662109375,0,12,2,2024-08-03,0.0,0.0,0.0,0.0,0
3,0.0,0.0,0.0,0.0,1.0,0,1,1.0,1.0,0.0,1,1,0,1,1,0,0,6,0.0,0.0,312.3999938964844,373.60003662109375,0,12,2,2024-08-03,0.0,0.0,0.0,0.0,0
4,0.0,0.0,0.0,0.0,1.0,0,1,1.0,1.0,0.6666666666666666,1,1,0,1,1,0,0,6,0.0,0.0,293.20001220703125,354.4000244140625,0,12,2,2024-08-03,0.0,0.0,0.0,0.0,0
5,0.0,0.0,0.0,0.0,1.0,0,1,1.0,1.0,0.16666666666666666,1,1,0,1,1,0,0,6,0.0,0.0,293.20001220703125,354.4000244140625,0,12,2,2024-08-03,0.0,0.0,0.0,0.0,0
6,0.0,0.0,0.0,0.0,1.0,0,1,1.0,1.0,0.0,1,1,0,1,1,0,0,6,0.0,0.0,297.5999755859375,354.4000244140625,0,12,2,2024-08-03,0.0,0.0,0.0,0.0,0
7,0.0,0.0,0.0,0.0,1.0,0,1,1.0,1.0,0.0,1,1,0,1,1,0,0,6,0.0,0.0,297.5999755859375,354.4000244140625,0,12,2,2024-08-03,0.0,0.0,0.0,0.0,0
8,0.0,0.0,0.0,0.0,1.0,0,1,1.0,1.0,0.0,1,1,0,1,1,0,0,6,0.0,0.0,247.59999084472656,304.3999938964844,0,12,2,2024-08-03,0.0,0.0,0.0,0.0,0
9,0.0,0.0,0.0,0.0,1.0,0,1,1.0,1.0,0.0,1,1,0,1,1,0,0,6,0.0,0.0,247.59999084472656,304.3999938964844,0,12,2,2024-08-03,0.0,0.0,0.0,0.0,0
10,0.0,0.0,0.0,0.0,1.0,0,1,1.0,1.0,0.0,1,1,0,1,1,0,0,6,0.0,0.0,247.59999084472656,304.3999938964844,0,12,2,2024-08-03,0.0,0.0,0.0,0.0,0
11,0.0,0.0,0.0,0.0,1.0,0,1,1.0,1.0,0.0,1,1,0,1,1,0,0,6,0.0,0.0,180.1999969482422,285.20001220703125,0,12,2,2024-08-03,0.0,0.0,0.0,0.0,0
12,0.0,0.0,0.0,0.0,1.0,0,1,1.0,1.0,0.3333333333333333,1,1,0,1,1,0,0,6,0.0,0.0,169.1999969482422,274.20001220703125,0,12,2,2024-08-03,0.0,0.0,0.0,0.0,0
13,0.0,0.0,0.0,0.0,1.0,0,1,1.0,1.0,1.0,1,1,1,1,1,0,0,6,0.0,0.0,188.39999389648438,293.3999938964844,0,12,2,2024-08-03,0.0,0.0,0.0,0.0,0
14,0.0,0.0,0.0,0.0,1.0,0,1,1.0,1.0,1.0,1,1,1,1,1,0,0,6,0.0,0.0,223.39999389648438,354.3999938964844,0,12,2,2024-08-03,0.0,0.0,0.0,0.0,0
15,0.0,0.0,0.0,0.0,1.0,0,1,1.0,1.0,0.0,1,1,0,1,1,0,0,6,0.0,0.0,223.39999389648438,354.3999938964844,0,12,2,2024-08-03,0.0,0.0,0.0,0.0,0
16,0.0,0.0,0.0,0.0,1.0,0,1,1.0,1.0,0.0,1,1,0,1,1,0,0,6,0.0,0.0,339.8999938964844,486.9000244140625,0,12,2,2024-08-03,0.0,0.0,0.0,0.0,0
17,0.0,0.0,0.0,0.0,1.0,0,1,1.0,1.0,0.0,1,1,0,1,1,0,0,6,0.0,0.0,392.0999755859375,539.1000366210938,0,12,2,2024-08-03,0.0,0.0,0.0,0.0,0
18,0.0,0.0,0.0,0.0,1.0,0,1,1.0,1.0,0.0,1,1,0,1,1,0,0,6,0.0,0.0,519.2999877929688,729.300048828125,0,12,2,2024-08-03,0.0,0.0,0.0,0.0,0
19,-32.11000022888189,286.10000228881836,289.60000228881836,575.7000045776367,1.0,0,1,1.0,1.0,1.0,1,1,1,1,1,0,0,6,0.0,0.0,541.6235202789306,810.9099880218506,1,12,2,2024-08-03,28.610000228881837,28.96000022888184,57.570000457763676,6.626188507385698e-10,0
20,-290.28538423672273,0.0,355.60000228881836,355.60000228881836,1.0,0,1,1.0,1.0,1.0,1,1,1,1,1,0,6,0,0.0,0.0,326.291947306246,1160.2853842367226,1,12,2,2024-08-03,0.0,35.56000022888184,35.56000022888184,0.46153845737088645,0
21,-99.44500198364253,0.0,369.3000030517578,369.3000030517578,1.0,0,1,1.0,1.0,1.0,1,1,1,1,1,0,6,0,0.0,0.0,515.3482719421387,1018.8449653625488,1,12,2,2024-08-03,0.0,36.93000030517578,36.93000030517578,0.048076928281419365,0
22,43.1366633097336,489.7333386739095,492.9000053405762,982.6333440144856,1.0,0,1,1.0,1.0,1.0,1,1,1,1,1,5,1,0,0.0,0.0,626.0852717081711,876.2633000691726,1,12,2,2024-08-03,48.97333386739095,49.29000053405762,98.26333440144856,0.21101169017559657,0
23,0.0,0.0,0.0,0.0,1.0,0,1,1.0,1.0,0.0,1,1,0,1,1,0,0,6,0.0,0.0,574.8278198242188,938.5999755859375,0,12,2,2024-08-03,0.0,0.0,0.0,0.0,0
24,-3.7428079223633195,605.0760040283203,634.2000045776367,1239.276008605957,1.0,0,1,1.0,1.0,1.0,1,1,1,1,1,0,0,6,0.05617640081604355,0.0,571.0850119018554,914.8427835083008,1,12,2,2024-08-03,60.50760040283203,63.42000045776368,123.9276008605957,4.617252075565009e-11,0
25,5.12615369628758,623.2000045776367,0.0,623.2000045776367,1.0,0,1,1.0,1.0,1.0,1,1,1,1,1,0,0,6,0.008399774574411127,0.0,617.9652650244126,1099.3738463037125,1,12,2,2024-08-03,62.320000457763676,0.0,62.320000457763676,3.645729861504272e-10,0
26,46.339004799836175,0.0,700.7000045776367,700.7000045776367,1.0,0,1,1.0,1.0,1.0,1,1,1,1,1,0,5,1,0.0,0.0,683.1735995263987,1124.1609952001638,1,12,2,2024-08-03,0.0,70.07000045776367,70.07000045776367,0.08653845997774938,0
27,58.2400005340574,686.8000049591064,692.4000053405762,1379.2000102996826,1.0,0,1,1.0,1.0,1.0,1,1,1,1,1,0,6,0,0.0,0.0,821.7681377410886,1244.6599018096927,1,12,2,2024-08-03,68.68000049591065,69.24000053405761,137.92000102996826,0.057926556839831424,0
28,346.37964976539064,719.9000053405762,0.0,719.9000053405762,1.0,0,1,1.0,1.0,1.0,1,1,1,1,1,6,0,0,0.0,0.0,1184.5824695896094,953.8203014064843,1,12,2,2024-08-03,71.99000053405761,0.0,71.99000053405761,1.5409800744898207e-08,0
29,0.0,0.0,0.0,0.0,1.0,0,1,1.0,1.0,0.0,1,1,0,1,1,0,0,6,0.0,0.0,824.2933959960938,1189.5,0,12,2,2024-08-03,0.0,0.0,0.0,0.0,0
30,241.57592976355616,828.2000045776367,0.0,828.2000045776367,1.0,0,1,1.0,1.0,1.0,1,1,1,1,1,6,0,0,0.0,0.0,1064.5985738065249,916.7795389864439,1,12,2,2024-08-03,82.82000045776368,0.0,82.82000045776368,2.4501100575499462e-09,0
31,0.0,0.0,0.0,0.0,1.0,0,1,1.0,1.0,0.0,1,1,0,1,1,0,0,6,0.0,0.0,819.7047119140625,1139.07958984375,0,12,2,2024-08-03,0.0,0.0,0.0,0.0,0
32,0.0,0.0,0.0,0.0,1.0,0,1,1.0,1.0,0.0,1,1,0,1,1,0,0,6,0.0,0.0,792.2047119140625,1111.57958984375,0,12,2,2024-08-03,0.0,0.0,0.0,0.0,0
33,133.65500144958494,689.7000045776367,689.7000045776367,1379.4000091552734,1.0,0,1,1.0,1.0,1.0,1,1,1,1,1,6,0,0,0.0,0.0,931.0716274261474,889.9781162261963,1,12,2,2024-08-03,68.97000045776367,68.97000045776367,137.94000091552735,1.935833007946494e-09,0
34,146.4700004577637,689.7000045776367,689.7000045776367,1379.4000091552734,1.0,0,1,1.0,1.0,1.0,1,1,1,1,1,0,0,6,0.0,0.0,900.2480766296387,877.4952095031738,1,12,2,2024-08-03,68.97000045776367,68.97000045776367,137.94000091552735,5.530951362971126e-10,0
35,222.11984296897236,667.9157193868118,661.2001795651826,1329.1158989519945,1.0,0,1,1.0,1.0,1.0,1,1,1,1,1,1,0,5,0.0,0.03151296778190874,783.0168156252223,640.3637996091527,1,12,2,2024-08-03,66.79157193868119,66.12001795651825,132.91158989519946,0.0016106609973370282,0
36,81.72000045776366,250.0,817.2000045776367,1067.2000045776367,1.0,0,1,1.0,1.0,1.0,1,1,1,1,1,0,0,6,0.0,0.0,702.2521659851075,819.8128364562988,1,12,2,2024-08-03,25.0,81.72000045776367,106.72000045776367,7.148982957469444e-10,0
37,54.43566728969144,826.3666714986166,831.5000038146973,1657.8666753133139,1.0,0,1,1.0,1.0,1.0,1,1,1,1,1,0,6,0,0.16547240397440852,0.0,689.6257918014102,878.1350724564023,1,12,2,2024-08-03,82.63666714986167,83.15000038146974,165.7866675313314,9.986454804368614e-10,0
38,111.54000129699709,813.4000053405762,813.4000053405762,1626.8000106811523,1.0,0,1,1.0,1.0,1.0,1,1,1,1,1,0,0,6,0.07855543512261537,0.0,749.5030139923095,821.2963024139405,1,12,2,2024-08-03,81.34000053405762,81.34000053405762,162.68000106811525,2.344908679327907e-10,0
39,790.7900058746338,708.9000053405762,0.0,708.9000053405762,1.0,0,1,1.0,1.0,1.0,1,1,1,1,1,6,0,0,0.0,0.0,1401.31301612854,97.91000633239742,1,12,2,2024-08-03,70.89000053405762,0.0,70.89000053405762,3.9282395083575415e-08,0
40,227.73314407336073,631.4986722310384,0.0,631.4986722310384,1.0,0,1,1.0,1.0,1.0,1,1,1,1,1,6,0,0,0.0,0.0,1036.3182881163295,610.9668681336705,1,12,2,2024-08-03,63.14986722310385,0.0,63.14986722310385,7.973531881608935e-09,0
41,576.3009366099064,621.990672047933,0.0,621.990672047933,1.0,0,1,1.0,1.0,1.0,1,1,1,1,1,0,6,0,0.0,0.0,1378.5009488169376,207.17196378071856,1,12,2,2024-08-03,62.1990672047933,0.0,62.1990672047933,4.460768232260224e-08,0
42,79.30032700540058,583.3666714986166,588.5000038146973,1171.8666753133139,1.0,0,1,1.0,1.0,1.0,1,1,1,1,1,3,3,0,0.0,0.0,862.5845066929006,665.1297877406931,1,12,2,2024-08-03,58.33666714986166,58.85000038146973,117.1866675313314,0.0482875240112437,0
43,51.98000030517579,519.8000030517578,519.8000030517578,1039.6000061035156,1.0,0,1,1.0,1.0,1.0,1,1,1,1,1,0,1,5,0.0,0.0,691.2800491333007,567.7147018432618,1,12,2,2024-08-03,51.980000305175786,51.980000305175786,103.96000061035157,0.016025642314631678,0
44,53.81073212087761,440.0666669209798,444.10000228881836,884.1666692097981,1.0,0,1,1.0,1.0,1.0,1,1,1,1,1,0,6,0,0.0,0.0,701.4107687419713,573.3892800861537,1,12,2,2024-08-03,44.00666669209798,44.41000022888184,88.41666692097982,1.893634383652612e-09,0
45,-52.110002136230456,370.76666768391925,374.8000030517578,745.566670735677,1.0,0,1,1.0,1.0,1.0,1,1,1,1,1,0,6,0,0.0,0.0,462.9900344848633,548.992448425293,1,12,2,2024-08-03,37.076666768391924,37.480000305175786,74.55666707356771,0.045114541098555845,0
46,-50.74000091552735,315.4000015258789,315.4000015258789,630.8000030517578,1.0,0,1,1.0,1.0,1.0,1,1,1,1,1,0,6,0,0.0,0.0,464.35997467041017,537.6939498901368,1,12,2,2024-08-03,31.540000152587893,31.540000152587893,63.08000030517579,0.3205128178302578,0
47,64.7211436254023,344.50000381469727,310.8654002103277,655.365404025025,1.0,0,1,1.0,1.0,1.0,1,1,1,1,1,0,6,0,0.0,0.0,579.8211192113398,381.57899675545707,1,12,2,2024-08-03,34.45000038146973,31.086540021032775,65.5365404025025,0.3466323569575223,0
0,0.0,0.0,0.0,0.0,1.0,0,1,1.0,1.0,0.8333333333333334,1,1,0,1,1,0,0,6,0.0,0.0,196.59999084472656,245.09999084472656,0,13,0,2024-08-03,0.0,0.0,0.0,0.0,0
1,0.0,0.0,0.0,0.0,1.0,0,1,1.0,1.0,0.0,1,1,0,1,1,0,0,6,0.0,0.0,196.59999084472656,245.09999084472656,0,13,0,2024-08-03,0.0,0.0,0.0,0.0,0
2,0.0,0.0,0.0,0.0,1.0,0,1,1.0,1.0,0.0,1,1,0,1,1,0,0,6,0.0,0.0,196.59999084472656,245.09999084472656,0,13,0,2024-08-03,0.0,0.0,0.0,0.0,0
3,0.0,0.0,0.0,0.0,1.0,0,1,1.0,1.0,0.6666666666666666,1,1,0,1,1,0,0,6,0.0,0.0,196.59999084472656,245.09999084472656,0,13,0,2024-08-03,0.0,0.0,0.0,0.0,0
4,0.0,0.0,0.0,0.0,1.0,0,1,1.0,1.0,1.0,1,1,1,1,1,0,0,6,0.0,0.0,196.59999084472656,245.09999084472656,0,13,0,2024-08-03,0.0,0.0,0.0,0.0,0
5,0.0,0.0,0.0,0.0,1.0,0,1,1.0,1.0,0.16666666666666666,1,1,0,1,1,0,0,6,0.0,0.0,196.59999084472656,245.09999084472656,0,13,0,2024-08-03,0.0,0.0,0.0,0.0,0
6,0.0,0.0,0.0,0.0,1.0,0,1,1.0,1.0,0.0,1,1,0,1,1,0,0,6,0.0,0.0,196.59999084472656,245.09999084472656,0,13,0,2024-08-03,0.0,0.0,0.0,0.0,0
7,0.0,0.0,0.0,0.0,1.0,0,1,1.0,1.0,0.0,1,1,0,1,1,0,0,6,0.0,0.0,205.39999389648438,248.39999389648438,0,13,0,2024-08-03,0.0,0.0,0.0,0.0,0
8,0.0,0.0,0.0,0.0,1.0,0,1,1.0,1.0,0.0,1,1,0,1,1,0,0,6,0.0,0.0,186.1999969482422,229.1999969482422,0,13,0,2024-08-03,0.0,0.0,0.0,0.0,0
9,0.0,0.0,0.0,0.0,1.0,0,1,1.0,1.0,0.16666666666666666,1,1,0,1,1,0,0,6,0.0,0.0,108.69999694824219,151.6999969482422,0,13,0,2024-08-03,0.0,0.0,0.0,0.0,0
10,0.0,0.0,0.0,0.0,1.0,0,1,1.0,1.0,0.8333333333333334,1,1,0,1,1,0,0,6,0.0,0.0,101.69999694824219,101.69999694824219,0,13,0,2024-08-03,0.0,0.0,0.0,0.0,0
11,0.0,0.0,0.0,0.0,1.0,0,1,1.0,1.0,1.0,1,1,1,1,1,0,0,6,0.0,0.0,101.69999694824219,101.69999694824219,0,13,0,2024-08-03,0.0,0.0,0.0,0.0,0
12,0.0,0.0,0.0,0.0,1.0,0,1,1.0,1.0,0.0,1,1,0,1,1,0,0,6,0.0,0.0,120.89999389648438,120.89999389648438,0,13,0,2024-08-03,0.0,0.0,0.0,0.0,0
13,0.0,0.0,0.0,0.0,1.0,0,1,1.0,1.0,0.6666666666666666,1,1,0,1,1,0,0,6,0.0,0.0,83.89999389648438,93.39999389648438,0,13,0,2024-08-03,0.0,0.0,0.0,0.0,0
14,0.0,0.0,0.0,0.0,1.0,0,1,1.0,1.0,0.8333333333333334,1,1,0,1,1,0,0,6,0.0,0.0,83.89999389648438,115.89999389648438,0,13,0,2024-08-03,0.0,0.0,0.0,0.0,0
15,0.0,0.0,0.0,0.0,1.0,0,1,1.0,1.0,0.0,1,1,0,1,1,0,0,6,0.0,0.0,98.89999389648438,143.39999389648438,0,13,0,2024-08-03,0.0,0.0,0.0,0.0,0
16,0.0,0.0,0.0,0.0,1.0,0,1,1.0,1.0,0.0,1,1,0,1,1,0,0,6,0.0,0.0,159.3000030517578,203.79998779296875,0,13,0,2024-08-03,0.0,0.0,0.0,0.0,0
17,0.0,0.0,0.0,0.0,1.0,0,1,1.0,1.0,0.0,1,1,0,1,1,0,0,6,0.0,0.0,255.69998168945312,316.5000305175781,0,13,0,2024-08-03,0.0,0.0,0.0,0.0,0
18,0.0,0.0,0.0,0.0,1.0,0,1,1.0,1.0,0.0,1,1,0,1,1,0,0,6,0.0,0.0,319.20001220703125,482.5,0,13,0,2024-08-03,0.0,0.0,0.0,0.0,0
19,-32.11000022888189,286.10000228881836,289.60000228881836,575.7000045776367,1.0,0,1,1.0,1.0,1.0,1,1,1,1,1,0,0,6,0.0,0.0,391.38999977111814,649.7099758148194,1,13,0,2024-08-03,28.610000228881837,28.96000022888184,57.570000457763676,6.626188507385698e-10,0
20,-290.28538423672273,0.0,355.60000228881836,355.60000228881836,1.0,0,1,1.0,1.0,1.0,1,1,1,1,1,0,6,0,0.0,0.0,95.60096830233977,1009.2853842367227,1,13,0,2024-08-03,0.0,35.56000022888184,35.56000022888184,4.039278899587721e-08,0
21,-99.44500198364253,0.0,369.3000030517578,369.3000030517578,1.0,0,1,1.0,1.0,1.0,1,1,1,1,1,0,6,0,0.0,0.0,269.61810836791994,874.9450019836426,1,13,0,2024-08-03,0.0,36.93000030517578,36.93000030517578,6.197720794210615e-09,0
22,43.1366633097336,489.7333386739095,492.9000053405762,982.6333440144856,1.0,0,1,1.0,1.0,1.0,1,1,1,1,1,6,0,0,0.06469297714993916,0.0,458.05103098551484,831.7633611043289,1,13,0,2024-08-03,48.97333386739095,49.29000053405762,98.26333440144856,1.8116549722342246e-09,0
23,0.0,0.0,0.0,0.0,1.0,0,1,1.0,1.0,0.0,1,1,0,1,1,0,0,6,0.0,0.0,417.9658203125,877.5999755859375,0,13,0,2024-08-03,0.0,0.0,0.0,0.0,0
24,-3.7428079223633195,605.0760040283203,634.2000045776367,1239.276008605957,1.0,0,1,1.0,1.0,1.0,1,1,1,1,1,0,0,6,0.08835412819822827,0.0,551.6150411987304,989.0428567504883,1,13,0,2024-08-03,60.50760040283203,63.42000045776368,123.9276008605957,4.617252075565009e-11,0
25,5.12615369628758,623.2000045776367,0.0,623.2000045776367,1.0,0,1,1.0,1.0,1.0,1,1,1,1,1,0,0,6,0.3821346242980494,0.0,385.05370496581884,919.1738951318374,1,13,0,2024-08-03,62.320000457763676,0.0,62.320000457763676,3.645729861504272e-10,0
26,46.339004799836175,0.0,700.7000045776367,700.7000045776367,1.0,0,1,1.0,1.0,1.0,1,1,1,1,1,0,0,6,0.0,0.0,472.1153719873362,897.1609952001638,1,13,0,2024-08-03,0.0,70.07000045776367,70.07000045776367,4.0421665591849987e-10,0
27,58.2400005340574,686.8000049591064,692.4000053405762,1379.2000102996826,1.0,0,1,1.0,1.0,1.0,1,1,1,1,1,0,6,0,0.18938415359493,0.0,556.7309673309323,948.4600116729739,1,13,0,2024-08-03,68.68000049591065,69.24000053405761,137.92000102996826,0.11831687243671954,0
28,346.37964976539064,719.9000053405762,0.0,719.9000053405762,1.0,0,1,1.0,1.0,1.0,1,1,1,1,1,6,0,0,0.0,0.0,981.4315296482032,687.7204478908593,1,13,0,2024-08-03,71.99000053405761,0.0,71.99000053405761,1.5409800744898207e-08,0
29,0.0,0.0,0.0,0.0,1.0,0,1,1.0,1.0,0.0,1,1,0,1,1,0,0,6,0.0,0.0,738.681640625,947.9000854492188,0,13,0,2024-08-03,0.0,0.0,0.0,0.0,0
30,241.57592976355616,828.2000045776367,0.0,828.2000045776367,1.0,0,1,1.0,1.0,1.0,1,1,1,1,1,6,0,0,0.0,0.0,953.8797627713686,663.1240824434751,1,13,0,2024-08-03,82.82000045776368,0.0,82.82000045776368,2.4501100575499462e-09,0
31,0.0,0.0,0.0,0.0,1.0,0,1,1.0,1.0,0.0,1,1,0,1,1,0,0,6,0.0,0.0,736.2052001953125,901.4000854492188,0,13,0,2024-08-03,0.0,0.0,0.0,0.0,0
32,0.0,0.0,0.0,0.0,1.0,0,1,1.0,1.0,0.0,1,1,0,1,1,0,0,6,0.0,0.0,800.2070922851562,939.9000854492188,0,13,0,2024-08-03,0.0,0.0,0.0,0.0,0
33,133.65500144958494,689.7000045776367,689.7000045776367,1379.4000091552734,1.0,0,1,1.0,1.0,1.0,1,1,1,1,1,5,1,0,0.0,0.0,902.1654384613037,756.2450839996338,1,13,0,2024-08-03,68.97000045776367,68.97000045776367,137.94000091552735,0.0833333318584129,0
34,146.4700004577637,689.7000045776367,689.7000045776367,1379.4000091552734,1.0,0,1,1.0,1.0,1.0,1,1,1,1,1,0,1,5,0.0,0.0,968.6141654968262,738.3017280578613,1,13,0,2024-08-03,68.97000045776367,68.97000045776367,137.94000091552735,0.0833333311209527,0
35,222.11984296897236,667.9157193868118,661.2001795651826,1329.1158989519945,1.0,0,1,1.0,1.0,1.0,1,1,1,1,1,0,2,4,0.0,0.05081528454911377,1091.0420231447536,627.6011042966527,1,13,0,2024-08-03,66.79157193868119,66.12001795651825,132.91158989519946,0.1175897914486795,0
36,81.72000045776366,250.0,817.2000045776367,1067.2000045776367,1.0,0,1,1.0,1.0,1.0,1,1,1,1,1,0,0,6,0.0,0.11436035588865978,895.1254570007325,723.7447212219238,1,13,0,2024-08-03,25.0,81.72000045776367,106.72000045776367,7.148982957469444e-10,0
37,54.43566728969144,826.3666714986166,831.5000038146973,1657.8666753133139,1.0,0,1,1.0,1.0,1.0,1,1,1,1,1,0,6,0,0.06710648637204933,0.16468503841372084,770.9121077193789,694.5643937454648,1,13,0,2024-08-03,82.63666714986167,83.15000038146974,165.7866675313314,0.2097692085233614,0
38,111.54000129699709,813.4000053405762,813.4000053405762,1626.8000106811523,1.0,0,1,1.0,1.0,1.0,1,1,1,1,1,0,0,6,0.0,0.20267596696794846,844.5164417266845,648.5433727264405,1,13,0,2024-08-03,81.34000053405762,81.34000053405762,162.68000106811525,2.344908679327907e-10,0
39,790.7900058746338,708.9000053405762,0.0,708.9000053405762,0.6666666666666666,2,0,0.6666666666666666,1.0,1.0,0,1,1,0,1,6,0,0,0.0,0.0,1478.79006690979,0.0,1,13,0,2024-08-03,70.89000053405762,0.0,70.89000053405762,3.9282395083575415e-08,1
40,227.73314407336073,631.4986722310384,0.0,631.4986722310384,1.0,0,1,1.0,1.0,1.0,1,1,1,1,1,6,0,0,0.0,0.0,858.0331929014858,324.459665985233,1,13,0,2024-08-03,63.14986722310385,0.0,63.14986722310385,7.973531881608935e-09,0
41,576.3009366099064,621.990672047933,0.0,621.990672047933,1.0,0,1,1.0,1.0,1.0,1,1,1,1,1,1,5,0,0.0,0.0,1241.400973231,0.0,1,13,0,2024-08-03,62.1990672047933,0.0,62.1990672047933,0.03983273920481075,0
42,79.30032700540058,583.3666714986166,588.5000038146973,1171.8666753133139,1.0,0,1,1.0,1.0,1.0,1,1,1,1,1,4,2,0,0.0,0.3374542624283126,776.1003758335256,389.90816908834944,1,13,0,2024-08-03,58.33666714986166,58.85000038146973,117.1866675313314,0.13002336822861418,0
43,51.98000030517579,519.8000030517578,519.8000030517578,1039.6000061035156,0.6666666666666666,2,0,1.0,0.6,1.0,0,0,1,1,0,0,5,1,0.0,0.3520306034123032,768.5800369262695,336.81449432373046,1,13,0,2024-08-03,51.980000305175786,51.980000305175786,103.96000061035157,0.3999867391935674,1
44,53.81073212087761,440.0666669209798,444.10000228881836,884.1666692097981,0.8333333333333334,1,0,1.0,0.8333333333333334,1.0,0,0,1,1,0,0,6,0,0.0,0.42348440631989887,728.7107565349401,256.0305764728724,1,13,0,2024-08-03,44.00666669209798,44.41000022888184,88.41666692097982,0.08169608682000998,1
45,-52.110002136230456,370.76666768391925,374.8000030517578,745.566670735677,1.0,0,1,1.0,1.0,1.0,1,1,1,1,1,0,6,0,0.0,0.16252604691149378,532.0900100708008,313.8852401733398,1,13,0,2024-08-03,37.076666768391924,37.480000305175786,74.55666707356771,0.3270602018883704,0
46,-50.74000091552735,315.4000015258789,315.4000015258789,630.8000030517578,1.0,0,1,1.0,1.0,1.0,1,1,1,1,1,0,4,2,0.0,0.018264093111123668,552.6600234985351,309.6395065307617,1,13,0,2024-08-03,31.540000152587893,31.540000152587893,63.08000030517579,0.013277569006893523,0
47,64.7211436254023,344.50000381469727,310.8654002103277,655.365404025025,1.0,0,1,1.0,1.0,1.0,1,1,1,1,1,0,6,0,0.0,0.28178446949495806,640.6211680394648,223.2683583277227,1,13,0,2024-08-03,34.45000038146973,31.086540021032775,65.5365404025025,0.045661002556200946,0
0,0.0,0.0,0.0,0.0,1.0,0,1,1.0,1.0,1.0,1,1,1,1,1,0,0,6,0.0,0.0,275.20001220703125,306.0999755859375,0,13,1,2024-08-03,0.0,0.0,0.0,0.0,0
1,0.0,0.0,0.0,0.0,1.0,0,1,1.0,1.0,1.0,1,1,1,1,1,0,0,6,0.0,0.0,278.20001220703125,333.5999755859375,0,13,1,2024-08-03,0.0,0.0,0.0,0.0,0
2,0.0,0.0,0.0,0.0,1.0,0,1,1.0,1.0,0.0,1,1,0,1,1,0,0,6,0.0,0.0,278.20001220703125,333.5999755859375,0,13,1,2024-08-03,0.0,0.0,0.0,0.0,0
3,0.0,0.0,0.0,0.0,1.0,0,1,1.0,1.0,0.0,1,1,0,1,1,0,0,6,0.0,0.0,289.20001220703125,344.5999755859375,0,13,1,2024-08-03,0.0,0.0,0.0,0.0,0
4,0.0,0.0,0.0,0.0,1.0,0,1,1.0,1.0,0.0,1,1,0,1,1,0,0,6,0.0,0.0,300.20001220703125,355.5999755859375,0,13,1,2024-08-03,0.0,0.0,0.0,0.0,0
5,0.0,0.0,0.0,0.0,1.0,0,1,1.0,1.0,0.0,1,1,0,1,1,0,0,6,0.0,0.0,300.20001220703125,355.5999755859375,0,13,1,2024-08-03,0.0,0.0,0.0,0.0,0
6,0.0,0.0,0.0,0.0,1.0,0,1,1.0,1.0,0.5,1,1,0,1,1,0,0,6,0.0,0.0,289.20001220703125,344.5999755859375,0,13,1,2024-08-03,0.0,0.0,0.0,0.0,0
7,0.0,0.0,0.0,0.0,1.0,0,1,1.0,1.0,0.8333333333333334,1,1,0,1,1,0,0,6,0.0,0.0,278.20001220703125,333.5999755859375,0,13,1,2024-08-03,0.0,0.0,0.0,0.0,0
8,0.0,0.0,0.0,0.0,1.0,0,1,1.0,1.0,1.0,1,1,1,1,1,0,0,6,0.0,0.0,278.20001220703125,333.5999755859375,0,13,1,2024-08-03,0.0,0.0,0.0,0.0,0
9,0.0,0.0,0.0,0.0,1.0,0,1,1.0,1.0,0.3333333333333333,1,1,0,1,1,0,0,6,0.0,0.0,270.70001220703125,306.0999755859375,0,13,1,2024-08-03,0.0,0.0,0.0,0.0,0
10,0.0,0.0,0.0,0.0,1.0,0,1,1.0,1.0,1.0,1,1,1,1,1,0,0,6,0.0,0.0,270.70001220703125,306.0999755859375,0,13,1,2024-08-03,0.0,0.0,0.0,0.0,0
11,0.0,0.0,0.0,0.0,1.0,0,1,1.0,1.0,0.0,1,1,0,1,1,0,0,6,0.0,0.0,270.70001220703125,306.0999755859375,0,13,1,2024-08-03,0.0,0.0,0.0,0.0,0
12,0.0,0.0,0.0,0.0,1.0,0,1,1.0,1.0,0.0,1,1,0,1,1,0,0,6,0.0,0.0,278.29998779296875,302.79998779296875,0,13,1,2024-08-03,0.0,0.0,0.0,0.0,0
13,0.0,0.0,0.0,0.0,1.0,0,1,1.0,1.0,0.0,1,1,0,1,1,0,0,6,0.0,0.0,278.29998779296875,302.79998779296875,0,13,1,2024-08-03,0.0,0.0,0.0,0.0,0
14,0.0,0.0,0.0,0.0,1.0,0,1,1.0,1.0,0.0,1,1,0,1,1,0,0,6,0.0,0.0,281.0999755859375,305.5999755859375,0,13,1,2024-08-03,0.0,0.0,0.0,0.0,0
15,0.0,0.0,0.0,0.0,1.0,0,1,1.0,1.0,0.0,1,1,0,1,1,0,0,6,0.0,0.0,281.0999755859375,305.5999755859375,0,13,1,2024-08-03,0.0,0.0,0.0,0.0,0
16,0.0,0.0,0.0,0.0,1.0,0,1,1.0,1.0,0.0,1,1,0,1,1,0,0,6,0.0,0.0,360.79998779296875,385.29998779296875,0,13,1,2024-08-03,0.0,0.0,0.0,0.0,0
17,0.0,0.0,0.0,0.0,1.0,0,1,1.0,1.0,0.0,1,1,0,1,1,0,0,6,0.0,0.0,439.70001220703125,492.9000244140625,0,13,1,2024-08-03,0.0,0.0,0.0,0.0,0
18,0.0,0.0,0.0,0.0,1.0,0,1,1.0,1.0,0.0,1,1,0,1,1,0,0,6,0.0,0.0,534.524658203125,590.9000244140625,0,13,1,2024-08-03,0.0,0.0,0.0,0.0,0
19,-32.11000022888189,286.10000228881836,289.60000228881836,575.7000045776367,1.0,0,1,1.0,1.0,1.0,1,1,1,1,1,0,0,6,0.0,0.0,580.4799655914306,742.2100368499756,1,13,1,2024-08-03,28.610000228881837,28.96000022888184,57.570000457763676,6.626188507385698e-10,0
20,-290.28538423672273,0.0,355.60000228881836,355.60000228881836,1.0,0,1,1.0,1.0,1.0,1,1,1,1,1,0,6,0,0.0,0.0,278.304398478121,1109.9853964437539,1,13,1,2024-08-03,0.0,35.56000022888184,35.56000022888184,4.039278899587721e-08,0
21,-99.44500198364253,0.0,369.3000030517578,369.3000030517578,1.0,0,1,1.0,1.0,1.0,1,1,1,1,1,0,6,0,0.0,0.0,442.3221488952637,969.1450141906738,1,13,1,2024-08-03,0.0,36.93000030517578,36.93000030517578,6.197720794210615e-09,0
22,43.1366633097336,489.7333386739095,492.9000053405762,982.6333440144856,1.0,0,1,1.0,1.0,1.0,1,1,1,1,1,6,0,0,0.0,0.0,644.3778742472336,914.4633122762039,1,13,1,2024-08-03,48.97333386739095,49.29000053405762,98.26333440144856,1.8116549722342246e-09,0
23,0.0,0.0,0.0,0.0,1.0,0,1,1.0,1.0,0.0,1,1,0,1,1,0,0,6,0.0,0.0,665.6620483398438,1024.0999755859375,0,13,1,2024-08-03,0.0,0.0,0.0,0.0,0
24,-3.7428079223633195,605.0760040283203,634.2000045776367,1239.276008605957,1.0,0,1,1.0,1.0,1.0,1,1,1,1,1,0,0,6,0.0,0.0,755.3192648315429,1121.2428079223632,1,13,1,2024-08-03,60.50760040283203,63.42000045776368,123.9276008605957,4.617252075565009e-11,0
25,5.12615369628758,623.2000045776367,0.0,623.2000045776367,1.0,0,1,1.0,1.0,1.0,1,1,1,1,1,0,0,6,0.0,0.0,755.1646668798813,1144.8738463037125,1,13,1,2024-08-03,62.320000457763676,0.0,62.320000457763676,3.645729861504272e-10,0
26,46.339004799836175,0.0,700.7000045776367,700.7000045776367,1.0,0,1,1.0,1.0,1.0,1,1,1,1,1,0,0,6,0.0,0.0,758.7223666162424,1053.6609952001638,1,13,1,2024-08-03,0.0,70.07000045776367,70.07000045776367,4.0421665591849987e-10,0
27,58.2400005340574,686.8000049591064,692.4000053405762,1379.2000102996826,1.0,0,1,1.0,1.0,1.0,1,1,1,1,1,0,6,0,0.0,0.0,759.0960796356198,1025.2599994659427,1,13,1,2024-08-03,68.68000049591065,69.24000053405761,137.92000102996826,0.11831687243671954,0
28,346.37964976539064,719.9000053405762,0.0,719.9000053405762,1.0,0,1,1.0,1.0,1.0,1,1,1,1,1,6,0,0,0.0,0.0,1112.6152454685157,720.6203502346093,1,13,1,2024-08-03,71.99000053405761,0.0,71.99000053405761,1.5409800744898207e-08,0
29,0.0,0.0,0.0,0.0,1.0,0,1,1.0,1.0,0.0,1,1,0,1,1,0,0,6,0.0,0.0,919.068359375,1089.0,0,13,1,2024-08-03,0.0,0.0,0.0,0.0,0
30,241.57592976355616,828.2000045776367,0.0,828.2000045776367,1.0,0,1,1.0,1.0,1.0,1,1,1,1,1,6,0,0,0.0,0.0,1125.8364278104311,767.2239969942564,1,13,1,2024-08-03,82.82000045776368,0.0,82.82000045776368,2.4501100575499462e-09,0
31,0.0,0.0,0.0,0.0,1.0,0,1,1.0,1.0,0.0,1,1,0,1,1,0,0,6,0.0,0.0,871.1666870117188,992.300048828125,0,13,1,2024-08-03,0.0,0.0,0.0,0.0,0
32,0.0,0.0,0.0,0.0,1.0,0,1,1.0,1.0,0.0,1,1,0,1,1,0,0,6,0.0,0.0,832.6666870117188,953.800048828125,0,13,1,2024-08-03,0.0,0.0,0.0,0.0,0
33,133.65500144958494,689.7000045776367,689.7000045776367,1379.4000091552734,1.0,0,1,1.0,1.0,1.0,1,1,1,1,1,5,1,0,0.0,0.0,981.3216884613037,820.0449497222901,1,13,1,2024-08-03,68.97000045776367,68.97000045776367,137.94000091552735,0.0833333318584129,0
34,146.4700004577637,689.7000045776367,689.7000045776367,1379.4000091552734,1.0,0,1,1.0,1.0,1.0,1,1,1,1,1,0,1,5,0.0,0.0,1047.2897026062012,834.7299507141113,1,13,1,2024-08-03,68.97000045776367,68.97000045776367,137.94000091552735,0.0833333311209527,0
35,222.11984296897236,667.9157193868118,661.2001795651826,1329.1158989519945,1.0,0,1,1.0,1.0,1.0,1,1,1,1,1,0,2,4,0.0,0.0,1176.2373356447536,778.3801570310277,1,13,1,2024-08-03,66.79157193868119,66.12001795651825,132.91158989519946,0.1175897914486795,0
36,81.72000045776366,250.0,817.2000045776367,1067.2000045776367,1.0,0,1,1.0,1.0,1.0,1,1,1,1,1,0,0,6,0.0,0.0,1036.7215873718262,887.9800117492675,1,13,1,2024-08-03,25.0,81.72000045776367,106.72000045776367,7.148982957469444e-10,0
37,54.43566728969144,826.3666714986166,831.5000038146973,1657.8666753133139,1.0,0,1,1.0,1.0,1.0,1,1,1,1,1,0,6,0,0.0,0.0,1009.0496199264102,911.9643571243711,1,13,1,2024-08-03,82.63666714986167,83.15000038146974,165.7866675313314,0.2097692085233614,0
38,111.54000129699709,813.4000053405762,813.4000053405762,1626.8000106811523,1.0,0,1,1.0,1.0,1.0,1,1,1,1,1,0,0,6,0.0,0.22048188940125293,857.1400379180908,634.0600353240967,1,13,1,2024-08-03,81.34000053405762,81.34000053405762,162.68000106811525,2.344908679327907e-10,0
39,790.7900058746338,708.9000053405762,0.0,708.9000053405762,0.6666666666666666,2,0,0.6666666666666666,1.0,1.0,0,1,1,0,1,6,0,0,0.0,0.0,1486.3900424957276,0.0,1,13,1,2024-08-03,70.89000053405762,0.0,70.89000053405762,3.9282395083575415e-08,1
40,227.73314407336073,631.4986722310384,0.0,631.4986722310384,1.0,0,1,1.0,1.0,1.0,1,1,1,1,1,6,0,0,0.0,0.0,945.8331806944545,381.04493209851427,1,13,1,2024-08-03,63.14986722310385,0.0,63.14986722310385,7.973531881608935e-09,0
41,576.3009366099064,621.990672047933,0.0,621.990672047933,1.0,0,1,1.0,1.0,1.0,1,1,1,1,1,1,5,0,0.0,0.0,1266.900973231,0.0,1,13,1,2024-08-03,62.1990672047933,0.0,62.1990672047933,0.03983273920481075,0
42,79.30032700540058,583.3666714986166,588.5000038146973,1171.8666753133139,0.8333333333333334,1,0,1.0,0.5,1.0,0,0,1,1,0,4,2,0,0.0,0.4571573746216699,728.7003514194631,319.46288710592756,1,13,1,2024-08-03,58.33666714986166,58.85000038146973,117.1866675313314,0.13002336822861418,1
43,51.98000030517579,519.8000030517578,519.8000030517578,1039.6000061035156,0.16666666666666666,5,0,1.0,0.0,1.0,0,0,1,1,0,0,5,1,0.0,0.6307726005106675,673.8800247192382,191.92440338134764,1,13,1,2024-08-03,51.980000305175786,51.980000305175786,103.96000061035157,0.3999867391935674,1
44,53.81073212087761,440.0666669209798,444.10000228881836,884.1666692097981,0.8333333333333334,1,0,1.0,0.8333333333333334,1.0,0,0,1,1,0,0,6,0,0.0,0.7352309826763641,548.8107626384557,117.58392119943488,1,13,1,2024-08-03,44.00666669209798,44.41000022888184,88.41666692097982,0.08169608682000998,1
45,-52.110002136230456,370.76666768391925,374.8000030517578,745.566670735677,0.5,3,0,1.0,0.5,1.0,0,0,1,1,0,0,6,0,0.0,0.42081142070683614,462.09007110595707,217.0798812866211,1,13,1,2024-08-03,37.076666768391924,37.480000305175786,74.55666707356771,0.3270602018883704,1
46,-50.74000091552735,315.4000015258789,315.4000015258789,630.8000030517578,1.0,0,1,1.0,1.0,1.0,1,1,1,1,1,0,4,2,0.0,0.33479127014396604,463.46007232666017,209.80683441162108,1,13,1,2024-08-03,31.540000152587893,31.540000152587893,63.08000030517579,0.013277569006893523,0
47,64.7211436254023,344.50000381469727,310.8654002103277,655.365404025025,1.0,0,1,1.0,1.0,1.0,1,1,1,1,1,0,6,0,0.0,0.7605193590530053,520.7211436254023,74.44624529061332,1,13,1,2024-08-03,34.45000038146973,31.086540021032775,65.5365404025025,0.045661002556200946,0
0,0.0,0.0,0.0,0.0,1.0,0,1,1.0,1.0,0.3333333333333333,1,1,0,1,1,0,0,6,0.0,0.0,341.29998779296875,369.8000183105469,0,13,2,2024-08-03,0.0,0.0,0.0,0.0,0
1,0.0,0.0,0.0,0.0,1.0,0,1,1.0,1.0,0.0,1,1,0,1,1,0,0,6,0.0,0.0,341.29998779296875,369.8000183105469,0,13,2,2024-08-03,0.0,0.0,0.0,0.0,0
2,0.0,0.0,0.0,0.0,1.0,0,1,1.0,1.0,0.5,1,1,0,1,1,0,0,6,0.0,0.0,280.29998779296875,308.79998779296875,0,13,2,2024-08-03,0.0,0.0,0.0,0.0,0
3,0.0,0.0,0.0,0.0,1.0,0,1,1.0,1.0,1.0,1,1,1,1,1,0,0,6,0.0,0.0,261.1000061035156,289.6000061035156,0,13,2,2024-08-03,0.0,0.0,0.0,0.0,0
4,0.0,0.0,0.0,0.0,1.0,0,1,1.0,1.0,1.0,1,1,1,1,1,0,0,6,0.0,0.0,280.29998779296875,308.79998779296875,0,13,2,2024-08-03,0.0,0.0,0.0,0.0,0
5,0.0,0.0,0.0,0.0,1.0,0,1,1.0,1.0,1.0,1,1,1,1,1,0,0,6,0.0,0.0,280.29998779296875,308.79998779296875,0,13,2,2024-08-03,0.0,0.0,0.0,0.0,0
6,0.0,0.0,0.0,0.0,1.0,0,1,1.0,1.0,0.16666666666666666,1,1,0,1,1,0,0,6,0.0,0.0,280.29998779296875,308.79998779296875,0,13,2,2024-08-03,0.0,0.0,0.0,0.0,0
7,0.0,0.0,0.0,0.0,1.0,0,1,1.0,1.0,0.0,1,1,0,1,1,0,0,6,0.0,0.0,280.29998779296875,308.79998779296875,0,13,2,2024-08-03,0.0,0.0,0.0,0.0,0
8,0.0,0.0,0.0,0.0,1.0,0,1,1.0,1.0,0.0,1,1,0,1,1,0,0,6,0.0,0.0,280.29998779296875,308.79998779296875,0,13,2,2024-08-03,0.0,0.0,0.0,0.0,0
9,0.0,0.0,0.0,0.0,1.0,0,1,1.0,1.0,0.0,1,1,0,1,1,0,0,6,0.0,0.0,280.29998779296875,308.79998779296875,0,13,2,2024-08-03,0.0,0.0,0.0,0.0,0
10,0.0,0.0,0.0,0.0,1.0,0,1,1.0,1.0,0.0,1,1,0,1,1,0,0,6,0.0,0.0,250.10000610351562,278.6000061035156,0,13,2,2024-08-03,0.0,0.0,0.0,0.0,0
11,0.0,0.0,0.0,0.0,1.0,0,1,1.0,1.0,0.0,1,1,0,1,1,0,0,6,0.0,0.0,269.29998779296875,297.79998779296875,0,13,2,2024-08-03,0.0,0.0,0.0,0.0,0
12,0.0,0.0,0.0,0.0,1.0,0,1,1.0,1.0,0.3333333333333333,1,1,0,1,1,0,0,6,0.0,0.0,288.5,317.0,0,13,2,2024-08-03,0.0,0.0,0.0,0.0,0
13,0.0,0.0,0.0,0.0,1.0,0,1,1.0,1.0,0.0,1,1,0,1,1,0,0,6,0.0,0.0,316.0,344.5,0,13,2,2024-08-03,0.0,0.0,0.0,0.0,0
14,0.0,0.0,0.0,0.0,1.0,0,1,1.0,1.0,0.0,1,1,0,1,1,0,0,6,0.0,0.0,431.29998779296875,490.5999755859375,0,13,2,2024-08-03,0.0,0.0,0.0,0.0,0
15,0.0,0.0,0.0,0.0,1.0,0,1,1.0,1.0,0.0,1,1,0,1,1,0,0,6,0.0,0.0,414.20001220703125,473.5,0,13,2,2024-08-03,0.0,0.0,0.0,0.0,0
16,0.0,0.0,0.0,0.0,1.0,0,1,1.0,1.0,0.0,1,1,0,1,1,0,0,6,0.0,0.0,414.20001220703125,473.5,0,13,2,2024-08-03,0.0,0.0,0.0,0.0,0
17,0.0,0.0,0.0,0.0,1.0,0,1,1.0,1.0,0.0,1,1,0,1,1,0,0,6,0.0,0.0,449.0,511.89996337890625,0,13,2,2024-08-03,0.0,0.0,0.0,0.0,0
18,0.0,0.0,0.0,0.0,1.0,0,1,1.0,1.0,0.0,1,1,0,1,1,0,0,6,0.0,0.0,627.5,716.8999633789062,0,13,2,2024-08-03,0.0,0.0,0.0,0.0,0
19,-32.11000022888189,286.10000228881836,289.60000228881836,575.7000045776367,1.0,0,1,1.0,1.0,1.0,1,1,1,1,1,0,0,6,0.0,0.0,639.7324069976806,838.4840847015381,1,13,2,2024-08-03,28.610000228881837,28.96000022888184,57.570000457763676,6.626188507385698e-10,0
20,-290.28538423672273,0.0,355.60000228881836,355.60000228881836,0.8333333333333334,1,0,1.0,0.8333333333333334,1.0,1,0,1,1,0,0,6,0,0.0,0.0,253.05616849765227,1098.4490194906289,1,13,2,2024-08-03,0.0,35.56000022888184,35.56000022888184,4.039278899587721e-08,1
21,-99.44500198364253,0.0,369.3000030517578,369.3000030517578,0.8333333333333334,1,0,1.0,0.8333333333333334,1.0,1,0,1,1,0,0,6,0,0.0,0.0,249.04117355346685,819.0450386047363,1,13,2,2024-08-03,0.0,36.93000030517578,36.93000030517578,6.197720794210615e-09,1
22,43.1366633097336,489.7333386739095,492.9000053405762,982.6333440144856,1.0,0,1,1.0,1.0,1.0,1,1,1,1,1,6,0,0,0.33317554286066287,0.0,326.56616770426484,646.3633366902664,1,13,2,2024-08-03,48.97333386739095,49.29000053405762,98.26333440144856,1.8116549722342246e-09,0
23,0.0,0.0,0.0,0.0,1.0,0,1,1.0,1.0,0.0,1,1,0,1,1,0,0,6,0.0,0.0,288.5075988769531,689.5,0,13,2,2024-08-03,0.0,0.0,0.0,0.0,0
24,-3.7428079223633195,605.0760040283203,634.2000045776367,1239.276008605957,1.0,0,1,1.0,1.0,1.0,1,1,1,1,1,0,0,6,0.34038999390254693,0.0,399.1141867065429,816.9428201293946,1,13,2,2024-08-03,60.50760040283203,63.42000045776368,123.9276008605957,4.617252075565009e-11,0
25,5.12615369628758,623.2000045776367,0.0,623.2000045776367,1.0,0,1,1.0,1.0,1.0,1,1,1,1,1,0,0,6,0.1874757660244455,0.0,506.36510633300634,924.0738585107437,1,13,2,2024-08-03,62.320000457763676,0.0,62.320000457763676,3.645729861504272e-10,0
26,46.339004799836175,0.0,700.7000045776367,700.7000045776367,1.0,0,1,1.0,1.0,1.0,1,1,1,1,1,0,0,6,0.0,0.0,590.9585116357737,918.5609585790701,1,13,2,2024-08-03,0.0,70.07000045776367,70.07000045776367,4.0421665591849987e-10,0
27,58.2400005340574,686.8000049591064,692.4000053405762,1379.2000102996826,1.0,0,1,1.0,1.0,1.0,1,1,1,1,1,0,6,0,0.011184960019593322,0.0,679.1181743621823,1003.4599506378177,1,13,2,2024-08-03,68.68000049591065,69.24000053405761,137.92000102996826,0.11831687243671954,0
28,346.37964976539064,719.9000053405762,0.0,719.9000053405762,1.0,0,1,1.0,1.0,1.0,1,1,1,1,1,6,0,0,0.0,0.0,1139.882640488047,715.3203014064843,1,13,2,2024-08-03,71.99000053405761,0.0,71.99000053405761,1.5409800744898207e-08,0
29,0.0,0.0,0.0,0.0,1.0,0,1,1.0,1.0,0.0,1,1,0,1,1,0,0,6,0.0,0.0,934.4320068359375,1080.89990234375,0,13,2,2024-08-03,0.0,0.0,0.0,0.0,0
30,241.57592976355616,828.2000045776367,0.0,828.2000045776367,1.0,0,1,1.0,1.0,1.0,1,1,1,1,1,6,0,0,0.0,0.0,1217.0528584744936,866.7239969942564,1,13,2,2024-08-03,82.82000045776368,0.0,82.82000045776368,2.4501100575499462e-09,0
31,0.0,0.0,0.0,0.0,1.0,0,1,1.0,1.0,0.0,1,1,0,1,1,0,0,6,0.0,0.0,968.5682983398438,1088.5999755859375,0,13,2,2024-08-03,0.0,0.0,0.0,0.0,0
32,0.0,0.0,0.0,0.0,1.0,0,1,1.0,1.0,0.0,1,1,0,1,1,0,0,6,0.0,0.0,1071.76318359375,1188.0999755859375,0,13,2,2024-08-03,0.0,0.0,0.0,0.0,0
33,133.65500144958494,689.7000045776367,689.7000045776367,1379.4000091552734,1.0,0,1,1.0,1.0,1.0,1,1,1,1,1,5,1,0,0.0,0.0,1246.61813621521,1095.64504737854,1,13,2,2024-08-03,68.97000045776367,68.97000045776367,137.94000091552735,0.0833333318584129,0
34,146.4700004577637,689.7000045776367,689.7000045776367,1379.4000091552734,1.0,0,1,1.0,1.0,1.0,1,1,1,1,1,0,1,5,0.0,0.0,1280.8286430358887,1064.5085151672363,1,13,2,2024-08-03,68.97000045776367,68.97000045776367,137.94000091552735,0.0833333311209527,0
35,222.11984296897236,667.9157193868118,661.2001795651826,1329.1158989519945,1.0,0,1,1.0,1.0,1.0,1,1,1,1,1,0,2,4,0.0,0.0,1356.4124455080348,966.8249812497777,1,13,2,2024-08-03,66.79157193868119,66.12001795651825,132.91158989519946,0.1175897914486795,0
36,81.72000045776366,250.0,817.2000045776367,1067.2000045776367,1.0,0,1,1.0,1.0,1.0,1,1,1,1,1,0,0,6,0.0,0.0,1104.7591850280762,988.7622993469238,1,13,2,2024-08-03,25.0,81.72000045776367,106.72000045776367,7.148982957469444e-10,0
37,54.43566728969144,826.3666714986166,831.5000038146973,1657.8666753133139,1.0,0,1,1.0,1.0,1.0,1,1,1,1,1,0,6,0,0.0,0.0,1055.251951469379,987.5570084915586,1,13,2,2024-08-03,82.63666714986167,83.15000038146974,165.7866675313314,0.2097692085233614,0
38,111.54000129699709,813.4000053405762,813.4000053405762,1626.8000106811523,1.0,0,1,1.0,1.0,1.0,1,1,1,1,1,0,0,6,0.0,0.0,1133.608055496216,900.0345836639405,1,13,2,2024-08-03,81.34000053405762,81.34000053405762,162.68000106811525,2.344908679327907e-10,0
39,790.7900058746338,708.9000053405762,0.0,708.9000053405762,1.0,0,1,1.0,1.0,1.0,1,1,1,1,1,6,0,0,0.0,0.0,1739.79006690979,89.90512351989742,1,13,2,2024-08-03,70.89000053405762,0.0,70.89000053405762,3.9282395083575415e-08,0
40,227.73314407336073,631.4986722310384,0.0,631.4986722310384,1.0,0,1,1.0,1.0,1.0,1,1,1,1,1,6,0,0,0.0,0.0,1099.233205108517,570.8211161805455,1,13,2,2024-08-03,63.14986722310385,0.0,63.14986722310385,7.973531881608935e-09,0
41,576.3009366099064,621.990672047933,0.0,621.990672047933,1.0,0,1,1.0,1.0,1.0,1,1,1,1,1,1,5,0,0.0,0.0,1436.8009976450626,140.6058627064998,1,13,2,2024-08-03,62.1990672047933,0.0,62.1990672047933,0.03983273920481075,0
42,79.30032700540058,583.3666714986166,588.5000038146973,1171.8666753133139,1.0,0,1,1.0,1.0,1.0,1,1,1,1,1,4,2,0,0.0,0.0,945.8003880405569,605.8449366664744,1,13,2,2024-08-03,58.33666714986166,58.85000038146973,117.1866675313314,0.13002336822861418,0
43,51.98000030517579,519.8000030517578,519.8000030517578,1039.6000061035156,1.0,0,1,1.0,1.0,1.0,1,1,1,1,1,0,5,1,0.0,0.12315493339280291,879.9800003051757,455.78406829833983,1,13,2,2024-08-03,51.980000305175786,51.980000305175786,103.96000061035157,0.3999867391935674,0
44,53.81073212087761,440.0666669209798,444.10000228881836,884.1666692097981,1.0,0,1,1.0,1.0,1.0,1,1,1,1,1,0,6,0,0.0,0.059360018190765994,892.8107321208776,417.7382180744349,1,13,2,2024-08-03,44.00666669209798,44.41000022888184,88.41666692097982,0.08169608682000998,0
45,-52.110002136230456,370.76666768391925,374.8000030517578,745.566670735677,1.0,0,1,1.0,1.0,1.0,1,1,1,1,1,0,6,0,0.0,0.0,767.6900466918945,533.029557800293,1,13,2,2024-08-03,37.076666768391924,37.480000305175786,74.55666707356771,0.3270602018883704,0
46,-50.74000091552735,315.4000015258789,315.4000015258789,630.8000030517578,1.0,0,1,1.0,1.0,1.0,1,1,1,1,1,0,4,2,0.0,0.0,654.8599746704101,488.18970794677733,1,13,2,2024-08-03,31.540000152587893,31.540000152587893,63.08000030517579,0.013277569006893523,0
47,64.7211436254023,344.50000381469727,310.8654002103277,655.365404025025,1.0,0,1,1.0,1.0,1.0,1,1,1,1,1,0,6,0,0.0,0.0,770.3211192113398,384.5574208277227,1,13,2,2024-08-03,34.45000038146973,31.086540021032775,65.5365404025025,0.045661002556200946,0
0,0.0,0.0,0.0,0.0,1.0,0,1,1.0,1.0,1.0,1,1,1,1,1,0,0,6,0.0,0.0,189.6999969482422,189.6999969482422,0,14,0,2024-08-03,0.0,0.0,0.0,0.0,0
1,0.0,0.0,0.0,0.0,1.0,0,1,1.0,1.0,0.16666666666666666,1,1,0,1,1,0,0,6,0.0,0.0,208.89999389648438,208.89999389648438,0,14,0,2024-08-03,0.0,0.0,0.0,0.0,0
2,0.0,0.0,0.0,0.0,1.0,0,1,1.0,1.0,0.6666666666666666,1,1,0,1,1,0,0,6,0.0,0.0,189.6999969482422,189.6999969482422,0,14,0,2024-08-03,0.0,0.0,0.0,0.0,0
3,0.0,0.0,0.0,0.0,1.0,0,1,1.0,1.0,0.3333333333333333,1,1,0,1,1,0,0,6,0.0,0.0,189.6999969482422,189.6999969482422,0,14,0,2024-08-03,0.0,0.0,0.0,0.0,0
4,0.0,0.0,0.0,0.0,1.0,0,1,1.0,1.0,0.6666666666666666,1,1,0,1,1,0,0,6,0.0,0.0,181.39999389648438,181.39999389648438,0,14,0,2024-08-03,0.0,0.0,0.0,0.0,0
5,0.0,0.0,0.0,0.0,1.0,0,1,1.0,1.0,0.0,1,1,0,1,1,0,0,6,0.0,0.0,181.39999389648438,181.39999389648438,0,14,0,2024-08-03,0.0,0.0,0.0,0.0,0
6,0.0,0.0,0.0,0.0,1.0,0,1,1.0,1.0,0.0,1,1,0,1,1,0,0,6,0.0,0.0,206.1999969482422,206.1999969482422,0,14,0,2024-08-03,0.0,0.0,0.0,0.0,0
7,0.0,0.0,0.0,0.0,1.0,0,1,1.0,1.0,0.0,1,1,0,1,1,0,0,6,0.0,0.0,206.1999969482422,206.1999969482422,0,14,0,2024-08-03,0.0,0.0,0.0,0.0,0
8,0.0,0.0,0.0,0.0,1.0,0,1,1.0,1.0,0.5,1,1,0,1,1,0,0,6,0.0,0.0,178.6999969482422,178.6999969482422,0,14,0,2024-08-03,0.0,0.0,0.0,0.0,0
9,0.0,0.0,0.0,0.0,1.0,0,1,1.0,1.0,0.8333333333333334,1,1,0,1,1,0,0,6,0.0,0.0,178.6999969482422,178.6999969482422,0,14,0,2024-08-03,0.0,0.0,0.0,0.0,0
10,0.0,0.0,0.0,0.0,1.0,0,1,1.0,1.0,0.0,1,1,0,1,1,0,0,6,0.0,0.0,178.6999969482422,178.6999969482422,0,14,0,2024-08-03,0.0,0.0,0.0,0.0,0
11,0.0,0.0,0.0,0.0,1.0,0,1,1.0,1.0,0.0,1,1,0,1,1,0,0,6,0.0,0.0,178.6999969482422,178.6999969482422,0,14,0,2024-08-03,0.0,0.0,0.0,0.0,0
12,0.0,0.0,0.0,0.0,1.0,0,1,1.0,1.0,0.0,1,1,0,1,1,0,0,6,0.0,0.0,142.89999389648438,142.89999389648438,0,14,0,2024-08-03,0.0,0.0,0.0,0.0,0
13,0.0,0.0,0.0,0.0,1.0,0,1,1.0,1.0,0.0,1,1,0,1,1,0,0,6,0.0,0.0,190.89999389648438,192.89999389648438,0,14,0,2024-08-03,0.0,0.0,0.0,0.0,0
14,0.0,0.0,0.0,0.0,1.0,0,1,1.0,1.0,0.0,1,1,0,1,1,0,0,6,0.0,0.0,199.6999969482422,234.6999969482422,0,14,0,2024-08-03,0.0,0.0,0.0,0.0,0
15,0.0,0.0,0.0,0.0,1.0,0,1,1.0,1.0,0.0,1,1,0,1,1,0,0,6,0.0,0.0,265.6000061035156,300.6000061035156,0,14,0,2024-08-03,0.0,0.0,0.0,0.0,0
16,0.0,0.0,0.0,0.0,1.0,0,1,1.0,1.0,0.0,1,1,0,1,1,0,0,6,0.0,0.0,293.1000061035156,328.1000061035156,0,14,0,2024-08-03,0.0,0.0,0.0,0.0,0
17,0.0,0.0,0.0,0.0,1.0,0,1,1.0,1.0,0.0,1,1,0,1,1,0,0,6,0.0,0.0,366.0,399.0,0,14,0,2024-08-03,0.0,0.0,0.0,0.0,0
18,0.0,0.0,0.0,0.0,1.0,0,1,1.0,1.0,0.0,1,1,0,1,1,0,0,6,0.0,0.0,547.4000244140625,620.5,0,14,0,2024-08-03,0.0,0.0,0.0,0.0,0
19,-32.11000022888189,286.10000228881836,289.60000228881836,575.7000045776367,1.0,0,1,1.0,1.0,1.0,1,1,1,1,1,0,0,6,0.0,0.0,637.3765110015869,793.7100368499756,1,14,0,2024-08-03,28.610000228881837,28.96000022888184,57.570000457763676,6.626188507385698e-10,0
20,-290.28538423672273,0.0,355.60000228881836,355.60000228881836,1.0,0,1,1.0,1.0,1.0,1,1,1,1,1,0,6,0,0.0,0.0,315.593216837496,1021.6854086507852,1,14,0,2024-08-03,0.0,35.56000022888184,35.56000022888184,0.3625731176982186,0
21,-99.44500198364253,0.0,369.3000030517578,369.3000030517578,1.0,0,1,1.0,1.0,1.0,1,1,1,1,1,0,6,0,0.0,0.0,504.13763961791994,830.845026397705,1,14,0,2024-08-03,0.0,36.93000030517578,36.93000030517578,0.17251461852993216,0
22,43.1366633097336,489.7333386739095,492.9000053405762,982.6333440144856,1.0,0,1,1.0,1.0,1.0,1,1,1,1,1,6,0,0,0.0,0.0,757.4773005167649,853.6633855183914,1,14,0,2024-08-03,48.97333386739095,49.29000053405762,98.26333440144856,1.8116549722342246e-09,0
23,0.0,0.0,0.0,0.0,1.0,0,1,1.0,1.0,0.0,1,1,0,1,1,0,0,6,0.0,0.0,749.0148315429688,951.800048828125,0,14,0,2024-08-03,0.0,0.0,0.0,0.0,0
24,-3.7428079223633195,605.0760040283203,634.2000045776367,1239.276008605957,1.0,0,1,1.0,1.0,1.0,1,1,1,1,1,0,0,6,0.0,0.0,779.4360250854492,986.3428445434571,1,14,0,2024-08-03,60.50760040283203,63.42000045776368,123.9276008605957,4.617252075565009e-11,0
25,5.12615369628758,623.2000045776367,0.0,623.2000045776367,1.0,0,1,1.0,1.0,1.0,1,1,1,1,1,5,0,1,0.0,0.0,784.7585999853501,1019.1737730615249,1,14,0,2024-08-03,62.320000457763676,0.0,62.320000457763676,0.09941520527337339,0
26,46.339004799836175,0.0,700.7000045776367,700.7000045776367,1.0,0,1,1.0,1.0,1.0,1,1,1,1,1,0,0,6,0.0,0.0,849.5493929834299,1069.0610196142263,1,14,0,2024-08-03,0.0,70.07000045776367,70.07000045776367,4.0421665591849987e-10,0
27,58.2400005340574,686.8000049591064,692.4000053405762,1379.2000102996826,1.0,0,1,1.0,1.0,1.0,1,1,1,1,1,3,3,0,0.0,0.0,783.5395610809323,1057.1600238800052,1,14,0,2024-08-03,68.68000049591065,69.24000053405761,137.92000102996826,0.14136765585414215,0
28,346.37964976539064,719.9000053405762,0.0,719.9000053405762,1.0,0,1,1.0,1.0,1.0,1,1,1,1,1,6,0,0,0.0,0.0,1069.4723011325782,708.6203502346093,1,14,0,2024-08-03,71.99000053405761,0.0,71.99000053405761,1.5409800744898207e-08,0
29,0.0,0.0,0.0,0.0,1.0,0,1,1.0,1.0,0.0,1,1,0,1,1,0,0,6,0.0,0.0,822.4361572265625,1048.4000244140625,0,14,0,2024-08-03,0.0,0.0,0.0,0.0,0
30,241.57592976355616,828.2000045776367,0.0,828.2000045776367,1.0,0,1,1.0,1.0,1.0,1,1,1,1,1,6,0,0,0.0,0.0,1068.6507588651186,763.2589701387876,1,14,0,2024-08-03,82.82000045776368,0.0,82.82000045776368,2.4501100575499462e-09,0
31,0.0,0.0,0.0,0.0,1.0,0,1,1.0,1.0,0.0,1,1,0,1,1,0,0,6,0.0,0.0,731.6837158203125,909.300048828125,0,14,0,2024-08-03,0.0,0.0,0.0,0.0,0
32,0.0,0.0,0.0,0.0,1.0,0,1,1.0,1.0,0.0,1,1,0,1,1,0,0,6,0.0,0.0,731.6837158203125,909.300048828125,0,14,0,2024-08-03,0.0,0.0,0.0,0.0,0
33,133.65500144958494,689.7000045776367,689.7000045776367,1379.4000091552734,1.0,0,1,1.0,1.0,1.0,1,1,1,1,1,3,3,0,0.0,0.0,923.0387294769287,833.3450595855713,1,14,0,2024-08-03,68.97000045776367,68.97000045776367,137.94000091552735,0.06286549702750627,0
34,146.4700004577637,689.7000045776367,689.7000045776367,1379.4000091552734,1.0,0,1,1.0,1.0,1.0,1,1,1,1,1,0,5,1,0.0,0.0,1036.3820487976075,889.7299507141113,1,14,0,2024-08-03,68.97000045776367,68.97000045776367,137.94000091552735,0.08187134393275287,0
35,222.11984296897236,667.9157193868118,661.2001795651826,1329.1158989519945,1.0,0,1,1.0,1.0,1.0,1,1,1,1,1,0,6,0,0.0,0.0,1134.1349796877223,814.0801082029027,1,14,0,2024-08-03,66.79157193868119,66.12001795651825,132.91158989519946,0.05672945372753179,0
36,81.72000045776366,250.0,817.2000045776367,1067.2000045776367,1.0,0,1,1.0,1.0,1.0,1,1,1,1,1,0,2,4,0.0,0.0,968.2062065124512,878.77993850708,1,14,0,2024-08-03,25.0,81.72000045776367,106.72000045776367,0.03806320380946802,0
37,54.43566728969144,826.3666714986166,831.5000038146973,1657.8666753133139,1.0,0,1,1.0,1.0,1.0,1,1,1,1,1,0,6,0,0.0,0.016759676536927958,852.6867659225039,817.5643327103086,1,14,0,2024-08-03,82.63666714986167,83.15000038146974,165.7866675313314,0.04252893894634628,0
38,111.54000129699709,813.4000053405762,813.4000053405762,1626.8000106811523,1.0,0,1,1.0,1.0,1.0,1,1,1,1,1,0,2,4,0.0,0.09200888930446918,897.1555408477783,738.5599742889405,1,14,0,2024-08-03,81.34000053405762,81.34000053405762,162.68000106811525,0.09064327670093088,0
39,790.7900058746338,708.9000053405762,0.0,708.9000053405762,1.0,0,1,1.0,1.0,1.0,1,1,1,1,1,6,0,0,0.0,0.0,1613.1759311676026,38.293124008178665,1,14,0,2024-08-03,70.89000053405762,0.0,70.89000053405762,3.9282395083575415e-08,0
40,227.73314407336073,631.4986722310384,0.0,631.4986722310384,1.0,0,1,1.0,1.0,1.0,1,1,1,1,1,6,0,0,0.0,0.0,1003.6331684874233,527.0805766297642,1,14,0,2024-08-03,63.14986722310385,0.0,63.14986722310385,7.973531881608935e-09,0
41,576.3009366099064,621.990672047933,0.0,621.990672047933,1.0,0,1,1.0,1.0,1.0,1,1,1,1,1,2,4,0,0.0,0.0,1324.7009610239688,134.78915128071856,1,14,0,2024-08-03,62.1990672047933,0.0,62.1990672047933,0.06432752040351315,0
42,79.30032700540058,583.3666714986166,588.5000038146973,1171.8666753133139,1.0,0,1,1.0,1.0,1.0,1,1,1,1,1,2,4,0,0.0,0.01093308384178671,808.4003025913381,582.0658839320994,1,14,0,2024-08-03,58.33666714986166,58.85000038146973,117.1866675313314,0.017620710109332915,0
43,51.98000030517579,519.8000030517578,519.8000030517578,1039.6000061035156,1.0,0,1,1.0,1.0,1.0,1,1,1,1,1,1,5,0,0.0,0.0,772.680012512207,598.8902389526368,1,14,0,2024-08-03,51.980000305175786,51.980000305175786,103.96000061035157,0.06871345306482522,0
44,53.81073212087761,440.0666669209798,444.10000228881836,884.1666692097981,1.0,0,1,1.0,1.0,1.0,1,1,1,1,1,0,6,0,0.0,0.0,725.1107199138463,513.6745584064662,1,14,0,2024-08-03,44.00666669209798,44.41000022888184,88.41666692097982,0.21295533879114278,0
45,-52.110002136230456,370.76666768391925,374.8000030517578,745.566670735677,1.0,0,1,1.0,1.0,1.0,1,1,1,1,1,0,6,0,0.0,0.0,658.2900833129883,622.9330612182617,1,14,0,2024-08-03,37.076666768391924,37.480000305175786,74.55666707356771,0.24694273888897245,0
46,-50.74000091552735,315.4000015258789,315.4000015258789,630.8000030517578,1.0,0,1,1.0,1.0,1.0,1,1,1,1,1,0,6,0,0.0,0.0,648.7600601196289,532.2507736206055,1,14,0,2024-08-03,31.540000152587893,31.540000152587893,63.08000030517579,0.32602339332648267,0
47,64.7211436254023,344.50000381469727,310.8654002103277,655.365404025025,1.0,0,1,1.0,1.0,1.0,1,1,1,1,1,0,6,0,0.0,0.2508858356952154,648.321180246496,232.87367448983207,1,14,0,2024-08-03,34.45000038146973,31.086540021032775,65.5365404025025,0.2496521387951802,0
0,0.0,0.0,0.0,0.0,1.0,0,1,1.0,1.0,1.0,1,1,1,1,1,0,0,6,0.0,0.0,319.70001220703125,299.70001220703125,0,14,1,2024-08-03,0.0,0.0,0.0,0.0,0
1,0.0,0.0,0.0,0.0,1.0,0,1,1.0,1.0,0.16666666666666666,1,1,0,1,1,0,0,6,0.0,0.0,319.70001220703125,299.70001220703125,0,14,1,2024-08-03,0.0,0.0,0.0,0.0,0
2,0.0,0.0,0.0,0.0,1.0,0,1,1.0,1.0,0.16666666666666666,1,1,0,1,1,0,0,6,0.0,0.0,300.5,280.5,0,14,1,2024-08-03,0.0,0.0,0.0,0.0,0
3,0.0,0.0,0.0,0.0,1.0,0,1,1.0,1.0,0.5,1,1,0,1,1,0,0,6,0.0,0.0,300.5,280.5,0,14,1,2024-08-03,0.0,0.0,0.0,0.0,0
4,0.0,0.0,0.0,0.0,1.0,0,1,1.0,1.0,0.0,1,1,0,1,1,0,0,6,0.0,0.0,319.6999816894531,299.6999816894531,0,14,1,2024-08-03,0.0,0.0,0.0,0.0,0
5,0.0,0.0,0.0,0.0,1.0,0,1,1.0,1.0,0.0,1,1,0,1,1,0,0,6,0.0,0.0,319.6999816894531,299.6999816894531,0,14,1,2024-08-03,0.0,0.0,0.0,0.0,0
6,0.0,0.0,0.0,0.0,1.0,0,1,1.0,1.0,0.0,1,1,0,1,1,0,0,6,0.0,0.0,336.1999816894531,316.1999816894531,0,14,1,2024-08-03,0.0,0.0,0.0,0.0,0
7,0.0,0.0,0.0,0.0,1.0,0,1,1.0,1.0,0.0,1,1,0,1,1,0,0,6,0.0,0.0,308.6999816894531,288.6999816894531,0,14,1,2024-08-03,0.0,0.0,0.0,0.0,0
8,0.0,0.0,0.0,0.0,1.0,0,1,1.0,1.0,0.0,1,1,0,1,1,0,0,6,0.0,0.0,289.5,269.5,0,14,1,2024-08-03,0.0,0.0,0.0,0.0,0
9,0.0,0.0,0.0,0.0,1.0,0,1,1.0,1.0,0.0,1,1,0,1,1,0,0,6,0.0,0.0,262.0,242.0,0,14,1,2024-08-03,0.0,0.0,0.0,0.0,0
10,0.0,0.0,0.0,0.0,1.0,0,1,1.0,1.0,0.0,1,1,0,1,1,0,0,6,0.0,0.0,251.0,231.0,0,14,1,2024-08-03,0.0,0.0,0.0,0.0,0
11,0.0,0.0,0.0,0.0,1.0,0,1,1.0,1.0,1.0,1,1,1,1,1,0,0,6,0.0,0.0,231.79998779296875,211.79998779296875,0,14,1,2024-08-03,0.0,0.0,0.0,0.0,0
12,0.0,0.0,0.0,0.0,1.0,0,1,1.0,1.0,1.0,1,1,1,1,1,0,0,6,0.0,0.0,281.79998779296875,244.79998779296875,0,14,1,2024-08-03,0.0,0.0,0.0,0.0,0
13,0.0,0.0,0.0,0.0,1.0,0,1,1.0,1.0,1.0,1,1,1,1,1,0,0,6,0.0,0.0,320.29998779296875,283.29998779296875,0,14,1,2024-08-03,0.0,0.0,0.0,0.0,0
14,0.0,0.0,0.0,0.0,1.0,0,1,1.0,1.0,1.0,1,1,1,1,1,0,0,6,0.0,0.0,351.5,330.0,0,14,1,2024-08-03,0.0,0.0,0.0,0.0,0
15,0.0,0.0,0.0,0.0,1.0,0,1,1.0,1.0,0.6666666666666666,1,1,0,1,1,0,0,6,0.0,0.0,406.20001220703125,412.5000305175781,0,14,1,2024-08-03,0.0,0.0,0.0,0.0,0
16,0.0,0.0,0.0,0.0,1.0,0,1,1.0,1.0,0.0,1,1,0,1,1,0,0,6,0.0,0.0,405.0,412.5000305175781,0,14,1,2024-08-03,0.0,0.0,0.0,0.0,0
17,0.0,0.0,0.0,0.0,1.0,0,1,1.0,1.0,0.0,1,1,0,1,1,0,0,6,0.0,0.0,475.8999938964844,501.0000305175781,0,14,1,2024-08-03,0.0,0.0,0.0,0.0,0
18,0.0,0.0,0.0,0.0,1.0,0,1,1.0,1.0,0.16666666666666666,1,1,0,1,1,0,0,6,0.0,0.0,660.0999755859375,685.2000122070312,0,14,1,2024-08-03,0.0,0.0,0.0,0.0,0
19,-32.11000022888189,286.10000228881836,289.60000228881836,575.7000045776367,1.0,0,1,1.0,1.0,1.0,1,1,1,1,1,0,0,6,0.0,0.0,666.3899997711181,755.7100368499756,1,14,1,2024-08-03,28.610000228881837,28.96000022888184,57.570000457763676,6.626188507385698e-10,0
20,-290.28538423672273,0.0,355.60000228881836,355.60000228881836,1.0,0,1,1.0,1.0,1.0,1,1,1,1,1,0,6,0,0.0,0.0,416.3990029703085,1059.7056723226601,1,14,1,2024-08-03,0.0,35.56000022888184,35.56000022888184,0.3625731176982186,0
21,-99.44500198364253,0.0,369.3000030517578,369.3000030517578,1.0,0,1,1.0,1.0,1.0,1,1,1,1,1,0,6,0,0.0,0.0,597.8885551452637,903.392877960205,1,14,1,2024-08-03,0.0,36.93000030517578,36.93000030517578,0.17251461852993216,0
22,43.1366633097336,489.7333386739095,492.9000053405762,982.6333440144856,1.0,0,1,1.0,1.0,1.0,1,1,1,1,1,6,0,0,0.0,0.0,714.9025934855149,782.6367741902664,1,14,1,2024-08-03,48.97333386739095,49.29000053405762,98.26333440144856,1.8116549722342246e-09,0
23,0.0,0.0,0.0,0.0,1.0,0,1,1.0,1.0,0.0,1,1,0,1,1,0,0,6,0.0,0.0,689.2263793945312,854.2832641601562,0,14,1,2024-08-03,0.0,0.0,0.0,0.0,0
24,-3.7428079223633195,605.0760040283203,634.2000045776367,1239.276008605957,1.0,0,1,1.0,1.0,1.0,1,1,1,1,1,0,0,6,0.0,0.0,666.9755758666992,858.7027078247071,1,14,1,2024-08-03,60.50760040283203,63.42000045776368,123.9276008605957,4.617252075565009e-11,0
25,5.12615369628758,623.2000045776367,0.0,623.2000045776367,1.0,0,1,1.0,1.0,1.0,1,1,1,1,1,5,0,1,0.0,0.0,639.9738099462876,871.1211607568374,1,14,1,2024-08-03,62.320000457763676,0.0,62.320000457763676,0.09941520527337339,0
26,46.339004799836175,0.0,700.7000045776367,700.7000045776367,1.0,0,1,1.0,1.0,1.0,1,1,1,1,1,0,0,6,0.0,0.0,690.5018465967112,903.8610684423513,1,14,1,2024-08-03,0.0,70.07000045776367,70.07000045776367,4.0421665591849987e-10,0
27,58.2400005340574,686.8000049591064,692.4000053405762,1379.2000102996826,1.0,0,1,1.0,1.0,1.0,1,1,1,1,1,3,3,0,0.0,0.0,689.7927959442136,914.3599750518802,1,14,1,2024-08-03,68.68000049591065,69.24000053405761,137.92000102996826,0.14136765585414215,0
28,346.37964976539064,719.9000053405762,0.0,719.9000053405762,1.0,0,1,1.0,1.0,1.0,1,1,1,1,1,6,0,0,0.0,0.0,990.5553089450782,675.6203502346093,1,14,1,2024-08-03,71.99000053405761,0.0,71.99000053405761,1.5409800744898207e-08,0
29,0.0,0.0,0.0,0.0,1.0,0,1,1.0,1.0,0.0,1,1,0,1,1,0,0,6,0.0,0.0,760.9156494140625,1022.0,0,14,1,2024-08-03,0.0,0.0,0.0,0.0,0
30,241.57592976355616,828.2000045776367,0.0,828.2000045776367,1.0,0,1,1.0,1.0,1.0,1,1,1,1,1,6,0,0,0.0,0.0,1100.8489400174624,896.9240702364439,1,14,1,2024-08-03,82.82000045776368,0.0,82.82000045776368,2.4501100575499462e-09,0
31,0.0,0.0,0.0,0.0,1.0,0,1,1.0,1.0,0.0,1,1,0,1,1,0,0,6,0.0,0.0,944.427001953125,1175.0999755859375,0,14,1,2024-08-03,0.0,0.0,0.0,0.0,0
32,0.0,0.0,0.0,0.0,1.0,0,1,1.0,1.0,0.0,1,1,0,1,1,0,0,6,0.0,0.0,948.0183715820312,1149.4000244140625,0,14,1,2024-08-03,0.0,0.0,0.0,0.0,0
33,133.65500144958494,689.7000045776367,689.7000045776367,1379.4000091552734,1.0,0,1,1.0,1.0,1.0,1,1,1,1,1,3,3,0,0.0,0.0,1001.0792568206787,899.8449985504151,1,14,1,2024-08-03,68.97000045776367,68.97000045776367,137.94000091552735,0.06286549702750627,0
34,146.4700004577637,689.7000045776367,689.7000045776367,1379.4000091552734,1.0,0,1,1.0,1.0,1.0,1,1,1,1,1,0,5,1,0.0,0.0,1117.7530815124512,964.5299995422363,1,14,1,2024-08-03,68.97000045776367,68.97000045776367,137.94000091552735,0.08187134393275287,0
35,222.11984296897236,667.9157193868118,661.2001795651826,1329.1158989519945,1.0,0,1,1.0,1.0,1.0,1,1,1,1,1,0,6,0,0.0,0.0,1242.2310490236598,942.0801082029027,1,14,1,2024-08-03,66.79157193868119,66.12001795651825,132.91158989519946,0.05672945372753179,0
36,81.72000045776366,250.0,817.2000045776367,1067.2000045776367,1.0,0,1,1.0,1.0,1.0,1,1,1,1,1,0,2,4,0.0,0.0,1109.9408256530762,1054.5799263000488,1,14,1,2024-08-03,25.0,81.72000045776367,106.72000045776367,0.03806320380946802,0
37,54.43566728969144,826.3666714986166,831.5000038146973,1657.8666753133139,1.0,0,1,1.0,1.0,1.0,1,1,1,1,1,0,6,0,0.0,0.0,1022.0628645553164,1043.364259468121,1,14,1,2024-08-03,82.63666714986167,83.15000038146974,165.7866675313314,0.04252893894634628,0
38,111.54000129699709,813.4000053405762,813.4000053405762,1626.8000106811523,1.0,0,1,1.0,1.0,1.0,1,1,1,1,1,0,2,4,0.0,0.0,1073.021141433716,950.4772106170655,1,14,1,2024-08-03,81.34000053405762,81.34000053405762,162.68000106811525,0.09064327670093088,0
39,790.7900058746338,708.9000053405762,0.0,708.9000053405762,1.0,0,1,1.0,1.0,1.0,1,1,1,1,1,6,0,0,0.0,0.0,1752.93459815979,213.11715965270992,1,14,1,2024-08-03,70.89000053405762,0.0,70.89000053405762,3.9282395083575415e-08,0
40,227.73314407336073,631.4986722310384,0.0,631.4986722310384,1.0,0,1,1.0,1.0,1.0,1,1,1,1,1,6,0,0,0.0,0.0,1210.996632842892,754.3668315125767,1,14,1,2024-08-03,63.14986722310385,0.0,63.14986722310385,7.973531881608935e-09,0
41,576.3009366099064,621.990672047933,0.0,621.990672047933,1.0,0,1,1.0,1.0,1.0,1,1,1,1,1,2,4,0,0.0,0.0,1494.5217618052188,295.29342374165606,1,14,1,2024-08-03,62.1990672047933,0.0,62.1990672047933,0.06432752040351315,0
42,79.30032700540058,583.3666714986166,588.5000038146973,1171.8666753133139,1.0,0,1,1.0,1.0,1.0,1,1,1,1,1,2,4,0,0.0,0.0,1001.2003514194631,781.5503810024119,1,14,1,2024-08-03,58.33666714986166,58.85000038146973,117.1866675313314,0.017620710109332915,0
43,51.98000030517579,519.8000030517578,519.8000030517578,1039.6000061035156,1.0,0,1,1.0,1.0,1.0,1,1,1,1,1,1,5,0,0.0,0.0,990.3800247192382,819.2874557495118,1,14,1,2024-08-03,51.980000305175786,51.980000305175786,103.96000061035157,0.06871345306482522,0
44,53.81073212087761,440.0666669209798,444.10000228881836,884.1666692097981,1.0,0,1,1.0,1.0,1.0,1,1,1,1,1,0,6,0,0.0,0.0,1028.0108053630652,838.0138528400599,1,14,1,2024-08-03,44.00666669209798,44.41000022888184,88.41666692097982,0.21295533879114278,0
45,-52.110002136230456,370.76666768391925,374.8000030517578,745.566670735677,1.0,0,1,1.0,1.0,1.0,1,1,1,1,1,0,6,0,0.0,0.0,794.5900100708008,813.361589050293,1,14,1,2024-08-03,37.076666768391924,37.480000305175786,74.55666707356771,0.24694273888897245,0
46,-50.74000091552735,315.4000015258789,315.4000015258789,630.8000030517578,1.0,0,1,1.0,1.0,1.0,1,1,1,1,1,0,6,0,0.0,0.0,784.9600112915039,755.2651473999024,1,14,1,2024-08-03,31.540000152587893,31.540000152587893,63.08000030517579,0.32602339332648267,0
47,64.7211436254023,344.50000381469727,310.8654002103277,655.365404025025,1.0,0,1,1.0,1.0,1.0,1,1,1,1,1,0,6,0,0.0,0.0,881.2211436254023,545.8356190699102,1,14,1,2024-08-03,34.45000038146973,31.086540021032775,65.5365404025025,0.2496521387951802,0
0,0.0,0.0,0.0,0.0,1.0,0,1,1.0,1.0,1.0,1,1,1,1,1,0,0,6,0.0,0.0,278.20001220703125,293.8999938964844,0,14,2,2024-08-03,0.0,0.0,0.0,0.0,0
1,0.0,0.0,0.0,0.0,1.0,0,1,1.0,1.0,0.0,1,1,0,1,1,0,0,6,0.0,0.0,278.20001220703125,293.8999938964844,0,14,2,2024-08-03,0.0,0.0,0.0,0.0,0
2,0.0,0.0,0.0,0.0,1.0,0,1,1.0,1.0,0.0,1,1,0,1,1,0,0,6,0.0,0.0,278.20001220703125,293.8999938964844,0,14,2,2024-08-03,0.0,0.0,0.0,0.0,0
3,0.0,0.0,0.0,0.0,1.0,0,1,1.0,1.0,0.0,1,1,0,1,1,0,0,6,0.0,0.0,278.20001220703125,293.8999938964844,0,14,2,2024-08-03,0.0,0.0,0.0,0.0,0
4,0.0,0.0,0.0,0.0,1.0,0,1,1.0,1.0,0.0,1,1,0,1,1,0,0,6,0.0,0.0,250.70001220703125,266.3999938964844,0,14,2,2024-08-03,0.0,0.0,0.0,0.0,0
5,0.0,0.0,0.0,0.0,1.0,0,1,1.0,1.0,0.0,1,1,0,1,1,0,0,6,0.0,0.0,231.50001525878906,247.1999969482422,0,14,2,2024-08-03,0.0,0.0,0.0,0.0,0
6,0.0,0.0,0.0,0.0,1.0,0,1,1.0,1.0,0.0,1,1,0,1,1,0,0,6,0.0,0.0,231.50001525878906,247.1999969482422,0,14,2,2024-08-03,0.0,0.0,0.0,0.0,0
7,0.0,0.0,0.0,0.0,1.0,0,1,1.0,1.0,0.0,1,1,0,1,1,0,0,6,0.0,0.0,201.3000030517578,217.0,0,14,2,2024-08-03,0.0,0.0,0.0,0.0,0
8,0.0,0.0,0.0,0.0,1.0,0,1,1.0,1.0,0.0,1,1,0,1,1,0,0,6,0.0,0.0,154.59999084472656,170.3000030517578,0,14,2,2024-08-03,0.0,0.0,0.0,0.0,0
9,0.0,0.0,0.0,0.0,1.0,0,1,1.0,1.0,0.0,1,1,0,1,1,0,0,6,0.0,0.0,154.59999084472656,170.3000030517578,0,14,2,2024-08-03,0.0,0.0,0.0,0.0,0
10,0.0,0.0,0.0,0.0,1.0,0,1,1.0,1.0,0.0,1,1,0,1,1,0,0,6,0.0,0.0,154.59999084472656,170.3000030517578,0,14,2,2024-08-03,0.0,0.0,0.0,0.0,0
11,0.0,0.0,0.0,0.0,1.0,0,1,1.0,1.0,0.5,1,1,0,1,1,0,0,6,0.0,0.0,135.40000915527344,151.09999084472656,0,14,2,2024-08-03,0.0,0.0,0.0,0.0,0
12,0.0,0.0,0.0,0.0,1.0,0,1,1.0,1.0,0.5,1,1,0,1,1,0,0,6,0.0,0.0,155.39999389648438,178.59999084472656,0,14,2,2024-08-03,0.0,0.0,0.0,0.0,0
13,0.0,0.0,0.0,0.0,1.0,0,1,1.0,1.0,0.0,1,1,0,1,1,0,0,6,0.0,0.0,155.39999389648438,178.59999084472656,0,14,2,2024-08-03,0.0,0.0,0.0,0.0,0
14,0.0,0.0,0.0,0.0,1.0,0,1,1.0,1.0,0.0,1,1,0,1,1,0,0,6,0.0,0.0,155.39999389648438,178.59999084472656,0,14,2,2024-08-03,0.0,0.0,0.0,0.0,0
15,0.0,0.0,0.0,0.0,1.0,0,1,1.0,1.0,0.0,1,1,0,1,1,0,0,6,0.0,0.0,229.59999084472656,252.79998779296875,0,14,2,2024-08-03,0.0,0.0,0.0,0.0,0
16,0.0,0.0,0.0,0.0,1.0,0,1,1.0,1.0,0.0,1,1,0,1,1,0,0,6,0.0,0.0,359.3999938964844,412.8000183105469,0,14,2,2024-08-03,0.0,0.0,0.0,0.0,0
17,0.0,0.0,0.0,0.0,1.0,0,1,1.0,1.0,0.0,1,1,0,1,1,0,0,6,0.0,0.0,514.2000122070312,567.2000122070312,0,14,2,2024-08-03,0.0,0.0,0.0,0.0,0
18,0.0,0.0,0.0,0.0,1.0,0,1,1.0,1.0,0.0,1,1,0,1,1,0,0,6,0.0,0.0,486.70001220703125,539.7000122070312,0,14,2,2024-08-03,0.0,0.0,0.0,0.0,0
19,-32.11000022888189,286.10000228881836,289.60000228881836,575.7000045776367,1.0,0,1,1.0,1.0,1.0,1,1,1,1,1,0,0,6,0.0,0.0,555.1018527984619,715.2100368499756,1,14,2,2024-08-03,28.610000228881837,28.96000022888184,57.570000457763676,6.626188507385698e-10,0
20,-290.28538423672273,0.0,355.60000228881836,355.60000228881836,1.0,0,1,1.0,1.0,1.0,1,1,1,1,1,0,6,0,0.0,0.0,319.7945107828085,1050.2854452718789,1,14,2,2024-08-03,0.0,35.56000022888184,35.56000022888184,0.3625731176982186,0
21,-99.44500198364253,0.0,369.3000030517578,369.3000030517578,1.0,0,1,1.0,1.0,1.0,1,1,1,1,1,0,6,0,0.0,0.0,563.8886772155762,961.1450141906738,1,14,2,2024-08-03,0.0,36.93000030517578,36.93000030517578,0.17251461852993216,0
22,43.1366633097336,489.7333386739095,492.9000053405762,982.6333440144856,1.0,0,1,1.0,1.0,1.0,1,1,1,1,1,6,0,0,0.0,0.0,807.8880671183274,934.5633488972976,1,14,2,2024-08-03,48.97333386739095,49.29000053405762,98.26333440144856,1.8116549722342246e-09,0
23,0.0,0.0,0.0,0.0,1.0,0,1,1.0,1.0,0.0,1,1,0,1,1,0,0,6,0.0,0.0,813.6978759765625,1057.9000244140625,0,14,2,2024-08-03,0.0,0.0,0.0,0.0,0
24,-3.7428079223633195,605.0760040283203,634.2000045776367,1239.276008605957,1.0,0,1,1.0,1.0,1.0,1,1,1,1,1,0,0,6,0.0,0.0,938.8856710815429,1199.0428567504882,1,14,2,2024-08-03,60.50760040283203,63.42000045776368,123.9276008605957,4.617252075565009e-11,0
25,5.12615369628758,623.2000045776367,0.0,623.2000045776367,1.0,0,1,1.0,1.0,1.0,1,1,1,1,1,5,0,1,0.0,0.0,901.3418519384751,1167.6738951318375,1,14,2,2024-08-03,62.320000457763676,0.0,62.320000457763676,0.09941520527337339,0
26,46.339004799836175,0.0,700.7000045776367,700.7000045776367,1.0,0,1,1.0,1.0,1.0,1,1,1,1,1,0,0,6,0.0,0.0,859.1988070459299,1074.1608731298513,1,14,2,2024-08-03,0.0,70.07000045776367,70.07000045776367,4.0421665591849987e-10,0
27,58.2400005340574,686.8000049591064,692.4000053405762,1379.2000102996826,1.0,0,1,1.0,1.0,1.0,1,1,1,1,1,3,3,0,0.0,0.0,835.7437236785886,1062.2598773956302,1,14,2,2024-08-03,68.68000049591065,69.24000053405761,137.92000102996826,0.14136765585414215,0
28,346.37964976539064,719.9000053405762,0.0,719.9000053405762,1.0,0,1,1.0,1.0,1.0,1,1,1,1,1,6,0,0,0.0,0.0,1160.0147816013282,812.6203502346093,1,14,2,2024-08-03,71.99000053405761,0.0,71.99000053405761,1.5409800744898207e-08,0
29,0.0,0.0,0.0,0.0,1.0,0,1,1.0,1.0,0.0,1,1,0,1,1,0,0,6,0.0,0.0,931.6979370117188,1178.199951171875,0,14,2,2024-08-03,0.0,0.0,0.0,0.0,0
30,241.57592976355616,828.2000045776367,0.0,828.2000045776367,1.0,0,1,1.0,1.0,1.0,1,1,1,1,1,6,0,0,0.0,0.0,1209.3718282010561,953.1240214083189,1,14,2,2024-08-03,82.82000045776368,0.0,82.82000045776368,2.4501100575499462e-09,0
31,0.0,0.0,0.0,0.0,1.0,0,1,1.0,1.0,0.0,1,1,0,1,1,0,0,6,0.0,0.0,967.2778930664062,1170.5,0,14,2,2024-08-03,0.0,0.0,0.0,0.0,0
32,0.0,0.0,0.0,0.0,1.0,0,1,1.0,1.0,0.0,1,1,0,1,1,0,0,6,0.0,0.0,998.26123046875,1201.2999267578125,0,14,2,2024-08-03,0.0,0.0,0.0,0.0,0
33,133.65500144958494,689.7000045776367,689.7000045776367,1379.4000091552734,1.0,0,1,1.0,1.0,1.0,1,1,1,1,1,3,3,0,0.0,0.0,1100.1829555511474,1031.94485206604,1,14,2,2024-08-03,68.97000045776367,68.97000045776367,137.94000091552735,0.06286549702750627,0
34,146.4700004577637,689.7000045776367,689.7000045776367,1379.4000091552734,1.0,0,1,1.0,1.0,1.0,1,1,1,1,1,0,5,1,0.0,0.0,1095.6539604187012,947.6299751281738,1,14,2,2024-08-03,68.97000045776367,68.97000045776367,137.94000091552735,0.08187134393275287,0
35,222.11984296897236,667.9157193868118,661.2001795651826,1329.1158989519945,1.0,0,1,1.0,1.0,1.0,1,1,1,1,1,0,6,0,0.0,0.0,1125.2029728517848,782.9801326169652,1,14,2,2024-08-03,66.79157193868119,66.12001795651825,132.91158989519946,0.05672945372753179,0
36,81.72000045776366,250.0,817.2000045776367,1067.2000045776367,1.0,0,1,1.0,1.0,1.0,1,1,1,1,1,0,2,4,0.0,0.0,937.139739227295,862.9800727844238,1,14,2,2024-08-03,25.0,81.72000045776367,106.72000045776367,0.03806320380946802,0
37,54.43566728969144,826.3666714986166,831.5000038146973,1657.8666753133139,1.0,0,1,1.0,1.0,1.0,1,1,1,1,1,0,6,0,0.0,0.0,910.6110823287539,890.2644059524961,1,14,2,2024-08-03,82.63666714986167,83.15000038146974,165.7866675313314,0.04252893894634628,0
38,111.54000129699709,813.4000053405762,813.4000053405762,1626.8000106811523,1.0,0,1,1.0,1.0,1.0,1,1,1,1,1,0,2,4,0.0,0.0,959.7762073516845,822.760047531128,1,14,2,2024-08-03,81.34000053405762,81.34000053405762,162.68000106811525,0.09064327670093088,0
39,790.7900058746338,708.9000053405762,0.0,708.9000053405762,1.0,0,1,1.0,1.0,1.0,1,1,1,1,1,6,0,0,0.0,0.0,1611.7751132965088,105.01004295349117,1,14,2,2024-08-03,70.89000053405762,0.0,70.89000053405762,3.9282395083575415e-08,0
40,227.73314407336073,631.4986722310384,0.0,631.4986722310384,1.0,0,1,1.0,1.0,1.0,1,1,1,1,1,6,0,0,0.0,0.0,1103.847218780392,661.7662455750767,1,14,2,2024-08-03,63.14986722310385,0.0,63.14986722310385,7.973531881608935e-09,0
41,576.3009366099064,621.990672047933,0.0,621.990672047933,1.0,0,1,1.0,1.0,1.0,1,1,1,1,1,2,4,0,0.0,0.0,1479.9150113169376,309.6235629018123,1,14,2,2024-08-03,62.1990672047933,0.0,62.1990672047933,0.06432752040351315,0
42,79.30032700540058,583.3666714986166,588.5000038146973,1171.8666753133139,1.0,0,1,1.0,1.0,1.0,1,1,1,1,1,2,4,0,0.0,0.0,911.4003636264944,653.9600489711619,1,14,2,2024-08-03,58.33666714986166,58.85000038146973,117.1866675313314,0.017620710109332915,0
43,51.98000030517579,519.8000030517578,519.8000030517578,1039.6000061035156,1.0,0,1,1.0,1.0,1.0,1,1,1,1,1,1,5,0,0.0,0.0,790.5800369262695,591.0491744995118,1,14,2,2024-08-03,51.980000305175786,51.980000305175786,103.96000061035157,0.06871345306482522,0
44,53.81073212087761,440.0666669209798,444.10000228881836,884.1666692097981,1.0,0,1,1.0,1.0,1.0,1,1,1,1,1,0,6,0,0.0,0.0,743.0107443279088,495.54845977365363,1,14,2,2024-08-03,44.00666669209798,44.41000022888184,88.41666692097982,0.21295533879114278,0
45,-52.110002136230456,370.76666768391925,374.8000030517578,745.566670735677,1.0,0,1,1.0,1.0,1.0,1,1,1,1,1,0,6,0,0.0,0.0,598.5899490356445,501.88990936279293,1,14,2,2024-08-03,37.076666768391924,37.480000305175786,74.55666707356771,0.24694273888897245,0
46,-50.74000091552735,315.4000015258789,315.4000015258789,630.8000030517578,1.0,0,1,1.0,1.0,1.0,1,1,1,1,1,0,6,0,0.0,0.0,553.2599990844726,394.84037322998046,1,14,2,2024-08-03,31.540000152587893,31.540000152587893,63.08000030517579,0.32602339332648267,0
47,64.7211436254023,344.50000381469727,310.8654002103277,655.365404025025,1.0,0,1,1.0,1.0,1.0,1,1,1,1,1,0,6,0,0.0,0.43431826848535043,591.2211436254023,175.8508778589727,1,14,2,2024-08-03,34.45000038146973,31.086540021032775,65.5365404025025,0.2496521387951802,0
0,0.0,0.0,0.0,0.0,1.0,0,1,1.0,1.0,1.0,1,1,1,1,1,0,0,6,0.0,0.0,145.3000030517578,148.3000030517578,0,15,0,2024-08-03,0.0,0.0,0.0,0.0,0
1,0.0,0.0,0.0,0.0,1.0,0,1,1.0,1.0,0.5,1,1,0,1,1,0,0,6,0.0,0.0,156.3000030517578,159.3000030517578,0,15,0,2024-08-03,0.0,0.0,0.0,0.0,0
2,0.0,0.0,0.0,0.0,1.0,0,1,1.0,1.0,1.0,1,1,1,1,1,0,0,6,0.0,0.0,137.10000610351562,140.10000610351562,0,15,0,2024-08-03,0.0,0.0,0.0,0.0,0
3,0.0,0.0,0.0,0.0,1.0,0,1,1.0,1.0,1.0,1,1,1,1,1,0,0,6,0.0,0.0,137.10000610351562,140.10000610351562,0,15,0,2024-08-03,0.0,0.0,0.0,0.0,0
4,0.0,0.0,0.0,0.0,1.0,0,1,1.0,1.0,1.0,1,1,1,1,1,0,0,6,0.0,0.0,164.59999084472656,167.59999084472656,0,15,0,2024-08-03,0.0,0.0,0.0,0.0,0
5,0.0,0.0,0.0,0.0,1.0,0,1,1.0,1.0,0.6666666666666666,1,1,0,1,1,0,0,6,0.0,0.0,181.59999084472656,217.59999084472656,0,15,0,2024-08-03,0.0,0.0,0.0,0.0,0
6,0.0,0.0,0.0,0.0,1.0,0,1,1.0,1.0,0.5,1,1,0,1,1,0,0,6,0.0,0.0,154.10000610351562,190.10000610351562,0,15,0,2024-08-03,0.0,0.0,0.0,0.0,0
7,0.0,0.0,0.0,0.0,1.0,0,1,1.0,1.0,0.16666666666666666,1,1,0,1,1,0,0,6,0.0,0.0,154.10000610351562,190.10000610351562,0,15,0,2024-08-03,0.0,0.0,0.0,0.0,0
8,0.0,0.0,0.0,0.0,1.0,0,1,1.0,1.0,0.6666666666666666,1,1,0,1,1,0,0,6,0.0,0.0,134.89999389648438,170.89999389648438,0,15,0,2024-08-03,0.0,0.0,0.0,0.0,0
9,0.0,0.0,0.0,0.0,1.0,0,1,1.0,1.0,0.0,1,1,0,1,1,0,0,6,0.0,0.0,134.89999389648438,170.89999389648438,0,15,0,2024-08-03,0.0,0.0,0.0,0.0,0
10,0.0,0.0,0.0,0.0,1.0,0,1,1.0,1.0,0.0,1,1,0,1,1,0,0,6,0.0,0.0,134.89999389648438,170.89999389648438,0,15,0,2024-08-03,0.0,0.0,0.0,0.0,0
11,0.0,0.0,0.0,0.0,1.0,0,1,1.0,1.0,0.0,1,1,0,1,1,0,0,6,0.0,0.0,135.60000610351562,170.89999389648438,0,15,0,2024-08-03,0.0,0.0,0.0,0.0,0
12,0.0,0.0,0.0,0.0,1.0,0,1,1.0,1.0,0.0,1,1,0,1,1,0,0,6,0.0,0.0,137.89999389648438,170.89999389648438,0,15,0,2024-08-03,0.0,0.0,0.0,0.0,0
13,0.0,0.0,0.0,0.0,1.0,0,1,1.0,1.0,0.0,1,1,0,1,1,0,0,6,0.0,0.0,146.10000610351562,179.10000610351562,0,15,0,2024-08-03,0.0,0.0,0.0,0.0,0
14,0.0,0.0,0.0,0.0,1.0,0,1,1.0,1.0,0.0,1,1,0,1,1,0,0,6,0.0,0.0,240.60000610351562,278.6000061035156,0,15,0,2024-08-03,0.0,0.0,0.0,0.0,0
15,0.0,0.0,0.0,0.0,1.0,0,1,1.0,1.0,0.0,1,1,0,1,1,0,0,6,0.0,0.0,272.1333312988281,306.1000061035156,0,15,0,2024-08-03,0.0,0.0,0.0,0.0,0
16,0.0,0.0,0.0,0.0,1.0,0,1,1.0,1.0,0.0,1,1,0,1,1,0,0,6,0.0,0.0,422.0,455.0,0,15,0,2024-08-03,0.0,0.0,0.0,0.0,0
17,0.0,0.0,0.0,0.0,1.0,0,1,1.0,1.0,0.0,1,1,0,1,1,0,0,6,0.0,0.0,518.2000122070312,551.2000122070312,0,15,0,2024-08-03,0.0,0.0,0.0,0.0,0
18,0.0,0.0,0.0,0.0,1.0,0,1,1.0,1.0,0.0,1,1,0,1,1,0,0,6,0.0,0.0,520.8999633789062,553.8999633789062,0,15,0,2024-08-03,0.0,0.0,0.0,0.0,0
19,-32.11000022888189,286.10000228881836,289.60000228881836,575.7000045776367,1.0,0,1,1.0,1.0,1.0,1,1,1,1,1,0,0,6,0.0,0.0,655.1345066070556,765.9161525726319,1,15,0,2024-08-03,28.610000228881837,28.96000022888184,57.570000457763676,6.626188507385698e-10,0
20,-290.28538423672273,0.0,355.60000228881836,355.60000228881836,1.0,0,1,1.0,1.0,1.0,1,1,1,1,1,0,6,0,0.0,0.0,365.8147744546835,1092.1441488851601,1,15,0,2024-08-03,0.0,35.56000022888184,35.56000022888184,4.039278899587721e-08,0
21,-99.44500198364253,0.0,369.3000030517578,369.3000030517578,1.0,0,1,1.0,1.0,1.0,1,1,1,1,1,0,6,0,0.0,0.0,558.49164352417,954.4450019836426,1,15,0,2024-08-03,0.0,36.93000030517578,36.93000030517578,6.197720794210615e-09,0
22,43.1366633097336,489.7333386739095,492.9000053405762,982.6333440144856,1.0,0,1,1.0,1.0,1.0,1,1,1,1,1,6,0,0,0.0,0.0,814.3847712198899,927.7632390340164,1,15,0,2024-08-03,48.97333386739095,49.29000053405762,98.26333440144856,1.8116549722342246e-09,0
23,0.0,0.0,0.0,0.0,1.0,0,1,1.0,1.0,0.0,1,1,0,1,1,0,0,6,0.0,0.0,813.10693359375,1017.699951171875,0,15,0,2024-08-03,0.0,0.0,0.0,0.0,0
24,-3.7428079223633195,605.0760040283203,634.2000045776367,1239.276008605957,1.0,0,1,1.0,1.0,1.0,1,1,1,1,1,0,0,6,0.0,0.0,880.5887350463867,1048.9428811645507,1,15,0,2024-08-03,60.50760040283203,63.42000045776368,123.9276008605957,4.617252075565009e-11,0
25,5.12615369628758,623.2000045776367,0.0,623.2000045776367,1.0,0,1,1.0,1.0,1.0,1,1,1,1,1,0,0,6,0.0,0.0,895.5488831884751,1051.0739195459,1,15,0,2024-08-03,62.320000457763676,0.0,62.320000457763676,3.645729861504272e-10,0
26,46.339004799836175,0.0,700.7000045776367,700.7000045776367,1.0,0,1,1.0,1.0,1.0,1,1,1,1,1,0,1,5,0.0,0.0,1049.7144930810862,1175.7609707861013,1,15,0,2024-08-03,0.0,70.07000045776367,70.07000045776367,0.049707601303342924,0
27,58.2400005340574,686.8000049591064,692.4000053405762,1379.2000102996826,1.0,0,1,1.0,1.0,1.0,1,1,1,1,1,0,6,0,0.0,0.0,1061.5155132293698,1163.8599750518802,1,15,0,2024-08-03,68.68000049591065,69.24000053405761,137.92000102996826,8.297631867359297e-10,0
28,346.37964976539064,719.9000053405762,0.0,719.9000053405762,1.0,0,1,1.0,1.0,1.0,1,1,1,1,1,6,0,0,0.0,0.0,1374.3628040622657,897.7203258205468,1,15,0,2024-08-03,71.99000053405761,0.0,71.99000053405761,1.5409800744898207e-08,0
29,0.0,0.0,0.0,0.0,1.0,0,1,1.0,1.0,0.0,1,1,0,1,1,0,0,6,0.0,0.0,1124.733642578125,1274.9000244140625,0,15,0,2024-08-03,0.0,0.0,0.0,0.0,0
30,241.57592976355616,828.2000045776367,0.0,828.2000045776367,1.0,0,1,1.0,1.0,1.0,1,1,1,1,1,6,0,0,0.0,0.0,1398.3095723416811,1080.0241678926939,1,15,0,2024-08-03,82.82000045776368,0.0,82.82000045776368,2.4501100575499462e-09,0
31,0.0,0.0,0.0,0.0,1.0,0,1,1.0,1.0,0.0,1,1,0,1,1,0,0,6,0.0,0.0,1107.7998046875,1244.7000732421875,0,15,0,2024-08-03,0.0,0.0,0.0,0.0,0
32,0.0,0.0,0.0,0.0,1.0,0,1,1.0,1.0,0.0,1,1,0,1,1,0,0,6,0.0,0.0,1007.487060546875,1106.2000732421875,0,15,0,2024-08-03,0.0,0.0,0.0,0.0,0
33,133.65500144958494,689.7000045776367,689.7000045776367,1379.4000091552734,1.0,0,1,1.0,1.0,1.0,1,1,1,1,1,6,0,0,0.0,0.0,1139.09030418396,959.1216098785401,1,15,0,2024-08-03,68.97000045776367,68.97000045776367,137.94000091552735,1.935833007946494e-09,0
34,146.4700004577637,689.7000045776367,689.7000045776367,1379.4000091552734,1.0,0,1,1.0,1.0,1.0,1,1,1,1,1,0,3,3,0.0,0.0,1129.646086883545,919.4927680969238,1,15,0,2024-08-03,68.97000045776367,68.97000045776367,137.94000091552735,0.055555556108650685,0
35,222.11984296897236,667.9157193868118,661.2001795651826,1329.1158989519945,1.0,0,1,1.0,1.0,1.0,1,1,1,1,1,0,0,6,0.0,0.0,1095.462311230691,770.0196833982152,1,15,0,2024-08-03,66.79157193868119,66.12001795651825,132.91158989519946,3.308029715485766e-10,0
36,81.72000045776366,250.0,817.2000045776367,1067.2000045776367,1.0,0,1,1.0,1.0,1.0,1,1,1,1,1,0,2,4,0.0,0.0,888.110442352295,819.6678169250488,1,15,0,2024-08-03,25.0,81.72000045776367,106.72000045776367,0.06717036612588688,0
37,54.43566728969144,826.3666714986166,831.5000038146973,1657.8666753133139,1.0,0,1,1.0,1.0,1.0,1,1,1,1,1,2,4,0,0.0835725360062026,0.050313450741268015,757.3051130904727,789.6643693314023,1,15,0,2024-08-03,82.63666714986167,83.15000038146974,165.7866675313314,0.010202231052345573,0
38,111.54000129699709,813.4000053405762,813.4000053405762,1626.8000106811523,1.0,0,1,1.0,1.0,1.0,1,1,1,1,1,0,3,3,0.0,0.06557655479009453,840.333946609497,760.0600353240967,1,15,0,2024-08-03,81.34000053405762,81.34000053405762,162.68000106811525,0.11257310297370625,0
39,790.7900058746338,708.9000053405762,0.0,708.9000053405762,1.0,0,1,1.0,1.0,1.0,1,1,1,1,1,6,0,0,0.0,0.0,1607.8395664215088,18.595858383178665,1,15,0,2024-08-03,70.89000053405762,0.0,70.89000053405762,3.9282395083575415e-08,0
40,227.73314407336073,631.4986722310384,0.0,631.4986722310384,1.0,0,1,1.0,1.0,1.0,1,1,1,1,1,6,0,0,0.0,0.0,1013.1331684874233,523.0927836610142,1,15,0,2024-08-03,63.14986722310385,0.0,63.14986722310385,7.973531881608935e-09,0
41,576.3009366099064,621.990672047933,0.0,621.990672047933,1.0,0,1,1.0,1.0,1.0,1,1,1,1,1,0,6,0,0.0,0.0,1262.3009366099063,13.588345616656056,1,15,0,2024-08-03,62.1990672047933,0.0,62.1990672047933,4.460768232260224e-08,0
42,79.30032700540058,583.3666714986166,588.5000038146973,1171.8666753133139,1.0,0,1,1.0,1.0,1.0,1,1,1,1,1,6,0,0,0.0,0.20182304881884705,746.1003147983694,469.72713881491194,1,15,0,2024-08-03,58.33666714986166,58.85000038146973,117.1866675313314,3.0029631565297525e-09,0
43,51.98000030517579,519.8000030517578,519.8000030517578,1039.6000061035156,1.0,0,1,1.0,1.0,1.0,1,1,1,1,1,0,0,6,0.0,0.07548345893555478,679.7799880981445,480.5637008666992,1,15,0,2024-08-03,51.980000305175786,51.980000305175786,103.96000061035157,7.338778953582614e-10,0
44,53.81073212087761,440.0666669209798,444.10000228881836,884.1666692097981,1.0,0,1,1.0,1.0,1.0,1,1,1,1,1,0,6,0,0.0,0.11531211796256188,596.4107077068151,392.88989043771613,1,15,0,2024-08-03,44.00666669209798,44.41000022888184,88.41666692097982,1.893634383652612e-09,0
45,-52.110002136230456,370.76666768391925,374.8000030517578,745.566670735677,1.0,0,1,1.0,1.0,1.0,1,1,1,1,1,0,6,0,0.0,0.0,379.4900039672852,459.5758834838867,1,15,0,2024-08-03,37.076666768391924,37.480000305175786,74.55666707356771,2.0466028771841316e-09,0
46,-50.74000091552735,315.4000015258789,315.4000015258789,630.8000030517578,1.0,0,1,1.0,1.0,1.0,1,1,1,1,1,0,1,5,0.0,0.0,380.8600051879883,459.4535629272461,1,15,0,2024-08-03,31.540000152587893,31.540000152587893,63.08000030517579,0.004385966302120777,0
47,64.7211436254023,344.50000381469727,310.8654002103277,655.365404025025,1.0,0,1,1.0,1.0,1.0,1,1,1,1,1,0,6,0,0.0,0.0,480.32114972891793,345.43297014412894,1,15,0,2024-08-03,34.45000038146973,31.086540021032775,65.5365404025025,3.0585693028669413e-09,0
0,0.0,0.0,0.0,0.0,1.0,0,1,1.0,1.0,1.0,1,1,1,1,1,0,0,6,0.0,0.0,116.69999694824219,118.69999694824219,0,15,1,2024-08-03,0.0,0.0,0.0,0.0,0
1,0.0,0.0,0.0,0.0,1.0,0,1,1.0,1.0,0.3333333333333333,1,1,0,1,1,0,0,6,0.0,0.0,116.69999694824219,118.69999694824219,0,15,1,2024-08-03,0.0,0.0,0.0,0.0,0
2,0.0,0.0,0.0,0.0,1.0,0,1,1.0,1.0,1.0,1,1,1,1,1,0,0,6,0.0,0.0,66.69999694824219,68.69999694824219,0,15,1,2024-08-03,0.0,0.0,0.0,0.0,0
3,0.0,0.0,0.0,0.0,1.0,0,1,1.0,1.0,1.0,1,1,1,1,1,0,0,6,0.0,0.0,66.69999694824219,68.69999694824219,0,15,1,2024-08-03,0.0,0.0,0.0,0.0,0
4,0.0,0.0,0.0,0.0,1.0,0,1,1.0,1.0,0.16666666666666666,1,1,0,1,1,0,0,6,0.0,0.0,66.69999694824219,68.69999694824219,0,15,1,2024-08-03,0.0,0.0,0.0,0.0,0
5,0.0,0.0,0.0,0.0,1.0,0,1,1.0,1.0,0.6666666666666666,1,1,0,1,1,0,0,6,0.0,0.0,66.69999694824219,68.69999694824219,0,15,1,2024-08-03,0.0,0.0,0.0,0.0,0
6,0.0,0.0,0.0,0.0,1.0,0,1,1.0,1.0,1.0,1,1,1,1,1,0,0,6,0.0,0.0,66.69999694824219,68.69999694824219,0,15,1,2024-08-03,0.0,0.0,0.0,0.0,0
7,0.0,0.0,0.0,0.0,1.0,0,1,1.0,1.0,1.0,1,1,1,1,1,0,0,6,0.0,0.0,66.69999694824219,68.69999694824219,0,15,1,2024-08-03,0.0,0.0,0.0,0.0,0
8,0.0,0.0,0.0,0.0,1.0,0,1,1.0,1.0,1.0,1,1,1,1,1,0,0,6,0.0,0.0,66.69999694824219,68.69999694824219,0,15,1,2024-08-03,0.0,0.0,0.0,0.0,0
9,0.0,0.0,0.0,0.0,1.0,0,1,1.0,1.0,1.0,1,1,1,1,1,0,0,6,0.0,0.0,66.69999694824219,68.69999694824219,0,15,1,2024-08-03,0.0,0.0,0.0,0.0,0
10,0.0,0.0,0.0,0.0,1.0,0,1,1.0,1.0,1.0,1,1,1,1,1,0,0,6,0.0,0.0,66.69999694824219,68.69999694824219,0,15,1,2024-08-03,0.0,0.0,0.0,0.0,0
11,0.0,0.0,0.0,0.0,1.0,0,1,1.0,1.0,1.0,1,1,1,1,1,0,0,6,0.0,0.0,113.4000015258789,115.4000015258789,0,15,1,2024-08-03,0.0,0.0,0.0,0.0,0
12,0.0,0.0,0.0,0.0,1.0,0,1,1.0,1.0,1.0,1,1,1,1,1,0,0,6,0.0,0.0,144.89999389648438,165.39999389648438,0,15,1,2024-08-03,0.0,0.0,0.0,0.0,0
13,0.0,0.0,0.0,0.0,1.0,0,1,1.0,1.0,1.0,1,1,1,1,1,0,0,6,0.0,0.0,191.60000610351562,212.10000610351562,0,15,1,2024-08-03,0.0,0.0,0.0,0.0,0
14,0.0,0.0,0.0,0.0,1.0,0,1,1.0,1.0,0.16666666666666666,1,1,0,1,1,0,0,6,0.0,0.0,191.60000610351562,212.10000610351562,0,15,1,2024-08-03,0.0,0.0,0.0,0.0,0
15,0.0,0.0,0.0,0.0,1.0,0,1,1.0,1.0,0.0,1,1,0,1,1,0,0,6,0.0,0.0,206.0,262.0999755859375,0,15,1,2024-08-03,0.0,0.0,0.0,0.0,0
16,0.0,0.0,0.0,0.0,1.0,0,1,1.0,1.0,0.0,1,1,0,1,1,0,0,6,0.0,0.0,263.70001220703125,319.79998779296875,0,15,1,2024-08-03,0.0,0.0,0.0,0.0,0
17,0.0,0.0,0.0,0.0,1.0,0,1,1.0,1.0,0.0,1,1,0,1,1,0,0,6,0.0,0.0,330.4000244140625,394.0,0,15,1,2024-08-03,0.0,0.0,0.0,0.0,0
18,0.0,0.0,0.0,0.0,1.0,0,1,1.0,1.0,0.0,1,1,0,1,1,0,0,6,0.0,0.0,436.5000305175781,537.4000244140625,0,15,1,2024-08-03,0.0,0.0,0.0,0.0,0
19,-32.11000022888189,286.10000228881836,289.60000228881836,575.7000045776367,1.0,0,1,1.0,1.0,1.0,1,1,1,1,1,0,0,6,0.0,0.0,467.9900363922119,677.1100002288819,1,15,1,2024-08-03,28.610000228881837,28.96000022888184,57.570000457763676,6.626188507385698e-10,0
20,-290.28538423672273,0.0,355.60000228881836,355.60000228881836,1.0,0,1,1.0,1.0,1.0,1,1,1,1,1,0,6,0,0.0,0.0,283.347855509371,1039.6854086507851,1,15,1,2024-08-03,0.0,35.56000022888184,35.56000022888184,4.039278899587721e-08,0
21,-99.44500198364253,0.0,369.3000030517578,369.3000030517578,1.0,0,1,1.0,1.0,1.0,1,1,1,1,1,0,6,0,0.0,0.0,452.3734184265137,898.2449897766113,1,15,1,2024-08-03,0.0,36.93000030517578,36.93000030517578,6.197720794210615e-09,0
22,43.1366633097336,489.7333386739095,492.9000053405762,982.6333440144856,1.0,0,1,1.0,1.0,1.0,1,1,1,1,1,6,0,0,0.0,0.0,569.4640558878586,713.9633733113601,1,15,1,2024-08-03,48.97333386739095,49.29000053405762,98.26333440144856,1.8116549722342246e-09,0
23,0.0,0.0,0.0,0.0,1.0,0,1,1.0,1.0,0.0,1,1,0,1,1,0,0,6,0.0,0.0,556.8616943359375,803.7999877929688,0,15,1,2024-08-03,0.0,0.0,0.0,0.0,0
24,-3.7428079223633195,605.0760040283203,634.2000045776367,1239.276008605957,1.0,0,1,1.0,1.0,1.0,1,1,1,1,1,0,0,6,0.0,0.0,752.6011251831054,979.7709451293946,1,15,1,2024-08-03,60.50760040283203,63.42000045776368,123.9276008605957,4.617252075565009e-11,0
25,5.12615369628758,623.2000045776367,0.0,623.2000045776367,1.0,0,1,1.0,1.0,1.0,1,1,1,1,1,0,0,6,0.0,0.0,733.9938905126938,1122.785589467775,1,15,1,2024-08-03,62.320000457763676,0.0,62.320000457763676,3.645729861504272e-10,0
26,46.339004799836175,0.0,700.7000045776367,700.7000045776367,1.0,0,1,1.0,1.0,1.0,1,1,1,1,1,0,1,5,0.0,0.0,717.1342318506174,1067.4609219579763,1,15,1,2024-08-03,0.0,70.07000045776367,70.07000045776367,0.049707601303342924,0
27,58.2400005340574,686.8000049591064,692.4000053405762,1379.2000102996826,1.0,0,1,1.0,1.0,1.0,1,1,1,1,1,0,6,0,0.04240069194875445,0.0,657.6792095184323,1025.3599750518802,1,15,1,2024-08-03,68.68000049591065,69.24000053405761,137.92000102996826,8.297631867359297e-10,0
28,346.37964976539064,719.9000053405762,0.0,719.9000053405762,1.0,0,1,1.0,1.0,1.0,1,1,1,1,1,6,0,0,0.0,0.0,979.777904159922,768.0202525783593,1,15,1,2024-08-03,71.99000053405761,0.0,71.99000053405761,1.5409800744898207e-08,0
29,0.0,0.0,0.0,0.0,1.0,0,1,1.0,1.0,0.0,1,1,0,1,1,0,0,6,0.0,0.0,688.684814453125,1086.89990234375,0,15,1,2024-08-03,0.0,0.0,0.0,0.0,0
30,241.57592976355616,828.2000045776367,0.0,828.2000045776367,1.0,0,1,1.0,1.0,1.0,1,1,1,1,1,6,0,0,0.0,0.0,971.8290425565249,812.2239969942564,1,15,1,2024-08-03,82.82000045776368,0.0,82.82000045776368,2.4501100575499462e-09,0
31,0.0,0.0,0.0,0.0,1.0,0,1,1.0,1.0,0.0,1,1,0,1,1,0,0,6,0.0,0.0,703.6011962890625,1034.5999755859375,0,15,1,2024-08-03,0.0,0.0,0.0,0.0,0
32,0.0,0.0,0.0,0.0,1.0,0,1,1.0,1.0,0.0,1,1,0,1,1,0,0,6,0.0,0.0,719.2574462890625,1006.5,0,15,1,2024-08-03,0.0,0.0,0.0,0.0,0
33,133.65500144958494,689.7000045776367,689.7000045776367,1379.4000091552734,1.0,0,1,1.0,1.0,1.0,1,1,1,1,1,6,0,0,0.0,0.0,930.2511928558349,892.0449497222901,1,15,1,2024-08-03,68.97000045776367,68.97000045776367,137.94000091552735,1.935833007946494e-09,0
34,146.4700004577637,689.7000045776367,689.7000045776367,1379.4000091552734,1.0,0,1,1.0,1.0,1.0,1,1,1,1,1,0,3,3,0.0,0.0,985.2510063171387,867.7300727844238,1,15,1,2024-08-03,68.97000045776367,68.97000045776367,137.94000091552735,0.055555556108650685,0
35,222.11984296897236,667.9157193868118,661.2001795651826,1329.1158989519945,1.0,0,1,1.0,1.0,1.0,1,1,1,1,1,0,0,6,0.0,0.0,985.3481144533473,733.8802180661839,1,15,1,2024-08-03,66.79157193868119,66.12001795651825,132.91158989519946,3.308029715485766e-10,0
36,81.72000045776366,250.0,817.2000045776367,1067.2000045776367,1.0,0,1,1.0,1.0,1.0,1,1,1,1,1,0,2,4,0.0,0.0,808.3688041687012,830.2800605773925,1,15,1,2024-08-03,25.0,81.72000045776367,106.72000045776367,0.06717036612588688,0
37,54.43566728969144,826.3666714986166,831.5000038146973,1657.8666753133139,1.0,0,1,1.0,1.0,1.0,1,1,1,1,1,2,4,0,0.0,0.0,830.2388289107852,893.3643815384336,1,15,1,2024-08-03,82.63666714986167,83.15000038146974,165.7866675313314,0.010202231052345573,0
38,111.54000129699709,813.4000053405762,813.4000053405762,1626.8000106811523,1.0,0,1,1.0,1.0,1.0,1,1,1,1,1,0,3,3,0.0,0.053528377105530295,887.8028797149658,769.8600231170655,1,15,1,2024-08-03,81.34000053405762,81.34000053405762,162.68000106811525,0.11257310297370625,0
39,790.7900058746338,708.9000053405762,0.0,708.9000053405762,1.0,0,1,1.0,1.0,1.0,1,1,1,1,1,6,0,0,0.0,0.0,1578.1125156402588,75.78763084411617,1,15,1,2024-08-03,70.89000053405762,0.0,70.89000053405762,3.9282395083575415e-08,0
40,227.73314407336073,631.4986722310384,0.0,631.4986722310384,1.0,0,1,1.0,1.0,1.0,1,1,1,1,1,6,0,0,0.0,0.0,1090.3702290342983,610.066843719608,1,15,1,2024-08-03,63.14986722310385,0.0,63.14986722310385,7.973531881608935e-09,0
41,576.3009366099064,621.990672047933,0.0,621.990672047933,1.0,0,1,1.0,1.0,1.0,1,1,1,1,1,0,6,0,0.0,0.0,1347.4009121958438,125.3513461049373,1,15,1,2024-08-03,62.1990672047933,0.0,62.1990672047933,4.460768232260224e-08,0
42,79.30032700540058,583.3666714986166,588.5000038146973,1171.8666753133139,1.0,0,1,1.0,1.0,1.0,1,1,1,1,1,6,0,0,0.0,0.22304782980515145,679.6003147983694,457.2363551235057,1,15,1,2024-08-03,58.33666714986166,58.85000038146973,117.1866675313314,3.0029631565297525e-09,0
43,51.98000030517579,519.8000030517578,519.8000030517578,1039.6000061035156,1.0,0,1,1.0,1.0,1.0,1,1,1,1,1,0,0,6,0.0,0.09858640441902515,602.2799880981445,468.5547897338867,1,15,1,2024-08-03,51.980000305175786,51.980000305175786,103.96000061035157,7.338778953582614e-10,0
44,53.81073212087761,440.0666669209798,444.10000228881836,884.1666692097981,1.0,0,1,1.0,1.0,1.0,1,1,1,1,1,0,6,0,0.0,0.0,615.1107199138463,477.7240579181849,1,15,1,2024-08-03,44.00666669209798,44.41000022888184,88.41666692097982,1.893634383652612e-09,0
45,-52.110002136230456,370.76666768391925,374.8000030517578,745.566670735677,1.0,0,1,1.0,1.0,1.0,1,1,1,1,1,0,6,0,0.0,0.0,509.0900100708008,590.0656295776367,1,15,1,2024-08-03,37.076666768391924,37.480000305175786,74.55666707356771,2.0466028771841316e-09,0
46,-50.74000091552735,315.4000015258789,315.4000015258789,630.8000030517578,1.0,0,1,1.0,1.0,1.0,1,1,1,1,1,0,1,5,0.0,0.0,482.9600112915039,565.3136093139649,1,15,1,2024-08-03,31.540000152587893,31.540000152587893,63.08000030517579,0.004385966302120777,0
47,64.7211436254023,344.50000381469727,310.8654002103277,655.365404025025,1.0,0,1,1.0,1.0,1.0,1,1,1,1,1,0,6,0,0.0,0.0,598.4211558324336,450.1072255152227,1,15,1,2024-08-03,34.45000038146973,31.086540021032775,65.5365404025025,3.0585693028669413e-09,0
0,0.0,0.0,0.0,0.0,1.0,0,1,1.0,1.0,1.0,1,1,1,1,1,0,0,6,0.0,0.0,107.10000610351562,107.10000610351562,0,15,2,2024-08-03,0.0,0.0,0.0,0.0,0
1,0.0,0.0,0.0,0.0,1.0,0,1,1.0,1.0,1.0,1,1,1,1,1,0,0,6,0.0,0.0,107.10000610351562,107.10000610351562,0,15,2,2024-08-03,0.0,0.0,0.0,0.0,0
2,0.0,0.0,0.0,0.0,1.0,0,1,1.0,1.0,1.0,1,1,1,1,1,0,0,6,0.0,0.0,107.10000610351562,107.10000610351562,0,15,2,2024-08-03,0.0,0.0,0.0,0.0,0
3,0.0,0.0,0.0,0.0,1.0,0,1,1.0,1.0,1.0,1,1,1,1,1,0,0,6,0.0,0.0,107.10000610351562,107.10000610351562,0,15,2,2024-08-03,0.0,0.0,0.0,0.0,0
4,0.0,0.0,0.0,0.0,1.0,0,1,1.0,1.0,0.16666666666666666,1,1,0,1,1,0,0,6,0.0,0.0,107.10000610351562,107.10000610351562,0,15,2,2024-08-03,0.0,0.0,0.0,0.0,0
5,0.0,0.0,0.0,0.0,1.0,0,1,1.0,1.0,0.5,1,1,0,1,1,0,0,6,0.0,0.0,79.60000610351562,79.60000610351562,0,15,2,2024-08-03,0.0,0.0,0.0,0.0,0
6,0.0,0.0,0.0,0.0,1.0,0,1,1.0,1.0,0.3333333333333333,1,1,0,1,1,0,0,6,0.0,0.0,79.60000610351562,79.60000610351562,0,15,2,2024-08-03,0.0,0.0,0.0,0.0,0
7,0.0,0.0,0.0,0.0,1.0,0,1,1.0,1.0,0.0,1,1,0,1,1,0,0,6,0.0,0.0,79.60000610351562,79.60000610351562,0,15,2,2024-08-03,0.0,0.0,0.0,0.0,0
8,0.0,0.0,0.0,0.0,1.0,0,1,1.0,1.0,0.0,1,1,0,1,1,0,0,6,0.0,0.0,60.400001525878906,60.400001525878906,0,15,2,2024-08-03,0.0,0.0,0.0,0.0,0
9,0.0,0.0,0.0,0.0,1.0,0,1,1.0,1.0,0.16666666666666666,1,1,0,1,1,0,0,6,0.0,0.0,30.200000762939453,30.200000762939453,0,15,2,2024-08-03,0.0,0.0,0.0,0.0,0
10,0.0,0.0,0.0,0.0,1.0,0,1,1.0,1.0,1.0,1,1,1,1,1,0,0,6,0.0,0.0,30.200000762939453,30.200000762939453,0,15,2,2024-08-03,0.0,0.0,0.0,0.0,0
11,0.0,0.0,0.0,0.0,1.0,0,1,1.0,1.0,1.0,1,1,1,1,1,0,0,6,0.0,0.0,30.200000762939453,30.200000762939453,0,15,2,2024-08-03,0.0,0.0,0.0,0.0,0
12,0.0,0.0,0.0,0.0,1.0,0,1,1.0,1.0,1.0,1,1,1,1,1,0,0,6,0.0,0.0,57.70000076293945,57.70000076293945,0,15,2,2024-08-03,0.0,0.0,0.0,0.0,0
13,0.0,0.0,0.0,0.0,1.0,0,1,1.0,1.0,1.0,1,1,1,1,1,0,0,6,0.0,0.0,57.70000076293945,57.70000076293945,0,15,2,2024-08-03,0.0,0.0,0.0,0.0,0
14,0.0,0.0,0.0,0.0,1.0,0,1,1.0,1.0,1.0,1,1,1,1,1,0,0,6,0.0,0.0,127.4000015258789,142.89999389648438,0,15,2,2024-08-03,0.0,0.0,0.0,0.0,0
15,0.0,0.0,0.0,0.0,1.0,0,1,1.0,1.0,1.0,1,1,1,1,1,0,0,6,0.0,0.0,146.60000610351562,162.10000610351562,0,15,2,2024-08-03,0.0,0.0,0.0,0.0,0
16,0.0,0.0,0.0,0.0,1.0,0,1,1.0,1.0,0.8333333333333334,1,1,0,1,1,0,0,6,0.0,0.0,201.60000610351562,217.10000610351562,0,15,2,2024-08-03,0.0,0.0,0.0,0.0,0
17,0.0,0.0,0.0,0.0,1.0,0,1,1.0,1.0,0.0,1,1,0,1,1,0,0,6,0.0,0.0,290.1000061035156,305.6000061035156,0,15,2,2024-08-03,0.0,0.0,0.0,0.0,0
18,0.0,0.0,0.0,0.0,1.0,0,1,1.0,1.0,0.0,1,1,0,1,1,0,0,6,0.0,0.0,412.4999694824219,429.1999816894531,0,15,2,2024-08-03,0.0,0.0,0.0,0.0,0
19,-32.11000022888189,286.10000228881836,289.60000228881836,575.7000045776367,1.0,0,1,1.0,1.0,1.0,1,1,1,1,1,0,0,6,0.0,0.0,514.4007419586181,646.5100246429444,1,15,2,2024-08-03,28.610000228881837,28.96000022888184,57.570000457763676,6.626188507385698e-10,0
20,-290.28538423672273,0.0,355.60000228881836,355.60000228881836,1.0,0,1,1.0,1.0,1.0,1,1,1,1,1,0,6,0,0.0,0.0,167.94184964999602,954.1854086507852,1,15,2,2024-08-03,0.0,35.56000022888184,35.56000022888184,4.039278899587721e-08,0
21,-99.44500198364253,0.0,369.3000030517578,369.3000030517578,1.0,0,1,1.0,1.0,1.0,1,1,1,1,1,0,6,0,0.0,0.0,355.55035934448244,824.845026397705,1,15,2,2024-08-03,0.0,36.93000030517578,36.93000030517578,6.197720794210615e-09,0
22,43.1366633097336,489.7333386739095,492.9000053405762,982.6333440144856,1.0,0,1,1.0,1.0,1.0,1,1,1,1,1,6,0,0,0.007899436687980314,0.0,485.8647211710617,717.9633122762039,1,15,2,2024-08-03,48.97333386739095,49.29000053405762,98.26333440144856,1.8116549722342246e-09,0
23,0.0,0.0,0.0,0.0,1.0,0,1,1.0,1.0,0.0,1,1,0,1,1,0,0,6,0.0,0.0,545.0847778320312,855.2999877929688,0,15,2,2024-08-03,0.0,0.0,0.0,0.0,0
24,-3.7428079223633195,605.0760040283203,634.2000045776367,1239.276008605957,1.0,0,1,1.0,1.0,1.0,1,1,1,1,1,0,0,6,0.0,0.0,642.9608663940429,971.9428201293946,1,15,2,2024-08-03,60.50760040283203,63.42000045776368,123.9276008605957,4.617252075565009e-11,0
25,5.12615369628758,623.2000045776367,0.0,623.2000045776367,1.0,0,1,1.0,1.0,1.0,1,1,1,1,1,0,0,6,0.0,0.0,723.2965028173813,1084.97382188965,1,15,2,2024-08-03,62.320000457763676,0.0,62.320000457763676,3.645729861504272e-10,0
26,46.339004799836175,0.0,700.7000045776367,700.7000045776367,1.0,0,1,1.0,1.0,1.0,1,1,1,1,1,0,1,5,0.0,0.0,775.7447054834299,1054.7609707861013,1,15,2,2024-08-03,0.0,70.07000045776367,70.07000045776367,0.049707601303342924,0
27,58.2400005340574,686.8000049591064,692.4000053405762,1379.2000102996826,1.0,0,1,1.0,1.0,1.0,1,1,1,1,1,0,6,0,0.0,0.0,823.3772686004636,1089.0599262237552,1,15,2,2024-08-03,68.68000049591065,69.24000053405761,137.92000102996826,8.297631867359297e-10,0
28,346.37964976539064,719.9000053405762,0.0,719.9000053405762,1.0,0,1,1.0,1.0,1.0,1,1,1,1,1,6,0,0,0.0,0.0,1100.318675644297,770.7203258205468,1,15,2,2024-08-03,71.99000053405761,0.0,71.99000053405761,1.5409800744898207e-08,0
29,0.0,0.0,0.0,0.0,1.0,0,1,1.0,1.0,0.0,1,1,0,1,1,0,0,6,0.0,0.0,825.30859375,1048.5,0,15,2,2024-08-03,0.0,0.0,0.0,0.0,0
30,241.57592976355616,828.2000045776367,0.0,828.2000045776367,1.0,0,1,1.0,1.0,1.0,1,1,1,1,1,6,0,0,0.0,0.0,1066.8845235135561,804.2239969942564,1,15,2,2024-08-03,82.82000045776368,0.0,82.82000045776368,2.4501100575499462e-09,0
31,0.0,0.0,0.0,0.0,1.0,0,1,1.0,1.0,0.0,1,1,0,1,1,0,0,6,0.0,0.0,885.8255615234375,1051.7999267578125,0,15,2,2024-08-03,0.0,0.0,0.0,0.0,0
32,0.0,0.0,0.0,0.0,1.0,0,1,1.0,1.0,0.0,1,1,0,1,1,0,0,6,0.0,0.0,781.1392211914062,944.0999755859375,0,15,2,2024-08-03,0.0,0.0,0.0,0.0,0
33,133.65500144958494,689.7000045776367,689.7000045776367,1379.4000091552734,1.0,0,1,1.0,1.0,1.0,1,1,1,1,1,6,0,0,0.0,0.0,849.4570644378662,772.0450107574463,1,15,2,2024-08-03,68.97000045776367,68.97000045776367,137.94000091552735,1.935833007946494e-09,0
34,146.4700004577637,689.7000045776367,689.7000045776367,1379.4000091552734,1.0,0,1,1.0,1.0,1.0,1,1,1,1,1,0,3,3,0.0,0.0,917.91439743042,776.2300117492675,1,15,2,2024-08-03,68.97000045776367,68.97000045776367,137.94000091552735,0.055555556108650685,0
35,222.11984296897236,667.9157193868118,661.2001795651826,1329.1158989519945,1.0,0,1,1.0,1.0,1.0,1,1,1,1,1,0,0,6,0.0,0.0,1019.7308659181911,700.5801692380589,1,15,2,2024-08-03,66.79157193868119,66.12001795651825,132.91158989519946,3.308029715485766e-10,0
36,81.72000045776366,250.0,817.2000045776367,1067.2000045776367,1.0,0,1,1.0,1.0,1.0,1,1,1,1,1,0,2,4,0.0,0.0,934.9189140319825,873.9800117492675,1,15,2,2024-08-03,25.0,81.72000045776367,106.72000045776367,0.06717036612588688,0
37,54.43566728969144,826.3666714986166,831.5000038146973,1657.8666753133139,1.0,0,1,1.0,1.0,1.0,1,1,1,1,1,2,4,0,0.0,0.0,976.7212507857852,951.2643449173398,1,15,2,2024-08-03,82.63666714986167,83.15000038146974,165.7866675313314,0.010202231052345573,0
38,111.54000129699709,813.4000053405762,813.4000053405762,1626.8000106811523,1.0,0,1,1.0,1.0,1.0,1,1,1,1,1,0,3,3,0.0,0.0,986.9207996368408,834.104041671753,1,15,2,2024-08-03,81.34000053405762,81.34000053405762,162.68000106811525,0.11257310297370625,0
39,790.7900058746338,708.9000053405762,0.0,708.9000053405762,1.0,0,1,1.0,1.0,1.0,1,1,1,1,1,6,0,0,0.0,0.0,1659.152615737915,61.881563949584915,1,15,2,2024-08-03,70.89000053405762,0.0,70.89000053405762,3.9282395083575415e-08,0
40,227.73314407336073,631.4986722310384,0.0,631.4986722310384,1.0,0,1,1.0,1.0,1.0,1,1,1,1,1,6,0,0,0.0,0.0,1050.7699482725795,532.4339091492955,1,15,2,2024-08-03,63.14986722310385,0.0,63.14986722310385,7.973531881608935e-09,0
41,576.3009366099064,621.990672047933,0.0,621.990672047933,1.0,0,1,1.0,1.0,1.0,1,1,1,1,1,0,6,0,0.0,0.0,1289.0009488169376,0.0,1,15,2,2024-08-03,62.1990672047933,0.0,62.1990672047933,4.460768232260224e-08,0
42,79.30032700540058,583.3666714986166,588.5000038146973,1171.8666753133139,1.0,0,1,1.0,1.0,1.0,1,1,1,1,1,6,0,0,0.0,0.3267681837818307,731.0003392124319,396.1969264125682,1,15,2,2024-08-03,58.33666714986166,58.85000038146973,117.1866675313314,3.0029631565297525e-09,0
43,51.98000030517579,519.8000030517578,519.8000030517578,1039.6000061035156,1.0,0,1,1.0,1.0,1.0,1,1,1,1,1,0,0,6,0.0,0.28142121793023367,653.680012512207,373.51725311279296,1,15,2,2024-08-03,51.980000305175786,51.980000305175786,103.96000061035157,7.338778953582614e-10,0
44,53.81073212087761,440.0666669209798,444.10000228881836,884.1666692097981,1.0,0,1,1.0,1.0,1.0,1,1,1,1,1,0,6,0,0.0,0.014441524338376944,721.5107443279088,437.68652129709113,1,15,2,2024-08-03,44.00666669209798,44.41000022888184,88.41666692097982,1.893634383652612e-09,0
45,-52.110002136230456,370.76666768391925,374.8000030517578,745.566670735677,1.0,0,1,1.0,1.0,1.0,1,1,1,1,1,0,6,0,0.0,0.0,532.5900100708008,520.4939743041992,1,15,2,2024-08-03,37.076666768391924,37.480000305175786,74.55666707356771,2.0466028771841316e-09,0
46,-50.74000091552735,315.4000015258789,315.4000015258789,630.8000030517578,1.0,0,1,1.0,1.0,1.0,1,1,1,1,1,0,1,5,0.0,0.0,483.9600112915039,494.60816497802733,1,15,2,2024-08-03,31.540000152587893,31.540000152587893,63.08000030517579,0.004385966302120777,0
47,64.7211436254023,344.50000381469727,310.8654002103277,655.365404025025,1.0,0,1,1.0,1.0,1.0,1,1,1,1,1,0,6,0,0.0,0.0,536.2211436254023,320.84691057381644,1,15,2,2024-08-03,34.45000038146973,31.086540021032775,65.5365404025025,3.0585693028669413e-09,0
0,0.0,0.0,0.0,0.0,1.0,0,1,1.0,1.0,1.0,1,1,1,1,1,0,0,6,0.0,0.0,151.1999969482422,166.0,0,16,0,2024-08-03,0.0,0.0,0.0,0.0,0
1,0.0,0.0,0.0,0.0,1.0,0,1,1.0,1.0,1.0,1,1,1,1,1,0,0,6,0.0,0.0,151.1999969482422,166.0,0,16,0,2024-08-03,0.0,0.0,0.0,0.0,0
2,0.0,0.0,0.0,0.0,1.0,0,1,1.0,1.0,0.16666666666666666,1,1,0,1,1,0,0,6,0.0,0.0,109.19999694824219,116.0,0,16,0,2024-08-03,0.0,0.0,0.0,0.0,0
3,0.0,0.0,0.0,0.0,1.0,0,1,1.0,1.0,1.0,1,1,1,1,1,0,0,6,0.0,0.0,109.19999694824219,116.0,0,16,0,2024-08-03,0.0,0.0,0.0,0.0,0
4,0.0,0.0,0.0,0.0,1.0,0,1,1.0,1.0,1.0,1,1,1,1,1,0,0,6,0.0,0.0,109.19999694824219,116.0,0,16,0,2024-08-03,0.0,0.0,0.0,0.0,0
5,0.0,0.0,0.0,0.0,1.0,0,1,1.0,1.0,1.0,1,1,1,1,1,0,0,6,0.0,0.0,159.1999969482422,150.5,0,16,0,2024-08-03,0.0,0.0,0.0,0.0,0
6,0.0,0.0,0.0,0.0,1.0,0,1,1.0,1.0,1.0,1,1,1,1,1,0,0,6,0.0,0.0,159.1999969482422,150.5,0,16,0,2024-08-03,0.0,0.0,0.0,0.0,0
7,0.0,0.0,0.0,0.0,1.0,0,1,1.0,1.0,1.0,1,1,1,1,1,0,0,6,0.0,0.0,209.1999969482422,200.5,0,16,0,2024-08-03,0.0,0.0,0.0,0.0,0
8,0.0,0.0,0.0,0.0,1.0,0,1,1.0,1.0,1.0,1,1,1,1,1,0,0,6,0.0,0.0,209.1999969482422,200.5,0,16,0,2024-08-03,0.0,0.0,0.0,0.0,0
9,0.0,0.0,0.0,0.0,1.0,0,1,1.0,1.0,0.6666666666666666,1,1,0,1,1,0,0,6,0.0,0.0,220.1999969482422,211.5,0,16,0,2024-08-03,0.0,0.0,0.0,0.0,0
10,0.0,0.0,0.0,0.0,1.0,0,1,1.0,1.0,0.5,1,1,0,1,1,0,0,6,0.0,0.0,170.1999969482422,161.5,0,16,0,2024-08-03,0.0,0.0,0.0,0.0,0
11,0.0,0.0,0.0,0.0,1.0,0,1,1.0,1.0,0.0,1,1,0,1,1,0,0,6,0.0,0.0,170.1999969482422,161.5,0,16,0,2024-08-03,0.0,0.0,0.0,0.0,0
12,0.0,0.0,0.0,0.0,1.0,0,1,1.0,1.0,0.0,1,1,0,1,1,0,0,6,0.0,0.0,142.6999969482422,134.0,0,16,0,2024-08-03,0.0,0.0,0.0,0.0,0
13,0.0,0.0,0.0,0.0,1.0,0,1,1.0,1.0,0.0,1,1,0,1,1,0,0,6,0.0,0.0,142.6999969482422,134.0,0,16,0,2024-08-03,0.0,0.0,0.0,0.0,0
14,0.0,0.0,0.0,0.0,1.0,0,1,1.0,1.0,0.0,1,1,0,1,1,0,0,6,0.0,0.0,142.6999969482422,134.0,0,16,0,2024-08-03,0.0,0.0,0.0,0.0,0
15,0.0,0.0,0.0,0.0,1.0,0,1,1.0,1.0,0.0,1,1,0,1,1,0,0,6,0.0,0.0,153.89999389648438,149.89999389648438,0,16,0,2024-08-03,0.0,0.0,0.0,0.0,0
16,0.0,0.0,0.0,0.0,1.0,0,1,1.0,1.0,0.16666666666666666,1,1,0,1,1,0,0,6,0.0,0.0,214.89999389648438,210.89999389648438,0,16,0,2024-08-03,0.0,0.0,0.0,0.0,0
17,0.0,0.0,0.0,0.0,1.0,0,1,1.0,1.0,0.5,1,1,0,1,1,0,0,6,0.0,0.0,273.0999755859375,287.79998779296875,0,16,0,2024-08-03,0.0,0.0,0.0,0.0,0
18,0.0,0.0,0.0,0.0,1.0,0,1,1.0,1.0,0.0,1,1,0,1,1,0,0,6,0.0,0.0,377.5,392.20001220703125,0,16,0,2024-08-03,0.0,0.0,0.0,0.0,0
19,-32.11000022888189,286.10000228881836,289.60000228881836,575.7000045776367,1.0,0,1,1.0,1.0,1.0,1,1,1,1,1,0,0,6,0.0,0.0,411.88999977111814,483.51002464294436,1,16,0,2024-08-03,28.610000228881837,28.96000022888184,57.570000457763676,6.626188507385698e-10,0
20,-290.28538423672273,0.0,355.60000228881836,355.60000228881836,1.0,0,1,1.0,1.0,1.0,1,1,1,1,1,0,6,0,0.0,0.0,245.97145170077727,877.3539877523477,1,16,0,2024-08-03,0.0,35.56000022888184,35.56000022888184,4.039278899587721e-08,0
21,-99.44500198364253,0.0,369.3000030517578,369.3000030517578,1.0,0,1,1.0,1.0,1.0,1,1,1,1,1,0,6,0,0.0,0.0,417.8371635437012,749.9450019836426,1,16,0,2024-08-03,0.0,36.93000030517578,36.93000030517578,6.197720794210615e-09,0
22,43.1366633097336,489.7333386739095,492.9000053405762,982.6333440144856,1.0,0,1,1.0,1.0,1.0,1,1,1,1,1,6,0,0,0.0,0.0,566.2441462198899,662.3633366902664,1,16,0,2024-08-03,48.97333386739095,49.29000053405762,98.26333440144856,1.8116549722342246e-09,0
23,0.0,0.0,0.0,0.0,1.0,0,1,1.0,1.0,0.0,1,1,0,1,1,0,0,6,0.0,0.0,595.3087158203125,833.0,0,16,0,2024-08-03,0.0,0.0,0.0,0.0,0
24,-3.7428079223633195,605.0760040283203,634.2000045776367,1239.276008605957,1.0,0,1,1.0,1.0,1.0,1,1,1,1,1,1,0,5,0.02497218798252233,0.0,589.9659323120117,844.9428201293946,1,16,0,2024-08-03,60.50760040283203,63.42000045776368,123.9276008605957,0.0031298050158325157,0
25,5.12615369628758,623.2000045776367,0.0,623.2000045776367,1.0,0,1,1.0,1.0,1.0,1,1,1,1,1,1,0,5,0.0,0.0,727.5523621923813,982.7738707177749,1,16,0,2024-08-03,62.320000457763676,0.0,62.320000457763676,0.012820513410704915,0
26,46.339004799836175,0.0,700.7000045776367,700.7000045776367,1.0,0,1,1.0,1.0,1.0,1,1,1,1,1,0,0,6,0.0,0.0,843.7488558740549,1026.7609707861013,1,16,0,2024-08-03,0.0,70.07000045776367,70.07000045776367,4.0421665591849987e-10,0
27,58.2400005340574,686.8000049591064,692.4000053405762,1379.2000102996826,1.0,0,1,1.0,1.0,1.0,1,1,1,1,1,1,5,0,0.0,0.0,847.4584453582761,998.2599994659427,1,16,0,2024-08-03,68.68000049591065,69.24000053405761,137.92000102996826,0.00957634362565183,0
28,346.37964976539064,719.9000053405762,0.0,719.9000053405762,1.0,0,1,1.0,1.0,1.0,1,1,1,1,1,6,0,0,0.0,0.0,1244.1784168552344,822.8201793361718,1,16,0,2024-08-03,71.99000053405761,0.0,71.99000053405761,1.5409800744898207e-08,0
29,0.0,0.0,0.0,0.0,1.0,0,1,1.0,1.0,0.0,1,1,0,1,1,0,0,6,0.0,0.0,1012.5465087890625,1169.7999267578125,0,16,0,2024-08-03,0.0,0.0,0.0,0.0,0
30,241.57592976355616,828.2000045776367,0.0,828.2000045776367,1.0,0,1,1.0,1.0,1.0,1,1,1,1,1,6,0,0,0.0,0.0,1226.1217061307436,891.9051493380064,1,16,0,2024-08-03,82.82000045776368,0.0,82.82000045776368,2.4501100575499462e-09,0
31,0.0,0.0,0.0,0.0,1.0,0,1,1.0,1.0,0.0,1,1,0,1,1,0,0,6,0.0,0.0,1046.9412841796875,1164.2998046875,0,16,0,2024-08-03,0.0,0.0,0.0,0.0,0
32,0.0,0.0,0.0,0.0,1.0,0,1,1.0,1.0,0.0,1,1,0,1,1,0,0,6,0.0,0.0,1062.7142333984375,1156.099853515625,0,16,0,2024-08-03,0.0,0.0,0.0,0.0,0
33,133.65500144958494,689.7000045776367,689.7000045776367,1379.4000091552734,1.0,0,1,1.0,1.0,1.0,1,1,1,1,1,6,0,0,0.0,0.0,1200.40915184021,1018.5448276519776,1,16,0,2024-08-03,68.97000045776367,68.97000045776367,137.94000091552735,0.12019230670311828,0
34,146.4700004577637,689.7000045776367,689.7000045776367,1379.4000091552734,1.0,0,1,1.0,1.0,1.0,1,1,1,1,1,1,0,5,0.0,0.0,1186.2720024108887,1008.9299018859863,1,16,0,2024-08-03,68.97000045776367,68.97000045776367,137.94000091552735,0.04006410380147567,0
35,222.11984296897236,667.9157193868118,661.2001795651826,1329.1158989519945,1.0,0,1,1.0,1.0,1.0,1,1,1,1,1,0,0,6,0.0,0.0,1040.6734318361598,770.7801814450902,1,16,0,2024-08-03,66.79157193868119,66.12001795651825,132.91158989519946,3.308029715485766e-10,0
36,81.72000045776366,250.0,817.2000045776367,1067.2000045776367,1.0,0,1,1.0,1.0,1.0,1,1,1,1,1,0,0,6,0.0,0.0,857.191985321045,858.4800117492675,1,16,0,2024-08-03,25.0,81.72000045776367,106.72000045776367,7.148982957469444e-10,0
37,54.43566728969144,826.3666714986166,831.5000038146973,1657.8666753133139,1.0,0,1,1.0,1.0,1.0,1,1,1,1,1,0,6,0,0.0032680365595866663,0.0,823.6660750045352,885.7643449173398,1,16,0,2024-08-03,82.63666714986167,83.15000038146974,165.7866675313314,9.986454804368614e-10,0
38,111.54000129699709,813.4000053405762,813.4000053405762,1626.8000106811523,1.0,0,1,1.0,1.0,1.0,1,1,1,1,1,3,0,3,0.03023343550615799,0.0,788.8081287384033,839.5599742889405,1,16,0,2024-08-03,81.34000053405762,81.34000053405762,162.68000106811525,0.08173077108114257,0
39,790.7900058746338,708.9000053405762,0.0,708.9000053405762,1.0,0,1,1.0,1.0,1.0,1,1,1,1,1,6,0,0,0.0,0.0,1459.4467441558838,21.210055160522415,1,16,0,2024-08-03,70.89000053405762,0.0,70.89000053405762,3.9282395083575415e-08,0
40,227.73314407336073,631.4986722310384,0.0,631.4986722310384,1.0,0,1,1.0,1.0,1.0,1,1,1,1,1,6,0,0,0.0,0.0,1044.970753936642,604.0669047547642,1,16,0,2024-08-03,63.14986722310385,0.0,63.14986722310385,7.973531881608935e-09,0
41,576.3009366099064,621.990672047933,0.0,621.990672047933,1.0,0,1,1.0,1.0,1.0,1,1,1,1,1,0,6,0,0.0,0.0,1436.5243863169376,295.3990755971248,1,16,0,2024-08-03,62.1990672047933,0.0,62.1990672047933,4.460768232260224e-08,0
42,79.30032700540058,583.3666714986166,588.5000038146973,1171.8666753133139,1.0,0,1,1.0,1.0,1.0,1,1,1,1,1,6,0,0,0.0,0.0,909.7658421421194,750.7356837367869,1,16,0,2024-08-03,58.33666714986166,58.85000038146973,117.1866675313314,3.0029631565297525e-09,0
43,51.98000030517579,519.8000030517578,519.8000030517578,1039.6000061035156,1.0,0,1,1.0,1.0,1.0,1,1,1,1,1,0,0,6,0.0,0.0,785.6950271606445,696.4200241088868,1,16,0,2024-08-03,51.980000305175786,51.980000305175786,103.96000061035157,7.338778953582614e-10,0
44,53.81073212087761,440.0666669209798,444.10000228881836,884.1666692097981,1.0,0,1,1.0,1.0,1.0,1,1,1,1,1,0,6,0,0.0,0.0,609.6468527263463,517.5892922931849,1,16,0,2024-08-03,44.00666669209798,44.41000022888184,88.41666692097982,1.893634383652612e-09,0
45,-52.110002136230456,370.76666768391925,374.8000030517578,745.566670735677,1.0,0,1,1.0,1.0,1.0,1,1,1,1,1,0,6,0,0.0,0.0,435.06504669189457,557.6100021362305,1,16,0,2024-08-03,37.076666768391924,37.480000305175786,74.55666707356771,2.0466028771841316e-09,0
46,-50.74000091552735,315.4000015258789,315.4000015258789,630.8000030517578,1.0,0,1,1.0,1.0,1.0,1,1,1,1,1,0,0,6,0.0,0.0,335.2791946411133,471.14002532958983,1,16,0,2024-08-03,31.540000152587893,31.540000152587893,63.08000030517579,1.2094791480529353e-09,0
47,64.7211436254023,344.50000381469727,310.8654002103277,655.365404025025,1.0,0,1,1.0,1.0,1.0,1,1,1,1,1,0,6,0,0.0,0.0,438.89353742423043,319.87889299569144,1,16,0,2024-08-03,34.45000038146973,31.086540021032775,65.5365404025025,3.0585693028669413e-09,0
0,0.0,0.0,0.0,0.0,1.0,0,1,1.0,1.0,0.5,1,1,0,1,1,0,0,6,0.0,0.0,249.0,295.20001220703125,0,16,1,2024-08-03,0.0,0.0,0.0,0.0,0
1,0.0,0.0,0.0,0.0,1.0,0,1,1.0,1.0,0.0,1,1,0,1,1,0,0,6,0.0,0.0,249.0,295.20001220703125,0,16,1,2024-08-03,0.0,0.0,0.0,0.0,0
2,0.0,0.0,0.0,0.0,1.0,0,1,1.0,1.0,0.0,1,1,0,1,1,0,0,6,0.0,0.0,198.70001220703125,240.1999969482422,0,16,1,2024-08-03,0.0,0.0,0.0,0.0,0
3,0.0,0.0,0.0,0.0,1.0,0,1,1.0,1.0,1.0,1,1,1,1,1,0,0,6,0.0,0.0,148.70001220703125,190.1999969482422,0,16,1,2024-08-03,0.0,0.0,0.0,0.0,0
4,0.0,0.0,0.0,0.0,1.0,0,1,1.0,1.0,1.0,1,1,1,1,1,0,0,6,0.0,0.0,148.70001220703125,190.1999969482422,0,16,1,2024-08-03,0.0,0.0,0.0,0.0,0
5,0.0,0.0,0.0,0.0,1.0,0,1,1.0,1.0,1.0,1,1,1,1,1,0,0,6,0.0,0.0,148.70001220703125,190.1999969482422,0,16,1,2024-08-03,0.0,0.0,0.0,0.0,0
6,0.0,0.0,0.0,0.0,1.0,0,1,1.0,1.0,1.0,1,1,1,1,1,0,0,6,0.0,0.0,148.70001220703125,190.1999969482422,0,16,1,2024-08-03,0.0,0.0,0.0,0.0,0
7,0.0,0.0,0.0,0.0,1.0,0,1,1.0,1.0,1.0,1,1,1,1,1,0,0,6,0.0,0.0,148.70001220703125,190.1999969482422,0,16,1,2024-08-03,0.0,0.0,0.0,0.0,0
8,0.0,0.0,0.0,0.0,1.0,0,1,1.0,1.0,1.0,1,1,1,1,1,0,0,6,0.0,0.0,148.70001220703125,190.1999969482422,0,16,1,2024-08-03,0.0,0.0,0.0,0.0,0
9,0.0,0.0,0.0,0.0,1.0,0,1,1.0,1.0,1.0,1,1,1,1,1,0,0,6,0.0,0.0,148.70001220703125,190.1999969482422,0,16,1,2024-08-03,0.0,0.0,0.0,0.0,0
10,0.0,0.0,0.0,0.0,1.0,0,1,1.0,1.0,1.0,1,1,1,1,1,0,0,6,0.0,0.0,148.70001220703125,190.1999969482422,0,16,1,2024-08-03,0.0,0.0,0.0,0.0,0
11,0.0,0.0,0.0,0.0,1.0,0,1,1.0,1.0,1.0,1,1,1,1,1,0,0,6,0.0,0.0,148.70001220703125,190.1999969482422,0,16,1,2024-08-03,0.0,0.0,0.0,0.0,0
12,0.0,0.0,0.0,0.0,1.0,0,1,1.0,1.0,1.0,1,1,1,1,1,0,0,6,0.0,0.0,176.20001220703125,217.6999969482422,0,16,1,2024-08-03,0.0,0.0,0.0,0.0,0
13,0.0,0.0,0.0,0.0,1.0,0,1,1.0,1.0,1.0,1,1,1,1,1,0,0,6,0.0,0.0,176.20001220703125,217.6999969482422,0,16,1,2024-08-03,0.0,0.0,0.0,0.0,0
14,0.0,0.0,0.0,0.0,1.0,0,1,1.0,1.0,1.0,1,1,1,1,1,0,0,6,0.0,0.0,277.8999938964844,319.4000244140625,0,16,1,2024-08-03,0.0,0.0,0.0,0.0,0
15,0.0,0.0,0.0,0.0,1.0,0,1,1.0,1.0,0.3333333333333333,1,1,0,1,1,0,0,6,0.0,0.0,297.1000061035156,338.6000061035156,0,16,1,2024-08-03,0.0,0.0,0.0,0.0,0
16,0.0,0.0,0.0,0.0,1.0,0,1,1.0,1.0,0.0,1,1,0,1,1,0,0,6,0.0,0.0,362.5,427.0,0,16,1,2024-08-03,0.0,0.0,0.0,0.0,0
17,0.0,0.0,0.0,0.0,1.0,0,1,1.0,1.0,0.0,1,1,0,1,1,0,0,6,0.0,0.0,549.4000244140625,611.6000366210938,0,16,1,2024-08-03,0.0,0.0,0.0,0.0,0
18,0.0,0.0,0.0,0.0,1.0,0,1,1.0,1.0,0.0,1,1,0,1,1,0,0,6,0.0,0.0,634.1000366210938,682.6000366210938,0,16,1,2024-08-03,0.0,0.0,0.0,0.0,0
19,-32.11000022888189,286.10000228881836,289.60000228881836,575.7000045776367,1.0,0,1,1.0,1.0,1.0,1,1,1,1,1,0,0,6,0.0,0.0,701.4899753570556,860.9099880218506,1,16,1,2024-08-03,28.610000228881837,28.96000022888184,57.570000457763676,6.626188507385698e-10,0
20,-290.28538423672273,0.0,355.60000228881836,355.60000228881836,1.0,0,1,1.0,1.0,1.0,1,1,1,1,1,0,6,0,0.0,0.0,342.6048135171835,1080.5854330648476,1,16,1,2024-08-03,0.0,35.56000022888184,35.56000022888184,4.039278899587721e-08,0
21,-99.44500198364253,0.0,369.3000030517578,369.3000030517578,1.0,0,1,1.0,1.0,1.0,1,1,1,1,1,0,6,0,0.0,0.0,448.12408981323244,898.04497756958,1,16,1,2024-08-03,0.0,36.93000030517578,36.93000030517578,6.197720794210615e-09,0
22,43.1366633097336,489.7333386739095,492.9000053405762,982.6333440144856,1.0,0,1,1.0,1.0,1.0,1,1,1,1,1,6,0,0,0.0,0.0,556.6828058878586,727.9633122762039,1,16,1,2024-08-03,48.97333386739095,49.29000053405762,98.26333440144856,1.8116549722342246e-09,0
23,0.0,0.0,0.0,0.0,1.0,0,1,1.0,1.0,0.0,1,1,0,1,1,0,0,6,0.0,0.0,529.7294921875,790.300048828125,0,16,1,2024-08-03,0.0,0.0,0.0,0.0,0
24,-3.7428079223633195,605.0760040283203,634.2000045776367,1239.276008605957,1.0,0,1,1.0,1.0,1.0,1,1,1,1,1,1,0,5,0.0,0.0,645.2627462768554,931.9428201293946,1,16,1,2024-08-03,60.50760040283203,63.42000045776368,123.9276008605957,0.0031298050158325157,0
25,5.12615369628758,623.2000045776367,0.0,623.2000045776367,1.0,0,1,1.0,1.0,1.0,1,1,1,1,1,1,0,5,0.0,0.0,677.6845643408188,958.8737852685562,1,16,1,2024-08-03,62.320000457763676,0.0,62.320000457763676,0.012820513410704915,0
26,46.339004799836175,0.0,700.7000045776367,700.7000045776367,1.0,0,1,1.0,1.0,1.0,1,1,1,1,1,0,0,6,0.0,0.0,797.0191805810862,991.8610684423513,1,16,1,2024-08-03,0.0,70.07000045776367,70.07000045776367,4.0421665591849987e-10,0
27,58.2400005340574,686.8000049591064,692.4000053405762,1379.2000102996826,1.0,0,1,1.0,1.0,1.0,1,1,1,1,1,1,5,0,0.0,0.0,869.3417461395261,1045.9600727081302,1,16,1,2024-08-03,68.68000049591065,69.24000053405761,137.92000102996826,0.00957634362565183,0
28,346.37964976539064,719.9000053405762,0.0,719.9000053405762,1.0,0,1,1.0,1.0,1.0,1,1,1,1,1,6,0,0,0.0,0.0,1230.280589706797,784.3105357814843,1,16,1,2024-08-03,71.99000053405761,0.0,71.99000053405761,1.5409800744898207e-08,0
29,0.0,0.0,0.0,0.0,1.0,0,1,1.0,1.0,0.0,1,1,0,1,1,0,0,6,0.0,0.0,997.6826782226562,1161.4327392578125,0,16,1,2024-08-03,0.0,0.0,0.0,0.0,0
30,241.57592976355616,828.2000045776367,0.0,828.2000045776367,1.0,0,1,1.0,1.0,1.0,1,1,1,1,1,6,0,0,0.0,0.0,1285.1998311307436,938.5234354708189,1,16,1,2024-08-03,82.82000045776368,0.0,82.82000045776368,2.4501100575499462e-09,0
31,0.0,0.0,0.0,0.0,1.0,0,1,1.0,1.0,0.0,1,1,0,1,1,0,0,6,0.0,0.0,1151.2882080078125,1276.0269775390625,0,16,1,2024-08-03,0.0,0.0,0.0,0.0,0
32,0.0,0.0,0.0,0.0,1.0,0,1,1.0,1.0,0.0,1,1,0,1,1,0,0,6,0.0,0.0,1181.3883056640625,1306.1270751953125,0,16,1,2024-08-03,0.0,0.0,0.0,0.0,0
33,133.65500144958494,689.7000045776367,689.7000045776367,1379.4000091552734,1.0,0,1,1.0,1.0,1.0,1,1,1,1,1,6,0,0,0.0,0.0,1249.214571762085,1134.9803745269776,1,16,1,2024-08-03,68.97000045776367,68.97000045776367,137.94000091552735,0.12019230670311828,0
34,146.4700004577637,689.7000045776367,689.7000045776367,1379.4000091552734,1.0,0,1,1.0,1.0,1.0,1,1,1,1,1,1,0,5,0.0,0.0,1097.1744682312012,1020.1619575500488,1,16,1,2024-08-03,68.97000045776367,68.97000045776367,137.94000091552735,0.04006410380147567,0
35,222.11984296897236,667.9157193868118,661.2001795651826,1329.1158989519945,1.0,0,1,1.0,1.0,1.0,1,1,1,1,1,0,0,6,0.0,0.0,1115.431549511941,896.2589412107152,1,16,1,2024-08-03,66.79157193868119,66.12001795651825,132.91158989519946,3.308029715485766e-10,0
36,81.72000045776366,250.0,817.2000045776367,1067.2000045776367,1.0,0,1,1.0,1.0,1.0,1,1,1,1,1,0,0,6,0.0,0.0,831.6307670593262,892.1800239562988,1,16,1,2024-08-03,25.0,81.72000045776367,106.72000045776367,7.148982957469444e-10,0
37,54.43566728969144,826.3666714986166,831.5000038146973,1657.8666753133139,1.0,0,1,1.0,1.0,1.0,1,1,1,1,1,0,6,0,0.18785549819197003,0.0,671.1291487350039,844.6643693314023,1,16,1,2024-08-03,82.63666714986167,83.15000038146974,165.7866675313314,9.986454804368614e-10,0
38,111.54000129699709,813.4000053405762,813.4000053405762,1626.8000106811523,0.6666666666666666,2,0,0.3333333333333333,1.0,1.0,0,0,1,0,1,3,0,3,0.28039784759717995,0.06557655479009453,585.3243946075439,760.0600353240967,1,16,1,2024-08-03,81.34000053405762,81.34000053405762,162.68000106811525,0.08173077108114257,1
39,790.7900058746338,708.9000053405762,0.0,708.9000053405762,1.0,0,1,1.0,1.0,1.0,1,1,1,1,1,6,0,0,0.0,0.0,1223.9425327301026,3.3100307464599155,1,16,1,2024-08-03,70.89000053405762,0.0,70.89000053405762,3.9282395083575415e-08,0
40,227.73314407336073,631.4986722310384,0.0,631.4986722310384,1.0,0,1,1.0,1.0,1.0,1,1,1,1,1,6,0,0,0.0,0.0,974.4505512999233,533.2668559266392,1,16,1,2024-08-03,63.14986722310385,0.0,63.14986722310385,7.973531881608935e-09,0
41,576.3009366099064,621.990672047933,0.0,621.990672047933,1.0,0,1,1.0,1.0,1.0,1,1,1,1,1,0,6,0,0.0,0.0,1213.6009854380313,40.277249425249806,1,16,1,2024-08-03,62.1990672047933,0.0,62.1990672047933,4.460768232260224e-08,0
42,79.30032700540058,583.3666714986166,588.5000038146973,1171.8666753133139,1.0,0,1,1.0,1.0,1.0,1,1,1,1,1,6,0,0,0.0,0.13678892348371197,666.6003758335256,507.99972182272444,1,16,1,2024-08-03,58.33666714986166,58.85000038146973,117.1866675313314,3.0029631565297525e-09,0
43,51.98000030517579,519.8000030517578,519.8000030517578,1039.6000061035156,1.0,0,1,1.0,1.0,1.0,1,1,1,1,1,0,0,6,0.0,0.0,647.480061340332,543.5200607299805,1,16,1,2024-08-03,51.980000305175786,51.980000305175786,103.96000061035157,7.338778953582614e-10,0
44,53.81073212087761,440.0666669209798,444.10000228881836,884.1666692097981,1.0,0,1,1.0,1.0,1.0,1,1,1,1,1,0,6,0,0.0,0.0,630.0107443279088,522.3892800861537,1,16,1,2024-08-03,44.00666669209798,44.41000022888184,88.41666692097982,1.893634383652612e-09,0
45,-52.110002136230456,370.76666768391925,374.8000030517578,745.566670735677,1.0,0,1,1.0,1.0,1.0,1,1,1,1,1,0,6,0,0.0,0.0,463.4813674926758,570.6100631713867,1,16,1,2024-08-03,37.076666768391924,37.480000305175786,74.55666707356771,2.0466028771841316e-09,0
46,-50.74000091552735,315.4000015258789,315.4000015258789,630.8000030517578,1.0,0,1,1.0,1.0,1.0,1,1,1,1,1,0,0,6,0.0,0.0,441.3446548461914,560.9400436401368,1,16,1,2024-08-03,31.540000152587893,31.540000152587893,63.08000030517579,1.2094791480529353e-09,0
47,64.7211436254023,344.50000381469727,310.8654002103277,655.365404025025,1.0,0,1,1.0,1.0,1.0,1,1,1,1,1,0,6,0,0.0,0.0,494.72117414298043,384.47889909920707,1,16,1,2024-08-03,34.45000038146973,31.086540021032775,65.5365404025025,3.0585693028669413e-09,0
0,0.0,0.0,0.0,0.0,1.0,0,1,1.0,1.0,0.6666666666666666,1,1,0,1,1,0,0,6,0.0,0.0,261.3999938964844,347.8999938964844,0,16,2,2024-08-03,0.0,0.0,0.0,0.0,0
1,0.0,0.0,0.0,0.0,1.0,0,1,1.0,1.0,0.0,1,1,0,1,1,0,0,6,0.0,0.0,338.8999938964844,399.3999938964844,0,16,2,2024-08-03,0.0,0.0,0.0,0.0,0
2,0.0,0.0,0.0,0.0,1.0,0,1,1.0,1.0,0.0,1,1,0,1,1,0,0,6,0.0,0.0,366.3999938964844,426.8999938964844,0,16,2,2024-08-03,0.0,0.0,0.0,0.0,0
3,0.0,0.0,0.0,0.0,1.0,0,1,1.0,1.0,0.5,1,1,0,1,1,0,0,6,0.0,0.0,338.8999938964844,399.3999938964844,0,16,2,2024-08-03,0.0,0.0,0.0,0.0,0
4,0.0,0.0,0.0,0.0,1.0,0,1,1.0,1.0,0.16666666666666666,1,1,0,1,1,0,0,6,0.0,0.0,332.20001220703125,376.8999938964844,0,16,2,2024-08-03,0.0,0.0,0.0,0.0,0
5,0.0,0.0,0.0,0.0,1.0,0,1,1.0,1.0,0.0,1,1,0,1,1,0,0,6,0.0,0.0,332.20001220703125,376.8999938964844,0,16,2,2024-08-03,0.0,0.0,0.0,0.0,0
6,0.0,0.0,0.0,0.0,1.0,0,1,1.0,1.0,0.0,1,1,0,1,1,0,0,6,0.0,0.0,321.20001220703125,365.8999938964844,0,16,2,2024-08-03,0.0,0.0,0.0,0.0,0
7,0.0,0.0,0.0,0.0,1.0,0,1,1.0,1.0,0.16666666666666666,1,1,0,1,1,0,0,6,0.0,0.0,293.79998779296875,338.5,0,16,2,2024-08-03,0.0,0.0,0.0,0.0,0
8,0.0,0.0,0.0,0.0,1.0,0,1,1.0,1.0,1.0,1,1,1,1,1,0,0,6,0.0,0.0,293.79998779296875,338.5,0,16,2,2024-08-03,0.0,0.0,0.0,0.0,0
9,0.0,0.0,0.0,0.0,1.0,0,1,1.0,1.0,1.0,1,1,1,1,1,0,0,6,0.0,0.0,293.79998779296875,338.5,0,16,2,2024-08-03,0.0,0.0,0.0,0.0,0
10,0.0,0.0,0.0,0.0,1.0,0,1,1.0,1.0,1.0,1,1,1,1,1,0,0,6,0.0,0.0,293.79998779296875,338.5,0,16,2,2024-08-03,0.0,0.0,0.0,0.0,0
11,0.0,0.0,0.0,0.0,1.0,0,1,1.0,1.0,1.0,1,1,1,1,1,0,0,6,0.0,0.0,304.79998779296875,349.5,0,16,2,2024-08-03,0.0,0.0,0.0,0.0,0
12,0.0,0.0,0.0,0.0,1.0,0,1,1.0,1.0,1.0,1,1,1,1,1,0,0,6,0.0,0.0,326.79998779296875,371.5,0,16,2,2024-08-03,0.0,0.0,0.0,0.0,0
13,0.0,0.0,0.0,0.0,1.0,0,1,1.0,1.0,1.0,1,1,1,1,1,0,0,6,0.0,0.0,409.29998779296875,454.0,0,16,2,2024-08-03,0.0,0.0,0.0,0.0,0
14,0.0,0.0,0.0,0.0,1.0,0,1,1.0,1.0,0.16666666666666666,1,1,0,1,1,0,0,6,0.0,0.0,409.29998779296875,454.0,0,16,2,2024-08-03,0.0,0.0,0.0,0.0,0
15,0.0,0.0,0.0,0.0,1.0,0,1,1.0,1.0,0.0,1,1,0,1,1,0,0,6,0.0,0.0,406.0,476.70001220703125,0,16,2,2024-08-03,0.0,0.0,0.0,0.0,0
16,0.0,0.0,0.0,0.0,1.0,0,1,1.0,1.0,0.0,1,1,0,1,1,0,0,6,0.0,0.0,452.70001220703125,523.4000244140625,0,16,2,2024-08-03,0.0,0.0,0.0,0.0,0
17,0.0,0.0,0.0,0.0,1.0,0,1,1.0,1.0,0.0,1,1,0,1,1,0,0,6,0.0,0.0,602.7045288085938,663.2999877929688,0,16,2,2024-08-03,0.0,0.0,0.0,0.0,0
18,0.0,0.0,0.0,0.0,1.0,0,1,1.0,1.0,0.0,1,1,0,1,1,0,0,6,0.0,0.0,709.183349609375,721.5,0,16,2,2024-08-03,0.0,0.0,0.0,0.0,0
19,-32.11000022888189,286.10000228881836,289.60000228881836,575.7000045776367,1.0,0,1,1.0,1.0,1.0,1,1,1,1,1,0,0,6,0.0,0.0,761.6730197906494,842.3100124359131,1,16,2,2024-08-03,28.610000228881837,28.96000022888184,57.570000457763676,6.626188507385698e-10,0
20,-290.28538423672273,0.0,355.60000228881836,355.60000228881836,1.0,0,1,1.0,1.0,1.0,1,1,1,1,1,0,6,0,0.0,0.0,499.20692533358977,1119.6854086507851,1,16,2,2024-08-03,0.0,35.56000022888184,35.56000022888184,4.039278899587721e-08,0
21,-99.44500198364253,0.0,369.3000030517578,369.3000030517578,1.0,0,1,1.0,1.0,1.0,1,1,1,1,1,0,6,0,0.0,0.0,653.8433280944824,959.04497756958,1,16,2,2024-08-03,0.0,36.93000030517578,36.93000030517578,6.197720794210615e-09,0
22,43.1366633097336,489.7333386739095,492.9000053405762,982.6333440144856,1.0,0,1,1.0,1.0,1.0,1,1,1,1,1,6,0,0,0.0,0.0,810.0813654581711,871.4633122762039,1,16,2,2024-08-03,48.97333386739095,49.29000053405762,98.26333440144856,1.8116549722342246e-09,0
23,0.0,0.0,0.0,0.0,1.0,0,1,1.0,1.0,0.0,1,1,0,1,1,0,0,6,0.0,0.0,818.5259399414062,980.5,0,16,2,2024-08-03,0.0,0.0,0.0,0.0,0
24,-3.7428079223633195,605.0760040283203,634.2000045776367,1239.276008605957,1.0,0,1,1.0,1.0,1.0,1,1,1,1,1,1,0,5,0.0,0.0,873.1125387573242,1044.6428323364257,1,16,2,2024-08-03,60.50760040283203,63.42000045776368,123.9276008605957,0.0031298050158325157,0
25,5.12615369628758,623.2000045776367,0.0,623.2000045776367,1.0,0,1,1.0,1.0,1.0,1,1,1,1,1,1,0,5,0.0,0.0,888.8734681494126,1085.773870717775,1,16,2,2024-08-03,62.320000457763676,0.0,62.320000457763676,0.012820513410704915,0
26,46.339004799836175,0.0,700.7000045776367,700.7000045776367,1.0,0,1,1.0,1.0,1.0,1,1,1,1,1,0,0,6,0.0,0.0,846.0211337060862,978.0610196142263,1,16,2,2024-08-03,0.0,70.07000045776367,70.07000045776367,4.0421665591849987e-10,0
27,58.2400005340574,686.8000049591064,692.4000053405762,1379.2000102996826,1.0,0,1,1.0,1.0,1.0,1,1,1,1,1,1,5,0,0.0,0.0,863.6349590301511,977.1600238800052,1,16,2,2024-08-03,68.68000049591065,69.24000053405761,137.92000102996826,0.00957634362565183,0
28,346.37964976539064,719.9000053405762,0.0,719.9000053405762,1.0,0,1,1.0,1.0,1.0,1,1,1,1,1,6,0,0,0.0,0.0,1246.3070179294532,755.0203746486718,1,16,2,2024-08-03,71.99000053405761,0.0,71.99000053405761,1.5409800744898207e-08,0
29,0.0,0.0,0.0,0.0,1.0,0,1,1.0,1.0,0.0,1,1,0,1,1,0,0,6,0.0,0.0,872.5481567382812,1035.4000244140625,0,16,2,2024-08-03,0.0,0.0,0.0,0.0,0
30,241.57592976355616,828.2000045776367,0.0,828.2000045776367,1.0,0,1,1.0,1.0,1.0,1,1,1,1,1,6,0,0,0.0,0.0,1168.4608784940249,829.2436503145689,1,16,2,2024-08-03,82.82000045776368,0.0,82.82000045776368,2.4501100575499462e-09,0
31,0.0,0.0,0.0,0.0,1.0,0,1,1.0,1.0,0.0,1,1,0,1,1,0,0,6,0.0,0.0,963.2868041992188,1089.58349609375,0,16,2,2024-08-03,0.0,0.0,0.0,0.0,0
32,0.0,0.0,0.0,0.0,1.0,0,1,1.0,1.0,0.0,1,1,0,1,1,0,0,6,0.0,0.0,962.186767578125,1089.58349609375,0,16,2,2024-08-03,0.0,0.0,0.0,0.0,0
33,133.65500144958494,689.7000045776367,689.7000045776367,1379.4000091552734,1.0,0,1,1.0,1.0,1.0,1,1,1,1,1,6,0,0,0.0,0.0,955.9693325042724,838.4449741363526,1,16,2,2024-08-03,68.97000045776367,68.97000045776367,137.94000091552735,0.12019230670311828,0
34,146.4700004577637,689.7000045776367,689.7000045776367,1379.4000091552734,1.0,0,1,1.0,1.0,1.0,1,1,1,1,1,1,0,5,0.0,0.0,950.440032196045,867.4300239562988,1,16,2,2024-08-03,68.97000045776367,68.97000045776367,137.94000091552735,0.04006410380147567,0
35,222.11984296897236,667.9157193868118,661.2001795651826,1329.1158989519945,1.0,0,1,1.0,1.0,1.0,1,1,1,1,1,0,0,6,0.0,0.0,1060.4711613283473,815.8801570310277,1,16,2,2024-08-03,66.79157193868119,66.12001795651825,132.91158989519946,3.308029715485766e-10,0
36,81.72000045776366,250.0,817.2000045776367,1067.2000045776367,1.0,0,1,1.0,1.0,1.0,1,1,1,1,1,0,0,6,0.0,0.0,851.0373832702637,909.5800483703613,1,16,2,2024-08-03,25.0,81.72000045776367,106.72000045776367,7.148982957469444e-10,0
37,54.43566728969144,826.3666714986166,831.5000038146973,1657.8666753133139,1.0,0,1,1.0,1.0,1.0,1,1,1,1,1,0,6,0,0.07513532617625857,0.0,764.2773420943789,898.3643815384336,1,16,2,2024-08-03,82.63666714986167,83.15000038146974,165.7866675313314,9.986454804368614e-10,0
38,111.54000129699709,813.4000053405762,813.4000053405762,1626.8000106811523,1.0,0,1,1.0,1.0,1.0,1,1,1,1,1,3,0,3,0.1829978873640152,0.0366854054406221,664.549522781372,783.560096359253,1,16,2,2024-08-03,81.34000053405762,81.34000053405762,162.68000106811525,0.08173077108114257,0
39,790.7900058746338,708.9000053405762,0.0,708.9000053405762,1.0,0,1,1.0,1.0,1.0,1,1,1,1,1,6,0,0,0.0,0.0,1351.1426670074463,104.31009178161617,1,16,2,2024-08-03,70.89000053405762,0.0,70.89000053405762,3.9282395083575415e-08,0
40,227.73314407336073,631.4986722310384,0.0,631.4986722310384,1.0,0,1,1.0,1.0,1.0,1,1,1,1,1,6,0,0,0.0,0.0,1073.6248677061733,667.2668559266392,1,16,2,2024-08-03,63.14986722310385,0.0,63.14986722310385,7.973531881608935e-09,0
41,576.3009366099064,621.990672047933,0.0,621.990672047933,1.0,0,1,1.0,1.0,1.0,1,1,1,1,1,0,6,0,0.0,0.0,1252.2868985239688,133.59908780415606,1,16,2,2024-08-03,62.1990672047933,0.0,62.1990672047933,4.460768232260224e-08,0
42,79.30032700540058,583.3666714986166,588.5000038146973,1171.8666753133139,1.0,0,1,1.0,1.0,1.0,1,1,1,1,1,6,0,0,0.0,0.007817127643845213,708.5863377475881,583.8996241664744,1,16,2,2024-08-03,58.33666714986166,58.85000038146973,117.1866675313314,3.0029631565297525e-09,0
43,51.98000030517579,519.8000030517578,519.8000030517578,1039.6000061035156,1.0,0,1,1.0,1.0,1.0,1,1,1,1,1,0,0,6,0.0,0.0,642.7660110473632,572.7199508666993,1,16,2,2024-08-03,51.980000305175786,51.980000305175786,103.96000061035157,7.338778953582614e-10,0
44,53.81073212087761,440.0666669209798,444.10000228881836,884.1666692097981,1.0,0,1,1.0,1.0,1.0,1,1,1,1,1,0,6,0,0.0,0.0,586.8967306560338,513.1892678791224,1,16,2,2024-08-03,44.00666669209798,44.41000022888184,88.41666692097982,1.893634383652612e-09,0
45,-52.110002136230456,370.76666768391925,374.8000030517578,745.566670735677,1.0,0,1,1.0,1.0,1.0,1,1,1,1,1,0,6,0,0.0,0.0,451.8109268188477,591.6100021362305,1,16,2,2024-08-03,37.076666768391924,37.480000305175786,74.55666707356771,2.0466028771841316e-09,0
46,-50.74000091552735,315.4000015258789,315.4000015258789,630.8000030517578,1.0,0,1,1.0,1.0,1.0,1,1,1,1,1,0,0,6,0.0,0.0,337.55379180908204,485.24000091552733,1,16,2,2024-08-03,31.540000152587893,31.540000152587893,63.08000030517579,1.2094791480529353e-09,0
47,64.7211436254023,344.50000381469727,310.8654002103277,655.365404025025,1.0,0,1,1.0,1.0,1.0,1,1,1,1,1,0,6,0,0.0,0.0,451.6872996312617,369.7788563745977,1,16,2,2024-08-03,34.45000038146973,31.086540021032775,65.5365404025025,3.0585693028669413e-09,0
0,0.0,0.0,0.0,0.0,1.0,0,1,1.0,1.0,1.0,1,1,1,1,1,0,0,6,0.0,0.0,212.5,281.3999938964844,0,17,0,2024-08-03,0.0,0.0,0.0,0.0,0
1,0.0,0.0,0.0,0.0,1.0,0,1,1.0,1.0,0.16666666666666666,1,1,0,1,1,0,0,6,0.0,0.0,212.5,281.3999938964844,0,17,0,2024-08-03,0.0,0.0,0.0,0.0,0
2,0.0,0.0,0.0,0.0,1.0,0,1,1.0,1.0,0.6666666666666666,1,1,0,1,1,0,0,6,0.0,0.0,201.5,270.3999938964844,0,17,0,2024-08-03,0.0,0.0,0.0,0.0,0
3,0.0,0.0,0.0,0.0,1.0,0,1,1.0,1.0,0.0,1,1,0,1,1,0,0,6,0.0,0.0,203.36666870117188,270.3999938964844,0,17,0,2024-08-03,0.0,0.0,0.0,0.0,0
4,0.0,0.0,0.0,0.0,1.0,0,1,1.0,1.0,0.0,1,1,0,1,1,0,0,6,0.0,0.0,209.5,270.3999938964844,0,17,0,2024-08-03,0.0,0.0,0.0,0.0,0
5,0.0,0.0,0.0,0.0,1.0,0,1,1.0,1.0,0.0,1,1,0,1,1,0,0,6,0.0,0.0,209.5,270.3999938964844,0,17,0,2024-08-03,0.0,0.0,0.0,0.0,0
6,0.0,0.0,0.0,0.0,1.0,0,1,1.0,1.0,0.0,1,1,0,1,1,0,0,6,0.0,0.0,182.0,242.89999389648438,0,17,0,2024-08-03,0.0,0.0,0.0,0.0,0
7,0.0,0.0,0.0,0.0,1.0,0,1,1.0,1.0,0.0,1,1,0,1,1,0,0,6,0.0,0.0,182.0,242.89999389648438,0,17,0,2024-08-03,0.0,0.0,0.0,0.0,0
8,0.0,0.0,0.0,0.0,1.0,0,1,1.0,1.0,0.0,1,1,0,1,1,0,0,6,0.0,0.0,162.8000030517578,223.6999969482422,0,17,0,2024-08-03,0.0,0.0,0.0,0.0,0
9,0.0,0.0,0.0,0.0,1.0,0,1,1.0,1.0,0.3333333333333333,1,1,0,1,1,0,0,6,0.0,0.0,151.8000030517578,212.6999969482422,0,17,0,2024-08-03,0.0,0.0,0.0,0.0,0
10,0.0,0.0,0.0,0.0,1.0,0,1,1.0,1.0,1.0,1,1,1,1,1,0,0,6,0.0,0.0,151.8000030517578,212.6999969482422,0,17,0,2024-08-03,0.0,0.0,0.0,0.0,0
11,0.0,0.0,0.0,0.0,1.0,0,1,1.0,1.0,1.0,1,1,1,1,1,0,0,6,0.0,0.0,151.8000030517578,212.6999969482422,0,17,0,2024-08-03,0.0,0.0,0.0,0.0,0
12,0.0,0.0,0.0,0.0,1.0,0,1,1.0,1.0,1.0,1,1,1,1,1,0,0,6,0.0,0.0,151.8000030517578,212.6999969482422,0,17,0,2024-08-03,0.0,0.0,0.0,0.0,0
13,0.0,0.0,0.0,0.0,1.0,0,1,1.0,1.0,0.16666666666666666,1,1,0,1,1,0,0,6,0.0,0.0,162.8000030517578,223.6999969482422,0,17,0,2024-08-03,0.0,0.0,0.0,0.0,0
14,0.0,0.0,0.0,0.0,1.0,0,1,1.0,1.0,0.0,1,1,0,1,1,0,0,6,0.0,0.0,185.3000030517578,212.1999969482422,0,17,0,2024-08-03,0.0,0.0,0.0,0.0,0
15,0.0,0.0,0.0,0.0,1.0,0,1,1.0,1.0,0.0,1,1,0,1,1,0,0,6,0.0,0.0,243.0,269.8999938964844,0,17,0,2024-08-03,0.0,0.0,0.0,0.0,0
16,0.0,0.0,0.0,0.0,1.0,0,1,1.0,1.0,0.0,1,1,0,1,1,0,0,6,0.0,0.0,288.5999755859375,316.5999755859375,0,17,0,2024-08-03,0.0,0.0,0.0,0.0,0
17,0.0,0.0,0.0,0.0,1.0,0,1,1.0,1.0,0.0,1,1,0,1,1,0,0,6,0.0,0.0,447.79998779296875,509.79998779296875,0,17,0,2024-08-03,0.0,0.0,0.0,0.0,0
18,0.0,0.0,0.0,0.0,1.0,0,1,1.0,1.0,0.0,1,1,0,1,1,0,0,6,0.0,0.0,572.066650390625,614.2999877929688,0,17,0,2024-08-03,0.0,0.0,0.0,0.0,0
19,-32.11000022888189,286.10000228881836,289.60000228881836,575.7000045776367,1.0,0,1,1.0,1.0,1.0,1,1,1,1,1,0,0,6,0.0,0.0,538.2522434234619,724.9863430023194,1,17,0,2024-08-03,28.610000228881837,28.96000022888184,57.570000457763676,6.626188507385698e-10,0
20,-290.28538423672273,0.0,355.60000228881836,355.60000228881836,1.0,0,1,1.0,1.0,1.0,1,1,1,1,1,0,6,0,0.0,0.0,183.17659086093352,1003.7853842367227,1,17,0,2024-08-03,0.0,35.56000022888184,35.56000022888184,4.039278899587721e-08,0
21,-99.44500198364253,0.0,369.3000030517578,369.3000030517578,1.0,0,1,1.0,1.0,1.0,1,1,1,1,1,0,6,0,0.0,0.0,290.91827926635744,865.6450141906738,1,17,0,2024-08-03,0.0,36.93000030517578,36.93000030517578,6.197720794210615e-09,0
22,43.1366633097336,489.7333386739095,492.9000053405762,982.6333440144856,1.0,0,1,1.0,1.0,1.0,1,1,1,1,1,6,0,0,0.06516769041080428,0.0,457.8185480753586,799.2233220418289,1,17,0,2024-08-03,48.97333386739095,49.29000053405762,98.26333440144856,1.8116549722342246e-09,0
23,0.0,0.0,0.0,0.0,1.0,0,1,1.0,1.0,0.0,1,1,0,1,1,0,0,6,0.0,0.0,392.7310791015625,788.0999755859375,0,17,0,2024-08-03,0.0,0.0,0.0,0.0,0
24,-3.7428079223633195,605.0760040283203,634.2000045776367,1239.276008605957,1.0,0,1,1.0,1.0,1.0,1,1,1,1,1,0,0,6,0.2315376312270705,0.0,464.97813934326166,869.3428445434571,1,17,0,2024-08-03,60.50760040283203,63.42000045776368,123.9276008605957,4.617252075565009e-11,0
25,5.12615369628758,623.2000045776367,0.0,623.2000045776367,1.0,0,1,1.0,1.0,1.0,1,1,1,1,1,0,0,6,0.08788170930805093,0.0,568.4321229345688,1017.6738951318374,1,17,0,2024-08-03,62.320000457763676,0.0,62.320000457763676,3.645729861504272e-10,0
26,46.339004799836175,0.0,700.7000045776367,700.7000045776367,1.0,0,1,1.0,1.0,1.0,1,1,1,1,1,0,0,6,0.0,0.0,510.4936678857737,898.9610440282888,1,17,0,2024-08-03,0.0,70.07000045776367,70.07000045776367,4.0421665591849987e-10,0
27,58.2400005340574,686.8000049591064,692.4000053405762,1379.2000102996826,1.0,0,1,1.0,1.0,1.0,1,1,1,1,1,0,6,0,0.280747285525348,0.0,493.9827678680418,876.1600238800052,1,17,0,2024-08-03,68.68000049591065,69.24000053405761,137.92000102996826,8.297631867359297e-10,0
28,346.37964976539064,719.9000053405762,0.0,719.9000053405762,1.0,0,1,1.0,1.0,1.0,1,1,1,1,1,6,0,0,0.0,0.0,742.8959461521094,516.5203746486718,1,17,0,2024-08-03,71.99000053405761,0.0,71.99000053405761,1.5409800744898207e-08,0
29,0.0,0.0,0.0,0.0,1.0,0,1,1.0,1.0,0.0,1,1,0,1,1,0,0,6,0.0,0.0,627.3678588867188,1003.6000366210938,0,17,0,2024-08-03,0.0,0.0,0.0,0.0,0
30,241.57592976355616,828.2000045776367,0.0,828.2000045776367,1.0,0,1,1.0,1.0,1.0,1,1,1,1,1,6,0,0,0.0,0.0,893.7064229276186,742.2240580294126,1,17,0,2024-08-03,82.82000045776368,0.0,82.82000045776368,2.4501100575499462e-09,0
31,0.0,0.0,0.0,0.0,1.0,0,1,1.0,1.0,0.0,1,1,0,1,1,0,0,6,0.0,0.0,713.4891357421875,1006.2999877929688,0,17,0,2024-08-03,0.0,0.0,0.0,0.0,0
32,0.0,0.0,0.0,0.0,1.0,0,1,1.0,1.0,0.0,1,1,0,1,1,0,0,6,0.0,0.0,732.7891235351562,1025.5999755859375,0,17,0,2024-08-03,0.0,0.0,0.0,0.0,0
33,133.65500144958494,689.7000045776367,689.7000045776367,1379.4000091552734,1.0,0,1,1.0,1.0,1.0,1,1,1,1,1,6,0,0,0.0,0.0,947.0619228363037,968.8449985504151,1,17,0,2024-08-03,68.97000045776367,68.97000045776367,137.94000091552735,1.935833007946494e-09,0
34,146.4700004577637,689.7000045776367,689.7000045776367,1379.4000091552734,1.0,0,1,1.0,1.0,1.0,1,1,1,1,1,0,3,3,0.0,0.0,807.4079887390137,765.829987335205,1,17,0,2024-08-03,68.97000045776367,68.97000045776367,137.94000091552735,0.07189542300379578,0
35,222.11984296897236,667.9157193868118,661.2001795651826,1329.1158989519945,1.0,0,1,1.0,1.0,1.0,1,1,1,1,1,0,2,4,0.0,0.07338176280153734,828.5409855470973,612.6801448239964,1,17,0,2024-08-03,66.79157193868119,66.12001795651825,132.91158989519946,0.026011697551789205,0
36,81.72000045776366,250.0,817.2000045776367,1067.2000045776367,1.0,0,1,1.0,1.0,1.0,1,1,1,1,1,0,5,1,0.0,0.08188938406820923,711.4111625671387,750.2799995422363,1,17,0,2024-08-03,25.0,81.72000045776367,106.72000045776367,0.015014551861827844,0
37,54.43566728969144,826.3666714986166,831.5000038146973,1657.8666753133139,1.0,0,1,1.0,1.0,1.0,1,1,1,1,1,0,6,0,0.1488245118726555,0.035160142830104796,703.3830549850039,802.2643449173398,1,17,0,2024-08-03,82.63666714986167,83.15000038146974,165.7866675313314,0.037698066977177196,0
38,111.54000129699709,813.4000053405762,813.4000053405762,1626.8000106811523,1.0,0,1,1.0,1.0,1.0,1,1,1,1,1,0,4,2,0.05060562586427763,0.14536512620384612,772.2373889923095,695.1600109100342,1,17,0,2024-08-03,81.34000053405762,81.34000053405762,162.68000106811525,0.144607843691297,0
39,790.7900058746338,708.9000053405762,0.0,708.9000053405762,1.0,0,1,1.0,1.0,1.0,1,1,1,1,1,6,0,0,0.0,0.0,1488.648221206665,0.0,1,17,0,2024-08-03,70.89000053405762,0.0,70.89000053405762,3.9282395083575415e-08,0
40,227.73314407336073,631.4986722310384,0.0,631.4986722310384,1.0,0,1,1.0,1.0,1.0,1,1,1,1,1,6,0,0,0.0,0.0,935.5331318663295,426.21290084851427,1,17,0,2024-08-03,63.14986722310385,0.0,63.14986722310385,7.973531881608935e-09,0
41,576.3009366099064,621.990672047933,0.0,621.990672047933,1.0,0,1,1.0,1.0,1.0,1,1,1,1,1,0,6,0,0.0,0.0,1162.100924402875,0.0,1,17,0,2024-08-03,62.1990672047933,0.0,62.1990672047933,4.460768232260224e-08,0
42,79.30032700540058,583.3666714986166,588.5000038146973,1171.8666753133139,1.0,0,1,1.0,1.0,1.0,1,1,1,1,1,0,6,0,0.02565516619047026,0.49341344989974495,568.4003025913381,298.12618666647444,1,17,0,2024-08-03,58.33666714986166,58.85000038146973,117.1866675313314,0.20350193524192542,0
43,51.98000030517579,519.8000030517578,519.8000030517578,1039.6000061035156,1.0,0,1,1.0,1.0,1.0,1,1,1,1,1,0,6,0,0.0,0.33111666888248864,563.5799758911132,347.68555755615233,1,17,0,2024-08-03,51.980000305175786,51.980000305175786,103.96000061035157,0.03594771091696876,0
44,53.81073212087761,440.0666669209798,444.10000228881836,884.1666692097981,1.0,0,1,1.0,1.0,1.0,1,1,1,1,1,0,6,0,0.0,0.20773653724405347,587.9107077068151,351.844205623263,1,17,0,2024-08-03,44.00666669209798,44.41000022888184,88.41666692097982,0.006565764609409588,0
45,-52.110002136230456,370.76666768391925,374.8000030517578,745.566670735677,1.0,0,1,1.0,1.0,1.0,1,1,1,1,1,0,6,0,0.0,0.0,421.5900100708008,392.19157562255856,1,17,0,2024-08-03,37.076666768391924,37.480000305175786,74.55666707356771,0.044356313739571086,0
46,-50.74000091552735,315.4000015258789,315.4000015258789,630.8000030517578,1.0,0,1,1.0,1.0,1.0,1,1,1,1,1,0,1,5,0.0,0.0,403.75999908447267,380.08195037841796,1,17,0,2024-08-03,31.540000152587893,31.540000152587893,63.08000030517579,0.014705883329714167,0
47,64.7211436254023,344.50000381469727,310.8654002103277,655.365404025025,1.0,0,1,1.0,1.0,1.0,1,1,1,1,1,0,6,0,0.0,0.204488260187785,489.02113141837106,247.29707536873832,1,17,0,2024-08-03,34.45000038146973,31.086540021032775,65.5365404025025,0.011625958077394577,0
0,0.0,0.0,0.0,0.0,1.0,0,1,1.0,1.0,1.0,1,1,1,1,1,0,0,6,0.0,0.0,126.9000015258789,126.9000015258789,0,17,1,2024-08-03,0.0,0.0,0.0,0.0,0
1,0.0,0.0,0.0,0.0,1.0,0,1,1.0,1.0,1.0,1,1,1,1,1,0,0,6,0.0,0.0,176.89999389648438,176.89999389648438,0,17,1,2024-08-03,0.0,0.0,0.0,0.0,0
2,0.0,0.0,0.0,0.0,1.0,0,1,1.0,1.0,0.5,1,1,0,1,1,0,0,6,0.0,0.0,176.89999389648438,176.89999389648438,0,17,1,2024-08-03,0.0,0.0,0.0,0.0,0
3,0.0,0.0,0.0,0.0,1.0,0,1,1.0,1.0,0.0,1,1,0,1,1,0,0,6,0.0,0.0,176.89999389648438,176.89999389648438,0,17,1,2024-08-03,0.0,0.0,0.0,0.0,0
4,0.0,0.0,0.0,0.0,1.0,0,1,1.0,1.0,0.5,1,1,0,1,1,0,0,6,0.0,0.0,157.6999969482422,157.6999969482422,0,17,1,2024-08-03,0.0,0.0,0.0,0.0,0
5,0.0,0.0,0.0,0.0,1.0,0,1,1.0,1.0,1.0,1,1,1,1,1,0,0,6,0.0,0.0,157.6999969482422,157.6999969482422,0,17,1,2024-08-03,0.0,0.0,0.0,0.0,0
6,0.0,0.0,0.0,0.0,1.0,0,1,1.0,1.0,0.0,1,1,0,1,1,0,0,6,0.0,0.0,157.6999969482422,157.6999969482422,0,17,1,2024-08-03,0.0,0.0,0.0,0.0,0
7,0.0,0.0,0.0,0.0,1.0,0,1,1.0,1.0,0.0,1,1,0,1,1,0,0,6,0.0,0.0,157.6999969482422,157.6999969482422,0,17,1,2024-08-03,0.0,0.0,0.0,0.0,0
8,0.0,0.0,0.0,0.0,1.0,0,1,1.0,1.0,0.6666666666666666,1,1,0,1,1,0,0,6,0.0,0.0,138.5,138.5,0,17,1,2024-08-03,0.0,0.0,0.0,0.0,0
9,0.0,0.0,0.0,0.0,1.0,0,1,1.0,1.0,0.0,1,1,0,1,1,0,0,6,0.0,0.0,138.5,138.5,0,17,1,2024-08-03,0.0,0.0,0.0,0.0,0
10,0.0,0.0,0.0,0.0,1.0,0,1,1.0,1.0,0.0,1,1,0,1,1,0,0,6,0.0,0.0,138.5,138.5,0,17,1,2024-08-03,0.0,0.0,0.0,0.0,0
11,0.0,0.0,0.0,0.0,1.0,0,1,1.0,1.0,0.0,1,1,0,1,1,0,0,6,0.0,0.0,138.5,138.5,0,17,1,2024-08-03,0.0,0.0,0.0,0.0,0
12,0.0,0.0,0.0,0.0,1.0,0,1,1.0,1.0,0.0,1,1,0,1,1,0,0,6,0.0,0.0,138.5,138.5,0,17,1,2024-08-03,0.0,0.0,0.0,0.0,0
13,0.0,0.0,0.0,0.0,1.0,0,1,1.0,1.0,0.0,1,1,0,1,1,0,0,6,0.0,0.0,176.89999389648438,176.89999389648438,0,17,1,2024-08-03,0.0,0.0,0.0,0.0,0
14,0.0,0.0,0.0,0.0,1.0,0,1,1.0,1.0,1.0,1,1,1,1,1,0,0,6,0.0,0.0,296.0999755859375,282.0999755859375,0,17,1,2024-08-03,0.0,0.0,0.0,0.0,0
15,0.0,0.0,0.0,0.0,1.0,0,1,1.0,1.0,0.8333333333333334,1,1,0,1,1,0,0,6,0.0,0.0,323.5999755859375,309.5999755859375,0,17,1,2024-08-03,0.0,0.0,0.0,0.0,0
16,0.0,0.0,0.0,0.0,1.0,0,1,1.0,1.0,0.0,1,1,0,1,1,0,0,6,0.0,0.0,454.8000183105469,453.0,0,17,1,2024-08-03,0.0,0.0,0.0,0.0,0
17,0.0,0.0,0.0,0.0,1.0,0,1,1.0,1.0,0.3333333333333333,1,1,0,1,1,0,0,6,0.0,0.0,663.300048828125,673.3999633789062,0,17,1,2024-08-03,0.0,0.0,0.0,0.0,0
18,0.0,0.0,0.0,0.0,1.0,0,1,1.0,1.0,0.8333333333333334,1,1,0,1,1,0,0,6,0.0,0.0,740.2000122070312,750.2999877929688,0,17,1,2024-08-03,0.0,0.0,0.0,0.0,0
19,-32.11000022888189,286.10000228881836,289.60000228881836,575.7000045776367,1.0,0,1,1.0,1.0,1.0,1,1,1,1,1,0,0,6,0.0,0.0,869.8899997711181,975.3100124359131,1,17,1,2024-08-03,28.610000228881837,28.96000022888184,57.570000457763676,6.626188507385698e-10,0
20,-290.28538423672273,0.0,355.60000228881836,355.60000228881836,1.0,0,1,1.0,1.0,1.0,1,1,1,1,1,0,6,0,0.0,0.0,652.9445962320273,1304.7199545492226,1,17,1,2024-08-03,0.0,35.56000022888184,35.56000022888184,4.039278899587721e-08,0
21,-99.44500198364253,0.0,369.3000030517578,369.3000030517578,1.0,0,1,1.0,1.0,1.0,1,1,1,1,1,0,6,0,0.0,0.0,816.4741264343262,1146.9777168273924,1,17,1,2024-08-03,0.0,36.93000030517578,36.93000030517578,6.197720794210615e-09,0
22,43.1366633097336,489.7333386739095,492.9000053405762,982.6333440144856,1.0,0,1,1.0,1.0,1.0,1,1,1,1,1,6,0,0,0.0,0.0,964.9848078409836,1023.7633611043289,1,17,1,2024-08-03,48.97333386739095,49.29000053405762,98.26333440144856,1.8116549722342246e-09,0
23,0.0,0.0,0.0,0.0,1.0,0,1,1.0,1.0,0.0,1,1,0,1,1,0,0,6,0.0,0.0,990.03369140625,1132.7999267578125,0,17,1,2024-08-03,0.0,0.0,0.0,0.0,0
24,-3.7428079223633195,605.0760040283203,634.2000045776367,1239.276008605957,1.0,0,1,1.0,1.0,1.0,1,1,1,1,1,0,0,6,0.0,0.0,910.8159078979492,1067.3427835083007,1,17,1,2024-08-03,60.50760040283203,63.42000045776368,123.9276008605957,4.617252075565009e-11,0
25,5.12615369628758,623.2000045776367,0.0,623.2000045776367,1.0,0,1,1.0,1.0,1.0,1,1,1,1,1,0,0,6,0.0,0.0,878.1417176611313,1055.8737242334,1,17,1,2024-08-03,62.320000457763676,0.0,62.320000457763676,3.645729861504272e-10,0
26,46.339004799836175,0.0,700.7000045776367,700.7000045776367,1.0,0,1,1.0,1.0,1.0,1,1,1,1,1,0,0,6,0.0,0.0,942.0788729638987,1075.6608731298513,1,17,1,2024-08-03,0.0,70.07000045776367,70.07000045776367,4.0421665591849987e-10,0
27,58.2400005340574,686.8000049591064,692.4000053405762,1379.2000102996826,1.0,0,1,1.0,1.0,1.0,1,1,1,1,1,0,6,0,0.0,0.0,978.7398784637448,1091.2598773956302,1,17,1,2024-08-03,68.68000049591065,69.24000053405761,137.92000102996826,8.297631867359297e-10,0
28,346.37964976539064,719.9000053405762,0.0,719.9000053405762,1.0,0,1,1.0,1.0,1.0,1,1,1,1,1,6,0,0,0.0,0.0,1339.0068470310157,894.3203014064843,1,17,1,2024-08-03,71.99000053405761,0.0,71.99000053405761,1.5409800744898207e-08,0
29,0.0,0.0,0.0,0.0,1.0,0,1,1.0,1.0,0.0,1,1,0,1,1,0,0,6,0.0,0.0,1048.1416015625,1228.749755859375,0,17,1,2024-08-03,0.0,0.0,0.0,0.0,0
30,241.57592976355616,828.2000045776367,0.0,828.2000045776367,1.0,0,1,1.0,1.0,1.0,1,1,1,1,1,6,0,0,0.0,0.0,1325.0300313260561,990.8330057833189,1,17,1,2024-08-03,82.82000045776368,0.0,82.82000045776368,2.4501100575499462e-09,0
31,0.0,0.0,0.0,0.0,1.0,0,1,1.0,1.0,0.0,1,1,0,1,1,0,0,6,0.0,0.0,1061.6334228515625,1203.83154296875,0,17,1,2024-08-03,0.0,0.0,0.0,0.0,0
32,0.0,0.0,0.0,0.0,1.0,0,1,1.0,1.0,0.0,1,1,0,1,1,0,0,6,0.0,0.0,1054.296875,1195.6317138671875,0,17,1,2024-08-03,0.0,0.0,0.0,0.0,0
33,133.65500144958494,689.7000045776367,689.7000045776367,1379.4000091552734,1.0,0,1,1.0,1.0,1.0,1,1,1,1,1,6,0,0,0.0,0.0,1069.2442348480224,968.1450473785401,1,17,1,2024-08-03,68.97000045776367,68.97000045776367,137.94000091552735,1.935833007946494e-09,0
34,146.4700004577637,689.7000045776367,689.7000045776367,1379.4000091552734,1.0,0,1,1.0,1.0,1.0,1,1,1,1,1,0,3,3,0.0,0.0,1035.8058158874512,905.3300483703613,1,17,1,2024-08-03,68.97000045776367,68.97000045776367,137.94000091552735,0.07189542300379578,0
35,222.11984296897236,667.9157193868118,661.2001795651826,1329.1158989519945,1.0,0,1,1.0,1.0,1.0,1,1,1,1,1,0,2,4,0.0,0.0,1172.9692692385036,849.8446345700902,1,17,1,2024-08-03,66.79157193868119,66.12001795651825,132.91158989519946,0.026011697551789205,0
36,81.72000045776366,250.0,817.2000045776367,1067.2000045776367,1.0,0,1,1.0,1.0,1.0,1,1,1,1,1,0,5,1,0.0,0.0,855.916594696045,850.4576118469238,1,17,1,2024-08-03,25.0,81.72000045776367,106.72000045776367,0.015014551861827844,0
37,54.43566728969144,826.3666714986166,831.5000038146973,1657.8666753133139,1.0,0,1,1.0,1.0,1.0,1,1,1,1,1,0,6,0,0.012496948018369727,0.0,816.0396101607852,879.3081071243711,1,17,1,2024-08-03,82.63666714986167,83.15000038146974,165.7866675313314,0.037698066977177196,0
38,111.54000129699709,813.4000053405762,813.4000053405762,1626.8000106811523,1.0,0,1,1.0,1.0,1.0,1,1,1,1,1,0,4,2,0.0,0.0410259249760295,866.1668323516845,780.0295177459717,1,17,1,2024-08-03,81.34000053405762,81.34000053405762,162.68000106811525,0.144607843691297,0
39,790.7900058746338,708.9000053405762,0.0,708.9000053405762,1.0,0,1,1.0,1.0,1.0,1,1,1,1,1,6,0,0,0.0,0.0,1600.5166904449463,19.413363265991165,1,17,1,2024-08-03,70.89000053405762,0.0,70.89000053405762,3.9282395083575415e-08,0
40,227.73314407336073,631.4986722310384,0.0,631.4986722310384,1.0,0,1,1.0,1.0,1.0,1,1,1,1,1,6,0,0,0.0,0.0,943.2091572569545,461.1580302430455,1,17,1,2024-08-03,63.14986722310385,0.0,63.14986722310385,7.973531881608935e-09,0
41,576.3009366099064,621.990672047933,0.0,621.990672047933,1.0,0,1,1.0,1.0,1.0,1,1,1,1,1,0,6,0,0.0,0.0,1355.9084805552188,201.0902377064998,1,17,1,2024-08-03,62.1990672047933,0.0,62.1990672047933,4.460768232260224e-08,0
42,79.30032700540058,583.3666714986166,588.5000038146973,1171.8666753133139,1.0,0,1,1.0,1.0,1.0,1,1,1,1,1,0,6,0,0.0,0.0,912.5173069858694,682.4427760219431,1,17,1,2024-08-03,58.33666714986166,58.85000038146973,117.1866675313314,0.20350193524192542,0
43,51.98000030517579,519.8000030517578,519.8000030517578,1039.6000061035156,1.0,0,1,1.0,1.0,1.0,1,1,1,1,1,0,6,0,0.0,0.0,899.778645324707,709.963542175293,1,17,1,2024-08-03,51.980000305175786,51.980000305175786,103.96000061035157,0.03594771091696876,0
44,53.81073212087761,440.0666669209798,444.10000228881836,884.1666692097981,1.0,0,1,1.0,1.0,1.0,1,1,1,1,1,0,6,0,0.0,0.0,879.6093771404088,686.1584451252162,1,17,1,2024-08-03,44.00666669209798,44.41000022888184,88.41666692097982,0.006565764609409588,0
45,-52.110002136230456,370.76666768391925,374.8000030517578,745.566670735677,1.0,0,1,1.0,1.0,1.0,1,1,1,1,1,0,6,0,0.0,0.0,733.8077835083008,760.8983322143555,1,17,1,2024-08-03,37.076666768391924,37.480000305175786,74.55666707356771,0.044356313739571086,0
46,-50.74000091552735,315.4000015258789,315.4000015258789,630.8000030517578,1.0,0,1,1.0,1.0,1.0,1,1,1,1,1,0,1,5,0.0,0.0,578.3204238891601,615.6591903686524,1,17,1,2024-08-03,31.540000152587893,31.540000152587893,63.08000030517579,0.014705883329714167,0
47,64.7211436254023,344.50000381469727,310.8654002103277,655.365404025025,1.0,0,1,1.0,1.0,1.0,1,1,1,1,1,0,6,0,0.0,0.0,675.7211436254023,474.4412098902227,1,17,1,2024-08-03,34.45000038146973,31.086540021032775,65.5365404025025,0.011625958077394577,0
0,0.0,0.0,0.0,0.0,1.0,0,1,1.0,1.0,0.3333333333333333,1,1,0,1,1,0,0,6,0.0,0.0,340.8999938964844,364.8999938964844,0,17,2,2024-08-03,0.0,0.0,0.0,0.0,0
1,0.0,0.0,0.0,0.0,1.0,0,1,1.0,1.0,0.0,1,1,0,1,1,0,0,6,0.0,0.0,340.8999938964844,364.8999938964844,0,17,2,2024-08-03,0.0,0.0,0.0,0.0,0
2,0.0,0.0,0.0,0.0,1.0,0,1,1.0,1.0,0.5,1,1,0,1,1,0,0,6,0.0,0.0,321.70001220703125,334.3333435058594,0,17,2,2024-08-03,0.0,0.0,0.0,0.0,0
3,0.0,0.0,0.0,0.0,1.0,0,1,1.0,1.0,0.5,1,1,0,1,1,0,0,6,0.0,0.0,271.70001220703125,296.20001220703125,0,17,2,2024-08-03,0.0,0.0,0.0,0.0,0
4,0.0,0.0,0.0,0.0,1.0,0,1,1.0,1.0,0.5,1,1,0,1,1,0,0,6,0.0,0.0,268.70001220703125,268.70001220703125,0,17,2,2024-08-03,0.0,0.0,0.0,0.0,0
5,0.0,0.0,0.0,0.0,1.0,0,1,1.0,1.0,1.0,1,1,1,1,1,0,0,6,0.0,0.0,268.70001220703125,268.70001220703125,0,17,2,2024-08-03,0.0,0.0,0.0,0.0,0
6,0.0,0.0,0.0,0.0,1.0,0,1,1.0,1.0,1.0,1,1,1,1,1,0,0,6,0.0,0.0,268.70001220703125,268.70001220703125,0,17,2,2024-08-03,0.0,0.0,0.0,0.0,0
7,0.0,0.0,0.0,0.0,1.0,0,1,1.0,1.0,1.0,1,1,1,1,1,0,0,6,0.0,0.0,268.70001220703125,268.70001220703125,0,17,2,2024-08-03,0.0,0.0,0.0,0.0,0
8,0.0,0.0,0.0,0.0,1.0,0,1,1.0,1.0,0.6666666666666666,1,1,0,1,1,0,0,6,0.0,0.0,268.70001220703125,268.70001220703125,0,17,2,2024-08-03,0.0,0.0,0.0,0.0,0
9,0.0,0.0,0.0,0.0,1.0,0,1,1.0,1.0,0.5,1,1,0,1,1,0,0,6,0.0,0.0,241.1999969482422,241.1999969482422,0,17,2,2024-08-03,0.0,0.0,0.0,0.0,0
10,0.0,0.0,0.0,0.0,1.0,0,1,1.0,1.0,0.8333333333333334,1,1,0,1,1,0,0,6,0.0,0.0,241.1999969482422,241.1999969482422,0,17,2,2024-08-03,0.0,0.0,0.0,0.0,0
11,0.0,0.0,0.0,0.0,1.0,0,1,1.0,1.0,0.8333333333333334,1,1,0,1,1,0,0,6,0.0,0.0,191.1999969482422,191.1999969482422,0,17,2,2024-08-03,0.0,0.0,0.0,0.0,0
12,0.0,0.0,0.0,0.0,1.0,0,1,1.0,1.0,1.0,1,1,1,1,1,0,0,6,0.0,0.0,219.1999969482422,252.1999969482422,0,17,2,2024-08-03,0.0,0.0,0.0,0.0,0
13,0.0,0.0,0.0,0.0,1.0,0,1,1.0,1.0,1.0,1,1,1,1,1,0,0,6,0.0,0.0,219.1999969482422,252.1999969482422,0,17,2,2024-08-03,0.0,0.0,0.0,0.0,0
14,0.0,0.0,0.0,0.0,1.0,0,1,1.0,1.0,0.16666666666666666,1,1,0,1,1,0,0,6,0.0,0.0,219.1999969482422,252.1999969482422,0,17,2,2024-08-03,0.0,0.0,0.0,0.0,0
15,0.0,0.0,0.0,0.0,1.0,0,1,1.0,1.0,0.0,1,1,0,1,1,0,0,6,0.0,0.0,337.3999938964844,337.3999938964844,0,17,2,2024-08-03,0.0,0.0,0.0,0.0,0
16,0.0,0.0,0.0,0.0,1.0,0,1,1.0,1.0,0.0,1,1,0,1,1,0,0,6,0.0,0.0,337.3999938964844,337.3999938964844,0,17,2,2024-08-03,0.0,0.0,0.0,0.0,0
17,0.0,0.0,0.0,0.0,1.0,0,1,1.0,1.0,0.0,1,1,0,1,1,0,0,6,0.0,0.0,421.20001220703125,422.5999755859375,0,17,2,2024-08-03,0.0,0.0,0.0,0.0,0
18,0.0,0.0,0.0,0.0,1.0,0,1,1.0,1.0,0.3333333333333333,1,1,0,1,1,0,0,6,0.0,0.0,437.5,477.0,0,17,2,2024-08-03,0.0,0.0,0.0,0.0,0
19,-32.11000022888189,286.10000228881836,289.60000228881836,575.7000045776367,1.0,0,1,1.0,1.0,1.0,1,1,1,1,1,0,0,6,0.0,0.0,432.03504981994627,536.6100002288819,1,17,2,2024-08-03,28.610000228881837,28.96000022888184,57.570000457763676,6.626188507385698e-10,0
20,-290.28538423672273,0.0,355.60000228881836,355.60000228881836,1.0,0,1,1.0,1.0,1.0,1,1,1,1,1,0,6,0,0.0,0.0,217.72871488437102,899.3814535726602,1,17,2,2024-08-03,0.0,35.56000022888184,35.56000022888184,4.039278899587721e-08,0
21,-99.44500198364253,0.0,369.3000030517578,369.3000030517578,1.0,0,1,1.0,1.0,1.0,1,1,1,1,1,0,6,0,0.0,0.0,446.28473434448244,794.1450141906738,1,17,2,2024-08-03,0.0,36.93000030517578,36.93000030517578,6.197720794210615e-09,0
22,43.1366633097336,489.7333386739095,492.9000053405762,982.6333440144856,1.0,0,1,1.0,1.0,1.0,1,1,1,1,1,6,0,0,0.0,0.0,644.6887873331711,736.6633244832351,1,17,2,2024-08-03,48.97333386739095,49.29000053405762,98.26333440144856,1.8116549722342246e-09,0
23,0.0,0.0,0.0,0.0,1.0,0,1,1.0,1.0,0.0,1,1,0,1,1,0,0,6,0.0,0.0,659.8978881835938,868.2000122070312,0,17,2,2024-08-03,0.0,0.0,0.0,0.0,0
24,-3.7428079223633195,605.0760040283203,634.2000045776367,1239.276008605957,1.0,0,1,1.0,1.0,1.0,1,1,1,1,1,0,0,6,0.0,0.0,727.9036764526367,937.9428201293946,1,17,2,2024-08-03,60.50760040283203,63.42000045776368,123.9276008605957,4.617252075565009e-11,0
25,5.12615369628758,623.2000045776367,0.0,623.2000045776367,1.0,0,1,1.0,1.0,1.0,1,1,1,1,1,0,0,6,0.0,0.0,867.0001771337876,1069.2737486474625,1,17,2,2024-08-03,62.320000457763676,0.0,62.320000457763676,3.645729861504272e-10,0
26,46.339004799836175,0.0,700.7000045776367,700.7000045776367,1.0,0,1,1.0,1.0,1.0,1,1,1,1,1,0,0,6,0.0,0.0,911.9723666162424,1028.0608975439138,1,17,2,2024-08-03,0.0,70.07000045776367,70.07000045776367,4.0421665591849987e-10,0
27,58.2400005340574,686.8000049591064,692.4000053405762,1379.2000102996826,1.0,0,1,1.0,1.0,1.0,1,1,1,1,1,0,6,0,0.0,0.0,899.2204692840573,996.9599506378177,1,17,2,2024-08-03,68.68000049591065,69.24000053405761,137.92000102996826,8.297631867359297e-10,0
28,346.37964976539064,719.9000053405762,0.0,719.9000053405762,1.0,0,1,1.0,1.0,1.0,1,1,1,1,1,6,0,0,0.0,0.0,1214.4149280857032,736.3203014064843,1,17,2,2024-08-03,71.99000053405761,0.0,71.99000053405761,1.5409800744898207e-08,0
29,0.0,0.0,0.0,0.0,1.0,0,1,1.0,1.0,0.0,1,1,0,1,1,0,0,6,0.0,0.0,900.8731689453125,1021.039306640625,0,17,2,2024-08-03,0.0,0.0,0.0,0.0,0
30,241.57592976355616,828.2000045776367,0.0,828.2000045776367,1.0,0,1,1.0,1.0,1.0,1,1,1,1,1,6,0,0,0.0,0.0,1161.6490498807436,798.6633280489439,1,17,2,2024-08-03,82.82000045776368,0.0,82.82000045776368,2.4501100575499462e-09,0
31,0.0,0.0,0.0,0.0,1.0,0,1,1.0,1.0,0.0,1,1,0,1,1,0,0,6,0.0,0.0,933.148193359375,1031.8616943359375,0,17,2,2024-08-03,0.0,0.0,0.0,0.0,0
32,0.0,0.0,0.0,0.0,1.0,0,1,1.0,1.0,0.0,1,1,0,1,1,0,0,6,0.0,0.0,854.2591552734375,946.6616821289062,0,17,2,2024-08-03,0.0,0.0,0.0,0.0,0
33,133.65500144958494,689.7000045776367,689.7000045776367,1379.4000091552734,1.0,0,1,1.0,1.0,1.0,1,1,1,1,1,6,0,0,0.0,0.0,1014.4478481292724,823.8457309722901,1,17,2,2024-08-03,68.97000045776367,68.97000045776367,137.94000091552735,1.935833007946494e-09,0
34,146.4700004577637,689.7000045776367,689.7000045776367,1379.4000091552734,1.0,0,1,1.0,1.0,1.0,1,1,1,1,1,0,3,3,0.0,0.0,1063.6338188171387,840.7309272766113,1,17,2,2024-08-03,68.97000045776367,68.97000045776367,137.94000091552735,0.07189542300379578,0
35,222.11984296897236,667.9157193868118,661.2001795651826,1329.1158989519945,1.0,0,1,1.0,1.0,1.0,1,1,1,1,1,0,2,4,0.0,0.0,1117.2691349611598,756.9828181638402,1,17,2,2024-08-03,66.79157193868119,66.12001795651825,132.91158989519946,0.026011697551789205,0
36,81.72000045776366,250.0,817.2000045776367,1067.2000045776367,1.0,0,1,1.0,1.0,1.0,1,1,1,1,1,0,5,1,0.0,0.0,949.76058883667,861.2829292297363,1,17,2,2024-08-03,25.0,81.72000045776367,106.72000045776367,0.015014551861827844,0
37,54.43566728969144,826.3666714986166,831.5000038146973,1657.8666753133139,1.0,0,1,1.0,1.0,1.0,1,1,1,1,1,0,6,0,0.0,0.0,897.2495100631289,866.9893815384336,1,17,2,2024-08-03,82.63666714986167,83.15000038146974,165.7866675313314,0.037698066977177196,0
38,111.54000129699709,813.4000053405762,813.4000053405762,1626.8000106811523,1.0,0,1,1.0,1.0,1.0,1,1,1,1,1,0,4,2,0.0,0.11672617645949955,864.4878162384033,718.4549327850342,1,17,2,2024-08-03,81.34000053405762,81.34000053405762,162.68000106811525,0.144607843691297,0
39,790.7900058746338,708.9000053405762,0.0,708.9000053405762,1.0,0,1,1.0,1.0,1.0,1,1,1,1,1,6,0,0,0.0,0.0,1557.0296909332276,0.0,1,17,2,2024-08-03,70.89000053405762,0.0,70.89000053405762,3.9282395083575415e-08,0
40,227.73314407336073,631.4986722310384,0.0,631.4986722310384,1.0,0,1,1.0,1.0,1.0,1,1,1,1,1,6,0,0,0.0,0.0,1051.0331929014858,497.6467997742955,1,17,2,2024-08-03,63.14986722310385,0.0,63.14986722310385,7.973531881608935e-09,0
41,576.3009366099064,621.990672047933,0.0,621.990672047933,1.0,0,1,1.0,1.0,1.0,1,1,1,1,1,0,6,0,0.0,0.0,1368.8009366099063,72.5646029408748,1,17,2,2024-08-03,62.1990672047933,0.0,62.1990672047933,4.460768232260224e-08,0
42,79.30032700540058,583.3666714986166,588.5000038146973,1171.8666753133139,1.0,0,1,1.0,1.0,1.0,1,1,1,1,1,0,6,0,0.0,0.27787306043957516,825.1003147983694,424.9717066860057,1,17,2,2024-08-03,58.33666714986166,58.85000038146973,117.1866675313314,0.20350193524192542,0
43,51.98000030517579,519.8000030517578,519.8000030517578,1039.6000061035156,1.0,0,1,1.0,1.0,1.0,1,1,1,1,1,0,6,0,0.0,0.1838751088964699,745.9800003051757,424.22172088623046,1,17,2,2024-08-03,51.980000305175786,51.980000305175786,103.96000061035157,0.03594771091696876,0
44,53.81073212087761,440.0666669209798,444.10000228881836,884.1666692097981,1.0,0,1,1.0,1.0,1.0,1,1,1,1,1,0,6,0,0.0,0.11989765720549317,728.6107809490026,390.8534524494349,1,17,2,2024-08-03,44.00666669209798,44.41000022888184,88.41666692097982,0.006565764609409588,0
45,-52.110002136230456,370.76666768391925,374.8000030517578,745.566670735677,1.0,0,1,1.0,1.0,1.0,1,1,1,1,1,0,6,0,0.0,0.0,630.9900344848633,502.43080291748043,1,17,2,2024-08-03,37.076666768391924,37.480000305175786,74.55666707356771,0.044356313739571086,0
46,-50.74000091552735,315.4000015258789,315.4000015258789,630.8000030517578,1.0,0,1,1.0,1.0,1.0,1,1,1,1,1,0,1,5,0.0,0.0,610.3600357055664,524.1585189819336,1,17,2,2024-08-03,31.540000152587893,31.540000152587893,63.08000030517579,0.014705883329714167,0
47,64.7211436254023,344.50000381469727,310.8654002103277,655.365404025025,1.0,0,1,1.0,1.0,1.0,1,1,1,1,1,0,6,0,0.0,0.0,679.1211680394648,375.0774403589727,1,17,2,2024-08-03,34.45000038146973,31.086540021032775,65.5365404025025,0.011625958077394577,0
0,0.0,0.0,0.0,0.0,1.0,0,1,1.0,1.0,0.5,1,1,0,1,1,0,0,6,0.0,0.0,240.8000030517578,256.6000061035156,0,18,0,2024-08-03,0.0,0.0,0.0,0.0,0
1,0.0,0.0,0.0,0.0,1.0,0,1,1.0,1.0,0.0,1,1,0,1,1,0,0,6,0.0,0.0,240.8000030517578,256.6000061035156,0,18,0,2024-08-03,0.0,0.0,0.0,0.0,0
2,0.0,0.0,0.0,0.0,1.0,0,1,1.0,1.0,0.0,1,1,0,1,1,0,0,6,0.0,0.0,229.8000030517578,245.60000610351562,0,18,0,2024-08-03,0.0,0.0,0.0,0.0,0
3,0.0,0.0,0.0,0.0,1.0,0,1,1.0,1.0,0.6666666666666666,1,1,0,1,1,0,0,6,0.0,0.0,210.59999084472656,226.39999389648438,0,18,0,2024-08-03,0.0,0.0,0.0,0.0,0
4,0.0,0.0,0.0,0.0,1.0,0,1,1.0,1.0,1.0,1,1,1,1,1,0,0,6,0.0,0.0,210.59999084472656,226.39999389648438,0,18,0,2024-08-03,0.0,0.0,0.0,0.0,0
5,0.0,0.0,0.0,0.0,1.0,0,1,1.0,1.0,0.5,1,1,0,1,1,0,0,6,0.0,0.0,210.59999084472656,226.39999389648438,0,18,0,2024-08-03,0.0,0.0,0.0,0.0,0
6,0.0,0.0,0.0,0.0,1.0,0,1,1.0,1.0,0.0,1,1,0,1,1,0,0,6,0.0,0.0,210.59999084472656,226.39999389648438,0,18,0,2024-08-03,0.0,0.0,0.0,0.0,0
7,0.0,0.0,0.0,0.0,1.0,0,1,1.0,1.0,0.8333333333333334,1,1,0,1,1,0,0,6,0.0,0.0,199.59999084472656,215.39999389648438,0,18,0,2024-08-03,0.0,0.0,0.0,0.0,0
8,0.0,0.0,0.0,0.0,1.0,0,1,1.0,1.0,0.8333333333333334,1,1,0,1,1,0,0,6,0.0,0.0,180.39999389648438,196.1999969482422,0,18,0,2024-08-03,0.0,0.0,0.0,0.0,0
9,0.0,0.0,0.0,0.0,1.0,0,1,1.0,1.0,1.0,1,1,1,1,1,0,0,6,0.0,0.0,180.39999389648438,196.1999969482422,0,18,0,2024-08-03,0.0,0.0,0.0,0.0,0
10,0.0,0.0,0.0,0.0,1.0,0,1,1.0,1.0,1.0,1,1,1,1,1,0,0,6,0.0,0.0,180.39999389648438,196.1999969482422,0,18,0,2024-08-03,0.0,0.0,0.0,0.0,0
11,0.0,0.0,0.0,0.0,1.0,0,1,1.0,1.0,1.0,1,1,1,1,1,0,0,6,0.0,0.0,180.39999389648438,196.1999969482422,0,18,0,2024-08-03,0.0,0.0,0.0,0.0,0
12,0.0,0.0,0.0,0.0,1.0,0,1,1.0,1.0,1.0,1,1,1,1,1,0,0,6,0.0,0.0,180.39999389648438,196.1999969482422,0,18,0,2024-08-03,0.0,0.0,0.0,0.0,0
13,0.0,0.0,0.0,0.0,1.0,0,1,1.0,1.0,1.0,1,1,1,1,1,0,0,6,0.0,0.0,180.39999389648438,196.1999969482422,0,18,0,2024-08-03,0.0,0.0,0.0,0.0,0
14,0.0,0.0,0.0,0.0,1.0,0,1,1.0,1.0,0.8333333333333334,1,1,0,1,1,0,0,6,0.0,0.0,265.8999938964844,287.3999938964844,0,18,0,2024-08-03,0.0,0.0,0.0,0.0,0
15,0.0,0.0,0.0,0.0,1.0,0,1,1.0,1.0,0.0,1,1,0,1,1,0,0,6,0.0,0.0,327.9000244140625,364.8999938964844,0,18,0,2024-08-03,0.0,0.0,0.0,0.0,0
16,0.0,0.0,0.0,0.0,1.0,0,1,1.0,1.0,0.0,1,1,0,1,1,0,0,6,0.0,0.0,404.79998779296875,441.79998779296875,0,18,0,2024-08-03,0.0,0.0,0.0,0.0,0
17,0.0,0.0,0.0,0.0,1.0,0,1,1.0,1.0,0.16666666666666666,1,1,0,1,1,0,0,6,0.0,0.0,531.5999755859375,580.2000122070312,0,18,0,2024-08-03,0.0,0.0,0.0,0.0,0
18,0.0,0.0,0.0,0.0,1.0,0,1,1.0,1.0,0.0,1,1,0,1,1,0,0,6,0.0,0.0,661.8666381835938,703.800048828125,0,18,0,2024-08-03,0.0,0.0,0.0,0.0,0
19,-32.11000022888189,286.10000228881836,289.60000228881836,575.7000045776367,1.0,0,1,1.0,1.0,1.0,1,1,1,1,1,0,0,6,0.0,0.0,738.4560398101806,851.3100124359131,1,18,0,2024-08-03,28.610000228881837,28.96000022888184,57.570000457763676,6.626188507385698e-10,0
20,-290.28538423672273,0.0,355.60000228881836,355.60000228881836,1.0,0,1,1.0,1.0,1.0,1,1,1,1,1,0,6,0,0.0,0.0,411.92421048983977,1097.9853964437539,1,18,0,2024-08-03,0.0,35.56000022888184,35.56000022888184,4.039278899587721e-08,0
21,-99.44500198364253,0.0,369.3000030517578,369.3000030517578,1.0,0,1,1.0,1.0,1.0,1,1,1,1,1,0,6,0,0.0,0.0,582.667668914795,934.6450141906738,1,18,0,2024-08-03,0.0,36.93000030517578,36.93000030517578,6.197720794210615e-09,0
22,43.1366633097336,489.7333386739095,492.9000053405762,982.6333440144856,1.0,0,1,1.0,1.0,1.0,1,1,1,1,1,6,0,0,0.0,0.0,739.3425959269211,863.6633855183914,1,18,0,2024-08-03,48.97333386739095,49.29000053405762,98.26333440144856,0.028527299275916157,0
23,0.0,0.0,0.0,0.0,1.0,0,1,1.0,1.0,0.0,1,1,0,1,1,0,0,6,0.0,0.0,733.8704833984375,976.0,0,18,0,2024-08-03,0.0,0.0,0.0,0.0,0
24,-3.7428079223633195,605.0760040283203,634.2000045776367,1239.276008605957,1.0,0,1,1.0,1.0,1.0,1,1,1,1,1,0,0,6,0.0,0.0,822.8782858276367,1095.7428079223632,1,18,0,2024-08-03,60.50760040283203,63.42000045776368,123.9276008605957,4.617252075565009e-11,0
25,5.12615369628758,623.2000045776367,0.0,623.2000045776367,1.0,0,1,1.0,1.0,1.0,1,1,1,1,1,0,0,6,0.0,0.0,916.0425355322251,1180.97382188965,1,18,0,2024-08-03,62.320000457763676,0.0,62.320000457763676,3.645729861504272e-10,0
26,46.339004799836175,0.0,700.7000045776367,700.7000045776367,1.0,0,1,1.0,1.0,1.0,1,1,1,1,1,0,5,1,0.0,0.0,929.9382479638987,1094.3943936376638,1,18,0,2024-08-03,0.0,70.07000045776367,70.07000045776367,0.21885521070367694,0
27,58.2400005340574,686.8000049591064,692.4000053405762,1379.2000102996826,1.0,0,1,1.0,1.0,1.0,1,1,1,1,1,0,6,0,0.0,0.0,1018.5470684051511,1099.8599750518802,1,18,0,2024-08-03,68.68000049591065,69.24000053405761,137.92000102996826,0.02197438512767426,0
28,346.37964976539064,719.9000053405762,0.0,719.9000053405762,1.0,0,1,1.0,1.0,1.0,1,1,1,1,1,6,0,0,0.0,0.0,1316.339915878672,780.9203990627343,1,18,0,2024-08-03,71.99000053405761,0.0,71.99000053405761,1.5409800744898207e-08,0
29,0.0,0.0,0.0,0.0,1.0,0,1,1.0,1.0,0.0,1,1,0,1,1,0,0,6,0.0,0.0,927.1417236328125,1069.5999755859375,0,18,0,2024-08-03,0.0,0.0,0.0,0.0,0
30,241.57592976355616,828.2000045776367,0.0,828.2000045776367,1.0,0,1,1.0,1.0,1.0,1,1,1,1,1,6,0,0,0.0,0.0,1169.6154195096499,808.7241190645689,1,18,0,2024-08-03,82.82000045776368,0.0,82.82000045776368,2.4501100575499462e-09,0
31,0.0,0.0,0.0,0.0,1.0,0,1,1.0,1.0,0.0,1,1,0,1,1,0,0,6,0.0,0.0,948.9876708984375,1050.300048828125,0,18,0,2024-08-03,0.0,0.0,0.0,0.0,0
32,0.0,0.0,0.0,0.0,1.0,0,1,1.0,1.0,0.0,1,1,0,1,1,0,0,6,0.0,0.0,1026.622802734375,1116.300048828125,0,18,0,2024-08-03,0.0,0.0,0.0,0.0,0
33,133.65500144958494,689.7000045776367,689.7000045776367,1379.4000091552734,1.0,0,1,1.0,1.0,1.0,1,1,1,1,1,6,0,0,0.0,0.0,1137.0655239105224,938.6450473785401,1,18,0,2024-08-03,68.97000045776367,68.97000045776367,137.94000091552735,1.935833007946494e-09,0
34,146.4700004577637,689.7000045776367,689.7000045776367,1379.4000091552734,1.0,0,1,1.0,1.0,1.0,1,1,1,1,1,0,4,2,0.0,0.0,1126.9256889343262,898.3300483703613,1,18,0,2024-08-03,68.97000045776367,68.97000045776367,137.94000091552735,0.3156565567400014,0
35,222.11984296897236,667.9157193868118,661.2001795651826,1329.1158989519945,1.0,0,1,1.0,1.0,1.0,1,1,1,1,1,0,6,0,0.0,0.0,1297.0198673830348,844.7048640622777,1,18,0,2024-08-03,66.79157193868119,66.12001795651825,132.91158989519946,0.25124933308390435,0
36,81.72000045776366,250.0,817.2000045776367,1067.2000045776367,1.0,0,1,1.0,1.0,1.0,1,1,1,1,1,0,0,6,0.0,0.0,1192.9199516296387,956.9342964172363,1,18,0,2024-08-03,25.0,81.72000045776367,106.72000045776367,7.148982957469444e-10,0
37,54.43566728969144,826.3666714986166,831.5000038146973,1657.8666753133139,1.0,0,1,1.0,1.0,1.0,1,1,1,1,1,0,6,0,0.0,0.0,1015.6356794967227,868.3735368118711,1,18,0,2024-08-03,82.63666714986167,83.15000038146974,165.7866675313314,0.016887144766457352,0
38,111.54000129699709,813.4000053405762,813.4000053405762,1626.8000106811523,1.0,0,1,1.0,1.0,1.0,1,1,1,1,1,0,0,6,0.0,0.018463477470031794,1019.1557849884033,798.3818126678467,1,18,0,2024-08-03,81.34000053405762,81.34000053405762,162.68000106811525,2.344908679327907e-10,0
39,790.7900058746338,708.9000053405762,0.0,708.9000053405762,1.0,0,1,1.0,1.0,1.0,1,1,1,1,1,6,0,0,0.0,0.0,1714.9934970855713,97.98276023864742,1,18,0,2024-08-03,70.89000053405762,0.0,70.89000053405762,3.9282395083575415e-08,0
40,227.73314407336073,631.4986722310384,0.0,631.4986722310384,1.0,0,1,1.0,1.0,1.0,1,1,1,1,1,6,0,0,0.0,0.0,1148.0238545225795,606.975046844608,1,18,0,2024-08-03,63.14986722310385,0.0,63.14986722310385,7.973531881608935e-09,0
41,576.3009366099064,621.990672047933,0.0,621.990672047933,1.0,0,1,1.0,1.0,1.0,1,1,1,1,1,0,6,0,0.0,0.0,1439.0009488169376,50.805874913531056,1,18,0,2024-08-03,62.1990672047933,0.0,62.1990672047933,4.460768232260224e-08,0
42,79.30032700540058,583.3666714986166,588.5000038146973,1171.8666753133139,1.0,0,1,1.0,1.0,1.0,1,1,1,1,1,1,5,0,0.0,0.19855048584887483,914.5003392124319,471.65304213522444,1,18,0,2024-08-03,58.33666714986166,58.85000038146973,117.1866675313314,0.08454381689068248,0
43,51.98000030517579,519.8000030517578,519.8000030517578,1039.6000061035156,1.0,0,1,1.0,1.0,1.0,1,1,1,1,1,0,0,6,0.0,0.03265129266865096,884.3800247192382,502.8278610229492,1,18,0,2024-08-03,51.980000305175786,51.980000305175786,103.96000061035157,7.338778953582614e-10,0
44,53.81073212087761,440.0666669209798,444.10000228881836,884.1666692097981,1.0,0,1,1.0,1.0,1.0,1,1,1,1,1,0,6,0,0.0,0.0,875.2107565349401,468.5673196369349,1,18,0,2024-08-03,44.00666669209798,44.41000022888184,88.41666692097982,1.893634383652612e-09,0
45,-52.110002136230456,370.76666768391925,374.8000030517578,745.566670735677,1.0,0,1,1.0,1.0,1.0,1,1,1,1,1,0,6,0,0.0,0.0,642.3899978637695,520.1446701049805,1,18,0,2024-08-03,37.076666768391924,37.480000305175786,74.55666707356771,2.0466028771841316e-09,0
46,-50.74000091552735,315.4000015258789,315.4000015258789,630.8000030517578,1.0,0,1,1.0,1.0,1.0,1,1,1,1,1,0,0,6,0.0,0.0,605.2599990844726,497.2771713256836,1,18,0,2024-08-03,31.540000152587893,31.540000152587893,63.08000030517579,1.2094791480529353e-09,0
47,64.7211436254023,344.50000381469727,310.8654002103277,655.365404025025,1.0,0,1,1.0,1.0,1.0,1,1,1,1,1,2,4,0,0.0,0.0,709.7211436254023,370.06639299569144,1,18,0,2024-08-03,34.45000038146973,31.086540021032775,65.5365404025025,0.06371648193822106,0
0,0.0,0.0,0.0,0.0,1.0,0,1,1.0,1.0,1.0,1,1,1,1,1,0,0,6,0.0,0.0,188.1999969482422,265.3999938964844,0,18,1,2024-08-03,0.0,0.0,0.0,0.0,0
1,0.0,0.0,0.0,0.0,1.0,0,1,1.0,1.0,1.0,1,1,1,1,1,0,0,6,0.0,0.0,188.1999969482422,265.3999938964844,0,18,1,2024-08-03,0.0,0.0,0.0,0.0,0
2,0.0,0.0,0.0,0.0,1.0,0,1,1.0,1.0,0.16666666666666666,1,1,0,1,1,0,0,6,0.0,0.0,188.1999969482422,265.3999938964844,0,18,1,2024-08-03,0.0,0.0,0.0,0.0,0
3,0.0,0.0,0.0,0.0,1.0,0,1,1.0,1.0,0.0,1,1,0,1,1,0,0,6,0.0,0.0,207.39999389648438,284.5999755859375,0,18,1,2024-08-03,0.0,0.0,0.0,0.0,0
4,0.0,0.0,0.0,0.0,1.0,0,1,1.0,1.0,0.0,1,1,0,1,1,0,0,6,0.0,0.0,207.39999389648438,284.5999755859375,0,18,1,2024-08-03,0.0,0.0,0.0,0.0,0
5,0.0,0.0,0.0,0.0,1.0,0,1,1.0,1.0,0.0,1,1,0,1,1,0,0,6,0.0,0.0,207.39999389648438,284.5999755859375,0,18,1,2024-08-03,0.0,0.0,0.0,0.0,0
6,0.0,0.0,0.0,0.0,1.0,0,1,1.0,1.0,0.16666666666666666,1,1,0,1,1,0,0,6,0.0,0.0,188.1999969482422,265.3999938964844,0,18,1,2024-08-03,0.0,0.0,0.0,0.0,0
7,0.0,0.0,0.0,0.0,1.0,0,1,1.0,1.0,0.16666666666666666,1,1,0,1,1,0,0,6,0.0,0.0,188.1999969482422,265.3999938964844,0,18,1,2024-08-03,0.0,0.0,0.0,0.0,0
8,0.0,0.0,0.0,0.0,1.0,0,1,1.0,1.0,0.0,1,1,0,1,1,0,0,6,0.0,0.0,188.1999969482422,265.3999938964844,0,18,1,2024-08-03,0.0,0.0,0.0,0.0,0
9,0.0,0.0,0.0,0.0,1.0,0,1,1.0,1.0,0.0,1,1,0,1,1,0,0,6,0.0,0.0,215.6999969482422,292.8999938964844,0,18,1,2024-08-03,0.0,0.0,0.0,0.0,0
10,0.0,0.0,0.0,0.0,1.0,0,1,1.0,1.0,0.0,1,1,0,1,1,0,0,6,0.0,0.0,245.89999389648438,292.8999938964844,0,18,1,2024-08-03,0.0,0.0,0.0,0.0,0
11,0.0,0.0,0.0,0.0,1.0,0,1,1.0,1.0,0.0,1,1,0,1,1,0,0,6,0.0,0.0,245.89999389648438,292.8999938964844,0,18,1,2024-08-03,0.0,0.0,0.0,0.0,0
12,0.0,0.0,0.0,0.0,1.0,0,1,1.0,1.0,0.0,1,1,0,1,1,0,0,6,0.0,0.0,273.3999938964844,320.3999938964844,0,18,1,2024-08-03,0.0,0.0,0.0,0.0,0
13,0.0,0.0,0.0,0.0,1.0,0,1,1.0,1.0,0.0,1,1,0,1,1,0,0,6,0.0,0.0,350.9000244140625,397.9000244140625,0,18,1,2024-08-03,0.0,0.0,0.0,0.0,0
14,0.0,0.0,0.0,0.0,1.0,0,1,1.0,1.0,0.0,1,1,0,1,1,0,0,6,0.0,0.0,361.9000244140625,408.9000244140625,0,18,1,2024-08-03,0.0,0.0,0.0,0.0,0
15,0.0,0.0,0.0,0.0,1.0,0,1,1.0,1.0,0.0,1,1,0,1,1,0,0,6,0.0,0.0,389.4000244140625,436.4000244140625,0,18,1,2024-08-03,0.0,0.0,0.0,0.0,0
16,0.0,0.0,0.0,0.0,1.0,0,1,1.0,1.0,0.0,1,1,0,1,1,0,0,6,0.0,0.0,450.60003662109375,477.60003662109375,0,18,1,2024-08-03,0.0,0.0,0.0,0.0,0
17,0.0,0.0,0.0,0.0,1.0,0,1,1.0,1.0,0.0,1,1,0,1,1,0,0,6,0.0,0.0,535.7000732421875,562.7000732421875,0,18,1,2024-08-03,0.0,0.0,0.0,0.0,0
18,0.0,0.0,0.0,0.0,1.0,0,1,1.0,1.0,0.0,1,1,0,1,1,0,0,6,0.0,0.0,611.5000610351562,658.800048828125,0,18,1,2024-08-03,0.0,0.0,0.0,0.0,0
19,-32.11000022888189,286.10000228881836,289.60000228881836,575.7000045776367,1.0,0,1,1.0,1.0,1.0,1,1,1,1,1,0,0,6,0.0,0.0,622.6221775054931,739.7099758148194,1,18,1,2024-08-03,28.610000228881837,28.96000022888184,57.570000457763676,6.626188507385698e-10,0
20,-290.28538423672273,0.0,355.60000228881836,355.60000228881836,1.0,0,1,1.0,1.0,1.0,1,1,1,1,1,0,6,0,0.0,0.0,314.58448881015227,1014.3854818929727,1,18,1,2024-08-03,0.0,35.56000022888184,35.56000022888184,4.039278899587721e-08,0
21,-99.44500198364253,0.0,369.3000030517578,369.3000030517578,1.0,0,1,1.0,1.0,1.0,1,1,1,1,1,0,6,0,0.0,0.0,433.5808158874512,867.5450996398926,1,18,1,2024-08-03,0.0,36.93000030517578,36.93000030517578,6.197720794210615e-09,0
22,43.1366633097336,489.7333386739095,492.9000053405762,982.6333440144856,1.0,0,1,1.0,1.0,1.0,1,1,1,1,1,6,0,0,0.0,0.0,563.0863703409836,752.4633122762039,1,18,1,2024-08-03,48.97333386739095,49.29000053405762,98.26333440144856,0.028527299275916157,0
23,0.0,0.0,0.0,0.0,1.0,0,1,1.0,1.0,0.0,1,1,0,1,1,0,0,6,0.0,0.0,591.3724365234375,892.4000244140625,0,18,1,2024-08-03,0.0,0.0,0.0,0.0,0
24,-3.7428079223633195,605.0760040283203,634.2000045776367,1239.276008605957,1.0,0,1,1.0,1.0,1.0,1,1,1,1,1,0,0,6,0.08014910831398431,0.0,556.5797018432617,887.9428811645508,1,18,1,2024-08-03,60.50760040283203,63.42000045776368,123.9276008605957,4.617252075565009e-11,0
25,5.12615369628758,623.2000045776367,0.0,623.2000045776367,1.0,0,1,1.0,1.0,1.0,1,1,1,1,1,0,0,6,0.39614019461297656,0.0,376.32543348144384,854.8739073388687,1,18,1,2024-08-03,62.320000457763676,0.0,62.320000457763676,3.645729861504272e-10,0
26,46.339004799836175,0.0,700.7000045776367,700.7000045776367,1.0,0,1,1.0,1.0,1.0,1,1,1,1,1,0,5,1,0.0,0.0,402.14915494632055,813.6610562353201,1,18,1,2024-08-03,0.0,70.07000045776367,70.07000045776367,0.21885521070367694,0
27,58.2400005340574,686.8000049591064,692.4000053405762,1379.2000102996826,1.0,0,1,1.0,1.0,1.0,1,1,1,1,1,0,6,0,0.14713925881360274,0.0,585.7447612762448,927.5600482940677,1,18,1,2024-08-03,68.68000049591065,69.24000053405761,137.92000102996826,0.02197438512767426,0
28,346.37964976539064,719.9000053405762,0.0,719.9000053405762,1.0,0,1,1.0,1.0,1.0,1,1,1,1,1,6,0,0,0.0,0.0,901.1965442966407,625.720386855703,1,18,1,2024-08-03,71.99000053405761,0.0,71.99000053405761,1.5409800744898207e-08,0
29,0.0,0.0,0.0,0.0,1.0,0,1,1.0,1.0,0.0,1,1,0,1,1,0,0,6,0.0,0.0,791.419921875,1041.2999267578125,0,18,1,2024-08-03,0.0,0.0,0.0,0.0,0
30,241.57592976355616,828.2000045776367,0.0,828.2000045776367,1.0,0,1,1.0,1.0,1.0,1,1,1,1,1,6,0,0,0.0,0.0,1060.4958516385561,827.2239969942564,1,18,1,2024-08-03,82.82000045776368,0.0,82.82000045776368,2.4501100575499462e-09,0
31,0.0,0.0,0.0,0.0,1.0,0,1,1.0,1.0,0.0,1,1,0,1,1,0,0,6,0.0,0.0,964.3287963867188,1107.7999267578125,0,18,1,2024-08-03,0.0,0.0,0.0,0.0,0
32,0.0,0.0,0.0,0.0,1.0,0,1,1.0,1.0,0.0,1,1,0,1,1,0,0,6,0.0,0.0,987.4515991210938,1162.89990234375,0,18,1,2024-08-03,0.0,0.0,0.0,0.0,0
33,133.65500144958494,689.7000045776367,689.7000045776367,1379.4000091552734,1.0,0,1,1.0,1.0,1.0,1,1,1,1,1,6,0,0,0.0,0.0,1104.4066493988037,1020.9449741363526,1,18,1,2024-08-03,68.97000045776367,68.97000045776367,137.94000091552735,1.935833007946494e-09,0
34,146.4700004577637,689.7000045776367,689.7000045776367,1379.4000091552734,1.0,0,1,1.0,1.0,1.0,1,1,1,1,1,0,4,2,0.0,0.0,1166.0047904968262,1022.3125923156738,1,18,1,2024-08-03,68.97000045776367,68.97000045776367,137.94000091552735,0.3156565567400014,0
35,222.11984296897236,667.9157193868118,661.2001795651826,1329.1158989519945,1.0,0,1,1.0,1.0,1.0,1,1,1,1,1,0,6,0,0.0,0.0,1321.8368839845973,897.7669978513402,1,18,1,2024-08-03,66.79157193868119,66.12001795651825,132.91158989519946,0.25124933308390435,0
36,81.72000045776366,250.0,817.2000045776367,1067.2000045776367,1.0,0,1,1.0,1.0,1.0,1,1,1,1,1,0,0,6,0.0,0.0,1126.3244926452637,978.0879829406738,1,18,1,2024-08-03,25.0,81.72000045776367,106.72000045776367,7.148982957469444e-10,0
37,54.43566728969144,826.3666714986166,831.5000038146973,1657.8666753133139,1.0,0,1,1.0,1.0,1.0,1,1,1,1,1,0,6,0,0.0,0.0,911.7576887740664,834.2642838821836,1,18,1,2024-08-03,82.63666714986167,83.15000038146974,165.7866675313314,0.016887144766457352,0
38,111.54000129699709,813.4000053405762,813.4000053405762,1626.8000106811523,1.0,0,1,1.0,1.0,1.0,1,1,1,1,1,0,0,6,0.0,0.03103031140887445,980.945274734497,788.159949874878,1,18,1,2024-08-03,81.34000053405762,81.34000053405762,162.68000106811525,2.344908679327907e-10,0
39,790.7900058746338,708.9000053405762,0.0,708.9000053405762,1.0,0,1,1.0,1.0,1.0,1,1,1,1,1,6,0,0,0.0,0.0,1718.4355136871338,164.94229393005367,1,18,1,2024-08-03,70.89000053405762,0.0,70.89000053405762,3.9282395083575415e-08,0
40,227.73314407336073,631.4986722310384,0.0,631.4986722310384,1.0,0,1,1.0,1.0,1.0,1,1,1,1,1,6,0,0,0.0,0.0,1110.933156280392,599.3285014344517,1,18,1,2024-08-03,63.14986722310385,0.0,63.14986722310385,7.973531881608935e-09,0
41,576.3009366099064,621.990672047933,0.0,621.990672047933,1.0,0,1,1.0,1.0,1.0,1,1,1,1,1,0,6,0,0.0,0.0,1436.9009121958438,100.3097201283748,1,18,1,2024-08-03,62.1990672047933,0.0,62.1990672047933,4.460768232260224e-08,0
42,79.30032700540058,583.3666714986166,588.5000038146973,1171.8666753133139,1.0,0,1,1.0,1.0,1.0,1,1,1,1,1,1,5,0,0.0,0.0,947.3336522007131,594.8169825649119,1,18,1,2024-08-03,58.33666714986166,58.85000038146973,117.1866675313314,0.08454381689068248,0
43,51.98000030517579,519.8000030517578,519.8000030517578,1039.6000061035156,1.0,0,1,1.0,1.0,1.0,1,1,1,1,1,0,0,6,0.0,0.0,885.0800369262695,585.054606628418,1,18,1,2024-08-03,51.980000305175786,51.980000305175786,103.96000061035157,7.338778953582614e-10,0
44,53.81073212087761,440.0666669209798,444.10000228881836,884.1666692097981,1.0,0,1,1.0,1.0,1.0,1,1,1,1,1,0,6,0,0.0,0.0,767.6107809490026,487.37768340646613,1,18,1,2024-08-03,44.00666669209798,44.41000022888184,88.41666692097982,1.893634383652612e-09,0
45,-52.110002136230456,370.76666768391925,374.8000030517578,745.566670735677,1.0,0,1,1.0,1.0,1.0,1,1,1,1,1,0,6,0,0.0,0.0,661.6900466918945,593.2984176635742,1,18,1,2024-08-03,37.076666768391924,37.480000305175786,74.55666707356771,2.0466028771841316e-09,0
46,-50.74000091552735,315.4000015258789,315.4000015258789,630.8000030517578,1.0,0,1,1.0,1.0,1.0,1,1,1,1,1,0,0,6,0.0,0.0,629.4351699829101,616.8474838256836,1,18,1,2024-08-03,31.540000152587893,31.540000152587893,63.08000030517579,1.2094791480529353e-09,0
47,64.7211436254023,344.50000381469727,310.8654002103277,655.365404025025,1.0,0,1,1.0,1.0,1.0,1,1,1,1,1,2,4,0,0.0,0.0,744.7249278050898,512.5847035425664,1,18,1,2024-08-03,34.45000038146973,31.086540021032775,65.5365404025025,0.06371648193822106,0
0,0.0,0.0,0.0,0.0,1.0,0,1,1.0,1.0,1.0,1,1,1,1,1,0,0,6,0.0,0.0,224.5,251.09999084472656,0,18,2,2024-08-03,0.0,0.0,0.0,0.0,0
1,0.0,0.0,0.0,0.0,1.0,0,1,1.0,1.0,1.0,1,1,1,1,1,0,0,6,0.0,0.0,224.5,251.09999084472656,0,18,2,2024-08-03,0.0,0.0,0.0,0.0,0
2,0.0,0.0,0.0,0.0,1.0,0,1,1.0,1.0,1.0,1,1,1,1,1,0,0,6,0.0,0.0,224.5,251.09999084472656,0,18,2,2024-08-03,0.0,0.0,0.0,0.0,0
3,0.0,0.0,0.0,0.0,1.0,0,1,1.0,1.0,1.0,1,1,1,1,1,0,0,6,0.0,0.0,274.5,301.0999755859375,0,18,2,2024-08-03,0.0,0.0,0.0,0.0,0
4,0.0,0.0,0.0,0.0,1.0,0,1,1.0,1.0,1.0,1,1,1,1,1,0,0,6,0.0,0.0,302.0,328.6000061035156,0,18,2,2024-08-03,0.0,0.0,0.0,0.0,0
5,0.0,0.0,0.0,0.0,1.0,0,1,1.0,1.0,1.0,1,1,1,1,1,0,0,6,0.0,0.0,302.0,328.6000061035156,0,18,2,2024-08-03,0.0,0.0,0.0,0.0,0
6,0.0,0.0,0.0,0.0,1.0,0,1,1.0,1.0,0.0,1,1,0,1,1,0,0,6,0.0,0.0,302.0,328.6000061035156,0,18,2,2024-08-03,0.0,0.0,0.0,0.0,0
7,0.0,0.0,0.0,0.0,1.0,0,1,1.0,1.0,0.0,1,1,0,1,1,0,0,6,0.0,0.0,274.5,301.1000061035156,0,18,2,2024-08-03,0.0,0.0,0.0,0.0,0
8,0.0,0.0,0.0,0.0,1.0,0,1,1.0,1.0,0.0,1,1,0,1,1,0,0,6,0.0,0.0,224.5,251.09999084472656,0,18,2,2024-08-03,0.0,0.0,0.0,0.0,0
9,0.0,0.0,0.0,0.0,1.0,0,1,1.0,1.0,0.3333333333333333,1,1,0,1,1,0,0,6,0.0,0.0,224.5,251.09999084472656,0,18,2,2024-08-03,0.0,0.0,0.0,0.0,0
10,0.0,0.0,0.0,0.0,1.0,0,1,1.0,1.0,1.0,1,1,1,1,1,0,0,6,0.0,0.0,224.5,251.09999084472656,0,18,2,2024-08-03,0.0,0.0,0.0,0.0,0
11,0.0,0.0,0.0,0.0,1.0,0,1,1.0,1.0,0.3333333333333333,1,1,0,1,1,0,0,6,0.0,0.0,224.5,251.09999084472656,0,18,2,2024-08-03,0.0,0.0,0.0,0.0,0
12,0.0,0.0,0.0,0.0,1.0,0,1,1.0,1.0,0.16666666666666666,1,1,0,1,1,0,0,6,0.0,0.0,201.09999084472656,201.09999084472656,0,18,2,2024-08-03,0.0,0.0,0.0,0.0,0
13,0.0,0.0,0.0,0.0,1.0,0,1,1.0,1.0,0.6666666666666666,1,1,0,1,1,0,0,6,0.0,0.0,281.29998779296875,279.29998779296875,0,18,2,2024-08-03,0.0,0.0,0.0,0.0,0
14,0.0,0.0,0.0,0.0,1.0,0,1,1.0,1.0,0.0,1,1,0,1,1,0,0,6,0.0,0.0,363.3000183105469,361.8000183105469,0,18,2,2024-08-03,0.0,0.0,0.0,0.0,0
15,0.0,0.0,0.0,0.0,1.0,0,1,1.0,1.0,0.0,1,1,0,1,1,0,0,6,0.0,0.0,390.8000183105469,389.3000183105469,0,18,2,2024-08-03,0.0,0.0,0.0,0.0,0
16,0.0,0.0,0.0,0.0,1.0,0,1,1.0,1.0,0.0,1,1,0,1,1,0,0,6,0.0,0.0,390.8000183105469,389.3000183105469,0,18,2,2024-08-03,0.0,0.0,0.0,0.0,0
17,0.0,0.0,0.0,0.0,1.0,0,1,1.0,1.0,0.0,1,1,0,1,1,0,0,6,0.0,0.0,446.9000244140625,475.0,0,18,2,2024-08-03,0.0,0.0,0.0,0.0,0
18,0.0,0.0,0.0,0.0,1.0,0,1,1.0,1.0,0.5,1,1,0,1,1,0,0,6,0.0,0.0,553.7999877929688,618.4000244140625,0,18,2,2024-08-03,0.0,0.0,0.0,0.0,0
19,-32.11000022888189,286.10000228881836,289.60000228881836,575.7000045776367,1.0,0,1,1.0,1.0,1.0,1,1,1,1,1,0,0,6,0.0,0.0,540.8899997711181,669.7100368499756,1,18,2,2024-08-03,28.610000228881837,28.96000022888184,57.570000457763676,6.626188507385698e-10,0
20,-290.28538423672273,0.0,355.60000228881836,355.60000228881836,1.0,0,1,1.0,1.0,1.0,1,1,1,1,1,0,6,0,0.0,0.0,317.155228556246,1059.0854330648476,1,18,2,2024-08-03,0.0,35.56000022888184,35.56000022888184,4.039278899587721e-08,0
21,-99.44500198364253,0.0,369.3000030517578,369.3000030517578,1.0,0,1,1.0,1.0,1.0,1,1,1,1,1,0,6,0,0.0,0.0,416.17120895385744,840.7450508117676,1,18,2,2024-08-03,0.0,36.93000030517578,36.93000030517578,6.197720794210615e-09,0
22,43.1366633097336,489.7333386739095,492.9000053405762,982.6333440144856,1.0,0,1,1.0,1.0,1.0,1,1,1,1,1,6,0,0,0.0,0.0,521.7210749308274,700.8633366902664,1,18,2,2024-08-03,48.97333386739095,49.29000053405762,98.26333440144856,0.028527299275916157,0
23,0.0,0.0,0.0,0.0,1.0,0,1,1.0,1.0,0.0,1,1,0,1,1,0,0,6,0.0,0.0,556.3236083984375,809.9000244140625,0,18,2,2024-08-03,0.0,0.0,0.0,0.0,0
24,-3.7428079223633195,605.0760040283203,634.2000045776367,1239.276008605957,1.0,0,1,1.0,1.0,1.0,1,1,1,1,1,0,0,6,0.0,0.0,621.6530050659179,852.0427957153321,1,18,2,2024-08-03,60.50760040283203,63.42000045776368,123.9276008605957,4.617252075565009e-11,0
25,5.12615369628758,623.2000045776367,0.0,623.2000045776367,1.0,0,1,1.0,1.0,1.0,1,1,1,1,1,0,0,6,0.0084220065711489,0.0,617.9514100439438,859.0738585107437,1,18,2,2024-08-03,62.320000457763676,0.0,62.320000457763676,3.645729861504272e-10,0
26,46.339004799836175,0.0,700.7000045776367,700.7000045776367,1.0,0,1,1.0,1.0,1.0,1,1,1,1,1,0,5,1,0.0,0.0,676.0164339990549,850.3610074071951,1,18,2,2024-08-03,0.0,70.07000045776367,70.07000045776367,0.21885521070367694,0
27,58.2400005340574,686.8000049591064,692.4000053405762,1379.2000102996826,1.0,0,1,1.0,1.0,1.0,1,1,1,1,1,0,6,0,0.0,0.0,753.7473857879636,865.9600116729739,1,18,2,2024-08-03,68.68000049591065,69.24000053405761,137.92000102996826,0.02197438512767426,0
28,346.37964976539064,719.9000053405762,0.0,719.9000053405762,1.0,0,1,1.0,1.0,1.0,1,1,1,1,1,6,0,0,0.0,0.0,1132.7839466403907,655.3203624416406,1,18,2,2024-08-03,71.99000053405761,0.0,71.99000053405761,1.5409800744898207e-08,0
29,0.0,0.0,0.0,0.0,1.0,0,1,1.0,1.0,0.0,1,1,0,1,1,0,0,6,0.0,0.0,816.1746826171875,957.7000122070312,0,18,2,2024-08-03,0.0,0.0,0.0,0.0,0
30,241.57592976355616,828.2000045776367,0.0,828.2000045776367,1.0,0,1,1.0,1.0,1.0,1,1,1,1,1,6,0,0,0.0,0.0,1100.7145406033999,736.0241068575376,1,18,2,2024-08-03,82.82000045776368,0.0,82.82000045776368,2.4501100575499462e-09,0
31,0.0,0.0,0.0,0.0,1.0,0,1,1.0,1.0,0.0,1,1,0,1,1,0,0,6,0.0,0.0,887.7247924804688,988.6000366210938,0,18,2,2024-08-03,0.0,0.0,0.0,0.0,0
32,0.0,0.0,0.0,0.0,1.0,0,1,1.0,1.0,0.0,1,1,0,1,1,0,0,6,0.0,0.0,887.7247924804688,988.6000366210938,0,18,2,2024-08-03,0.0,0.0,0.0,0.0,0
33,133.65500144958494,689.7000045776367,689.7000045776367,1379.4000091552734,1.0,0,1,1.0,1.0,1.0,1,1,1,1,1,6,0,0,0.0,0.0,1054.2798183441162,879.5450107574463,1,18,2,2024-08-03,68.97000045776367,68.97000045776367,137.94000091552735,1.935833007946494e-09,0
34,146.4700004577637,689.7000045776367,689.7000045776367,1379.4000091552734,1.0,0,1,1.0,1.0,1.0,1,1,1,1,1,0,4,2,0.0,0.0,1066.6349174499512,831.0300605773925,1,18,2,2024-08-03,68.97000045776367,68.97000045776367,137.94000091552735,0.3156565567400014,0
35,222.11984296897236,667.9157193868118,661.2001795651826,1329.1158989519945,1.0,0,1,1.0,1.0,1.0,1,1,1,1,1,0,6,0,0.0,0.0,1106.7468571291286,663.6777644529027,1,18,2,2024-08-03,66.79157193868119,66.12001795651825,132.91158989519946,0.25124933308390435,0
36,81.72000045776366,250.0,817.2000045776367,1067.2000045776367,1.0,0,1,1.0,1.0,1.0,1,1,1,1,1,0,0,6,0.0,0.08222622762320868,920.72006149292,750.0047309875488,1,18,2,2024-08-03,25.0,81.72000045776367,106.72000045776367,7.148982957469444e-10,0
37,54.43566728969144,826.3666714986166,831.5000038146973,1657.8666753133139,1.0,0,1,1.0,1.0,1.0,1,1,1,1,1,0,6,0,0.0,0.05548481306627291,901.7357161178164,785.3643815384336,1,18,2,2024-08-03,82.63666714986167,83.15000038146974,165.7866675313314,0.016887144766457352,0
38,111.54000129699709,813.4000053405762,813.4000053405762,1626.8000106811523,1.0,0,1,1.0,1.0,1.0,1,1,1,1,1,0,0,6,0.0,0.08106705823638083,978.0400623321533,747.4600597381592,1,18,2,2024-08-03,81.34000053405762,81.34000053405762,162.68000106811525,2.344908679327907e-10,0
39,790.7900058746338,708.9000053405762,0.0,708.9000053405762,1.0,0,1,1.0,1.0,1.0,1,1,1,1,1,6,0,0,0.0,0.0,1657.29006690979,33.623751449584915,1,18,2,2024-08-03,70.89000053405762,0.0,70.89000053405762,3.9282395083575415e-08,0
40,227.73314407336073,631.4986722310384,0.0,631.4986722310384,1.0,0,1,1.0,1.0,1.0,1,1,1,1,1,6,0,0,0.0,0.0,1168.433156280392,563.8900248719517,1,18,2,2024-08-03,63.14986722310385,0.0,63.14986722310385,7.973531881608935e-09,0
41,576.3009366099064,621.990672047933,0.0,621.990672047933,1.0,0,1,1.0,1.0,1.0,1,1,1,1,1,0,6,0,0.0,0.0,1594.5009488169376,202.5990267689998,1,18,2,2024-08-03,62.1990672047933,0.0,62.1990672047933,4.460768232260224e-08,0
42,79.30032700540058,583.3666714986166,588.5000038146973,1171.8666753133139,1.0,0,1,1.0,1.0,1.0,1,1,1,1,1,1,5,0,0.0,0.199733022547348,915.7003514194631,470.95711928366194,1,18,2,2024-08-03,58.33666714986166,58.85000038146973,117.1866675313314,0.08454381689068248,0
43,51.98000030517579,519.8000030517578,519.8000030517578,1039.6000061035156,1.0,0,1,1.0,1.0,1.0,1,1,1,1,1,0,0,6,0.0,0.17533699745840478,803.2799880981445,428.65983123779296,1,18,2,2024-08-03,51.980000305175786,51.980000305175786,103.96000061035157,7.338778953582614e-10,0
44,53.81073212087761,440.0666669209798,444.10000228881836,884.1666692097981,1.0,0,1,1.0,1.0,1.0,1,1,1,1,1,0,6,0,0.0,0.06302034088391717,805.2107565349401,416.11266875802863,1,18,2,2024-08-03,44.00666669209798,44.41000022888184,88.41666692097982,1.893634383652612e-09,0
45,-52.110002136230456,370.76666768391925,374.8000030517578,745.566670735677,1.0,0,1,1.0,1.0,1.0,1,1,1,1,1,0,6,0,0.0,0.0,647.0900100708008,486.47035369873043,1,18,2,2024-08-03,37.076666768391924,37.480000305175786,74.55666707356771,2.0466028771841316e-09,0
46,-50.74000091552735,315.4000015258789,315.4000015258789,630.8000030517578,1.0,0,1,1.0,1.0,1.0,1,1,1,1,1,0,0,6,0.0,0.0,554.9600112915039,422.9562484741211,1,18,2,2024-08-03,31.540000152587893,31.540000152587893,63.08000030517579,1.2094791480529353e-09,0
47,64.7211436254023,344.50000381469727,310.8654002103277,655.365404025025,1.0,0,1,1.0,1.0,1.0,1,1,1,1,1,2,4,0,0.0,0.13822240381086726,615.4211558324336,267.89683733162894,1,18,2,2024-08-03,34.45000038146973,31.086540021032775,65.5365404025025,0.06371648193822106,0
0,0.0,0.0,0.0,0.0,1.0,0,1,1.0,1.0,0.5,1,1,0,1,1,0,0,6,0.0,0.0,259.29998779296875,298.3999938964844,0,19,0,2024-08-03,0.0,0.0,0.0,0.0,0
1,0.0,0.0,0.0,0.0,1.0,0,1,1.0,1.0,0.0,1,1,0,1,1,0,0,6,0.0,0.0,259.29998779296875,298.3999938964844,0,19,0,2024-08-03,0.0,0.0,0.0,0.0,0
2,0.0,0.0,0.0,0.0,1.0,0,1,1.0,1.0,0.3333333333333333,1,1,0,1,1,0,0,6,0.0,0.0,212.59999084472656,251.6999969482422,0,19,0,2024-08-03,0.0,0.0,0.0,0.0,0
3,0.0,0.0,0.0,0.0,1.0,0,1,1.0,1.0,0.3333333333333333,1,1,0,1,1,0,0,6,0.0,0.0,212.59999084472656,235.1999969482422,0,19,0,2024-08-03,0.0,0.0,0.0,0.0,0
4,0.0,0.0,0.0,0.0,1.0,0,1,1.0,1.0,0.0,1,1,0,1,1,0,0,6,0.0,0.0,216.39999389648438,235.1999969482422,0,19,0,2024-08-03,0.0,0.0,0.0,0.0,0
5,0.0,0.0,0.0,0.0,1.0,0,1,1.0,1.0,0.0,1,1,0,1,1,0,0,6,0.0,0.0,216.39999389648438,235.1999969482422,0,19,0,2024-08-03,0.0,0.0,0.0,0.0,0
6,0.0,0.0,0.0,0.0,1.0,0,1,1.0,1.0,0.6666666666666666,1,1,0,1,1,0,0,6,0.0,0.0,197.1999969482422,216.0,0,19,0,2024-08-03,0.0,0.0,0.0,0.0,0
7,0.0,0.0,0.0,0.0,1.0,0,1,1.0,1.0,1.0,1,1,1,1,1,0,0,6,0.0,0.0,197.1999969482422,216.0,0,19,0,2024-08-03,0.0,0.0,0.0,0.0,0
8,0.0,0.0,0.0,0.0,1.0,0,1,1.0,1.0,0.8333333333333334,1,1,0,1,1,0,0,6,0.0,0.0,197.1999969482422,216.0,0,19,0,2024-08-03,0.0,0.0,0.0,0.0,0
9,0.0,0.0,0.0,0.0,1.0,0,1,1.0,1.0,0.0,1,1,0,1,1,0,0,6,0.0,0.0,147.1999969482422,166.0,0,19,0,2024-08-03,0.0,0.0,0.0,0.0,0
10,0.0,0.0,0.0,0.0,1.0,0,1,1.0,1.0,0.8333333333333334,1,1,0,1,1,0,0,6,0.0,0.0,119.69999694824219,138.5,0,19,0,2024-08-03,0.0,0.0,0.0,0.0,0
11,0.0,0.0,0.0,0.0,1.0,0,1,1.0,1.0,1.0,1,1,1,1,1,0,0,6,0.0,0.0,119.69999694824219,138.5,0,19,0,2024-08-03,0.0,0.0,0.0,0.0,0
12,0.0,0.0,0.0,0.0,1.0,0,1,1.0,1.0,1.0,1,1,1,1,1,0,0,6,0.0,0.0,163.1999969482422,185.1999969482422,0,19,0,2024-08-03,0.0,0.0,0.0,0.0,0
13,0.0,0.0,0.0,0.0,1.0,0,1,1.0,1.0,1.0,1,1,1,1,1,0,0,6,0.0,0.0,163.1999969482422,185.1999969482422,0,19,0,2024-08-03,0.0,0.0,0.0,0.0,0
14,0.0,0.0,0.0,0.0,1.0,0,1,1.0,1.0,0.0,1,1,0,1,1,0,0,6,0.0,0.0,184.1999969482422,223.6999969482422,0,19,0,2024-08-03,0.0,0.0,0.0,0.0,0
15,0.0,0.0,0.0,0.0,1.0,0,1,1.0,1.0,0.0,1,1,0,1,1,0,0,6,0.0,0.0,232.89999389648438,270.3999938964844,0,19,0,2024-08-03,0.0,0.0,0.0,0.0,0
16,0.0,0.0,0.0,0.0,1.0,0,1,1.0,1.0,0.0,1,1,0,1,1,0,0,6,0.0,0.0,285.8000183105469,328.1000061035156,0,19,0,2024-08-03,0.0,0.0,0.0,0.0,0
17,0.0,0.0,0.0,0.0,1.0,0,1,1.0,1.0,0.0,1,1,0,1,1,0,0,6,0.0,0.0,410.6666564941406,446.3000183105469,0,19,0,2024-08-03,0.0,0.0,0.0,0.0,0
18,0.0,0.0,0.0,0.0,1.0,0,1,1.0,1.0,0.0,1,1,0,1,1,0,0,6,0.0,0.0,460.70001220703125,511.70001220703125,0,19,0,2024-08-03,0.0,0.0,0.0,0.0,0
19,-32.11000022888189,286.10000228881836,289.60000228881836,575.7000045776367,1.0,0,1,1.0,1.0,1.0,1,1,1,1,1,0,5,1,0.0,0.0,493.37168922424314,624.0099636077881,1,19,0,2024-08-03,28.610000228881837,28.96000022888184,57.570000457763676,0.3807978274827681,0
20,-290.28538423672273,0.0,355.60000228881836,355.60000228881836,1.0,0,1,1.0,1.0,1.0,1,1,1,1,1,0,6,0,0.0,0.0,277.78334134921477,982.185347615629,1,19,0,2024-08-03,0.0,35.56000022888184,35.56000022888184,4.039278899587721e-08,0
21,-99.44500198364253,0.0,369.3000030517578,369.3000030517578,1.0,0,1,1.0,1.0,1.0,1,1,1,1,1,0,6,0,0.0,0.0,470.87762985229494,841.3449653625488,1,19,0,2024-08-03,0.0,36.93000030517578,36.93000030517578,6.197720794210615e-09,0
22,43.1366633097336,489.7333386739095,492.9000053405762,982.6333440144856,1.0,0,1,1.0,1.0,1.0,1,1,1,1,1,6,0,0,0.0,0.0,646.8512629191086,784.0633488972976,1,19,0,2024-08-03,48.97333386739095,49.29000053405762,98.26333440144856,0.08125965616667438,0
23,0.0,0.0,0.0,0.0,1.0,0,1,1.0,1.0,0.0,1,1,0,1,1,0,0,6,0.0,0.0,643.6602783203125,873.7999267578125,0,19,0,2024-08-03,0.0,0.0,0.0,0.0,0
24,-3.7428079223633195,605.0760040283203,634.2000045776367,1239.276008605957,1.0,0,1,1.0,1.0,1.0,1,1,1,1,1,5,0,1,0.0,0.0,646.9092916870117,885.8427835083008,1,19,0,2024-08-03,60.50760040283203,63.42000045776368,123.9276008605957,0.14215452125227876,0
25,5.12615369628758,623.2000045776367,0.0,623.2000045776367,0.5,3,0,0.5,1.0,1.0,0,1,1,0,1,6,0,0,0.36982284811343685,0.0,392.7264039404282,903.9738218896499,1,19,0,2024-08-03,62.320000457763676,0.0,62.320000457763676,0.8915636018020348,1
26,46.339004799836175,0.0,700.7000045776367,700.7000045776367,1.0,0,1,1.0,1.0,1.0,1,1,1,1,1,0,0,6,0.0,0.0,428.2534945459299,886.9610440282888,1,19,0,2024-08-03,0.0,70.07000045776367,70.07000045776367,4.0421665591849987e-10,0
27,58.2400005340574,686.8000049591064,692.4000053405762,1379.2000102996826,1.0,0,1,1.0,1.0,1.0,1,1,1,1,1,4,2,0,0.44652993952324666,0.0,380.12324028015115,847.5600482940677,1,19,0,2024-08-03,68.68000049591065,69.24000053405761,137.92000102996826,0.1681821107843404,0
28,346.37964976539064,719.9000053405762,0.0,719.9000053405762,1.0,0,1,1.0,1.0,1.0,1,1,1,1,1,6,0,0,0.038505095513503375,0.0,692.1801868747657,606.1203502346093,1,19,0,2024-08-03,71.99000053405761,0.0,71.99000053405761,0.5007802854381883,0
29,0.0,0.0,0.0,0.0,1.0,0,1,1.0,1.0,0.0,1,1,0,1,1,0,0,6,0.0,0.0,342.4270324707031,952.5,0,19,0,2024-08-03,0.0,0.0,0.0,0.0,0
30,241.57592976355616,828.2000045776367,0.0,828.2000045776367,0.16666666666666666,5,0,0.16666666666666666,1.0,1.0,0,1,1,0,1,6,0,0,0.3227412465436726,0.0,560.9057027127749,725.2241190645689,1,19,0,2024-08-03,82.82000045776368,0.0,82.82000045776368,0.5007802804549154,1
31,0.0,0.0,0.0,0.0,1.0,0,1,1.0,1.0,0.0,1,1,0,1,1,0,0,6,0.0,0.0,357.3138427734375,1032.800048828125,0,19,0,2024-08-03,0.0,0.0,0.0,0.0,0
32,0.0,0.0,0.0,0.0,1.0,0,1,1.0,1.0,0.0,1,1,0,1,1,0,0,6,0.0,0.0,605.8386840820312,1234.5,0,19,0,2024-08-03,0.0,0.0,0.0,0.0,0
33,133.65500144958494,689.7000045776367,689.7000045776367,1379.4000091552734,0.0,6,0,0.0,1.0,1.0,0,0,1,0,1,6,0,0,0.0,0.0,753.7906826019287,1100.844998550415,1,19,0,2024-08-03,68.97000045776367,68.97000045776367,137.94000091552735,0.47166515317710195,1
34,146.4700004577637,689.7000045776367,689.7000045776367,1379.4000091552734,0.0,6,0,0.0,1.0,1.0,0,0,1,0,1,6,0,0,0.05053567431076235,0.0,654.84554977417,963.2300727844238,1,19,0,2024-08-03,68.97000045776367,68.97000045776367,137.94000091552735,0.48913422954437596,1
35,222.11984296897236,667.9157193868118,661.2001795651826,1329.1158989519945,0.3333333333333333,4,0,0.0,1.0,1.0,0,0,1,0,1,4,0,2,0.0,0.0,713.7792667970973,926.5802302732152,1,19,0,2024-08-03,66.79157193868119,66.12001795651825,132.91158989519946,0.32773709705876347,1
36,81.72000045776366,250.0,817.2000045776367,1067.2000045776367,0.6666666666666666,2,0,0.0,1.0,1.0,0,0,1,0,1,2,0,4,0.0,0.0,621.37533493042,1120.2799995422363,1,19,0,2024-08-03,25.0,81.72000045776367,106.72000045776367,0.07638903146145105,1
37,54.43566728969144,826.3666714986166,831.5000038146973,1657.8666753133139,0.0,6,0,0.0,1.0,1.0,0,0,1,0,1,6,0,0,0.3338756644114529,0.0,550.4629500045352,1164.164308296246,1,19,0,2024-08-03,82.63666714986167,83.15000038146974,165.7866675313314,0.4425961634868573,1
38,111.54000129699709,813.4000053405762,813.4000053405762,1626.8000106811523,0.0,6,0,0.0,1.0,1.0,0,0,1,0,1,6,0,0,0.3799934301290012,0.0,504.31334724426273,1005.8600231170655,1,19,0,2024-08-03,81.34000053405762,81.34000053405762,162.68000106811525,0.33372347476372594,1
39,790.7900058746338,708.9000053405762,0.0,708.9000053405762,1.0,0,1,1.0,1.0,1.0,1,1,1,1,1,6,0,0,0.0,0.0,1178.4299900054932,259.74331932067867,1,19,0,2024-08-03,70.89000053405762,0.0,70.89000053405762,0.3493816139367151,0
40,227.73314407336073,631.4986722310384,0.0,631.4986722310384,1.0,0,1,1.0,1.0,1.0,1,1,1,1,1,6,0,0,0.0,0.0,752.130666046017,776.4668681336705,1,19,0,2024-08-03,63.14986722310385,0.0,63.14986722310385,0.06987632561134793,0
41,576.3009366099064,621.990672047933,0.0,621.990672047933,1.0,0,1,1.0,1.0,1.0,1,1,1,1,1,4,2,0,0.0,0.0,1130.5907315317813,361.9990511830623,1,19,0,2024-08-03,62.1990672047933,0.0,62.1990672047933,0.2562131897156326,0
42,79.30032700540058,583.3666714986166,588.5000038146973,1171.8666753133139,1.0,0,1,1.0,1.0,1.0,1,1,1,1,1,6,0,0,0.0,0.0,788.6224705600881,874.2996485805369,1,19,0,2024-08-03,58.33666714986166,58.85000038146973,117.1866675313314,3.0029631565297525e-09,0
43,51.98000030517579,519.8000030517578,519.8000030517578,1039.6000061035156,1.0,0,1,1.0,1.0,1.0,1,1,1,1,1,0,0,6,0.0,0.0,728.2965286254882,884.9533493041993,1,19,0,2024-08-03,51.980000305175786,51.980000305175786,103.96000061035157,7.338778953582614e-10,0
44,53.81073212087761,440.0666669209798,444.10000228881836,884.1666692097981,1.0,0,1,1.0,1.0,1.0,1,1,1,1,1,0,6,0,0.0,0.0,620.5210592693151,809.3007791095912,1,19,0,2024-08-03,44.00666669209798,44.41000022888184,88.41666692097982,0.023398360371807734,0
45,-52.110002136230456,370.76666768391925,374.8000030517578,745.566670735677,1.0,0,1,1.0,1.0,1.0,1,1,1,1,1,0,6,0,0.0,0.0,506.95640411376957,896.1997848510742,1,19,0,2024-08-03,37.076666768391924,37.480000305175786,74.55666707356771,0.22832658313670712,0
46,-50.74000091552735,315.4000015258789,315.4000015258789,630.8000030517578,1.0,0,1,1.0,1.0,1.0,1,1,1,1,1,0,1,5,0.0,0.0,453.48668365478517,869.8101913452149,1,19,0,2024-08-03,31.540000152587893,31.540000152587893,63.08000030517579,0.07569934463243272,0
47,64.7211436254023,344.50000381469727,310.8654002103277,655.365404025025,1.0,0,1,1.0,1.0,1.0,1,1,1,1,1,0,6,0,0.0,0.0,427.7274912816523,636.6788807886602,1,19,0,2024-08-03,34.45000038146973,31.086540021032775,65.5365404025025,3.0585693028669413e-09,0
0,0.0,0.0,0.0,0.0,1.0,0,1,1.0,1.0,1.0,1,1,1,1,1,0,0,6,0.0,0.0,161.09999084472656,203.79998779296875,0,19,1,2024-08-03,0.0,0.0,0.0,0.0,0
1,0.0,0.0,0.0,0.0,1.0,0,1,1.0,1.0,1.0,1,1,1,1,1,0,0,6,0.0,0.0,188.59999084472656,231.29998779296875,0,19,1,2024-08-03,0.0,0.0,0.0,0.0,0
2,0.0,0.0,0.0,0.0,1.0,0,1,1.0,1.0,1.0,1,1,1,1,1,0,0,6,0.0,0.0,188.59999084472656,231.29998779296875,0,19,1,2024-08-03,0.0,0.0,0.0,0.0,0
3,0.0,0.0,0.0,0.0,1.0,0,1,1.0,1.0,0.3333333333333333,1,1,0,1,1,0,0,6,0.0,0.0,161.09999084472656,203.79998779296875,0,19,1,2024-08-03,0.0,0.0,0.0,0.0,0
4,0.0,0.0,0.0,0.0,1.0,0,1,1.0,1.0,1.0,1,1,1,1,1,0,0,6,0.0,0.0,161.09999084472656,203.79998779296875,0,19,1,2024-08-03,0.0,0.0,0.0,0.0,0
5,0.0,0.0,0.0,0.0,1.0,0,1,1.0,1.0,0.8333333333333334,1,1,0,1,1,0,0,6,0.0,0.0,161.09999084472656,203.79998779296875,0,19,1,2024-08-03,0.0,0.0,0.0,0.0,0
6,0.0,0.0,0.0,0.0,1.0,0,1,1.0,1.0,0.0,1,1,0,1,1,0,0,6,0.0,0.0,161.09999084472656,203.79998779296875,0,19,1,2024-08-03,0.0,0.0,0.0,0.0,0
7,0.0,0.0,0.0,0.0,1.0,0,1,1.0,1.0,0.0,1,1,0,1,1,0,0,6,0.0,0.0,161.09999084472656,203.79998779296875,0,19,1,2024-08-03,0.0,0.0,0.0,0.0,0
8,0.0,0.0,0.0,0.0,1.0,0,1,1.0,1.0,0.0,1,1,0,1,1,0,0,6,0.0,0.0,161.09999084472656,203.79998779296875,0,19,1,2024-08-03,0.0,0.0,0.0,0.0,0
9,0.0,0.0,0.0,0.0,1.0,0,1,1.0,1.0,0.0,1,1,0,1,1,0,0,6,0.0,0.0,161.09999084472656,203.79998779296875,0,19,1,2024-08-03,0.0,0.0,0.0,0.0,0
10,0.0,0.0,0.0,0.0,1.0,0,1,1.0,1.0,0.0,1,1,0,1,1,0,0,6,0.0,0.0,161.09999084472656,203.79998779296875,0,19,1,2024-08-03,0.0,0.0,0.0,0.0,0
11,0.0,0.0,0.0,0.0,1.0,0,1,1.0,1.0,0.0,1,1,0,1,1,0,0,6,0.0,0.0,161.09999084472656,203.79998779296875,0,19,1,2024-08-03,0.0,0.0,0.0,0.0,0
12,0.0,0.0,0.0,0.0,1.0,0,1,1.0,1.0,0.0,1,1,0,1,1,0,0,6,0.0,0.0,177.75,214.79998779296875,0,19,1,2024-08-03,0.0,0.0,0.0,0.0,0
13,0.0,0.0,0.0,0.0,1.0,0,1,1.0,1.0,0.0,1,1,0,1,1,0,0,6,0.0,0.0,206.6999969482422,242.29998779296875,0,19,1,2024-08-03,0.0,0.0,0.0,0.0,0
14,0.0,0.0,0.0,0.0,1.0,0,1,1.0,1.0,0.0,1,1,0,1,1,0,0,6,0.0,0.0,253.39999389648438,289.0,0,19,1,2024-08-03,0.0,0.0,0.0,0.0,0
15,0.0,0.0,0.0,0.0,1.0,0,1,1.0,1.0,0.0,1,1,0,1,1,0,0,6,0.0,0.0,281.8999938964844,335.6999816894531,0,19,1,2024-08-03,0.0,0.0,0.0,0.0,0
16,0.0,0.0,0.0,0.0,1.0,0,1,1.0,1.0,0.0,1,1,0,1,1,0,0,6,0.0,0.0,297.9000244140625,371.5,0,19,1,2024-08-03,0.0,0.0,0.0,0.0,0
17,0.0,0.0,0.0,0.0,1.0,0,1,1.0,1.0,0.0,1,1,0,1,1,0,0,6,0.0,0.0,423.0000305175781,531.5,0,19,1,2024-08-03,0.0,0.0,0.0,0.0,0
18,0.0,0.0,0.0,0.0,1.0,0,1,1.0,1.0,0.0,1,1,0,1,1,0,0,6,0.0,0.0,626.7999877929688,690.5,0,19,1,2024-08-03,0.0,0.0,0.0,0.0,0
19,-32.11000022888189,286.10000228881836,289.60000228881836,575.7000045776367,1.0,0,1,1.0,1.0,1.0,1,1,1,1,1,0,5,1,0.0,0.0,666.0900119781494,795.2100368499756,1,19,1,2024-08-03,28.610000228881837,28.96000022888184,57.570000457763676,0.3807978274827681,0
20,-290.28538423672273,0.0,355.60000228881836,355.60000228881836,1.0,0,1,1.0,1.0,1.0,1,1,1,1,1,0,6,0,0.0,0.0,387.8762978921835,1096.1668539632851,1,19,1,2024-08-03,0.0,35.56000022888184,35.56000022888184,4.039278899587721e-08,0
21,-99.44500198364253,0.0,369.3000030517578,369.3000030517578,1.0,0,1,1.0,1.0,1.0,1,1,1,1,1,0,6,0,0.0,0.0,510.66669235229494,863.58550491333,1,19,1,2024-08-03,0.0,36.93000030517578,36.93000030517578,6.197720794210615e-09,0
22,43.1366633097336,489.7333386739095,492.9000053405762,982.6333440144856,1.0,0,1,1.0,1.0,1.0,1,1,1,1,1,6,0,0,0.0,0.0,706.5977839152024,830.7633611043289,1,19,1,2024-08-03,48.97333386739095,49.29000053405762,98.26333440144856,0.08125965616667438,0
23,0.0,0.0,0.0,0.0,1.0,0,1,1.0,1.0,0.0,1,1,0,1,1,0,0,6,0.0,0.0,728.3389892578125,962.4000244140625,0,19,1,2024-08-03,0.0,0.0,0.0,0.0,0
24,-3.7428079223633195,605.0760040283203,634.2000045776367,1239.276008605957,1.0,0,1,1.0,1.0,1.0,1,1,1,1,1,5,0,1,0.0,0.0,796.0060324096679,1046.3429055786132,1,19,1,2024-08-03,60.50760040283203,63.42000045776368,123.9276008605957,0.14215452125227876,0
25,5.12615369628758,623.2000045776367,0.0,623.2000045776367,1.0,0,1,1.0,1.0,1.0,1,1,1,1,1,6,0,0,0.0,0.0,649.3827454931626,1169.8738463037125,1,19,1,2024-08-03,62.320000457763676,0.0,62.320000457763676,0.8915636018020348,0
26,46.339004799836175,0.0,700.7000045776367,700.7000045776367,1.0,0,1,1.0,1.0,1.0,1,1,1,1,1,0,0,6,0.0,0.0,641.7423861474924,1128.6609952001638,1,19,1,2024-08-03,0.0,70.07000045776367,70.07000045776367,4.0421665591849987e-10,0
27,58.2400005340574,686.8000049591064,692.4000053405762,1379.2000102996826,1.0,0,1,1.0,1.0,1.0,1,1,1,1,1,4,2,0,0.12158909655997135,0.0,603.2926128387448,1089.2599994659427,1,19,1,2024-08-03,68.68000049591065,69.24000053405761,137.92000102996826,0.1681821107843404,0
28,346.37964976539064,719.9000053405762,0.0,719.9000053405762,1.0,0,1,1.0,1.0,1.0,1,1,1,1,1,6,0,0,0.0,0.0,787.3598438571876,740.1203502346093,1,19,1,2024-08-03,71.99000053405761,0.0,71.99000053405761,0.5007802854381883,0
29,0.0,0.0,0.0,0.0,1.0,0,1,1.0,1.0,0.0,1,1,0,1,1,0,0,6,0.0,0.0,456.3705749511719,1097.5,0,19,1,2024-08-03,0.0,0.0,0.0,0.0,0
30,241.57592976355616,828.2000045776367,0.0,828.2000045776367,1.0,0,1,1.0,1.0,1.0,1,1,1,1,1,6,0,0,0.1441632284173478,0.0,708.8040181424624,894.3240946505064,1,19,1,2024-08-03,82.82000045776368,0.0,82.82000045776368,0.5007802804549154,0
31,0.0,0.0,0.0,0.0,1.0,0,1,1.0,1.0,0.0,1,1,0,1,1,0,0,6,0.0,0.0,492.578125,1138.5,0,19,1,2024-08-03,0.0,0.0,0.0,0.0,0
32,0.0,0.0,0.0,0.0,1.0,0,1,1.0,1.0,0.0,1,1,0,1,1,0,0,6,0.0,0.0,484.7947692871094,1094.5,0,19,1,2024-08-03,0.0,0.0,0.0,0.0,0
33,133.65500144958494,689.7000045776367,689.7000045776367,1379.4000091552734,0.0,6,0,0.0,1.0,1.0,0,0,1,0,1,6,0,0,0.17707038807224212,0.0,567.5745571136474,922.3449985504151,1,19,1,2024-08-03,68.97000045776367,68.97000045776367,137.94000091552735,0.47166515317710195,1
34,146.4700004577637,689.7000045776367,689.7000045776367,1379.4000091552734,0.0,6,0,0.0,1.0,1.0,0,0,1,0,1,6,0,0,0.07487796702223266,0.0,638.0566703796387,928.7299507141113,1,19,1,2024-08-03,68.97000045776367,68.97000045776367,137.94000091552735,0.48913422954437596,1
35,222.11984296897236,667.9157193868118,661.2001795651826,1329.1158989519945,0.3333333333333333,4,0,0.0,1.0,1.0,0,0,1,0,1,4,0,2,0.04618236156244831,0.0,637.0697941408473,740.3801570310277,1,19,1,2024-08-03,66.79157193868119,66.12001795651825,132.91158989519946,0.32773709705876347,1
36,81.72000045776366,250.0,817.2000045776367,1067.2000045776367,0.3333333333333333,4,0,0.0,1.0,0.5,0,0,0,0,1,2,0,4,0.0,0.0,463.18606491088866,887.7799995422363,1,19,1,2024-08-03,25.0,81.72000045776367,106.72000045776367,0.07638903146145105,1
37,54.43566728969144,826.3666714986166,831.5000038146973,1657.8666753133139,0.0,6,0,0.0,1.0,1.0,0,0,1,0,1,6,0,0,0.4029563770104142,0.0,493.3769514693789,907.9642960892148,1,19,1,2024-08-03,82.63666714986167,83.15000038146974,165.7866675313314,0.4425961634868573,1
38,111.54000129699709,813.4000053405762,813.4000053405762,1626.8000106811523,0.0,6,0,0.0,1.0,1.0,0,0,1,0,1,6,0,0,0.45715926821988434,0.05844593173865198,441.54665412902835,765.8600841522217,1,19,1,2024-08-03,81.34000053405762,81.34000053405762,162.68000106811525,0.33372347476372594,1
39,790.7900058746338,708.9000053405762,0.0,708.9000053405762,1.0,0,1,1.0,1.0,1.0,1,1,1,1,1,6,0,0,0.0,0.0,1117.5966464996338,78.31009178161617,1,19,1,2024-08-03,70.89000053405762,0.0,70.89000053405762,0.3493816139367151,0
40,227.73314407336073,631.4986722310384,0.0,631.4986722310384,1.0,0,1,1.0,1.0,1.0,1,1,1,1,1,6,0,0,0.0,0.0,789.7221577452358,589.2668559266392,1,19,1,2024-08-03,63.14986722310385,0.0,63.14986722310385,0.06987632561134793,0
41,576.3009366099064,621.990672047933,0.0,621.990672047933,1.0,0,1,1.0,1.0,1.0,1,1,1,1,1,4,2,0,0.0,0.0,1144.7036465708438,229.69906339009356,1,19,1,2024-08-03,62.1990672047933,0.0,62.1990672047933,0.2562131897156326,0
42,79.30032700540058,583.3666714986166,588.5000038146973,1171.8666753133139,1.0,0,1,1.0,1.0,1.0,1,1,1,1,1,6,0,0,0.0,0.0,651.0727879429006,646.4996607875681,1,19,1,2024-08-03,58.33666714986166,58.85000038146973,117.1866675313314,3.0029631565297525e-09,0
43,51.98000030517579,519.8000030517578,519.8000030517578,1039.6000061035156,1.0,0,1,1.0,1.0,1.0,1,1,1,1,1,0,0,6,0.06704179079354888,0.0,484.9516799926758,569.4200241088868,1,19,1,2024-08-03,51.980000305175786,51.980000305175786,103.96000061035157,7.338778953582614e-10,0
44,53.81073212087761,440.0666669209798,444.10000228881836,884.1666692097981,1.0,0,1,1.0,1.0,1.0,1,1,1,1,1,0,6,0,0.0,0.0,466.09448456228387,545.0892922931849,1,19,1,2024-08-03,44.00666669209798,44.41000022888184,88.41666692097982,0.023398360371807734,0
45,-52.110002136230456,370.76666768391925,374.8000030517578,745.566670735677,1.0,0,1,1.0,1.0,1.0,1,1,1,1,1,0,6,0,0.0,0.0,375.5649856567383,651.010026550293,1,19,1,2024-08-03,37.076666768391924,37.480000305175786,74.55666707356771,0.22832658313670712,0
46,-50.74000091552735,315.4000015258789,315.4000015258789,630.8000030517578,1.0,0,1,1.0,1.0,1.0,1,1,1,1,1,0,1,5,0.0,0.0,409.06136016845704,644.6400253295899,1,19,1,2024-08-03,31.540000152587893,31.540000152587893,63.08000030517579,0.07569934463243272,0
47,64.7211436254023,344.50000381469727,310.8654002103277,655.365404025025,1.0,0,1,1.0,1.0,1.0,1,1,1,1,1,0,6,0,0.0,0.0,521.3948496800898,529.1788807886602,1,19,1,2024-08-03,34.45000038146973,31.086540021032775,65.5365404025025,3.0585693028669413e-09,0
0,0.0,0.0,0.0,0.0,1.0,0,1,1.0,1.0,0.8333333333333334,1,1,0,1,1,0,0,6,0.0,0.0,350.60003662109375,348.5,0,19,2,2024-08-03,0.0,0.0,0.0,0.0,0
1,0.0,0.0,0.0,0.0,1.0,0,1,1.0,1.0,0.0,1,1,0,1,1,0,0,6,0.0,0.0,361.60003662109375,359.5,0,19,2,2024-08-03,0.0,0.0,0.0,0.0,0
2,0.0,0.0,0.0,0.0,1.0,0,1,1.0,1.0,0.0,1,1,0,1,1,0,0,6,0.0,0.0,411.60003662109375,409.5,0,19,2,2024-08-03,0.0,0.0,0.0,0.0,0
3,0.0,0.0,0.0,0.0,1.0,0,1,1.0,1.0,0.8333333333333334,1,1,0,1,1,0,0,6,0.0,0.0,373.10003662109375,371.0,0,19,2,2024-08-03,0.0,0.0,0.0,0.0,0
4,0.0,0.0,0.0,0.0,1.0,0,1,1.0,1.0,1.0,1,1,1,1,1,0,0,6,0.0,0.0,373.10003662109375,371.0,0,19,2,2024-08-03,0.0,0.0,0.0,0.0,0
5,0.0,0.0,0.0,0.0,1.0,0,1,1.0,1.0,0.6666666666666666,1,1,0,1,1,0,0,6,0.0,0.0,373.10003662109375,371.0,0,19,2,2024-08-03,0.0,0.0,0.0,0.0,0
6,0.0,0.0,0.0,0.0,1.0,0,1,1.0,1.0,0.0,1,1,0,1,1,0,0,6,0.0,0.0,373.10003662109375,371.0,0,19,2,2024-08-03,0.0,0.0,0.0,0.0,0
7,0.0,0.0,0.0,0.0,1.0,0,1,1.0,1.0,0.0,1,1,0,1,1,0,0,6,0.0,0.0,373.10003662109375,371.0,0,19,2,2024-08-03,0.0,0.0,0.0,0.0,0
8,0.0,0.0,0.0,0.0,1.0,0,1,1.0,1.0,0.0,1,1,0,1,1,0,0,6,0.0,0.0,373.10003662109375,371.0,0,19,2,2024-08-03,0.0,0.0,0.0,0.0,0
9,0.0,0.0,0.0,0.0,1.0,0,1,1.0,1.0,0.16666666666666666,1,1,0,1,1,0,0,6,0.0,0.0,351.10003662109375,349.0,0,19,2,2024-08-03,0.0,0.0,0.0,0.0,0
10,0.0,0.0,0.0,0.0,1.0,0,1,1.0,1.0,1.0,1,1,1,1,1,0,0,6,0.0,0.0,351.10003662109375,349.0,0,19,2,2024-08-03,0.0,0.0,0.0,0.0,0
11,0.0,0.0,0.0,0.0,1.0,0,1,1.0,1.0,0.3333333333333333,1,1,0,1,1,0,0,6,0.0,0.0,351.10003662109375,349.0,0,19,2,2024-08-03,0.0,0.0,0.0,0.0,0
12,0.0,0.0,0.0,0.0,1.0,0,1,1.0,1.0,0.0,1,1,0,1,1,0,0,6,0.0,0.0,362.4000244140625,368.3000183105469,0,19,2,2024-08-03,0.0,0.0,0.0,0.0,0
13,0.0,0.0,0.0,0.0,1.0,0,1,1.0,1.0,0.0,1,1,0,1,1,0,0,6,0.0,0.0,377.4000244140625,395.8000183105469,0,19,2,2024-08-03,0.0,0.0,0.0,0.0,0
14,0.0,0.0,0.0,0.0,1.0,0,1,1.0,1.0,0.0,1,1,0,1,1,0,0,6,0.0,0.0,424.10003662109375,442.5,0,19,2,2024-08-03,0.0,0.0,0.0,0.0,0
15,0.0,0.0,0.0,0.0,1.0,0,1,1.0,1.0,0.0,1,1,0,1,1,0,0,6,0.0,0.0,437.20001220703125,445.20001220703125,0,19,2,2024-08-03,0.0,0.0,0.0,0.0,0
16,0.0,0.0,0.0,0.0,1.0,0,1,1.0,1.0,0.0,1,1,0,1,1,0,0,6,0.0,0.0,384.5,395.20001220703125,0,19,2,2024-08-03,0.0,0.0,0.0,0.0,0
17,0.0,0.0,0.0,0.0,1.0,0,1,1.0,1.0,0.0,1,1,0,1,1,0,0,6,0.0,0.0,384.5,426.0,0,19,2,2024-08-03,0.0,0.0,0.0,0.0,0
18,0.0,0.0,0.0,0.0,1.0,0,1,1.0,1.0,0.0,1,1,0,1,1,0,0,6,0.0,0.0,363.20001220703125,427.5000305175781,0,19,2,2024-08-03,0.0,0.0,0.0,0.0,0
19,-32.11000022888189,286.10000228881836,289.60000228881836,575.7000045776367,1.0,0,1,1.0,1.0,1.0,1,1,1,1,1,0,5,1,0.0,0.0,358.5900119781494,539.9100185394287,1,19,2,2024-08-03,28.610000228881837,28.96000022888184,57.570000457763676,0.3807978274827681,0
20,-290.28538423672273,0.0,355.60000228881836,355.60000228881836,1.0,0,1,1.0,1.0,1.0,1,1,1,1,1,0,6,0,0.0,0.0,145.34388822421477,817.2853842367227,1,19,2,2024-08-03,0.0,35.56000022888184,35.56000022888184,4.039278899587721e-08,0
21,-99.44500198364253,0.0,369.3000030517578,369.3000030517578,1.0,0,1,1.0,1.0,1.0,1,1,1,1,1,0,6,0,0.0,0.0,359.79221115112307,769.8449653625488,1,19,2,2024-08-03,0.0,36.93000030517578,36.93000030517578,6.197720794210615e-09,0
22,43.1366633097336,489.7333386739095,492.9000053405762,982.6333440144856,1.0,0,1,1.0,1.0,1.0,1,1,1,1,1,6,0,0,0.0,0.0,518.3773859659836,704.1633244832351,1,19,2,2024-08-03,48.97333386739095,49.29000053405762,98.26333440144856,0.08125965616667438,0
23,0.0,0.0,0.0,0.0,1.0,0,1,1.0,1.0,0.0,1,1,0,1,1,0,0,6,0.0,0.0,478.36846923828125,763.2000122070312,0,19,2,2024-08-03,0.0,0.0,0.0,0.0,0
24,-3.7428079223633195,605.0760040283203,634.2000045776367,1239.276008605957,1.0,0,1,1.0,1.0,1.0,1,1,1,1,1,5,0,1,0.05437593856559334,0.0,572.1744284057617,871.3428445434571,1,19,2,2024-08-03,60.50760040283203,63.42000045776368,123.9276008605957,0.14215452125227876,0
25,5.12615369628758,623.2000045776367,0.0,623.2000045776367,0.16666666666666666,5,0,0.16666666666666666,1.0,1.0,0,1,1,0,1,6,0,0,0.2066566415711601,0.0,494.4115846044907,845.9738829248062,1,19,2,2024-08-03,62.320000457763676,0.0,62.320000457763676,0.8915636018020348,1
26,46.339004799836175,0.0,700.7000045776367,700.7000045776367,1.0,0,1,1.0,1.0,1.0,1,1,1,1,1,0,0,6,0.0,0.0,424.9673617334299,762.9610440282888,1,19,2,2024-08-03,0.0,70.07000045776367,70.07000045776367,4.0421665591849987e-10,0
27,58.2400005340574,686.8000049591064,692.4000053405762,1379.2000102996826,0.8333333333333334,1,0,0.75,1.0,1.0,0,0,1,0,1,4,2,0,0.27035682340818673,0.0,501.1189373016355,846.5134174346927,1,19,2,2024-08-03,68.68000049591065,69.24000053405761,137.92000102996826,0.1681821107843404,1
28,346.37964976539064,719.9000053405762,0.0,719.9000053405762,1.0,0,1,1.0,1.0,1.0,1,1,1,1,1,6,0,0,0.0,0.0,721.8243824314063,567.8203014064843,1,19,2,2024-08-03,71.99000053405761,0.0,71.99000053405761,0.5007802854381883,0
29,0.0,0.0,0.0,0.0,1.0,0,1,1.0,1.0,0.0,1,1,0,1,1,0,0,6,0.0,0.0,370.6069030761719,914.199951171875,0,19,2,2024-08-03,0.0,0.0,0.0,0.0,0
30,241.57592976355616,828.2000045776367,0.0,828.2000045776367,0.6666666666666666,2,0,0.6666666666666666,1.0,1.0,0,1,1,0,1,6,0,0,0.37191795408889045,0.0,520.1775532987124,650.6241434786314,1,19,2,2024-08-03,82.82000045776368,0.0,82.82000045776368,0.5007802804549154,1
31,0.0,0.0,0.0,0.0,1.0,0,1,1.0,1.0,0.0,1,1,0,1,1,0,0,6,0.0,0.0,282.10906982421875,892.2000732421875,0,19,2,2024-08-03,0.0,0.0,0.0,0.0,0
32,0.0,0.0,0.0,0.0,1.0,0,1,1.0,1.0,0.0,1,1,0,1,1,0,0,6,0.0,0.0,422.91546630859375,880.36669921875,0,19,2,2024-08-03,0.0,0.0,0.0,0.0,0
33,133.65500144958494,689.7000045776367,689.7000045776367,1379.4000091552734,0.0,6,0,0.0,1.0,1.0,0,0,1,0,1,6,0,0,0.391544669086989,0.18798743210743216,419.65164451599117,560.0450717926026,1,19,2,2024-08-03,68.97000045776367,68.97000045776367,137.94000091552735,0.47166515317710195,1
34,146.4700004577637,689.7000045776367,689.7000045776367,1379.4000091552734,0.0,6,0,0.0,1.0,1.0,0,0,1,0,1,6,0,0,0.5119223597331067,0.30298670495324037,336.6271507263184,480.7300727844238,1,19,2,2024-08-03,68.97000045776367,68.97000045776367,137.94000091552735,0.48913422954437596,1
35,222.11984296897236,667.9157193868118,661.2001795651826,1329.1158989519945,0.3333333333333333,4,0,0.0,1.0,1.0,0,0,1,0,1,4,0,2,0.2590804771771273,0.30417425399754155,494.87179609397236,460.08010820290264,1,19,2,2024-08-03,66.79157193868119,66.12001795651825,132.91158989519946,0.32773709705876347,1
36,81.72000045776366,250.0,817.2000045776367,1067.2000045776367,0.6666666666666666,2,0,0.0,1.0,1.0,0,0,1,0,1,2,0,4,0.0,0.23154680959812562,398.49694747924804,627.9799507141113,1,19,2,2024-08-03,25.0,81.72000045776367,106.72000045776367,0.07638903146145105,1
37,54.43566728969144,826.3666714986166,831.5000038146973,1657.8666753133139,0.0,6,0,0.0,1.0,1.0,0,0,1,0,1,6,0,0,0.5013496965443248,0.22193117007100235,412.0679915084414,646.9642350540586,1,19,2,2024-08-03,82.63666714986167,83.15000038146974,165.7866675313314,0.4425961634868573,1
38,111.54000129699709,813.4000053405762,813.4000053405762,1626.8000106811523,0.0,6,0,0.0,1.0,1.0,0,0,1,0,1,6,0,0,0.5708724196174844,0.34969265400788413,349.0523761749268,528.959998703003,1,19,2,2024-08-03,81.34000053405762,81.34000053405762,162.68000106811525,0.33372347476372594,1
39,790.7900058746338,708.9000053405762,0.0,708.9000053405762,0.5,3,0,0.5,1.0,1.0,0,1,1,0,1,6,0,0,0.0,0.0,1012.3190433502198,0.0,1,19,2,2024-08-03,70.89000053405762,0.0,70.89000053405762,0.3493816139367151,1
40,227.73314407336073,631.4986722310384,0.0,631.4986722310384,1.0,0,1,1.0,1.0,1.0,1,1,1,1,1,6,0,0,0.0,0.0,723.371632842892,404.56690475476427,1,19,2,2024-08-03,63.14986722310385,0.0,63.14986722310385,0.06987632561134793,0
41,576.3009366099064,621.990672047933,0.0,621.990672047933,1.0,0,1,1.0,1.0,1.0,1,1,1,1,1,4,2,0,0.0,0.0,1168.6712979380313,32.784390538531056,1,19,2,2024-08-03,62.1990672047933,0.0,62.1990672047933,0.2562131897156326,0
42,79.30032700540058,583.3666714986166,588.5000038146973,1171.8666753133139,1.0,0,1,1.0,1.0,1.0,1,1,1,1,1,6,0,0,0.0,0.17829345174324518,650.3996922397756,483.57430678366194,1,19,2,2024-08-03,58.33666714986166,58.85000038146973,117.1866675313314,3.0029631565297525e-09,0
43,51.98000030517579,519.8000030517578,519.8000030517578,1039.6000061035156,1.0,0,1,1.0,1.0,1.0,1,1,1,1,1,0,0,6,0.0,0.014290372523165722,609.4311721801757,512.3718673706055,1,19,2,2024-08-03,51.980000305175786,51.980000305175786,103.96000061035157,7.338778953582614e-10,0
44,53.81073212087761,440.0666669209798,444.10000228881836,884.1666692097981,1.0,0,1,1.0,1.0,1.0,1,1,1,1,1,0,6,0,0.0,0.0,549.6016867107213,482.88928008615363,1,19,2,2024-08-03,44.00666669209798,44.41000022888184,88.41666692097982,0.023398360371807734,0
45,-52.110002136230456,370.76666768391925,374.8000030517578,745.566670735677,1.0,0,1,1.0,1.0,1.0,1,1,1,1,1,0,6,0,0.0,0.0,436.69712677001957,577.9099899291992,1,19,2,2024-08-03,37.076666768391924,37.480000305175786,74.55666707356771,0.22832658313670712,0
46,-50.74000091552735,315.4000015258789,315.4000015258789,630.8000030517578,1.0,0,1,1.0,1.0,1.0,1,1,1,1,1,0,1,5,0.0,0.0,363.52672271728517,505.6399948120117,1,19,2,2024-08-03,31.540000152587893,31.540000152587893,63.08000030517579,0.07569934463243272,0
47,64.7211436254023,344.50000381469727,310.8654002103277,655.365404025025,1.0,0,1,1.0,1.0,1.0,1,1,1,1,1,0,6,0,0.0,0.0,465.1753672582148,390.17885027108207,1,19,2,2024-08-03,34.45000038146973,31.086540021032775,65.5365404025025,3.0585693028669413e-09,0
0,0.0,0.0,0.0,0.0,1.0,0,1,1.0,1.0,1.0,1,1,1,1,1,0,0,6,0.0,0.0,265.29998779296875,281.79998779296875,0,20,0,2024-08-03,0.0,0.0,0.0,0.0,0
1,0.0,0.0,0.0,0.0,1.0,0,1,1.0,1.0,0.0,1,1,0,1,1,0,0,6,0.0,0.0,265.29998779296875,281.79998779296875,0,20,0,2024-08-03,0.0,0.0,0.0,0.0,0
2,0.0,0.0,0.0,0.0,1.0,0,1,1.0,1.0,0.0,1,1,0,1,1,0,0,6,0.0,0.0,312.0,328.5,0,20,0,2024-08-03,0.0,0.0,0.0,0.0,0
3,0.0,0.0,0.0,0.0,1.0,0,1,1.0,1.0,0.0,1,1,0,1,1,0,0,6,0.0,0.0,312.0,328.5,0,20,0,2024-08-03,0.0,0.0,0.0,0.0,0
4,0.0,0.0,0.0,0.0,1.0,0,1,1.0,1.0,0.0,1,1,0,1,1,0,0,6,0.0,0.0,312.0,328.5,0,20,0,2024-08-03,0.0,0.0,0.0,0.0,0
5,0.0,0.0,0.0,0.0,1.0,0,1,1.0,1.0,0.16666666666666666,1,1,0,1,1,0,0,6,0.0,0.0,312.0,328.5,0,20,0,2024-08-03,0.0,0.0,0.0,0.0,0
6,0.0,0.0,0.0,0.0,1.0,0,1,1.0,1.0,0.5,1,1,0,1,1,0,0,6,0.0,0.0,320.29998779296875,336.79998779296875,0,20,0,2024-08-03,0.0,0.0,0.0,0.0,0
7,0.0,0.0,0.0,0.0,1.0,0,1,1.0,1.0,0.3333333333333333,1,1,0,1,1,0,0,6,0.0,0.0,256.0999755859375,267.5999755859375,0,20,0,2024-08-03,0.0,0.0,0.0,0.0,0
8,0.0,0.0,0.0,0.0,1.0,0,1,1.0,1.0,0.8333333333333334,1,1,0,1,1,0,0,6,0.0,0.0,256.0999755859375,267.5999755859375,0,20,0,2024-08-03,0.0,0.0,0.0,0.0,0
9,0.0,0.0,0.0,0.0,1.0,0,1,1.0,1.0,0.5,1,1,0,1,1,0,0,6,0.0,0.0,236.89999389648438,248.39999389648438,0,20,0,2024-08-03,0.0,0.0,0.0,0.0,0
10,0.0,0.0,0.0,0.0,1.0,0,1,1.0,1.0,0.6666666666666666,1,1,0,1,1,0,0,6,0.0,0.0,236.89999389648438,248.39999389648438,0,20,0,2024-08-03,0.0,0.0,0.0,0.0,0
11,0.0,0.0,0.0,0.0,1.0,0,1,1.0,1.0,0.0,1,1,0,1,1,0,0,6,0.0,0.0,236.89999389648438,248.39999389648438,0,20,0,2024-08-03,0.0,0.0,0.0,0.0,0
12,0.0,0.0,0.0,0.0,1.0,0,1,1.0,1.0,0.3333333333333333,1,1,0,1,1,0,0,6,0.0,0.0,221.39999389648438,275.9000244140625,0,20,0,2024-08-03,0.0,0.0,0.0,0.0,0
13,0.0,0.0,0.0,0.0,1.0,0,1,1.0,1.0,1.0,1,1,1,1,1,0,0,6,0.0,0.0,221.39999389648438,275.9000244140625,0,20,0,2024-08-03,0.0,0.0,0.0,0.0,0
14,0.0,0.0,0.0,0.0,1.0,0,1,1.0,1.0,0.16666666666666666,1,1,0,1,1,0,0,6,0.0,0.0,240.59999084472656,295.1000061035156,0,20,0,2024-08-03,0.0,0.0,0.0,0.0,0
15,0.0,0.0,0.0,0.0,1.0,0,1,1.0,1.0,0.0,1,1,0,1,1,0,0,6,0.0,0.0,259.79998779296875,314.3000183105469,0,20,0,2024-08-03,0.0,0.0,0.0,0.0,0
16,0.0,0.0,0.0,0.0,1.0,0,1,1.0,1.0,0.0,1,1,0,1,1,0,0,6,0.0,0.0,332.8999938964844,414.29998779296875,0,20,0,2024-08-03,0.0,0.0,0.0,0.0,0
17,0.0,0.0,0.0,0.0,1.0,0,1,1.0,1.0,0.0,1,1,0,1,1,0,0,6,0.0,0.0,450.1000061035156,605.0,0,20,0,2024-08-03,0.0,0.0,0.0,0.0,0
18,0.0,0.0,0.0,0.0,1.0,0,1,1.0,1.0,0.0,1,1,0,1,1,0,0,6,0.0,0.0,485.3000183105469,640.2000122070312,0,20,0,2024-08-03,0.0,0.0,0.0,0.0,0
19,-32.11000022888189,286.10000228881836,289.60000228881836,575.7000045776367,1.0,0,1,1.0,1.0,1.0,1,1,1,1,1,0,6,0,0.0,0.0,562.9879001617431,793.7100978851319,1,20,0,2024-08-03,28.610000228881837,28.96000022888184,57.570000457763676,0.07890819966995136,0
20,-290.28538423672273,0.0,355.60000228881836,355.60000228881836,1.0,0,1,1.0,1.0,1.0,1,1,1,1,1,0,6,0,0.0,0.0,300.16200345858977,1129.0390463460976,1,20,0,2024-08-03,0.0,35.56000022888184,35.56000022888184,0.01470591995868489,0
21,-99.44500198364253,0.0,369.3000030517578,369.3000030517578,1.0,0,1,1.0,1.0,1.0,1,1,1,1,1,0,6,0,0.0,0.0,493.7756401062012,982.5450996398926,1,20,0,2024-08-03,0.0,36.93000030517578,36.93000030517578,0.05718954496814943,0
22,43.1366633097336,489.7333386739095,492.9000053405762,982.6333440144856,1.0,0,1,1.0,1.0,1.0,1,1,1,1,1,3,3,0,0.0,0.0,593.7204035441086,923.4634343465164,1,20,0,2024-08-03,48.97333386739095,49.29000053405762,98.26333440144856,0.02704767140640414,0
23,0.0,0.0,0.0,0.0,1.0,0,1,1.0,1.0,0.0,1,1,0,1,1,0,0,6,0.0,0.0,613.6136474609375,969.3999633789062,0,20,0,2024-08-03,0.0,0.0,0.0,0.0,0
24,-3.7428079223633195,605.0760040283203,634.2000045776367,1239.276008605957,1.0,0,1,1.0,1.0,1.0,1,1,1,1,1,0,0,6,0.25530128174624167,0.0,450.59932464599603,857.2428079223633,1,20,0,2024-08-03,60.50760040283203,63.42000045776368,123.9276008605957,4.617252075565009e-11,0
25,5.12615369628758,623.2000045776367,0.0,623.2000045776367,1.0,0,1,1.0,1.0,1.0,1,1,1,1,1,0,0,6,0.2674555211960505,0.0,456.52172254394384,848.3738463037124,1,20,0,2024-08-03,62.320000457763676,0.0,62.320000457763676,3.645729861504272e-10,0
26,46.339004799836175,0.0,700.7000045776367,700.7000045776367,1.0,0,1,1.0,1.0,1.0,1,1,1,1,1,0,0,6,0.0,0.0,491.8828585596018,845.1609952001638,1,20,0,2024-08-03,0.0,70.07000045776367,70.07000045776367,4.0421665591849987e-10,0
27,58.2400005340574,686.8000049591064,692.4000053405762,1379.2000102996826,1.0,0,1,1.0,1.0,1.0,1,1,1,1,1,0,6,0,0.28882377940290194,0.0,488.4358318328855,751.9600116729739,1,20,0,2024-08-03,68.68000049591065,69.24000053405761,137.92000102996826,8.297631867359297e-10,0
28,346.37964976539064,719.9000053405762,0.0,719.9000053405762,1.0,0,1,1.0,1.0,1.0,1,1,1,1,1,6,0,0,0.0,0.0,781.9771839450782,441.8203624416406,1,20,0,2024-08-03,71.99000053405761,0.0,71.99000053405761,1.5409800744898207e-08,0
29,0.0,0.0,0.0,0.0,1.0,0,1,1.0,1.0,0.3333333333333333,1,1,0,1,1,0,0,6,0.0,0.0,559.6371459960938,788.2000122070312,0,20,0,2024-08-03,0.0,0.0,0.0,0.0,0
30,241.57592976355616,828.2000045776367,0.0,828.2000045776367,1.0,0,1,1.0,1.0,1.0,1,1,1,1,1,6,0,0,0.0,0.0,844.0036641385561,626.8240336153501,1,20,0,2024-08-03,82.82000045776368,0.0,82.82000045776368,0.06045750947259368,0
31,0.0,0.0,0.0,0.0,1.0,0,1,1.0,1.0,0.0,1,1,0,1,1,0,0,6,0.0,0.0,669.9180297851562,929.3999633789062,0,20,0,2024-08-03,0.0,0.0,0.0,0.0,0
32,0.0,0.0,0.0,0.0,1.0,0,1,1.0,1.0,0.0,1,1,0,1,1,0,0,6,0.0,0.0,669.9180297851562,929.3999633789062,0,20,0,2024-08-03,0.0,0.0,0.0,0.0,0
33,133.65500144958494,689.7000045776367,689.7000045776367,1379.4000091552734,1.0,0,1,1.0,1.0,1.0,1,1,1,1,1,6,0,0,0.0,0.0,798.8202236175537,799.0450107574463,1,20,0,2024-08-03,68.97000045776367,68.97000045776367,137.94000091552735,1.935833007946494e-09,0
34,146.4700004577637,689.7000045776367,689.7000045776367,1379.4000091552734,1.0,0,1,1.0,1.0,1.0,1,1,1,1,1,0,0,6,0.0,0.0,778.3258354187012,727.9299629211425,1,20,0,2024-08-03,68.97000045776367,68.97000045776367,137.94000091552735,5.530951362971126e-10,0
35,222.11984296897236,667.9157193868118,661.2001795651826,1329.1158989519945,1.0,0,1,1.0,1.0,1.0,1,1,1,1,1,0,1,5,0.0,0.06339995125654084,864.0341496095973,619.2801204099339,1,20,0,2024-08-03,66.79157193868119,66.12001795651825,132.91158989519946,0.0024385970948530675,0
36,81.72000045776366,250.0,817.2000045776367,1067.2000045776367,1.0,0,1,1.0,1.0,1.0,1,1,1,1,1,2,1,3,0.0,0.14442002079710206,678.9542533874512,699.1799629211425,1,20,0,2024-08-03,25.0,81.72000045776367,106.72000045776367,0.025188998970277193,0
37,54.43566728969144,826.3666714986166,831.5000038146973,1657.8666753133139,1.0,0,1,1.0,1.0,1.0,1,1,1,1,1,1,5,0,0.2386970863081999,0.1263207543519026,629.1153547896914,726.4642960892148,1,20,0,2024-08-03,82.63666714986167,83.15000038146974,165.7866675313314,0.028506232415653705,0
38,111.54000129699709,813.4000053405762,813.4000053405762,1626.8000106811523,1.0,0,1,1.0,1.0,1.0,1,1,1,1,1,0,0,6,0.1690222323641081,0.15274157070913938,675.9173206329345,689.1600109100342,1,20,0,2024-08-03,81.34000053405762,81.34000053405762,162.68000106811525,2.344908679327907e-10,0
39,790.7900058746338,708.9000053405762,0.0,708.9000053405762,1.0,0,1,1.0,1.0,1.0,1,1,1,1,1,6,0,0,0.0,0.0,1355.63918800354,0.0,1,20,0,2024-08-03,70.89000053405762,0.0,70.89000053405762,0.009803949297376942,0
40,227.73314407336073,631.4986722310384,0.0,631.4986722310384,1.0,0,1,1.0,1.0,1.0,1,1,1,1,1,6,0,0,0.0,0.0,961.933156280392,506.28016159070177,1,20,0,2024-08-03,63.14986722310385,0.0,63.14986722310385,7.973531881608935e-09,0
41,576.3009366099064,621.990672047933,0.0,621.990672047933,1.0,0,1,1.0,1.0,1.0,1,1,1,1,1,3,3,0,0.0,0.0,1211.0009488169376,8.569790929156056,1,20,0,2024-08-03,62.1990672047933,0.0,62.1990672047933,0.09477125787886989,0
42,79.30032700540058,583.3666714986166,588.5000038146973,1171.8666753133139,1.0,0,1,1.0,1.0,1.0,1,1,1,1,1,6,0,0,0.0,0.3396679147079313,605.7003514194631,388.60543471334944,1,20,0,2024-08-03,58.33666714986166,58.85000038146973,117.1866675313314,0.004880490146597306,0
43,51.98000030517579,519.8000030517578,519.8000030517578,1039.6000061035156,1.0,0,1,1.0,1.0,1.0,1,1,1,1,1,0,0,6,0.0,0.26665876524811105,539.3799942016601,381.1907760620117,1,20,0,2024-08-03,51.980000305175786,51.980000305175786,103.96000061035157,7.338778953582614e-10,0
44,53.81073212087761,440.0666669209798,444.10000228881836,884.1666692097981,1.0,0,1,1.0,1.0,1.0,1,1,1,1,1,0,6,0,0.0,0.2509344059337907,494.51071381033074,332.66003203927863,1,20,0,2024-08-03,44.00666669209798,44.41000022888184,88.41666692097982,1.893634383652612e-09,0
45,-52.110002136230456,370.76666768391925,374.8000030517578,745.566670735677,1.0,0,1,1.0,1.0,1.0,1,1,1,1,1,0,6,0,0.0,0.0,377.5899795532227,428.78471527099606,1,20,0,2024-08-03,37.076666768391924,37.480000305175786,74.55666707356771,0.00985696005847061,0
46,-50.74000091552735,315.4000015258789,315.4000015258789,630.8000030517578,1.0,0,1,1.0,1.0,1.0,1,1,1,1,1,0,0,6,0.0,0.0,359.75999908447267,413.45289154052733,1,20,0,2024-08-03,31.540000152587893,31.540000152587893,63.08000030517579,1.2094791480529353e-09,0
47,64.7211436254023,344.50000381469727,310.8654002103277,655.365404025025,1.0,0,1,1.0,1.0,1.0,1,1,1,1,1,0,6,0,0.0,0.0,514.2211436254023,344.1818409937383,1,20,0,2024-08-03,34.45000038146973,31.086540021032775,65.5365404025025,3.0585693028669413e-09,0
0,0.0,0.0,0.0,0.0,1.0,0,1,1.0,1.0,1.0,1,1,1,1,1,0,0,6,0.0,0.0,152.3000030517578,159.39999389648438,0,20,1,2024-08-03,0.0,0.0,0.0,0.0,0
1,0.0,0.0,0.0,0.0,1.0,0,1,1.0,1.0,1.0,1,1,1,1,1,0,0,6,0.0,0.0,152.3000030517578,159.39999389648438,0,20,1,2024-08-03,0.0,0.0,0.0,0.0,0
2,0.0,0.0,0.0,0.0,1.0,0,1,1.0,1.0,1.0,1,1,1,1,1,0,0,6,0.0,0.0,163.3000030517578,170.39999389648438,0,20,1,2024-08-03,0.0,0.0,0.0,0.0,0
3,0.0,0.0,0.0,0.0,1.0,0,1,1.0,1.0,1.0,1,1,1,1,1,0,0,6,0.0,0.0,163.3000030517578,170.39999389648438,0,20,1,2024-08-03,0.0,0.0,0.0,0.0,0
4,0.0,0.0,0.0,0.0,1.0,0,1,1.0,1.0,1.0,1,1,1,1,1,0,0,6,0.0,0.0,163.3000030517578,170.39999389648438,0,20,1,2024-08-03,0.0,0.0,0.0,0.0,0
5,0.0,0.0,0.0,0.0,1.0,0,1,1.0,1.0,0.5,1,1,0,1,1,0,0,6,0.0,0.0,182.5,189.59999084472656,0,20,1,2024-08-03,0.0,0.0,0.0,0.0,0
6,0.0,0.0,0.0,0.0,1.0,0,1,1.0,1.0,0.0,1,1,0,1,1,0,0,6,0.0,0.0,183.59999084472656,189.59999084472656,0,20,1,2024-08-03,0.0,0.0,0.0,0.0,0
7,0.0,0.0,0.0,0.0,1.0,0,1,1.0,1.0,0.8333333333333334,1,1,0,1,1,0,0,6,0.0,0.0,167.09999084472656,173.09999084472656,0,20,1,2024-08-03,0.0,0.0,0.0,0.0,0
8,0.0,0.0,0.0,0.0,1.0,0,1,1.0,1.0,0.0,1,1,0,1,1,0,0,6,0.0,0.0,156.09999084472656,162.09999084472656,0,20,1,2024-08-03,0.0,0.0,0.0,0.0,0
9,0.0,0.0,0.0,0.0,1.0,0,1,1.0,1.0,0.3333333333333333,1,1,0,1,1,0,0,6,0.0,0.0,109.4000015258789,115.4000015258789,0,20,1,2024-08-03,0.0,0.0,0.0,0.0,0
10,0.0,0.0,0.0,0.0,1.0,0,1,1.0,1.0,1.0,1,1,1,1,1,0,0,6,0.0,0.0,109.4000015258789,115.4000015258789,0,20,1,2024-08-03,0.0,0.0,0.0,0.0,0
11,0.0,0.0,0.0,0.0,1.0,0,1,1.0,1.0,1.0,1,1,1,1,1,0,0,6,0.0,0.0,109.4000015258789,115.4000015258789,0,20,1,2024-08-03,0.0,0.0,0.0,0.0,0
12,0.0,0.0,0.0,0.0,1.0,0,1,1.0,1.0,1.0,1,1,1,1,1,0,0,6,0.0,0.0,109.4000015258789,115.4000015258789,0,20,1,2024-08-03,0.0,0.0,0.0,0.0,0
13,0.0,0.0,0.0,0.0,1.0,0,1,1.0,1.0,1.0,1,1,1,1,1,0,0,6,0.0,0.0,136.89999389648438,142.89999389648438,0,20,1,2024-08-03,0.0,0.0,0.0,0.0,0
14,0.0,0.0,0.0,0.0,1.0,0,1,1.0,1.0,0.16666666666666666,1,1,0,1,1,0,0,6,0.0,0.0,202.79998779296875,208.79998779296875,0,20,1,2024-08-03,0.0,0.0,0.0,0.0,0
15,0.0,0.0,0.0,0.0,1.0,0,1,1.0,1.0,0.0,1,1,0,1,1,0,0,6,0.0,0.0,224.79998779296875,230.79998779296875,0,20,1,2024-08-03,0.0,0.0,0.0,0.0,0
16,0.0,0.0,0.0,0.0,1.0,0,1,1.0,1.0,0.0,1,1,0,1,1,0,0,6,0.0,0.0,252.99998474121094,300.0,0,20,1,2024-08-03,0.0,0.0,0.0,0.0,0
17,0.0,0.0,0.0,0.0,1.0,0,1,1.0,1.0,0.0,1,1,0,1,1,0,0,6,0.0,0.0,333.20001220703125,374.20001220703125,0,20,1,2024-08-03,0.0,0.0,0.0,0.0,0
18,0.0,0.0,0.0,0.0,1.0,0,1,1.0,1.0,0.0,1,1,0,1,1,0,0,6,0.0,0.0,371.70001220703125,412.70001220703125,0,20,1,2024-08-03,0.0,0.0,0.0,0.0,0
19,-32.11000022888189,286.10000228881836,289.60000228881836,575.7000045776367,1.0,0,1,1.0,1.0,1.0,1,1,1,1,1,0,6,0,0.0,0.0,480.89952125549314,602.5099636077881,1,20,1,2024-08-03,28.610000228881837,28.96000022888184,57.570000457763676,0.07890819966995136,0
20,-290.28538423672273,0.0,355.60000228881836,355.60000228881836,1.0,0,1,1.0,1.0,1.0,1,1,1,1,1,0,6,0,0.0,0.0,116.96113675937102,913.3853598226602,1,20,1,2024-08-03,0.0,35.56000022888184,35.56000022888184,0.01470591995868489,0
21,-99.44500198364253,0.0,369.3000030517578,369.3000030517578,1.0,0,1,1.0,1.0,1.0,1,1,1,1,1,0,6,0,0.0,0.0,213.41199264526372,672.54497756958,1,20,1,2024-08-03,0.0,36.93000030517578,36.93000030517578,0.05718954496814943,0
22,43.1366633097336,489.7333386739095,492.9000053405762,982.6333440144856,1.0,0,1,1.0,1.0,1.0,1,1,1,1,1,3,3,0,0.21558505507874054,0.0,384.1541498819992,579.9633122762039,1,20,1,2024-08-03,48.97333386739095,49.29000053405762,98.26333440144856,0.02704767140640414,0
23,0.0,0.0,0.0,0.0,1.0,0,1,1.0,1.0,0.0,1,1,0,1,1,0,0,6,0.0,0.0,394.8557434082031,675.800048828125,0,20,1,2024-08-03,0.0,0.0,0.0,0.0,0
24,-3.7428079223633195,605.0760040283203,634.2000045776367,1239.276008605957,1.0,0,1,1.0,1.0,1.0,1,1,1,1,1,0,0,6,0.3062395655286579,0.0,419.77779144287103,729.5428567504883,1,20,1,2024-08-03,60.50760040283203,63.42000045776368,123.9276008605957,4.617252075565009e-11,0
25,5.12615369628758,623.2000045776367,0.0,623.2000045776367,1.0,0,1,1.0,1.0,1.0,1,1,1,1,1,0,0,6,0.24200894422512553,0.0,472.38002942870946,809.1738951318374,1,20,1,2024-08-03,62.320000457763676,0.0,62.320000457763676,3.645729861504272e-10,0
26,46.339004799836175,0.0,700.7000045776367,700.7000045776367,1.0,0,1,1.0,1.0,1.0,1,1,1,1,1,0,0,6,0.0,0.0,537.1640475244456,795.5609585790701,1,20,1,2024-08-03,0.0,70.07000045776367,70.07000045776367,4.0421665591849987e-10,0
27,58.2400005340574,686.8000049591064,692.4000053405762,1379.2000102996826,1.0,0,1,1.0,1.0,1.0,1,1,1,1,1,0,6,0,0.1197591971813035,0.0,604.5493877410886,830.4600116729739,1,20,1,2024-08-03,68.68000049591065,69.24000053405761,137.92000102996826,8.297631867359297e-10,0
28,346.37964976539064,719.9000053405762,0.0,719.9000053405762,1.0,0,1,1.0,1.0,1.0,1,1,1,1,1,6,0,0,0.0,0.0,990.7985950778907,619.0784190822656,1,20,1,2024-08-03,71.99000053405761,0.0,71.99000053405761,1.5409800744898207e-08,0
29,0.0,0.0,0.0,0.0,1.0,0,1,1.0,1.0,0.0,1,1,0,1,1,0,0,6,0.0,0.0,832.2489624023438,1052.301513671875,0,20,1,2024-08-03,0.0,0.0,0.0,0.0,0
30,241.57592976355616,828.2000045776367,0.0,828.2000045776367,1.0,0,1,1.0,1.0,1.0,1,1,1,1,1,6,0,0,0.0,0.0,1073.8248921658999,810.4721659395689,1,20,1,2024-08-03,82.82000045776368,0.0,82.82000045776368,0.06045750947259368,0
31,0.0,0.0,0.0,0.0,1.0,0,1,1.0,1.0,0.0,1,1,0,1,1,0,0,6,0.0,0.0,987.0377197265625,1179.2999267578125,0,20,1,2024-08-03,0.0,0.0,0.0,0.0,0
32,0.0,0.0,0.0,0.0,1.0,0,1,1.0,1.0,0.0,1,1,0,1,1,0,0,6,0.0,0.0,971.8499755859375,1148.4998779296875,0,20,1,2024-08-03,0.0,0.0,0.0,0.0,0
33,133.65500144958494,689.7000045776367,689.7000045776367,1379.4000091552734,1.0,0,1,1.0,1.0,1.0,1,1,1,1,1,6,0,0,0.0,0.0,1069.3890102386474,977.0873081207276,1,20,1,2024-08-03,68.97000045776367,68.97000045776367,137.94000091552735,1.935833007946494e-09,0
34,146.4700004577637,689.7000045776367,689.7000045776367,1379.4000091552734,1.0,0,1,1.0,1.0,1.0,1,1,1,1,1,0,0,6,0.0,0.0,1084.2342826843262,964.2308052062988,1,20,1,2024-08-03,68.97000045776367,68.97000045776367,137.94000091552735,5.530951362971126e-10,0
35,222.11984296897236,667.9157193868118,661.2001795651826,1329.1158989519945,1.0,0,1,1.0,1.0,1.0,1,1,1,1,1,0,1,5,0.0,0.0,1252.8428654299098,965.2163386716527,1,20,1,2024-08-03,66.79157193868119,66.12001795651825,132.91158989519946,0.0024385970948530675,0
36,81.72000045776366,250.0,817.2000045776367,1067.2000045776367,1.0,0,1,1.0,1.0,1.0,1,1,1,1,1,2,1,3,0.0,0.0,1052.64291305542,1002.5594184875488,1,20,1,2024-08-03,25.0,81.72000045776367,106.72000045776367,0.025188998970277193,0
37,54.43566728969144,826.3666714986166,831.5000038146973,1657.8666753133139,1.0,0,1,1.0,1.0,1.0,1,1,1,1,1,1,5,0,0.0,0.0,853.4801619185977,861.6643693314023,1,20,1,2024-08-03,82.63666714986167,83.15000038146974,165.7866675313314,0.028506232415653705,0
38,111.54000129699709,813.4000053405762,813.4000053405762,1626.8000106811523,1.0,0,1,1.0,1.0,1.0,1,1,1,1,1,0,0,6,0.1434324891517144,0.28363249043578626,696.7320178985595,582.6933361053467,1,20,1,2024-08-03,81.34000053405762,81.34000053405762,162.68000106811525,2.344908679327907e-10,0
39,790.7900058746338,708.9000053405762,0.0,708.9000053405762,0.0,6,0,0.0,1.0,1.0,0,1,1,0,1,6,0,0,0.0,0.0,1305.7694980621338,0.0,1,20,1,2024-08-03,70.89000053405762,0.0,70.89000053405762,0.009803949297376942,1
40,227.73314407336073,631.4986722310384,0.0,631.4986722310384,1.0,0,1,1.0,1.0,1.0,1,1,1,1,1,6,0,0,0.0,0.0,805.9330952452358,349.35425827038927,1,20,1,2024-08-03,63.14986722310385,0.0,63.14986722310385,7.973531881608935e-09,0
41,576.3009366099064,621.990672047933,0.0,621.990672047933,1.0,0,1,1.0,1.0,1.0,1,1,1,1,1,3,3,0,0.0,0.0,1211.0978116099063,95.42635831196856,1,20,1,2024-08-03,62.1990672047933,0.0,62.1990672047933,0.09477125787886989,0
42,79.30032700540058,583.3666714986166,588.5000038146973,1171.8666753133139,1.0,0,1,1.0,1.0,1.0,1,1,1,1,1,6,0,0,0.0,0.034220510842758275,747.2840916538381,568.3612330531931,1,20,1,2024-08-03,58.33666714986166,58.85000038146973,117.1866675313314,0.004880490146597306,0
43,51.98000030517579,519.8000030517578,519.8000030517578,1039.6000061035156,1.0,0,1,1.0,1.0,1.0,1,1,1,1,1,0,0,6,0.0,0.0,708.9637649536132,584.5433151245118,1,20,1,2024-08-03,51.980000305175786,51.980000305175786,103.96000061035157,7.338778953582614e-10,0
44,53.81073212087761,440.0666669209798,444.10000228881836,884.1666692097981,1.0,0,1,1.0,1.0,1.0,1,1,1,1,1,0,6,0,0.0,0.0,677.2944967693151,553.1408670002162,1,20,1,2024-08-03,44.00666669209798,44.41000022888184,88.41666692097982,1.893634383652612e-09,0
45,-52.110002136230456,370.76666768391925,374.8000030517578,745.566670735677,1.0,0,1,1.0,1.0,1.0,1,1,1,1,1,0,6,0,0.0,0.0,589.560285949707,679.7617965698242,1,20,1,2024-08-03,37.076666768391924,37.480000305175786,74.55666707356771,0.00985696005847061,0
46,-50.74000091552735,315.4000015258789,315.4000015258789,630.8000030517578,1.0,0,1,1.0,1.0,1.0,1,1,1,1,1,0,0,6,0.0,0.0,592.1080215454101,690.9093124389649,1,20,1,2024-08-03,31.540000152587893,31.540000152587893,63.08000030517579,1.2094791480529353e-09,0
47,64.7211436254023,344.50000381469727,310.8654002103277,655.365404025025,1.0,0,1,1.0,1.0,1.0,1,1,1,1,1,0,6,0,0.0,0.0,695.934217355871,564.770616628504,1,20,1,2024-08-03,34.45000038146973,31.086540021032775,65.5365404025025,3.0585693028669413e-09,0
0,0.0,0.0,0.0,0.0,1.0,0,1,1.0,1.0,1.0,1,1,1,1,1,0,0,6,0.0,0.0,303.8000183105469,313.8000183105469,0,20,2,2024-08-03,0.0,0.0,0.0,0.0,0
1,0.0,0.0,0.0,0.0,1.0,0,1,1.0,1.0,0.6666666666666666,1,1,0,1,1,0,0,6,0.0,0.0,303.8000183105469,313.8000183105469,0,20,2,2024-08-03,0.0,0.0,0.0,0.0,0
2,0.0,0.0,0.0,0.0,1.0,0,1,1.0,1.0,0.0,1,1,0,1,1,0,0,6,0.0,0.0,253.8000030517578,263.79998779296875,0,20,2,2024-08-03,0.0,0.0,0.0,0.0,0
3,0.0,0.0,0.0,0.0,1.0,0,1,1.0,1.0,0.0,1,1,0,1,1,0,0,6,0.0,0.0,273.0,283.0,0,20,2,2024-08-03,0.0,0.0,0.0,0.0,0
4,0.0,0.0,0.0,0.0,1.0,0,1,1.0,1.0,0.16666666666666666,1,1,0,1,1,0,0,6,0.0,0.0,281.3000183105469,291.29998779296875,0,20,2,2024-08-03,0.0,0.0,0.0,0.0,0
5,0.0,0.0,0.0,0.0,1.0,0,1,1.0,1.0,0.0,1,1,0,1,1,0,0,6,0.0,0.0,262.1000061035156,272.0999755859375,0,20,2,2024-08-03,0.0,0.0,0.0,0.0,0
6,0.0,0.0,0.0,0.0,1.0,0,1,1.0,1.0,0.0,1,1,0,1,1,0,0,6,0.0,0.0,262.1000061035156,272.0999755859375,0,20,2,2024-08-03,0.0,0.0,0.0,0.0,0
7,0.0,0.0,0.0,0.0,1.0,0,1,1.0,1.0,0.0,1,1,0,1,1,0,0,6,0.0,0.0,262.1000061035156,272.0999755859375,0,20,2,2024-08-03,0.0,0.0,0.0,0.0,0
8,0.0,0.0,0.0,0.0,1.0,0,1,1.0,1.0,0.0,1,1,0,1,1,0,0,6,0.0,0.0,242.90000915527344,252.89999389648438,0,20,2,2024-08-03,0.0,0.0,0.0,0.0,0
9,0.0,0.0,0.0,0.0,1.0,0,1,1.0,1.0,0.0,1,1,0,1,1,0,0,6,0.0,0.0,242.90000915527344,252.89999389648438,0,20,2,2024-08-03,0.0,0.0,0.0,0.0,0
10,0.0,0.0,0.0,0.0,1.0,0,1,1.0,1.0,0.6666666666666666,1,1,0,1,1,0,0,6,0.0,0.0,215.40000915527344,225.39999389648438,0,20,2,2024-08-03,0.0,0.0,0.0,0.0,0
11,0.0,0.0,0.0,0.0,1.0,0,1,1.0,1.0,1.0,1,1,1,1,1,0,0,6,0.0,0.0,215.40000915527344,225.39999389648438,0,20,2,2024-08-03,0.0,0.0,0.0,0.0,0
12,0.0,0.0,0.0,0.0,1.0,0,1,1.0,1.0,0.3333333333333333,1,1,0,1,1,0,0,6,0.0,0.0,215.40000915527344,225.39999389648438,0,20,2,2024-08-03,0.0,0.0,0.0,0.0,0
13,0.0,0.0,0.0,0.0,1.0,0,1,1.0,1.0,0.0,1,1,0,1,1,0,0,6,0.0,0.0,268.0,272.0999755859375,0,20,2,2024-08-03,0.0,0.0,0.0,0.0,0
14,0.0,0.0,0.0,0.0,1.0,0,1,1.0,1.0,0.0,1,1,0,1,1,0,0,6,0.0,0.0,309.8999938964844,349.5999755859375,0,20,2,2024-08-03,0.0,0.0,0.0,0.0,0
15,0.0,0.0,0.0,0.0,1.0,0,1,1.0,1.0,0.0,1,1,0,1,1,0,0,6,0.0,0.0,410.1000061035156,445.70001220703125,0,20,2,2024-08-03,0.0,0.0,0.0,0.0,0
16,0.0,0.0,0.0,0.0,1.0,0,1,1.0,1.0,0.0,1,1,0,1,1,0,0,6,0.0,0.0,555.7000122070312,588.0,0,20,2,2024-08-03,0.0,0.0,0.0,0.0,0
17,0.0,0.0,0.0,0.0,1.0,0,1,1.0,1.0,0.0,1,1,0,1,1,0,0,6,0.0,0.0,594.1000366210938,626.4000244140625,0,20,2,2024-08-03,0.0,0.0,0.0,0.0,0
18,0.0,0.0,0.0,0.0,1.0,0,1,1.0,1.0,0.0,1,1,0,1,1,0,0,6,0.0,0.0,733.7999877929688,772.6000366210938,0,20,2,2024-08-03,0.0,0.0,0.0,0.0,0
19,-32.11000022888189,286.10000228881836,289.60000228881836,575.7000045776367,1.0,0,1,1.0,1.0,1.0,1,1,1,1,1,0,6,0,0.0,0.0,724.2464450836181,862.2100368499756,1,20,2,2024-08-03,28.610000228881837,28.96000022888184,57.570000457763676,0.07890819966995136,0
20,-290.28538423672273,0.0,355.60000228881836,355.60000228881836,1.0,0,1,1.0,1.0,1.0,1,1,1,1,1,0,6,0,0.0,0.0,494.92018216952727,1159.9861899007851,1,20,2,2024-08-03,0.0,35.56000022888184,35.56000022888184,0.01470591995868489,0
21,-99.44500198364253,0.0,369.3000030517578,369.3000030517578,1.0,0,1,1.0,1.0,1.0,1,1,1,1,1,0,6,0,0.0,0.0,657.6226860046387,992.8450874328613,1,20,2,2024-08-03,0.0,36.93000030517578,36.93000030517578,0.05718954496814943,0
22,43.1366633097336,489.7333386739095,492.9000053405762,982.6333440144856,1.0,0,1,1.0,1.0,1.0,1,1,1,1,1,3,3,0,0.0,0.0,794.7384699503586,927.7634221394851,1,20,2,2024-08-03,48.97333386739095,49.29000053405762,98.26333440144856,0.02704767140640414,0
23,0.0,0.0,0.0,0.0,1.0,0,1,1.0,1.0,0.0,1,1,0,1,1,0,0,6,0.0,0.0,752.8968505859375,970.9000854492188,0,20,2,2024-08-03,0.0,0.0,0.0,0.0,0
24,-3.7428079223633195,605.0760040283203,634.2000045776367,1239.276008605957,1.0,0,1,1.0,1.0,1.0,1,1,1,1,1,0,0,6,0.0,0.0,784.4294943237304,1033.4427590942382,1,20,2,2024-08-03,60.50760040283203,63.42000045776368,123.9276008605957,4.617252075565009e-11,0
25,5.12615369628758,623.2000045776367,0.0,623.2000045776367,1.0,0,1,1.0,1.0,1.0,1,1,1,1,1,0,0,6,0.0,0.0,757.7698304541001,997.0739195458999,1,20,2,2024-08-03,62.320000457763676,0.0,62.320000457763676,3.645729861504272e-10,0
26,46.339004799836175,0.0,700.7000045776367,700.7000045776367,1.0,0,1,1.0,1.0,1.0,1,1,1,1,1,0,0,6,0.0,0.0,853.2533724756174,1088.4610440282888,1,20,2,2024-08-03,0.0,70.07000045776367,70.07000045776367,4.0421665591849987e-10,0
27,58.2400005340574,686.8000049591064,692.4000053405762,1379.2000102996826,1.0,0,1,1.0,1.0,1.0,1,1,1,1,1,0,6,0,0.0,0.0,870.9583843231198,1082.1600238800052,1,20,2,2024-08-03,68.68000049591065,69.24000053405761,137.92000102996826,8.297631867359297e-10,0
28,346.37964976539064,719.9000053405762,0.0,719.9000053405762,1.0,0,1,1.0,1.0,1.0,1,1,1,1,1,6,0,0,0.0,0.0,1170.6981312107032,844.0203746486718,1,20,2,2024-08-03,71.99000053405761,0.0,71.99000053405761,1.5409800744898207e-08,0
29,0.0,0.0,0.0,0.0,1.0,0,1,1.0,1.0,0.0,1,1,0,1,1,0,0,6,0.0,0.0,901.73583984375,1156.9000244140625,0,20,2,2024-08-03,0.0,0.0,0.0,0.0,0
30,241.57592976355616,828.2000045776367,0.0,828.2000045776367,1.0,0,1,1.0,1.0,1.0,1,1,1,1,1,6,0,0,0.0,0.0,1146.5117207791811,915.3240946505064,1,20,2,2024-08-03,82.82000045776368,0.0,82.82000045776368,0.06045750947259368,0
31,0.0,0.0,0.0,0.0,1.0,0,1,1.0,1.0,0.0,1,1,0,1,1,0,0,6,0.0,0.0,1036.7989501953125,1248.7000732421875,0,20,2,2024-08-03,0.0,0.0,0.0,0.0,0
32,0.0,0.0,0.0,0.0,1.0,0,1,1.0,1.0,0.0,1,1,0,1,1,0,0,6,0.0,0.0,1075.2989501953125,1287.199951171875,0,20,2,2024-08-03,0.0,0.0,0.0,0.0,0
33,133.65500144958494,689.7000045776367,689.7000045776367,1379.4000091552734,1.0,0,1,1.0,1.0,1.0,1,1,1,1,1,6,0,0,0.0,0.0,1236.599825668335,1176.04494972229,1,20,2,2024-08-03,68.97000045776367,68.97000045776367,137.94000091552735,1.935833007946494e-09,0
34,146.4700004577637,689.7000045776367,689.7000045776367,1379.4000091552734,1.0,0,1,1.0,1.0,1.0,1,1,1,1,1,0,0,6,0.0,0.0,1210.7355033874512,1041.2299507141113,1,20,2,2024-08-03,68.97000045776367,68.97000045776367,137.94000091552735,5.530951362971126e-10,0
35,222.11984296897236,667.9157193868118,661.2001795651826,1329.1158989519945,1.0,0,1,1.0,1.0,1.0,1,1,1,1,1,0,1,5,0.0,0.0,1295.5313419924098,965.5801082029027,1,20,2,2024-08-03,66.79157193868119,66.12001795651825,132.91158989519946,0.0024385970948530675,0
36,81.72000045776366,250.0,817.2000045776367,1067.2000045776367,1.0,0,1,1.0,1.0,1.0,1,1,1,1,1,2,1,3,0.0,0.0,1184.1673881530762,1113.8632514953613,1,20,2,2024-08-03,25.0,81.72000045776367,106.72000045776367,0.025188998970277193,0
37,54.43566728969144,826.3666714986166,831.5000038146973,1657.8666753133139,1.0,0,1,1.0,1.0,1.0,1,1,1,1,1,1,5,0,0.0,0.0,1083.997801078754,1094.4476334915585,1,20,2,2024-08-03,82.63666714986167,83.15000038146974,165.7866675313314,0.028506232415653705,0
38,111.54000129699709,813.4000053405762,813.4000053405762,1626.8000106811523,1.0,0,1,1.0,1.0,1.0,1,1,1,1,1,0,0,6,0.0,0.0,1043.7370227813722,980.0599742889405,1,20,2,2024-08-03,81.34000053405762,81.34000053405762,162.68000106811525,2.344908679327907e-10,0
39,790.7900058746338,708.9000053405762,0.0,708.9000053405762,1.0,0,1,1.0,1.0,1.0,1,1,1,1,1,6,0,0,0.0,0.0,1706.6653720855713,270.11001853942867,1,20,2,2024-08-03,70.89000053405762,0.0,70.89000053405762,0.009803949297376942,0
40,227.73314407336073,631.4986722310384,0.0,631.4986722310384,1.0,0,1,1.0,1.0,1.0,1,1,1,1,1,6,0,0,0.0,0.0,1246.2697041319545,794.1668803407017,1,20,2,2024-08-03,63.14986722310385,0.0,63.14986722310385,7.973531881608935e-09,0
41,576.3009366099064,621.990672047933,0.0,621.990672047933,1.0,0,1,1.0,1.0,1.0,1,1,1,1,1,3,3,0,0.0,0.0,1506.5009488169376,306.9970980580623,1,20,2,2024-08-03,62.1990672047933,0.0,62.1990672047933,0.09477125787886989,0
42,79.30032700540058,583.3666714986166,588.5000038146973,1171.8666753133139,1.0,0,1,1.0,1.0,1.0,1,1,1,1,1,6,0,0,0.0,0.0,935.3003270054006,724.0975001430369,1,20,2,2024-08-03,58.33666714986166,58.85000038146973,117.1866675313314,0.004880490146597306,0
43,51.98000030517579,519.8000030517578,519.8000030517578,1039.6000061035156,1.0,0,1,1.0,1.0,1.0,1,1,1,1,1,0,0,6,0.0,0.0,899.680012512207,760.4441329956055,1,20,2,2024-08-03,51.980000305175786,51.980000305175786,103.96000061035157,7.338778953582614e-10,0
44,53.81073212087761,440.0666669209798,444.10000228881836,884.1666692097981,1.0,0,1,1.0,1.0,1.0,1,1,1,1,1,0,6,0,0.0,0.0,846.5107443279088,703.8892800861537,1,20,2,2024-08-03,44.00666669209798,44.41000022888184,88.41666692097982,1.893634383652612e-09,0
45,-52.110002136230456,370.76666768391925,374.8000030517578,745.566670735677,1.0,0,1,1.0,1.0,1.0,1,1,1,1,1,0,6,0,0.0,0.0,700.4896682739258,778.6695724487305,1,20,2,2024-08-03,37.076666768391924,37.480000305175786,74.55666707356771,0.00985696005847061,0
46,-50.74000091552735,315.4000015258789,315.4000015258789,630.8000030517578,1.0,0,1,1.0,1.0,1.0,1,1,1,1,1,0,0,6,0.0,0.0,621.8180435180664,728.9954940795899,1,20,2,2024-08-03,31.540000152587893,31.540000152587893,63.08000030517579,1.2094791480529353e-09,0
47,64.7211436254023,344.50000381469727,310.8654002103277,655.365404025025,1.0,0,1,1.0,1.0,1.0,1,1,1,1,1,0,6,0,0.0,0.0,725.9750498754023,602.5788441675664,1,20,2,2024-08-03,34.45000038146973,31.086540021032775,65.5365404025025,3.0585693028669413e-09,0
0,0.0,0.0,0.0,0.0,1.0,0,1,1.0,1.0,1.0,1,1,1,1,1,0,0,6,0.0,0.0,112.10000610351562,131.8000030517578,0,21,0,2024-08-03,0.0,0.0,0.0,0.0,0
1,0.0,0.0,0.0,0.0,1.0,0,1,1.0,1.0,1.0,1,1,1,1,1,0,0,6,0.0,0.0,112.10000610351562,131.8000030517578,0,21,0,2024-08-03,0.0,0.0,0.0,0.0,0
2,0.0,0.0,0.0,0.0,1.0,0,1,1.0,1.0,1.0,1,1,1,1,1,0,0,6,0.0,0.0,139.60000610351562,159.3000030517578,0,21,0,2024-08-03,0.0,0.0,0.0,0.0,0
3,0.0,0.0,0.0,0.0,1.0,0,1,1.0,1.0,0.6666666666666666,1,1,0,1,1,0,0,6,0.0,0.0,112.10000610351562,131.8000030517578,0,21,0,2024-08-03,0.0,0.0,0.0,0.0,0
4,0.0,0.0,0.0,0.0,1.0,0,1,1.0,1.0,0.3333333333333333,1,1,0,1,1,0,0,6,0.0,0.0,112.10000610351562,131.8000030517578,0,21,0,2024-08-03,0.0,0.0,0.0,0.0,0
5,0.0,0.0,0.0,0.0,1.0,0,1,1.0,1.0,0.0,1,1,0,1,1,0,0,6,0.0,0.0,123.63333892822266,131.8000030517578,0,21,0,2024-08-03,0.0,0.0,0.0,0.0,0
6,0.0,0.0,0.0,0.0,1.0,0,1,1.0,1.0,0.6666666666666666,1,1,0,1,1,0,0,6,0.0,0.0,108.39999389648438,109.09999084472656,0,21,0,2024-08-03,0.0,0.0,0.0,0.0,0
7,0.0,0.0,0.0,0.0,1.0,0,1,1.0,1.0,1.0,1,1,1,1,1,0,0,6,0.0,0.0,108.39999389648438,109.09999084472656,0,21,0,2024-08-03,0.0,0.0,0.0,0.0,0
8,0.0,0.0,0.0,0.0,1.0,0,1,1.0,1.0,1.0,1,1,1,1,1,0,0,6,0.0,0.0,108.39999389648438,109.09999084472656,0,21,0,2024-08-03,0.0,0.0,0.0,0.0,0
9,0.0,0.0,0.0,0.0,1.0,0,1,1.0,1.0,1.0,1,1,1,1,1,0,0,6,0.0,0.0,108.39999389648438,109.09999084472656,0,21,0,2024-08-03,0.0,0.0,0.0,0.0,0
10,0.0,0.0,0.0,0.0,1.0,0,1,1.0,1.0,1.0,1,1,1,1,1,0,0,6,0.0,0.0,108.39999389648438,109.09999084472656,0,21,0,2024-08-03,0.0,0.0,0.0,0.0,0
11,0.0,0.0,0.0,0.0,1.0,0,1,1.0,1.0,1.0,1,1,1,1,1,0,0,6,0.0,0.0,108.39999389648438,109.09999084472656,0,21,0,2024-08-03,0.0,0.0,0.0,0.0,0
12,0.0,0.0,0.0,0.0,1.0,0,1,1.0,1.0,0.0,1,1,0,1,1,0,0,6,0.0,0.0,135.89999389648438,136.59999084472656,0,21,0,2024-08-03,0.0,0.0,0.0,0.0,0
13,0.0,0.0,0.0,0.0,1.0,0,1,1.0,1.0,0.0,1,1,0,1,1,0,0,6,0.0,0.0,244.89999389648438,260.79998779296875,0,21,0,2024-08-03,0.0,0.0,0.0,0.0,0
14,0.0,0.0,0.0,0.0,1.0,0,1,1.0,1.0,0.0,1,1,0,1,1,0,0,6,0.0,0.0,295.79998779296875,307.5,0,21,0,2024-08-03,0.0,0.0,0.0,0.0,0
15,0.0,0.0,0.0,0.0,1.0,0,1,1.0,1.0,0.0,1,1,0,1,1,0,0,6,0.0,0.0,356.0999755859375,367.79998779296875,0,21,0,2024-08-03,0.0,0.0,0.0,0.0,0
16,0.0,0.0,0.0,0.0,1.0,0,1,1.0,1.0,0.0,1,1,0,1,1,0,0,6,0.0,0.0,416.4999694824219,436.4999694824219,0,21,0,2024-08-03,0.0,0.0,0.0,0.0,0
17,0.0,0.0,0.0,0.0,1.0,0,1,1.0,1.0,0.0,1,1,0,1,1,0,0,6,0.0,0.0,463.1999816894531,483.1999816894531,0,21,0,2024-08-03,0.0,0.0,0.0,0.0,0
18,0.0,0.0,0.0,0.0,1.0,0,1,1.0,1.0,0.5,1,1,0,1,1,0,0,6,0.0,0.0,538.2000122070312,560.2000122070312,0,21,0,2024-08-03,0.0,0.0,0.0,0.0,0
19,-32.11000022888189,286.10000228881836,289.60000228881836,575.7000045776367,1.0,0,1,1.0,1.0,1.0,1,1,1,1,1,0,0,6,0.0,0.0,550.1817478179931,647.3099514007569,1,21,0,2024-08-03,28.610000228881837,28.96000022888184,57.570000457763676,6.626188507385698e-10,0
20,-290.28538423672273,0.0,355.60000228881836,355.60000228881836,1.0,0,1,1.0,1.0,1.0,1,1,1,1,1,0,6,0,0.0,0.0,272.06996244296477,955.6854086507852,1,21,0,2024-08-03,0.0,35.56000022888184,35.56000022888184,4.039278899587721e-08,0
21,-99.44500198364253,0.0,369.3000030517578,369.3000030517578,1.0,0,1,1.0,1.0,1.0,1,1,1,1,1,0,6,0,0.0,0.0,421.11139450073244,764.845026397705,1,21,0,2024-08-03,0.0,36.93000030517578,36.93000030517578,6.197720794210615e-09,0
22,43.1366633097336,489.7333386739095,492.9000053405762,982.6333440144856,1.0,0,1,1.0,1.0,1.0,1,1,1,1,1,6,0,0,0.0,0.0,560.1261042277024,641.4633122762039,1,21,0,2024-08-03,48.97333386739095,49.29000053405762,98.26333440144856,1.8116549722342246e-09,0
23,0.0,0.0,0.0,0.0,1.0,0,1,1.0,1.0,0.0,1,1,0,1,1,0,0,6,0.0,0.0,512.0707397460938,673.7000122070312,0,21,0,2024-08-03,0.0,0.0,0.0,0.0,0
24,-3.7428079223633195,605.0760040283203,634.2000045776367,1239.276008605957,1.0,0,1,1.0,1.0,1.0,1,1,1,1,1,0,0,6,0.0007260168081307548,0.0,604.6367086791992,787.4427590942383,1,21,0,2024-08-03,60.50760040283203,63.42000045776368,123.9276008605957,4.617252075565009e-11,0
25,5.12615369628758,623.2000045776367,0.0,623.2000045776367,1.0,0,1,1.0,1.0,1.0,1,1,1,1,1,0,0,6,0.0,0.0,714.4554383642563,913.2738707177749,1,21,0,2024-08-03,62.320000457763676,0.0,62.320000457763676,3.645729861504272e-10,0
26,46.339004799836175,0.0,700.7000045776367,700.7000045776367,1.0,0,1,1.0,1.0,1.0,1,1,1,1,1,0,0,6,0.0,0.0,725.2954867334299,863.7610928564138,1,21,0,2024-08-03,0.0,70.07000045776367,70.07000045776367,4.0421665591849987e-10,0
27,58.2400005340574,686.8000049591064,692.4000053405762,1379.2000102996826,1.0,0,1,1.0,1.0,1.0,1,1,1,1,1,0,6,0,0.0,0.0,714.9857891082761,835.3600971221927,1,21,0,2024-08-03,68.68000049591065,69.24000053405761,137.92000102996826,8.297631867359297e-10,0
28,346.37964976539064,719.9000053405762,0.0,719.9000053405762,1.0,0,1,1.0,1.0,1.0,1,1,1,1,1,6,0,0,0.0,0.0,1017.195872909922,558.2204478908593,1,21,0,2024-08-03,71.99000053405761,0.0,71.99000053405761,1.5409800744898207e-08,0
29,0.0,0.0,0.0,0.0,1.0,0,1,1.0,1.0,0.0,1,1,0,1,1,0,0,6,0.0,0.0,778.2425537109375,882.10009765625,0,21,0,2024-08-03,0.0,0.0,0.0,0.0,0
30,241.57592976355616,828.2000045776367,0.0,828.2000045776367,1.0,0,1,1.0,1.0,1.0,1,1,1,1,1,6,0,0,0.0,0.0,992.3164082791811,591.2241190645689,1,21,0,2024-08-03,82.82000045776368,0.0,82.82000045776368,2.4501100575499462e-09,0
31,0.0,0.0,0.0,0.0,1.0,0,1,1.0,1.0,0.0,1,1,0,1,1,0,0,6,0.0,0.0,777.0751953125,852.0,0,21,0,2024-08-03,0.0,0.0,0.0,0.0,0
32,0.0,0.0,0.0,0.0,1.0,0,1,1.0,1.0,0.0,1,1,0,1,1,0,0,6,0.0,0.0,800.724609375,853.5000610351562,0,21,0,2024-08-03,0.0,0.0,0.0,0.0,0
33,133.65500144958494,689.7000045776367,689.7000045776367,1379.4000091552734,1.0,0,1,1.0,1.0,1.0,1,1,1,1,1,3,3,0,0.0,0.05480636808090545,886.0686977386474,651.9000522613526,1,21,0,2024-08-03,68.97000045776367,68.97000045776367,137.94000091552735,0.1124999957135126,0
34,146.4700004577637,689.7000045776367,689.7000045776367,1379.4000091552734,1.0,0,1,1.0,1.0,1.0,1,1,1,1,1,0,5,1,0.0,0.0998699894543561,871.8755180358887,620.8196723937988,1,21,0,2024-08-03,68.97000045776367,68.97000045776367,137.94000091552735,0.08541666724280743,0
35,222.11984296897236,667.9157193868118,661.2001795651826,1329.1158989519945,1.0,0,1,1.0,1.0,1.0,1,1,1,1,1,0,1,5,0.0,0.12359350386437884,994.3105778322536,579.4801326169652,1,21,0,2024-08-03,66.79157193868119,66.12001795651825,132.91158989519946,0.07462105347693351,0
36,81.72000045776366,250.0,817.2000045776367,1067.2000045776367,1.0,0,1,1.0,1.0,1.0,1,1,1,1,1,0,0,6,0.0,0.07171835184651845,930.4553520202637,758.5917671203613,1,21,0,2024-08-03,25.0,81.72000045776367,106.72000045776367,7.148982957469444e-10,0
37,54.43566728969144,826.3666714986166,831.5000038146973,1657.8666753133139,1.0,0,1,1.0,1.0,1.0,1,1,1,1,1,0,6,0,0.0,0.0549350195386539,903.3948347701602,785.8215348587461,1,21,0,2024-08-03,82.63666714986167,83.15000038146974,165.7866675313314,9.986454804368614e-10,0
38,111.54000129699709,813.4000053405762,813.4000053405762,1626.8000106811523,1.0,0,1,1.0,1.0,1.0,1,1,1,1,1,4,0,2,0.0,0.11768687611568109,923.5103382110595,717.6734996795655,1,21,0,2024-08-03,81.34000053405762,81.34000053405762,162.68000106811525,0.27291666923629565,0
39,790.7900058746338,708.9000053405762,0.0,708.9000053405762,1.0,0,1,1.0,1.0,1.0,1,1,1,1,1,6,0,0,0.0,0.0,1586.8824131011963,32.910006332397415,1,21,0,2024-08-03,70.89000053405762,0.0,70.89000053405762,0.6458333325934251,0
40,227.73314407336073,631.4986722310384,0.0,631.4986722310384,1.0,0,1,1.0,1.0,1.0,1,1,1,1,1,6,0,0,0.0,0.0,1057.4213154600795,615.1668803407017,1,21,0,2024-08-03,63.14986722310385,0.0,63.14986722310385,0.2250000027281863,0
41,576.3009366099064,621.990672047933,0.0,621.990672047933,1.0,0,1,1.0,1.0,1.0,1,1,1,1,1,3,3,0,0.0,0.0,1390.9989346567813,233.49947842915606,1,21,0,2024-08-03,62.1990672047933,0.0,62.1990672047933,0.13333335563036197,0
42,79.30032700540058,583.3666714986166,588.5000038146973,1171.8666753133139,1.0,0,1,1.0,1.0,1.0,1,1,1,1,1,6,0,0,0.0,0.0,875.5003392124319,709.3418849086619,1,21,0,2024-08-03,58.33666714986166,58.85000038146973,117.1866675313314,0.03318731944526272,0
43,51.98000030517579,519.8000030517578,519.8000030517578,1039.6000061035156,1.0,0,1,1.0,1.0,1.0,1,1,1,1,1,0,0,6,0.0,0.0,809.680012512207,697.913005065918,1,21,0,2024-08-03,51.980000305175786,51.980000305175786,103.96000061035157,7.338778953582614e-10,0
44,53.81073212087761,440.0666669209798,444.10000228881836,884.1666692097981,1.0,0,1,1.0,1.0,1.0,1,1,1,1,1,0,6,0,0.0,0.0,734.6107199138463,619.1220071369349,1,21,0,2024-08-03,44.00666669209798,44.41000022888184,88.41666692097982,1.893634383652612e-09,0
45,-52.110002136230456,370.76666768391925,374.8000030517578,745.566670735677,1.0,0,1,1.0,1.0,1.0,1,1,1,1,1,0,6,0,0.0,0.0,628.6899856567383,724.9552169799805,1,21,0,2024-08-03,37.076666768391924,37.480000305175786,74.55666707356771,2.0466028771841316e-09,0
46,-50.74000091552735,315.4000015258789,315.4000015258789,630.8000030517578,1.0,0,1,1.0,1.0,1.0,1,1,1,1,1,0,0,6,0.0,0.0,575.0599868774414,671.0832015991211,1,21,0,2024-08-03,31.540000152587893,31.540000152587893,63.08000030517579,1.2094791480529353e-09,0
47,64.7211436254023,344.50000381469727,310.8654002103277,655.365404025025,1.0,0,1,1.0,1.0,1.0,1,1,1,1,1,3,3,0,0.0,0.0,690.3208140355586,556.065538503504,1,21,0,2024-08-03,34.45000038146973,31.086540021032775,65.5365404025025,0.0635173668855108,0
0,0.0,0.0,0.0,0.0,1.0,0,1,1.0,1.0,1.0,1,1,1,1,1,0,0,6,0.0,0.0,142.10000610351562,162.0,0,21,1,2024-08-03,0.0,0.0,0.0,0.0,0
1,0.0,0.0,0.0,0.0,1.0,0,1,1.0,1.0,1.0,1,1,1,1,1,0,0,6,0.0,0.0,142.10000610351562,162.0,0,21,1,2024-08-03,0.0,0.0,0.0,0.0,0
2,0.0,0.0,0.0,0.0,1.0,0,1,1.0,1.0,1.0,1,1,1,1,1,0,0,6,0.0,0.0,161.3000030517578,181.1999969482422,0,21,1,2024-08-03,0.0,0.0,0.0,0.0,0
3,0.0,0.0,0.0,0.0,1.0,0,1,1.0,1.0,1.0,1,1,1,1,1,0,0,6,0.0,0.0,161.3000030517578,181.1999969482422,0,21,1,2024-08-03,0.0,0.0,0.0,0.0,0
4,0.0,0.0,0.0,0.0,1.0,0,1,1.0,1.0,0.5,1,1,0,1,1,0,0,6,0.0,0.0,161.3000030517578,181.1999969482422,0,21,1,2024-08-03,0.0,0.0,0.0,0.0,0
5,0.0,0.0,0.0,0.0,1.0,0,1,1.0,1.0,0.0,1,1,0,1,1,0,0,6,0.0,0.0,165.40000915527344,181.1999969482422,0,21,1,2024-08-03,0.0,0.0,0.0,0.0,0
6,0.0,0.0,0.0,0.0,1.0,0,1,1.0,1.0,0.0,1,1,0,1,1,0,0,6,0.0,0.0,168.70001220703125,184.5,0,21,1,2024-08-03,0.0,0.0,0.0,0.0,0
7,0.0,0.0,0.0,0.0,1.0,0,1,1.0,1.0,0.0,1,1,0,1,1,0,0,6,0.0,0.0,168.70001220703125,184.5,0,21,1,2024-08-03,0.0,0.0,0.0,0.0,0
8,0.0,0.0,0.0,0.0,1.0,0,1,1.0,1.0,0.0,1,1,0,1,1,0,0,6,0.0,0.0,149.5,165.29998779296875,0,21,1,2024-08-03,0.0,0.0,0.0,0.0,0
9,0.0,0.0,0.0,0.0,1.0,0,1,1.0,1.0,1.0,1,1,1,1,1,0,0,6,0.0,0.0,139.89999389648438,146.09999084472656,0,21,1,2024-08-03,0.0,0.0,0.0,0.0,0
10,0.0,0.0,0.0,0.0,1.0,0,1,1.0,1.0,1.0,1,1,1,1,1,0,0,6,0.0,0.0,139.89999389648438,146.09999084472656,0,21,1,2024-08-03,0.0,0.0,0.0,0.0,0
11,0.0,0.0,0.0,0.0,1.0,0,1,1.0,1.0,1.0,1,1,1,1,1,0,0,6,0.0,0.0,139.89999389648438,146.09999084472656,0,21,1,2024-08-03,0.0,0.0,0.0,0.0,0
12,0.0,0.0,0.0,0.0,1.0,0,1,1.0,1.0,1.0,1,1,1,1,1,0,0,6,0.0,0.0,161.89999389648438,173.59999084472656,0,21,1,2024-08-03,0.0,0.0,0.0,0.0,0
13,0.0,0.0,0.0,0.0,1.0,0,1,1.0,1.0,1.0,1,1,1,1,1,0,0,6,0.0,0.0,224.1999969482422,251.09999084472656,0,21,1,2024-08-03,0.0,0.0,0.0,0.0,0
14,0.0,0.0,0.0,0.0,1.0,0,1,1.0,1.0,0.3333333333333333,1,1,0,1,1,0,0,6,0.0,0.0,283.70001220703125,344.6000061035156,0,21,1,2024-08-03,0.0,0.0,0.0,0.0,0
15,0.0,0.0,0.0,0.0,1.0,0,1,1.0,1.0,0.0,1,1,0,1,1,0,0,6,0.0,0.0,286.9000244140625,344.6000061035156,0,21,1,2024-08-03,0.0,0.0,0.0,0.0,0
16,0.0,0.0,0.0,0.0,1.0,0,1,1.0,1.0,0.0,1,1,0,1,1,0,0,6,0.0,0.0,289.20001220703125,344.6000061035156,0,21,1,2024-08-03,0.0,0.0,0.0,0.0,0
17,0.0,0.0,0.0,0.0,1.0,0,1,1.0,1.0,0.0,1,1,0,1,1,0,0,6,0.0,0.0,333.6000061035156,388.1000061035156,0,21,1,2024-08-03,0.0,0.0,0.0,0.0,0
18,0.0,0.0,0.0,0.0,1.0,0,1,1.0,1.0,0.0,1,1,0,1,1,0,0,6,0.0,0.0,333.6000061035156,388.1000061035156,0,21,1,2024-08-03,0.0,0.0,0.0,0.0,0
19,-32.11000022888189,286.10000228881836,289.60000228881836,575.7000045776367,1.0,0,1,1.0,1.0,1.0,1,1,1,1,1,0,0,6,0.0,0.0,446.83262672424314,632.9100490570069,1,21,1,2024-08-03,28.610000228881837,28.96000022888184,57.570000457763676,6.626188507385698e-10,0
20,-290.28538423672273,0.0,355.60000228881836,355.60000228881836,1.0,0,1,1.0,1.0,1.0,1,1,1,1,1,0,6,0,0.0,0.0,74.00999540194914,883.485396443754,1,21,1,2024-08-03,0.0,35.56000022888184,35.56000022888184,4.039278899587721e-08,0
21,-99.44500198364253,0.0,369.3000030517578,369.3000030517578,1.0,0,1,1.0,1.0,1.0,1,1,1,1,1,0,6,0,0.0,0.0,195.48169479370122,739.345026397705,1,21,1,2024-08-03,0.0,36.93000030517578,36.93000030517578,6.197720794210615e-09,0
22,43.1366633097336,489.7333386739095,492.9000053405762,982.6333440144856,1.0,0,1,1.0,1.0,1.0,1,1,1,1,1,6,0,0,0.2736602216415412,0.0,355.71280466715547,679.6633855183914,1,21,1,2024-08-03,48.97333386739095,49.29000053405762,98.26333440144856,1.8116549722342246e-09,0
23,0.0,0.0,0.0,0.0,1.0,0,1,1.0,1.0,0.0,1,1,0,1,1,0,0,6,0.0,0.0,357.9397277832031,761.300048828125,0,21,1,2024-08-03,0.0,0.0,0.0,0.0,0
24,-3.7428079223633195,605.0760040283203,634.2000045776367,1239.276008605957,1.0,0,1,1.0,1.0,1.0,1,1,1,1,1,0,0,6,0.26463056920919553,0.0,444.9543966674804,830.9427590942383,1,21,1,2024-08-03,60.50760040283203,63.42000045776368,123.9276008605957,4.617252075565009e-11,0
25,5.12615369628758,623.2000045776367,0.0,623.2000045776367,1.0,0,1,1.0,1.0,1.0,1,1,1,1,1,0,0,6,0.28624723886154246,0.0,444.8107240087876,894.0738585107437,1,21,1,2024-08-03,62.320000457763676,0.0,62.320000457763676,3.645729861504272e-10,0
26,46.339004799836175,0.0,700.7000045776367,700.7000045776367,1.0,0,1,1.0,1.0,1.0,1,1,1,1,1,0,0,6,0.0,0.0,529.0648959131174,946.3610684423513,1,21,1,2024-08-03,0.0,70.07000045776367,70.07000045776367,4.0421665591849987e-10,0
27,58.2400005340574,686.8000049591064,692.4000053405762,1379.2000102996826,1.0,0,1,1.0,1.0,1.0,1,1,1,1,1,0,6,0,0.2121660942616635,0.0,541.0843303680417,934.3599750518802,1,21,1,2024-08-03,68.68000049591065,69.24000053405761,137.92000102996826,8.297631867359297e-10,0
28,346.37964976539064,719.9000053405762,0.0,719.9000053405762,1.0,0,1,1.0,1.0,1.0,1,1,1,1,1,6,0,0,0.0,0.0,881.4518543552344,646.1203502346093,1,21,1,2024-08-03,71.99000053405761,0.0,71.99000053405761,1.5409800744898207e-08,0
29,0.0,0.0,0.0,0.0,1.0,0,1,1.0,1.0,0.0,1,1,0,1,1,0,0,6,0.0,0.0,641.0435791015625,1050.800048828125,0,21,1,2024-08-03,0.0,0.0,0.0,0.0,0
30,241.57592976355616,828.2000045776367,0.0,828.2000045776367,1.0,0,1,1.0,1.0,1.0,1,1,1,1,1,6,0,0,0.06912631884941187,0.0,770.9495869901186,657.5241678926939,1,21,1,2024-08-03,82.82000045776368,0.0,82.82000045776368,2.4501100575499462e-09,0
31,0.0,0.0,0.0,0.0,1.0,0,1,1.0,1.0,0.0,1,1,0,1,1,0,0,6,0.0,0.0,501.9737243652344,849.10009765625,0,21,1,2024-08-03,0.0,0.0,0.0,0.0,0
32,0.0,0.0,0.0,0.0,1.0,0,1,1.0,1.0,0.0,1,1,0,1,1,0,0,6,0.0,0.0,533.5780029296875,865.5000610351562,0,21,1,2024-08-03,0.0,0.0,0.0,0.0,0
33,133.65500144958494,689.7000045776367,689.7000045776367,1379.4000091552734,1.0,0,1,1.0,1.0,1.0,1,1,1,1,1,3,3,0,0.0020900210141865253,0.0,688.2585170745849,748.3450595855713,1,21,1,2024-08-03,68.97000045776367,68.97000045776367,137.94000091552735,0.1124999957135126,0
34,146.4700004577637,689.7000045776367,689.7000045776367,1379.4000091552734,1.0,0,1,1.0,1.0,1.0,1,1,1,1,1,0,5,1,0.0,0.0,819.0426933288575,738.829987335205,1,21,1,2024-08-03,68.97000045776367,68.97000045776367,137.94000091552735,0.08541666724280743,0
35,222.11984296897236,667.9157193868118,661.2001795651826,1329.1158989519945,1.0,0,1,1.0,1.0,1.0,1,1,1,1,1,0,1,5,0.0,0.0,1011.4652409181911,707.6333308591527,1,21,1,2024-08-03,66.79157193868119,66.12001795651825,132.91158989519946,0.07462105347693351,0
36,81.72000045776366,250.0,817.2000045776367,1067.2000045776367,1.0,0,1,1.0,1.0,1.0,1,1,1,1,1,0,0,6,0.0,0.0,946.389739227295,871.32779006958,1,21,1,2024-08-03,25.0,81.72000045776367,106.72000045776367,7.148982957469444e-10,0
37,54.43566728969144,826.3666714986166,831.5000038146973,1657.8666753133139,1.0,0,1,1.0,1.0,1.0,1,1,1,1,1,0,6,0,0.0,0.0,871.8483259810977,860.8310563431211,1,21,1,2024-08-03,82.63666714986167,83.15000038146974,165.7866675313314,9.986454804368614e-10,0
38,111.54000129699709,813.4000053405762,813.4000053405762,1626.8000106811523,1.0,0,1,1.0,1.0,1.0,1,1,1,1,1,4,0,2,0.062469362421379994,0.08930417797844689,762.5874256134033,740.7599864959717,1,21,1,2024-08-03,81.34000053405762,81.34000053405762,162.68000106811525,0.27291666923629565,0
39,790.7900058746338,708.9000053405762,0.0,708.9000053405762,1.0,0,1,1.0,1.0,1.0,1,1,1,1,1,6,0,0,0.0,0.0,1359.182889175415,30.709994125366165,1,21,1,2024-08-03,70.89000053405762,0.0,70.89000053405762,0.6458333325934251,0
40,227.73314407336073,631.4986722310384,0.0,631.4986722310384,1.0,0,1,1.0,1.0,1.0,1,1,1,1,1,6,0,0,0.0,0.0,859.455128936642,571.2668559266392,1,21,1,2024-08-03,63.14986722310385,0.0,63.14986722310385,0.2250000027281863,0
41,576.3009366099064,621.990672047933,0.0,621.990672047933,1.0,0,1,1.0,1.0,1.0,1,1,1,1,1,3,3,0,0.0,0.0,1327.2119473520938,327.69906339009356,1,21,1,2024-08-03,62.1990672047933,0.0,62.1990672047933,0.13333335563036197,0
42,79.30032700540058,583.3666714986166,588.5000038146973,1171.8666753133139,1.0,0,1,1.0,1.0,1.0,1,1,1,1,1,6,0,0,0.0,0.0,888.8298680210256,786.1997340297556,1,21,1,2024-08-03,58.33666714986166,58.85000038146973,117.1866675313314,0.03318731944526272,0
43,51.98000030517579,519.8000030517578,519.8000030517578,1039.6000061035156,1.0,0,1,1.0,1.0,1.0,1,1,1,1,1,0,0,6,0.0,0.0,781.9869583129882,741.0199996948243,1,21,1,2024-08-03,51.980000305175786,51.980000305175786,103.96000061035157,7.338778953582614e-10,0
44,53.81073212087761,440.0666669209798,444.10000228881836,884.1666692097981,1.0,0,1,1.0,1.0,1.0,1,1,1,1,1,0,6,0,0.0,0.0,750.5987570232213,711.6892678791224,1,21,1,2024-08-03,44.00666669209798,44.41000022888184,88.41666692097982,1.893634383652612e-09,0
45,-52.110002136230456,370.76666768391925,374.8000030517578,745.566670735677,1.0,0,1,1.0,1.0,1.0,1,1,1,1,1,0,6,0,0.0,0.0,588.6777786254883,779.1100021362305,1,21,1,2024-08-03,37.076666768391924,37.480000305175786,74.55666707356771,2.0466028771841316e-09,0
46,-50.74000091552735,315.4000015258789,315.4000015258789,630.8000030517578,1.0,0,1,1.0,1.0,1.0,1,1,1,1,1,0,0,6,0.0,0.0,488.73717193603517,711.8400375366211,1,21,1,2024-08-03,31.540000152587893,31.540000152587893,63.08000030517579,1.2094791480529353e-09,0
47,64.7211436254023,344.50000381469727,310.8654002103277,655.365404025025,1.0,0,1,1.0,1.0,1.0,1,1,1,1,1,3,3,0,0.0,0.0,561.6766795140742,568.8788929956914,1,21,1,2024-08-03,34.45000038146973,31.086540021032775,65.5365404025025,0.0635173668855108,0
0,0.0,0.0,0.0,0.0,1.0,0,1,1.0,1.0,1.0,1,1,1,1,1,0,0,6,0.0,0.0,260.20001220703125,303.3999938964844,0,21,2,2024-08-03,0.0,0.0,0.0,0.0,0
1,0.0,0.0,0.0,0.0,1.0,0,1,1.0,1.0,1.0,1,1,1,1,1,0,0,6,0.0,0.0,298.6999816894531,341.8999938964844,0,21,2,2024-08-03,0.0,0.0,0.0,0.0,0
2,0.0,0.0,0.0,0.0,1.0,0,1,1.0,1.0,1.0,1,1,1,1,1,0,0,6,0.0,0.0,298.6999816894531,341.8999938964844,0,21,2,2024-08-03,0.0,0.0,0.0,0.0,0
3,0.0,0.0,0.0,0.0,1.0,0,1,1.0,1.0,0.6666666666666666,1,1,0,1,1,0,0,6,0.0,0.0,298.6999816894531,341.8999938964844,0,21,2,2024-08-03,0.0,0.0,0.0,0.0,0
4,0.0,0.0,0.0,0.0,1.0,0,1,1.0,1.0,0.0,1,1,0,1,1,0,0,6,0.0,0.0,298.6999816894531,341.8999938964844,0,21,2,2024-08-03,0.0,0.0,0.0,0.0,0
5,0.0,0.0,0.0,0.0,1.0,0,1,1.0,1.0,0.0,1,1,0,1,1,0,0,6,0.0,0.0,279.5,322.70001220703125,0,21,2,2024-08-03,0.0,0.0,0.0,0.0,0
6,0.0,0.0,0.0,0.0,1.0,0,1,1.0,1.0,0.5,1,1,0,1,1,0,0,6,0.0,0.0,224.5,267.70001220703125,0,21,2,2024-08-03,0.0,0.0,0.0,0.0,0
7,0.0,0.0,0.0,0.0,1.0,0,1,1.0,1.0,0.8333333333333334,1,1,0,1,1,0,0,6,0.0,0.0,224.5,267.70001220703125,0,21,2,2024-08-03,0.0,0.0,0.0,0.0,0
8,0.0,0.0,0.0,0.0,1.0,0,1,1.0,1.0,0.0,1,1,0,1,1,0,0,6,0.0,0.0,224.5,267.70001220703125,0,21,2,2024-08-03,0.0,0.0,0.0,0.0,0
9,0.0,0.0,0.0,0.0,1.0,0,1,1.0,1.0,0.0,1,1,0,1,1,0,0,6,0.0,0.0,197.0,240.1999969482422,0,21,2,2024-08-03,0.0,0.0,0.0,0.0,0
10,0.0,0.0,0.0,0.0,1.0,0,1,1.0,1.0,0.0,1,1,0,1,1,0,0,6,0.0,0.0,197.0,240.1999969482422,0,21,2,2024-08-03,0.0,0.0,0.0,0.0,0
11,0.0,0.0,0.0,0.0,1.0,0,1,1.0,1.0,0.3333333333333333,1,1,0,1,1,0,0,6,0.0,0.0,188.6999969482422,231.89999389648438,0,21,2,2024-08-03,0.0,0.0,0.0,0.0,0
12,0.0,0.0,0.0,0.0,1.0,0,1,1.0,1.0,1.0,1,1,1,1,1,0,0,6,0.0,0.0,188.6999969482422,231.89999389648438,0,21,2,2024-08-03,0.0,0.0,0.0,0.0,0
13,0.0,0.0,0.0,0.0,1.0,0,1,1.0,1.0,1.0,1,1,1,1,1,0,0,6,0.0,0.0,254.59999084472656,297.79998779296875,0,21,2,2024-08-03,0.0,0.0,0.0,0.0,0
14,0.0,0.0,0.0,0.0,1.0,0,1,1.0,1.0,0.6666666666666666,1,1,0,1,1,0,0,6,0.0,0.0,284.8000183105469,328.0,0,21,2,2024-08-03,0.0,0.0,0.0,0.0,0
15,0.0,0.0,0.0,0.0,1.0,0,1,1.0,1.0,0.0,1,1,0,1,1,0,0,6,0.0,0.0,339.8000183105469,383.0,0,21,2,2024-08-03,0.0,0.0,0.0,0.0,0
16,0.0,0.0,0.0,0.0,1.0,0,1,1.0,1.0,0.0,1,1,0,1,1,0,0,6,0.0,0.0,378.29998779296875,421.5,0,21,2,2024-08-03,0.0,0.0,0.0,0.0,0
17,0.0,0.0,0.0,0.0,1.0,0,1,1.0,1.0,0.0,1,1,0,1,1,0,0,6,0.0,0.0,496.5,524.2000122070312,0,21,2,2024-08-03,0.0,0.0,0.0,0.0,0
18,0.0,0.0,0.0,0.0,1.0,0,1,1.0,1.0,0.0,1,1,0,1,1,0,0,6,0.0,0.0,541.5,562.699951171875,0,21,2,2024-08-03,0.0,0.0,0.0,0.0,0
19,-32.11000022888189,286.10000228881836,289.60000228881836,575.7000045776367,1.0,0,1,1.0,1.0,1.0,1,1,1,1,1,0,0,6,0.0,0.0,546.2811130523681,633.2100368499756,1,21,2,2024-08-03,28.610000228881837,28.96000022888184,57.570000457763676,6.626188507385698e-10,0
20,-290.28538423672273,0.0,355.60000228881836,355.60000228881836,1.0,0,1,1.0,1.0,1.0,1,1,1,1,1,0,6,0,0.0,0.0,246.60096830233977,891.3854208578165,1,21,2,2024-08-03,0.0,35.56000022888184,35.56000022888184,4.039278899587721e-08,0
21,-99.44500198364253,0.0,369.3000030517578,369.3000030517578,1.0,0,1,1.0,1.0,1.0,1,1,1,1,1,0,6,0,0.0,0.0,424.31976852416994,700.5450386047363,1,21,2,2024-08-03,0.0,36.93000030517578,36.93000030517578,6.197720794210615e-09,0
22,43.1366633097336,489.7333386739095,492.9000053405762,982.6333440144856,1.0,0,1,1.0,1.0,1.0,1,1,1,1,1,6,0,0,0.0,0.0,562.3164118448899,584.8633366902664,1,21,2,2024-08-03,48.97333386739095,49.29000053405762,98.26333440144856,1.8116549722342246e-09,0
23,0.0,0.0,0.0,0.0,1.0,0,1,1.0,1.0,0.0,1,1,0,1,1,0,0,6,0.0,0.0,563.5379638671875,671.4000244140625,0,21,2,2024-08-03,0.0,0.0,0.0,0.0,0
24,-3.7428079223633195,605.0760040283203,634.2000045776367,1239.276008605957,1.0,0,1,1.0,1.0,1.0,1,1,1,1,1,0,0,6,0.03229094749742036,0.0,585.5375265502929,702.6428323364258,1,21,2,2024-08-03,60.50760040283203,63.42000045776368,123.9276008605957,4.617252075565009e-11,0
25,5.12615369628758,623.2000045776367,0.0,623.2000045776367,1.0,0,1,1.0,1.0,1.0,1,1,1,1,1,0,0,6,0.0,0.0,659.9404237158188,773.2739317529312,1,21,2,2024-08-03,62.320000457763676,0.0,62.320000457763676,3.645729861504272e-10,0
26,46.339004799836175,0.0,700.7000045776367,700.7000045776367,1.0,0,1,1.0,1.0,1.0,1,1,1,1,1,0,0,6,0.0,0.010901846551090982,629.0831454248362,693.0610806493826,1,21,2,2024-08-03,0.0,70.07000045776367,70.07000045776367,4.0421665591849987e-10,0
27,58.2400005340574,686.8000049591064,692.4000053405762,1379.2000102996826,1.0,0,1,1.0,1.0,1.0,1,1,1,1,1,0,6,0,0.06269470351755699,0.016233276052454823,643.7412822723386,681.1600849151614,1,21,2,2024-08-03,68.68000049591065,69.24000053405761,137.92000102996826,8.297631867359297e-10,0
28,346.37964976539064,719.9000053405762,0.0,719.9000053405762,1.0,0,1,1.0,1.0,1.0,1,1,1,1,1,6,0,0,0.0,0.0,976.5275989841407,434.72032582054686,1,21,2,2024-08-03,71.99000053405761,0.0,71.99000053405761,1.5409800744898207e-08,0
29,0.0,0.0,0.0,0.0,1.0,0,1,1.0,1.0,0.0,1,1,0,1,1,0,0,6,0.0,0.0,642.348388671875,781.0999755859375,0,21,2,2024-08-03,0.0,0.0,0.0,0.0,0
30,241.57592976355616,828.2000045776367,0.0,828.2000045776367,1.0,0,1,1.0,1.0,1.0,1,1,1,1,1,6,0,0,0.0,0.0,909.9243184354311,589.5240458223814,1,21,2,2024-08-03,82.82000045776368,0.0,82.82000045776368,2.4501100575499462e-09,0
31,0.0,0.0,0.0,0.0,1.0,0,1,1.0,1.0,0.0,1,1,0,1,1,0,0,6,0.0,0.0,756.7465209960938,892.2000122070312,0,21,2,2024-08-03,0.0,0.0,0.0,0.0,0
32,0.0,0.0,0.0,0.0,1.0,0,1,1.0,1.0,0.0,1,1,0,1,1,0,0,6,0.0,0.0,732.0465087890625,867.5,0,21,2,2024-08-03,0.0,0.0,0.0,0.0,0
33,133.65500144958494,689.7000045776367,689.7000045776367,1379.4000091552734,1.0,0,1,1.0,1.0,1.0,1,1,1,1,1,3,3,0,0.0,0.0,874.3126552581787,733.8449985504151,1,21,2,2024-08-03,68.97000045776367,68.97000045776367,137.94000091552735,0.1124999957135126,0
34,146.4700004577637,689.7000045776367,689.7000045776367,1379.4000091552734,1.0,0,1,1.0,1.0,1.0,1,1,1,1,1,0,5,1,0.0,0.016758549598237835,866.4443656921387,678.1416328430175,1,21,2,2024-08-03,68.97000045776367,68.97000045776367,137.94000091552735,0.08541666724280743,0
35,222.11984296897236,667.9157193868118,661.2001795651826,1329.1158989519945,1.0,0,1,1.0,1.0,1.0,1,1,1,1,1,0,1,5,0.0,0.1122252937066028,968.2968449220973,586.9967952146214,1,21,2,2024-08-03,66.79157193868119,66.12001795651825,132.91158989519946,0.07462105347693351,0
36,81.72000045776366,250.0,817.2000045776367,1067.2000045776367,1.0,0,1,1.0,1.0,1.0,1,1,1,1,1,0,0,6,0.0,0.1333864151349038,806.4450370788575,708.1966255187988,1,21,2,2024-08-03,25.0,81.72000045776367,106.72000045776367,7.148982957469444e-10,0
37,54.43566728969144,826.3666714986166,831.5000038146973,1657.8666753133139,1.0,0,1,1.0,1.0,1.0,1,1,1,1,1,0,6,0,0.08962873217732731,0.140617221161878,752.3004744185977,714.5767838821836,1,21,2,2024-08-03,82.63666714986167,83.15000038146974,165.7866675313314,9.986454804368614e-10,0
38,111.54000129699709,813.4000053405762,813.4000053405762,1626.8000106811523,1.0,0,1,1.0,1.0,1.0,1,1,1,1,1,4,0,2,0.11713754751951332,0.19169849328979324,718.120323562622,657.472449874878,1,21,2,2024-08-03,81.34000053405762,81.34000053405762,162.68000106811525,0.27291666923629565,0
39,790.7900058746338,708.9000053405762,0.0,708.9000053405762,1.0,0,1,1.0,1.0,1.0,1,1,1,1,1,6,0,0,0.0,0.0,1358.0140659332276,0.0,1,21,2,2024-08-03,70.89000053405762,0.0,70.89000053405762,0.6458333325934251,0
40,227.73314407336073,631.4986722310384,0.0,631.4986722310384,1.0,0,1,1.0,1.0,1.0,1,1,1,1,1,6,0,0,0.0,0.0,792.4057514952358,496.9668681336705,1,21,2,2024-08-03,63.14986722310385,0.0,63.14986722310385,0.2250000027281863,0
41,576.3009366099064,621.990672047933,0.0,621.990672047933,1.0,0,1,1.0,1.0,1.0,1,1,1,1,1,3,3,0,0.0,0.0,1143.5014981333438,87.39901456196856,1,21,2,2024-08-03,62.1990672047933,0.0,62.1990672047933,0.13333335563036197,0
42,79.30032700540058,583.3666714986166,588.5000038146973,1171.8666753133139,1.0,0,1,1.0,1.0,1.0,1,1,1,1,1,6,0,0,0.0,0.03959274540197714,645.2321507358694,565.1996729945994,1,21,2,2024-08-03,58.33666714986166,58.85000038146973,117.1866675313314,0.03318731944526272,0
43,51.98000030517579,519.8000030517578,519.8000030517578,1039.6000061035156,1.0,0,1,1.0,1.0,1.0,1,1,1,1,1,0,0,6,0.0,0.0,600.3315017700195,573.319987487793,1,21,2,2024-08-03,51.980000305175786,51.980000305175786,103.96000061035157,7.338778953582614e-10,0
44,53.81073212087761,440.0666669209798,444.10000228881836,884.1666692097981,1.0,0,1,1.0,1.0,1.0,1,1,1,1,1,0,6,0,0.0,0.0,598.3908102458776,563.7892434650599,1,21,2,2024-08-03,44.00666669209798,44.41000022888184,88.41666692097982,1.893634383652612e-09,0
45,-52.110002136230456,370.76666768391925,374.8000030517578,745.566670735677,1.0,0,1,1.0,1.0,1.0,1,1,1,1,1,0,6,0,0.0,0.0,458.81098785400394,642.209977722168,1,21,2,2024-08-03,37.076666768391924,37.480000305175786,74.55666707356771,2.0466028771841316e-09,0
46,-50.74000091552735,315.4000015258789,315.4000015258789,630.8000030517578,1.0,0,1,1.0,1.0,1.0,1,1,1,1,1,0,0,6,0.0,0.0,409.30662994384767,587.5399887084961,1,21,2,2024-08-03,31.540000152587893,31.540000152587893,63.08000030517579,1.2094791480529353e-09,0
47,64.7211436254023,344.50000381469727,310.8654002103277,655.365404025025,1.0,0,1,1.0,1.0,1.0,1,1,1,1,1,3,3,0,0.0,0.0,405.98057355704293,378.67885027108207,1,21,2,2024-08-03,34.45000038146973,31.086540021032775,65.5365404025025,0.0635173668855108,0
0,0.0,0.0,0.0,0.0,1.0,0,1,1.0,1.0,0.6666666666666666,1,1,0,1,1,0,0,6,0.0,0.0,197.3000030517578,223.09999084472656,0,22,0,2024-08-03,0.0,0.0,0.0,0.0,0
1,0.0,0.0,0.0,0.0,1.0,0,1,1.0,1.0,0.0,1,1,0,1,1,0,0,6,0.0,0.0,227.93333435058594,250.59999084472656,0,22,0,2024-08-03,0.0,0.0,0.0,0.0,0
2,0.0,0.0,0.0,0.0,1.0,0,1,1.0,1.0,0.0,1,1,0,1,1,0,0,6,0.0,0.0,229.79998779296875,250.59999084472656,0,22,0,2024-08-03,0.0,0.0,0.0,0.0,0
3,0.0,0.0,0.0,0.0,1.0,0,1,1.0,1.0,0.3333333333333333,1,1,0,1,1,0,0,6,0.0,0.0,218.79998779296875,239.59999084472656,0,22,0,2024-08-03,0.0,0.0,0.0,0.0,0
4,0.0,0.0,0.0,0.0,1.0,0,1,1.0,1.0,0.3333333333333333,1,1,0,1,1,0,0,6,0.0,0.0,218.79998779296875,239.59999084472656,0,22,0,2024-08-03,0.0,0.0,0.0,0.0,0
5,0.0,0.0,0.0,0.0,1.0,0,1,1.0,1.0,0.5,1,1,0,1,1,0,0,6,0.0,0.0,199.59999084472656,220.39999389648438,0,22,0,2024-08-03,0.0,0.0,0.0,0.0,0
6,0.0,0.0,0.0,0.0,1.0,0,1,1.0,1.0,1.0,1,1,1,1,1,0,0,6,0.0,0.0,199.59999084472656,220.39999389648438,0,22,0,2024-08-03,0.0,0.0,0.0,0.0,0
7,0.0,0.0,0.0,0.0,1.0,0,1,1.0,1.0,0.3333333333333333,1,1,0,1,1,0,0,6,0.0,0.0,172.09999084472656,192.89999389648438,0,22,0,2024-08-03,0.0,0.0,0.0,0.0,0
8,0.0,0.0,0.0,0.0,1.0,0,1,1.0,1.0,1.0,1,1,1,1,1,0,0,6,0.0,0.0,172.09999084472656,192.89999389648438,0,22,0,2024-08-03,0.0,0.0,0.0,0.0,0
9,0.0,0.0,0.0,0.0,1.0,0,1,1.0,1.0,1.0,1,1,1,1,1,0,0,6,0.0,0.0,172.09999084472656,192.89999389648438,0,22,0,2024-08-03,0.0,0.0,0.0,0.0,0
10,0.0,0.0,0.0,0.0,1.0,0,1,1.0,1.0,0.6666666666666666,1,1,0,1,1,0,0,6,0.0,0.0,172.09999084472656,192.89999389648438,0,22,0,2024-08-03,0.0,0.0,0.0,0.0,0
11,0.0,0.0,0.0,0.0,1.0,0,1,1.0,1.0,0.0,1,1,0,1,1,0,0,6,0.0,0.0,183.09999084472656,203.89999389648438,0,22,0,2024-08-03,0.0,0.0,0.0,0.0,0
12,0.0,0.0,0.0,0.0,1.0,0,1,1.0,1.0,0.0,1,1,0,1,1,0,0,6,0.0,0.0,202.29998779296875,219.59999084472656,0,22,0,2024-08-03,0.0,0.0,0.0,0.0,0
13,0.0,0.0,0.0,0.0,1.0,0,1,1.0,1.0,0.0,1,1,0,1,1,0,0,6,0.0,0.0,248.49998474121094,266.29998779296875,0,22,0,2024-08-03,0.0,0.0,0.0,0.0,0
14,0.0,0.0,0.0,0.0,1.0,0,1,1.0,1.0,0.0,1,1,0,1,1,0,0,6,0.0,0.0,280.6999816894531,302.0,0,22,0,2024-08-03,0.0,0.0,0.0,0.0,0
15,0.0,0.0,0.0,0.0,1.0,0,1,1.0,1.0,0.0,1,1,0,1,1,0,0,6,0.0,0.0,317.0,371.20001220703125,0,22,0,2024-08-03,0.0,0.0,0.0,0.0,0
16,0.0,0.0,0.0,0.0,1.0,0,1,1.0,1.0,0.0,1,1,0,1,1,0,0,6,0.0,0.0,361.8666687011719,451.3999938964844,0,22,0,2024-08-03,0.0,0.0,0.0,0.0,0
17,0.0,0.0,0.0,0.0,1.0,0,1,1.0,1.0,0.0,1,1,0,1,1,0,0,6,0.0,0.0,405.70001220703125,507.73333740234375,0,22,0,2024-08-03,0.0,0.0,0.0,0.0,0
18,0.0,0.0,0.0,0.0,1.0,0,1,1.0,1.0,0.0,1,1,0,1,1,0,0,6,0.0,0.0,469.70001220703125,599.7999877929688,0,22,0,2024-08-03,0.0,0.0,0.0,0.0,0
19,-32.11000022888189,286.10000228881836,289.60000228881836,575.7000045776367,1.0,0,1,1.0,1.0,1.0,1,1,1,1,1,0,1,5,0.0,0.0,399.6036838531494,606.1850124359131,1,22,0,2024-08-03,28.610000228881837,28.96000022888184,57.570000457763676,0.08383996006828559,0
20,-290.28538423672273,0.0,355.60000228881836,355.60000228881836,1.0,0,1,1.0,1.0,1.0,1,1,1,1,1,0,6,0,0.0,0.0,66.74208158358977,884.333052693754,1,22,0,2024-08-03,0.0,35.56000022888184,35.56000022888184,4.039278899587721e-08,0
21,-99.44500198364253,0.0,369.3000030517578,369.3000030517578,1.0,0,1,1.0,1.0,1.0,1,1,1,1,1,0,6,0,0.0,0.0,223.29437789916997,727.4450630187988,1,22,0,2024-08-03,0.0,36.93000030517578,36.93000030517578,6.197720794210615e-09,0
22,43.1366633097336,489.7333386739095,492.9000053405762,982.6333440144856,1.0,0,1,1.0,1.0,1.0,1,1,1,1,1,6,0,0,0.2677431931600256,0.0,358.6105707804367,623.3633366902664,1,22,0,2024-08-03,48.97333386739095,49.29000053405762,98.26333440144856,1.8116549722342246e-09,0
23,0.0,0.0,0.0,0.0,1.0,0,1,1.0,1.0,0.0,1,1,0,1,1,0,0,6,0.0,0.0,416.53167724609375,785.199951171875,0,22,0,2024-08-03,0.0,0.0,0.0,0.0,0
24,-3.7428079223633195,605.0760040283203,634.2000045776367,1239.276008605957,1.0,0,1,1.0,1.0,1.0,1,1,1,1,1,0,0,6,0.21887372103593114,0.0,472.6407675170898,843.9427590942383,1,22,0,2024-08-03,60.50760040283203,63.42000045776368,123.9276008605957,4.617252075565009e-11,0
25,5.12615369628758,623.2000045776367,0.0,623.2000045776367,1.0,0,1,1.0,1.0,1.0,1,1,1,1,1,0,0,6,0.26443902119815005,0.0,458.40160535644384,839.7072203271499,1,22,0,2024-08-03,62.320000457763676,0.0,62.320000457763676,3.645729861504272e-10,0
26,46.339004799836175,0.0,700.7000045776367,700.7000045776367,1.0,0,1,1.0,1.0,1.0,1,1,1,1,1,0,2,4,0.0,0.0,563.8501131982737,896.1609952001638,1,22,0,2024-08-03,0.0,70.07000045776367,70.07000045776367,0.11666666371640232,0
27,58.2400005340574,686.8000049591064,692.4000053405762,1379.2000102996826,1.0,0,1,1.0,1.0,1.0,1,1,1,1,1,0,6,0,0.0,0.0,687.3830059051511,941.8599750518802,1,22,0,2024-08-03,68.68000049591065,69.24000053405761,137.92000102996826,0.09203885948988551,0
28,346.37964976539064,719.9000053405762,0.0,719.9000053405762,1.0,0,1,1.0,1.0,1.0,1,1,1,1,1,6,0,0,0.0,0.0,1070.2760120700782,692.4203990627343,1,22,0,2024-08-03,71.99000053405761,0.0,71.99000053405761,1.5409800744898207e-08,0
29,0.0,0.0,0.0,0.0,1.0,0,1,1.0,1.0,0.0,1,1,0,1,1,0,0,6,0.0,0.0,848.505859375,1057.699951171875,0,22,0,2024-08-03,0.0,0.0,0.0,0.0,0
30,241.57592976355616,828.2000045776367,0.0,828.2000045776367,1.0,0,1,1.0,1.0,1.0,1,1,1,1,1,6,0,0,0.0,0.0,1129.3438740994936,854.6240214083189,1,22,0,2024-08-03,82.82000045776368,0.0,82.82000045776368,2.4501100575499462e-09,0
31,0.0,0.0,0.0,0.0,1.0,0,1,1.0,1.0,0.0,1,1,0,1,1,0,0,6,0.0,0.0,952.6672973632812,1128.800048828125,0,22,0,2024-08-03,0.0,0.0,0.0,0.0,0
32,0.0,0.0,0.0,0.0,1.0,0,1,1.0,1.0,0.0,1,1,0,1,1,0,0,6,0.0,0.0,848.8007202148438,1060.60009765625,0,22,0,2024-08-03,0.0,0.0,0.0,0.0,0
33,133.65500144958494,689.7000045776367,689.7000045776367,1379.4000091552734,1.0,0,1,1.0,1.0,1.0,1,1,1,1,1,6,0,0,0.0,0.0,982.4557216644287,926.8736850738526,1,22,0,2024-08-03,68.97000045776367,68.97000045776367,137.94000091552735,1.935833007946494e-09,0
34,146.4700004577637,689.7000045776367,689.7000045776367,1379.4000091552734,1.0,0,1,1.0,1.0,1.0,1,1,1,1,1,0,0,6,0.0,0.0,1040.0570976257325,911.3300483703613,1,22,0,2024-08-03,68.97000045776367,68.97000045776367,137.94000091552735,5.530951362971126e-10,0
35,222.11984296897236,667.9157193868118,661.2001795651826,1329.1158989519945,1.0,0,1,1.0,1.0,1.0,1,1,1,1,1,0,0,6,0.0,0.0,1094.1120915041286,808.1802058591527,1,22,0,2024-08-03,66.79157193868119,66.12001795651825,132.91158989519946,3.308029715485766e-10,0
36,81.72000045776366,250.0,817.2000045776367,1067.2000045776367,1.0,0,1,1.0,1.0,1.0,1,1,1,1,1,0,0,6,0.0,0.0,992.0570365905762,975.9799507141113,1,22,0,2024-08-03,25.0,81.72000045776367,106.72000045776367,7.148982957469444e-10,0
37,54.43566728969144,826.3666714986166,831.5000038146973,1657.8666753133139,1.0,0,1,1.0,1.0,1.0,1,1,1,1,1,0,6,0,0.0,0.0,929.2788679732852,975.7642838821836,1,22,0,2024-08-03,82.63666714986167,83.15000038146974,165.7866675313314,9.986454804368614e-10,0
38,111.54000129699709,813.4000053405762,813.4000053405762,1626.8000106811523,1.0,0,1,1.0,1.0,1.0,1,1,1,1,1,0,4,2,0.0,0.0,896.2801746368408,841.7599864959717,1,22,0,2024-08-03,81.34000053405762,81.34000053405762,162.68000106811525,0.26249999732289603,0
39,790.7900058746338,708.9000053405762,0.0,708.9000053405762,1.0,0,1,1.0,1.0,1.0,1,1,1,1,1,6,0,0,0.0,0.0,1693.5262119293213,161.70999412536617,1,22,0,2024-08-03,70.89000053405762,0.0,70.89000053405762,3.9282395083575415e-08,0
40,227.73314407336073,631.4986722310384,0.0,631.4986722310384,1.0,0,1,1.0,1.0,1.0,1,1,1,1,1,6,0,0,0.0,0.0,1125.024464874142,665.2640483094517,1,22,0,2024-08-03,63.14986722310385,0.0,63.14986722310385,7.973531881608935e-09,0
41,576.3009366099064,621.990672047933,0.0,621.990672047933,1.0,0,1,1.0,1.0,1.0,1,1,1,1,1,0,6,0,0.0,0.0,1328.4009121958438,99.04244717915606,1,22,0,2024-08-03,62.1990672047933,0.0,62.1990672047933,4.460768232260224e-08,0
42,79.30032700540058,583.3666714986166,588.5000038146973,1171.8666753133139,1.0,0,1,1.0,1.0,1.0,1,1,1,1,1,4,2,0,0.0,0.19225873099771915,812.2002903843069,475.3557398891307,1,22,0,2024-08-03,58.33666714986166,58.85000038146973,117.1866675313314,0.12554756820456084,0
43,51.98000030517579,519.8000030517578,519.8000030517578,1039.6000061035156,1.0,0,1,1.0,1.0,1.0,1,1,1,1,1,5,0,1,0.0,0.03294331735642041,742.8552444458007,502.67606658935546,1,22,0,2024-08-03,51.980000305175786,51.980000305175786,103.96000061035157,0.31249999461822886,0
44,53.81073212087761,440.0666669209798,444.10000228881836,884.1666692097981,1.0,0,1,1.0,1.0,1.0,1,1,1,1,1,5,1,0,0.0,0.0,611.7480490154088,520.2090432697474,1,22,0,2024-08-03,44.00666669209798,44.41000022888184,88.41666692097982,0.2654502035837276,0
45,-52.110002136230456,370.76666768391925,374.8000030517578,745.566670735677,1.0,0,1,1.0,1.0,1.0,1,1,1,1,1,4,2,0,0.0,0.0,504.70164337158207,626.1297775268555,1,22,0,2024-08-03,37.076666768391924,37.480000305175786,74.55666707356771,0.08288251833558356,0
46,-50.74000091552735,315.4000015258789,315.4000015258789,630.8000030517578,1.0,0,1,1.0,1.0,1.0,1,1,1,1,1,0,6,0,0.0,0.0,462.11778717041017,593.4064437866211,1,22,0,2024-08-03,31.540000152587893,31.540000152587893,63.08000030517579,0.1999999975810417,0
47,64.7211436254023,344.50000381469727,310.8654002103277,655.365404025025,1.0,0,1,1.0,1.0,1.0,1,1,1,1,1,0,6,0,0.0,0.0,556.963025949621,447.5101796167852,1,22,0,2024-08-03,34.45000038146973,31.086540021032775,65.5365404025025,0.0434810776617253,0
0,0.0,0.0,0.0,0.0,1.0,0,1,1.0,1.0,1.0,1,1,1,1,1,0,0,6,0.0,0.0,146.39999389648438,164.89999389648438,0,22,1,2024-08-03,0.0,0.0,0.0,0.0,0
1,0.0,0.0,0.0,0.0,1.0,0,1,1.0,1.0,1.0,1,1,1,1,1,0,0,6,0.0,0.0,146.39999389648438,164.89999389648438,0,22,1,2024-08-03,0.0,0.0,0.0,0.0,0
2,0.0,0.0,0.0,0.0,1.0,0,1,1.0,1.0,0.6666666666666666,1,1,0,1,1,0,0,6,0.0,0.0,146.39999389648438,164.89999389648438,0,22,1,2024-08-03,0.0,0.0,0.0,0.0,0
3,0.0,0.0,0.0,0.0,1.0,0,1,1.0,1.0,1.0,1,1,1,1,1,0,0,6,0.0,0.0,135.39999389648438,153.89999389648438,0,22,1,2024-08-03,0.0,0.0,0.0,0.0,0
4,0.0,0.0,0.0,0.0,1.0,0,1,1.0,1.0,1.0,1,1,1,1,1,0,0,6,0.0,0.0,135.39999389648438,153.89999389648438,0,22,1,2024-08-03,0.0,0.0,0.0,0.0,0
5,0.0,0.0,0.0,0.0,1.0,0,1,1.0,1.0,1.0,1,1,1,1,1,0,0,6,0.0,0.0,162.89999389648438,173.89999389648438,0,22,1,2024-08-03,0.0,0.0,0.0,0.0,0
6,0.0,0.0,0.0,0.0,1.0,0,1,1.0,1.0,1.0,1,1,1,1,1,0,0,6,0.0,0.0,162.89999389648438,173.89999389648438,0,22,1,2024-08-03,0.0,0.0,0.0,0.0,0
7,0.0,0.0,0.0,0.0,1.0,0,1,1.0,1.0,0.8333333333333334,1,1,0,1,1,0,0,6,0.0,0.0,162.89999389648438,173.89999389648438,0,22,1,2024-08-03,0.0,0.0,0.0,0.0,0
8,0.0,0.0,0.0,0.0,1.0,0,1,1.0,1.0,0.3333333333333333,1,1,0,1,1,0,0,6,0.0,0.0,162.89999389648438,173.89999389648438,0,22,1,2024-08-03,0.0,0.0,0.0,0.0,0
9,0.0,0.0,0.0,0.0,1.0,0,1,1.0,1.0,1.0,1,1,1,1,1,0,0,6,0.0,0.0,171.1999969482422,182.1999969482422,0,22,1,2024-08-03,0.0,0.0,0.0,0.0,0
10,0.0,0.0,0.0,0.0,1.0,0,1,1.0,1.0,1.0,1,1,1,1,1,0,0,6,0.0,0.0,171.1999969482422,182.1999969482422,0,22,1,2024-08-03,0.0,0.0,0.0,0.0,0
11,0.0,0.0,0.0,0.0,1.0,0,1,1.0,1.0,0.3333333333333333,1,1,0,1,1,0,0,6,0.0,0.0,171.1999969482422,182.1999969482422,0,22,1,2024-08-03,0.0,0.0,0.0,0.0,0
12,0.0,0.0,0.0,0.0,1.0,0,1,1.0,1.0,0.0,1,1,0,1,1,0,0,6,0.0,0.0,190.39999389648438,201.39999389648438,0,22,1,2024-08-03,0.0,0.0,0.0,0.0,0
13,0.0,0.0,0.0,0.0,1.0,0,1,1.0,1.0,0.8333333333333334,1,1,0,1,1,0,0,6,0.0,0.0,209.60000610351562,220.60000610351562,0,22,1,2024-08-03,0.0,0.0,0.0,0.0,0
14,0.0,0.0,0.0,0.0,1.0,0,1,1.0,1.0,1.0,1,1,1,1,1,0,0,6,0.0,0.0,228.8000030517578,239.8000030517578,0,22,1,2024-08-03,0.0,0.0,0.0,0.0,0
15,0.0,0.0,0.0,0.0,1.0,0,1,1.0,1.0,0.6666666666666666,1,1,0,1,1,0,0,6,0.0,0.0,239.8000030517578,250.8000030517578,0,22,1,2024-08-03,0.0,0.0,0.0,0.0,0
16,0.0,0.0,0.0,0.0,1.0,0,1,1.0,1.0,0.0,1,1,0,1,1,0,0,6,0.0,0.0,270.0,281.0,0,22,1,2024-08-03,0.0,0.0,0.0,0.0,0
17,0.0,0.0,0.0,0.0,1.0,0,1,1.0,1.0,0.0,1,1,0,1,1,0,0,6,0.0,0.0,326.5826721191406,338.70001220703125,0,22,1,2024-08-03,0.0,0.0,0.0,0.0,0
18,0.0,0.0,0.0,0.0,1.0,0,1,1.0,1.0,0.0,1,1,0,1,1,0,0,6,0.0,0.0,420.1999816894531,415.6999816894531,0,22,1,2024-08-03,0.0,0.0,0.0,0.0,0
19,-32.11000022888189,286.10000228881836,289.60000228881836,575.7000045776367,1.0,0,1,1.0,1.0,1.0,1,1,1,1,1,0,1,5,0.0,0.0,563.4899753570556,641.2099758148194,1,22,1,2024-08-03,28.610000228881837,28.96000022888184,57.570000457763676,0.08383996006828559,0
20,-290.28538423672273,0.0,355.60000228881836,355.60000228881836,1.0,0,1,1.0,1.0,1.0,1,1,1,1,1,0,6,0,0.0,0.0,373.807328165621,1010.1553793539102,1,22,1,2024-08-03,0.0,35.56000022888184,35.56000022888184,4.039278899587721e-08,0
21,-99.44500198364253,0.0,369.3000030517578,369.3000030517578,1.0,0,1,1.0,1.0,1.0,1,1,1,1,1,0,6,0,0.0,0.0,581.5362602233887,928.6449531555176,1,22,1,2024-08-03,0.0,36.93000030517578,36.93000030517578,6.197720794210615e-09,0
22,43.1366633097336,489.7333386739095,492.9000053405762,982.6333440144856,1.0,0,1,1.0,1.0,1.0,1,1,1,1,1,6,0,0,0.0,0.0,730.7988337198899,851.9633122762039,1,22,1,2024-08-03,48.97333386739095,49.29000053405762,98.26333440144856,1.8116549722342246e-09,0
23,0.0,0.0,0.0,0.0,1.0,0,1,1.0,1.0,0.0,1,1,0,1,1,0,0,6,0.0,0.0,748.0744018554688,958.7999877929688,0,22,1,2024-08-03,0.0,0.0,0.0,0.0,0
24,-3.7428079223633195,605.0760040283203,634.2000045776367,1239.276008605957,1.0,0,1,1.0,1.0,1.0,1,1,1,1,1,0,0,6,0.0,0.0,785.4794821166992,1034.4427590942382,1,22,1,2024-08-03,60.50760040283203,63.42000045776368,123.9276008605957,4.617252075565009e-11,0
25,5.12615369628758,623.2000045776367,0.0,623.2000045776367,1.0,0,1,1.0,1.0,1.0,1,1,1,1,1,0,0,6,0.0,0.0,838.1591126806626,1094.8738463037125,1,22,1,2024-08-03,62.320000457763676,0.0,62.320000457763676,3.645729861504272e-10,0
26,46.339004799836175,0.0,700.7000045776367,700.7000045776367,1.0,0,1,1.0,1.0,1.0,1,1,1,1,1,0,2,4,0.0,0.0,967.2641146631174,1153.0608975439138,1,22,1,2024-08-03,0.0,70.07000045776367,70.07000045776367,0.11666666371640232,0
27,58.2400005340574,686.8000049591064,692.4000053405762,1379.2000102996826,1.0,0,1,1.0,1.0,1.0,1,1,1,1,1,0,6,0,0.0,0.0,990.3814189910886,1132.9599506378177,1,22,1,2024-08-03,68.68000049591065,69.24000053405761,137.92000102996826,0.09203885948988551,0
28,346.37964976539064,719.9000053405762,0.0,719.9000053405762,1.0,0,1,1.0,1.0,1.0,1,1,1,1,1,6,0,0,0.0,0.0,1301.5963245700782,816.8203014064843,1,22,1,2024-08-03,71.99000053405761,0.0,71.99000053405761,1.5409800744898207e-08,0
29,0.0,0.0,0.0,0.0,1.0,0,1,1.0,1.0,0.0,1,1,0,1,1,0,0,6,0.0,0.0,1004.224609375,1155.5999755859375,0,22,1,2024-08-03,0.0,0.0,0.0,0.0,0
30,241.57592976355616,828.2000045776367,0.0,828.2000045776367,1.0,0,1,1.0,1.0,1.0,1,1,1,1,1,6,0,0,0.0,0.0,1199.3070088651186,864.0240458223814,1,22,1,2024-08-03,82.82000045776368,0.0,82.82000045776368,2.4501100575499462e-09,0
31,0.0,0.0,0.0,0.0,1.0,0,1,1.0,1.0,0.0,1,1,0,1,1,0,0,6,0.0,0.0,931.0673217773438,1067.199951171875,0,22,1,2024-08-03,0.0,0.0,0.0,0.0,0
32,0.0,0.0,0.0,0.0,1.0,0,1,1.0,1.0,0.0,1,1,0,1,1,0,0,6,0.0,0.0,892.5673217773438,1028.7000732421875,0,22,1,2024-08-03,0.0,0.0,0.0,0.0,0
33,133.65500144958494,689.7000045776367,689.7000045776367,1379.4000091552734,1.0,0,1,1.0,1.0,1.0,1,1,1,1,1,6,0,0,0.0,0.0,1015.2223232269287,881.3449985504151,1,22,1,2024-08-03,68.97000045776367,68.97000045776367,137.94000091552735,1.935833007946494e-09,0
34,146.4700004577637,689.7000045776367,689.7000045776367,1379.4000091552734,1.0,0,1,1.0,1.0,1.0,1,1,1,1,1,0,0,6,0.0,0.0,1031.3771659851075,868.5300605773925,1,22,1,2024-08-03,68.97000045776367,68.97000045776367,137.94000091552735,5.530951362971126e-10,0
35,222.11984296897236,667.9157193868118,661.2001795651826,1329.1158989519945,1.0,0,1,1.0,1.0,1.0,1,1,1,1,1,0,0,6,0.0,0.0,1119.2687687502223,751.4121394529027,1,22,1,2024-08-03,66.79157193868119,66.12001795651825,132.91158989519946,3.308029715485766e-10,0
36,81.72000045776366,250.0,817.2000045776367,1067.2000045776367,1.0,0,1,1.0,1.0,1.0,1,1,1,1,1,0,0,6,0.0,0.0011500752030311548,906.7428276062012,816.260163116455,1,22,1,2024-08-03,25.0,81.72000045776367,106.72000045776367,7.148982957469444e-10,0
37,54.43566728969144,826.3666714986166,831.5000038146973,1657.8666753133139,1.0,0,1,1.0,1.0,1.0,1,1,1,1,1,0,6,0,0.06414316320284967,0.06426418624081813,773.3608992232852,778.0643327103086,1,22,1,2024-08-03,82.63666714986167,83.15000038146974,165.7866675313314,9.986454804368614e-10,0
38,111.54000129699709,813.4000053405762,813.4000053405762,1626.8000106811523,1.0,0,1,1.0,1.0,1.0,1,1,1,1,1,0,4,2,0.0015920845754490108,0.12716991143153752,812.1050037384033,709.959998703003,1,22,1,2024-08-03,81.34000053405762,81.34000053405762,162.68000106811525,0.26249999732289603,0
39,790.7900058746338,708.9000053405762,0.0,708.9000053405762,1.0,0,1,1.0,1.0,1.0,1,1,1,1,1,6,0,0,0.0,0.0,1629.893338394165,64.38479881286617,1,22,1,2024-08-03,70.89000053405762,0.0,70.89000053405762,3.9282395083575415e-08,0
40,227.73314407336073,631.4986722310384,0.0,631.4986722310384,1.0,0,1,1.0,1.0,1.0,1,1,1,1,1,6,0,0,0.0,0.0,1145.3331196592983,632.0899760438267,1,22,1,2024-08-03,63.14986722310385,0.0,63.14986722310385,7.973531881608935e-09,0
41,576.3009366099064,621.990672047933,0.0,621.990672047933,1.0,0,1,1.0,1.0,1.0,1,1,1,1,1,0,6,0,0.0,0.0,1389.0008877817813,134.8237582143123,1,22,1,2024-08-03,62.1990672047933,0.0,62.1990672047933,4.460768232260224e-08,0
42,79.30032700540058,583.3666714986166,588.5000038146973,1171.8666753133139,1.0,0,1,1.0,1.0,1.0,1,1,1,1,1,4,2,0,0.0,0.2577531350442929,726.0003392124319,436.8122828578807,1,22,1,2024-08-03,58.33666714986166,58.85000038146973,117.1866675313314,0.12554756820456084,0
43,51.98000030517579,519.8000030517578,519.8000030517578,1039.6000061035156,1.0,0,1,1.0,1.0,1.0,1,1,1,1,1,5,0,1,0.0,0.10709386911663679,679.4800003051757,464.13260955810546,1,22,1,2024-08-03,51.980000305175786,51.980000305175786,103.96000061035157,0.31249999461822886,0
44,53.81073212087761,440.0666669209798,444.10000228881836,884.1666692097981,1.0,0,1,1.0,1.0,1.0,1,1,1,1,1,5,1,0,0.0,0.0,681.3107321208776,536.3385598713099,1,22,1,2024-08-03,44.00666669209798,44.41000022888184,88.41666692097982,0.2654502035837276,0
45,-52.110002136230456,370.76666768391925,374.8000030517578,745.566670735677,1.0,0,1,1.0,1.0,1.0,1,1,1,1,1,4,2,0,0.0,0.0,612.7926467895508,700.345964050293,1,22,1,2024-08-03,37.076666768391924,37.480000305175786,74.55666707356771,0.08288251833558356,0
46,-50.74000091552735,315.4000015258789,315.4000015258789,630.8000030517578,1.0,0,1,1.0,1.0,1.0,1,1,1,1,1,0,6,0,0.0,0.0,583.5732315063476,670.5374252319336,1,22,1,2024-08-03,31.540000152587893,31.540000152587893,63.08000030517579,0.1999999975810417,0
47,64.7211436254023,344.50000381469727,310.8654002103277,655.365404025025,1.0,0,1,1.0,1.0,1.0,1,1,1,1,1,0,6,0,0.0,0.0,652.3343028050898,508.3762684839727,1,22,1,2024-08-03,34.45000038146973,31.086540021032775,65.5365404025025,0.0434810776617253,0
0,0.0,0.0,0.0,0.0,1.0,0,1,1.0,1.0,1.0,1,1,1,1,1,0,0,6,0.0,0.0,335.5999755859375,313.0999755859375,0,22,2,2024-08-03,0.0,0.0,0.0,0.0,0
1,0.0,0.0,0.0,0.0,1.0,0,1,1.0,1.0,1.0,1,1,1,1,1,0,0,6,0.0,0.0,335.5999755859375,313.0999755859375,0,22,2,2024-08-03,0.0,0.0,0.0,0.0,0
2,0.0,0.0,0.0,0.0,1.0,0,1,1.0,1.0,0.8333333333333334,1,1,0,1,1,0,0,6,0.0,0.0,343.8999938964844,321.3999938964844,0,22,2,2024-08-03,0.0,0.0,0.0,0.0,0
3,0.0,0.0,0.0,0.0,1.0,0,1,1.0,1.0,0.5,1,1,0,1,1,0,0,6,0.0,0.0,343.8999938964844,321.3999938964844,0,22,2,2024-08-03,0.0,0.0,0.0,0.0,0
4,0.0,0.0,0.0,0.0,1.0,0,1,1.0,1.0,0.0,1,1,0,1,1,0,0,6,0.0,0.0,364.3999938964844,343.8999938964844,0,22,2,2024-08-03,0.0,0.0,0.0,0.0,0
5,0.0,0.0,0.0,0.0,1.0,0,1,1.0,1.0,0.0,1,1,0,1,1,0,0,6,0.0,0.0,298.3999938964844,277.8999938964844,0,22,2,2024-08-03,0.0,0.0,0.0,0.0,0
6,0.0,0.0,0.0,0.0,1.0,0,1,1.0,1.0,0.0,1,1,0,1,1,0,0,6,0.0,0.0,298.3999938964844,277.8999938964844,0,22,2,2024-08-03,0.0,0.0,0.0,0.0,0
7,0.0,0.0,0.0,0.0,1.0,0,1,1.0,1.0,1.0,1,1,1,1,1,0,0,6,0.0,0.0,270.8999938964844,250.39999389648438,0,22,2,2024-08-03,0.0,0.0,0.0,0.0,0
8,0.0,0.0,0.0,0.0,1.0,0,1,1.0,1.0,1.0,1,1,1,1,1,0,0,6,0.0,0.0,270.8999938964844,250.39999389648438,0,22,2,2024-08-03,0.0,0.0,0.0,0.0,0
9,0.0,0.0,0.0,0.0,1.0,0,1,1.0,1.0,1.0,1,1,1,1,1,0,0,6,0.0,0.0,270.8999938964844,250.39999389648438,0,22,2,2024-08-03,0.0,0.0,0.0,0.0,0
10,0.0,0.0,0.0,0.0,1.0,0,1,1.0,1.0,1.0,1,1,1,1,1,0,0,6,0.0,0.0,270.8999938964844,250.39999389648438,0,22,2,2024-08-03,0.0,0.0,0.0,0.0,0
11,0.0,0.0,0.0,0.0,1.0,0,1,1.0,1.0,1.0,1,1,1,1,1,0,0,6,0.0,0.0,270.8999938964844,250.39999389648438,0,22,2,2024-08-03,0.0,0.0,0.0,0.0,0
12,0.0,0.0,0.0,0.0,1.0,0,1,1.0,1.0,1.0,1,1,1,1,1,0,0,6,0.0,0.0,278.3999938964844,300.3999938964844,0,22,2,2024-08-03,0.0,0.0,0.0,0.0,0
13,0.0,0.0,0.0,0.0,1.0,0,1,1.0,1.0,0.16666666666666666,1,1,0,1,1,0,0,6,0.0,0.0,316.8999938964844,338.8999938964844,0,22,2,2024-08-03,0.0,0.0,0.0,0.0,0
14,0.0,0.0,0.0,0.0,1.0,0,1,1.0,1.0,0.0,1,1,0,1,1,0,0,6,0.0,0.0,347.1000061035156,369.1000061035156,0,22,2,2024-08-03,0.0,0.0,0.0,0.0,0
15,0.0,0.0,0.0,0.0,1.0,0,1,1.0,1.0,0.0,1,1,0,1,1,0,0,6,0.0,0.0,402.1000061035156,423.6000061035156,0,22,2,2024-08-03,0.0,0.0,0.0,0.0,0
16,0.0,0.0,0.0,0.0,1.0,0,1,1.0,1.0,0.0,1,1,0,1,1,0,0,6,0.0,0.0,495.5,517.0,0,22,2,2024-08-03,0.0,0.0,0.0,0.0,0
17,0.0,0.0,0.0,0.0,1.0,0,1,1.0,1.0,0.0,1,1,0,1,1,0,0,6,0.0,0.0,576.4000244140625,632.4000244140625,0,22,2,2024-08-03,0.0,0.0,0.0,0.0,0
18,0.0,0.0,0.0,0.0,1.0,0,1,1.0,1.0,0.0,1,1,0,1,1,0,0,6,0.0,0.0,573.7000122070312,629.7000122070312,0,22,2,2024-08-03,0.0,0.0,0.0,0.0,0
19,-32.11000022888189,286.10000228881836,289.60000228881836,575.7000045776367,1.0,0,1,1.0,1.0,1.0,1,1,1,1,1,0,1,5,0.0,0.0,691.1899875640869,824.5099636077881,1,22,2,2024-08-03,28.610000228881837,28.96000022888184,57.570000457763676,0.08383996006828559,0
20,-290.28538423672273,0.0,355.60000228881836,355.60000228881836,1.0,0,1,1.0,1.0,1.0,1,1,1,1,1,0,6,0,0.0,0.0,480.09230131015227,1206.1097860921914,1,22,2,2024-08-03,0.0,35.56000022888184,35.56000022888184,4.039278899587721e-08,0
21,-99.44500198364253,0.0,369.3000030517578,369.3000030517578,1.0,0,1,1.0,1.0,1.0,1,1,1,1,1,0,6,0,0.0,0.0,649.9536796569824,1053.4450019836424,1,22,2,2024-08-03,0.0,36.93000030517578,36.93000030517578,6.197720794210615e-09,0
22,43.1366633097336,489.7333386739095,492.9000053405762,982.6333440144856,1.0,0,1,1.0,1.0,1.0,1,1,1,1,1,6,0,0,0.0,0.0,927.0515803019211,1087.8633366902664,1,22,2,2024-08-03,48.97333386739095,49.29000053405762,98.26333440144856,1.8116549722342246e-09,0
23,0.0,0.0,0.0,0.0,1.0,0,1,1.0,1.0,0.0,1,1,0,1,1,0,0,6,0.0,0.0,876.5146484375,1111.699951171875,0,22,2,2024-08-03,0.0,0.0,0.0,0.0,0
24,-3.7428079223633195,605.0760040283203,634.2000045776367,1239.276008605957,1.0,0,1,1.0,1.0,1.0,1,1,1,1,1,0,0,6,0.0,0.0,753.9902853393554,1010.4428201293946,1,22,2,2024-08-03,60.50760040283203,63.42000045776368,123.9276008605957,4.617252075565009e-11,0
25,5.12615369628758,623.2000045776367,0.0,623.2000045776367,1.0,0,1,1.0,1.0,1.0,1,1,1,1,1,0,0,6,0.0,0.0,761.1384217626938,1001.5738585107437,1,22,2,2024-08-03,62.320000457763676,0.0,62.320000457763676,3.645729861504272e-10,0
26,46.339004799836175,0.0,700.7000045776367,700.7000045776367,1.0,0,1,1.0,1.0,1.0,1,1,1,1,1,0,2,4,0.0,0.0,936.6110995263987,1137.1609952001638,1,22,2,2024-08-03,0.0,70.07000045776367,70.07000045776367,0.11666666371640232,0
27,58.2400005340574,686.8000049591064,692.4000053405762,1379.2000102996826,1.0,0,1,1.0,1.0,1.0,1,1,1,1,1,0,6,0,0.0,0.0,979.6249492645261,1124.6600238800052,1,22,2,2024-08-03,68.68000049591065,69.24000053405761,137.92000102996826,0.09203885948988551,0
28,346.37964976539064,719.9000053405762,0.0,719.9000053405762,1.0,0,1,1.0,1.0,1.0,1,1,1,1,1,6,0,0,0.0,0.0,1383.8780628513282,866.7202037502343,1,22,2,2024-08-03,71.99000053405761,0.0,71.99000053405761,1.5409800744898207e-08,0
29,0.0,0.0,0.0,0.0,1.0,0,1,1.0,1.0,0.0,1,1,0,1,1,0,0,6,0.0,0.0,1014.3173828125,1135.5999755859375,0,22,2,2024-08-03,0.0,0.0,0.0,0.0,0
30,241.57592976355616,828.2000045776367,0.0,828.2000045776367,1.0,0,1,1.0,1.0,1.0,1,1,1,1,1,6,0,0,0.0,0.0,1244.9025899198061,860.5240458223814,1,22,2,2024-08-03,82.82000045776368,0.0,82.82000045776368,2.4501100575499462e-09,0
31,0.0,0.0,0.0,0.0,1.0,0,1,1.0,1.0,0.0,1,1,0,1,1,0,0,6,0.0,0.0,1042.4356689453125,1109.5999755859375,0,22,2,2024-08-03,0.0,0.0,0.0,0.0,0
32,0.0,0.0,0.0,0.0,1.0,0,1,1.0,1.0,0.0,1,1,0,1,1,0,0,6,0.0,0.0,1020.9357299804688,1088.10009765625,0,22,2,2024-08-03,0.0,0.0,0.0,0.0,0
33,133.65500144958494,689.7000045776367,689.7000045776367,1379.4000091552734,1.0,0,1,1.0,1.0,1.0,1,1,1,1,1,6,0,0,0.0,0.0,1098.2640712738037,896.8158237457276,1,22,2,2024-08-03,68.97000045776367,68.97000045776367,137.94000091552735,1.935833007946494e-09,0
34,146.4700004577637,689.7000045776367,689.7000045776367,1379.4000091552734,1.0,0,1,1.0,1.0,1.0,1,1,1,1,1,0,0,6,0.0,0.0,992.424895477295,735.9833686828613,1,22,2,2024-08-03,68.97000045776367,68.97000045776367,137.94000091552735,5.530951362971126e-10,0
35,222.11984296897236,667.9157193868118,661.2001795651826,1329.1158989519945,1.0,0,1,1.0,1.0,1.0,1,1,1,1,1,0,0,6,0.0,0.13523882758734326,967.4018864260036,571.7802424802464,1,22,2,2024-08-03,66.79157193868119,66.12001795651825,132.91158989519946,3.308029715485766e-10,0
36,81.72000045776366,250.0,817.2000045776367,1067.2000045776367,1.0,0,1,1.0,1.0,1.0,1,1,1,1,1,0,0,6,0.0,0.18565826106624678,780.5400688171387,665.4800727844238,1,22,2,2024-08-03,25.0,81.72000045776367,106.72000045776367,7.148982957469444e-10,0
37,54.43566728969144,826.3666714986166,831.5000038146973,1657.8666753133139,1.0,0,1,1.0,1.0,1.0,1,1,1,1,1,0,6,0,0.08157928552971419,0.1568678406143465,758.9522688521914,701.0643937454648,1,22,2,2024-08-03,82.63666714986167,83.15000038146974,165.7866675313314,9.986454804368614e-10,0
38,111.54000129699709,813.4000053405762,813.4000053405762,1626.8000106811523,0.8333333333333334,1,0,1.0,0.75,1.0,0,0,1,1,0,0,4,2,0.014270273531847974,0.2466996178844881,801.7925647735595,612.7345348358155,1,22,2,2024-08-03,81.34000053405762,81.34000053405762,162.68000106811525,0.26249999732289603,1
39,790.7900058746338,708.9000053405762,0.0,708.9000053405762,0.0,6,0,0.0,1.0,1.0,0,1,1,0,1,6,0,0,0.0,0.0,1417.5899936676026,0.0,1,22,2,2024-08-03,70.89000053405762,0.0,70.89000053405762,3.9282395083575415e-08,1
40,227.73314407336073,631.4986722310384,0.0,631.4986722310384,1.0,0,1,1.0,1.0,1.0,1,1,1,1,1,6,0,0,0.0,0.0,854.5331318663295,203.8378092957799,1,22,2,2024-08-03,63.14986722310385,0.0,63.14986722310385,7.973531881608935e-09,0
41,576.3009366099064,621.990672047933,0.0,621.990672047933,0.16666666666666666,5,0,1.0,0.16666666666666666,1.0,0,1,1,1,0,0,6,0,0.0,0.0,1194.9009121958438,0.0,1,22,2,2024-08-03,62.1990672047933,0.0,62.1990672047933,4.460768232260224e-08,1
42,79.30032700540058,583.3666714986166,588.5000038146973,1171.8666753133139,0.6666666666666666,2,0,1.0,0.0,1.0,0,0,1,1,0,4,2,0,0.0,0.6810476534280708,697.9003025913381,187.70345717428694,1,22,2,2024-08-03,58.33666714986166,58.85000038146973,117.1866675313314,0.12554756820456084,1
43,51.98000030517579,519.8000030517578,519.8000030517578,1039.6000061035156,1.0,0,1,1.0,1.0,1.0,1,1,1,1,1,5,0,1,0.0,0.49629901860271824,709.5799758911132,261.82377166748046,1,22,2,2024-08-03,51.980000305175786,51.980000305175786,103.96000061035157,0.31249999461822886,0
44,53.81073212087761,440.0666669209798,444.10000228881836,884.1666692097981,1.0,0,1,1.0,1.0,1.0,1,1,1,1,1,5,1,0,0.0,0.15797515596253836,688.9107077068151,373.94323516427863,1,22,2,2024-08-03,44.00666669209798,44.41000022888184,88.41666692097982,0.2654502035837276,0
45,-52.110002136230456,370.76666768391925,374.8000030517578,745.566670735677,1.0,0,1,1.0,1.0,1.0,1,1,1,1,1,4,2,0,0.0,0.0,530.790022277832,515.907731628418,1,22,2,2024-08-03,37.076666768391924,37.480000305175786,74.55666707356771,0.08288251833558356,0
46,-50.74000091552735,315.4000015258789,315.4000015258789,630.8000030517578,1.0,0,1,1.0,1.0,1.0,1,1,1,1,1,0,6,0,0.0,0.0,532.1600234985351,531.3333541870118,1,22,2,2024-08-03,31.540000152587893,31.540000152587893,63.08000030517579,0.1999999975810417,0
47,64.7211436254023,344.50000381469727,310.8654002103277,655.365404025025,1.0,0,1,1.0,1.0,1.0,1,1,1,1,1,0,6,0,0.0,0.0,659.2211436254023,404.9395314234258,1,22,2,2024-08-03,34.45000038146973,31.086540021032775,65.5365404025025,0.0434810776617253,0
0,0.0,0.0,0.0,0.0,1.0,0,1,1.0,1.0,1.0,1,1,1,1,1,0,0,6,0.0,0.0,151.1999969482422,151.1999969482422,0,23,0,2024-08-03,0.0,0.0,0.0,0.0,0
1,0.0,0.0,0.0,0.0,1.0,0,1,1.0,1.0,1.0,1,1,1,1,1,0,0,6,0.0,0.0,151.1999969482422,151.1999969482422,0,23,0,2024-08-03,0.0,0.0,0.0,0.0,0
2,0.0,0.0,0.0,0.0,1.0,0,1,1.0,1.0,1.0,1,1,1,1,1,0,0,6,0.0,0.0,151.1999969482422,151.1999969482422,0,23,0,2024-08-03,0.0,0.0,0.0,0.0,0
3,0.0,0.0,0.0,0.0,1.0,0,1,1.0,1.0,0.5,1,1,0,1,1,0,0,6,0.0,0.0,151.1999969482422,151.1999969482422,0,23,0,2024-08-03,0.0,0.0,0.0,0.0,0
4,0.0,0.0,0.0,0.0,1.0,0,1,1.0,1.0,0.6666666666666666,1,1,0,1,1,0,0,6,0.0,0.0,151.1999969482422,151.1999969482422,0,23,0,2024-08-03,0.0,0.0,0.0,0.0,0
5,0.0,0.0,0.0,0.0,1.0,0,1,1.0,1.0,0.8333333333333334,1,1,0,1,1,0,0,6,0.0,0.0,134.6999969482422,134.6999969482422,0,23,0,2024-08-03,0.0,0.0,0.0,0.0,0
6,0.0,0.0,0.0,0.0,1.0,0,1,1.0,1.0,0.3333333333333333,1,1,0,1,1,0,0,6,0.0,0.0,134.6999969482422,134.6999969482422,0,23,0,2024-08-03,0.0,0.0,0.0,0.0,0
7,0.0,0.0,0.0,0.0,1.0,0,1,1.0,1.0,0.0,1,1,0,1,1,0,0,6,0.0,0.0,134.6999969482422,134.6999969482422,0,23,0,2024-08-03,0.0,0.0,0.0,0.0,0
8,0.0,0.0,0.0,0.0,1.0,0,1,1.0,1.0,0.0,1,1,0,1,1,0,0,6,0.0,0.0,134.6999969482422,134.6999969482422,0,23,0,2024-08-03,0.0,0.0,0.0,0.0,0
9,0.0,0.0,0.0,0.0,1.0,0,1,1.0,1.0,0.0,1,1,0,1,1,0,0,6,0.0,0.0,123.69999694824219,123.69999694824219,0,23,0,2024-08-03,0.0,0.0,0.0,0.0,0
10,0.0,0.0,0.0,0.0,1.0,0,1,1.0,1.0,0.0,1,1,0,1,1,0,0,6,0.0,0.0,85.19999694824219,85.19999694824219,0,23,0,2024-08-03,0.0,0.0,0.0,0.0,0
11,0.0,0.0,0.0,0.0,1.0,0,1,1.0,1.0,0.0,1,1,0,1,1,0,0,6,0.0,0.0,85.19999694824219,85.19999694824219,0,23,0,2024-08-03,0.0,0.0,0.0,0.0,0
12,0.0,0.0,0.0,0.0,1.0,0,1,1.0,1.0,0.0,1,1,0,1,1,0,0,6,0.0,0.0,85.19999694824219,85.19999694824219,0,23,0,2024-08-03,0.0,0.0,0.0,0.0,0
13,0.0,0.0,0.0,0.0,1.0,0,1,1.0,1.0,0.0,1,1,0,1,1,0,0,6,0.0,0.0,112.69999694824219,112.69999694824219,0,23,0,2024-08-03,0.0,0.0,0.0,0.0,0
14,0.0,0.0,0.0,0.0,1.0,0,1,1.0,1.0,0.0,1,1,0,1,1,0,0,6,0.0,0.0,306.4000244140625,316.4000244140625,0,23,0,2024-08-03,0.0,0.0,0.0,0.0,0
15,0.0,0.0,0.0,0.0,1.0,0,1,1.0,1.0,0.0,1,1,0,1,1,0,0,6,0.0,0.0,306.4000244140625,316.4000244140625,0,23,0,2024-08-03,0.0,0.0,0.0,0.0,0
16,0.0,0.0,0.0,0.0,1.0,0,1,1.0,1.0,0.3333333333333333,1,1,0,1,1,0,0,6,0.0,0.0,372.4000244140625,390.60003662109375,0,23,0,2024-08-03,0.0,0.0,0.0,0.0,0
17,0.0,0.0,0.0,0.0,1.0,0,1,1.0,1.0,1.0,1,1,1,1,1,0,0,6,0.0,0.0,452.60003662109375,461.79998779296875,0,23,0,2024-08-03,0.0,0.0,0.0,0.0,0
18,0.0,0.0,0.0,0.0,1.0,0,1,1.0,1.0,0.6666666666666666,1,1,0,1,1,0,0,6,0.0,0.0,515.7999877929688,525.0,0,23,0,2024-08-03,0.0,0.0,0.0,0.0,0
19,-32.11000022888189,286.10000228881836,289.60000228881836,575.7000045776367,1.0,0,1,1.0,1.0,1.0,1,1,1,1,1,0,0,6,0.0,0.0,586.5783542633056,700.5100246429444,1,23,0,2024-08-03,28.610000228881837,28.96000022888184,57.570000457763676,6.626188507385698e-10,0
20,-290.28538423672273,0.0,355.60000228881836,355.60000228881836,1.0,0,1,1.0,1.0,1.0,1,1,1,1,1,0,6,0,0.0,0.0,280.32289213046477,976.1651449789102,1,23,0,2024-08-03,0.0,35.56000022888184,35.56000022888184,4.039278899587721e-08,0
21,-99.44500198364253,0.0,369.3000030517578,369.3000030517578,1.0,0,1,1.0,1.0,1.0,1,1,1,1,1,0,6,0,0.0,0.0,455.62567672729494,848.9450630187988,1,23,0,2024-08-03,0.0,36.93000030517578,36.93000030517578,6.197720794210615e-09,0
22,43.1366633097336,489.7333386739095,492.9000053405762,982.6333440144856,1.0,0,1,1.0,1.0,1.0,1,1,1,1,1,1,5,0,0.0,0.0,609.4193781534836,728.3633977254226,1,23,0,2024-08-03,48.97333386739095,49.29000053405762,98.26333440144856,0.14630330704430333,0
23,0.0,0.0,0.0,0.0,1.0,0,1,1.0,1.0,0.0,1,1,0,1,1,0,0,6,0.0,0.0,583.6470947265625,821.5,0,23,0,2024-08-03,0.0,0.0,0.0,0.0,0
24,-3.7428079223633195,605.0760040283203,634.2000045776367,1239.276008605957,1.0,0,1,1.0,1.0,1.0,1,1,1,1,1,2,0,4,0.07358991408262541,0.0,560.5485128784179,797.7428079223633,1,23,0,2024-08-03,60.50760040283203,63.42000045776368,123.9276008605957,0.07730618262670597,0
25,5.12615369628758,623.2000045776367,0.0,623.2000045776367,1.0,0,1,1.0,1.0,1.0,1,1,1,1,1,1,0,5,0.17792256929408173,0.0,512.3186585791001,785.5737974755874,1,23,0,2024-08-03,62.320000457763676,0.0,62.320000457763676,0.07916667001529759,0
26,46.339004799836175,0.0,700.7000045776367,700.7000045776367,1.0,0,1,1.0,1.0,1.0,1,1,1,1,1,0,0,6,0.0,0.0,531.4228671045237,763.5610196142263,1,23,0,2024-08-03,0.0,70.07000045776367,70.07000045776367,4.0421665591849987e-10,0
27,58.2400005340574,686.8000049591064,692.4000053405762,1379.2000102996826,1.0,0,1,1.0,1.0,1.0,1,1,1,1,1,1,5,0,0.2747156204445236,0.0,498.12531547546365,732.4599506378177,1,23,0,2024-08-03,68.68000049591065,69.24000053405761,137.92000102996826,0.03942261142380088,0
28,346.37964976539064,719.9000053405762,0.0,719.9000053405762,1.0,0,1,1.0,1.0,1.0,1,1,1,1,1,6,0,0,0.0,0.0,772.6393848728126,433.32030140648436,1,23,0,2024-08-03,71.99000053405761,0.0,71.99000053405761,1.5409800744898207e-08,0
29,0.0,0.0,0.0,0.0,1.0,0,1,1.0,1.0,0.0,1,1,0,1,1,0,0,6,0.0,0.0,551.4436645507812,738.0,0,23,0,2024-08-03,0.0,0.0,0.0,0.0,0
30,241.57592976355616,828.2000045776367,0.0,828.2000045776367,1.0,0,1,1.0,1.0,1.0,1,1,1,1,1,6,0,0,0.06857308181073012,0.0,771.4077779080874,446.42407023644387,1,23,0,2024-08-03,82.82000045776368,0.0,82.82000045776368,2.4501100575499462e-09,0
31,0.0,0.0,0.0,0.0,1.0,0,1,1.0,1.0,0.0,1,1,0,1,1,0,0,6,0.0,0.0,568.5097045898438,738.0,0,23,0,2024-08-03,0.0,0.0,0.0,0.0,0
32,0.0,0.0,0.0,0.0,1.0,0,1,1.0,1.0,0.0,1,1,0,1,1,0,0,6,0.0,0.0,607.2910766601562,776.5,0,23,0,2024-08-03,0.0,0.0,0.0,0.0,0
33,133.65500144958494,689.7000045776367,689.7000045776367,1379.4000091552734,1.0,0,1,1.0,1.0,1.0,1,1,1,1,1,6,0,0,0.0,0.013998919517565125,771.9716518402099,680.0449497222901,1,23,0,2024-08-03,68.97000045776367,68.97000045776367,137.94000091552735,1.935833007946494e-09,0
34,146.4700004577637,689.7000045776367,689.7000045776367,1379.4000091552734,1.0,0,1,1.0,1.0,1.0,1,1,1,1,1,0,0,6,0.0,0.015760411969160497,793.4626152038575,678.8300483703613,1,23,0,2024-08-03,68.97000045776367,68.97000045776367,137.94000091552735,5.530951362971126e-10,0
35,222.11984296897236,667.9157193868118,661.2001795651826,1329.1158989519945,1.0,0,1,1.0,1.0,1.0,1,1,1,1,1,0,0,6,0.0,0.06687836343623046,910.6855778322536,616.9801936521214,1,23,0,2024-08-03,66.79157193868119,66.12001795651825,132.91158989519946,3.308029715485766e-10,0
36,81.72000045776366,250.0,817.2000045776367,1067.2000045776367,1.0,0,1,1.0,1.0,1.0,1,1,1,1,1,1,0,5,0.0,0.0,852.8977348327637,851.3799751281738,1,23,0,2024-08-03,25.0,81.72000045776367,106.72000045776367,0.0009760749351807157,0
37,54.43566728969144,826.3666714986166,831.5000038146973,1657.8666753133139,1.0,0,1,1.0,1.0,1.0,1,1,1,1,1,0,6,0,0.06347872175746894,0.019285203387563413,773.9099714889102,815.4643571243711,1,23,0,2024-08-03,82.63666714986167,83.15000038146974,165.7866675313314,9.986454804368614e-10,0
38,111.54000129699709,813.4000053405762,813.4000053405762,1626.8000106811523,1.0,0,1,1.0,1.0,1.0,1,1,1,1,1,0,0,6,0.11956147011528244,0.1967543412499744,716.1487049102783,653.3600231170655,1,23,0,2024-08-03,81.34000053405762,81.34000053405762,162.68000106811525,2.344908679327907e-10,0
39,790.7900058746338,708.9000053405762,0.0,708.9000053405762,1.0,0,1,1.0,1.0,1.0,1,1,1,1,1,6,0,0,0.0,0.0,1415.135525894165,0.0,1,23,0,2024-08-03,70.89000053405762,0.0,70.89000053405762,3.9282395083575415e-08,0
40,227.73314407336073,631.4986722310384,0.0,631.4986722310384,1.0,0,1,1.0,1.0,1.0,1,1,1,1,1,6,0,0,0.0,0.0,901.933156280392,446.4668681336705,1,23,0,2024-08-03,63.14986722310385,0.0,63.14986722310385,0.037500004666245826,0
41,576.3009366099064,621.990672047933,0.0,621.990672047933,1.0,0,1,1.0,1.0,1.0,1,1,1,1,1,1,5,0,0.0,0.0,1223.0009488169376,70.3990755971248,1,23,0,2024-08-03,62.1990672047933,0.0,62.1990672047933,0.03333337069039397,0
42,79.30032700540058,583.3666714986166,588.5000038146973,1171.8666753133139,1.0,0,1,1.0,1.0,1.0,1,1,1,1,1,6,0,0,0.0,0.035714705388882065,737.0003392124319,567.4818995570994,1,23,0,2024-08-03,58.33666714986166,58.85000038146973,117.1866675313314,3.0029631565297525e-09,0
43,51.98000030517579,519.8000030517578,519.8000030517578,1039.6000061035156,1.0,0,1,1.0,1.0,1.0,1,1,1,1,1,4,0,2,0.0,0.0,643.7799880981445,533.3752853393555,1,23,0,2024-08-03,51.980000305175786,51.980000305175786,103.96000061035157,0.1625000015594905,0
44,53.81073212087761,440.0666669209798,444.10000228881836,884.1666692097981,1.0,0,1,1.0,1.0,1.0,1,1,1,1,1,2,4,0,0.0,0.0,607.1107199138463,494.4542825275599,1,23,0,2024-08-03,44.00666669209798,44.41000022888184,88.41666692097982,0.06014106429582362,0
45,-52.110002136230456,370.76666768391925,374.8000030517578,745.566670735677,1.0,0,1,1.0,1.0,1.0,1,1,1,1,1,0,6,0,0.0,0.0,490.1899856567383,589.7472091674805,1,23,0,2024-08-03,37.076666768391924,37.480000305175786,74.55666707356771,2.0466028771841316e-09,0
46,-50.74000091552735,315.4000015258789,315.4000015258789,630.8000030517578,1.0,0,1,1.0,1.0,1.0,1,1,1,1,1,5,0,1,0.0,0.0,472.3600357055664,570.8922225952149,1,23,0,2024-08-03,31.540000152587893,31.540000152587893,63.08000030517579,0.3437500070049001,0
47,64.7211436254023,344.50000381469727,310.8654002103277,655.365404025025,1.0,0,1,1.0,1.0,1.0,1,1,1,1,1,0,6,0,0.0,0.0,548.821180246496,419.37889299569144,1,23,0,2024-08-03,34.45000038146973,31.086540021032775,65.5365404025025,3.0585693028669413e-09,0
0,0.0,0.0,0.0,0.0,1.0,0,1,1.0,1.0,1.0,1,1,1,1,1,0,0,6,0.0,0.0,263.3999938964844,282.5,0,23,1,2024-08-03,0.0,0.0,0.0,0.0,0
1,0.0,0.0,0.0,0.0,1.0,0,1,1.0,1.0,1.0,1,1,1,1,1,0,0,6,0.0,0.0,263.3999938964844,282.5,0,23,1,2024-08-03,0.0,0.0,0.0,0.0,0
2,0.0,0.0,0.0,0.0,1.0,0,1,1.0,1.0,0.5,1,1,0,1,1,0,0,6,0.0,0.0,313.3999938964844,332.5,0,23,1,2024-08-03,0.0,0.0,0.0,0.0,0
3,0.0,0.0,0.0,0.0,1.0,0,1,1.0,1.0,1.0,1,1,1,1,1,0,0,6,0.0,0.0,285.8999938964844,305.0,0,23,1,2024-08-03,0.0,0.0,0.0,0.0,0
4,0.0,0.0,0.0,0.0,1.0,0,1,1.0,1.0,1.0,1,1,1,1,1,0,0,6,0.0,0.0,285.8999938964844,305.0,0,23,1,2024-08-03,0.0,0.0,0.0,0.0,0
5,0.0,0.0,0.0,0.0,1.0,0,1,1.0,1.0,1.0,1,1,1,1,1,0,0,6,0.0,0.0,285.8999938964844,305.0,0,23,1,2024-08-03,0.0,0.0,0.0,0.0,0
6,0.0,0.0,0.0,0.0,1.0,0,1,1.0,1.0,0.8333333333333334,1,1,0,1,1,0,0,6,0.0,0.0,285.8999938964844,305.0,0,23,1,2024-08-03,0.0,0.0,0.0,0.0,0
7,0.0,0.0,0.0,0.0,1.0,0,1,1.0,1.0,0.6666666666666666,1,1,0,1,1,0,0,6,0.0,0.0,285.8999938964844,304.0999755859375,0,23,1,2024-08-03,0.0,0.0,0.0,0.0,0
8,0.0,0.0,0.0,0.0,1.0,0,1,1.0,1.0,1.0,1,1,1,1,1,0,0,6,0.0,0.0,285.8999938964844,304.0999755859375,0,23,1,2024-08-03,0.0,0.0,0.0,0.0,0
9,0.0,0.0,0.0,0.0,1.0,0,1,1.0,1.0,0.6666666666666666,1,1,0,1,1,0,0,6,0.0,0.0,285.8999938964844,304.0999755859375,0,23,1,2024-08-03,0.0,0.0,0.0,0.0,0
10,0.0,0.0,0.0,0.0,1.0,0,1,1.0,1.0,0.0,1,1,0,1,1,0,0,6,0.0,0.0,285.8999938964844,304.0999755859375,0,23,1,2024-08-03,0.0,0.0,0.0,0.0,0
11,0.0,0.0,0.0,0.0,1.0,0,1,1.0,1.0,0.0,1,1,0,1,1,0,0,6,0.0,0.0,285.8999938964844,304.0999755859375,0,23,1,2024-08-03,0.0,0.0,0.0,0.0,0
12,0.0,0.0,0.0,0.0,1.0,0,1,1.0,1.0,0.0,1,1,0,1,1,0,0,6,0.0,0.0,295.5,331.5999755859375,0,23,1,2024-08-03,0.0,0.0,0.0,0.0,0
13,0.0,0.0,0.0,0.0,1.0,0,1,1.0,1.0,0.0,1,1,0,1,1,0,0,6,0.0,0.0,355.3500061035156,378.3999938964844,0,23,1,2024-08-03,0.0,0.0,0.0,0.0,0
14,0.0,0.0,0.0,0.0,1.0,0,1,1.0,1.0,0.0,1,1,0,1,1,0,0,6,0.0,0.0,459.70001220703125,478.3999938964844,0,23,1,2024-08-03,0.0,0.0,0.0,0.0,0
15,0.0,0.0,0.0,0.0,1.0,0,1,1.0,1.0,0.0,1,1,0,1,1,0,0,6,0.0,0.0,478.8999938964844,509.20001220703125,0,23,1,2024-08-03,0.0,0.0,0.0,0.0,0
16,0.0,0.0,0.0,0.0,1.0,0,1,1.0,1.0,0.0,1,1,0,1,1,0,0,6,0.0,0.0,552.4000244140625,578.5,0,23,1,2024-08-03,0.0,0.0,0.0,0.0,0
17,0.0,0.0,0.0,0.0,1.0,0,1,1.0,1.0,0.0,1,1,0,1,1,0,0,6,0.0,0.0,564.4000244140625,578.5,0,23,1,2024-08-03,0.0,0.0,0.0,0.0,0
18,0.0,0.0,0.0,0.0,1.0,0,1,1.0,1.0,0.0,1,1,0,1,1,0,0,6,0.0,0.0,514.4000244140625,528.5,0,23,1,2024-08-03,0.0,0.0,0.0,0.0,0
19,-32.11000022888189,286.10000228881836,289.60000228881836,575.7000045776367,1.0,0,1,1.0,1.0,1.0,1,1,1,1,1,0,0,6,0.0,0.0,509.29002418518064,610.6100002288819,1,23,1,2024-08-03,28.610000228881837,28.96000022888184,57.570000457763676,6.626188507385698e-10,0
20,-290.28538423672273,0.0,355.60000228881836,355.60000228881836,1.0,0,1,1.0,1.0,1.0,1,1,1,1,1,0,6,0,0.0,0.0,207.08882230624602,959.7853842367227,1,23,1,2024-08-03,0.0,35.56000022888184,35.56000022888184,4.039278899587721e-08,0
21,-99.44500198364253,0.0,369.3000030517578,369.3000030517578,1.0,0,1,1.0,1.0,1.0,1,1,1,1,1,0,6,0,0.0,0.0,365.41534957885744,823.9450019836426,1,23,1,2024-08-03,0.0,36.93000030517578,36.93000030517578,6.197720794210615e-09,0
22,43.1366633097336,489.7333386739095,492.9000053405762,982.6333440144856,1.0,0,1,1.0,1.0,1.0,1,1,1,1,1,1,5,0,0.0,0.0,527.0096491495774,739.0633488972976,1,23,1,2024-08-03,48.97333386739095,49.29000053405762,98.26333440144856,0.14630330704430333,0
23,0.0,0.0,0.0,0.0,1.0,0,1,1.0,1.0,0.8333333333333334,1,1,0,1,1,0,0,6,0.0,0.0,676.794921875,915.7000122070312,0,23,1,2024-08-03,0.0,0.0,0.0,0.0,0
24,-3.7428079223633195,605.0760040283203,634.2000045776367,1239.276008605957,1.0,0,1,1.0,1.0,1.0,1,1,1,1,1,2,0,4,0.0,0.0,704.5095114135742,966.1428323364258,1,23,1,2024-08-03,60.50760040283203,63.42000045776368,123.9276008605957,0.07730618262670597,0
25,5.12615369628758,623.2000045776367,0.0,623.2000045776367,1.0,0,1,1.0,1.0,1.0,1,1,1,1,1,1,0,5,0.0,0.0,705.9331605322251,1037.47382188965,1,23,1,2024-08-03,62.320000457763676,0.0,62.320000457763676,0.07916667001529759,0
26,46.339004799836175,0.0,700.7000045776367,700.7000045776367,1.0,0,1,1.0,1.0,1.0,1,1,1,1,1,0,0,6,0.0,0.0,881.1425936670237,1145.6609952001638,1,23,1,2024-08-03,0.0,70.07000045776367,70.07000045776367,4.0421665591849987e-10,0
27,58.2400005340574,686.8000049591064,692.4000053405762,1379.2000102996826,1.0,0,1,1.0,1.0,1.0,1,1,1,1,1,1,5,0,0.0,0.0,1010.4900615692136,1251.9600727081302,1,23,1,2024-08-03,68.68000049591065,69.24000053405761,137.92000102996826,0.03942261142380088,0
28,346.37964976539064,719.9000053405762,0.0,719.9000053405762,1.0,0,1,1.0,1.0,1.0,1,1,1,1,1,6,0,0,0.0,0.0,1358.2194324802344,980.4203990627343,1,23,1,2024-08-03,71.99000053405761,0.0,71.99000053405761,1.5409800744898207e-08,0
29,0.0,0.0,0.0,0.0,1.0,0,1,1.0,1.0,0.0,1,1,0,1,1,0,0,6,0.0,0.0,974.4468994140625,1199.300048828125,0,23,1,2024-08-03,0.0,0.0,0.0,0.0,0
30,241.57592976355616,828.2000045776367,0.0,828.2000045776367,1.0,0,1,1.0,1.0,1.0,1,1,1,1,1,6,0,0,0.0,0.0,1158.2690449979311,841.7241190645689,1,23,1,2024-08-03,82.82000045776368,0.0,82.82000045776368,2.4501100575499462e-09,0
31,0.0,0.0,0.0,0.0,1.0,0,1,1.0,1.0,0.0,1,1,0,1,1,0,0,6,0.0,0.0,967.531494140625,1110.800048828125,0,23,1,2024-08-03,0.0,0.0,0.0,0.0,0
32,0.0,0.0,0.0,0.0,1.0,0,1,1.0,1.0,0.0,1,1,0,1,1,0,0,6,0.0,0.0,997.3314819335938,1141.0999755859375,0,23,1,2024-08-03,0.0,0.0,0.0,0.0,0
33,133.65500144958494,689.7000045776367,689.7000045776367,1379.4000091552734,1.0,0,1,1.0,1.0,1.0,1,1,1,1,1,6,0,0,0.0,0.0,1160.677462387085,997.0504428863526,1,23,1,2024-08-03,68.97000045776367,68.97000045776367,137.94000091552735,1.935833007946494e-09,0
34,146.4700004577637,689.7000045776367,689.7000045776367,1379.4000091552734,1.0,0,1,1.0,1.0,1.0,1,1,1,1,1,0,0,6,0.0,0.0,1181.0080863952637,984.2049263000488,1,23,1,2024-08-03,68.97000045776367,68.97000045776367,137.94000091552735,5.530951362971126e-10,0
35,222.11984296897236,667.9157193868118,661.2001795651826,1329.1158989519945,1.0,0,1,1.0,1.0,1.0,1,1,1,1,1,0,0,6,0.0,0.0,1272.7565617189723,916.5021052732152,1,23,1,2024-08-03,66.79157193868119,66.12001795651825,132.91158989519946,3.308029715485766e-10,0
36,81.72000045776366,250.0,817.2000045776367,1067.2000045776367,1.0,0,1,1.0,1.0,1.0,1,1,1,1,1,1,0,5,0.0,0.0,1020.8735038757325,965.9948432922363,1,23,1,2024-08-03,25.0,81.72000045776367,106.72000045776367,0.0009760749351807157,0
37,54.43566728969144,826.3666714986166,831.5000038146973,1657.8666753133139,1.0,0,1,1.0,1.0,1.0,1,1,1,1,1,0,6,0,0.0,0.0,971.2180159225039,993.2674577103086,1,23,1,2024-08-03,82.63666714986167,83.15000038146974,165.7866675313314,9.986454804368614e-10,0
38,111.54000129699709,813.4000053405762,813.4000053405762,1626.8000106811523,1.0,0,1,1.0,1.0,1.0,1,1,1,1,1,0,0,6,0.0,0.0,1025.9109729766847,886.5032726287842,1,23,1,2024-08-03,81.34000053405762,81.34000053405762,162.68000106811525,2.344908679327907e-10,0
39,790.7900058746338,708.9000053405762,0.0,708.9000053405762,1.0,0,1,1.0,1.0,1.0,1,1,1,1,1,6,0,0,0.0,0.0,1674.0980503082276,138.20608787536617,1,23,1,2024-08-03,70.89000053405762,0.0,70.89000053405762,3.9282395083575415e-08,0
40,227.73314407336073,631.4986722310384,0.0,631.4986722310384,1.0,0,1,1.0,1.0,1.0,1,1,1,1,1,6,0,0,0.0,0.0,1176.116505889767,678.1674906922642,1,23,1,2024-08-03,63.14986722310385,0.0,63.14986722310385,0.037500004666245826,0
41,576.3009366099064,621.990672047933,0.0,621.990672047933,1.0,0,1,1.0,1.0,1.0,1,1,1,1,1,1,5,0,0.0,0.0,1418.1009854380313,194.7737093861873,1,23,1,2024-08-03,62.1990672047933,0.0,62.1990672047933,0.03333337069039397,0
42,79.30032700540058,583.3666714986166,588.5000038146973,1171.8666753133139,1.0,0,1,1.0,1.0,1.0,1,1,1,1,1,6,0,0,0.0,0.0,840.8003880405569,601.0406153774119,1,23,1,2024-08-03,58.33666714986166,58.85000038146973,117.1866675313314,3.0029631565297525e-09,0
43,51.98000030517579,519.8000030517578,519.8000030517578,1039.6000061035156,1.0,0,1,1.0,1.0,1.0,1,1,1,1,1,4,0,2,0.0,0.0,760.680012512207,609.7065231323243,1,23,1,2024-08-03,51.980000305175786,51.980000305175786,103.96000061035157,0.1625000015594905,0
44,53.81073212087761,440.0666669209798,444.10000228881836,884.1666692097981,1.0,0,1,1.0,1.0,1.0,1,1,1,1,1,2,4,0,0.0,0.0,723.5107443279088,572.1081521564662,1,23,1,2024-08-03,44.00666669209798,44.41000022888184,88.41666692097982,0.06014106429582362,0
45,-52.110002136230456,370.76666768391925,374.8000030517578,745.566670735677,1.0,0,1,1.0,1.0,1.0,1,1,1,1,1,0,6,0,0.0,0.0,586.790022277832,651.2765060424805,1,23,1,2024-08-03,37.076666768391924,37.480000305175786,74.55666707356771,2.0466028771841316e-09,0
46,-50.74000091552735,315.4000015258789,315.4000015258789,630.8000030517578,1.0,0,1,1.0,1.0,1.0,1,1,1,1,1,5,0,1,0.0,0.0,560.6600234985351,623.7524520874024,1,23,1,2024-08-03,31.540000152587893,31.540000152587893,63.08000030517579,0.3437500070049001,0
47,64.7211436254023,344.50000381469727,310.8654002103277,655.365404025025,1.0,0,1,1.0,1.0,1.0,1,1,1,1,1,0,6,0,0.0,0.0,664.736707590246,515.723497487879,1,23,1,2024-08-03,34.45000038146973,31.086540021032775,65.5365404025025,3.0585693028669413e-09,0
0,0.0,0.0,0.0,0.0,1.0,0,1,1.0,1.0,0.3333333333333333,1,1,0,1,1,0,0,6,0.0,0.0,129.0,134.5,0,23,2,2024-08-03,0.0,0.0,0.0,0.0,0
1,0.0,0.0,0.0,0.0,1.0,0,1,1.0,1.0,0.0,1,1,0,1,1,0,0,6,0.0,0.0,134.5,134.5,0,23,2,2024-08-03,0.0,0.0,0.0,0.0,0
2,0.0,0.0,0.0,0.0,1.0,0,1,1.0,1.0,0.0,1,1,0,1,1,0,0,6,0.0,0.0,107.0,107.0,0,23,2,2024-08-03,0.0,0.0,0.0,0.0,0
3,0.0,0.0,0.0,0.0,1.0,0,1,1.0,1.0,0.0,1,1,0,1,1,0,0,6,0.0,0.0,107.0,107.0,0,23,2,2024-08-03,0.0,0.0,0.0,0.0,0
4,0.0,0.0,0.0,0.0,1.0,0,1,1.0,1.0,0.0,1,1,0,1,1,0,0,6,0.0,0.0,107.0,107.0,0,23,2,2024-08-03,0.0,0.0,0.0,0.0,0
5,0.0,0.0,0.0,0.0,1.0,0,1,1.0,1.0,0.8333333333333334,1,1,0,1,1,0,0,6,0.0,0.0,87.80000305175781,87.80000305175781,0,23,2,2024-08-03,0.0,0.0,0.0,0.0,0
6,0.0,0.0,0.0,0.0,1.0,0,1,1.0,1.0,1.0,1,1,1,1,1,0,0,6,0.0,0.0,87.80000305175781,87.80000305175781,0,23,2,2024-08-03,0.0,0.0,0.0,0.0,0
7,0.0,0.0,0.0,0.0,1.0,0,1,1.0,1.0,1.0,1,1,1,1,1,0,0,6,0.0,0.0,87.80000305175781,87.80000305175781,0,23,2,2024-08-03,0.0,0.0,0.0,0.0,0
8,0.0,0.0,0.0,0.0,1.0,0,1,1.0,1.0,1.0,1,1,1,1,1,0,0,6,0.0,0.0,87.80000305175781,87.80000305175781,0,23,2,2024-08-03,0.0,0.0,0.0,0.0,0
9,0.0,0.0,0.0,0.0,1.0,0,1,1.0,1.0,0.16666666666666666,1,1,0,1,1,0,0,6,0.0,0.0,87.80000305175781,87.80000305175781,0,23,2,2024-08-03,0.0,0.0,0.0,0.0,0
10,0.0,0.0,0.0,0.0,1.0,0,1,1.0,1.0,0.6666666666666666,1,1,0,1,1,0,0,6,0.0,0.0,126.80000305175781,126.80000305175781,0,23,2,2024-08-03,0.0,0.0,0.0,0.0,0
11,0.0,0.0,0.0,0.0,1.0,0,1,1.0,1.0,1.0,1,1,1,1,1,0,0,6,0.0,0.0,126.80000305175781,126.80000305175781,0,23,2,2024-08-03,0.0,0.0,0.0,0.0,0
12,0.0,0.0,0.0,0.0,1.0,0,1,1.0,1.0,1.0,1,1,1,1,1,0,0,6,0.0,0.0,137.8000030517578,137.8000030517578,0,23,2,2024-08-03,0.0,0.0,0.0,0.0,0
13,0.0,0.0,0.0,0.0,1.0,0,1,1.0,1.0,1.0,1,1,1,1,1,0,0,6,0.0,0.0,234.5,234.5,0,23,2,2024-08-03,0.0,0.0,0.0,0.0,0
14,0.0,0.0,0.0,0.0,1.0,0,1,1.0,1.0,0.16666666666666666,1,1,0,1,1,0,0,6,0.0,0.0,289.0,312.0,0,23,2,2024-08-03,0.0,0.0,0.0,0.0,0
15,0.0,0.0,0.0,0.0,1.0,0,1,1.0,1.0,0.0,1,1,0,1,1,0,0,6,0.0,0.0,335.10003662109375,358.10003662109375,0,23,2,2024-08-03,0.0,0.0,0.0,0.0,0
16,0.0,0.0,0.0,0.0,1.0,0,1,1.0,1.0,0.0,1,1,0,1,1,0,0,6,0.0,0.0,381.8000183105469,378.8000183105469,0,23,2,2024-08-03,0.0,0.0,0.0,0.0,0
17,0.0,0.0,0.0,0.0,1.0,0,1,1.0,1.0,0.0,1,1,0,1,1,0,0,6,0.0,0.0,403.800048828125,400.8000183105469,0,23,2,2024-08-03,0.0,0.0,0.0,0.0,0
18,0.0,0.0,0.0,0.0,1.0,0,1,1.0,1.0,0.0,1,1,0,1,1,0,0,6,0.0,0.0,441.50006103515625,442.00006103515625,0,23,2,2024-08-03,0.0,0.0,0.0,0.0,0
19,-32.11000022888189,286.10000228881836,289.60000228881836,575.7000045776367,1.0,0,1,1.0,1.0,1.0,1,1,1,1,1,0,0,6,0.0,0.0,432.35755958557127,501.6100612640381,1,23,2,2024-08-03,28.610000228881837,28.96000022888184,57.570000457763676,6.626188507385698e-10,0
20,-290.28538423672273,0.0,355.60000228881836,355.60000228881836,1.0,0,1,1.0,1.0,1.0,1,1,1,1,1,0,6,0,0.0,0.0,126.19499296054289,839.6766806234415,1,23,2,2024-08-03,0.0,35.56000022888184,35.56000022888184,4.039278899587721e-08,0
21,-99.44500198364253,0.0,369.3000030517578,369.3000030517578,1.0,0,1,1.0,1.0,1.0,1,1,1,1,1,0,6,0,0.0,0.0,310.56891403198244,731.60698928833,1,23,2,2024-08-03,0.0,36.93000030517578,36.93000030517578,6.197720794210615e-09,0
22,43.1366633097336,489.7333386739095,492.9000053405762,982.6333440144856,1.0,0,1,1.0,1.0,1.0,1,1,1,1,1,1,5,0,0.0,0.0,520.1385248819993,744.9476872762039,1,23,2,2024-08-03,48.97333386739095,49.29000053405762,98.26333440144856,0.14630330704430333,0
23,0.0,0.0,0.0,0.0,1.0,0,1,1.0,1.0,0.0,1,1,0,1,1,0,0,6,0.0,0.0,590.3336181640625,804.0999755859375,0,23,2,2024-08-03,0.0,0.0,0.0,0.0,0
24,-3.7428079223633195,605.0760040283203,634.2000045776367,1239.276008605957,1.0,0,1,1.0,1.0,1.0,1,1,1,1,1,2,0,4,0.2268444659705045,0.0,467.81786102294916,781.6584573364258,1,23,2,2024-08-03,60.50760040283203,63.42000045776368,123.9276008605957,0.07730618262670597,0
25,5.12615369628758,623.2000045776367,0.0,623.2000045776367,1.0,0,1,1.0,1.0,1.0,1,1,1,1,1,1,0,5,0.3181419273620703,0.0,424.93395398925634,769.9071714990249,1,23,2,2024-08-03,62.320000457763676,0.0,62.320000457763676,0.07916667001529759,0
26,46.339004799836175,0.0,700.7000045776367,700.7000045776367,1.0,0,1,1.0,1.0,1.0,1,1,1,1,1,0,0,6,0.0,0.0,543.587509438508,795.9993741064138,1,23,2,2024-08-03,0.0,70.07000045776367,70.07000045776367,4.0421665591849987e-10,0
27,58.2400005340574,686.8000049591064,692.4000053405762,1379.2000102996826,1.0,0,1,1.0,1.0,1.0,1,1,1,1,1,1,5,0,0.10520807122506345,0.0,614.5431011199948,848.2224018096927,1,23,2,2024-08-03,68.68000049591065,69.24000053405761,137.92000102996826,0.03942261142380088,0
28,346.37964976539064,719.9000053405762,0.0,719.9000053405762,1.0,0,1,1.0,1.0,1.0,1,1,1,1,1,6,0,0,0.0,0.0,984.695140488047,647.1203502346093,1,23,2,2024-08-03,71.99000053405761,0.0,71.99000053405761,1.5409800744898207e-08,0
29,0.0,0.0,0.0,0.0,1.0,0,1,1.0,1.0,0.0,1,1,0,1,1,0,0,6,0.0,0.0,778.7803344726562,993.891357421875,0,23,2,2024-08-03,0.0,0.0,0.0,0.0,0
30,241.57592976355616,828.2000045776367,0.0,828.2000045776367,1.0,0,1,1.0,1.0,1.0,1,1,1,1,1,6,0,0,0.0,0.0,1030.9609395291811,724.3830546114439,1,23,2,2024-08-03,82.82000045776368,0.0,82.82000045776368,2.4501100575499462e-09,0
31,0.0,0.0,0.0,0.0,1.0,0,1,1.0,1.0,0.0,1,1,0,1,1,0,0,6,0.0,0.0,830.53076171875,985.07080078125,0,23,2,2024-08-03,0.0,0.0,0.0,0.0,0
32,0.0,0.0,0.0,0.0,1.0,0,1,1.0,1.0,0.0,1,1,0,1,1,0,0,6,0.0,0.0,869.53076171875,1024.0709228515625,0,23,2,2024-08-03,0.0,0.0,0.0,0.0,0
33,133.65500144958494,689.7000045776367,689.7000045776367,1379.4000091552734,1.0,0,1,1.0,1.0,1.0,1,1,1,1,1,6,0,0,0.0,0.0,1011.5825527191162,890.2427036285401,1,23,2,2024-08-03,68.97000045776367,68.97000045776367,137.94000091552735,1.935833007946494e-09,0
34,146.4700004577637,689.7000045776367,689.7000045776367,1379.4000091552734,1.0,0,1,1.0,1.0,1.0,1,1,1,1,1,0,0,6,0.0,0.0,991.1485893249512,841.4465644836425,1,23,2,2024-08-03,68.97000045776367,68.97000045776367,137.94000091552735,5.530951362971126e-10,0
35,222.11984296897236,667.9157193868118,661.2001795651826,1329.1158989519945,1.0,0,1,1.0,1.0,1.0,1,1,1,1,1,0,0,6,0.0,0.0,1099.9233097658473,834.6485896482152,1,23,2,2024-08-03,66.79157193868119,66.12001795651825,132.91158989519946,3.308029715485766e-10,0
36,81.72000045776366,250.0,817.2000045776367,1067.2000045776367,1.0,0,1,1.0,1.0,1.0,1,1,1,1,1,1,0,5,0.0,0.0,1036.6814262390137,985.9938667297363,1,23,2,2024-08-03,25.0,81.72000045776367,106.72000045776367,0.0009760749351807157,0
37,54.43566728969144,826.3666714986166,831.5000038146973,1657.8666753133139,1.0,0,1,1.0,1.0,1.0,1,1,1,1,1,0,6,0,0.0,0.0,896.6380598678164,890.6584489212461,1,23,2,2024-08-03,82.63666714986167,83.15000038146974,165.7866675313314,9.986454804368614e-10,0
38,111.54000129699709,813.4000053405762,813.4000053405762,1626.8000106811523,1.0,0,1,1.0,1.0,1.0,1,1,1,1,1,0,0,6,0.0,0.0,923.7658924102783,825.3107067108155,1,23,2,2024-08-03,81.34000053405762,81.34000053405762,162.68000106811525,2.344908679327907e-10,0
39,790.7900058746338,708.9000053405762,0.0,708.9000053405762,1.0,0,1,1.0,1.0,1.0,1,1,1,1,1,6,0,0,0.0,0.0,1611.2118808746338,94.79349021911617,1,23,2,2024-08-03,70.89000053405762,0.0,70.89000053405762,3.9282395083575415e-08,0
40,227.73314407336073,631.4986722310384,0.0,631.4986722310384,1.0,0,1,1.0,1.0,1.0,1,1,1,1,1,6,0,0,0.0,0.0,1125.8703511046108,619.7157084657017,1,23,2,2024-08-03,63.14986722310385,0.0,63.14986722310385,0.037500004666245826,0
41,576.3009366099064,621.990672047933,0.0,621.990672047933,1.0,0,1,1.0,1.0,1.0,1,1,1,1,1,1,5,0,0.0,0.0,1406.1676968638126,192.22482022603106,1,23,2,2024-08-03,62.1990672047933,0.0,62.1990672047933,0.03333337069039397,0
42,79.30032700540058,583.3666714986166,588.5000038146973,1171.8666753133139,1.0,0,1,1.0,1.0,1.0,1,1,1,1,1,6,0,0,0.0,0.0,902.7445408725881,677.2795069789744,1,23,2,2024-08-03,58.33666714986166,58.85000038146973,117.1866675313314,3.0029631565297525e-09,0
43,51.98000030517579,519.8000030517578,519.8000030517578,1039.6000061035156,1.0,0,1,1.0,1.0,1.0,1,1,1,1,1,4,0,2,0.0,0.0,786.3124588012695,649.4772750854493,1,23,2,2024-08-03,51.980000305175786,51.980000305175786,103.96000061035157,0.1625000015594905,0
44,53.81073212087761,440.0666669209798,444.10000228881836,884.1666692097981,1.0,0,1,1.0,1.0,1.0,1,1,1,1,1,2,4,0,0.0,0.0,748.2107565349401,600.6319558674037,1,23,2,2024-08-03,44.00666669209798,44.41000022888184,88.41666692097982,0.06014106429582362,0
45,-52.110002136230456,370.76666768391925,374.8000030517578,745.566670735677,1.0,0,1,1.0,1.0,1.0,1,1,1,1,1,0,6,0,0.0,0.0,592.8900588989258,666.5695358276367,1,23,2,2024-08-03,37.076666768391924,37.480000305175786,74.55666707356771,2.0466028771841316e-09,0
46,-50.74000091552735,315.4000015258789,315.4000015258789,630.8000030517578,1.0,0,1,1.0,1.0,1.0,1,1,1,1,1,5,0,1,0.0,0.0,540.8807876586914,623.5711166381836,1,23,2,2024-08-03,31.540000152587893,31.540000152587893,63.08000030517579,0.3437500070049001,0
47,64.7211436254023,344.50000381469727,310.8654002103277,655.365404025025,1.0,0,1,1.0,1.0,1.0,1,1,1,1,1,0,6,0,0.0,0.0,619.522840402746,483.4641591089727,1,23,2,2024-08-03,34.45000038146973,31.086540021032775,65.5365404025025,3.0585693028669413e-09,0
