block,baseline_kw,up_kw,down_kw,offered_capacity_kw,precision_stay_rate,precision_failed_steps,precision_pass_II,up_stay_rate,down_stay_rate,idle_stay_rate,up_pass_II,down_pass_II,idle_pass_II,active_up_pass_II,active_down_pass_II,up_active_steps,down_active_steps,idle_active_steps,up_assessment_i_unmet_ratio,down_assessment_i_unmet_ratio,up_supply_capacity_30min_kw,down_supply_capacity_30min_kw,participating,scenario,seed,service_date,band_up_kw,band_down_kw,band_idle_kw,utilization,has_unreachable_step
0,0.0,0.0,0.0,0.0,1.0,0,1,1.0,1.0,0.0,1,1,0,1,1,0,0,6,0.0,0.0,155.6999969482422,198.39999389648438,0,0,0,2024-08-01,0.0,0.0,0.0,0.0,0
1,0.0,0.0,0.0,0.0,1.0,0,1,1.0,1.0,0.0,1,1,0,1,1,0,0,6,0.0,0.0,186.14599609375,198.39999389648438,0,0,0,2024-08-01,0.0,0.0,0.0,0.0,0
2,0.0,0.0,0.0,0.0,1.0,0,1,1.0,1.0,0.0,1,1,0,1,1,0,0,6,0.0,0.0,166.3765411376953,170.89999389648438,0,0,0,2024-08-01,0.0,0.0,0.0,0.0,0
3,0.0,0.0,0.0,0.0,1.0,0,1,1.0,1.0,0.0,1,1,0,1,1,0,0,6,0.0,0.0,166.1712646484375,168.0624542236328,0,0,0,2024-08-01,0.0,0.0,0.0,0.0,0
4,0.0,0.0,0.0,0.0,1.0,0,1,1.0,1.0,0.0,1,1,0,1,1,0,0,6,0.0,0.0,218.93942260742188,179.00457763671875,0,0,0,2024-08-01,0.0,0.0,0.0,0.0,0
5,0.0,0.0,0.0,0.0,1.0,0,1,1.0,1.0,0.0,1,1,0,1,1,0,0,6,0.0,0.0,220.89999389648438,160.77975463867188,0,0,0,2024-08-01,0.0,0.0,0.0,0.0,0
6,0.0,0.0,0.0,0.0,1.0,0,1,1.0,1.0,0.0,1,1,0,1,1,0,0,6,0.0,0.0,220.89999389648438,139.28097534179688,0,0,0,2024-08-01,0.0,0.0,0.0,0.0,0
7,0.0,0.0,0.0,0.0,1.0,0,1,1.0,1.0,0.0,1,1,0,1,1,0,0,6,0.0,0.0,220.89999389648438,131.82704162597656,0,0,0,2024-08-01,0.0,0.0,0.0,0.0,0
8,0.0,0.0,0.0,0.0,1.0,0,1,1.0,1.0,0.0,1,1,0,1,1,0,0,6,0.0,0.0,193.39999389648438,92.33456420898438,0,0,0,2024-08-01,0.0,0.0,0.0,0.0,0
9,0.0,0.0,0.0,0.0,1.0,0,1,1.0,1.0,0.0,1,1,0,1,1,0,0,6,0.0,0.0,220.89999389648438,115.38771057128906,0,0,0,2024-08-01,0.0,0.0,0.0,0.0,0
10,0.0,0.0,0.0,0.0,1.0,0,1,1.0,1.0,0.0,1,1,0,1,1,0,0,6,0.0,0.0,220.89999389648438,111.73455810546875,0,0,0,2024-08-01,0.0,0.0,0.0,0.0,0
11,0.0,0.0,0.0,0.0,1.0,0,1,1.0,1.0,0.0,1,1,0,1,1,0,0,6,0.0,0.0,193.39999389648438,72.99933624267578,0,0,0,2024-08-01,0.0,0.0,0.0,0.0,0
12,0.0,0.0,0.0,0.0,1.0,0,1,1.0,1.0,0.0,1,1,0,1,1,0,0,6,0.0,0.0,212.59999084472656,85.10000610351562,0,0,0,2024-08-01,0.0,0.0,0.0,0.0,0
13,0.0,0.0,0.0,0.0,1.0,0,1,1.0,1.0,0.0,1,1,0,1,1,0,0,6,0.0,0.0,296.47454833984375,181.79998779296875,0,0,0,2024-08-01,0.0,0.0,0.0,0.0,0
14,0.0,0.0,0.0,0.0,1.0,0,1,1.0,1.0,0.0,1,1,0,1,1,0,0,6,0.0,0.0,419.617431640625,249.2967071533203,0,0,0,2024-08-01,0.0,0.0,0.0,0.0,0
15,0.0,0.0,0.0,0.0,1.0,0,1,1.0,1.0,0.0,1,1,0,1,1,0,0,6,0.0,0.0,440.01116943359375,257.4937744140625,0,0,0,2024-08-01,0.0,0.0,0.0,0.0,0
16,0.0,0.0,0.0,0.0,1.0,0,1,1.0,1.0,0.0,1,1,0,1,1,0,0,6,0.0,0.0,434.35516357421875,286.20001220703125,0,0,0,2024-08-01,0.0,0.0,0.0,0.0,0
17,0.0,0.0,0.0,0.0,1.0,0,1,1.0,1.0,0.0,1,1,0,1,1,0,0,6,0.0,0.0,501.5999755859375,374.0999755859375,0,0,0,2024-08-01,0.0,0.0,0.0,0.0,0
18,-61.56857641737918,284.00000381469727,303.2000045776367,587.200008392334,1.0,0,1,1.0,1.0,1.0,1,1,1,1,1,4,2,0,0.0,0.0,583.0314602037146,570.9792209486292,1,0,0,2024-08-01,28.400000381469727,30.320000457763673,58.7200008392334,0.014485881954481843,0
19,-37.406810565043145,408.2000045776367,408.2000045776367,816.4000091552734,1.0,0,1,1.0,1.0,1.0,1,1,1,1,1,3,3,0,0.0,0.0,662.8149301576132,613.2371328306681,1,0,0,2024-08-01,40.820000457763676,40.820000457763676,81.64000091552735,0.01554745487394793,0
20,-53.51000061035154,535.1000061035156,535.1000061035156,1070.2000122070312,1.0,0,1,1.0,1.0,1.0,1,1,1,1,1,0,6,0,0.0,0.0,622.489633178711,687.5258697509765,1,0,0,2024-08-01,53.51000061035157,53.51000061035157,107.02000122070314,0.11974428628790079,0
21,-73.65500061035152,586.0500061035157,601.1000061035156,1187.1500122070313,1.0,0,1,1.0,1.0,1.0,1,1,1,1,1,0,6,0,0.0,0.0,596.620267944336,772.6550616455078,1,0,0,2024-08-01,58.60500061035157,60.11000061035156,118.71500122070313,0.12368773150433414,0
22,-144.36359073626033,563.4500076293946,578.5000076293945,1141.950015258789,1.0,0,1,1.0,1.0,1.0,1,1,1,1,1,6,0,0,0.22683835434574381,0.0,435.6379351426459,824.1636395643853,1,0,0,2024-08-01,56.34500076293946,57.85000076293946,114.19500152587892,0.15885279605904812,0
23,-82.8700008392334,608.700008392334,608.700008392334,1217.400016784668,0.5,3,0,0.5,1.0,1.0,0,0,1,0,1,6,0,0,0.3612761826054883,0.0,388.79119300842285,854.7653865814209,1,0,0,2024-08-01,60.8700008392334,60.8700008392334,121.7400016784668,0.19481311634159068,0
24,-65.82000083923333,658.200008392334,658.200008392334,1316.400016784668,0.0,6,0,0.0,1.0,1.0,0,0,1,0,1,6,0,0,0.3757551945706252,0.0,410.8779361724854,908.8275691986083,1,0,0,2024-08-01,65.8200008392334,65.8200008392334,131.6400016784668,0.09198521151272225,0
25,-73.57000083923333,735.700008392334,735.700008392334,1471.400016784668,0.0,6,0,0.0,1.0,1.0,0,0,1,0,1,6,0,0,0.4453957996735475,0.0,408.0223148345948,992.2942440032958,1,0,0,2024-08-01,73.5700008392334,73.5700008392334,147.1400016784668,0.04135274906887283,0
26,-172.25937974309394,835.700008392334,835.700008392334,1671.400016784668,0.0,6,0,0.0,0.0,1.0,0,0,1,0,0,1,5,0,0.6611608669295144,0.0,283.167866350656,1117.5477098212189,1,0,0,2024-08-01,83.5700008392334,83.5700008392334,167.1400016784668,0.013945731572486408,0
27,-15.97193657919371,816.5000076293945,816.5000076293945,1633.000015258789,1.0,0,1,1.0,1.0,1.0,1,1,1,1,1,0,6,0,0.5352627918179895,0.0,379.45793402627504,938.5720342354437,1,0,0,2024-08-01,81.65000076293946,81.65000076293946,163.3000015258789,0.024059147260812437,0
28,-47.97552147615833,1048.3000106811523,1048.3000106811523,2096.6000213623047,0.16666666666666666,5,0,0.0,1.0,1.0,0,0,1,0,1,5,1,0,0.5779051859709695,0.0,442.48199805509165,1094.7755703042833,1,0,0,2024-08-01,104.83000106811524,104.83000106811524,209.66000213623047,0.11327597754064102,0
29,6.1417241408300285,1048.3000106811523,1048.3000106811523,2096.6000213623047,0.3333333333333333,4,0,0.6666666666666666,0.0,1.0,0,0,1,0,0,3,3,0,0.5548431224481502,0.0,466.65795949239254,1083.058227031045,1,0,0,2024-08-01,104.83000106811524,104.83000106811524,209.66000213623047,0.006069027730812247,0
30,57.4442363523806,1064.4333432515461,1067.600009918213,2132.033353169759,0.0,6,0,0.0,1.0,1.0,0,0,1,0,1,6,0,0,0.48963011574521603,0.015496671147334388,543.2547221922243,1051.0557636476194,1,0,0,2024-08-01,106.44333432515462,106.7600009918213,213.20333531697588,0.0973504064216041,0
31,130.36000175476067,1111.600009918213,1111.600009918213,2223.200019836426,0.0,6,0,0.0,1.0,1.0,0,0,1,0,1,6,0,0,0.41573519196803216,0.0,649.4687664031982,1118.9400470733644,1,0,0,2024-08-01,111.16000099182129,111.16000099182129,222.32000198364258,0.0718228129667754,0
32,122.99000091552728,1119.9000091552734,1119.9000091552734,2239.800018310547,1.0,0,1,1.0,1.0,1.0,1,1,1,1,1,0,6,0,0.401912580669146,0.01114808155302872,669.7981063842773,1107.4152725219728,1,0,0,2024-08-01,111.99000091552735,111.99000091552735,223.9800018310547,0.1365038780018836,0
33,110.3400009155273,1089.8993375142416,1103.4000091552734,2193.299346669515,0.3333333333333333,4,0,0.0,0.6666666666666666,1.0,0,0,1,0,0,3,3,0,0.20899971019366642,0.0,862.110691833496,1119.6599990844727,1,0,0,2024-08-01,108.98993375142416,110.34000091552736,219.32993466695154,0.026736762748615122,0
34,127.07000160217285,1070.529343922933,1078.700008392334,2149.229352315267,0.3333333333333333,4,0,0.2,1.0,1.0,0,0,1,0,1,5,1,0,0.18313841330805608,0.0,874.4742984771729,1092.0299739837646,1,0,0,2024-08-01,107.05293439229331,107.8700008392334,214.9229352315267,0.06505927859550543,0
35,145.17000083923335,951.700008392334,951.700008392334,1903.400016784668,0.5,3,0,0.0,1.0,1.0,0,0,1,0,1,3,3,0,0.06551115117128867,0.0,889.3530452728271,1038.2299015045166,1,0,0,2024-08-01,95.17000083923341,95.17000083923341,190.34000167846682,0.012973419061154765,0
36,258.9282744085001,944.1000061035156,944.1000061035156,1888.2000122070312,0.3333333333333333,4,0,0.0,0.4,1.0,0,0,1,0,0,1,5,0,0.0,0.0,1074.670217767875,1033.692086919625,1,0,0,2024-08-01,94.41000061035157,94.41000061035157,188.82000122070315,0.33039859357509327,0
37,131.58000068664546,1040.800006866455,1040.800006866455,2081.60001373291,1.0,0,1,1.0,1.0,1.0,1,1,1,1,1,0,6,0,0.0,0.0,1258.4069049835205,1134.8350383758545,1,0,0,2024-08-01,104.08000068664552,104.08000068664552,208.16000137329104,0.15063676000473594,0
38,101.07000083923333,1010.700008392334,1010.700008392334,2021.400016784668,1.0,0,1,1.0,1.0,1.0,1,1,1,1,1,6,0,0,0.0,0.0,1088.8886653900145,1125.5305850982668,1,0,0,2024-08-01,101.0700008392334,101.0700008392334,202.1400016784668,0.03076198040037721,0
39,158.12000236511233,922.200008392334,922.200008392334,1844.400016784668,1.0,0,1,1.0,1.0,1.0,1,1,1,1,1,6,0,0,0.0,0.0,996.6468578338623,978.4150318145752,1,0,0,2024-08-01,92.2200008392334,92.2200008392334,184.4400016784668,0.029114090742723288,0
40,89.14000091552737,891.4000091552734,891.4000091552734,1782.8000183105469,1.0,0,1,1.0,1.0,1.0,1,1,1,1,1,6,0,0,0.10365376955507344,0.0,799.0030380249024,961.4369033813476,1,0,0,2024-08-01,89.14000091552735,89.14000091552735,178.2800018310547,0.05991664080598086,0
41,86.45000038146975,855.7133344014485,864.5000038146973,1720.2133382161458,1.0,0,1,1.0,1.0,1.0,1,1,1,1,1,6,0,0,0.1929870942515217,0.0,690.5717044830322,900.3882564544678,1,0,0,2024-08-01,85.57133344014485,86.45000038146974,172.02133382161458,0.08029027977139162,0
42,118.69209325926556,787.0000038146973,787.0000038146973,1574.0000076293945,1.0,0,1,1.0,1.0,1.0,1,1,1,1,1,6,0,0,0.08027719124143713,0.0,723.8218540014531,869.0887294946407,1,0,0,2024-08-01,78.70000038146974,78.70000038146974,157.40000076293947,0.025857826760378715,0
43,108.8240005673623,732.0000038146973,732.0000038146973,1464.0000076293945,1.0,0,1,1.0,1.0,1.0,1,1,1,1,1,6,0,0,0.0,0.0,766.8460952939248,896.3275497256064,1,0,0,2024-08-01,73.20000038146974,73.20000038146974,146.40000076293947,0.016599685824063962,0
44,129.82500085830685,577.0000038146973,577.0000038146973,1154.0000076293945,1.0,0,1,1.0,1.0,1.0,1,1,1,1,1,6,0,0,0.0,0.0,673.0963631629943,803.1231192588807,1,0,0,2024-08-01,57.70000038146973,57.70000038146973,115.40000076293946,0.10657827615314278,0
45,84.53036125763714,511.00000381469727,511.00000381469727,1022.0000076293945,0.0,6,0,0.0,1.0,1.0,0,0,1,0,1,6,0,0,0.0,0.0,696.1355858670122,880.4119605197066,1,0,0,2024-08-01,51.10000038146973,51.10000038146973,102.20000076293945,0.14068919824814335,0
46,77.45000114440916,472.50000381469727,472.50000381469727,945.0000076293945,0.0,6,0,0.0,0.0,1.0,0,0,1,0,0,3,3,0,0.0,0.0,694.8712657928467,892.4419055938721,1,0,0,2024-08-01,47.25000038146973,47.25000038146973,94.50000076293946,0.1737580515778445,0
47,48.410000610351574,484.1000061035156,484.1000061035156,968.2000122070312,0.8333333333333334,1,0,1.0,0.8333333333333334,1.0,0,0,1,1,0,0,6,0,0.0,0.0,732.7176177978515,868.6344329833985,1,0,0,2024-08-01,48.41000061035157,48.41000061035157,96.82000122070313,0.17228676974644144,0
0,0.0,0.0,0.0,0.0,1.0,0,1,1.0,1.0,0.0,1,1,0,1,1,0,0,6,0.0,0.0,165.6999969482422,189.59999084472656,0,0,1,2024-08-01,0.0,0.0,0.0,0.0,0
1,0.0,0.0,0.0,0.0,1.0,0,1,1.0,1.0,0.0,1,1,0,1,1,0,0,6,0.0,0.0,208.79998779296875,208.79998779296875,0,0,1,2024-08-01,0.0,0.0,0.0,0.0,0
2,0.0,0.0,0.0,0.0,1.0,0,1,1.0,1.0,0.0,1,1,0,1,1,0,0,6,0.0,0.0,228.0,228.0,0,0,1,2024-08-01,0.0,0.0,0.0,0.0,0
3,0.0,0.0,0.0,0.0,1.0,0,1,1.0,1.0,0.0,1,1,0,1,1,0,0,6,0.0,0.0,219.2769012451172,213.901123046875,0,0,1,2024-08-01,0.0,0.0,0.0,0.0,0
4,0.0,0.0,0.0,0.0,1.0,0,1,1.0,1.0,0.0,1,1,0,1,1,0,0,6,0.0,0.0,219.6999969482422,184.04815673828125,0,0,1,2024-08-01,0.0,0.0,0.0,0.0,0
5,0.0,0.0,0.0,0.0,1.0,0,1,1.0,1.0,0.0,1,1,0,1,1,0,0,6,0.0,0.0,219.6999969482422,159.23495483398438,0,0,1,2024-08-01,0.0,0.0,0.0,0.0,0
6,0.0,0.0,0.0,0.0,1.0,0,1,1.0,1.0,0.0,1,1,0,1,1,0,0,6,0.0,0.0,192.1999969482422,145.28199768066406,0,0,1,2024-08-01,0.0,0.0,0.0,0.0,0
7,0.0,0.0,0.0,0.0,1.0,0,1,1.0,1.0,0.0,1,1,0,1,1,0,0,6,0.0,0.0,184.0,137.3000030517578,0,0,1,2024-08-01,0.0,0.0,0.0,0.0,0
8,0.0,0.0,0.0,0.0,1.0,0,1,1.0,1.0,0.0,1,1,0,1,1,0,0,6,0.0,0.0,184.0,132.9250030517578,0,0,1,2024-08-01,0.0,0.0,0.0,0.0,0
9,0.0,0.0,0.0,0.0,1.0,0,1,1.0,1.0,0.0,1,1,0,1,1,0,0,6,0.0,0.0,156.5,122.65129089355469,0,0,1,2024-08-01,0.0,0.0,0.0,0.0,0
10,0.0,0.0,0.0,0.0,1.0,0,1,1.0,1.0,0.0,1,1,0,1,1,0,0,6,0.0,0.0,137.3000030517578,98.9000015258789,0,0,1,2024-08-01,0.0,0.0,0.0,0.0,0
11,0.0,0.0,0.0,0.0,1.0,0,1,1.0,1.0,0.0,1,1,0,1,1,0,0,6,0.0,0.0,118.10000610351562,98.9000015258789,0,0,1,2024-08-01,0.0,0.0,0.0,0.0,0
12,0.0,0.0,0.0,0.0,1.0,0,1,1.0,1.0,0.0,1,1,0,1,1,0,0,6,0.0,0.0,129.10000610351562,108.07270812988281,0,0,1,2024-08-01,0.0,0.0,0.0,0.0,0
13,0.0,0.0,0.0,0.0,1.0,0,1,1.0,1.0,0.0,1,1,0,1,1,0,0,6,0.0,0.0,129.10000610351562,98.58910369873047,0,0,1,2024-08-01,0.0,0.0,0.0,0.0,0
14,0.0,0.0,0.0,0.0,1.0,0,1,1.0,1.0,0.0,1,1,0,1,1,0,0,6,0.0,0.0,240.59999084472656,185.66807556152344,0,0,1,2024-08-01,0.0,0.0,0.0,0.0,0
15,0.0,0.0,0.0,0.0,1.0,0,1,1.0,1.0,0.0,1,1,0,1,1,0,0,6,0.0,0.0,241.8000030517578,181.23098754882812,0,0,1,2024-08-01,0.0,0.0,0.0,0.0,0
16,0.0,0.0,0.0,0.0,1.0,0,1,1.0,1.0,0.0,1,1,0,1,1,0,0,6,0.0,0.0,385.3000183105469,288.54217529296875,0,0,1,2024-08-01,0.0,0.0,0.0,0.0,0
17,0.0,0.0,0.0,0.0,1.0,0,1,1.0,1.0,0.0,1,1,0,1,1,0,0,6,0.0,0.0,511.70001220703125,407.29998779296875,0,0,1,2024-08-01,0.0,0.0,0.0,0.0,0
18,-61.56857641737918,284.00000381469727,303.2000045776367,587.200008392334,0.0,6,0,0.0,0.0,1.0,0,0,1,0,0,4,2,0,0.0,0.0,707.6283840318396,750.6686130384729,1,0,1,2024-08-01,28.400000381469727,30.320000457763673,58.7200008392334,0.014485881954481843,0
19,-37.406810565043145,408.2000045776367,408.2000045776367,816.4000091552734,1.0,0,1,1.0,1.0,1.0,1,1,1,1,1,3,3,0,0.0,0.0,762.7054941224569,832.6629140806681,1,0,1,2024-08-01,40.820000457763676,40.820000457763676,81.64000091552735,0.01554745487394793,0
20,-53.51000061035154,535.1000061035156,535.1000061035156,1070.2000122070312,1.0,0,1,1.0,1.0,1.0,1,1,1,1,1,0,6,0,0.0,0.0,740.8789764404297,869.8300079345703,1,0,1,2024-08-01,53.51000061035157,53.51000061035157,107.02000122070314,0.11974428628790079,0
21,-73.65500061035152,586.0500061035157,601.1000061035156,1187.1500122070313,1.0,0,1,1.0,1.0,1.0,1,1,1,1,1,0,6,0,0.0,0.0,722.903471069336,959.029390258789,1,0,1,2024-08-01,58.60500061035157,60.11000061035156,118.71500122070313,0.12368773150433414,0
22,-144.36359073626033,563.4500076293946,578.5000076293945,1141.950015258789,1.0,0,1,1.0,1.0,1.0,1,1,1,1,1,6,0,0,0.0,0.0,565.0975298692084,1028.1507001112604,1,0,1,2024-08-01,56.34500076293946,57.85000076293946,114.19500152587892,0.15885279605904812,0
23,-82.8700008392334,608.700008392334,608.700008392334,1217.400016784668,0.3333333333333333,4,0,0.3333333333333333,1.0,1.0,0,0,1,0,1,6,0,0,0.0007826208235778996,0.0,608.2236270904541,1003.7396297454834,1,0,1,2024-08-01,60.8700008392334,60.8700008392334,121.7400016784668,0.19481311634159068,0
24,-65.82000083923333,658.200008392334,658.200008392334,1316.400016784668,0.0,6,0,0.0,1.0,1.0,0,0,1,0,1,6,0,0,0.028557333963173625,0.0,639.4035709381104,1148.2670223236082,1,0,1,2024-08-01,65.8200008392334,65.8200008392334,131.6400016784668,0.09198521151272225,0
25,-73.57000083923333,735.700008392334,735.700008392334,1471.400016784668,0.16666666666666666,5,0,0.16666666666666666,1.0,1.0,0,0,1,0,1,6,0,0,0.15970443962364833,0.0,618.2054508209229,1177.8910457611082,1,0,1,2024-08-01,73.5700008392334,73.5700008392334,147.1400016784668,0.04135274906887283,0
26,-172.25937974309394,835.700008392334,835.700008392334,1671.400016784668,0.16666666666666666,5,0,0.0,0.2,1.0,0,0,1,0,0,1,5,0,0.2702502318745411,0.0,609.8518873467498,1415.7170213446564,1,0,1,2024-08-01,83.5700008392334,83.5700008392334,167.1400016784668,0.013945731572486408,0
27,-15.97193657919371,816.5000076293945,816.5000076293945,1633.000015258789,0.5,3,0,1.0,0.5,1.0,0,0,1,1,0,0,6,0,0.16499692568862406,0.0,681.7800165458063,1284.3856328682562,1,0,1,2024-08-01,81.65000076293946,81.65000076293946,163.3000015258789,0.024059147260812437,0
28,-47.97552147615833,1048.3000106811523,1048.3000106811523,2096.6000213623047,0.16666666666666666,5,0,0.0,1.0,1.0,0,0,1,0,1,5,1,0,0.4891911724065131,0.0,535.4808994222792,1282.1259121011583,1,0,1,2024-08-01,104.83000106811524,104.83000106811524,209.66000213623047,0.11327597754064102,0
29,6.1417241408300285,1048.3000106811523,1048.3000106811523,2096.6000213623047,0.0,6,0,0.0,0.0,1.0,0,0,1,0,0,3,3,0,0.48238240460488163,0.0,542.618530781455,1185.25817820292,1,0,1,2024-08-01,104.83000106811524,104.83000106811524,209.66000213623047,0.006069027730812247,0
30,57.4442363523806,1064.4333432515461,1067.600009918213,2132.033353169759,0.5,3,0,0.5,1.0,1.0,0,0,1,0,1,6,0,0,0.5249189596248799,0.0,505.69210012191184,1128.9556659913694,1,0,1,2024-08-01,106.44333432515462,106.7600009918213,213.20333531697588,0.0973504064216041,0
31,130.36000175476067,1111.600009918213,1111.600009918213,2223.200019836426,0.0,6,0,0.0,1.0,1.0,0,0,1,0,1,6,0,0,0.49530261079271815,0.040086459996075394,561.0216228485107,1067.0399005889894,1,0,1,2024-08-01,111.16000099182129,111.16000099182129,222.32000198364258,0.0718228129667754,0
32,122.99000091552728,1119.9000091552734,1119.9000091552734,2239.800018310547,1.0,0,1,1.0,1.0,1.0,1,1,1,1,1,0,6,0,0.46838024133575273,0.03390728942963219,595.3609725952148,1081.9272354125978,1,0,1,2024-08-01,111.99000091552735,111.99000091552735,223.9800018310547,0.1365038780018836,0
33,110.3400009155273,1089.8993375142416,1103.4000091552734,2193.299346669515,0.16666666666666666,5,0,0.0,0.3333333333333333,1.0,0,0,1,0,0,3,3,0,0.347217066775118,0.0342033802407644,711.4676864624023,1065.6599990844727,1,0,1,2024-08-01,108.98993375142416,110.34000091552736,219.32993466695154,0.026736762748615122,0
34,127.07000160217285,1070.529343922933,1078.700008392334,2149.229352315267,0.5,3,0,0.4,1.0,1.0,0,0,1,0,1,5,1,0,0.3169804804731737,0.025634982913165846,731.1924381256104,1051.0475521087646,1,0,1,2024-08-01,107.05293439229331,107.8700008392334,214.9229352315267,0.06505927859550543,0
35,145.17000083923335,951.700008392334,951.700008392334,1903.400016784668,0.16666666666666666,5,0,0.0,0.3333333333333333,1.0,0,0,1,0,0,3,3,0,0.31970929922777297,0.04534111251522232,647.4326656341552,908.5488712310791,1,0,1,2024-08-01,95.17000083923341,95.17000083923341,190.34000167846682,0.012973419061154765,0
36,258.9282744085001,944.1000061035156,944.1000061035156,1888.2000122070312,0.3333333333333333,4,0,0.0,0.4,1.0,0,0,1,0,0,1,5,0,0.24102684471040348,0.20445745076168464,716.5465605413126,751.0717255914999,1,0,1,2024-08-01,94.41000061035157,94.41000061035157,188.82000122070315,0.33039859357509327,1
37,131.58000068664546,1040.800006866455,1040.800006866455,2081.60001373291,1.0,0,1,1.0,1.0,1.0,1,1,1,1,1,0,6,0,0.031663194032584996,0.11421983740278166,1007.8449542999267,921.9199993133545,1,0,1,2024-08-01,104.08000068664552,104.08000068664552,208.16000137329104,0.15063676000473594,0
38,101.07000083923333,1010.700008392334,1010.700008392334,2021.400016784668,0.3333333333333333,4,0,0.3333333333333333,1.0,1.0,0,0,1,0,1,6,0,0,0.13516645242853456,0.15600082352470446,874.0872737884521,853.0299747467042,1,0,1,2024-08-01,101.0700008392334,101.0700008392334,202.1400016784668,0.03076198040037721,0
39,158.12000236511233,922.200008392334,922.200008392334,1844.400016784668,0.5,3,0,0.5,1.0,1.0,0,0,1,0,1,6,0,0,0.08962854557379524,0.21883274533621105,839.5445629119873,720.3924488067627,1,0,1,2024-08-01,92.2200008392334,92.2200008392334,184.4400016784668,0.029114090742723288,0
40,89.14000091552737,891.4000091552734,891.4000091552734,1782.8000183105469,0.16666666666666666,5,0,0.16666666666666666,1.0,1.0,0,0,1,0,1,6,0,0,0.23113905078932562,0.17300614968221442,685.3626571655274,737.1823257446289,1,0,1,2024-08-01,89.14000091552735,89.14000091552735,178.2800018310547,0.05991664080598086,0
41,86.45000038146975,855.7133344014485,864.5000038146973,1720.2133382161458,0.0,6,0,0.0,1.0,1.0,0,0,1,0,1,6,0,0,0.26635339001228425,0.2324085915913156,627.7911869049072,663.5827754974365,1,0,1,2024-08-01,85.57133344014485,86.45000038146974,172.02133382161458,0.08029027977139162,0
42,118.69209325926556,787.0000038146973,787.0000038146973,1574.0000076293945,0.0,6,0,0.0,1.0,1.0,0,0,1,0,1,6,0,0,0.24009638990887758,0.24359769155538294,598.0441440405156,595.2886196313594,1,0,1,2024-08-01,78.70000038146974,78.70000038146974,157.40000076293947,0.025857826760378715,0
43,108.8240005673623,732.0000038146973,732.0000038146973,1464.0000076293945,0.8333333333333334,1,0,0.8333333333333334,1.0,1.0,0,0,1,0,1,6,0,0,0.5087579283506437,0.4631475195420015,359.58919832126855,392.97601774318457,1,0,1,2024-08-01,73.20000038146974,73.20000038146974,146.40000076293947,0.016599685824063962,0
44,129.82500085830685,577.0000038146973,577.0000038146973,1154.0000076293945,0.0,6,0,0.0,1.0,1.0,0,0,1,0,1,6,0,0,0.34446012626224753,0.3163344101181267,378.24650964736935,394.47504796981815,1,0,1,2024-08-01,57.70000038146973,57.70000038146973,115.40000076293946,0.10657827615314278,0
45,84.53036125763714,511.00000381469727,511.00000381469727,1022.0000076293945,0.0,6,0,0.0,1.0,1.0,0,0,1,0,1,6,0,0,0.3664497749644255,0.15563672109320437,323.7441674099809,431.46963874236286,1,0,1,2024-08-01,51.10000038146973,51.10000038146973,102.20000076293945,0.14068919824814335,0
46,77.45000114440916,472.50000381469727,472.50000381469727,945.0000076293945,0.5,3,0,0.0,1.0,1.0,0,0,1,0,1,3,3,0,0.45411208578352286,0.19396828873271402,257.9320415496826,380.8499866485596,1,0,1,2024-08-01,47.25000038146973,47.25000038146973,94.50000076293946,0.1737580515778445,0
47,48.410000610351574,484.1000061035156,484.1000061035156,968.2000122070312,1.0,0,1,1.0,1.0,1.0,1,1,1,1,1,0,6,0,0.39170304537184003,0.15329481095901915,294.4765594482422,409.8899871826172,1,0,1,2024-08-01,48.41000061035157,48.41000061035157,96.82000122070313,0.17228676974644144,0
0,0.0,0.0,0.0,0.0,1.0,0,1,1.0,1.0,0.0,1,1,0,1,1,0,0,6,0.0,0.0,104.5,154.5,0,0,2,2024-08-01,0.0,0.0,0.0,0.0,0
1,0.0,0.0,0.0,0.0,1.0,0,1,1.0,1.0,0.0,1,1,0,1,1,0,0,6,0.0,0.0,132.0,182.0,0,0,2,2024-08-01,0.0,0.0,0.0,0.0,0
2,0.0,0.0,0.0,0.0,1.0,0,1,1.0,1.0,0.0,1,1,0,1,1,0,0,6,0.0,0.0,132.0,182.0,0,0,2,2024-08-01,0.0,0.0,0.0,0.0,0
3,0.0,0.0,0.0,0.0,1.0,0,1,1.0,1.0,0.0,1,1,0,1,1,0,0,6,0.0,0.0,143.0,193.0,0,0,2,2024-08-01,0.0,0.0,0.0,0.0,0
4,0.0,0.0,0.0,0.0,1.0,0,1,1.0,1.0,0.0,1,1,0,1,1,0,0,6,0.0,0.0,162.1999969482422,212.1999969482422,0,0,2,2024-08-01,0.0,0.0,0.0,0.0,0
5,0.0,0.0,0.0,0.0,1.0,0,1,1.0,1.0,0.0,1,1,0,1,1,0,0,6,0.0,0.0,151.1999969482422,201.1999969482422,0,0,2,2024-08-01,0.0,0.0,0.0,0.0,0
6,0.0,0.0,0.0,0.0,1.0,0,1,1.0,1.0,0.0,1,1,0,1,1,0,0,6,0.0,0.0,160.45664978027344,201.1999969482422,0,0,2,2024-08-01,0.0,0.0,0.0,0.0,0
7,0.0,0.0,0.0,0.0,1.0,0,1,1.0,1.0,0.0,1,1,0,1,1,0,0,6,0.0,0.0,147.4483184814453,157.5836639404297,0,0,2,2024-08-01,0.0,0.0,0.0,0.0,0
8,0.0,0.0,0.0,0.0,1.0,0,1,1.0,1.0,0.0,1,1,0,1,1,0,0,6,0.0,0.0,143.5,132.5,0,0,2,2024-08-01,0.0,0.0,0.0,0.0,0
9,0.0,0.0,0.0,0.0,1.0,0,1,1.0,1.0,0.0,1,1,0,1,1,0,0,6,0.0,0.0,121.5,110.5,0,0,2,2024-08-01,0.0,0.0,0.0,0.0,0
10,0.0,0.0,0.0,0.0,1.0,0,1,1.0,1.0,0.0,1,1,0,1,1,0,0,6,0.0,0.0,110.5,110.5,0,0,2,2024-08-01,0.0,0.0,0.0,0.0,0
11,0.0,0.0,0.0,0.0,1.0,0,1,1.0,1.0,0.0,1,1,0,1,1,0,0,6,0.0,0.0,138.0,133.8836212158203,0,0,2,2024-08-01,0.0,0.0,0.0,0.0,0
12,0.0,0.0,0.0,0.0,1.0,0,1,1.0,1.0,0.0,1,1,0,1,1,0,0,6,0.0,0.0,168.1999969482422,158.61572265625,0,0,2,2024-08-01,0.0,0.0,0.0,0.0,0
13,0.0,0.0,0.0,0.0,1.0,0,1,1.0,1.0,0.0,1,1,0,1,1,0,0,6,0.0,0.0,189.30117797851562,207.1999969482422,0,0,2,2024-08-01,0.0,0.0,0.0,0.0,0
14,0.0,0.0,0.0,0.0,1.0,0,1,1.0,1.0,0.0,1,1,0,1,1,0,0,6,0.0,0.0,209.5782470703125,231.44888305664062,0,0,2,2024-08-01,0.0,0.0,0.0,0.0,0
15,0.0,0.0,0.0,0.0,1.0,0,1,1.0,1.0,0.0,1,1,0,1,1,0,0,6,0.0,0.0,287.793212890625,298.8178405761719,0,0,2,2024-08-01,0.0,0.0,0.0,0.0,0
16,0.0,0.0,0.0,0.0,1.0,0,1,1.0,1.0,0.0,1,1,0,1,1,0,0,6,0.0,0.0,388.16094970703125,360.5,0,0,2,2024-08-01,0.0,0.0,0.0,0.0,0
17,0.0,0.0,0.0,0.0,1.0,0,1,1.0,1.0,0.0,1,1,0,1,1,0,0,6,0.0,0.0,425.19879150390625,407.20001220703125,0,0,2,2024-08-01,0.0,0.0,0.0,0.0,0
18,-61.56857641737918,284.00000381469727,303.2000045776367,587.200008392334,0.8333333333333334,1,0,1.0,0.5,1.0,0,0,1,1,0,4,2,0,0.0,0.0,389.1408962388708,524.9700656751917,1,0,2,2024-08-01,28.400000381469727,30.320000457763673,58.7200008392334,0.014485881954481843,0
19,-37.406810565043145,408.2000045776367,408.2000045776367,816.4000091552734,1.0,0,1,1.0,1.0,1.0,1,1,1,1,1,3,3,0,0.12230776200388746,0.0,358.27397556776936,513.7067983580118,1,0,2,2024-08-01,40.820000457763676,40.820000457763676,81.64000091552735,0.01554745487394793,0
20,-53.51000061035154,535.1000061035156,535.1000061035156,1070.2000122070312,1.0,0,1,1.0,1.0,1.0,1,1,1,1,1,0,6,0,0.36587038088001606,0.0,339.32276306152346,545.2742523193359,1,0,2,2024-08-01,53.51000061035157,53.51000061035157,107.02000122070314,0.11974428628790079,0
21,-73.65500061035152,586.0500061035157,601.1000061035156,1187.1500122070313,1.0,0,1,1.0,1.0,1.0,1,1,1,1,1,0,6,0,0.2801469724047673,0.0,421.86987121582035,638.6722735595703,1,0,2,2024-08-01,58.60500061035157,60.11000061035156,118.71500122070313,0.12368773150433414,0
22,-144.36359073626033,563.4500076293946,578.5000076293945,1141.950015258789,0.5,3,0,0.5,1.0,1.0,0,0,1,0,1,6,0,0,0.2163686235053901,0.0,441.5371050645209,789.8103680800103,1,0,2,2024-08-01,56.34500076293946,57.85000076293946,114.19500152587892,0.15885279605904812,0
23,-82.8700008392334,608.700008392334,608.700008392334,1217.400016784668,0.0,6,0,0.0,1.0,1.0,0,0,1,0,1,6,0,0,0.2408085083728593,0.0,462.1198673248291,828.6486873626709,1,0,2,2024-08-01,60.8700008392334,60.8700008392334,121.7400016784668,0.19481311634159068,0
24,-65.82000083923333,658.200008392334,658.200008392334,1316.400016784668,1.0,0,1,1.0,1.0,1.0,1,1,1,1,1,6,0,0,0.23094404894570644,0.0,506.1926334381104,942.1200496673583,1,0,2,2024-08-01,65.8200008392334,65.8200008392334,131.6400016784668,0.09198521151272225,0
25,-73.57000083923333,735.700008392334,735.700008392334,1471.400016784668,1.0,0,1,1.0,1.0,1.0,1,1,1,1,1,6,0,0,0.3399667979787735,0.0,485.5864322662354,949.8700496673583,1,0,2,2024-08-01,73.5700008392334,73.5700008392334,147.1400016784668,0.04135274906887283,0
26,-172.25937974309394,835.700008392334,835.700008392334,1671.400016784668,1.0,0,1,1.0,1.0,1.0,1,1,1,1,1,1,5,0,0.4200349735357086,0.0,484.6767774834685,1181.0594285712189,1,0,2,2024-08-01,83.5700008392334,83.5700008392334,167.1400016784668,0.013945731572486408,0
27,-15.97193657919371,816.5000076293945,816.5000076293945,1633.000015258789,1.0,0,1,1.0,1.0,1.0,1,1,1,1,1,0,6,0,0.087768952589056,0.0,744.8366571708063,1170.9719365791937,1,0,2,2024-08-01,81.65000076293946,81.65000076293946,163.3000015258789,0.024059147260812437,0
28,-47.97552147615833,1048.3000106811523,1048.3000106811523,2096.6000213623047,1.0,0,1,1.0,1.0,1.0,1,1,1,1,1,5,1,0,0.399155380626785,0.0,629.8654209066542,1246.8051113199083,1,0,2,2024-08-01,104.83000106811524,104.83000106811524,209.66000213623047,0.11327597754064102,0
29,6.1417241408300285,1048.3000106811523,1048.3000106811523,2096.6000213623047,1.0,0,1,1.0,1.0,1.0,1,1,1,1,1,3,3,0,0.36395824958833717,0.0,666.762573750205,1193.3581537888574,1,0,2,2024-08-01,104.83000106811524,104.83000106811524,209.66000213623047,0.006069027730812247,0
30,57.4442363523806,1064.4333432515461,1067.600009918213,2132.033353169759,0.3333333333333333,4,0,0.3333333333333333,1.0,1.0,0,0,1,0,1,6,0,0,0.2750275037268254,0.0,771.6848979734743,1181.055641577307,1,0,2,2024-08-01,106.44333432515462,106.7600009918213,213.20333531697588,0.0973504064216041,0
31,130.36000175476067,1111.600009918213,1111.600009918213,2223.200019836426,0.0,6,0,0.0,1.0,1.0,0,0,1,0,1,6,0,0,0.2508426460624698,0.03369929237949729,832.7633220672607,1074.139876174927,1,0,2,2024-08-01,111.16000099182129,111.16000099182129,222.32000198364258,0.0718228129667754,0
32,122.99000091552728,1119.9000091552734,1119.9000091552734,2239.800018310547,1.0,0,1,1.0,1.0,1.0,1,1,1,1,1,0,6,0,0.24586330743862764,0.04410226961098738,844.5576889038085,1070.5098770141603,1,0,2,2024-08-01,111.99000091552735,111.99000091552735,223.9800018310547,0.1365038780018836,0
33,110.3400009155273,1089.8993375142416,1103.4000091552734,2193.299346669515,0.0,6,0,0.0,0.0,1.0,0,0,1,0,0,3,3,0,0.024069066422008192,0.0,1063.6664779663085,1165.5630752563477,1,0,2,2024-08-01,108.98993375142416,110.34000091552736,219.32993466695154,0.026736762748615122,0
34,127.07000160217285,1070.529343922933,1078.700008392334,2149.229352315267,0.16666666666666666,5,0,0.0,1.0,1.0,0,0,1,0,1,5,1,0,0.0,0.0,1106.0992984771729,1219.8731136322021,1,0,2,2024-08-01,107.05293439229331,107.8700008392334,214.9229352315267,0.06505927859550543,0
35,145.17000083923335,951.700008392334,951.700008392334,1903.400016784668,0.5,3,0,0.0,1.0,1.0,0,0,1,0,1,3,3,0,0.0,0.0,1045.649676132202,1103.3091251373291,1,0,2,2024-08-01,95.17000083923341,95.17000083923341,190.34000167846682,0.012973419061154765,0
36,258.9282744085001,944.1000061035156,944.1000061035156,1888.2000122070312,0.3333333333333333,4,0,0.0,0.4,1.0,0,0,1,0,0,1,5,0,0.0,0.0,1132.5673124944376,945.3042695368124,1,0,2,2024-08-01,94.41000061035157,94.41000061035157,188.82000122070315,0.33039859357509327,0
37,131.58000068664546,1040.800006866455,1040.800006866455,2081.60001373291,1.0,0,1,1.0,1.0,1.0,1,1,1,1,1,0,6,0,0.0,0.0163087275673087,1215.2372272491455,1023.825883102417,1,0,2,2024-08-01,104.08000068664552,104.08000068664552,208.16000137329104,0.15063676000473594,0
38,101.07000083923333,1010.700008392334,1010.700008392334,2021.400016784668,1.0,0,1,1.0,1.0,1.0,1,1,1,1,1,6,0,0,0.0,0.018603664706826107,1047.5260555267332,991.8972843170167,1,0,2,2024-08-01,101.0700008392334,101.0700008392334,202.1400016784668,0.03076198040037721,0
39,158.12000236511233,922.200008392334,922.200008392334,1844.400016784668,1.0,0,1,1.0,1.0,1.0,1,1,1,1,1,6,0,0,0.0,0.05367341423952352,994.8829418182373,872.7023853302002,1,0,2,2024-08-01,92.2200008392334,92.2200008392334,184.4400016784668,0.029114090742723288,0
40,89.14000091552737,891.4000091552734,891.4000091552734,1782.8000183105469,1.0,0,1,1.0,1.0,1.0,1,1,1,1,1,6,0,0,0.0,0.0,917.1153427124024,941.6738418579101,1,0,2,2024-08-01,89.14000091552735,89.14000091552735,178.2800018310547,0.05991664080598086,0
41,86.45000038146975,855.7133344014485,864.5000038146973,1720.2133382161458,0.0,6,0,0.0,1.0,1.0,0,0,1,0,1,6,0,0,0.0,0.0,898.3623538970947,983.3500484466553,1,0,2,2024-08-01,85.57133344014485,86.45000038146974,172.02133382161458,0.08029027977139162,0
42,118.69209325926556,787.0000038146973,787.0000038146973,1574.0000076293945,0.0,6,0,0.0,1.0,1.0,0,0,1,0,1,6,0,0,0.0,0.0,920.9753574194218,975.8079067407344,1,0,2,2024-08-01,78.70000038146974,78.70000038146974,157.40000076293947,0.025857826760378715,0
43,108.8240005673623,732.0000038146973,732.0000038146973,1464.0000076293945,0.0,6,0,0.0,1.0,1.0,0,0,1,0,1,6,0,0,0.0,0.0,812.9996597470498,866.8426254092002,1,0,2,2024-08-01,73.20000038146974,73.20000038146974,146.40000076293947,0.016599685824063962,0
44,129.82500085830685,577.0000038146973,577.0000038146973,1154.0000076293945,0.0,6,0,0.0,1.0,1.0,0,0,1,0,1,6,0,0,0.0,0.0,667.7236214637755,691.6749991416932,1,0,2,2024-08-01,57.70000038146973,57.70000038146973,115.40000076293946,0.10657827615314278,0
45,84.53036125763714,511.00000381469727,511.00000381469727,1022.0000076293945,0.0,6,0,0.0,1.0,1.0,0,0,1,0,1,6,0,0,0.0,0.0,610.2232323513872,736.9696387423628,1,0,2,2024-08-01,51.10000038146973,51.10000038146973,102.20000076293945,0.14068919824814335,0
46,77.45000114440916,472.50000381469727,472.50000381469727,945.0000076293945,0.5,3,0,0.0,1.0,1.0,0,0,1,0,1,3,3,0,0.0,0.0,554.9963268280029,713.8499866485596,1,0,2,2024-08-01,47.25000038146973,47.25000038146973,94.50000076293946,0.1737580515778445,0
47,48.410000610351574,484.1000061035156,484.1000061035156,968.2000122070312,0.6666666666666666,2,0,1.0,0.6666666666666666,1.0,0,0,1,1,0,0,6,0,0.0,0.0,563.7469146728515,707.0102264404297,1,0,2,2024-08-01,48.41000061035157,48.41000061035157,96.82000122070313,0.17228676974644144,0
0,0.0,0.0,0.0,0.0,1.0,0,1,1.0,1.0,0.0,1,1,0,1,1,0,0,6,0.0,0.0,214.8000030517578,239.95254516601562,0,1,0,2024-08-01,0.0,0.0,0.0,0.0,0
1,0.0,0.0,0.0,0.0,1.0,0,1,1.0,1.0,0.0,1,1,0,1,1,0,0,6,0.0,0.0,216.5740509033203,207.23538208007812,0,1,0,2024-08-01,0.0,0.0,0.0,0.0,0
2,0.0,0.0,0.0,0.0,1.0,0,1,1.0,1.0,0.0,1,1,0,1,1,0,0,6,0.0,0.0,219.7431182861328,206.39999389648438,0,1,0,2024-08-01,0.0,0.0,0.0,0.0,0
3,0.0,0.0,0.0,0.0,1.0,0,1,1.0,1.0,0.0,1,1,0,1,1,0,0,6,0.0,0.0,169.6402587890625,206.39999389648438,0,1,0,2024-08-01,0.0,0.0,0.0,0.0,0
4,0.0,0.0,0.0,0.0,1.0,0,1,1.0,1.0,0.0,1,1,0,1,1,0,0,6,0.0,0.0,170.5093231201172,206.39999389648438,0,1,0,2024-08-01,0.0,0.0,0.0,0.0,0
5,0.0,0.0,0.0,0.0,1.0,0,1,1.0,1.0,0.0,1,1,0,1,1,0,0,6,0.0,0.0,175.682373046875,206.39999389648438,0,1,0,2024-08-01,0.0,0.0,0.0,0.0,0
6,0.0,0.0,0.0,0.0,1.0,0,1,1.0,1.0,0.0,1,1,0,1,1,0,0,6,0.0,0.0,178.24359130859375,206.39999389648438,0,1,0,2024-08-01,0.0,0.0,0.0,0.0,0
7,0.0,0.0,0.0,0.0,1.0,0,1,1.0,1.0,0.0,1,1,0,1,1,0,0,6,0.0,0.0,195.83824157714844,210.54539489746094,0,1,0,2024-08-01,0.0,0.0,0.0,0.0,0
8,0.0,0.0,0.0,0.0,1.0,0,1,1.0,1.0,0.0,1,1,0,1,1,0,0,6,0.0,0.0,191.5251922607422,195.76834106445312,0,1,0,2024-08-01,0.0,0.0,0.0,0.0,0
9,0.0,0.0,0.0,0.0,1.0,0,1,1.0,1.0,0.0,1,1,0,1,1,0,0,6,0.0,0.0,195.2440185546875,185.7572784423828,0,1,0,2024-08-01,0.0,0.0,0.0,0.0,0
10,0.0,0.0,0.0,0.0,1.0,0,1,1.0,1.0,0.0,1,1,0,1,1,0,0,6,0.0,0.0,173.49998474121094,154.29998779296875,0,1,0,2024-08-01,0.0,0.0,0.0,0.0,0
11,0.0,0.0,0.0,0.0,1.0,0,1,1.0,1.0,0.0,1,1,0,1,1,0,0,6,0.0,0.0,154.29998779296875,153.97573852539062,0,1,0,2024-08-01,0.0,0.0,0.0,0.0,0
12,0.0,0.0,0.0,0.0,1.0,0,1,1.0,1.0,0.0,1,1,0,1,1,0,0,6,0.0,0.0,173.49998474121094,166.99801635742188,0,1,0,2024-08-01,0.0,0.0,0.0,0.0,0
13,0.0,0.0,0.0,0.0,1.0,0,1,1.0,1.0,0.0,1,1,0,1,1,0,0,6,0.0,0.0,272.8999938964844,229.63975524902344,0,1,0,2024-08-01,0.0,0.0,0.0,0.0,0
14,0.0,0.0,0.0,0.0,1.0,0,1,1.0,1.0,0.0,1,1,0,1,1,0,0,6,0.0,0.0,233.90000915527344,233.90000915527344,0,1,0,2024-08-01,0.0,0.0,0.0,0.0,0
15,0.0,0.0,0.0,0.0,1.0,0,1,1.0,1.0,0.0,1,1,0,1,1,0,0,6,0.0,0.0,322.3999938964844,322.3999938964844,0,1,0,2024-08-01,0.0,0.0,0.0,0.0,0
16,0.0,0.0,0.0,0.0,1.0,0,1,1.0,1.0,0.0,1,1,0,1,1,0,0,6,0.0,0.0,396.75274658203125,384.52874755859375,0,1,0,2024-08-01,0.0,0.0,0.0,0.0,0
17,0.0,0.0,0.0,0.0,1.0,0,1,1.0,1.0,0.0,1,1,0,1,1,0,0,6,0.0,0.0,414.2818603515625,391.8375244140625,0,1,0,2024-08-01,0.0,0.0,0.0,0.0,0
18,-61.56857641737918,284.00000381469727,303.2000045776367,587.200008392334,0.8333333333333334,1,0,0.0,1.0,1.0,0,0,1,0,1,1,5,0,0.0,0.0,424.8922390123083,533.8938632826136,1,1,0,2024-08-01,28.400000381469727,30.320000457763673,58.7200008392334,0.15953192388719953,0
19,-37.406810565043145,408.2000045776367,408.2000045776367,816.4000091552734,1.0,0,1,1.0,1.0,1.0,1,1,1,1,1,1,5,0,0.0,0.0,449.8047678040975,529.88505153184,1,1,0,2024-08-01,40.820000457763676,40.820000457763676,81.64000091552735,0.09987914393373046,0
20,-53.51000061035154,535.1000061035156,535.1000061035156,1070.2000122070312,1.0,0,1,1.0,1.0,1.0,1,1,1,1,1,1,5,0,0.0,0.0,635.0227142333985,737.091665649414,1,1,0,2024-08-01,53.51000061035157,53.51000061035157,107.02000122070314,0.2632301427436745,0
21,-73.65500061035152,586.0500061035157,601.1000061035156,1187.1500122070313,1.0,0,1,1.0,1.0,1.0,1,1,1,1,1,4,2,0,0.0,0.0,631.8469525146485,773.091646118164,1,1,0,2024-08-01,58.60500061035157,60.11000061035156,118.71500122070313,0.1825808880462703,0
22,-144.36359073626033,563.4500076293946,578.5000076293945,1141.950015258789,1.0,0,1,1.0,1.0,1.0,1,1,1,1,1,0,6,0,0.06555638188537032,0.0,526.5122637559272,884.2919354628228,1,1,0,2024-08-01,56.34500076293946,57.85000076293946,114.19500152587892,0.016949659665136407,0
23,-82.8700008392334,608.700008392334,608.700008392334,1217.400016784668,1.0,0,1,1.0,1.0,1.0,1,1,1,1,1,4,2,0,0.17160645410169412,0.0,504.2431583404541,837.0183162689209,1,1,0,2024-08-01,60.8700008392334,60.8700008392334,121.7400016784668,0.0239640551310858,0
24,-65.82000083923333,658.200008392334,658.200008392334,1316.400016784668,1.0,0,1,1.0,1.0,1.0,1,1,1,1,1,0,6,0,0.14293389556862401,0.0,564.1209171295167,868.6539241790771,1,1,0,2024-08-01,65.8200008392334,65.8200008392334,131.6400016784668,8.693475363747247e-10,0
25,-73.57000083923333,735.700008392334,735.700008392334,1471.400016784668,1.0,0,1,1.0,1.0,1.0,1,1,1,1,1,0,6,0,0.05442149255895776,0.0,695.6621158599854,1017.1388484954833,1,1,0,2024-08-01,73.5700008392334,73.5700008392334,147.1400016784668,7.777688585162466e-10,0
26,-172.25937974309394,835.700008392334,835.700008392334,1671.400016784668,1.0,0,1,1.0,1.0,1.0,1,1,1,1,1,6,0,0,0.14874060851452028,0.0,711.3974806084685,1258.2789109930939,1,1,0,2024-08-01,83.5700008392334,83.5700008392334,167.1400016784668,2.63981060701559e-09,0
27,-15.97193657919371,816.5000076293945,816.5000076293945,1633.000015258789,1.0,0,1,1.0,1.0,1.0,1,1,1,1,1,0,0,6,0.0,0.0,880.3432489676813,1171.8995488838812,1,1,0,2024-08-01,81.65000076293946,81.65000076293946,163.3000015258789,2.1635186329855391e-10,0
28,-47.97552147615833,1048.3000106811523,1048.3000106811523,2096.6000213623047,1.0,0,1,1.0,1.0,1.0,1,1,1,1,1,0,0,6,0.1877240819919881,0.0,851.5088535238417,1227.2441982339708,1,1,0,2024-08-01,104.83000106811524,104.83000106811524,209.66000213623047,1.8530565638782e-10,0
29,6.1417241408300285,1048.3000106811523,1048.3000106811523,2096.6000213623047,1.0,0,1,1.0,1.0,1.0,1,1,1,1,1,0,0,6,0.19626906478662365,0.0,842.551147968955,1160.804809062295,1,1,0,2024-08-01,104.83000106811524,104.83000106811524,209.66000213623047,1.4871873494234966e-11,0
30,57.4442363523806,1064.4333432515461,1067.600009918213,2132.033353169759,1.0,0,1,1.0,1.0,1.0,1,1,1,1,1,0,0,6,0.19733265388596746,0.0,854.3858867430056,1076.771217749182,1,1,0,2024-08-01,106.44333432515462,106.7600009918213,213.20333531697588,1.8901697466833889e-10,0
31,130.36000175476067,1111.600009918213,1111.600009918213,2223.200019836426,1.0,0,1,1.0,1.0,1.0,1,1,1,1,1,6,0,0,0.0778702447208921,0.027506716875027867,1025.0394451141356,1081.0235431671144,1,1,0,2024-08-01,111.16000099182129,111.16000099182129,222.32000198364258,5.147576022240223e-10,0
32,122.99000091552728,1119.9000091552734,1119.9000091552734,2239.800018310547,0.6666666666666666,2,0,1.0,0.6666666666666666,1.0,0,0,1,1,0,0,6,0,0.06446714064969593,0.06374143052229474,1047.7032577514647,1048.5159805297853,1,1,0,2024-08-01,111.99000091552735,111.99000091552735,223.9800018310547,0.2738392437330544,0
33,110.3400009155273,1089.8993375142416,1103.4000091552734,2193.299346669515,1.0,0,1,1.0,1.0,1.0,1,1,1,1,1,0,6,0,0.0,0.06391036433670598,1133.9178817749023,1032.8813125610352,1,1,0,2024-08-01,108.98993375142416,110.34000091552736,219.32993466695154,0.16174840007862393,0
34,127.07000160217285,1070.529343922933,1078.700008392334,2149.229352315267,0.8333333333333334,1,0,1.0,0.8333333333333334,1.0,0,0,1,1,0,0,6,0,0.0,0.062492929221558635,1185.2926578521729,1011.2888851165771,1,1,0,2024-08-01,107.05293439229331,107.8700008392334,214.9229352315267,0.14885777054313892,0
35,145.17000083923335,951.700008392334,951.700008392334,1903.400016784668,1.0,0,1,1.0,1.0,1.0,1,1,1,1,1,0,6,0,0.0,0.05219587933575138,1108.0367610931396,902.0251895904541,1,1,0,2024-08-01,95.17000083923341,95.17000083923341,190.34000167846682,0.11322937273953121,0
36,258.9282744085001,944.1000061035156,944.1000061035156,1888.2000122070312,0.8333333333333334,1,0,1.0,0.8333333333333334,1.0,0,0,1,1,0,0,6,0,0.0,0.2001427093815913,1196.1694243108439,755.1452729547811,1,1,0,2024-08-01,94.41000061035157,94.41000061035157,188.82000122070315,0.09930492594601936,0
37,131.58000068664546,1040.800006866455,1040.800006866455,2081.60001373291,1.0,0,1,1.0,1.0,1.0,1,1,1,1,1,1,5,0,0.0,0.23512750209530708,1042.3133991241455,796.079301071167,1,1,0,2024-08-01,104.08000068664552,104.08000068664552,208.16000137329104,0.08403151803920712,0
38,101.07000083923333,1010.700008392334,1010.700008392334,2021.400016784668,1.0,0,1,1.0,1.0,1.0,1,1,1,1,1,1,5,0,0.11248193090545758,0.3024439516258043,897.0145198822021,705.0199039459229,1,1,0,2024-08-01,101.0700008392334,101.0700008392334,202.1400016784668,0.18646056358614477,0
39,158.12000236511233,922.200008392334,922.200008392334,1844.400016784668,1.0,0,1,1.0,1.0,1.0,1,1,1,1,1,0,6,0,0.0,0.3581903942523508,988.9215160369873,591.8768238067627,1,1,0,2024-08-01,92.2200008392334,92.2200008392334,184.4400016784668,0.17623564928543983,0
40,89.14000091552737,891.4000091552734,891.4000091552734,1782.8000183105469,0.8333333333333334,1,0,1.0,0.8333333333333334,1.0,0,0,1,1,0,0,6,0,0.044511018723410394,0.3221885591572753,851.7228866577149,604.2011245727539,1,1,0,2024-08-01,89.14000091552735,89.14000091552735,178.2800018310547,0.0009985006365503053,0
41,86.45000038146975,855.7133344014485,864.5000038146973,1720.2133382161458,0.5,3,0,0.0,1.0,1.0,0,0,1,0,1,3,3,0,0.0806726018563687,0.35207639884142816,786.6807132720947,560.1299556732178,1,1,0,2024-08-01,85.57133344014485,86.45000038146974,172.02133382161458,0.09857720671555134,0
42,118.69209325926556,787.0000038146973,787.0000038146973,1574.0000076293945,0.6666666666666666,2,0,0.6666666666666666,1.0,1.0,0,0,1,0,1,6,0,0,0.05750301243366438,0.4154201089742038,741.7451328100468,460.06437646729694,1,1,0,2024-08-01,78.70000038146974,78.70000038146974,157.40000076293947,0.12767972911428555,1
43,108.8240005673623,732.0000038146973,732.0000038146973,1464.0000076293945,0.8333333333333334,1,0,0.8333333333333334,1.0,1.0,0,0,1,0,1,6,0,0,0.13706108290358732,0.41420612121813677,631.6712906064248,428.8011215029502,1,1,0,2024-08-01,73.20000038146974,73.20000038146974,146.40000076293947,0.1124992505137789,0
44,129.82500085830685,577.0000038146973,577.0000038146973,1154.0000076293945,0.16666666666666666,5,0,0.0,1.0,1.0,0,0,1,0,1,5,1,0,0.06129175191914492,0.33715512021390276,541.6346627235412,382.46149816513065,1,1,0,2024-08-01,57.70000038146973,57.70000038146973,115.40000076293946,0.21807303033799183,1
45,84.53036125763714,511.00000381469727,511.00000381469727,1022.0000076293945,0.6666666666666666,2,0,1.0,0.6666666666666666,1.0,0,0,1,1,0,0,6,0,0.14631872182468517,0.35250567582920883,436.2311364041215,330.8696021212691,1,1,0,2024-08-01,51.10000038146973,51.10000038146973,102.20000076293945,0.09535696842531041,0
46,77.45000114440916,472.50000381469727,472.50000381469727,945.0000076293945,0.0,6,0,1.0,0.0,1.0,0,0,1,1,0,0,6,0,0.13920675417617112,0.3662434712869676,406.7248119354248,299.4499622344971,1,1,0,2024-08-01,47.25000038146973,47.25000038146973,94.50000076293946,0.21542685561869906,0
47,48.410000610351574,484.1000061035156,484.1000061035156,968.2000122070312,0.0,6,0,1.0,0.0,1.0,0,0,1,1,0,0,6,0,0.25275558723516733,0.37824838055425747,361.74102478027345,300.9899627685547,1,1,0,2024-08-01,48.41000061035157,48.41000061035157,96.82000122070313,0.21542686879502976,0
0,0.0,0.0,0.0,0.0,1.0,0,1,1.0,1.0,0.0,1,1,0,1,1,0,0,6,0.0,0.0,353.79998779296875,369.29998779296875,0,1,1,2024-08-01,0.0,0.0,0.0,0.0,0
1,0.0,0.0,0.0,0.0,1.0,0,1,1.0,1.0,0.0,1,1,0,1,1,0,0,6,0.0,0.0,416.79998779296875,418.05633544921875,0,1,1,2024-08-01,0.0,0.0,0.0,0.0,0
2,0.0,0.0,0.0,0.0,1.0,0,1,1.0,1.0,0.0,1,1,0,1,1,0,0,6,0.0,0.0,418.79998779296875,416.96343994140625,0,1,1,2024-08-01,0.0,0.0,0.0,0.0,0
3,0.0,0.0,0.0,0.0,1.0,0,1,1.0,1.0,0.0,1,1,0,1,1,0,0,6,0.0,0.0,418.79998779296875,415.19256591796875,0,1,1,2024-08-01,0.0,0.0,0.0,0.0,0
4,0.0,0.0,0.0,0.0,1.0,0,1,1.0,1.0,0.0,1,1,0,1,1,0,0,6,0.0,0.0,370.4010314941406,380.29998779296875,0,1,1,2024-08-01,0.0,0.0,0.0,0.0,0
5,0.0,0.0,0.0,0.0,1.0,0,1,1.0,1.0,0.0,1,1,0,1,1,0,0,6,0.0,0.0,364.0253601074219,380.29998779296875,0,1,1,2024-08-01,0.0,0.0,0.0,0.0,0
6,0.0,0.0,0.0,0.0,1.0,0,1,1.0,1.0,0.0,1,1,0,1,1,0,0,6,0.0,0.0,362.68328857421875,376.571533203125,0,1,1,2024-08-01,0.0,0.0,0.0,0.0,0
7,0.0,0.0,0.0,0.0,1.0,0,1,1.0,1.0,0.0,1,1,0,1,1,0,0,6,0.0,0.0,333.5262451171875,323.50482177734375,0,1,1,2024-08-01,0.0,0.0,0.0,0.0,0
8,0.0,0.0,0.0,0.0,1.0,0,1,1.0,1.0,0.0,1,1,0,1,1,0,0,6,0.0,0.0,345.28216552734375,292.25970458984375,0,1,1,2024-08-01,0.0,0.0,0.0,0.0,0
9,0.0,0.0,0.0,0.0,1.0,0,1,1.0,1.0,0.0,1,1,0,1,1,0,0,6,0.0,0.0,325.29998779296875,258.3799743652344,0,1,1,2024-08-01,0.0,0.0,0.0,0.0,0
10,0.0,0.0,0.0,0.0,1.0,0,1,1.0,1.0,0.0,1,1,0,1,1,0,0,6,0.0,0.0,251.09999084472656,198.48236083984375,0,1,1,2024-08-01,0.0,0.0,0.0,0.0,0
11,0.0,0.0,0.0,0.0,1.0,0,1,1.0,1.0,0.0,1,1,0,1,1,0,0,6,0.0,0.0,251.09999084472656,198.3267059326172,0,1,1,2024-08-01,0.0,0.0,0.0,0.0,0
12,0.0,0.0,0.0,0.0,1.0,0,1,1.0,1.0,0.0,1,1,0,1,1,0,0,6,0.0,0.0,278.5999755859375,217.1170654296875,0,1,1,2024-08-01,0.0,0.0,0.0,0.0,0
13,0.0,0.0,0.0,0.0,1.0,0,1,1.0,1.0,0.0,1,1,0,1,1,0,0,6,0.0,0.0,328.5999755859375,264.1813659667969,0,1,1,2024-08-01,0.0,0.0,0.0,0.0,0
14,0.0,0.0,0.0,0.0,1.0,0,1,1.0,1.0,0.0,1,1,0,1,1,0,0,6,0.0,0.0,394.5,300.7750244140625,0,1,1,2024-08-01,0.0,0.0,0.0,0.0,0
15,0.0,0.0,0.0,0.0,1.0,0,1,1.0,1.0,0.0,1,1,0,1,1,0,0,6,0.0,0.0,421.70538330078125,304.71929931640625,0,1,1,2024-08-01,0.0,0.0,0.0,0.0,0
16,0.0,0.0,0.0,0.0,1.0,0,1,1.0,1.0,0.0,1,1,0,1,1,0,0,6,0.0,0.0,486.56671142578125,330.934326171875,0,1,1,2024-08-01,0.0,0.0,0.0,0.0,0
17,0.0,0.0,0.0,0.0,1.0,0,1,1.0,1.0,0.0,1,1,0,1,1,0,0,6,0.0,0.0,494.9661865234375,286.0599365234375,0,1,1,2024-08-01,0.0,0.0,0.0,0.0,0
18,-61.56857641737918,284.00000381469727,303.2000045776367,587.200008392334,0.8333333333333334,1,0,0.0,1.0,1.0,0,0,1,0,1,1,5,0,0.0,0.0,471.7900661607458,378.4559055189417,1,1,1,2024-08-01,28.400000381469727,30.320000457763673,58.7200008392334,0.15953192388719953,0
19,-37.406810565043145,408.2000045776367,408.2000045776367,816.4000091552734,1.0,0,1,1.0,1.0,1.0,1,1,1,1,1,1,5,0,0.0,0.0,524.5721933412069,544.54520778184,1,1,1,2024-08-01,40.820000457763676,40.820000457763676,81.64000091552735,0.09987914393373046,0
20,-53.51000061035154,535.1000061035156,535.1000061035156,1070.2000122070312,0.16666666666666666,5,0,1.0,0.0,1.0,0,0,1,1,0,1,5,0,0.0,0.0,548.3779388427735,618.390737915039,1,1,1,2024-08-01,53.51000061035157,53.51000061035157,107.02000122070314,0.2632301427436745,0
21,-73.65500061035152,586.0500061035157,601.1000061035156,1187.1500122070313,0.8333333333333334,1,0,1.0,0.5,1.0,0,0,1,1,0,4,2,0,0.020258488284223514,0.0,574.1775189208985,720.063569946289,1,1,1,2024-08-01,58.60500061035157,60.11000061035156,118.71500122070313,0.1825808880462703,0
22,-144.36359073626033,563.4500076293946,578.5000076293945,1141.950015258789,1.0,0,1,1.0,1.0,1.0,1,1,1,1,1,0,6,0,0.13847207987034657,0.0,485.42791316998967,808.5811200331353,1,1,1,2024-08-01,56.34500076293946,57.85000076293946,114.19500152587892,0.016949659665136407,0
23,-82.8700008392334,608.700008392334,608.700008392334,1217.400016784668,1.0,0,1,1.0,1.0,1.0,1,1,1,1,1,4,2,0,0.09806866774598302,0.0,549.0056095123291,786.6736507415771,1,1,1,2024-08-01,60.8700008392334,60.8700008392334,121.7400016784668,0.0239640551310858,0
24,-65.82000083923333,658.200008392334,658.200008392334,1316.400016784668,1.0,0,1,1.0,1.0,1.0,1,1,1,1,1,0,6,0,0.035417436920703975,0.0,634.8882511138917,859.8316585540771,1,1,1,2024-08-01,65.8200008392334,65.8200008392334,131.6400016784668,8.693475363747247e-10,0
25,-73.57000083923333,735.700008392334,735.700008392334,1471.400016784668,1.0,0,1,1.0,1.0,1.0,1,1,1,1,1,0,6,0,0.13896567769599827,0.0,633.4629581451417,935.2347957611083,1,1,1,2024-08-01,73.5700008392334,73.5700008392334,147.1400016784668,7.777688585162466e-10,0
26,-172.25937974309394,835.700008392334,835.700008392334,1671.400016784668,1.0,0,1,1.0,1.0,1.0,1,1,1,1,1,6,0,0,0.32658538108500584,0.0,562.772602678781,1082.8511155829376,1,1,1,2024-08-01,83.5700008392334,83.5700008392334,167.1400016784668,2.63981060701559e-09,0
27,-15.97193657919371,816.5000076293945,816.5000076293945,1633.000015258789,1.0,0,1,1.0,1.0,1.0,1,1,1,1,1,0,0,6,0.06822387361809563,0.0,760.7952142997126,1044.8723272041937,1,1,1,2024-08-01,81.65000076293946,81.65000076293946,163.3000015258789,2.1635186329855391e-10,0
28,-47.97552147615833,1048.3000106811523,1048.3000106811523,2096.6000213623047,1.0,0,1,1.0,1.0,1.0,1,1,1,1,1,0,0,6,0.26896436025448234,0.0,766.3446689535292,1149.2417568277208,1,1,1,2024-08-01,104.83000106811524,104.83000106811524,209.66000213623047,1.8530565638782e-10,0
29,6.1417241408300285,1048.3000106811523,1048.3000106811523,2096.6000213623047,1.0,0,1,1.0,1.0,1.0,1,1,1,1,1,0,0,6,0.2491472383787313,0.0,787.1189580275487,1145.149535624795,1,1,1,2024-08-01,104.83000106811524,104.83000106811524,209.66000213623047,1.4871873494234966e-11,0
30,57.4442363523806,1064.4333432515461,1067.600009918213,2132.033353169759,1.0,0,1,1.0,1.0,1.0,1,1,1,1,1,0,0,6,0.2895691157106003,0.0,756.2063213133181,1119.6985859132444,1,1,1,2024-08-01,106.44333432515462,106.7600009918213,213.20333531697588,1.8901697466833889e-10,0
31,130.36000175476067,1111.600009918213,1111.600009918213,2223.200019836426,1.0,0,1,1.0,1.0,1.0,1,1,1,1,1,6,0,0,0.2444777708831141,0.06941419273890898,839.8385173797607,1034.439192581177,1,1,1,2024-08-01,111.16000099182129,111.16000099182129,222.32000198364258,5.147576022240223e-10,0
32,122.99000091552728,1119.9000091552734,1119.9000091552734,2239.800018310547,0.6666666666666666,2,0,1.0,0.6666666666666666,1.0,0,0,1,1,0,0,6,0,0.3003295674958339,0.17422732505336586,783.5609237670898,924.7828262329102,1,1,1,2024-08-01,111.99000091552735,111.99000091552735,223.9800018310547,0.2738392437330544,1
33,110.3400009155273,1089.8993375142416,1103.4000091552734,2193.299346669515,1.0,0,1,1.0,1.0,1.0,1,1,1,1,1,0,6,0,0.13612013888799335,0.1832194351999517,941.542088317871,901.2356826782227,1,1,1,2024-08-01,108.98993375142416,110.34000091552736,219.32993466695154,0.16174840007862393,0
34,127.07000160217285,1070.529343922933,1078.700008392334,2149.229352315267,0.8333333333333334,1,0,1.0,0.8333333333333334,1.0,0,0,1,1,0,0,6,0,0.0629964674139658,0.18727386483095812,1003.0897769927979,876.6876888275146,1,1,1,2024-08-01,107.05293439229331,107.8700008392334,214.9229352315267,0.14885777054313892,1
35,145.17000083923335,951.700008392334,951.700008392334,1903.400016784668,1.0,0,1,1.0,1.0,1.0,1,1,1,1,1,0,6,0,0.0,0.13738279430937275,1023.4539974212646,820.9528018951416,1,1,1,2024-08-01,95.17000083923341,95.17000083923341,190.34000167846682,0.11322937273953121,0
36,258.9282744085001,944.1000061035156,944.1000061035156,1888.2000122070312,0.8333333333333334,1,0,1.0,0.8333333333333334,1.0,0,0,1,1,0,0,6,0,0.0,0.35151034844627616,1070.6815703069376,612.2390839899374,1,1,1,2024-08-01,94.41000061035157,94.41000061035157,188.82000122070315,0.09930492594601936,1
37,131.58000068664546,1040.800006866455,1040.800006866455,2081.60001373291,0.8333333333333334,1,0,0.0,1.0,1.0,0,0,1,0,1,1,5,0,0.11897454744058175,0.3327659827613582,916.9712970733642,694.4571697235108,1,1,1,2024-08-01,104.08000068664552,104.08000068664552,208.16000137329104,0.08403151803920712,0
38,101.07000083923333,1010.700008392334,1010.700008392334,2021.400016784668,1.0,0,1,1.0,1.0,1.0,1,1,1,1,1,1,5,0,0.16086076138828007,0.30529111150294336,848.1180355072021,702.1422794342042,1,1,1,2024-08-01,101.0700008392334,101.0700008392334,202.1400016784668,0.18646056358614477,0
39,158.12000236511233,922.200008392334,922.200008392334,1844.400016784668,1.0,0,1,1.0,1.0,1.0,1,1,1,1,1,0,6,0,0.0,0.34399201008314406,930.9225536346436,604.9705738067627,1,1,1,2024-08-01,92.2200008392334,92.2200008392334,184.4400016784668,0.17623564928543983,0
40,89.14000091552737,891.4000091552734,891.4000091552734,1782.8000183105469,1.0,0,1,1.0,1.0,1.0,1,1,1,1,1,0,6,0,0.061644546871913154,0.2968966286892175,836.4500595092774,626.7463516235351,1,1,1,2024-08-01,89.14000091552735,89.14000091552735,178.2800018310547,0.0009985006365503053,0
41,86.45000038146975,855.7133344014485,864.5000038146973,1720.2133382161458,0.8333333333333334,1,0,0.6666666666666666,1.0,1.0,0,0,1,0,1,3,3,0,0.1781762602777061,0.43346093705229294,703.2455326080322,489.77302207946775,1,1,1,2024-08-01,85.57133344014485,86.45000038146974,172.02133382161458,0.09857720671555134,0
42,118.69209325926556,787.0000038146973,787.0000038146973,1574.0000076293945,0.8333333333333334,1,0,0.8333333333333334,1.0,1.0,0,0,1,0,1,6,0,0,0.07654854037998374,0.4372067901444108,726.7563022436406,442.91825830323444,1,1,1,2024-08-01,78.70000038146974,78.70000038146974,157.40000076293947,0.12767972911428555,0
43,108.8240005673623,732.0000038146973,732.0000038146973,1464.0000076293945,1.0,0,1,1.0,1.0,1.0,1,1,1,1,1,6,0,0,0.04131935283238783,0.3725411223958203,701.7542373837686,459.2999007998252,1,1,1,2024-08-01,73.20000038146974,73.20000038146974,146.40000076293947,0.1124992505137789,0
44,129.82500085830685,577.0000038146973,577.0000038146973,1154.0000076293945,0.3333333333333333,4,0,0.2,1.0,1.0,0,0,1,0,1,5,1,0,0.0,0.24540172146906775,716.2250252723693,435.4032095909119,1,1,1,2024-08-01,57.70000038146973,57.70000038146973,115.40000076293946,0.21807303033799183,0
45,84.53036125763714,511.00000381469727,511.00000381469727,1022.0000076293945,1.0,0,1,1.0,1.0,1.0,1,1,1,1,1,0,6,0,0.0,0.0892653488208202,651.922145925606,465.38541022673786,1,1,1,2024-08-01,51.10000038146973,51.10000038146973,102.20000076293945,0.09535696842531041,0
46,77.45000114440916,472.50000381469727,472.50000381469727,945.0000076293945,1.0,0,1,1.0,1.0,1.0,1,1,1,1,1,0,6,0,0.0,0.15396552471208902,597.9639781951904,399.75129280090334,1,1,1,2024-08-01,47.25000038146973,47.25000038146973,94.50000076293946,0.21542685561869906,0
47,48.410000610351574,484.1000061035156,484.1000061035156,968.2000122070312,0.6666666666666666,2,0,1.0,0.6666666666666666,1.0,0,0,1,1,0,0,6,0,0.0,0.22788314989060388,548.0067413330078,373.7817718505859,1,1,1,2024-08-01,48.41000061035157,48.41000061035157,96.82000122070313,0.21542686879502976,0
0,0.0,0.0,0.0,0.0,1.0,0,1,1.0,1.0,0.0,1,1,0,1,1,0,0,6,0.0,0.0,570.2999877929688,595.2898559570312,0,1,2,2024-08-01,0.0,0.0,0.0,0.0,0
1,0.0,0.0,0.0,0.0,1.0,0,1,1.0,1.0,0.0,1,1,0,1,1,0,0,6,0.0,0.0,610.0383911132812,630.1156005859375,0,1,2,2024-08-01,0.0,0.0,0.0,0.0,0
2,0.0,0.0,0.0,0.0,1.0,0,1,1.0,1.0,0.0,1,1,0,1,1,0,0,6,0.0,0.0,590.4735717773438,632.2523193359375,0,1,2,2024-08-01,0.0,0.0,0.0,0.0,0
3,0.0,0.0,0.0,0.0,1.0,0,1,1.0,1.0,0.0,1,1,0,1,1,0,0,6,0.0,0.0,578.0897827148438,616.4100952148438,0,1,2,2024-08-01,0.0,0.0,0.0,0.0,0
4,0.0,0.0,0.0,0.0,1.0,0,1,1.0,1.0,0.0,1,1,0,1,1,0,0,6,0.0,0.0,511.529296875,541.5464477539062,0,1,2,2024-08-01,0.0,0.0,0.0,0.0,0
5,0.0,0.0,0.0,0.0,1.0,0,1,1.0,1.0,0.0,1,1,0,1,1,0,0,6,0.0,0.0,485.7834167480469,502.07049560546875,0,1,2,2024-08-01,0.0,0.0,0.0,0.0,0
6,0.0,0.0,0.0,0.0,1.0,0,1,1.0,1.0,0.0,1,1,0,1,1,0,0,6,0.0,0.0,485.55169677734375,482.8558654785156,0,1,2,2024-08-01,0.0,0.0,0.0,0.0,0
7,0.0,0.0,0.0,0.0,1.0,0,1,1.0,1.0,0.0,1,1,0,1,1,0,0,6,0.0,0.0,464.9066162109375,452.11419677734375,0,1,2,2024-08-01,0.0,0.0,0.0,0.0,0
8,0.0,0.0,0.0,0.0,1.0,0,1,1.0,1.0,0.0,1,1,0,1,1,0,0,6,0.0,0.0,415.72119140625,392.46710205078125,0,1,2,2024-08-01,0.0,0.0,0.0,0.0,0
9,0.0,0.0,0.0,0.0,1.0,0,1,1.0,1.0,0.0,1,1,0,1,1,0,0,6,0.0,0.0,369.80889892578125,377.78045654296875,0,1,2,2024-08-01,0.0,0.0,0.0,0.0,0
10,0.0,0.0,0.0,0.0,1.0,0,1,1.0,1.0,0.0,1,1,0,1,1,0,0,6,0.0,0.0,345.37646484375,336.29998779296875,0,1,2,2024-08-01,0.0,0.0,0.0,0.0,0
11,0.0,0.0,0.0,0.0,1.0,0,1,1.0,1.0,0.0,1,1,0,1,1,0,0,6,0.0,0.0,356.58209228515625,336.29998779296875,0,1,2,2024-08-01,0.0,0.0,0.0,0.0,0
12,0.0,0.0,0.0,0.0,1.0,0,1,1.0,1.0,0.0,1,1,0,1,1,0,0,6,0.0,0.0,410.5,383.0,0,1,2,2024-08-01,0.0,0.0,0.0,0.0,0
13,0.0,0.0,0.0,0.0,1.0,0,1,1.0,1.0,0.0,1,1,0,1,1,0,0,6,0.0,0.0,421.5,394.0,0,1,2,2024-08-01,0.0,0.0,0.0,0.0,0
14,0.0,0.0,0.0,0.0,1.0,0,1,1.0,1.0,0.0,1,1,0,1,1,0,0,6,0.0,0.0,469.0,484.1228332519531,0,1,2,2024-08-01,0.0,0.0,0.0,0.0,0
15,0.0,0.0,0.0,0.0,1.0,0,1,1.0,1.0,0.0,1,1,0,1,1,0,0,6,0.0,0.0,501.4163818359375,500.75848388671875,0,1,2,2024-08-01,0.0,0.0,0.0,0.0,0
16,0.0,0.0,0.0,0.0,1.0,0,1,1.0,1.0,0.0,1,1,0,1,1,0,0,6,0.0,0.0,577.2000122070312,551.6697387695312,0,1,2,2024-08-01,0.0,0.0,0.0,0.0,0
17,0.0,0.0,0.0,0.0,1.0,0,1,1.0,1.0,0.0,1,1,0,1,1,0,0,6,0.0,0.0,588.4313354492188,563.8214111328125,0,1,2,2024-08-01,0.0,0.0,0.0,0.0,0
18,-61.56857641737918,284.00000381469727,303.2000045776367,587.200008392334,0.16666666666666666,5,0,1.0,0.0,1.0,0,0,1,1,0,1,5,0,0.0,0.0,520.0314602037146,683.7819553236292,1,1,2,2024-08-01,28.400000381469727,30.320000457763673,58.7200008392334,0.15953192388719953,0
19,-37.406810565043145,408.2000045776367,408.2000045776367,816.4000091552734,0.5,3,0,0.0,0.6,1.0,0,0,1,0,0,1,5,0,0.0,0.0,640.0561410951132,782.0986440611368,1,1,2,2024-08-01,40.820000457763676,40.820000457763676,81.64000091552735,0.09987914393373046,0
20,-53.51000061035154,535.1000061035156,535.1000061035156,1070.2000122070312,1.0,0,1,1.0,1.0,1.0,1,1,1,1,1,1,5,0,0.0,0.0,548.3053680419922,742.1027130126953,1,1,2,2024-08-01,53.51000061035157,53.51000061035157,107.02000122070314,0.2632301427436745,0
21,-73.65500061035152,586.0500061035157,601.1000061035156,1187.1500122070313,1.0,0,1,1.0,1.0,1.0,1,1,1,1,1,4,2,0,0.05478560871744283,0.0,553.9428997802735,784.3400592041015,1,1,2,2024-08-01,58.60500061035157,60.11000061035156,118.71500122070313,0.1825808880462703,0
22,-144.36359073626033,563.4500076293946,578.5000076293945,1141.950015258789,1.0,0,1,1.0,1.0,1.0,1,1,1,1,1,0,6,0,0.01044774059506385,0.0,557.5632281113959,1039.6636395643854,1,1,2,2024-08-01,56.34500076293946,57.85000076293946,114.19500152587892,0.016949659665136407,0
23,-82.8700008392334,608.700008392334,608.700008392334,1217.400016784668,1.0,0,1,1.0,1.0,1.0,1,1,1,1,1,4,2,0,0.0,0.0,636.5786075592041,1090.770025253296,1,1,2,2024-08-01,60.8700008392334,60.8700008392334,121.7400016784668,0.0239640551310858,0
24,-65.82000083923333,658.200008392334,658.200008392334,1316.400016784668,1.0,0,1,1.0,1.0,1.0,1,1,1,1,1,0,6,0,0.0,0.0,682.2139957427979,1118.4868709564207,1,1,2,2024-08-01,65.8200008392334,65.8200008392334,131.6400016784668,8.693475363747247e-10,0
25,-73.57000083923333,735.700008392334,735.700008392334,1471.400016784668,1.0,0,1,1.0,1.0,1.0,1,1,1,1,1,0,6,0,0.06918267527230963,0.0,684.8023136138917,1156.7850887298582,1,1,2,2024-08-01,73.5700008392334,73.5700008392334,147.1400016784668,7.777688585162466e-10,0
26,-172.25937974309394,835.700008392334,835.700008392334,1671.400016784668,1.0,0,1,1.0,1.0,1.0,1,1,1,1,1,6,0,0,0.41663031175476667,0.0,487.5220533623748,1298.0915330634064,1,1,2,2024-08-01,83.5700008392334,83.5700008392334,167.1400016784668,2.63981060701559e-09,0
27,-15.97193657919371,816.5000076293945,816.5000076293945,1633.000015258789,1.0,0,1,1.0,1.0,1.0,1,1,1,1,1,0,0,6,0.20204582582755004,0.0,651.5295892997126,1183.2208379463812,1,1,2,2024-08-01,81.65000076293946,81.65000076293946,163.3000015258789,2.1635186329855391e-10,0
28,-47.97552147615833,1048.3000106811523,1048.3000106811523,2096.6000213623047,1.0,0,1,1.0,1.0,1.0,1,1,1,1,1,0,0,6,0.4187604571733081,0.0,609.3134189535292,1253.9839443277208,1,1,2,2024-08-01,104.83000106811524,104.83000106811524,209.66000213623047,1.8530565638782e-10,0
29,6.1417241408300285,1048.3000106811523,1048.3000106811523,2096.6000213623047,1.0,0,1,1.0,1.0,1.0,1,1,1,1,1,0,0,6,0.4064701117392475,0.0,622.19738820333,1190.05261179667,1,1,2,2024-08-01,104.83000106811524,104.83000106811524,209.66000213623047,1.4871873494234966e-11,0
30,57.4442363523806,1064.4333432515461,1067.600009918213,2132.033353169759,1.0,0,1,1.0,1.0,1.0,1,1,1,1,1,0,0,6,0.40548233635038133,0.03497349471240999,632.8244243406618,1030.2623066163694,1,1,2,2024-08-01,106.44333432515462,106.7600009918213,213.20333531697588,1.8901697466833889e-10,0
31,130.36000175476067,1111.600009918213,1111.600009918213,2223.200019836426,1.0,0,1,1.0,1.0,1.0,1,1,1,1,1,6,0,0,0.4045654729550407,0.21299028189408004,661.8850261688232,874.8400104522706,1,1,2,2024-08-01,111.16000099182129,111.16000099182129,222.32000198364258,5.147576022240223e-10,0
32,122.99000091552728,1119.9000091552734,1119.9000091552734,2239.800018310547,0.6666666666666666,2,0,1.0,0.6666666666666666,1.0,0,0,1,1,0,0,6,0,0.3298309827863176,0.15100780560834268,750.5222885131835,950.7863662719727,1,1,2,2024-08-01,111.99000091552735,111.99000091552735,223.9800018310547,0.2738392437330544,1
33,110.3400009155273,1089.8993375142416,1103.4000091552734,2193.299346669515,1.0,0,1,1.0,1.0,1.0,1,1,1,1,1,0,6,0,0.08820496407537093,0.1518010992385084,993.7648056030273,935.9026748657227,1,1,2,2024-08-01,108.98993375142416,110.34000091552736,219.32993466695154,0.16174840007862393,0
34,127.07000160217285,1070.529343922933,1078.700008392334,2149.229352315267,0.8333333333333334,1,0,1.0,0.8333333333333334,1.0,0,0,1,1,0,0,6,0,0.019611552761786458,0.11382266347097805,1049.5346012115479,955.9195003509521,1,1,2,2024-08-01,107.05293439229331,107.8700008392334,214.9229352315267,0.14885777054313892,0
35,145.17000083923335,951.700008392334,951.700008392334,1903.400016784668,1.0,0,1,1.0,1.0,1.0,1,1,1,1,1,0,6,0,0.03683476096416519,0.19520143515347188,916.6443660736084,765.9268009185791,1,1,2,2024-08-01,95.17000083923341,95.17000083923341,190.34000167846682,0.11322937273953121,0
36,258.9282744085001,944.1000061035156,944.1000061035156,1888.2000122070312,0.8333333333333334,1,0,1.0,0.8333333333333334,1.0,0,0,1,1,0,0,6,0,0.0,0.3411509867533713,968.6131498967814,622.0193574274374,1,1,2,2024-08-01,94.41000061035157,94.41000061035157,188.82000122070315,0.09930492594601936,1
37,131.58000068664546,1040.800006866455,1040.800006866455,2081.60001373291,0.8333333333333334,1,0,0.0,1.0,1.0,0,0,1,0,1,1,5,0,0.2489685218829239,0.34213236928320306,781.6735675811767,684.7086345672608,1,1,2,2024-08-01,104.08000068664552,104.08000068664552,208.16000137329104,0.08403151803920712,0
38,101.07000083923333,1010.700008392334,1010.700008392334,2021.400016784668,1.0,0,1,1.0,1.0,1.0,1,1,1,1,1,1,5,0,0.2291755687434466,0.2499639838155534,779.0722591400146,758.0614078521729,1,1,2,2024-08-01,101.0700008392334,101.0700008392334,202.1400016784668,0.18646056358614477,0
39,158.12000236511233,922.200008392334,922.200008392334,1844.400016784668,1.0,0,1,1.0,1.0,1.0,1,1,1,1,1,0,6,0,0.1203391830059383,0.4161377879063831,811.2232128143311,538.4377368927002,1,1,2,2024-08-01,92.2200008392334,92.2200008392334,184.4400016784668,0.17623564928543983,0
40,89.14000091552737,891.4000091552734,891.4000091552734,1782.8000183105469,1.0,0,1,1.0,1.0,1.0,1,1,1,1,1,0,6,0,0.22179431785912856,0.35769192998191285,693.6925521850586,572.5534194946289,1,1,2,2024-08-01,89.14000091552735,89.14000091552735,178.2800018310547,0.0009985006365503053,0
41,86.45000038146975,855.7133344014485,864.5000038146973,1720.2133382161458,1.0,0,1,1.0,1.0,1.0,1,1,1,1,1,3,3,0,0.3149699839150552,0.39871403577234665,586.189319229126,519.8117183685303,1,1,2,2024-08-01,85.57133344014485,86.45000038146974,172.02133382161458,0.09857720671555134,0
42,118.69209325926556,787.0000038146973,787.0000038146973,1574.0000076293945,0.8333333333333334,1,0,0.8333333333333334,1.0,1.0,0,0,1,0,1,6,0,0,0.3397084788230819,0.4257469936773643,519.6494296850468,451.9371181665157,1,1,2,2024-08-01,78.70000038146974,78.70000038146974,157.40000076293947,0.12767972911428555,1
43,108.8240005673623,732.0000038146973,732.0000038146973,1464.0000076293945,0.3333333333333333,4,0,0.3333333333333333,1.0,1.0,0,0,1,0,1,6,0,0,0.31932410712291776,0.3572334719355492,498.2547561825967,470.5051009951377,1,1,2,2024-08-01,73.20000038146974,73.20000038146974,146.40000076293947,0.1124992505137789,0
44,129.82500085830685,577.0000038146973,577.0000038146973,1154.0000076293945,0.16666666666666666,5,0,0.0,1.0,1.0,0,0,1,0,1,5,1,0,0.0,0.17266029775966396,587.9770394325255,477.3750113487244,1,1,2,2024-08-01,57.70000038146973,57.70000038146973,115.40000076293946,0.21807303033799183,1
45,84.53036125763714,511.00000381469727,511.00000381469727,1022.0000076293945,0.8333333333333334,1,0,1.0,0.8333333333333334,1.0,0,0,1,1,0,0,6,0,0.1181260339274243,0.15626988618296153,450.6376000271684,431.1460913790816,1,1,2,2024-08-01,51.10000038146973,51.10000038146973,102.20000076293945,0.09535696842531041,0
46,77.45000114440916,472.50000381469727,472.50000381469727,945.0000076293945,0.5,3,0,1.0,0.5,1.0,0,0,1,1,0,0,6,0,0.11833912506637073,0.20612377908596635,416.58476676940916,375.10651741027834,1,1,2,2024-08-01,47.25000038146973,47.25000038146973,94.50000076293946,0.21542685561869906,0
47,48.410000610351574,484.1000061035156,484.1000061035156,968.2000122070312,1.0,0,1,1.0,1.0,1.0,1,1,1,1,1,0,6,0,0.04023498345740514,0.13951972733511953,464.62225036621095,416.5585052490234,1,1,2,2024-08-01,48.41000061035157,48.41000061035157,96.82000122070313,0.21542686879502976,0
0,0.0,0.0,0.0,0.0,1.0,0,1,1.0,1.0,0.0,1,1,0,1,1,0,0,6,0.0,0.0,273.9000244140625,306.1000061035156,0,2,0,2024-08-01,0.0,0.0,0.0,0.0,0
1,0.0,0.0,0.0,0.0,1.0,0,1,1.0,1.0,0.0,1,1,0,1,1,0,0,6,0.0,0.0,302.595458984375,306.1000061035156,0,2,0,2024-08-01,0.0,0.0,0.0,0.0,0
2,0.0,0.0,0.0,0.0,1.0,0,1,1.0,1.0,0.0,1,1,0,1,1,0,0,6,0.0,0.0,306.1000061035156,306.1000061035156,0,2,0,2024-08-01,0.0,0.0,0.0,0.0,0
3,0.0,0.0,0.0,0.0,1.0,0,1,1.0,1.0,0.0,1,1,0,1,1,0,0,6,0.0,0.0,306.1000061035156,306.1000061035156,0,2,0,2024-08-01,0.0,0.0,0.0,0.0,0
4,0.0,0.0,0.0,0.0,1.0,0,1,1.0,1.0,0.0,1,1,0,1,1,0,0,6,0.0,0.0,325.29998779296875,325.29998779296875,0,2,0,2024-08-01,0.0,0.0,0.0,0.0,0
5,0.0,0.0,0.0,0.0,1.0,0,1,1.0,1.0,0.0,1,1,0,1,1,0,0,6,0.0,0.0,325.29998779296875,297.7156677246094,0,2,0,2024-08-01,0.0,0.0,0.0,0.0,0
6,0.0,0.0,0.0,0.0,1.0,0,1,1.0,1.0,0.0,1,1,0,1,1,0,0,6,0.0,0.0,325.29998779296875,269.2807922363281,0,2,0,2024-08-01,0.0,0.0,0.0,0.0,0
7,0.0,0.0,0.0,0.0,1.0,0,1,1.0,1.0,0.0,1,1,0,1,1,0,0,6,0.0,0.0,325.29998779296875,247.31361389160156,0,2,0,2024-08-01,0.0,0.0,0.0,0.0,0
8,0.0,0.0,0.0,0.0,1.0,0,1,1.0,1.0,0.0,1,1,0,1,1,0,0,6,0.0,0.0,325.29998779296875,231.89138793945312,0,2,0,2024-08-01,0.0,0.0,0.0,0.0,0
9,0.0,0.0,0.0,0.0,1.0,0,1,1.0,1.0,0.0,1,1,0,1,1,0,0,6,0.0,0.0,325.29998779296875,228.60000610351562,0,2,0,2024-08-01,0.0,0.0,0.0,0.0,0
10,0.0,0.0,0.0,0.0,1.0,0,1,1.0,1.0,0.0,1,1,0,1,1,0,0,6,0.0,0.0,325.29998779296875,228.60000610351562,0,2,0,2024-08-01,0.0,0.0,0.0,0.0,0
11,0.0,0.0,0.0,0.0,1.0,0,1,1.0,1.0,0.0,1,1,0,1,1,0,0,6,0.0,0.0,247.8000030517578,221.26844787597656,0,2,0,2024-08-01,0.0,0.0,0.0,0.0,0
12,0.0,0.0,0.0,0.0,1.0,0,1,1.0,1.0,0.0,1,1,0,1,1,0,0,6,0.0,0.0,325.29998779296875,281.13671875,0,2,0,2024-08-01,0.0,0.0,0.0,0.0,0
13,0.0,0.0,0.0,0.0,1.0,0,1,1.0,1.0,0.0,1,1,0,1,1,0,0,6,0.0,0.0,380.3000183105469,327.244384765625,0,2,0,2024-08-01,0.0,0.0,0.0,0.0,0
14,0.0,0.0,0.0,0.0,1.0,0,1,1.0,1.0,0.0,1,1,0,1,1,0,0,6,0.0,0.0,442.9058837890625,361.2191467285156,0,2,0,2024-08-01,0.0,0.0,0.0,0.0,0
15,0.0,0.0,0.0,0.0,1.0,0,1,1.0,1.0,0.0,1,1,0,1,1,0,0,6,0.0,0.0,466.0954895019531,375.24432373046875,0,2,0,2024-08-01,0.0,0.0,0.0,0.0,0
16,0.0,0.0,0.0,0.0,1.0,0,1,1.0,1.0,0.0,1,1,0,1,1,0,0,6,0.0,0.0,544.5612182617188,436.3213806152344,0,2,0,2024-08-01,0.0,0.0,0.0,0.0,0
17,0.0,0.0,0.0,0.0,1.0,0,1,1.0,1.0,0.0,1,1,0,1,1,0,0,6,0.0,0.0,669.4684448242188,554.2489013671875,0,2,0,2024-08-01,0.0,0.0,0.0,0.0,0
18,-61.56857641737918,284.00000381469727,303.2000045776367,587.200008392334,1.0,0,1,1.0,1.0,1.0,1,1,1,1,1,6,0,0,0.0,0.0,611.4427761216833,687.1781955580042,1,2,0,2024-08-01,28.400000381469727,30.320000457763673,58.7200008392334,0.00010090738347975704,0
19,-37.406810565043145,408.2000045776367,408.2000045776367,816.4000091552734,1.0,0,1,1.0,1.0,1.0,1,1,1,1,1,6,0,0,0.0,0.0,564.3494760560507,744.9002187681681,1,2,0,2024-08-01,40.820000457763676,40.820000457763676,81.64000091552735,6.735708903474897e-05,0
20,-53.51000061035154,535.1000061035156,535.1000061035156,1070.2000122070312,1.0,0,1,1.0,1.0,1.0,1,1,1,1,1,6,0,0,0.01565496989675633,0.0,526.723031616211,761.007925415039,1,2,0,2024-08-01,53.51000061035157,53.51000061035157,107.02000122070314,6.680140083155252e-05,0
21,-73.65500061035152,586.0500061035157,601.1000061035156,1187.1500122070313,1.0,0,1,1.0,1.0,1.0,1,1,1,1,1,6,0,0,0.11957691811112976,0.0,515.9719525146485,819.4494342041015,1,2,0,2024-08-01,58.60500061035157,60.11000061035156,118.71500122070313,6.017437047059123e-05,0
22,-144.36359073626033,563.4500076293946,578.5000076293945,1141.950015258789,1.0,0,1,1.0,1.0,1.0,1,1,1,1,1,6,0,0,0.34691539534646015,0.0,367.98052547467717,893.8705487440728,1,2,0,2024-08-01,56.34500076293946,57.85000076293946,114.19500152587892,4.798156087720357e-05,0
23,-82.8700008392334,608.700008392334,608.700008392334,1217.400016784668,1.0,0,1,1.0,1.0,1.0,1,1,1,1,1,6,0,0,0.3596237111727104,0.0,389.79705238342285,826.1822566986084,1,2,0,2024-08-01,60.8700008392334,60.8700008392334,121.7400016784668,4.546103412971639e-05,0
24,-65.82000083923333,658.200008392334,658.200008392334,1316.400016784668,1.0,0,1,1.0,1.0,1.0,1,1,1,1,1,6,0,0,0.27875640441848104,0.0,474.7225406646729,958.3300106048583,1,2,0,2024-08-01,65.8200008392334,65.8200008392334,131.6400016784668,3.233596310790755e-05,0
25,-73.57000083923333,735.700008392334,735.700008392334,1471.400016784668,0.3333333333333333,4,0,0.3333333333333333,1.0,1.0,0,0,1,0,1,6,0,0,0.08102276538399274,0.0,676.0915592193604,1234.1554500579832,1,2,0,2024-08-01,73.5700008392334,73.5700008392334,147.1400016784668,2.6790768441065055e-05,0
26,-172.25937974309394,835.700008392334,835.700008392334,1671.400016784668,0.0,6,0,0.0,1.0,1.0,0,0,1,0,1,6,0,0,0.4249605843607357,0.0,480.560444475656,1298.2337449774689,1,2,0,2024-08-01,83.5700008392334,83.5700008392334,167.1400016784668,2.0779509755567363e-05,0
27,-15.97193657919371,816.5000076293945,816.5000076293945,1633.000015258789,0.0,6,0,0.0,1.0,1.0,0,0,1,0,1,6,0,0,0.3162352390144272,0.0,558.2939325614313,1092.5924199776312,1,2,0,2024-08-01,81.65000076293946,81.65000076293946,163.3000015258789,1.3248537037941758e-05,0
28,-47.97552147615833,1048.3000106811523,1048.3000106811523,2096.6000213623047,0.0,6,0,0.0,1.0,1.0,0,0,1,0,1,6,0,0,0.5009618804793098,0.0,523.1416660238417,1124.4552578042833,1,2,0,2024-08-01,104.83000106811524,104.83000106811524,209.66000213623047,2.2899642651971747e-05,0
29,6.1417241408300285,1048.3000106811523,1048.3000106811523,2096.6000213623047,0.0,6,0,0.0,1.0,1.0,0,0,1,0,1,6,0,0,0.4100800532819874,0.0,618.4130864455175,1146.383422343545,1,2,0,2024-08-01,104.83000106811524,104.83000106811524,209.66000213623047,1.4864047389003297e-05,0
30,57.4442363523806,1064.4333432515461,1067.600009918213,2132.033353169759,1.0,0,1,1.0,1.0,1.0,1,1,1,1,1,0,6,0,0.33778635352067365,0.0,704.8822856687868,1078.2334980226194,1,2,0,2024-08-01,106.44333432515462,106.7600009918213,213.20333531697588,0.16622814953368176,0
31,130.36000175476067,1111.600009918213,1111.600009918213,2223.200019836426,1.0,0,1,1.0,1.0,1.0,1,1,1,1,1,0,6,0,0.11844879482592263,0.08813577685212681,979.9323284149169,1013.6282794952393,1,2,0,2024-08-01,111.16000099182129,111.16000099182129,222.32000198364258,0.0872114032922336,0
32,122.99000091552728,1119.9000091552734,1119.9000091552734,2239.800018310547,1.0,0,1,1.0,1.0,1.0,1,1,1,1,1,0,6,0,0.17217138207390287,0.129873585859137,927.0852767944335,974.4545791625977,1,2,0,2024-08-01,111.99000091552735,111.99000091552735,223.9800018310547,0.005057328642090305,0
33,110.3400009155273,1089.8993375142416,1103.4000091552734,2193.299346669515,1.0,0,1,1.0,1.0,1.0,1,1,1,1,1,0,6,0,0.2497226555200118,0.16579670273253044,817.7267807006835,920.4599258422852,1,2,0,2024-08-01,108.98993375142416,110.34000091552736,219.32993466695154,0.004965121903330383,0
34,127.07000160217285,1070.529343922933,1078.700008392334,2149.229352315267,0.3333333333333333,4,0,0.2,1.0,1.0,0,0,1,0,1,5,1,0,0.22654579147484996,0.16220458132513146,828.0054264068604,903.7299251556396,1,2,0,2024-08-01,107.05293439229331,107.8700008392334,214.9229352315267,0.0011527001478547141,0
35,145.17000083923335,951.700008392334,951.700008392334,1903.400016784668,0.0,6,0,0.0,1.0,1.0,0,0,1,0,1,6,0,0,0.13277090512103248,0.11687993303993843,825.3419368743896,840.4653751373291,1,2,0,2024-08-01,95.17000083923341,95.17000083923341,190.34000167846682,0.0004967591300454391,0
36,258.9282744085001,944.1000061035156,944.1000061035156,1888.2000122070312,1.0,0,1,1.0,1.0,1.0,1,1,1,1,1,6,0,0,0.039806523022613644,0.3281105648459978,906.5186674749064,634.3308198297811,1,2,0,2024-08-01,94.41000061035157,94.41000061035157,188.82000122070315,0.0005578085248590361,0
37,131.58000068664546,1040.800006866455,1040.800006866455,2081.60001373291,1.0,0,1,1.0,1.0,1.0,1,1,1,1,1,6,0,0,0.3185143523054034,0.2942218830744936,709.2902667999267,734.5738689422608,1,2,0,2024-08-01,104.08000068664552,104.08000068664552,208.16000137329104,0.0005780670685960181,0
38,101.07000083923333,1010.700008392334,1010.700008392334,2021.400016784668,1.0,0,1,1.0,1.0,1.0,1,1,1,1,1,6,0,0,0.26476866035279867,0.22018248738588092,743.0983211517333,788.1615665435792,1,2,0,2024-08-01,101.0700008392334,101.0700008392334,202.1400016784668,0.0005638356141695989,0
39,158.12000236511233,922.200008392334,922.200008392334,1844.400016784668,0.8333333333333334,1,0,0.8333333333333334,1.0,1.0,0,0,1,0,1,6,0,0,0.09578077278344982,0.17971630549228834,833.8709789276123,756.4656299591064,1,2,0,2024-08-01,92.2200008392334,92.2200008392334,184.4400016784668,0.07708640894676416,0
40,89.14000091552737,891.4000091552734,891.4000091552734,1782.8000183105469,0.0,6,0,0.0,1.0,1.0,0,0,1,0,1,6,0,0,0.3597438348219154,0.001200813964123316,570.7243515014649,890.3296035766601,1,2,0,2024-08-01,89.14000091552735,89.14000091552735,178.2800018310547,0.4596280823978938,1
41,86.45000038146975,855.7133344014485,864.5000038146973,1720.2133382161458,0.0,6,0,0.0,1.0,1.0,0,0,1,0,1,6,0,0,0.37535957456536556,0.0,534.5131412506104,895.8162349700928,1,2,0,2024-08-01,85.57133344014485,86.45000038146974,172.02133382161458,0.4133766381471902,1
42,118.69209325926556,787.0000038146973,787.0000038146973,1574.0000076293945,0.0,6,0,0.0,1.0,1.0,0,0,1,0,1,6,0,0,0.4408227926049253,0.0,440.07246435301556,809.5079189477657,1,2,0,2024-08-01,78.70000038146974,78.70000038146974,157.40000076293947,0.10721027292093174,1
43,108.8240005673623,732.0000038146973,732.0000038146973,1464.0000076293945,0.6666666666666666,2,0,0.6666666666666666,1.0,1.0,0,0,1,0,1,6,0,0,0.45404616465971487,0.0,399.6382095517373,769.376011639669,1,2,0,2024-08-01,73.20000038146974,73.20000038146974,146.40000076293947,0.0004615127162401755,0
44,129.82500085830685,577.0000038146973,577.0000038146973,1154.0000076293945,0.5,3,0,0.5,1.0,1.0,0,0,1,0,1,6,0,0,0.38789756144916954,0.0,353.18310937881466,635.6749991416932,1,2,0,2024-08-01,57.70000038146973,57.70000038146973,115.40000076293946,0.052055977328992024,0
45,84.53036125763714,511.00000381469727,511.00000381469727,1022.0000076293945,0.0,6,0,0.0,1.0,1.0,0,0,1,0,1,6,0,0,0.38366551106083385,0.0,314.9469261990434,680.9696387423628,1,2,0,2024-08-01,51.10000038146973,51.10000038146973,102.20000076293945,0.0713683625864574,0
46,77.45000114440916,472.50000381469727,472.50000381469727,945.0000076293945,1.0,0,1,1.0,1.0,1.0,1,1,1,1,1,6,0,0,0.34937960145835595,0.0,307.41814079284666,652.3499866485596,1,2,0,2024-08-01,47.25000038146973,47.25000038146973,94.50000076293946,0.012851546770786374,0
47,48.410000610351574,484.1000061035156,484.1000061035156,968.2000122070312,0.3333333333333333,4,0,0.3333333333333333,1.0,1.0,0,0,1,0,1,6,0,0,0.36458287274863516,0.0,307.6054351806641,689.689974975586,1,2,0,2024-08-01,48.41000061035157,48.41000061035157,96.82000122070313,0.00047258406554612876,0
0,0.0,0.0,0.0,0.0,1.0,0,1,1.0,1.0,0.0,1,1,0,1,1,0,0,6,0.0,0.0,286.5999755859375,336.845703125,0,2,1,2024-08-01,0.0,0.0,0.0,0.0,0
1,0.0,0.0,0.0,0.0,1.0,0,1,1.0,1.0,0.0,1,1,0,1,1,0,0,6,0.0,0.0,325.4653015136719,344.09356689453125,0,2,1,2024-08-01,0.0,0.0,0.0,0.0,0
2,0.0,0.0,0.0,0.0,1.0,0,1,1.0,1.0,0.0,1,1,0,1,1,0,0,6,0.0,0.0,331.3128356933594,333.32904052734375,0,2,1,2024-08-01,0.0,0.0,0.0,0.0,0
3,0.0,0.0,0.0,0.0,1.0,0,1,1.0,1.0,0.0,1,1,0,1,1,0,0,6,0.0,0.0,335.3847351074219,309.49957275390625,0,2,1,2024-08-01,0.0,0.0,0.0,0.0,0
4,0.0,0.0,0.0,0.0,1.0,0,1,1.0,1.0,0.0,1,1,0,1,1,0,0,6,0.0,0.0,326.612060546875,257.5528259277344,0,2,1,2024-08-01,0.0,0.0,0.0,0.0,0
5,0.0,0.0,0.0,0.0,1.0,0,1,1.0,1.0,0.0,1,1,0,1,1,0,0,6,0.0,0.0,328.54541015625,231.3989715576172,0,2,1,2024-08-01,0.0,0.0,0.0,0.0,0
6,0.0,0.0,0.0,0.0,1.0,0,1,1.0,1.0,0.0,1,1,0,1,1,0,0,6,0.0,0.0,289.4841613769531,176.3000030517578,0,2,1,2024-08-01,0.0,0.0,0.0,0.0,0
7,0.0,0.0,0.0,0.0,1.0,0,1,1.0,1.0,0.0,1,1,0,1,1,0,0,6,0.0,0.0,257.6197509765625,176.3000030517578,0,2,1,2024-08-01,0.0,0.0,0.0,0.0,0
8,0.0,0.0,0.0,0.0,1.0,0,1,1.0,1.0,0.0,1,1,0,1,1,0,0,6,0.0,0.0,254.76556396484375,172.0908660888672,0,2,1,2024-08-01,0.0,0.0,0.0,0.0,0
9,0.0,0.0,0.0,0.0,1.0,0,1,1.0,1.0,0.0,1,1,0,1,1,0,0,6,0.0,0.0,204.44371032714844,146.59536743164062,0,2,1,2024-08-01,0.0,0.0,0.0,0.0,0
10,0.0,0.0,0.0,0.0,1.0,0,1,1.0,1.0,0.0,1,1,0,1,1,0,0,6,0.0,0.0,186.10389709472656,96.10002136230469,0,2,1,2024-08-01,0.0,0.0,0.0,0.0,0
11,0.0,0.0,0.0,0.0,1.0,0,1,1.0,1.0,0.0,1,1,0,1,1,0,0,6,0.0,0.0,146.4102325439453,96.10000610351562,0,2,1,2024-08-01,0.0,0.0,0.0,0.0,0
12,0.0,0.0,0.0,0.0,1.0,0,1,1.0,1.0,0.0,1,1,0,1,1,0,0,6,0.0,0.0,257.0999755859375,170.19505310058594,0,2,1,2024-08-01,0.0,0.0,0.0,0.0,0
13,0.0,0.0,0.0,0.0,1.0,0,1,1.0,1.0,0.0,1,1,0,1,1,0,0,6,0.0,0.0,357.05206298828125,239.72865295410156,0,2,1,2024-08-01,0.0,0.0,0.0,0.0,0
14,0.0,0.0,0.0,0.0,1.0,0,1,1.0,1.0,0.0,1,1,0,1,1,0,0,6,0.0,0.0,373.0999755859375,238.226806640625,0,2,1,2024-08-01,0.0,0.0,0.0,0.0,0
15,0.0,0.0,0.0,0.0,1.0,0,1,1.0,1.0,0.0,1,1,0,1,1,0,0,6,0.0,0.0,400.5999755859375,239.59999084472656,0,2,1,2024-08-01,0.0,0.0,0.0,0.0,0
16,0.0,0.0,0.0,0.0,1.0,0,1,1.0,1.0,0.0,1,1,0,1,1,0,0,6,0.0,0.0,493.47918701171875,329.0648193359375,0,2,1,2024-08-01,0.0,0.0,0.0,0.0,0
17,0.0,0.0,0.0,0.0,1.0,0,1,1.0,1.0,0.0,1,1,0,1,1,0,0,6,0.0,0.0,556.4523315429688,368.3076171875,0,2,1,2024-08-01,0.0,0.0,0.0,0.0,0
18,-61.56857641737918,284.00000381469727,303.2000045776367,587.200008392334,0.5,3,0,0.5,1.0,1.0,0,0,1,0,1,6,0,0,0.0,0.0,491.4810451646521,412.1496311048792,1,2,1,2024-08-01,28.400000381469727,30.320000457763673,58.7200008392334,0.00010090738347975704,0
19,-37.406810565043145,408.2000045776367,408.2000045776367,816.4000091552734,1.0,0,1,1.0,1.0,1.0,1,1,1,1,1,6,0,0,0.0,0.0,668.1426279115194,606.9719961119181,1,2,1,2024-08-01,40.820000457763676,40.820000457763676,81.64000091552735,6.735708903474897e-05,0
20,-53.51000061035154,535.1000061035156,535.1000061035156,1070.2000122070312,1.0,0,1,1.0,1.0,1.0,1,1,1,1,1,6,0,0,0.0,0.0,722.5598236083985,797.9835723876953,1,2,1,2024-08-01,53.51000061035157,53.51000061035157,107.02000122070314,6.680140083155252e-05,0
21,-73.65500061035152,586.0500061035157,601.1000061035156,1187.1500122070313,1.0,0,1,1.0,1.0,1.0,1,1,1,1,1,6,0,0,0.0,0.0,768.470365600586,931.3918170166015,1,2,1,2024-08-01,58.60500061035157,60.11000061035156,118.71500122070313,6.017437047059123e-05,0
22,-144.36359073626033,563.4500076293946,578.5000076293945,1141.950015258789,1.0,0,1,1.0,1.0,1.0,1,1,1,1,1,6,0,0,0.0,0.0,693.8599200059272,1013.9778485487603,1,2,1,2024-08-01,56.34500076293946,57.85000076293946,114.19500152587892,4.798156087720357e-05,0
23,-82.8700008392334,608.700008392334,608.700008392334,1217.400016784668,1.0,0,1,1.0,1.0,1.0,1,1,1,1,1,6,0,0,0.0,0.0,908.7446231842041,1147.3160457611084,1,2,1,2024-08-01,60.8700008392334,60.8700008392334,121.7400016784668,4.546103412971639e-05,0
24,-65.82000083923333,658.200008392334,658.200008392334,1316.400016784668,1.0,0,1,1.0,1.0,1.0,1,1,1,1,1,6,0,0,0.0,0.0,937.2117374420167,1230.6301815032957,1,2,1,2024-08-01,65.8200008392334,65.8200008392334,131.6400016784668,3.233596310790755e-05,0
25,-73.57000083923333,735.700008392334,735.700008392334,1471.400016784668,0.6666666666666666,2,0,0.6666666666666666,1.0,1.0,0,0,1,0,1,6,0,0,0.0,0.0,890.2751529693604,1241.7241756439207,1,2,1,2024-08-01,73.5700008392334,73.5700008392334,147.1400016784668,2.6790768441065055e-05,0
26,-172.25937974309394,835.700008392334,835.700008392334,1671.400016784668,0.5,3,0,0.5,1.0,1.0,0,0,1,0,1,6,0,0,0.11884010145101517,0.0,736.3853346123748,1344.1993211493439,1,2,1,2024-08-01,83.5700008392334,83.5700008392334,167.1400016784668,2.0779509755567363e-05,0
27,-15.97193657919371,816.5000076293945,816.5000076293945,1633.000015258789,0.16666666666666666,5,0,0.16666666666666666,1.0,1.0,0,0,1,0,1,6,0,0,0.0,0.0,867.2880731864313,1276.6601690010687,1,2,1,2024-08-01,81.65000076293946,81.65000076293946,163.3000015258789,1.3248537037941758e-05,0
28,-47.97552147615833,1048.3000106811523,1048.3000106811523,2096.6000213623047,1.0,0,1,1.0,1.0,1.0,1,1,1,1,1,6,0,0,0.3729276141563557,0.0,657.359988777748,1229.9382900308458,1,2,1,2024-08-01,104.83000106811524,104.83000106811524,209.66000213623047,2.2899642651971747e-05,0
29,6.1417241408300285,1048.3000106811523,1048.3000106811523,2096.6000213623047,1.0,0,1,1.0,1.0,1.0,1,1,1,1,1,6,0,0,0.35611561345067944,0.0,674.98400929708,1131.4726557419824,1,2,1,2024-08-01,104.83000106811524,104.83000106811524,209.66000213623047,1.4864047389003297e-05,0
30,57.4442363523806,1064.4333432515461,1067.600009918213,2132.033353169759,1.0,0,1,1.0,1.0,1.0,1,1,1,1,1,0,6,0,0.2706221466285117,0.01842253963510426,776.3741069578493,1047.932106421057,1,2,1,2024-08-01,106.44333432515462,106.7600009918213,213.20333531697588,0.16622814953368176,0
31,130.36000175476067,1111.600009918213,1111.600009918213,2223.200019836426,1.0,0,1,1.0,1.0,1.0,1,1,1,1,1,0,6,0,0.1927467976215576,0.09525870471200518,897.3426677703857,1005.7104328155518,1,2,1,2024-08-01,111.16000099182129,111.16000099182129,222.32000198364258,0.0872114032922336,0
32,122.99000091552728,1119.9000091552734,1119.9000091552734,2239.800018310547,1.0,0,1,1.0,1.0,1.0,1,1,1,1,1,0,6,0,0.16103043600419098,0.08490944060685682,939.5620223999023,1024.8099258422853,1,2,1,2024-08-01,111.99000091552735,111.99000091552735,223.9800018310547,0.005057328642090305,0
33,110.3400009155273,1089.8993375142416,1103.4000091552734,2193.299346669515,1.0,0,1,1.0,1.0,1.0,1,1,1,1,1,0,6,0,0.16864900170574232,0.07716153142870066,906.0889022827148,1018.2599746704102,1,2,1,2024-08-01,108.98993375142416,110.34000091552736,219.32993466695154,0.004965121903330383,0
34,127.07000160217285,1070.529343922933,1078.700008392334,2149.229352315267,1.0,0,1,1.0,1.0,1.0,1,1,1,1,1,5,1,0,0.15529175117353494,0.07596694768363942,904.2849674224854,996.7544612884521,1,2,1,2024-08-01,107.05293439229331,107.8700008392334,214.9229352315267,0.0011527001478547141,0
35,145.17000083923335,951.700008392334,951.700008392334,1903.400016784668,1.0,0,1,1.0,1.0,1.0,1,1,1,1,1,6,0,0,0.12701396303043322,0.0,830.8208187103271,967.5299503326416,1,2,1,2024-08-01,95.17000083923341,95.17000083923341,190.34000167846682,0.0004967591300454391,0
36,258.9282744085001,944.1000061035156,944.1000061035156,1888.2000122070312,0.16666666666666666,5,0,0.16666666666666666,1.0,1.0,0,0,1,0,1,6,0,0,0.0,0.11979126170055385,960.5808622991251,831.0050752008749,1,2,1,2024-08-01,94.41000061035157,94.41000061035157,188.82000122070315,0.0005578085248590361,0
37,131.58000068664546,1040.800006866455,1040.800006866455,2081.60001373291,0.0,6,0,0.0,1.0,1.0,0,0,1,0,1,6,0,0,0.2393081016644817,0.1717717436469063,791.7281330108642,862.019974899292,1,2,1,2024-08-01,104.08000068664552,104.08000068664552,208.16000137329104,0.0005780670685960181,0
38,101.07000083923333,1010.700008392334,1010.700008392334,2021.400016784668,0.5,3,0,0.5,1.0,1.0,0,0,1,0,1,6,0,0,0.45205443488030833,0.3849510179023435,553.8085872650146,621.6300113677979,1,2,1,2024-08-01,101.0700008392334,101.0700008392334,202.1400016784668,0.0005638356141695989,0
39,158.12000236511233,922.200008392334,922.200008392334,1844.400016784668,0.8333333333333334,1,0,0.8333333333333334,1.0,1.0,0,0,1,0,1,6,0,0,0.31155742154082583,0.42078544756626063,634.8817516326905,534.1516651153564,1,2,1,2024-08-01,92.2200008392334,92.2200008392334,184.4400016784668,0.07708640894676416,1
40,89.14000091552737,891.4000091552734,891.4000091552734,1782.8000183105469,0.0,6,0,0.0,1.0,1.0,0,0,1,0,1,6,0,0,0.5906342686893332,0.403567442879809,364.9086166381836,531.6599868774414,1,2,1,2024-08-01,89.14000091552735,89.14000091552735,178.2800018310547,0.4596280823978938,1
41,86.45000038146975,855.7133344014485,864.5000038146973,1720.2133382161458,0.0,6,0,0.0,1.0,1.0,0,0,1,0,1,6,0,0,0.6386106684273607,0.41139388644749003,309.2456699371338,508.849987411499,1,2,1,2024-08-01,85.57133344014485,86.45000038146974,172.02133382161458,0.4133766381471902,1
42,118.69209325926556,787.0000038146973,787.0000038146973,1574.0000076293945,0.5,3,0,0.5,1.0,1.0,0,0,1,0,1,6,0,0,0.49311235523117597,0.4175555638905921,398.92057836668744,458.3837734399532,1,2,1,2024-08-01,78.70000038146974,78.70000038146974,157.40000076293947,0.10721027292093174,1
43,108.8240005673623,732.0000038146973,732.0000038146973,1464.0000076293945,1.0,0,1,1.0,1.0,1.0,1,1,1,1,1,6,0,0,0.41386877269119826,0.418885233028836,429.04806062595605,425.37601163966895,1,2,1,2024-08-01,73.20000038146974,73.20000038146974,146.40000076293947,0.0004615127162401755,0
44,129.82500085830685,577.0000038146973,577.0000038146973,1154.0000076293945,1.0,0,1,1.0,1.0,1.0,1,1,1,1,1,6,0,0,0.17593666618164264,0.29917676139463445,475.48454675674435,404.3750113487244,1,2,1,2024-08-01,57.70000038146973,57.70000038146973,115.40000076293946,0.052055977328992024,0
45,84.53036125763714,511.00000381469727,511.00000381469727,1022.0000076293945,0.0,6,0,0.0,1.0,1.0,0,0,1,0,1,6,0,0,0.16541609652541153,0.12002025911440743,426.47237785919964,449.6696509493941,1,2,1,2024-08-01,51.10000038146973,51.10000038146973,102.20000076293945,0.0713683625864574,0
46,77.45000114440916,472.50000381469727,472.50000381469727,945.0000076293945,0.8333333333333334,1,0,0.8333333333333334,1.0,1.0,0,0,1,0,1,6,0,0,0.03550640985796567,0.0,455.7232250213623,503.4499622344971,1,2,1,2024-08-01,47.25000038146973,47.25000038146973,94.50000076293946,0.012851546770786374,0
47,48.410000610351574,484.1000061035156,484.1000061035156,968.2000122070312,1.0,0,1,1.0,1.0,1.0,1,1,1,1,1,6,0,0,0.13134624880594695,0.0,420.5152862548828,504.9899627685547,1,2,1,2024-08-01,48.41000061035157,48.41000061035157,96.82000122070313,0.00047258406554612876,0
0,0.0,0.0,0.0,0.0,1.0,0,1,1.0,1.0,0.0,1,1,0,1,1,0,0,6,0.0,0.0,360.70001220703125,425.20001220703125,0,2,2,2024-08-01,0.0,0.0,0.0,0.0,0
1,0.0,0.0,0.0,0.0,1.0,0,1,1.0,1.0,0.0,1,1,0,1,1,0,0,6,0.0,0.0,399.0910339355469,452.70001220703125,0,2,2,2024-08-01,0.0,0.0,0.0,0.0,0
2,0.0,0.0,0.0,0.0,1.0,0,1,1.0,1.0,0.0,1,1,0,1,1,0,0,6,0.0,0.0,399.0695495605469,452.70001220703125,0,2,2,2024-08-01,0.0,0.0,0.0,0.0,0
3,0.0,0.0,0.0,0.0,1.0,0,1,1.0,1.0,0.0,1,1,0,1,1,0,0,6,0.0,0.0,399.1847839355469,452.70001220703125,0,2,2,2024-08-01,0.0,0.0,0.0,0.0,0
4,0.0,0.0,0.0,0.0,1.0,0,1,1.0,1.0,0.0,1,1,0,1,1,0,0,6,0.0,0.0,399.09576416015625,446.0579528808594,0,2,2,2024-08-01,0.0,0.0,0.0,0.0,0
5,0.0,0.0,0.0,0.0,1.0,0,1,1.0,1.0,0.0,1,1,0,1,1,0,0,6,0.0,0.0,402.9862060546875,435.75347900390625,0,2,2,2024-08-01,0.0,0.0,0.0,0.0,0
6,0.0,0.0,0.0,0.0,1.0,0,1,1.0,1.0,0.0,1,1,0,1,1,0,0,6,0.0,0.0,406.53204345703125,429.87969970703125,0,2,2,2024-08-01,0.0,0.0,0.0,0.0,0
7,0.0,0.0,0.0,0.0,1.0,0,1,1.0,1.0,0.0,1,1,0,1,1,0,0,6,0.0,0.0,396.2336120605469,400.7171630859375,0,2,2,2024-08-01,0.0,0.0,0.0,0.0,0
8,0.0,0.0,0.0,0.0,1.0,0,1,1.0,1.0,0.0,1,1,0,1,1,0,0,6,0.0,0.0,401.15966796875,347.1357421875,0,2,2,2024-08-01,0.0,0.0,0.0,0.0,0
9,0.0,0.0,0.0,0.0,1.0,0,1,1.0,1.0,0.0,1,1,0,1,1,0,0,6,0.0,0.0,401.0313415527344,254.10845947265625,0,2,2,2024-08-01,0.0,0.0,0.0,0.0,0
10,0.0,0.0,0.0,0.0,1.0,0,1,1.0,1.0,0.0,1,1,0,1,1,0,0,6,0.0,0.0,303.3522644042969,186.56060791015625,0,2,2,2024-08-01,0.0,0.0,0.0,0.0,0
11,0.0,0.0,0.0,0.0,1.0,0,1,1.0,1.0,0.0,1,1,0,1,1,0,0,6,0.0,0.0,306.1917419433594,181.8000030517578,0,2,2,2024-08-01,0.0,0.0,0.0,0.0,0
12,0.0,0.0,0.0,0.0,1.0,0,1,1.0,1.0,0.0,1,1,0,1,1,0,0,6,0.0,0.0,395.0793762207031,259.29998779296875,0,2,2,2024-08-01,0.0,0.0,0.0,0.0,0
13,0.0,0.0,0.0,0.0,1.0,0,1,1.0,1.0,0.0,1,1,0,1,1,0,0,6,0.0,0.0,467.7149963378906,327.9000244140625,0,2,2,2024-08-01,0.0,0.0,0.0,0.0,0
14,0.0,0.0,0.0,0.0,1.0,0,1,1.0,1.0,0.0,1,1,0,1,1,0,0,6,0.0,0.0,471.36895751953125,356.5859375,0,2,2,2024-08-01,0.0,0.0,0.0,0.0,0
15,0.0,0.0,0.0,0.0,1.0,0,1,1.0,1.0,0.0,1,1,0,1,1,0,0,6,0.0,0.0,452.3817138671875,337.133056640625,0,2,2,2024-08-01,0.0,0.0,0.0,0.0,0
16,0.0,0.0,0.0,0.0,1.0,0,1,1.0,1.0,0.0,1,1,0,1,1,0,0,6,0.0,0.0,541.4432373046875,417.0895690917969,0,2,2,2024-08-01,0.0,0.0,0.0,0.0,0
17,0.0,0.0,0.0,0.0,1.0,0,1,1.0,1.0,0.0,1,1,0,1,1,0,0,6,0.0,0.0,592.8102416992188,450.9204406738281,0,2,2,2024-08-01,0.0,0.0,0.0,0.0,0
18,-61.56857641737918,284.00000381469727,303.2000045776367,587.200008392334,0.8333333333333334,1,0,0.8333333333333334,1.0,1.0,0,0,1,0,1,6,0,0,0.0,0.0,602.7274440904333,644.6607395033167,1,2,2,2024-08-01,28.400000381469727,30.320000457763673,58.7200008392334,0.00010090738347975704,0
19,-37.406810565043145,408.2000045776367,408.2000045776367,816.4000091552734,1.0,0,1,1.0,1.0,1.0,1,1,1,1,1,6,0,0,0.0,0.0,612.5657236146444,669.3070791197306,1,2,2,2024-08-01,40.820000457763676,40.820000457763676,81.64000091552735,6.735708903474897e-05,0
20,-53.51000061035154,535.1000061035156,535.1000061035156,1070.2000122070312,1.0,0,1,1.0,1.0,1.0,1,1,1,1,1,6,0,0,0.0,0.0,546.4416595458985,709.2103790283203,1,2,2,2024-08-01,53.51000061035157,53.51000061035157,107.02000122070314,6.680140083155252e-05,0
21,-73.65500061035152,586.0500061035157,601.1000061035156,1187.1500122070313,1.0,0,1,1.0,1.0,1.0,1,1,1,1,1,6,0,0,0.09417523299927213,0.0,530.8586102294922,847.360689086914,1,2,2,2024-08-01,58.60500061035157,60.11000061035156,118.71500122070313,6.017437047059123e-05,0
22,-144.36359073626033,563.4500076293946,578.5000076293945,1141.950015258789,1.0,0,1,1.0,1.0,1.0,1,1,1,1,1,6,0,0,0.14502654820714375,0.0,481.73479793561467,965.8524213026666,1,2,2,2024-08-01,56.34500076293946,57.85000076293946,114.19500152587892,4.798156087720357e-05,0
23,-82.8700008392334,608.700008392334,608.700008392334,1217.400016784668,1.0,0,1,1.0,1.0,1.0,1,1,1,1,1,6,0,0,0.09177694292847606,0.0,552.8353824615479,1002.2700252532959,1,2,2,2024-08-01,60.8700008392334,60.8700008392334,121.7400016784668,4.546103412971639e-05,0
24,-65.82000083923333,658.200008392334,658.200008392334,1316.400016784668,0.8333333333333334,1,0,0.8333333333333334,1.0,1.0,0,0,1,0,1,6,0,0,0.04083994034119553,0.0,631.3191593170167,1175.2900936126707,1,2,2,2024-08-01,65.8200008392334,65.8200008392334,131.6400016784668,3.233596310790755e-05,0
25,-73.57000083923333,735.700008392334,735.700008392334,1471.400016784668,0.8333333333333334,1,0,0.8333333333333334,1.0,1.0,0,0,1,0,1,6,0,0,0.3834846067063496,0.0,453.57038002014167,1076.9264461517332,1,2,2,2024-08-01,73.5700008392334,73.5700008392334,147.1400016784668,2.6790768441065055e-05,0
26,-172.25937974309394,835.700008392334,835.700008392334,1671.400016784668,0.3333333333333333,4,0,0.3333333333333333,1.0,1.0,0,0,1,0,1,6,0,0,0.6104615916631032,0.0,325.537251116281,1179.9228929266876,1,2,2,2024-08-01,83.5700008392334,83.5700008392334,167.1400016784668,2.0779509755567363e-05,0
27,-15.97193657919371,816.5000076293945,816.5000076293945,1633.000015258789,0.0,6,0,0.0,1.0,1.0,0,0,1,0,1,6,0,0,0.3465122643362332,0.0,533.5727411551813,1081.4307988838812,1,2,2,2024-08-01,81.65000076293946,81.65000076293946,163.3000015258789,1.3248537037941758e-05,0
28,-47.97552147615833,1048.3000106811523,1048.3000106811523,2096.6000213623047,0.0,6,0,0.0,1.0,1.0,0,0,1,0,1,6,0,0,0.6197133068969661,0.013664493998894887,398.6545444418104,1033.9755214761583,1,2,2,2024-08-01,104.83000106811524,104.83000106811524,209.66000213623047,2.2899642651971747e-05,0
29,6.1417241408300285,1048.3000106811523,1048.3000106811523,2096.6000213623047,1.0,0,1,1.0,1.0,1.0,1,1,1,1,1,6,0,0,0.6011773818156408,0.09152125712527887,418.0857549025488,952.35827585917,1,2,2,2024-08-01,104.83000106811524,104.83000106811524,209.66000213623047,1.4864047389003297e-05,0
30,57.4442363523806,1064.4333432515461,1067.600009918213,2132.033353169759,1.0,0,1,1.0,1.0,1.0,1,1,1,1,1,0,6,0,0.5062710213293237,0.0911804928759563,525.5415874265993,970.2557148194944,1,2,2,2024-08-01,106.44333432515462,106.7600009918213,213.20333531697588,0.16622814953368176,0
31,130.36000175476067,1111.600009918213,1111.600009918213,2223.200019836426,1.0,0,1,1.0,1.0,1.0,1,1,1,1,1,0,6,0,0.22893181583194966,0.12362006579199661,857.1194011688232,974.1839435577393,1,2,2,2024-08-01,111.16000099182129,111.16000099182129,222.32000198364258,0.0872114032922336,0
32,122.99000091552728,1119.9000091552734,1119.9000091552734,2239.800018310547,1.0,0,1,1.0,1.0,1.0,1,1,1,1,1,0,6,0,0.18414673142475443,0.1232404340275925,913.6740829467773,981.8830459594727,1,2,2,2024-08-01,111.99000091552735,111.99000091552735,223.9800018310547,0.005057328642090305,0
33,110.3400009155273,1089.8993375142416,1103.4000091552734,2193.299346669515,1.0,0,1,1.0,1.0,1.0,1,1,1,1,1,0,6,0,0.19552660706712827,0.08663652855333027,876.795018005371,1007.8052627563477,1,2,2,2024-08-01,108.98993375142416,110.34000091552736,219.32993466695154,0.004965121903330383,0
34,127.07000160217285,1070.529343922933,1078.700008392334,2149.229352315267,1.0,0,1,1.0,1.0,1.0,1,1,1,1,1,5,1,0,0.18040670169453793,0.10209873063801121,877.3986759185791,968.5661067962646,1,2,2,2024-08-01,107.05293439229331,107.8700008392334,214.9229352315267,0.0011527001478547141,0
35,145.17000083923335,951.700008392334,951.700008392334,1903.400016784668,1.0,0,1,1.0,1.0,1.0,1,1,1,1,1,6,0,0,0.139295452316932,0.0364801444327664,819.1325252532959,916.9818546295166,1,2,2,2024-08-01,95.17000083923341,95.17000083923341,190.34000167846682,0.0004967591300454391,0
36,258.9282744085001,944.1000061035156,944.1000061035156,1888.2000122070312,1.0,0,1,1.0,1.0,1.0,1,1,1,1,1,6,0,0,0.01791118716294679,0.18147252003199646,927.1900541936564,772.7717988336874,1,2,2,2024-08-01,94.41000061035157,94.41000061035157,188.82000122070315,0.0005578085248590361,0
37,131.58000068664546,1040.800006866455,1040.800006866455,2081.60001373291,1.0,0,1,1.0,1.0,1.0,1,1,1,1,1,6,0,0,0.3006216336501774,0.20334547371969924,727.9130084991455,829.1580364227295,1,2,2,2024-08-01,104.08000068664552,104.08000068664552,208.16000137329104,0.0005780670685960181,0
38,101.07000083923333,1010.700008392334,1010.700008392334,2021.400016784668,1.0,0,1,1.0,1.0,1.0,1,1,1,1,1,6,0,0,0.30977180648725977,0.15131964991458743,697.6136409759521,857.7612369537354,1,2,2,2024-08-01,101.0700008392334,101.0700008392334,202.1400016784668,0.0005638356141695989,0
39,158.12000236511233,922.200008392334,922.200008392334,1844.400016784668,0.3333333333333333,4,0,0.3333333333333333,1.0,1.0,0,0,1,0,1,6,0,0,0.12284280246984394,0.10075903870936924,808.9143749237061,829.2800220489502,1,2,2,2024-08-01,92.2200008392334,92.2200008392334,184.4400016784668,0.07708640894676416,1
40,89.14000091552737,891.4000091552734,891.4000091552734,1782.8000183105469,0.0,6,0,0.0,1.0,1.0,0,0,1,0,1,6,0,0,0.34970925536613723,0.052097724857058436,579.6691757202149,844.9600967407226,1,2,2,2024-08-01,89.14000091552735,89.14000091552735,178.2800018310547,0.4596280823978938,1
41,86.45000038146975,855.7133344014485,864.5000038146973,1720.2133382161458,0.0,6,0,0.0,1.0,1.0,0,0,1,0,1,6,0,0,0.41710798372758207,0.08993629914505467,498.7884708404541,786.7500728607178,1,2,2,2024-08-01,85.57133344014485,86.45000038146974,172.02133382161458,0.4133766381471902,1
42,118.69209325926556,787.0000038146973,787.0000038146973,1574.0000076293945,0.0,6,0,0.0,1.0,1.0,0,0,1,0,1,6,0,0,0.3086223122235424,0.07965951173434518,544.1142429174687,724.3079677758907,1,2,2,2024-08-01,78.70000038146974,78.70000038146974,157.40000076293947,0.10721027292093174,1
43,108.8240005673623,732.0000038146973,732.0000038146973,1464.0000076293945,0.0,6,0,0.0,1.0,1.0,0,0,1,0,1,6,0,0,0.29512070775760935,0.11041522257609655,515.971644610331,651.176060467794,1,2,2,2024-08-01,73.20000038146974,73.20000038146974,146.40000076293947,0.0004615127162401755,0
44,129.82500085830685,577.0000038146973,577.0000038146973,1154.0000076293945,0.0,6,0,0.0,1.0,1.0,0,0,1,0,1,6,0,0,0.03484623438045951,0.0029895459974109127,556.8937264442443,575.275035762787,1,2,2,2024-08-01,57.70000038146973,57.70000038146973,115.40000076293946,0.052055977328992024,0
45,84.53036125763714,511.00000381469727,511.00000381469727,1022.0000076293945,0.0,6,0,0.0,1.0,1.0,0,0,1,0,1,6,0,0,0.0,0.0,520.3780480252153,609.5696753634566,1,2,2,2024-08-01,51.10000038146973,51.10000038146973,102.20000076293945,0.0713683625864574,0
46,77.45000114440916,472.50000381469727,472.50000381469727,945.0000076293945,0.0,6,0,0.0,1.0,1.0,0,0,1,0,1,6,0,0,0.0,0.0,526.9180797576904,608.3500476837158,1,2,2,2024-08-01,47.25000038146973,47.25000038146973,94.50000076293946,0.012851546770786374,0
47,48.410000610351574,484.1000061035156,484.1000061035156,968.2000122070312,0.0,6,0,0.0,1.0,1.0,0,0,1,0,1,6,0,0,0.0,0.0,484.6379364013672,609.8900482177735,1,2,2,2024-08-01,48.41000061035157,48.41000061035157,96.82000122070313,0.00047258406554612876,0
0,0.0,0.0,0.0,0.0,1.0,0,1,1.0,1.0,0.0,1,1,0,1,1,0,0,6,0.0,0.0,299.9000244140625,319.20001220703125,0,3,0,2024-08-01,0.0,0.0,0.0,0.0,0
1,0.0,0.0,0.0,0.0,1.0,0,1,1.0,1.0,0.0,1,1,0,1,1,0,0,6,0.0,0.0,306.4809875488281,319.20001220703125,0,3,0,2024-08-01,0.0,0.0,0.0,0.0,0
2,0.0,0.0,0.0,0.0,1.0,0,1,1.0,1.0,0.0,1,1,0,1,1,0,0,6,0.0,0.0,305.942626953125,307.85394287109375,0,3,0,2024-08-01,0.0,0.0,0.0,0.0,0
3,0.0,0.0,0.0,0.0,1.0,0,1,1.0,1.0,0.0,1,1,0,1,1,0,0,6,0.0,0.0,263.2120056152344,241.88525390625,0,3,0,2024-08-01,0.0,0.0,0.0,0.0,0
4,0.0,0.0,0.0,0.0,1.0,0,1,1.0,1.0,0.0,1,1,0,1,1,0,0,6,0.0,0.0,265.53875732421875,222.49998474121094,0,3,0,2024-08-01,0.0,0.0,0.0,0.0,0
5,0.0,0.0,0.0,0.0,1.0,0,1,1.0,1.0,0.0,1,1,0,1,1,0,0,6,0.0,0.0,272.5,222.49998474121094,0,3,0,2024-08-01,0.0,0.0,0.0,0.0,0
6,0.0,0.0,0.0,0.0,1.0,0,1,1.0,1.0,0.0,1,1,0,1,1,0,0,6,0.0,0.0,322.5,265.6749267578125,0,3,0,2024-08-01,0.0,0.0,0.0,0.0,0
7,0.0,0.0,0.0,0.0,1.0,0,1,1.0,1.0,0.0,1,1,0,1,1,0,0,6,0.0,0.0,272.5,259.11126708984375,0,3,0,2024-08-01,0.0,0.0,0.0,0.0,0
8,0.0,0.0,0.0,0.0,1.0,0,1,1.0,1.0,0.0,1,1,0,1,1,0,0,6,0.0,0.0,272.5,253.75767517089844,0,3,0,2024-08-01,0.0,0.0,0.0,0.0,0
9,0.0,0.0,0.0,0.0,1.0,0,1,1.0,1.0,0.0,1,1,0,1,1,0,0,6,0.0,0.0,272.5,243.44085693359375,0,3,0,2024-08-01,0.0,0.0,0.0,0.0,0
10,0.0,0.0,0.0,0.0,1.0,0,1,1.0,1.0,0.0,1,1,0,1,1,0,0,6,0.0,0.0,253.29998779296875,219.05943298339844,0,3,0,2024-08-01,0.0,0.0,0.0,0.0,0
11,0.0,0.0,0.0,0.0,1.0,0,1,1.0,1.0,0.0,1,1,0,1,1,0,0,6,0.0,0.0,253.29998779296875,211.9307861328125,0,3,0,2024-08-01,0.0,0.0,0.0,0.0,0
12,0.0,0.0,0.0,0.0,1.0,0,1,1.0,1.0,0.0,1,1,0,1,1,0,0,6,0.0,0.0,338.3999938964844,276.4075622558594,0,3,0,2024-08-01,0.0,0.0,0.0,0.0,0
13,0.0,0.0,0.0,0.0,1.0,0,1,1.0,1.0,0.0,1,1,0,1,1,0,0,6,0.0,0.0,353.2688293457031,302.9008483886719,0,3,0,2024-08-01,0.0,0.0,0.0,0.0,0
14,0.0,0.0,0.0,0.0,1.0,0,1,1.0,1.0,0.0,1,1,0,1,1,0,0,6,0.0,0.0,352.4643859863281,300.2598876953125,0,3,0,2024-08-01,0.0,0.0,0.0,0.0,0
15,0.0,0.0,0.0,0.0,1.0,0,1,1.0,1.0,0.0,1,1,0,1,1,0,0,6,0.0,0.0,388.7511901855469,315.2862548828125,0,3,0,2024-08-01,0.0,0.0,0.0,0.0,0
16,0.0,0.0,0.0,0.0,1.0,0,1,1.0,1.0,0.0,1,1,0,1,1,0,0,6,0.0,0.0,443.2012634277344,458.6937561035156,0,3,0,2024-08-01,0.0,0.0,0.0,0.0,0
17,0.0,0.0,0.0,0.0,1.0,0,1,1.0,1.0,0.0,1,1,0,1,1,0,0,6,0.0,0.0,543.6626586914062,528.6893310546875,0,3,0,2024-08-01,0.0,0.0,0.0,0.0,0
18,-61.56857641737918,284.00000381469727,303.2000045776367,587.200008392334,1.0,0,1,1.0,1.0,1.0,1,1,1,1,1,0,0,6,0.0,0.0,535.9456447740271,658.8211398939417,1,3,0,2024-08-01,28.400000381469727,30.320000457763673,58.7200008392334,6.733054465739358e-10,0
19,-37.406810565043145,408.2000045776367,408.2000045776367,816.4000091552734,1.0,0,1,1.0,1.0,1.0,1,1,1,1,1,0,0,6,0.0,0.0,524.5146371888632,684.6884878111368,1,3,0,2024-08-01,40.820000457763676,40.820000457763676,81.64000091552735,2.3941070535181505e-10,0
20,-53.51000061035154,535.1000061035156,535.1000061035156,1070.2000122070312,1.0,0,1,1.0,1.0,1.0,1,1,1,1,1,6,0,0,0.26434705130106906,0.0,393.6478973388672,670.7100128173828,1,3,0,2024-08-01,53.51000061035157,53.51000061035157,107.02000122070314,1.4257885550202973e-09,0
21,-73.65500061035152,586.0500061035157,601.1000061035156,1187.1500122070313,1.0,0,1,1.0,1.0,1.0,1,1,1,1,1,6,0,0,0.42040394785447077,0.0,339.672269897461,690.8550128173828,1,3,0,2024-08-01,58.60500061035157,60.11000061035156,118.71500122070313,4.651350317313944e-06,0
22,-144.36359073626033,563.4500076293946,578.5000076293945,1141.950015258789,0.0,6,0,0.0,1.0,1.0,0,0,1,0,1,6,0,0,0.4936833605839467,0.0,285.28411434186467,814.6225018690728,1,3,0,2024-08-01,56.34500076293946,57.85000076293946,114.19500152587892,2.0248633624654982e-05,0
23,-82.8700008392334,608.700008392334,608.700008392334,1217.400016784668,0.0,6,0,0.0,1.0,1.0,0,0,1,0,1,6,0,0,0.3837820313221924,0.0,375.0918827056885,848.9700984954834,1,3,0,2024-08-01,60.8700008392334,60.8700008392334,121.7400016784668,2.921603501842324e-05,0
24,-65.82000083923333,658.200008392334,658.200008392334,1316.400016784668,0.0,6,0,0.0,1.0,1.0,0,0,1,0,1,6,0,0,0.21194664816169517,0.0,518.6967227935792,964.4200984954833,1,3,0,2024-08-01,65.8200008392334,65.8200008392334,131.6400016784668,0.012777647765236112,0
25,-73.57000083923333,735.700008392334,735.700008392334,1471.400016784668,0.0,6,0,0.0,1.0,1.0,0,0,1,0,1,6,0,0,0.33058454056851155,0.0,492.48895912170417,994.1700984954833,1,3,0,2024-08-01,73.5700008392334,73.5700008392334,147.1400016784668,0.012775107555976736,0
26,-172.25937974309394,835.700008392334,835.700008392334,1671.400016784668,0.0,6,0,0.0,0.0,1.0,0,0,1,0,0,1,5,0,0.5316761390404218,0.0,391.3782545342498,1109.3593553290314,1,3,0,2024-08-01,83.5700008392334,83.5700008392334,167.1400016784668,0.01745462157518594,0
27,-15.97193657919371,816.5000076293945,816.5000076293945,1633.000015258789,0.0,6,0,0.0,0.0,1.0,0,0,1,0,0,5,1,0,0.40889011868869163,0.0,482.6412226004938,933.2719854073187,1,3,0,2024-08-01,81.65000076293946,81.65000076293946,163.3000015258789,0.016212698247167718,0
28,-47.97552147615833,1048.3000106811523,1048.3000106811523,2096.6000213623047,0.3333333333333333,4,0,0.0,0.4,1.0,0,0,1,0,0,1,5,0,0.5230646066548844,0.002694351975784859,499.97137793790415,1045.4755214761583,1,3,0,2024-08-01,104.83000106811524,104.83000106811524,209.66000213623047,0.11094624961678788,1
29,6.1417241408300285,1048.3000106811523,1048.3000106811523,2096.6000213623047,0.6666666666666666,2,0,0.0,1.0,1.0,0,0,1,0,1,2,4,0,0.4171997928325244,0.07138524517460354,610.9494633986425,973.4668574021388,1,3,0,2024-08-01,104.83000106811524,104.83000106811524,209.66000213623047,0.045130934219087766,0
30,57.4442363523806,1064.4333432515461,1067.600009918213,2132.033353169759,0.8333333333333334,1,0,0.0,1.0,1.0,0,0,1,0,1,1,5,0,0.37207936467364394,0.14766225214685774,668.3796611570681,909.9557880616819,1,3,0,2024-08-01,106.44333432515462,106.7600009918213,213.20333531697588,0.06350388871603989,0
31,130.36000175476067,1111.600009918213,1111.600009918213,2223.200019836426,1.0,0,1,1.0,1.0,1.0,1,1,1,1,1,0,6,0,0.30657351948849926,0.25771302902323984,770.8128826141357,825.1262042999268,1,3,0,2024-08-01,111.16000099182129,111.16000099182129,222.32000198364258,0.06438890755228482,0
32,122.99000091552728,1119.9000091552734,1119.9000091552734,2239.800018310547,1.0,0,1,1.0,1.0,1.0,1,1,1,1,1,5,1,0,0.3361750092484012,0.26021130241209717,743.4176132202148,828.4893692016602,1,3,0,2024-08-01,111.99000091552735,111.99000091552735,223.9800018310547,0.015543265070452079,0
33,110.3400009155273,1089.8993375142416,1103.4000091552734,2193.299346669515,1.0,0,1,1.0,1.0,1.0,1,1,1,1,1,6,0,0,0.38480973941344854,0.22578014430521845,670.495457458496,854.2741958618165,1,3,0,2024-08-01,108.98993375142416,110.34000091552736,219.32993466695154,0.005910185589904813,0
34,127.07000160217285,1070.529343922933,1078.700008392334,2149.229352315267,0.8333333333333334,1,0,1.0,0.8333333333333334,1.0,0,0,1,1,0,0,6,0,0.3478110841416564,0.24398156186053893,698.1873722076416,815.5170955657959,1,3,0,2024-08-01,107.05293439229331,107.8700008392334,214.9229352315267,0.123053540710325,1
35,145.17000083923335,951.700008392334,951.700008392334,1903.400016784668,1.0,0,1,1.0,1.0,1.0,1,1,1,1,1,0,6,0,0.12353854417661701,0.12794995433085515,834.1283748626709,829.9300357818604,1,3,0,2024-08-01,95.17000083923341,95.17000083923341,190.34000167846682,0.04710500394442582,0
36,258.9282744085001,944.1000061035156,944.1000061035156,1888.2000122070312,1.0,0,1,1.0,1.0,1.0,1,1,1,1,1,6,0,0,0.0,0.23623419798352965,975.9058134710001,721.0712983454061,1,3,0,2024-08-01,94.41000061035157,94.41000061035157,188.82000122070315,0.041125158049134254,0
37,131.58000068664546,1040.800006866455,1040.800006866455,2081.60001373291,1.0,0,1,1.0,1.0,1.0,1,1,1,1,1,6,0,0,0.11070149243835418,0.12622982963715323,925.5818927764892,909.4199993133545,1,3,0,2024-08-01,104.08000068664552,104.08000068664552,208.16000137329104,0.02382036532296483,0
38,101.07000083923333,1010.700008392334,1010.700008392334,2021.400016784668,1.0,0,1,1.0,1.0,1.0,1,1,1,1,1,6,0,0,0.19114022545845755,0.058543495680222365,817.5145809173583,951.5300968170167,1,3,0,2024-08-01,101.0700008392334,101.0700008392334,202.1400016784668,0.06535588185632678,0
39,158.12000236511233,922.200008392334,922.200008392334,1844.400016784668,1.0,0,1,1.0,1.0,1.0,1,1,1,1,1,6,0,0,0.0639751823955371,0.06432127578631608,863.2020946502686,862.8829273223877,1,3,0,2024-08-01,92.2200008392334,92.2200008392334,184.4400016784668,1.2052228833526132e-05,0
40,89.14000091552737,891.4000091552734,891.4000091552734,1782.8000183105469,0.6666666666666666,2,0,0.6666666666666666,1.0,1.0,0,0,1,0,1,6,0,0,0.19070630715380602,0.06658539201881124,721.4044052124024,832.0457901000976,1,3,0,2024-08-01,89.14000091552735,89.14000091552735,178.2800018310547,1.141413556471487e-05,0
41,86.45000038146975,855.7133344014485,864.5000038146973,1720.2133382161458,0.5,3,0,0.5,1.0,1.0,0,0,1,0,1,6,0,0,0.11821445114591726,0.0,754.5556522369385,883.7973751068115,1,3,0,2024-08-01,85.57133344014485,86.45000038146974,172.02133382161458,9.67726329499718e-06,0
42,118.69209325926556,787.0000038146973,787.0000038146973,1574.0000076293945,1.0,0,1,1.0,1.0,1.0,1,1,1,1,1,6,0,0,0.10247816695180562,0.06548027721960818,706.3496860327031,735.4670253930782,1,3,0,2024-08-01,78.70000038146974,78.70000038146974,157.40000076293947,8.014165176793324e-06,0
43,108.8240005673623,732.0000038146973,732.0000038146973,1464.0000076293945,1.0,0,1,1.0,1.0,1.0,1,1,1,1,1,6,0,0,0.044115129852056484,0.014531994336022078,699.707728594706,721.362583905294,1,3,0,2024-08-01,73.20000038146974,73.20000038146974,146.40000076293947,6.43809562888372e-06,0
44,129.82500085830685,577.0000038146973,577.0000038146973,1154.0000076293945,1.0,0,1,1.0,1.0,1.0,1,1,1,1,1,6,0,0,0.0,0.0,700.838245487213,670.6558341026307,1,3,0,2024-08-01,57.70000038146973,57.70000038146973,115.40000076293946,5.466493099896052e-06,0
45,84.53036125763714,511.00000381469727,511.00000381469727,1022.0000076293945,1.0,0,1,1.0,1.0,1.0,1,1,1,1,1,4,2,0,0.0,0.0,674.4022484646684,715.7936133517378,1,3,0,2024-08-01,51.10000038146973,51.10000038146973,102.20000076293945,3.501187255499941e-06,0
46,77.45000114440916,472.50000381469727,472.50000381469727,945.0000076293945,1.0,0,1,1.0,1.0,1.0,1,1,1,1,1,0,6,0,0.0,0.0,624.1312755584717,664.8502307891846,1,3,0,2024-08-01,47.25000038146973,47.25000038146973,94.50000076293946,3.633045009610512e-09,0
47,48.410000610351574,484.1000061035156,484.1000061035156,968.2000122070312,0.6666666666666666,2,0,1.0,1.0,0.6666666666666666,0,0,0,1,1,0,0,6,0.0,0.0,553.7956512451171,618.2900115966797,1,3,0,2024-08-01,48.41000061035157,48.41000061035157,96.82000122070313,7.879977844190974e-10,0
0,0.0,0.0,0.0,0.0,1.0,0,1,1.0,1.0,0.0,1,1,0,1,1,0,0,6,0.0,0.0,356.70001220703125,352.6573181152344,0,3,1,2024-08-01,0.0,0.0,0.0,0.0,0
1,0.0,0.0,0.0,0.0,1.0,0,1,1.0,1.0,0.0,1,1,0,1,1,0,0,6,0.0,0.0,395.20001220703125,386.9523010253906,0,3,1,2024-08-01,0.0,0.0,0.0,0.0,0
2,0.0,0.0,0.0,0.0,1.0,0,1,1.0,1.0,0.0,1,1,0,1,1,0,0,6,0.0,0.0,421.0680236816406,399.0333251953125,0,3,1,2024-08-01,0.0,0.0,0.0,0.0,0
3,0.0,0.0,0.0,0.0,1.0,0,1,1.0,1.0,0.0,1,1,0,1,1,0,0,6,0.0,0.0,382.8125,352.555419921875,0,3,1,2024-08-01,0.0,0.0,0.0,0.0,0
4,0.0,0.0,0.0,0.0,1.0,0,1,1.0,1.0,0.0,1,1,0,1,1,0,0,6,0.0,0.0,380.5754089355469,335.2096252441406,0,3,1,2024-08-01,0.0,0.0,0.0,0.0,0
5,0.0,0.0,0.0,0.0,1.0,0,1,1.0,1.0,0.0,1,1,0,1,1,0,0,6,0.0,0.0,379.62384033203125,319.4559326171875,0,3,1,2024-08-01,0.0,0.0,0.0,0.0,0
6,0.0,0.0,0.0,0.0,1.0,0,1,1.0,1.0,0.0,1,1,0,1,1,0,0,6,0.0,0.0,372.54705810546875,299.5459289550781,0,3,1,2024-08-01,0.0,0.0,0.0,0.0,0
7,0.0,0.0,0.0,0.0,1.0,0,1,1.0,1.0,0.0,1,1,0,1,1,0,0,6,0.0,0.0,365.55029296875,277.36273193359375,0,3,1,2024-08-01,0.0,0.0,0.0,0.0,0
8,0.0,0.0,0.0,0.0,1.0,0,1,1.0,1.0,0.0,1,1,0,1,1,0,0,6,0.0,0.0,338.68621826171875,268.5719909667969,0,3,1,2024-08-01,0.0,0.0,0.0,0.0,0
9,0.0,0.0,0.0,0.0,1.0,0,1,1.0,1.0,0.0,1,1,0,1,1,0,0,6,0.0,0.0,328.465087890625,234.6999969482422,0,3,1,2024-08-01,0.0,0.0,0.0,0.0,0
10,0.0,0.0,0.0,0.0,1.0,0,1,1.0,1.0,0.0,1,1,0,1,1,0,0,6,0.0,0.0,332.61376953125,234.6999969482422,0,3,1,2024-08-01,0.0,0.0,0.0,0.0,0
11,0.0,0.0,0.0,0.0,1.0,0,1,1.0,1.0,0.0,1,1,0,1,1,0,0,6,0.0,0.0,284.70001220703125,231.83331298828125,0,3,1,2024-08-01,0.0,0.0,0.0,0.0,0
12,0.0,0.0,0.0,0.0,1.0,0,1,1.0,1.0,0.0,1,1,0,1,1,0,0,6,0.0,0.0,303.8999938964844,242.89999389648438,0,3,1,2024-08-01,0.0,0.0,0.0,0.0,0
13,0.0,0.0,0.0,0.0,1.0,0,1,1.0,1.0,0.0,1,1,0,1,1,0,0,6,0.0,0.0,284.1000061035156,252.73570251464844,0,3,1,2024-08-01,0.0,0.0,0.0,0.0,0
14,0.0,0.0,0.0,0.0,1.0,0,1,1.0,1.0,0.0,1,1,0,1,1,0,0,6,0.0,0.0,331.4000244140625,306.6786193847656,0,3,1,2024-08-01,0.0,0.0,0.0,0.0,0
15,0.0,0.0,0.0,0.0,1.0,0,1,1.0,1.0,0.0,1,1,0,1,1,0,0,6,0.0,0.0,436.871826171875,412.28460693359375,0,3,1,2024-08-01,0.0,0.0,0.0,0.0,0
16,0.0,0.0,0.0,0.0,1.0,0,1,1.0,1.0,0.0,1,1,0,1,1,0,0,6,0.0,0.0,449.60137939453125,438.70147705078125,0,3,1,2024-08-01,0.0,0.0,0.0,0.0,0
17,0.0,0.0,0.0,0.0,1.0,0,1,1.0,1.0,0.0,1,1,0,1,1,0,0,6,0.0,0.0,532.5470581054688,513.0096435546875,0,3,1,2024-08-01,0.0,0.0,0.0,0.0,0
18,-61.56857641737918,284.00000381469727,303.2000045776367,587.200008392334,1.0,0,1,1.0,1.0,1.0,1,1,1,1,1,0,0,6,0.0,0.0,502.0760158677771,607.7564426283167,1,3,1,2024-08-01,28.400000381469727,30.320000457763673,58.7200008392334,6.733054465739358e-10,0
19,-37.406810565043145,408.2000045776367,408.2000045776367,816.4000091552734,1.0,0,1,1.0,1.0,1.0,1,1,1,1,1,0,0,6,0.0,0.0,491.4455453919881,570.5454214048868,1,3,1,2024-08-01,40.820000457763676,40.820000457763676,81.64000091552735,2.3941070535181505e-10,0
20,-53.51000061035154,535.1000061035156,535.1000061035156,1070.2000122070312,1.0,0,1,1.0,1.0,1.0,1,1,1,1,1,6,0,0,0.0,0.0,561.4899993896485,674.1574005126953,1,3,1,2024-08-01,53.51000061035157,53.51000061035157,107.02000122070314,1.4257885550202973e-09,0
21,-73.65500061035152,586.0500061035157,601.1000061035156,1187.1500122070313,1.0,0,1,1.0,1.0,1.0,1,1,1,1,1,6,0,0,0.006212018686037093,0.0,582.4094525146485,766.8895587158203,1,3,1,2024-08-01,58.60500061035157,60.11000061035156,118.71500122070313,4.651350317313944e-06,0
22,-144.36359073626033,563.4500076293946,578.5000076293945,1141.950015258789,1.0,0,1,1.0,1.0,1.0,1,1,1,1,1,6,0,0,0.16414497519475443,0.0,470.9625201035834,864.1904339979791,1,3,1,2024-08-01,56.34500076293946,57.85000076293946,114.19500152587892,2.0248633624654982e-05,0
23,-82.8700008392334,608.700008392334,608.700008392334,1217.400016784668,1.0,0,1,1.0,1.0,1.0,1,1,1,1,1,6,0,0,0.14291020474119798,0.0,521.7105655670166,848.3414974212646,1,3,1,2024-08-01,60.8700008392334,60.8700008392334,121.7400016784668,2.921603501842324e-05,0
24,-65.82000083923333,658.200008392334,658.200008392334,1316.400016784668,1.0,0,1,1.0,1.0,1.0,1,1,1,1,1,6,0,0,0.17331729240209962,0.0,544.1225650787354,924.4199764251708,1,3,1,2024-08-01,65.8200008392334,65.8200008392334,131.6400016784668,0.012777647765236112,0
25,-73.57000083923333,735.700008392334,735.700008392334,1471.400016784668,1.0,0,1,1.0,1.0,1.0,1,1,1,1,1,6,0,0,0.2541128914869319,0.0,548.7491519927979,959.6700374603271,1,3,1,2024-08-01,73.5700008392334,73.5700008392334,147.1400016784668,0.012775107555976736,0
26,-172.25937974309394,835.700008392334,835.700008392334,1671.400016784668,1.0,0,1,1.0,1.0,1.0,1,1,1,1,1,1,5,0,0.41737687315350075,0.0,486.8981519951873,1116.0594285712189,1,3,1,2024-08-01,83.5700008392334,83.5700008392334,167.1400016784668,0.01745462157518594,0
27,-15.97193657919371,816.5000076293945,816.5000076293945,1633.000015258789,0.3333333333333333,4,0,0.2,1.0,1.0,0,0,1,0,1,5,1,0,0.15578955006660533,0.0,689.2978388114313,1013.4311040596624,1,3,1,2024-08-01,81.65000076293946,81.65000076293946,163.3000015258789,0.016212698247167718,0
28,-47.97552147615833,1048.3000106811523,1048.3000106811523,2096.6000213623047,0.0,6,0,0.0,0.0,1.0,0,0,1,0,0,1,5,0,0.4183162157944638,0.024539208548882262,609.7791171957167,1022.575558097252,1,3,1,2024-08-01,104.83000106811524,104.83000106811524,209.66000213623047,0.11094624961678788,1
29,6.1417241408300285,1048.3000106811523,1048.3000106811523,2096.6000213623047,0.0,6,0,0.0,0.0,1.0,0,0,1,0,0,2,4,0,0.3145777054000715,0.09447840255535783,718.528198750205,949.2583002732325,1,3,1,2024-08-01,104.83000106811524,104.83000106811524,209.66000213623047,0.045130934219087766,0
30,57.4442363523806,1064.4333432515461,1067.600009918213,2132.033353169759,0.0,6,0,0.0,0.0,1.0,0,0,1,0,0,1,5,0,0.2703608459009512,0.2446458910798049,776.6522441648806,806.4160541749632,1,3,1,2024-08-01,106.44333432515462,106.7600009918213,213.20333531697588,0.06350388871603989,0
31,130.36000175476067,1111.600009918213,1111.600009918213,2223.200019836426,1.0,0,1,1.0,1.0,1.0,1,1,1,1,1,0,6,0,0.24411175761581264,0.39448536750467456,840.2453777313232,673.0900714874268,1,3,1,2024-08-01,111.16000099182129,111.16000099182129,222.32000198364258,0.06438890755228482,0
32,122.99000091552728,1119.9000091552734,1119.9000091552734,2239.800018310547,1.0,0,1,1.0,1.0,1.0,1,1,1,1,1,5,1,0,0.28925271406221736,0.4189387867228561,795.9658920288085,650.7304580688477,1,3,1,2024-08-01,111.99000091552735,111.99000091552735,223.9800018310547,0.015543265070452079,0
33,110.3400009155273,1089.8993375142416,1103.4000091552734,2193.299346669515,1.0,0,1,1.0,1.0,1.0,1,1,1,1,1,6,0,0,0.27201368926406966,0.37484980001292445,793.4317977905273,689.7907363891602,1,3,1,2024-08-01,108.98993375142416,110.34000091552736,219.32993466695154,0.005910185589904813,0
34,127.07000160217285,1070.529343922933,1078.700008392334,2149.229352315267,0.8333333333333334,1,0,1.0,0.8333333333333334,1.0,0,0,1,1,0,0,6,0,0.19089129057788737,0.3554824991702317,866.1746158599854,695.2410335540771,1,3,1,2024-08-01,107.05293439229331,107.8700008392334,214.9229352315267,0.123053540710325,1
35,145.17000083923335,951.700008392334,951.700008392334,1903.400016784668,1.0,0,1,1.0,1.0,1.0,1,1,1,1,1,0,6,0,0.0,0.3223731235087653,956.7719295501709,644.8975040435791,1,3,1,2024-08-01,95.17000083923341,95.17000083923341,190.34000167846682,0.04710500394442582,0
36,258.9282744085001,944.1000061035156,944.1000061035156,1888.2000122070312,1.0,0,1,1.0,1.0,1.0,1,1,1,1,1,6,0,0,0.0,0.4645998745297221,1044.5122587835,505.4712617243124,1,3,1,2024-08-01,94.41000061035157,94.41000061035157,188.82000122070315,0.041125158049134254,0
37,131.58000068664546,1040.800006866455,1040.800006866455,2081.60001373291,1.0,0,1,1.0,1.0,1.0,1,1,1,1,1,6,0,0,0.07763871098462782,0.3664031678964111,959.9936359405517,659.4475872039795,1,3,1,2024-08-01,104.08000068664552,104.08000068664552,208.16000137329104,0.02382036532296483,0
38,101.07000083923333,1010.700008392334,1010.700008392334,2021.400016784668,0.8333333333333334,1,0,0.8333333333333334,1.0,1.0,0,0,1,0,1,6,0,0,0.10888008977639144,0.291813737486773,900.6549007415771,715.7638614654542,1,3,1,2024-08-01,101.0700008392334,101.0700008392334,202.1400016784668,0.06535588185632678,0
39,158.12000236511233,922.200008392334,922.200008392334,1844.400016784668,1.0,0,1,1.0,1.0,1.0,1,1,1,1,1,6,0,0,0.08070888830535482,0.3862193102861119,847.7702709197998,566.0285572052002,1,3,1,2024-08-01,92.2200008392334,92.2200008392334,184.4400016784668,1.2052228833526132e-05,0
40,89.14000091552737,891.4000091552734,891.4000091552734,1782.8000183105469,1.0,0,1,1.0,1.0,1.0,1,1,1,1,1,6,0,0,0.2139685482364741,0.39627554257327924,700.6684432983399,538.1599868774414,1,3,1,2024-08-01,89.14000091552735,89.14000091552735,178.2800018310547,1.141413556471487e-05,0
41,86.45000038146975,855.7133344014485,864.5000038146973,1720.2133382161458,1.0,0,1,1.0,1.0,1.0,1,1,1,1,1,6,0,0,0.21803337227525116,0.37437827064784096,669.139270401001,540.849987411499,1,3,1,2024-08-01,85.57133344014485,86.45000038146974,172.02133382161458,9.67726329499718e-06,0
42,118.69209325926556,787.0000038146973,787.0000038146973,1574.0000076293945,1.0,0,1,1.0,1.0,1.0,1,1,1,1,1,6,0,0,0.187946386066794,0.39211196949458305,639.0861972631718,478.40788232667194,1,3,1,2024-08-01,78.70000038146974,78.70000038146974,157.40000076293947,8.014165176793324e-06,0
43,108.8240005673623,732.0000038146973,732.0000038146973,1464.0000076293945,1.0,0,1,1.0,1.0,1.0,1,1,1,1,1,6,0,0,0.30679155510489575,0.43432237474206103,507.4285843075967,414.0760238467002,1,3,1,2024-08-01,73.20000038146974,73.20000038146974,146.40000076293947,6.43809562888372e-06,0
44,129.82500085830685,577.0000038146973,577.0000038146973,1154.0000076293945,1.0,0,1,1.0,1.0,1.0,1,1,1,1,1,6,0,0,0.1260294780299521,0.35203643265275314,504.2809945106506,373.8749808311463,1,3,1,2024-08-01,57.70000038146973,57.70000038146973,115.40000076293946,5.466493099896052e-06,0
45,84.53036125763714,511.00000381469727,511.00000381469727,1022.0000076293945,0.3333333333333333,4,0,0.0,1.0,1.0,0,0,1,0,1,4,2,0,0.07382669396336083,0.23537521053356625,473.2745629177934,390.72327033415974,1,3,1,2024-08-01,51.10000038146973,51.10000038146973,102.20000076293945,3.501187255499941e-06,0
46,77.45000114440916,472.50000381469727,472.50000381469727,945.0000076293945,1.0,0,1,1.0,1.0,1.0,1,1,1,1,1,0,6,0,0.10874536739332927,0.2837037248261973,421.11781730651853,338.4499927520752,1,3,1,2024-08-01,47.25000038146973,47.25000038146973,94.50000076293946,3.633045009610512e-09,0
47,48.410000610351574,484.1000061035156,484.1000061035156,968.2000122070312,1.0,0,1,1.0,1.0,1.0,1,1,1,1,1,0,0,6,0.29830942327451654,0.34416438793470766,339.68841247558595,317.4900238037109,1,3,1,2024-08-01,48.41000061035157,48.41000061035157,96.82000122070313,7.879977844190974e-10,0
0,0.0,0.0,0.0,0.0,1.0,0,1,1.0,1.0,0.0,1,1,0,1,1,0,0,6,0.0,0.0,180.3000030517578,178.5289306640625,0,3,2,2024-08-01,0.0,0.0,0.0,0.0,0
1,0.0,0.0,0.0,0.0,1.0,0,1,1.0,1.0,0.0,1,1,0,1,1,0,0,6,0.0,0.0,229.90768432617188,183.9116668701172,0,3,2,2024-08-01,0.0,0.0,0.0,0.0,0
2,0.0,0.0,0.0,0.0,1.0,0,1,1.0,1.0,0.0,1,1,0,1,1,0,0,6,0.0,0.0,229.81988525390625,181.89999389648438,0,3,2,2024-08-01,0.0,0.0,0.0,0.0,0
3,0.0,0.0,0.0,0.0,1.0,0,1,1.0,1.0,0.0,1,1,0,1,1,0,0,6,0.0,0.0,202.68246459960938,154.39999389648438,0,3,2,2024-08-01,0.0,0.0,0.0,0.0,0
4,0.0,0.0,0.0,0.0,1.0,0,1,1.0,1.0,0.0,1,1,0,1,1,0,0,6,0.0,0.0,202.8024139404297,143.52880859375,0,3,2,2024-08-01,0.0,0.0,0.0,0.0,0
5,0.0,0.0,0.0,0.0,1.0,0,1,1.0,1.0,0.0,1,1,0,1,1,0,0,6,0.0,0.0,203.4029541015625,118.46808624267578,0,3,2,2024-08-01,0.0,0.0,0.0,0.0,0
6,0.0,0.0,0.0,0.0,1.0,0,1,1.0,1.0,0.0,1,1,0,1,1,0,0,6,0.0,0.0,181.89999389648438,104.4000015258789,0,3,2,2024-08-01,0.0,0.0,0.0,0.0,0
7,0.0,0.0,0.0,0.0,1.0,0,1,1.0,1.0,0.0,1,1,0,1,1,0,0,6,0.0,0.0,181.89999389648438,131.89999389648438,0,3,2,2024-08-01,0.0,0.0,0.0,0.0,0
8,0.0,0.0,0.0,0.0,1.0,0,1,1.0,1.0,0.0,1,1,0,1,1,0,0,6,0.0,0.0,181.89999389648438,128.9910888671875,0,3,2,2024-08-01,0.0,0.0,0.0,0.0,0
9,0.0,0.0,0.0,0.0,1.0,0,1,1.0,1.0,0.0,1,1,0,1,1,0,0,6,0.0,0.0,162.6999969482422,112.69999694824219,0,3,2,2024-08-01,0.0,0.0,0.0,0.0,0
10,0.0,0.0,0.0,0.0,1.0,0,1,1.0,1.0,0.0,1,1,0,1,1,0,0,6,0.0,0.0,85.19999694824219,85.19999694824219,0,3,2,2024-08-01,0.0,0.0,0.0,0.0,0
11,0.0,0.0,0.0,0.0,1.0,0,1,1.0,1.0,0.0,1,1,0,1,1,0,0,6,0.0,0.0,85.19999694824219,85.19999694824219,0,3,2,2024-08-01,0.0,0.0,0.0,0.0,0
12,0.0,0.0,0.0,0.0,1.0,0,1,1.0,1.0,0.0,1,1,0,1,1,0,0,6,0.0,0.0,123.69999694824219,123.69999694824219,0,3,2,2024-08-01,0.0,0.0,0.0,0.0,0
13,0.0,0.0,0.0,0.0,1.0,0,1,1.0,1.0,0.0,1,1,0,1,1,0,0,6,0.0,0.0,142.89999389648438,142.89999389648438,0,3,2,2024-08-01,0.0,0.0,0.0,0.0,0
14,0.0,0.0,0.0,0.0,1.0,0,1,1.0,1.0,0.0,1,1,0,1,1,0,0,6,0.0,0.0,208.8000030517578,208.62600708007812,0,3,2,2024-08-01,0.0,0.0,0.0,0.0,0
15,0.0,0.0,0.0,0.0,1.0,0,1,1.0,1.0,0.0,1,1,0,1,1,0,0,6,0.0,0.0,296.70001220703125,294.6527099609375,0,3,2,2024-08-01,0.0,0.0,0.0,0.0,0
16,0.0,0.0,0.0,0.0,1.0,0,1,1.0,1.0,0.0,1,1,0,1,1,0,0,6,0.0,0.0,311.6069030761719,315.007080078125,0,3,2,2024-08-01,0.0,0.0,0.0,0.0,0
17,0.0,0.0,0.0,0.0,1.0,0,1,1.0,1.0,0.0,1,1,0,1,1,0,0,6,0.0,0.0,398.4000244140625,377.3946533203125,0,3,2,2024-08-01,0.0,0.0,0.0,0.0,0
18,-61.56857641737918,284.00000381469727,303.2000045776367,587.200008392334,1.0,0,1,1.0,1.0,1.0,1,1,1,1,1,0,0,6,0.0,0.0,543.2152980943396,631.4079929212854,1,3,2,2024-08-01,28.400000381469727,30.320000457763673,58.7200008392334,6.733054465739358e-10,0
19,-37.406810565043145,408.2000045776367,408.2000045776367,816.4000091552734,1.0,0,1,1.0,1.0,1.0,1,1,1,1,1,0,0,6,0.0,0.0,666.3492929505819,779.9213979673868,1,3,2,2024-08-01,40.820000457763676,40.820000457763676,81.64000091552735,2.3941070535181505e-10,0
20,-53.51000061035154,535.1000061035156,535.1000061035156,1070.2000122070312,1.0,0,1,1.0,1.0,1.0,1,1,1,1,1,6,0,0,0.0,0.0,639.8167205810547,861.610952758789,1,3,2,2024-08-01,53.51000061035157,53.51000061035157,107.02000122070314,1.4257885550202973e-09,0
21,-73.65500061035152,586.0500061035157,601.1000061035156,1187.1500122070313,1.0,0,1,1.0,1.0,1.0,1,1,1,1,1,6,0,0,0.0,0.0,608.1983319091797,890.091646118164,1,3,2,2024-08-01,58.60500061035157,60.11000061035156,118.71500122070313,4.651350317313944e-06,0
22,-144.36359073626033,563.4500076293946,578.5000076293945,1141.950015258789,1.0,0,1,1.0,1.0,1.0,1,1,1,1,1,6,0,0,0.15031633389318225,0.0,478.7542681504584,983.6045575331353,1,3,2,2024-08-01,56.34500076293946,57.85000076293946,114.19500152587892,2.0248633624654982e-05,0
23,-82.8700008392334,608.700008392334,608.700008392334,1217.400016784668,1.0,0,1,1.0,1.0,1.0,1,1,1,1,1,6,0,0,0.17818375165224426,0.0,500.23955726623535,952.9228572845459,1,3,2,2024-08-01,60.8700008392334,60.8700008392334,121.7400016784668,2.921603501842324e-05,0
24,-65.82000083923333,658.200008392334,658.200008392334,1316.400016784668,1.0,0,1,1.0,1.0,1.0,1,1,1,1,1,6,0,0,0.18530547973025385,0.0,536.2319400787354,1002.9419490814208,1,3,2,2024-08-01,65.8200008392334,65.8200008392334,131.6400016784668,0.012777647765236112,0
25,-73.57000083923333,735.700008392334,735.700008392334,1471.400016784668,0.8333333333333334,1,0,0.8333333333333334,1.0,1.0,0,0,1,0,1,6,0,0,0.21574212922627234,0.0,576.9785221099854,1093.4393856048582,1,3,2,2024-08-01,73.5700008392334,73.5700008392334,147.1400016784668,0.012775107555976736,0
26,-172.25937974309394,835.700008392334,835.700008392334,1671.400016784668,0.0,6,0,0.0,0.0,1.0,0,0,1,0,0,1,5,0,0.5490665206892166,0.0,376.845112444406,1205.9531053290314,1,3,2,2024-08-01,83.5700008392334,83.5700008392334,167.1400016784668,0.01745462157518594,0
27,-15.97193657919371,816.5000076293945,816.5000076293945,1633.000015258789,1.0,0,1,1.0,1.0,1.0,1,1,1,1,1,5,1,0,0.4721106917521787,0.0,431.0216242118219,991.1720098213812,1,3,2,2024-08-01,81.65000076293946,81.65000076293946,163.3000015258789,0.016212698247167718,0
28,-47.97552147615833,1048.3000106811523,1048.3000106811523,2096.6000213623047,0.3333333333333333,4,0,0.0,0.4,1.0,0,0,1,0,0,1,5,0,0.6748423228828802,0.04228225579831235,340.8627963949354,1003.9755214761583,1,3,2,2024-08-01,104.83000106811524,104.83000106811524,209.66000213623047,0.11094624961678788,1
29,6.1417241408300285,1048.3000106811523,1048.3000106811523,2096.6000213623047,0.0,6,0,0.0,0.0,1.0,0,0,1,0,0,2,4,0,0.4468706919924315,0.0,579.8454594923925,1076.290648906045,1,3,2,2024-08-01,104.83000106811524,104.83000106811524,209.66000213623047,0.045130934219087766,0
30,57.4442363523806,1064.4333432515461,1067.600009918213,2132.033353169759,0.0,6,0,0.0,0.0,1.0,0,0,1,0,0,1,5,0,0.2918451901191553,0.030372189476377515,753.7835918211306,1035.1746601319944,1,3,2,2024-08-01,106.44333432515462,106.7600009918213,213.20333531697588,0.06350388871603989,0
31,130.36000175476067,1111.600009918213,1111.600009918213,2223.200019836426,0.6666666666666666,2,0,1.0,0.6666666666666666,1.0,0,0,1,1,0,0,6,0,0.20015744068105487,0.09532206794489835,889.1049968719482,1005.6399982452393,1,3,2,2024-08-01,111.16000099182129,111.16000099182129,222.32000198364258,0.06438890755228482,0
32,122.99000091552728,1119.9000091552734,1119.9000091552734,2239.800018310547,0.0,6,0,0.0,0.0,1.0,0,0,1,0,0,5,1,0,0.31497255482199193,0.1572373264340008,767.1622421264648,943.8099258422852,1,3,2,2024-08-01,111.99000091552735,111.99000091552735,223.9800018310547,0.015543265070452079,0
33,110.3400009155273,1089.8993375142416,1103.4000091552734,2193.299346669515,0.16666666666666666,5,0,0.16666666666666666,1.0,1.0,0,0,1,0,1,6,0,0,0.44361058772059503,0.25560992887764244,606.4084518432617,821.360011291504,1,3,2,2024-08-01,108.98993375142416,110.34000091552736,219.32993466695154,0.005910185589904813,0
34,127.07000160217285,1070.529343922933,1078.700008392334,2149.229352315267,0.8333333333333334,1,0,1.0,0.8333333333333334,1.0,0,0,1,1,0,0,6,0,0.46165520697017304,0.3792250446278378,576.3138980865479,669.6299495697021,1,3,2,2024-08-01,107.05293439229331,107.8700008392334,214.9229352315267,0.123053540710325,1
35,145.17000083923335,951.700008392334,951.700008392334,1903.400016784668,1.0,0,1,1.0,1.0,1.0,1,1,1,1,1,0,6,0,0.36046259519011375,0.32696233615184955,608.6477535247802,640.5299503326416,1,3,2,2024-08-01,95.17000083923341,95.17000083923341,190.34000167846682,0.04710500394442582,0
36,258.9282744085001,944.1000061035156,944.1000061035156,1888.2000122070312,1.0,0,1,1.0,1.0,1.0,1,1,1,1,1,6,0,0,0.24303464985329254,0.5240029654454366,714.6509916936564,449.38880322821865,1,3,2,2024-08-01,94.41000061035157,94.41000061035157,188.82000122070315,0.041125158049134254,0
37,131.58000068664546,1040.800006866455,1040.800006866455,2081.60001373291,1.0,0,1,1.0,1.0,1.0,1,1,1,1,1,6,0,0,0.4947571179371525,0.5615491804362314,525.8567951202392,456.3396160125733,1,3,2,2024-08-01,104.08000068664552,104.08000068664552,208.16000137329104,0.02382036532296483,0
38,101.07000083923333,1010.700008392334,1010.700008392334,2021.400016784668,0.8333333333333334,1,0,0.8333333333333334,1.0,1.0,0,0,1,0,1,6,0,0,0.533361058549307,0.5409770338279855,471.6319820404052,463.93451576232917,1,3,2,2024-08-01,101.0700008392334,101.0700008392334,202.1400016784668,0.06535588185632678,1
39,158.12000236511233,922.200008392334,922.200008392334,1844.400016784668,1.0,0,1,1.0,1.0,1.0,1,1,1,1,1,6,0,0,0.4843365503767398,0.5827586005776176,475.54483757019045,384.7800220489502,1,3,2,2024-08-01,92.2200008392334,92.2200008392334,184.4400016784668,1.2052228833526132e-05,0
40,89.14000091552737,891.4000091552734,891.4000091552734,1782.8000183105469,1.0,0,1,1.0,1.0,1.0,1,1,1,1,1,6,0,0,0.45068789424279593,0.46941885702495967,489.65681610107424,472.9600357055664,1,3,2,2024-08-01,89.14000091552735,89.14000091552735,178.2800018310547,1.141413556471487e-05,0
41,86.45000038146975,855.7133344014485,864.5000038146973,1720.2133382161458,1.0,0,1,1.0,1.0,1.0,1,1,1,1,1,6,0,0,0.47540827446283906,0.5165413277173577,448.9001346588135,417.95002403259275,1,3,2,2024-08-01,85.57133344014485,86.45000038146974,172.02133382161458,9.67726329499718e-06,0
42,118.69209325926556,787.0000038146973,787.0000038146973,1574.0000076293945,1.0,0,1,1.0,1.0,1.0,1,1,1,1,1,6,0,0,0.3850384438094445,0.5099009793072204,483.9747470678593,385.70793115479694,1,3,2,2024-08-01,78.70000038146974,78.70000038146974,157.40000076293947,8.014165176793324e-06,0
43,108.8240005673623,732.0000038146973,732.0000038146973,1464.0000076293945,1.0,0,1,1.0,1.0,1.0,1,1,1,1,1,6,0,0,0.36081396339737215,0.4483933962438262,467.8841812314248,403.77603605373145,1,3,2,2024-08-01,73.20000038146974,73.20000038146974,146.40000076293947,6.43809562888372e-06,0
44,129.82500085830685,577.0000038146973,577.0000038146973,1154.0000076293945,1.0,0,1,1.0,1.0,1.0,1,1,1,1,1,6,0,0,0.1395137518149646,0.23574526166505816,496.50056848526,440.9749869346619,1,3,2,2024-08-01,57.70000038146973,57.70000038146973,115.40000076293946,5.466493099896052e-06,0
45,84.53036125763714,511.00000381469727,511.00000381469727,1022.0000076293945,1.0,0,1,1.0,1.0,1.0,1,1,1,1,1,4,2,0,0.23444213974712566,0.1301964081715744,391.20006950959026,444.46963874236286,1,3,2,2024-08-01,51.10000038146973,51.10000038146973,102.20000076293945,3.501187255499941e-06,0
46,77.45000114440916,472.50000381469727,472.50000381469727,945.0000076293945,1.0,0,1,1.0,1.0,1.0,1,1,1,1,1,0,6,0,0.1277029513589934,0.0034920997943203576,412.1603588104248,470.8499866485596,1,3,2,2024-08-01,47.25000038146973,47.25000038146973,94.50000076293946,3.633045009610512e-09,0
47,48.410000610351574,484.1000061035156,484.1000061035156,968.2000122070312,1.0,0,1,1.0,1.0,1.0,1,1,1,1,1,0,0,6,0.27844254950942726,0.08810734849529306,349.30596618652345,441.4472381591797,1,3,2,2024-08-01,48.41000061035157,48.41000061035157,96.82000122070313,7.879977844190974e-10,0
0,0.0,0.0,0.0,0.0,1.0,0,1,1.0,1.0,0.0,1,1,0,1,1,0,0,6,0.0,0.0,196.1999969482422,173.6999969482422,0,4,0,2024-08-01,0.0,0.0,0.0,0.0,0
1,0.0,0.0,0.0,0.0,1.0,0,1,1.0,1.0,0.0,1,1,0,1,1,0,0,6,0.0,0.0,196.1999969482422,186.28591918945312,0,4,0,2024-08-01,0.0,0.0,0.0,0.0,0
2,0.0,0.0,0.0,0.0,1.0,0,1,1.0,1.0,0.0,1,1,0,1,1,0,0,6,0.0,0.0,177.0,165.8675079345703,0,4,0,2024-08-01,0.0,0.0,0.0,0.0,0
3,0.0,0.0,0.0,0.0,1.0,0,1,1.0,1.0,0.0,1,1,0,1,1,0,0,6,0.0,0.0,177.0,158.86752319335938,0,4,0,2024-08-01,0.0,0.0,0.0,0.0,0
4,0.0,0.0,0.0,0.0,1.0,0,1,1.0,1.0,0.0,1,1,0,1,1,0,0,6,0.0,0.0,177.0,134.46971130371094,0,4,0,2024-08-01,0.0,0.0,0.0,0.0,0
5,0.0,0.0,0.0,0.0,1.0,0,1,1.0,1.0,0.0,1,1,0,1,1,0,0,6,0.0,0.0,177.0,94.69429779052734,0,4,0,2024-08-01,0.0,0.0,0.0,0.0,0
6,0.0,0.0,0.0,0.0,1.0,0,1,1.0,1.0,0.0,1,1,0,1,1,0,0,6,0.0,0.0,177.0,83.9839859008789,0,4,0,2024-08-01,0.0,0.0,0.0,0.0,0
7,0.0,0.0,0.0,0.0,1.0,0,1,1.0,1.0,0.0,1,1,0,1,1,0,0,6,0.0,0.0,177.0,75.72708892822266,0,4,0,2024-08-01,0.0,0.0,0.0,0.0,0
8,0.0,0.0,0.0,0.0,1.0,0,1,1.0,1.0,0.0,1,1,0,1,1,0,0,6,0.0,0.0,177.0,64.06565856933594,0,4,0,2024-08-01,0.0,0.0,0.0,0.0,0
9,0.0,0.0,0.0,0.0,1.0,0,1,1.0,1.0,0.0,1,1,0,1,1,0,0,6,0.0,0.0,177.0,59.195892333984375,0,4,0,2024-08-01,0.0,0.0,0.0,0.0,0
10,0.0,0.0,0.0,0.0,1.0,0,1,1.0,1.0,0.0,1,1,0,1,1,0,0,6,0.0,0.0,227.0,105.5001449584961,0,4,0,2024-08-01,0.0,0.0,0.0,0.0,0
11,0.0,0.0,0.0,0.0,1.0,0,1,1.0,1.0,0.0,1,1,0,1,1,0,0,6,0.0,0.0,254.5,136.03329467773438,0,4,0,2024-08-01,0.0,0.0,0.0,0.0,0
12,0.0,0.0,0.0,0.0,1.0,0,1,1.0,1.0,0.0,1,1,0,1,1,0,0,6,0.0,0.0,232.0,168.31887817382812,0,4,0,2024-08-01,0.0,0.0,0.0,0.0,0
13,0.0,0.0,0.0,0.0,1.0,0,1,1.0,1.0,0.0,1,1,0,1,1,0,0,6,0.0,0.0,265.5,174.9466094970703,0,4,0,2024-08-01,0.0,0.0,0.0,0.0,0
14,0.0,0.0,0.0,0.0,1.0,0,1,1.0,1.0,0.0,1,1,0,1,1,0,0,6,0.0,0.0,341.5,260.5,0,4,0,2024-08-01,0.0,0.0,0.0,0.0,0
15,0.0,0.0,0.0,0.0,1.0,0,1,1.0,1.0,0.0,1,1,0,1,1,0,0,6,0.0,0.0,400.20623779296875,304.5,0,4,0,2024-08-01,0.0,0.0,0.0,0.0,0
16,0.0,0.0,0.0,0.0,1.0,0,1,1.0,1.0,0.0,1,1,0,1,1,0,0,6,0.0,0.0,428.70001220703125,374.8951110839844,0,4,0,2024-08-01,0.0,0.0,0.0,0.0,0
17,0.0,0.0,0.0,0.0,1.0,0,1,1.0,1.0,0.0,1,1,0,1,1,0,0,6,0.0,0.0,493.17510986328125,426.9784240722656,0,4,0,2024-08-01,0.0,0.0,0.0,0.0,0
18,-61.56857641737918,284.00000381469727,303.2000045776367,587.200008392334,1.0,0,1,1.0,1.0,1.0,1,1,1,1,1,0,6,0,0.0,0.0,459.0680202623083,519.2862888197229,1,4,0,2024-08-01,28.400000381469727,30.320000457763673,58.7200008392334,0.04341527866197975,0
19,-37.406810565043145,408.2000045776367,408.2000045776367,816.4000091552734,1.0,0,1,1.0,1.0,1.0,1,1,1,1,1,0,6,0,0.0,0.0,451.39311619276936,547.5201528501993,1,4,0,2024-08-01,40.820000457763676,40.820000457763676,81.64000091552735,0.06057793523660872,0
20,-53.51000061035154,535.1000061035156,535.1000061035156,1070.2000122070312,1.0,0,1,1.0,1.0,1.0,1,1,1,1,1,0,6,0,0.09133297369243353,0.0,486.2277313232422,623.0604766845703,1,4,0,2024-08-01,53.51000061035157,53.51000061035157,107.02000122070314,0.11616161387171334,0
21,-73.65500061035152,586.0500061035157,601.1000061035156,1187.1500122070313,1.0,0,1,1.0,1.0,1.0,1,1,1,1,1,0,6,0,0.14741480211408992,0.0,499.65756042480473,734.553071899414,1,4,0,2024-08-01,58.60500061035157,60.11000061035156,118.71500122070313,0.11763424230428765,0
22,-144.36359073626033,563.4500076293946,578.5000076293945,1141.950015258789,1.0,0,1,1.0,1.0,1.0,1,1,1,1,1,0,6,0,0.3857639549258643,0.0,346.0913042832709,812.8435101698541,1,4,0,2024-08-01,56.34500076293946,57.85000076293946,114.19500152587892,0.11769253244335669,0
23,-82.8700008392334,608.700008392334,608.700008392334,1217.400016784668,1.0,0,1,1.0,1.0,1.0,1,1,1,1,1,0,6,0,0.34565511345684735,0.0,398.29973793029785,781.4103450775146,1,4,0,2024-08-01,60.8700008392334,60.8700008392334,121.7400016784668,0.11616161462652802,0
24,-65.82000083923333,658.200008392334,658.200008392334,1316.400016784668,1.0,0,1,1.0,1.0,1.0,1,1,1,1,1,0,6,0,0.3526525721969554,0.0,426.0840824127198,759.0060359954833,1,4,0,2024-08-01,65.8200008392334,65.8200008392334,131.6400016784668,0.11616161126458407,0
25,-73.57000083923333,735.700008392334,735.700008392334,1471.400016784668,1.0,0,1,1.0,1.0,1.0,1,1,1,1,1,0,6,0,0.3075638254144627,0.0,509.4252994537354,836.3860408782958,1,4,0,2024-08-01,73.5700008392334,73.5700008392334,147.1400016784668,0.06313131352936316,0
26,-172.25937974309394,835.700008392334,835.700008392334,1671.400016784668,1.0,0,1,1.0,1.0,1.0,1,1,1,1,1,0,6,0,0.4528613994757629,0.0,457.2437330498748,974.1421312079377,1,4,0,2024-08-01,83.5700008392334,83.5700008392334,167.1400016784668,0.043767211093938094,0
27,-15.97193657919371,816.5000076293945,816.5000076293945,1633.000015258789,1.0,0,1,1.0,1.0,1.0,1,1,1,1,1,0,6,0,0.19615617624904816,0.0,656.3384882254938,911.5583013252874,1,4,0,2024-08-01,81.65000076293946,81.65000076293946,163.3000015258789,0.035177924856962146,0
28,-47.97552147615833,1048.3000106811523,1048.3000106811523,2096.6000213623047,1.0,0,1,1.0,1.0,1.0,1,1,1,1,1,0,6,0,0.33052142672400403,0.007860419250159274,701.8143955160292,1040.059933097252,1,4,0,2024-08-01,104.83000106811524,104.83000106811524,209.66000213623047,0.04040206300190512,0
29,6.1417241408300285,1048.3000106811523,1048.3000106811523,2096.6000213623047,0.5,3,0,1.0,0.5,1.0,0,0,1,1,0,0,6,0,0.2970892672659345,0.027936633411081643,736.8613286330175,1019.01403757792,1,4,0,2024-08-01,104.83000106811524,104.83000106811524,209.66000213623047,0.010101005429493992,0
30,57.4442363523806,1064.4333432515461,1067.600009918213,2132.033353169759,0.6666666666666666,2,0,1.0,0.6666666666666666,1.0,0,0,1,1,0,0,6,0,0.29217873989581084,0.12969547126354902,753.4285503172243,929.1371235109007,1,4,0,2024-08-01,106.44333432515462,106.7600009918213,213.20333531697588,0.010116007552613025,0
31,130.36000175476067,1111.600009918213,1111.600009918213,2223.200019836426,1.0,0,1,1.0,1.0,1.0,1,1,1,1,1,0,6,0,0.24939259440087902,0.22694650065238833,834.3751995086669,859.3262775421143,1,4,0,2024-08-01,111.16000099182129,111.16000099182129,222.32000198364258,0.010101006154534947,0
32,122.99000091552728,1119.9000091552734,1119.9000091552734,2239.800018310547,1.0,0,1,1.0,1.0,1.0,1,1,1,1,1,0,6,0,0.3527613768618799,0.2653588239993186,724.8425399780273,822.724659729004,1,4,0,2024-08-01,111.99000091552735,111.99000091552735,223.9800018310547,0.010101002854915489,0
33,110.3400009155273,1089.8993375142416,1103.4000091552734,2193.299346669515,1.0,0,1,1.0,1.0,1.0,1,1,1,1,1,0,6,0,0.28607491203512414,0.20444693576372067,778.1064804077148,877.8132583618165,1,4,0,2024-08-01,108.98993375142416,110.34000091552736,219.32993466695154,0.01083522901341873,0
34,127.07000160217285,1070.529343922933,1078.700008392334,2149.229352315267,1.0,0,1,1.0,1.0,1.0,1,1,1,1,1,0,6,0,0.2573260517844376,0.19891535748411188,795.0542545318604,864.1300106048584,1,4,0,2024-08-01,107.05293439229331,107.8700008392334,214.9229352315267,0.020939422778017316,0
35,145.17000083923335,951.700008392334,951.700008392334,1903.400016784668,1.0,0,1,1.0,1.0,1.0,1,1,1,1,1,0,6,0,0.13070525278277398,0.09040637516273836,827.3078182220459,865.6602603912354,1,4,0,2024-08-01,95.17000083923341,95.17000083923341,190.34000167846682,0.020757559148039003,0
36,258.9282744085001,944.1000061035156,944.1000061035156,1888.2000122070312,1.0,0,1,1.0,1.0,1.0,1,1,1,1,1,0,6,0,0.0,0.07110264963812318,1055.3466093694376,876.9719941461874,1,4,0,2024-08-01,94.41000061035157,94.41000061035157,188.82000122070315,0.01591429201620276,0
37,131.58000068664546,1040.800006866455,1040.800006866455,2081.60001373291,1.0,0,1,1.0,1.0,1.0,1,1,1,1,1,0,6,0,0.1450630302300426,0.08497022848346827,889.818404006958,952.362992477417,1,4,0,2024-08-01,104.08000068664552,104.08000068664552,208.16000137329104,0.015461625506145773,0
38,101.07000083923333,1010.700008392334,1010.700008392334,2021.400016784668,1.0,0,1,1.0,1.0,1.0,1,1,1,1,1,6,0,0,0.2771714122294121,0.014910394641581877,730.5628597259521,995.6300724029542,1,4,0,2024-08-01,101.0700008392334,101.0700008392334,202.1400016784668,0.06565657029248835,0
39,158.12000236511233,922.200008392334,922.200008392334,1844.400016784668,0.5,3,0,0.5,1.0,1.0,0,0,1,0,1,6,0,0,0.21477497056774114,0.004743498240091401,724.1345287322998,917.8255542755127,1,4,0,2024-08-01,92.2200008392334,92.2200008392334,184.4400016784668,0.06507626918755584,0
40,89.14000091552737,891.4000091552734,891.4000091552734,1782.8000183105469,0.0,6,0,0.0,0.0,1.0,0,0,1,0,0,5,1,0,0.3453974235789987,0.0,583.5127426147461,894.9599746704101,1,4,0,2024-08-01,89.14000091552735,89.14000091552735,178.2800018310547,0.14950781903948224,0
41,86.45000038146975,855.7133344014485,864.5000038146973,1720.2133382161458,0.0,6,0,0.0,1.0,1.0,0,0,1,0,1,6,0,0,0.40541141347393106,0.018912699292172694,508.7973819732666,848.1499752044678,1,4,0,2024-08-01,85.57133344014485,86.45000038146974,172.02133382161458,0.17816712027056605,0
42,118.69209325926556,787.0000038146973,787.0000038146973,1574.0000076293945,0.0,6,0,0.0,0.0,1.0,0,0,1,0,0,1,5,0,0.2978589137017187,0.0,552.5850375952031,843.4078823266719,1,4,0,2024-08-01,78.70000038146974,78.70000038146974,157.40000076293947,0.030305979264949087,0
43,108.8240005673623,732.0000038146973,732.0000038146973,1464.0000076293945,0.0,6,0,1.0,0.0,1.0,0,0,1,1,0,0,6,0,0.14027968680266964,0.0,629.3152725400186,823.0760238467002,1,4,0,2024-08-01,73.20000038146974,73.20000038146974,146.40000076293947,0.002225778204889644,0
44,129.82500085830685,577.0000038146973,577.0000038146973,1154.0000076293945,0.0,6,0,1.0,0.0,1.0,0,0,1,1,0,0,6,0,0.0,0.0,614.173206424713,723.508678340912,1,4,0,2024-08-01,57.70000038146973,57.70000038146973,115.40000076293946,0.007576736811103585,0
45,84.53036125763714,511.00000381469727,511.00000381469727,1022.0000076293945,0.0,6,0,1.0,0.0,1.0,0,0,1,1,0,0,6,0,0.0,0.0,577.3720360623247,676.3787573947066,1,4,0,2024-08-01,51.10000038146973,51.10000038146973,102.20000076293945,0.008355385027350557,0
46,77.45000114440916,472.50000381469727,472.50000381469727,945.0000076293945,0.0,6,0,0.0,1.0,1.0,0,0,1,0,1,6,0,0,0.0,0.0,561.5731090545654,638.7460437774658,1,4,0,2024-08-01,47.25000038146973,47.25000038146973,94.50000076293946,0.0008359048496691091,0
47,48.410000610351574,484.1000061035156,484.1000061035156,968.2000122070312,0.0,6,0,0.0,1.0,1.0,0,0,1,0,1,6,0,0,0.14155056780282704,0.0,415.57537536621095,522.709750366211,1,4,0,2024-08-01,48.41000061035157,48.41000061035157,96.82000122070313,0.0004860305908720515,0
0,0.0,0.0,0.0,0.0,1.0,0,1,1.0,1.0,0.0,1,1,0,1,1,0,0,6,0.0,0.0,299.0,311.20001220703125,0,4,1,2024-08-01,0.0,0.0,0.0,0.0,0
1,0.0,0.0,0.0,0.0,1.0,0,1,1.0,1.0,0.0,1,1,0,1,1,0,0,6,0.0,0.0,311.20001220703125,308.6431884765625,0,4,1,2024-08-01,0.0,0.0,0.0,0.0,0
2,0.0,0.0,0.0,0.0,1.0,0,1,1.0,1.0,0.0,1,1,0,1,1,0,0,6,0.0,0.0,250.1999969482422,226.19027709960938,0,4,1,2024-08-01,0.0,0.0,0.0,0.0,0
3,0.0,0.0,0.0,0.0,1.0,0,1,1.0,1.0,0.0,1,1,0,1,1,0,0,6,0.0,0.0,250.1999969482422,217.10960388183594,0,4,1,2024-08-01,0.0,0.0,0.0,0.0,0
4,0.0,0.0,0.0,0.0,1.0,0,1,1.0,1.0,0.0,1,1,0,1,1,0,0,6,0.0,0.0,250.1999969482422,210.42649841308594,0,4,1,2024-08-01,0.0,0.0,0.0,0.0,0
5,0.0,0.0,0.0,0.0,1.0,0,1,1.0,1.0,0.0,1,1,0,1,1,0,0,6,0.0,0.0,222.6999969482422,200.3349609375,0,4,1,2024-08-01,0.0,0.0,0.0,0.0,0
6,0.0,0.0,0.0,0.0,1.0,0,1,1.0,1.0,0.0,1,1,0,1,1,0,0,6,0.0,0.0,167.6999969482422,132.99432373046875,0,4,1,2024-08-01,0.0,0.0,0.0,0.0,0
7,0.0,0.0,0.0,0.0,1.0,0,1,1.0,1.0,0.0,1,1,0,1,1,0,0,6,0.0,0.0,140.1999969482422,98.53585815429688,0,4,1,2024-08-01,0.0,0.0,0.0,0.0,0
8,0.0,0.0,0.0,0.0,1.0,0,1,1.0,1.0,0.0,1,1,0,1,1,0,0,6,0.0,0.0,140.1999969482422,93.5,0,4,1,2024-08-01,0.0,0.0,0.0,0.0,0
9,0.0,0.0,0.0,0.0,1.0,0,1,1.0,1.0,0.0,1,1,0,1,1,0,0,6,0.0,0.0,140.1999969482422,93.5,0,4,1,2024-08-01,0.0,0.0,0.0,0.0,0
10,0.0,0.0,0.0,0.0,1.0,0,1,1.0,1.0,0.0,1,1,0,1,1,0,0,6,0.0,0.0,124.19999694824219,105.0,0,4,1,2024-08-01,0.0,0.0,0.0,0.0,0
11,0.0,0.0,0.0,0.0,1.0,0,1,1.0,1.0,0.0,1,1,0,1,1,0,0,6,0.0,0.0,124.19999694824219,105.0,0,4,1,2024-08-01,0.0,0.0,0.0,0.0,0
12,0.0,0.0,0.0,0.0,1.0,0,1,1.0,1.0,0.0,1,1,0,1,1,0,0,6,0.0,0.0,124.19999694824219,95.77291870117188,0,4,1,2024-08-01,0.0,0.0,0.0,0.0,0
13,0.0,0.0,0.0,0.0,1.0,0,1,1.0,1.0,0.0,1,1,0,1,1,0,0,6,0.0,0.0,155.0,135.07888793945312,0,4,1,2024-08-01,0.0,0.0,0.0,0.0,0
14,0.0,0.0,0.0,0.0,1.0,0,1,1.0,1.0,0.0,1,1,0,1,1,0,0,6,0.0,0.0,248.5,205.18174743652344,0,4,1,2024-08-01,0.0,0.0,0.0,0.0,0
15,0.0,0.0,0.0,0.0,1.0,0,1,1.0,1.0,0.0,1,1,0,1,1,0,0,6,0.0,0.0,267.3006286621094,203.8433074951172,0,4,1,2024-08-01,0.0,0.0,0.0,0.0,0
16,0.0,0.0,0.0,0.0,1.0,0,1,1.0,1.0,0.0,1,1,0,1,1,0,0,6,0.0,0.0,360.8594665527344,278.4682312011719,0,4,1,2024-08-01,0.0,0.0,0.0,0.0,0
17,0.0,0.0,0.0,0.0,1.0,0,1,1.0,1.0,0.0,1,1,0,1,1,0,0,6,0.0,0.0,375.2174072265625,281.7928466796875,0,4,1,2024-08-01,0.0,0.0,0.0,0.0,0
18,-61.56857641737918,284.00000381469727,303.2000045776367,587.200008392334,1.0,0,1,1.0,1.0,1.0,1,1,1,1,1,0,6,0,0.0,0.0,343.5581936021521,381.36859472792605,1,4,1,2024-08-01,28.400000381469727,30.320000457763673,58.7200008392334,0.04341527866197975,0
19,-37.406810565043145,408.2000045776367,408.2000045776367,816.4000091552734,1.0,0,1,1.0,1.0,1.0,1,1,1,1,1,0,6,0,0.11144508925356683,0.016915977202701497,362.7081186341756,401.29490260605877,1,4,1,2024-08-01,40.820000457763676,40.820000457763676,81.64000091552735,0.06057793523660872,0
20,-53.51000061035154,535.1000061035156,535.1000061035156,1070.2000122070312,1.0,0,1,1.0,1.0,1.0,1,1,1,1,1,0,6,0,0.2717255639948929,0.06321411973213202,389.6996551513672,501.2741302490234,1,4,1,2024-08-01,53.51000061035157,53.51000061035157,107.02000122070314,0.11616161387171334,0
21,-73.65500061035152,586.0500061035157,601.1000061035156,1187.1500122070313,1.0,0,1,1.0,1.0,1.0,1,1,1,1,1,0,6,0,0.34988347810258474,0.06767839925632767,381.0007916259766,560.4185198974609,1,4,1,2024-08-01,58.60500061035157,60.11000061035156,118.71500122070313,0.11763424230428765,0
22,-144.36359073626033,563.4500076293946,578.5000076293945,1141.950015258789,1.0,0,1,1.0,1.0,1.0,1,1,1,1,1,0,6,0,0.42986352020081686,0.0,321.2434038926459,685.5548749159478,1,4,1,2024-08-01,56.34500076293946,57.85000076293946,114.19500152587892,0.11769253244335669,0
23,-82.8700008392334,608.700008392334,608.700008392334,1217.400016784668,1.0,0,1,1.0,1.0,1.0,1,1,1,1,1,0,6,0,0.4007512985684921,0.0,364.7626895904541,618.5206966400146,1,4,1,2024-08-01,60.8700008392334,60.8700008392334,121.7400016784668,0.11616161462652802,0
24,-65.82000083923333,658.200008392334,658.200008392334,1316.400016784668,1.0,0,1,1.0,1.0,1.0,1,1,1,1,1,0,6,0,0.3591879796259466,0.025216184287037396,421.7824771881104,641.6027156829833,1,4,1,2024-08-01,65.8200008392334,65.8200008392334,131.6400016784668,0.11616161126458407,0
25,-73.57000083923333,735.700008392334,735.700008392334,1471.400016784668,1.0,0,1,1.0,1.0,1.0,1,1,1,1,1,0,6,0,0.434676775291099,0.02650255165496451,415.9083011627198,716.2020809173583,1,4,1,2024-08-01,73.5700008392334,73.5700008392334,147.1400016784668,0.06313131352936316,0
26,-172.25937974309394,835.700008392334,835.700008392334,1671.400016784668,1.0,0,1,1.0,1.0,1.0,1,1,1,1,1,0,6,0,0.6241851167137525,0.0,314.068501116281,860.4082444891877,1,4,1,2024-08-01,83.5700008392334,83.5700008392334,167.1400016784668,0.043767211093938094,0
27,-15.97193657919371,816.5000076293945,816.5000076293945,1633.000015258789,1.0,0,1,1.0,1.0,1.0,1,1,1,1,1,0,6,0,0.34888086193925405,0.05561853162900662,531.6387811942438,771.0874761299749,1,4,1,2024-08-01,81.65000076293946,81.65000076293946,163.3000015258789,0.035177924856962146,0
28,-47.97552147615833,1048.3000106811523,1048.3000106811523,2096.6000213623047,1.0,0,1,1.0,1.0,1.0,1,1,1,1,1,0,6,0,0.3529260973020278,0.09028128498825326,678.3275791097792,953.6581386636583,1,4,1,2024-08-01,104.83000106811524,104.83000106811524,209.66000213623047,0.04040206300190512,0
29,6.1417241408300285,1048.3000106811523,1048.3000106811523,2096.6000213623047,1.0,0,1,1.0,1.0,1.0,1,1,1,1,1,0,6,0,0.2711844054727098,0.10999337259828541,764.0173955275487,932.9939570115138,1,4,1,2024-08-01,104.83000106811524,104.83000106811524,209.66000213623047,0.010101005429493992,0
30,57.4442363523806,1064.4333432515461,1067.600009918213,2132.033353169759,1.0,0,1,1.0,1.0,1.0,1,1,1,1,1,0,6,0,0.24986379067268263,0.17956369752156004,798.4699931883181,875.8978046632444,1,4,1,2024-08-01,106.44333432515462,106.7600009918213,213.20333531697588,0.010116007552613025,0
31,130.36000175476067,1111.600009918213,1111.600009918213,2223.200019836426,1.0,0,1,1.0,1.0,1.0,1,1,1,1,1,0,6,0,0.2542155577031931,0.3294481153355519,829.0139934539794,745.3854816436768,1,4,1,2024-08-01,111.16000099182129,111.16000099182129,222.32000198364258,0.010101006154534947,0
32,122.99000091552728,1119.9000091552734,1119.9000091552734,2239.800018310547,1.0,0,1,1.0,1.0,1.0,1,1,1,1,1,0,6,0,0.268063067262919,0.3406464707009792,819.6961776733398,738.4100234985352,1,4,1,2024-08-01,111.99000091552735,111.99000091552735,223.9800018310547,0.010101002854915489,0
33,110.3400009155273,1089.8993375142416,1103.4000091552734,2193.299346669515,1.0,0,1,1.0,1.0,1.0,1,1,1,1,1,0,6,0,0.2614242316198283,0.2996212877557705,804.973240661621,772.7978775024415,1,4,1,2024-08-01,108.98993375142416,110.34000091552736,219.32993466695154,0.01083522901341873,0
34,127.07000160217285,1070.529343922933,1078.700008392334,2149.229352315267,1.0,0,1,1.0,1.0,1.0,1,1,1,1,1,0,6,0,0.24869829473856572,0.35330346432823995,804.2905216217041,697.5915584564209,1,4,1,2024-08-01,107.05293439229331,107.8700008392334,214.9229352315267,0.020939422778017316,0
35,145.17000083923335,951.700008392334,951.700008392334,1903.400016784668,1.0,0,1,1.0,1.0,1.0,1,1,1,1,1,0,6,0,0.056793455693498196,0.24833530552953084,897.6496761322021,715.3592960357666,1,4,1,2024-08-01,95.17000083923341,95.17000083923341,190.34000167846682,0.020757559148039003,0
36,258.9282744085001,944.1000061035156,944.1000061035156,1888.2000122070312,1.0,0,1,1.0,1.0,1.0,1,1,1,1,1,0,6,0,0.0,0.36104950780644335,1024.7026274358439,603.2331635797811,1,4,1,2024-08-01,94.41000061035157,94.41000061035157,188.82000122070315,0.01591429201620276,0
37,131.58000068664546,1040.800006866455,1040.800006866455,2081.60001373291,1.0,0,1,1.0,1.0,1.0,1,1,1,1,1,0,6,0,0.09498529166290702,0.274572761697531,941.9393146514892,755.0246746063233,1,4,1,2024-08-01,104.08000068664552,104.08000068664552,208.16000137329104,0.015461625506145773,0
38,101.07000083923333,1010.700008392334,1010.700008392334,2021.400016784668,1.0,0,1,1.0,1.0,1.0,1,1,1,1,1,6,0,0,0.1330523545436451,0.16946165095665236,876.2239925384521,839.4251163482667,1,4,1,2024-08-01,101.0700008392334,101.0700008392334,202.1400016784668,0.06565657029248835,0
39,158.12000236511233,922.200008392334,922.200008392334,1844.400016784668,1.0,0,1,1.0,1.0,1.0,1,1,1,1,1,6,0,0,0.12613911121997137,0.1865321626153558,805.8745189666748,750.1800464630127,1,4,1,2024-08-01,92.2200008392334,92.2200008392334,184.4400016784668,0.06507626918755584,0
40,89.14000091552737,891.4000091552734,891.4000091552734,1782.8000183105469,1.0,0,1,1.0,1.0,1.0,1,1,1,1,1,5,1,0,0.22721332764315508,0.0810410146967951,688.8620468139649,819.1600479125976,1,4,1,2024-08-01,89.14000091552735,89.14000091552735,178.2800018310547,0.14950781903948224,0
41,86.45000038146975,855.7133344014485,864.5000038146973,1720.2133382161458,0.3333333333333333,4,0,0.3333333333333333,1.0,1.0,0,0,1,0,1,6,0,0,0.4284838337481306,0.09074610046269302,489.05400428771975,786.0499996185303,1,4,1,2024-08-01,85.57133344014485,86.45000038146974,172.02133382161458,0.17816712027056605,0
42,118.69209325926556,787.0000038146973,787.0000038146973,1574.0000076293945,0.0,6,0,0.0,0.0,1.0,0,0,1,0,0,1,5,0,0.35864981270075524,0.12591113084187577,504.74259985106244,687.9079433618282,1,4,1,2024-08-01,78.70000038146974,78.70000038146974,157.40000076293947,0.030305979264949087,0
43,108.8240005673623,732.0000038146973,732.0000038146973,1464.0000076293945,0.0,6,0,1.0,0.0,1.0,0,0,1,1,0,0,6,0,0.27822030654786883,0.10754640348457493,528.342738360331,653.2760360537314,1,4,1,2024-08-01,73.20000038146974,73.20000038146974,146.40000076293947,0.002225778204889644,0
44,129.82500085830685,577.0000038146973,577.0000038146973,1154.0000076293945,0.0,6,0,1.0,0.0,1.0,0,0,1,1,0,0,6,0,0.03482238095300131,0.0,556.9074898719787,602.0750235557557,1,4,1,2024-08-01,57.70000038146973,57.70000038146973,115.40000076293946,0.007576736811103585,0
45,84.53036125763714,511.00000381469727,511.00000381469727,1022.0000076293945,0.0,6,0,1.0,0.0,1.0,0,0,1,1,0,0,6,0,0.0,0.0,605.003688894356,630.7696875704878,1,4,1,2024-08-01,51.10000038146973,51.10000038146973,102.20000076293945,0.008355385027350557,0
46,77.45000114440916,472.50000381469727,472.50000381469727,945.0000076293945,0.0,6,0,0.0,1.0,1.0,0,0,1,0,1,6,0,0,0.0,0.0,484.51286735534666,502.1095081329346,1,4,1,2024-08-01,47.25000038146973,47.25000038146973,94.50000076293946,0.0008359048496691091,0
47,48.410000610351574,484.1000061035156,484.1000061035156,968.2000122070312,0.0,6,0,0.0,1.0,1.0,0,0,1,0,1,6,0,0,0.20723446886333965,0.05476142610954344,383.7777984619141,457.5899993896484,1,4,1,2024-08-01,48.41000061035157,48.41000061035157,96.82000122070313,0.0004860305908720515,0
0,0.0,0.0,0.0,0.0,1.0,0,1,1.0,1.0,0.0,1,1,0,1,1,0,0,6,0.0,0.0,327.5,327.5,0,4,2,2024-08-01,0.0,0.0,0.0,0.0,0
1,0.0,0.0,0.0,0.0,1.0,0,1,1.0,1.0,0.0,1,1,0,1,1,0,0,6,0.0,0.0,327.5,327.5,0,4,2,2024-08-01,0.0,0.0,0.0,0.0,0
2,0.0,0.0,0.0,0.0,1.0,0,1,1.0,1.0,0.0,1,1,0,1,1,0,0,6,0.0,0.0,355.0,355.0,0,4,2,2024-08-01,0.0,0.0,0.0,0.0,0
3,0.0,0.0,0.0,0.0,1.0,0,1,1.0,1.0,0.0,1,1,0,1,1,0,0,6,0.0,0.0,386.5030822753906,393.5,0,4,2,2024-08-01,0.0,0.0,0.0,0.0,0
4,0.0,0.0,0.0,0.0,1.0,0,1,1.0,1.0,0.0,1,1,0,1,1,0,0,6,0.0,0.0,385.2760009765625,393.5,0,4,2,2024-08-01,0.0,0.0,0.0,0.0,0
5,0.0,0.0,0.0,0.0,1.0,0,1,1.0,1.0,0.0,1,1,0,1,1,0,0,6,0.0,0.0,385.2374267578125,381.59228515625,0,4,2,2024-08-01,0.0,0.0,0.0,0.0,0
6,0.0,0.0,0.0,0.0,1.0,0,1,1.0,1.0,0.0,1,1,0,1,1,0,0,6,0.0,0.0,387.85968017578125,352.71929931640625,0,4,2,2024-08-01,0.0,0.0,0.0,0.0,0
7,0.0,0.0,0.0,0.0,1.0,0,1,1.0,1.0,0.0,1,1,0,1,1,0,0,6,0.0,0.0,391.43475341796875,318.7364501953125,0,4,2,2024-08-01,0.0,0.0,0.0,0.0,0
8,0.0,0.0,0.0,0.0,1.0,0,1,1.0,1.0,0.0,1,1,0,1,1,0,0,6,0.0,0.0,335.79998779296875,308.29998779296875,0,4,2,2024-08-01,0.0,0.0,0.0,0.0,0
9,0.0,0.0,0.0,0.0,1.0,0,1,1.0,1.0,0.0,1,1,0,1,1,0,0,6,0.0,0.0,335.79998779296875,308.29998779296875,0,4,2,2024-08-01,0.0,0.0,0.0,0.0,0
10,0.0,0.0,0.0,0.0,1.0,0,1,1.0,1.0,0.0,1,1,0,1,1,0,0,6,0.0,0.0,335.79998779296875,308.29998779296875,0,4,2,2024-08-01,0.0,0.0,0.0,0.0,0
11,0.0,0.0,0.0,0.0,1.0,0,1,1.0,1.0,0.0,1,1,0,1,1,0,0,6,0.0,0.0,355.0,327.5,0,4,2,2024-08-01,0.0,0.0,0.0,0.0,0
12,0.0,0.0,0.0,0.0,1.0,0,1,1.0,1.0,0.0,1,1,0,1,1,0,0,6,0.0,0.0,382.5,345.9903564453125,0,4,2,2024-08-01,0.0,0.0,0.0,0.0,0
13,0.0,0.0,0.0,0.0,1.0,0,1,1.0,1.0,0.0,1,1,0,1,1,0,0,6,0.0,0.0,405.5631103515625,349.57696533203125,0,4,2,2024-08-01,0.0,0.0,0.0,0.0,0
14,0.0,0.0,0.0,0.0,1.0,0,1,1.0,1.0,0.0,1,1,0,1,1,0,0,6,0.0,0.0,539.2000122070312,441.0653991699219,0,4,2,2024-08-01,0.0,0.0,0.0,0.0,0
15,0.0,0.0,0.0,0.0,1.0,0,1,1.0,1.0,0.0,1,1,0,1,1,0,0,6,0.0,0.0,547.4000244140625,411.9366760253906,0,4,2,2024-08-01,0.0,0.0,0.0,0.0,0
16,0.0,0.0,0.0,0.0,1.0,0,1,1.0,1.0,0.0,1,1,0,1,1,0,0,6,0.0,0.0,603.1697998046875,453.54443359375,0,4,2,2024-08-01,0.0,0.0,0.0,0.0,0
17,0.0,0.0,0.0,0.0,1.0,0,1,1.0,1.0,0.0,1,1,0,1,1,0,0,6,0.0,0.0,686.6982421875,523.2000122070312,0,4,2,2024-08-01,0.0,0.0,0.0,0.0,0
18,-61.56857641737918,284.00000381469727,303.2000045776367,587.200008392334,1.0,0,1,1.0,1.0,1.0,1,1,1,1,1,0,6,0,0.0,0.0,670.7356838365271,680.9472995619104,1,4,2,2024-08-01,28.400000381469727,30.320000457763673,58.7200008392334,0.04341527866197975,0
19,-37.406810565043145,408.2000045776367,408.2000045776367,816.4000091552734,1.0,0,1,1.0,1.0,1.0,1,1,1,1,1,0,6,0,0.0,0.0,663.3649789857382,746.6530263853556,1,4,2,2024-08-01,40.820000457763676,40.820000457763676,81.64000091552735,0.06057793523660872,0
20,-53.51000061035154,535.1000061035156,535.1000061035156,1070.2000122070312,1.0,0,1,1.0,1.0,1.0,1,1,1,1,1,0,6,0,0.0,0.0,667.0277801513672,817.3762115478515,1,4,2,2024-08-01,53.51000061035157,53.51000061035157,107.02000122070314,0.11616161387171334,0
21,-73.65500061035152,586.0500061035157,601.1000061035156,1187.1500122070313,1.0,0,1,1.0,1.0,1.0,1,1,1,1,1,0,6,0,0.0,0.0,675.5949383544922,867.0414752197265,1,4,2,2024-08-01,58.60500061035157,60.11000061035156,118.71500122070313,0.11763424230428765,0
22,-144.36359073626033,563.4500076293946,578.5000076293945,1141.950015258789,1.0,0,1,1.0,1.0,1.0,1,1,1,1,1,0,6,0,0.1255219461745691,0.0,492.72466609967717,929.1636395643853,1,4,2,2024-08-01,56.34500076293946,57.85000076293946,114.19500152587892,0.11769253244335669,0
23,-82.8700008392334,608.700008392334,608.700008392334,1217.400016784668,1.0,0,1,1.0,1.0,1.0,1,1,1,1,1,0,6,0,0.06262205252832422,0.0,570.5819644927979,922.6700496673584,1,4,2,2024-08-01,60.8700008392334,60.8700008392334,121.7400016784668,0.11616161462652802,0
24,-65.82000083923333,658.200008392334,658.200008392334,1316.400016784668,1.0,0,1,1.0,1.0,1.0,1,1,1,1,1,0,6,0,0.17410540815165085,0.0,543.6038272857667,933.1200496673583,1,4,2,2024-08-01,65.8200008392334,65.8200008392334,131.6400016784668,0.11616161126458407,0
25,-73.57000083923333,735.700008392334,735.700008392334,1471.400016784668,1.0,0,1,1.0,1.0,1.0,1,1,1,1,1,0,6,0,0.29022849725252864,0.0,522.1789005279542,973.8700496673583,1,4,2,2024-08-01,73.5700008392334,73.5700008392334,147.1400016784668,0.06313131352936316,0
26,-172.25937974309394,835.700008392334,835.700008392334,1671.400016784668,1.0,0,1,1.0,1.0,1.0,1,1,1,1,1,0,6,0,0.4276032744068906,0.0,478.351948381906,1221.9594529852814,1,4,2,2024-08-01,83.5700008392334,83.5700008392334,167.1400016784668,0.043767211093938094,0
27,-15.97193657919371,816.5000076293945,816.5000076293945,1633.000015258789,1.0,0,1,1.0,1.0,1.0,1,1,1,1,1,0,6,0,0.24443494701558946,0.0,616.9188715262751,1071.1720098213812,1,4,2,2024-08-01,81.65000076293946,81.65000076293946,163.3000015258789,0.035177924856962146,0
28,-47.97552147615833,1048.3000106811523,1048.3000106811523,2096.6000213623047,1.0,0,1,1.0,1.0,1.0,1,1,1,1,1,0,6,0,0.4443634910100546,0.0,582.473758308998,1103.1755947183458,1,4,2,2024-08-01,104.83000106811524,104.83000106811524,209.66000213623047,0.04040206300190512,0
29,6.1417241408300285,1048.3000106811523,1048.3000106811523,2096.6000213623047,1.0,0,1,1.0,1.0,1.0,1,1,1,1,1,0,6,0,0.35311043405761927,0.0,678.1343388869237,1131.558227031045,1,4,2,2024-08-01,104.83000106811524,104.83000106811524,209.66000213623047,0.010101005429493992,0
30,57.4442363523806,1064.4333432515461,1067.600009918213,2132.033353169759,0.8333333333333334,1,0,1.0,0.8333333333333334,1.0,0,0,1,1,0,0,6,0,0.24734264290235597,0.0,801.1535869383181,1149.394997046057,1,4,2,2024-08-01,106.44333432515462,106.7600009918213,213.20333531697588,0.010116007552613025,0
31,130.36000175476067,1111.600009918213,1111.600009918213,2223.200019836426,1.0,0,1,1.0,1.0,1.0,1,1,1,1,1,0,6,0,0.27590697764026345,0.13057750250461325,804.9018108367919,966.4500568389893,1,4,2,2024-08-01,111.16000099182129,111.16000099182129,222.32000198364258,0.010101006154534947,0
32,122.99000091552728,1119.9000091552734,1119.9000091552734,2239.800018310547,1.0,0,1,1.0,1.0,1.0,1,1,1,1,1,0,6,0,0.2849771466288139,0.14472792628289533,800.754100036621,957.8192031860352,1,4,2,2024-08-01,111.99000091552735,111.99000091552735,223.9800018310547,0.010101002854915489,0
33,110.3400009155273,1089.8993375142416,1103.4000091552734,2193.299346669515,1.0,0,1,1.0,1.0,1.0,1,1,1,1,1,0,6,0,0.2625707905230685,0.12090759702520266,803.7236068725585,969.9905654907227,1,4,2,2024-08-01,108.98993375142416,110.34000091552736,219.32993466695154,0.01083522901341873,0
34,127.07000160217285,1070.529343922933,1078.700008392334,2149.229352315267,0.16666666666666666,5,0,1.0,0.16666666666666666,1.0,0,0,1,1,0,0,6,0,0.3051236217084608,0.2611515257896007,743.8855533599854,796.9958553314209,1,4,2,2024-08-01,107.05293439229331,107.8700008392334,214.9229352315267,0.020939422778017316,0
35,145.17000083923335,951.700008392334,951.700008392334,1903.400016784668,0.0,6,0,1.0,0.0,1.0,0,0,1,1,0,0,6,0,0.17367414349595509,0.18660373208540795,786.4143245697021,774.1092350006104,1,4,2,2024-08-01,95.17000083923341,95.17000083923341,190.34000167846682,0.020757559148039003,0
36,258.9282744085001,944.1000061035156,944.1000061035156,1888.2000122070312,0.6666666666666666,2,0,1.0,0.6666666666666666,1.0,0,0,1,1,0,0,6,0,0.0,0.2822901073111865,1008.7741606389689,677.5899140680624,1,4,2,2024-08-01,94.41000061035157,94.41000061035157,188.82000122070315,0.01591429201620276,0
37,131.58000068664546,1040.800006866455,1040.800006866455,2081.60001373291,1.0,0,1,1.0,1.0,1.0,1,1,1,1,1,0,6,0,0.10670224712386475,0.23978207779660854,929.7443073272705,791.234818649292,1,4,2,2024-08-01,104.08000068664552,104.08000068664552,208.16000137329104,0.015461625506145773,0
38,101.07000083923333,1010.700008392334,1010.700008392334,2021.400016784668,1.0,0,1,1.0,1.0,1.0,1,1,1,1,1,6,0,0,0.15533534964885676,0.19175056418322825,853.7025691986083,816.8977115631104,1,4,2,2024-08-01,101.0700008392334,101.0700008392334,202.1400016784668,0.06565657029248835,0
39,158.12000236511233,922.200008392334,922.200008392334,1844.400016784668,1.0,0,1,1.0,1.0,1.0,1,1,1,1,1,6,0,0,0.004200903681174117,0.16666913092853725,918.3259349822998,768.4977344512939,1,4,2,2024-08-01,92.2200008392334,92.2200008392334,184.4400016784668,0.06507626918755584,0
40,89.14000091552737,891.4000091552734,891.4000091552734,1782.8000183105469,0.16666666666666666,5,0,0.0,1.0,1.0,0,0,1,0,1,5,1,0,0.04290448085445655,0.012048487959978519,853.1549545288086,880.6599868774414,1,4,2,2024-08-01,89.14000091552735,89.14000091552735,178.2800018310547,0.14950781903948224,0
41,86.45000038146975,855.7133344014485,864.5000038146973,1720.2133382161458,0.0,6,0,0.0,1.0,1.0,0,0,1,0,1,6,0,0,0.05769315585634886,0.0,806.3445316314697,869.1328243255615,1,4,2,2024-08-01,85.57133344014485,86.45000038146974,172.02133382161458,0.17816712027056605,0
42,118.69209325926556,787.0000038146973,787.0000038146973,1574.0000076293945,1.0,0,1,1.0,1.0,1.0,1,1,1,1,1,1,5,0,0.0,0.0,823.1008457006718,828.9744716821407,1,4,2,2024-08-01,78.70000038146974,78.70000038146974,157.40000076293947,0.030305979264949087,0
43,108.8240005673623,732.0000038146973,732.0000038146973,1464.0000076293945,1.0,0,1,1.0,1.0,1.0,1,1,1,1,1,0,6,0,0.06705909545674496,0.06357916191576067,682.9127456845498,685.4600570498252,1,4,2,2024-08-01,73.20000038146974,73.20000038146974,146.40000076293947,0.002225778204889644,0
44,129.82500085830685,577.0000038146973,577.0000038146973,1154.0000076293945,1.0,0,1,1.0,1.0,1.0,1,1,1,1,1,0,6,0,0.0,0.0,705.9799080848693,654.8278311729432,1,4,2,2024-08-01,57.70000038146973,57.70000038146973,115.40000076293946,0.007576736811103585,0
45,84.53036125763714,511.00000381469727,511.00000381469727,1022.0000076293945,1.0,0,1,1.0,1.0,1.0,1,1,1,1,1,0,6,0,0.0,0.0,710.725368581856,718.6003760470503,1,4,2,2024-08-01,51.10000038146973,51.10000038146973,102.20000076293945,0.008355385027350557,0
46,77.45000114440916,472.50000381469727,472.50000381469727,945.0000076293945,1.0,0,1,1.0,1.0,1.0,1,1,1,1,1,6,0,0,0.0,0.0,565.8736461639404,639.9187732696533,1,4,2,2024-08-01,47.25000038146973,47.25000038146973,94.50000076293946,0.0008359048496691091,0
47,48.410000610351574,484.1000061035156,484.1000061035156,968.2000122070312,1.0,0,1,1.0,1.0,1.0,1,1,1,1,1,6,0,0,0.0,0.0,487.7026641845703,636.689974975586,1,4,2,2024-08-01,48.41000061035157,48.41000061035157,96.82000122070313,0.0004860305908720515,0
0,0.0,0.0,0.0,0.0,1.0,0,1,1.0,1.0,0.0,1,1,0,1,1,0,0,6,0.0,0.0,141.10000610351562,190.10000610351562,0,5,0,2024-08-01,0.0,0.0,0.0,0.0,0
1,0.0,0.0,0.0,0.0,1.0,0,1,1.0,1.0,0.0,1,1,0,1,1,0,0,6,0.0,0.0,158.46583557128906,190.10000610351562,0,5,0,2024-08-01,0.0,0.0,0.0,0.0,0
2,0.0,0.0,0.0,0.0,1.0,0,1,1.0,1.0,0.0,1,1,0,1,1,0,0,6,0.0,0.0,193.99755859375,217.60000610351562,0,5,0,2024-08-01,0.0,0.0,0.0,0.0,0
3,0.0,0.0,0.0,0.0,1.0,0,1,1.0,1.0,0.0,1,1,0,1,1,0,0,6,0.0,0.0,225.62973022460938,245.10000610351562,0,5,0,2024-08-01,0.0,0.0,0.0,0.0,0
4,0.0,0.0,0.0,0.0,1.0,0,1,1.0,1.0,0.0,1,1,0,1,1,0,0,6,0.0,0.0,228.429443359375,245.10000610351562,0,5,0,2024-08-01,0.0,0.0,0.0,0.0,0
5,0.0,0.0,0.0,0.0,1.0,0,1,1.0,1.0,0.0,1,1,0,1,1,0,0,6,0.0,0.0,234.43968200683594,245.10000610351562,0,5,0,2024-08-01,0.0,0.0,0.0,0.0,0
6,0.0,0.0,0.0,0.0,1.0,0,1,1.0,1.0,0.0,1,1,0,1,1,0,0,6,0.0,0.0,218.8596954345703,225.89999389648438,0,5,0,2024-08-01,0.0,0.0,0.0,0.0,0
7,0.0,0.0,0.0,0.0,1.0,0,1,1.0,1.0,0.0,1,1,0,1,1,0,0,6,0.0,0.0,223.673583984375,221.00262451171875,0,5,0,2024-08-01,0.0,0.0,0.0,0.0,0
8,0.0,0.0,0.0,0.0,1.0,0,1,1.0,1.0,0.0,1,1,0,1,1,0,0,6,0.0,0.0,225.89999389648438,205.45755004882812,0,5,0,2024-08-01,0.0,0.0,0.0,0.0,0
9,0.0,0.0,0.0,0.0,1.0,0,1,1.0,1.0,0.0,1,1,0,1,1,0,0,6,0.0,0.0,253.39999389648438,222.17807006835938,0,5,0,2024-08-01,0.0,0.0,0.0,0.0,0
10,0.0,0.0,0.0,0.0,1.0,0,1,1.0,1.0,0.0,1,1,0,1,1,0,0,6,0.0,0.0,253.39999389648438,222.0263214111328,0,5,0,2024-08-01,0.0,0.0,0.0,0.0,0
11,0.0,0.0,0.0,0.0,1.0,0,1,1.0,1.0,0.0,1,1,0,1,1,0,0,6,0.0,0.0,253.39999389648438,206.0670166015625,0,5,0,2024-08-01,0.0,0.0,0.0,0.0,0
12,0.0,0.0,0.0,0.0,1.0,0,1,1.0,1.0,0.0,1,1,0,1,1,0,0,6,0.0,0.0,253.39999389648438,169.9766082763672,0,5,0,2024-08-01,0.0,0.0,0.0,0.0,0
13,0.0,0.0,0.0,0.0,1.0,0,1,1.0,1.0,0.0,1,1,0,1,1,0,0,6,0.0,0.0,253.39999389648438,164.24586486816406,0,5,0,2024-08-01,0.0,0.0,0.0,0.0,0
14,0.0,0.0,0.0,0.0,1.0,0,1,1.0,1.0,0.0,1,1,0,1,1,0,0,6,0.0,0.0,288.834716796875,215.29733276367188,0,5,0,2024-08-01,0.0,0.0,0.0,0.0,0
15,0.0,0.0,0.0,0.0,1.0,0,1,1.0,1.0,0.0,1,1,0,1,1,0,0,6,0.0,0.0,423.27459716796875,339.7967224121094,0,5,0,2024-08-01,0.0,0.0,0.0,0.0,0
16,0.0,0.0,0.0,0.0,1.0,0,1,1.0,1.0,0.0,1,1,0,1,1,0,0,6,0.0,0.0,505.3141784667969,403.1336975097656,0,5,0,2024-08-01,0.0,0.0,0.0,0.0,0
17,0.0,0.0,0.0,0.0,1.0,0,1,1.0,1.0,0.0,1,1,0,1,1,0,0,6,0.0,0.0,621.5655517578125,506.9293212890625,0,5,0,2024-08-01,0.0,0.0,0.0,0.0,0
18,-61.56857641737918,284.00000381469727,303.2000045776367,587.200008392334,1.0,0,1,1.0,1.0,1.0,1,1,1,1,1,6,0,0,0.0,0.0,731.5800441880896,644.0118137220667,1,5,0,2024-08-01,28.400000381469727,30.320000457763673,58.7200008392334,0.010684855823204175,0
19,-37.406810565043145,408.2000045776367,408.2000045776367,816.4000091552734,1.0,0,1,1.0,1.0,1.0,1,1,1,1,1,6,0,0,0.0,0.0,695.2140390443319,666.0686147642618,1,5,0,2024-08-01,40.820000457763676,40.820000457763676,81.64000091552735,0.011231279089460228,0
20,-53.51000061035154,535.1000061035156,535.1000061035156,1070.2000122070312,1.0,0,1,1.0,1.0,1.0,1,1,1,1,1,0,6,0,0.0,0.0,679.4531341552735,717.9481719970703,1,5,0,2024-08-01,53.51000061035157,53.51000061035157,107.02000122070314,0.012029783971555233,0
21,-73.65500061035152,586.0500061035157,601.1000061035156,1187.1500122070313,1.0,0,1,1.0,1.0,1.0,1,1,1,1,1,0,6,0,0.0,0.0,653.9643231201172,844.0175494384765,1,5,0,2024-08-01,58.60500061035157,60.11000061035156,118.71500122070313,0.006249589979896281,0
22,-144.36359073626033,563.4500076293946,578.5000076293945,1141.950015258789,0.5,3,0,1.0,0.5,1.0,0,0,1,1,0,0,6,0,0.007997668458459124,0.0,558.9437212754584,932.3709149550103,1,5,0,2024-08-01,56.34500076293946,57.85000076293946,114.19500152587892,0.006255211949588779,0
23,-82.8700008392334,608.700008392334,608.700008392334,1217.400016784668,1.0,0,1,1.0,1.0,1.0,1,1,1,1,1,1,5,0,0.0,0.0,609.8737125396729,888.1196346282959,1,5,0,2024-08-01,60.8700008392334,60.8700008392334,121.7400016784668,0.00949749516485927,0
24,-65.82000083923333,658.200008392334,658.200008392334,1316.400016784668,1.0,0,1,1.0,1.0,1.0,1,1,1,1,1,6,0,0,0.0,0.0,704.9208438873292,1021.5941707611083,1,5,0,2024-08-01,65.8200008392334,65.8200008392334,131.6400016784668,0.00041597615595168974,0
25,-73.57000083923333,735.700008392334,735.700008392334,1471.400016784668,1.0,0,1,1.0,1.0,1.0,1,1,1,1,1,6,0,0,0.0,0.0,768.2188175201417,1149.7754451751707,1,5,0,2024-08-01,73.5700008392334,73.5700008392334,147.1400016784668,0.047552895497177665,0
26,-172.25937974309394,835.700008392334,835.700008392334,1671.400016784668,0.5,3,0,0.4,1.0,1.0,0,0,1,0,1,5,1,0,0.20844528978250773,0.0,661.5022779717498,1380.5876268134064,1,5,0,2024-08-01,83.5700008392334,83.5700008392334,167.1400016784668,0.1269071196673508,0
27,-15.97193657919371,816.5000076293945,816.5000076293945,1633.000015258789,0.0,6,0,0.0,1.0,1.0,0,0,1,0,1,6,0,0,0.10842484896773237,0.0,727.9711176200251,1315.7052129463812,1,5,0,2024-08-01,81.65000076293946,81.65000076293946,163.3000015258789,0.23164611647621905,0
28,-47.97552147615833,1048.3000106811523,1048.3000106811523,2096.6000213623047,0.16666666666666666,5,0,0.0,1.0,1.0,0,0,1,0,1,5,1,0,0.39794195538740174,0.0,631.1374545980605,1299.5754970620958,1,5,0,2024-08-01,104.83000106811524,104.83000106811524,209.66000213623047,0.10836130043890155,0
29,6.1417241408300285,1048.3000106811523,1048.3000106811523,2096.6000213623047,0.6666666666666666,2,0,0.6666666666666666,1.0,1.0,0,0,1,0,1,6,0,0,0.3315118607128982,0.0,700.7761235548925,1387.2583002732324,1,5,0,2024-08-01,104.83000106811524,104.83000106811524,209.66000213623047,0.04319707688221821,0
30,57.4442363523806,1064.4333432515461,1067.600009918213,2132.033353169759,1.0,0,1,1.0,1.0,1.0,1,1,1,1,1,0,6,0,0.29625261147601456,0.0,749.0921855711306,1319.455788061682,1,5,0,2024-08-01,106.44333432515462,106.7600009918213,213.20333531697588,0.07488878403051084,0
31,130.36000175476067,1111.600009918213,1111.600009918213,2223.200019836426,0.3333333333333333,4,0,0.0,0.4,1.0,0,0,1,0,0,1,5,0,0.16560311974422812,0.0,927.5155803680419,1202.923079299927,1,5,0,2024-08-01,111.16000099182129,111.16000099182129,222.32000198364258,0.06146640672412844,0
32,122.99000091552728,1119.9000091552734,1119.9000091552734,2239.800018310547,0.6666666666666666,2,0,0.0,0.8,1.0,0,0,1,0,0,1,5,0,0.2373667276132591,0.011331312371525883,854.0730087280273,1107.2100723266603,1,5,0,2024-08-01,111.99000091552735,111.99000091552735,223.9800018310547,0.034946235852244344,0
33,110.3400009155273,1089.8993375142416,1103.4000091552734,2193.299346669515,0.8333333333333334,1,0,1.0,0.8333333333333334,1.0,0,0,1,1,0,0,6,0,0.2522399442403179,0.10353442727261396,814.9831893920898,989.1601211547852,1,5,0,2024-08-01,108.98993375142416,110.34000091552736,219.32993466695154,0.021345229522544928,0
34,127.07000160217285,1070.529343922933,1078.700008392334,2149.229352315267,1.0,0,1,1.0,1.0,1.0,1,1,1,1,1,0,6,0,0.2248403888120329,0.09851662843924157,829.8311100006104,972.4301204681396,1,5,0,2024-08-01,107.05293439229331,107.8700008392334,214.9229352315267,0.30342023034599597,0
35,145.17000083923335,951.700008392334,951.700008392334,1903.400016784668,1.0,0,1,1.0,1.0,1.0,1,1,1,1,1,0,6,0,0.0,0.03261973657008418,1111.4488094329834,920.6558048248291,1,5,0,2024-08-01,95.17000083923341,95.17000083923341,190.34000167846682,0.3045944216267848,0
36,258.9282744085001,944.1000061035156,944.1000061035156,1888.2000122070312,1.0,0,1,1.0,1.0,1.0,1,1,1,1,1,6,0,0,0.0,0.20189650845800866,1184.3362944280314,753.4895112360311,1,5,0,2024-08-01,94.41000061035157,94.41000061035157,188.82000122070315,0.08294846562866169,0
37,131.58000068664546,1040.800006866455,1040.800006866455,2081.60001373291,0.8333333333333334,1,0,0.8333333333333334,1.0,1.0,0,0,1,0,1,6,0,0,0.004129172627024248,0.15188312613573873,1036.5023639678955,882.7200481414795,1,5,0,2024-08-01,104.08000068664552,104.08000068664552,208.16000137329104,0.0704828310701778,0
38,101.07000083923333,1010.700008392334,1010.700008392334,2021.400016784668,0.5,3,0,0.5,1.0,1.0,0,0,1,0,1,6,0,0,0.15493497062186815,0.15124023838811834,854.1072322845458,857.8414981842042,1,5,0,2024-08-01,101.0700008392334,101.0700008392334,202.1400016784668,0.0013553705074917939,0
39,158.12000236511233,922.200008392334,922.200008392334,1844.400016784668,1.0,0,1,1.0,1.0,1.0,1,1,1,1,1,0,6,0,0.1564157782380077,0.2329429720261452,777.9533763885498,707.3799976348877,1,5,0,2024-08-01,92.2200008392334,92.2200008392334,184.4400016784668,4.343344264895653e-09,0
40,89.14000091552737,891.4000091552734,891.4000091552734,1782.8000183105469,1.0,0,1,1.0,1.0,1.0,1,1,1,1,1,1,5,0,0.23208710190527562,0.15059452531292544,684.5175643920899,757.1600479125976,1,5,0,2024-08-01,89.14000091552735,89.14000091552735,178.2800018310547,0.04384325745924514,0
41,86.45000038146975,855.7133344014485,864.5000038146973,1720.2133382161458,1.0,0,1,1.0,1.0,1.0,1,1,1,1,1,1,5,0,0.2287759487297816,0.18573600682672398,659.9467044830322,703.9312252044678,1,5,0,2024-08-01,85.57133344014485,86.45000038146974,172.02133382161458,0.06766220958112769,0
42,118.69209325926556,787.0000038146973,787.0000038146973,1574.0000076293945,1.0,0,1,1.0,1.0,1.0,1,1,1,1,1,3,0,3,0.11891384093602941,0.1481618187948956,693.4148105444218,670.3966518579219,1,5,0,2024-08-01,78.70000038146974,78.70000038146974,157.40000076293947,0.007279533184584323,0
43,108.8240005673623,732.0000038146973,732.0000038146973,1464.0000076293945,1.0,0,1,1.0,1.0,1.0,1,1,1,1,1,6,0,0,0.026498482755081997,0.028697820444747026,712.6031143368936,710.993199139669,1,5,0,2024-08-01,73.20000038146974,73.20000038146974,146.40000076293947,0.012132558962813724,0
44,129.82500085830685,577.0000038146973,577.0000038146973,1154.0000076293945,1.0,0,1,1.0,1.0,1.0,1,1,1,1,1,6,0,0,0.0,0.0,617.1825448036193,620.0376700401307,1,5,0,2024-08-01,57.70000038146973,57.70000038146973,115.40000076293946,0.014559069773582616,0
45,84.53036125763714,511.00000381469727,511.00000381469727,1022.0000076293945,1.0,0,1,1.0,1.0,1.0,1,1,1,1,1,6,0,0,0.0,0.0,607.353786550606,700.950900949394,1,5,0,2024-08-01,51.10000038146973,51.10000038146973,102.20000076293945,0.014559068296861344,0
46,77.45000114440916,472.50000381469727,472.50000381469727,945.0000076293945,0.8333333333333334,1,0,0.0,1.0,1.0,0,0,1,0,1,1,5,0,0.0,0.0,547.4112133026123,621.2318225860596,1,5,0,2024-08-01,47.25000038146973,47.25000038146973,94.50000076293946,0.0024265145134509387,0
47,48.410000610351574,484.1000061035156,484.1000061035156,968.2000122070312,1.0,0,1,1.0,1.0,1.0,1,1,1,1,1,0,2,4,0.0,0.0,486.0262420654297,592.878207397461,1,5,0,2024-08-01,48.41000061035157,48.41000061035157,96.82000122070313,0.01788685626439423,0
0,0.0,0.0,0.0,0.0,1.0,0,1,1.0,1.0,0.0,1,1,0,1,1,0,0,6,0.0,0.0,202.59999084472656,223.09999084472656,0,5,1,2024-08-01,0.0,0.0,0.0,0.0,0
1,0.0,0.0,0.0,0.0,1.0,0,1,1.0,1.0,0.0,1,1,0,1,1,0,0,6,0.0,0.0,207.3352508544922,223.09999084472656,0,5,1,2024-08-01,0.0,0.0,0.0,0.0,0
2,0.0,0.0,0.0,0.0,1.0,0,1,1.0,1.0,0.0,1,1,0,1,1,0,0,6,0.0,0.0,194.5449676513672,212.09999084472656,0,5,1,2024-08-01,0.0,0.0,0.0,0.0,0
3,0.0,0.0,0.0,0.0,1.0,0,1,1.0,1.0,0.0,1,1,0,1,1,0,0,6,0.0,0.0,192.17721557617188,200.08566284179688,0,5,1,2024-08-01,0.0,0.0,0.0,0.0,0
4,0.0,0.0,0.0,0.0,1.0,0,1,1.0,1.0,0.0,1,1,0,1,1,0,0,6,0.0,0.0,191.94805908203125,180.96609497070312,0,5,1,2024-08-01,0.0,0.0,0.0,0.0,0
5,0.0,0.0,0.0,0.0,1.0,0,1,1.0,1.0,0.0,1,1,0,1,1,0,0,6,0.0,0.0,174.9019317626953,173.73486328125,0,5,1,2024-08-01,0.0,0.0,0.0,0.0,0
6,0.0,0.0,0.0,0.0,1.0,0,1,1.0,1.0,0.0,1,1,0,1,1,0,0,6,0.0,0.0,156.6764678955078,148.6484832763672,0,5,1,2024-08-01,0.0,0.0,0.0,0.0,0
7,0.0,0.0,0.0,0.0,1.0,0,1,1.0,1.0,0.0,1,1,0,1,1,0,0,6,0.0,0.0,167.91372680664062,145.0817413330078,0,5,1,2024-08-01,0.0,0.0,0.0,0.0,0
8,0.0,0.0,0.0,0.0,1.0,0,1,1.0,1.0,0.0,1,1,0,1,1,0,0,6,0.0,0.0,173.6999969482422,144.2535858154297,0,5,1,2024-08-01,0.0,0.0,0.0,0.0,0
9,0.0,0.0,0.0,0.0,1.0,0,1,1.0,1.0,0.0,1,1,0,1,1,0,0,6,0.0,0.0,173.6999969482422,135.6334228515625,0,5,1,2024-08-01,0.0,0.0,0.0,0.0,0
10,0.0,0.0,0.0,0.0,1.0,0,1,1.0,1.0,0.0,1,1,0,1,1,0,0,6,0.0,0.0,173.6999969482422,127.15476989746094,0,5,1,2024-08-01,0.0,0.0,0.0,0.0,0
11,0.0,0.0,0.0,0.0,1.0,0,1,1.0,1.0,0.0,1,1,0,1,1,0,0,6,0.0,0.0,173.6999969482422,127.14973449707031,0,5,1,2024-08-01,0.0,0.0,0.0,0.0,0
12,0.0,0.0,0.0,0.0,1.0,0,1,1.0,1.0,0.0,1,1,0,1,1,0,0,6,0.0,0.0,201.1083221435547,178.19386291503906,0,5,1,2024-08-01,0.0,0.0,0.0,0.0,0
13,0.0,0.0,0.0,0.0,1.0,0,1,1.0,1.0,0.0,1,1,0,1,1,0,0,6,0.0,0.0,241.5009765625,205.2944793701172,0,5,1,2024-08-01,0.0,0.0,0.0,0.0,0
14,0.0,0.0,0.0,0.0,1.0,0,1,1.0,1.0,0.0,1,1,0,1,1,0,0,6,0.0,0.0,372.4355773925781,364.1615295410156,0,5,1,2024-08-01,0.0,0.0,0.0,0.0,0
15,0.0,0.0,0.0,0.0,1.0,0,1,1.0,1.0,0.0,1,1,0,1,1,0,0,6,0.0,0.0,413.3028564453125,391.2608947753906,0,5,1,2024-08-01,0.0,0.0,0.0,0.0,0
16,0.0,0.0,0.0,0.0,1.0,0,1,1.0,1.0,0.0,1,1,0,1,1,0,0,6,0.0,0.0,534.3201293945312,487.55072021484375,0,5,1,2024-08-01,0.0,0.0,0.0,0.0,0
17,0.0,0.0,0.0,0.0,1.0,0,1,1.0,1.0,0.0,1,1,0,1,1,0,0,6,0.0,0.0,608.2799072265625,545.5122680664062,0,5,1,2024-08-01,0.0,0.0,0.0,0.0,0
18,-61.56857641737918,284.00000381469727,303.2000045776367,587.200008392334,0.8333333333333334,1,0,0.8333333333333334,1.0,1.0,0,0,1,0,1,6,0,0,0.0,0.0,557.2975734849646,660.3005100111292,1,5,1,2024-08-01,28.400000381469727,30.320000457763673,58.7200008392334,0.010684855823204175,0
19,-37.406810565043145,408.2000045776367,408.2000045776367,816.4000091552734,1.0,0,1,1.0,1.0,1.0,1,1,1,1,1,6,0,0,0.0,0.0,551.9329111146444,739.6666982603556,1,5,1,2024-08-01,40.820000457763676,40.820000457763676,81.64000091552735,0.011231279089460228,0
20,-53.51000061035154,535.1000061035156,535.1000061035156,1070.2000122070312,1.0,0,1,1.0,1.0,1.0,1,1,1,1,1,0,6,0,0.0,0.0,543.7761322021485,871.626089477539,1,5,1,2024-08-01,53.51000061035157,53.51000061035157,107.02000122070314,0.012029783971555233,0
21,-73.65500061035152,586.0500061035157,601.1000061035156,1187.1500122070313,1.0,0,1,1.0,1.0,1.0,1,1,1,1,1,0,6,0,0.309416508598927,0.0,404.716459350586,862.3550128173828,1,5,1,2024-08-01,58.60500061035157,60.11000061035156,118.71500122070313,0.006249589979896281,0
22,-144.36359073626033,563.4500076293946,578.5000076293945,1141.950015258789,1.0,0,1,1.0,1.0,1.0,1,1,1,1,1,0,6,0,0.5730866910003224,0.0,240.54430721295842,913.8635907362603,1,5,1,2024-08-01,56.34500076293946,57.85000076293946,114.19500152587892,0.006255211949588779,0
23,-82.8700008392334,608.700008392334,608.700008392334,1217.400016784668,1.0,0,1,1.0,1.0,1.0,1,1,1,1,1,1,5,0,0.5337485265990527,0.0,283.8072757720947,896.8700008392334,1,5,1,2024-08-01,60.8700008392334,60.8700008392334,121.7400016784668,0.00949749516485927,0
24,-65.82000083923333,658.200008392334,658.200008392334,1316.400016784668,1.0,0,1,1.0,1.0,1.0,1,1,1,1,1,6,0,0,0.45937641767046794,0.0,355.83844642639167,1006.7200252532958,1,5,1,2024-08-01,65.8200008392334,65.8200008392334,131.6400016784668,0.00041597615595168974,0
25,-73.57000083923333,735.700008392334,735.700008392334,1471.400016784668,0.8333333333333334,1,0,0.8333333333333334,1.0,1.0,0,0,1,0,1,6,0,0,0.610756437659336,0.0,286.36649208068854,1006.2700130462646,1,5,1,2024-08-01,73.5700008392334,73.5700008392334,147.1400016784668,0.047552895497177665,0
26,-172.25937974309394,835.700008392334,835.700008392334,1671.400016784668,0.0,6,0,0.0,0.0,1.0,0,0,1,0,0,5,1,0,0.8329922488400339,0.0,139.56837904596856,1127.4593309149689,1,5,1,2024-08-01,83.5700008392334,83.5700008392334,167.1400016784668,0.1269071196673508,1
27,-15.97193657919371,816.5000076293945,816.5000076293945,1633.000015258789,0.0,6,0,0.0,1.0,1.0,0,0,1,0,1,6,0,0,0.5564083149813591,0.0,362.1926142020563,1059.5719121651312,1,5,1,2024-08-01,81.65000076293946,81.65000076293946,163.3000015258789,0.23164611647621905,1
28,-47.97552147615833,1048.3000106811523,1048.3000106811523,2096.6000213623047,0.3333333333333333,4,0,0.2,1.0,1.0,0,0,1,0,1,5,1,0,0.7261591306746643,0.0,287.0673862386854,1132.1754726480333,1,5,1,2024-08-01,104.83000106811524,104.83000106811524,209.66000213623047,0.10836130043890155,1
29,6.1417241408300285,1048.3000106811523,1048.3000106811523,2096.6000213623047,0.0,6,0,0.0,1.0,1.0,0,0,1,0,1,6,0,0,0.6623516903789342,0.02722666232672679,353.9567265822363,1019.7583002732325,1,5,1,2024-08-01,104.83000106811524,104.83000106811524,209.66000213623047,0.04319707688221821,0
30,57.4442363523806,1064.4333432515461,1067.600009918213,2132.033353169759,1.0,0,1,1.0,1.0,1.0,1,1,1,1,1,0,6,0,0.6202926643849203,0.11394175789287407,404.1731487058962,945.9557880616819,1,5,1,2024-08-01,106.44333432515462,106.7600009918213,213.20333531697588,0.07488878403051084,0
31,130.36000175476067,1111.600009918213,1111.600009918213,2223.200019836426,1.0,0,1,1.0,1.0,1.0,1,1,1,1,1,1,5,0,0.3889951389823818,0.20471391258412638,679.1930095672607,884.0400226593018,1,5,1,2024-08-01,111.16000099182129,111.16000099182129,222.32000198364258,0.06146640672412844,0
32,122.99000091552728,1119.9000091552734,1119.9000091552734,2239.800018310547,1.0,0,1,1.0,1.0,1.0,1,1,1,1,1,1,5,0,0.28322489973842063,0.1922974153922362,802.7164413452148,904.5461318969727,1,5,1,2024-08-01,111.99000091552735,111.99000091552735,223.9800018310547,0.034946235852244344,0
33,110.3400009155273,1089.8993375142416,1103.4000091552734,2193.299346669515,1.0,0,1,1.0,1.0,1.0,1,1,1,1,1,0,6,0,0.24012284273940532,0.15872759926741767,828.1896102905273,928.2599746704102,1,5,1,2024-08-01,108.98993375142416,110.34000091552736,219.32993466695154,0.021345229522544928,0
34,127.07000160217285,1070.529343922933,1078.700008392334,2149.229352315267,1.0,0,1,1.0,1.0,1.0,1,1,1,1,1,0,6,0,0.12729303271039208,0.0872589324502417,934.2584171295166,984.5737972259521,1,5,1,2024-08-01,107.05293439229331,107.8700008392334,214.9229352315267,0.30342023034599597,0
35,145.17000083923335,951.700008392334,951.700008392334,1903.400016784668,1.0,0,1,1.0,1.0,1.0,1,1,1,1,1,0,6,0,0.0,0.10354596089078759,1125.9828670501709,853.1553165435791,1,5,1,2024-08-01,95.17000083923341,95.17000083923341,190.34000167846682,0.3045944216267848,0
36,258.9282744085001,944.1000061035156,944.1000061035156,1888.2000122070312,1.0,0,1,1.0,1.0,1.0,1,1,1,1,1,6,0,0,0.0,0.2699117561919872,1203.6863920842814,689.2763154352499,1,5,1,2024-08-01,94.41000061035157,94.41000061035157,188.82000122070315,0.08294846562866169,0
37,131.58000068664546,1040.800006866455,1040.800006866455,2081.60001373291,0.8333333333333334,1,0,0.8333333333333334,1.0,1.0,0,0,1,0,1,6,0,0,0.06736917070105662,0.23583836696769503,970.682173538208,795.3394329071045,1,5,1,2024-08-01,104.08000068664552,104.08000068664552,208.16000137329104,0.0704828310701778,0
38,101.07000083923333,1010.700008392334,1010.700008392334,2021.400016784668,1.0,0,1,1.0,1.0,1.0,1,1,1,1,1,6,0,0,0.1678697495313277,0.2487087985853938,841.0340511322021,759.3300235748292,1,5,1,2024-08-01,101.0700008392334,101.0700008392334,202.1400016784668,0.0013553705074917939,0
39,158.12000236511233,922.200008392334,922.200008392334,1844.400016784668,1.0,0,1,1.0,1.0,1.0,1,1,1,1,1,0,6,0,0.028904522244146066,0.2384731992431545,895.5442577362061,702.2800220489502,1,5,1,2024-08-01,92.2200008392334,92.2200008392334,184.4400016784668,4.343344264895653e-09,0
40,89.14000091552737,891.4000091552734,891.4000091552734,1782.8000183105469,1.0,0,1,1.0,1.0,1.0,1,1,1,1,1,1,5,0,0.08475409735884466,0.16021485449775916,815.8502059936524,748.5844863891601,1,5,1,2024-08-01,89.14000091552735,89.14000091552735,178.2800018310547,0.04384325745924514,0
41,86.45000038146975,855.7133344014485,864.5000038146973,1720.2133382161458,1.0,0,1,1.0,1.0,1.0,1,1,1,1,1,1,5,0,0.08595569469427972,0.2289837038913473,782.1599002838135,666.543590927124,1,5,1,2024-08-01,85.57133344014485,86.45000038146974,172.02133382161458,0.06766220958112769,0
42,118.69209325926556,787.0000038146973,787.0000038146973,1574.0000076293945,1.0,0,1,1.0,1.0,1.0,1,1,1,1,1,3,0,3,0.0,0.22258616462121378,817.6426547827031,611.8246914087032,1,5,1,2024-08-01,78.70000038146974,78.70000038146974,157.40000076293947,0.007279533184584323,0
43,108.8240005673623,732.0000038146973,732.0000038146973,1464.0000076293945,1.0,0,1,1.0,1.0,1.0,1,1,1,1,1,6,0,0,0.0,0.14970785492768193,822.9540054501748,622.413853436544,1,5,1,2024-08-01,73.20000038146974,73.20000038146974,146.40000076293947,0.012132558962813724,0
44,129.82500085830685,577.0000038146973,577.0000038146973,1154.0000076293945,1.0,0,1,1.0,1.0,1.0,1,1,1,1,1,6,0,0,0.0,0.016507828105828324,799.3122445106505,567.474986934662,1,5,1,2024-08-01,57.70000038146973,57.70000038146973,115.40000076293946,0.014559069773582616,0
45,84.53036125763714,511.00000381469727,511.00000381469727,1022.0000076293945,1.0,0,1,1.0,1.0,1.0,1,1,1,1,1,6,0,0,0.0,0.0,712.982936941231,585.2696265353316,1,5,1,2024-08-01,51.10000038146973,51.10000038146973,102.20000076293945,0.014559068296861344,0
46,77.45000114440916,472.50000381469727,472.50000381469727,945.0000076293945,1.0,0,1,1.0,1.0,1.0,1,1,1,1,1,1,5,0,0.0,0.0,666.8017467498779,562.1500354766846,1,5,1,2024-08-01,47.25000038146973,47.25000038146973,94.50000076293946,0.0024265145134509387,0
47,48.410000610351574,484.1000061035156,484.1000061035156,968.2000122070312,1.0,0,1,1.0,1.0,1.0,1,1,1,1,1,0,2,4,0.0,0.0,537.3474700927734,491.1899749755859,1,5,1,2024-08-01,48.41000061035157,48.41000061035157,96.82000122070313,0.01788685626439423,0
0,0.0,0.0,0.0,0.0,1.0,0,1,1.0,1.0,0.0,1,1,0,1,1,0,0,6,0.0,0.0,308.70001220703125,308.70001220703125,0,5,2,2024-08-01,0.0,0.0,0.0,0.0,0
1,0.0,0.0,0.0,0.0,1.0,0,1,1.0,1.0,0.0,1,1,0,1,1,0,0,6,0.0,0.0,336.20001220703125,336.20001220703125,0,5,2,2024-08-01,0.0,0.0,0.0,0.0,0
2,0.0,0.0,0.0,0.0,1.0,0,1,1.0,1.0,0.0,1,1,0,1,1,0,0,6,0.0,0.0,336.20001220703125,336.20001220703125,0,5,2,2024-08-01,0.0,0.0,0.0,0.0,0
3,0.0,0.0,0.0,0.0,1.0,0,1,1.0,1.0,0.0,1,1,0,1,1,0,0,6,0.0,0.0,346.493896484375,347.20001220703125,0,5,2,2024-08-01,0.0,0.0,0.0,0.0,0
4,0.0,0.0,0.0,0.0,1.0,0,1,1.0,1.0,0.0,1,1,0,1,1,0,0,6,0.0,0.0,345.15606689453125,344.6390380859375,0,5,2,2024-08-01,0.0,0.0,0.0,0.0,0
5,0.0,0.0,0.0,0.0,1.0,0,1,1.0,1.0,0.0,1,1,0,1,1,0,0,6,0.0,0.0,352.75018310546875,336.7089538574219,0,5,2,2024-08-01,0.0,0.0,0.0,0.0,0
6,0.0,0.0,0.0,0.0,1.0,0,1,1.0,1.0,0.0,1,1,0,1,1,0,0,6,0.0,0.0,355.5,322.6496276855469,0,5,2,2024-08-01,0.0,0.0,0.0,0.0,0
7,0.0,0.0,0.0,0.0,1.0,0,1,1.0,1.0,0.0,1,1,0,1,1,0,0,6,0.0,0.0,305.5,292.8974304199219,0,5,2,2024-08-01,0.0,0.0,0.0,0.0,0
8,0.0,0.0,0.0,0.0,1.0,0,1,1.0,1.0,0.0,1,1,0,1,1,0,0,6,0.0,0.0,305.5,271.08843994140625,0,5,2,2024-08-01,0.0,0.0,0.0,0.0,0
9,0.0,0.0,0.0,0.0,1.0,0,1,1.0,1.0,0.0,1,1,0,1,1,0,0,6,0.0,0.0,286.29998779296875,244.87103271484375,0,5,2,2024-08-01,0.0,0.0,0.0,0.0,0
10,0.0,0.0,0.0,0.0,1.0,0,1,1.0,1.0,0.0,1,1,0,1,1,0,0,6,0.0,0.0,286.29998779296875,213.25015258789062,0,5,2,2024-08-01,0.0,0.0,0.0,0.0,0
11,0.0,0.0,0.0,0.0,1.0,0,1,1.0,1.0,0.0,1,1,0,1,1,0,0,6,0.0,0.0,286.29998779296875,205.6282501220703,0,5,2,2024-08-01,0.0,0.0,0.0,0.0,0
12,0.0,0.0,0.0,0.0,1.0,0,1,1.0,1.0,0.0,1,1,0,1,1,0,0,6,0.0,0.0,344.6000061035156,241.39132690429688,0,5,2,2024-08-01,0.0,0.0,0.0,0.0,0
13,0.0,0.0,0.0,0.0,1.0,0,1,1.0,1.0,0.0,1,1,0,1,1,0,0,6,0.0,0.0,372.1000061035156,261.5241394042969,0,5,2,2024-08-01,0.0,0.0,0.0,0.0,0
14,0.0,0.0,0.0,0.0,1.0,0,1,1.0,1.0,0.0,1,1,0,1,1,0,0,6,0.0,0.0,440.70001220703125,318.71954345703125,0,5,2,2024-08-01,0.0,0.0,0.0,0.0,0
15,0.0,0.0,0.0,0.0,1.0,0,1,1.0,1.0,0.0,1,1,0,1,1,0,0,6,0.0,0.0,479.4261474609375,363.24676513671875,0,5,2,2024-08-01,0.0,0.0,0.0,0.0,0
16,0.0,0.0,0.0,0.0,1.0,0,1,1.0,1.0,0.0,1,1,0,1,1,0,0,6,0.0,0.0,597.5153198242188,459.57391357421875,0,5,2,2024-08-01,0.0,0.0,0.0,0.0,0
17,0.0,0.0,0.0,0.0,1.0,0,1,1.0,1.0,0.0,1,1,0,1,1,0,0,6,0.0,0.0,628.9961547851562,493.133544921875,0,5,2,2024-08-01,0.0,0.0,0.0,0.0,0
18,-61.56857641737918,284.00000381469727,303.2000045776367,587.200008392334,1.0,0,1,1.0,1.0,1.0,1,1,1,1,1,6,0,0,0.0,0.0,673.6344265123083,673.7264743665979,1,5,2,2024-08-01,28.400000381469727,30.320000457763673,58.7200008392334,0.010684855823204175,0
19,-37.406810565043145,408.2000045776367,408.2000045776367,816.4000091552734,1.0,0,1,1.0,1.0,1.0,1,1,1,1,1,6,0,0,0.0,0.0,703.8943368958944,792.7528188658243,1,5,2,2024-08-01,40.820000457763676,40.820000457763676,81.64000091552735,0.011231279089460228,0
20,-53.51000061035154,535.1000061035156,535.1000061035156,1070.2000122070312,1.0,0,1,1.0,1.0,1.0,1,1,1,1,1,0,6,0,0.0,0.0,583.9968353271485,794.3615631103515,1,5,2,2024-08-01,53.51000061035157,53.51000061035157,107.02000122070314,0.012029783971555233,0
21,-73.65500061035152,586.0500061035157,601.1000061035156,1187.1500122070313,1.0,0,1,1.0,1.0,1.0,1,1,1,1,1,0,6,0,0.01812056545434355,0.0,575.4304486083985,832.3654498291015,1,5,2,2024-08-01,58.60500061035157,60.11000061035156,118.71500122070313,0.006249589979896281,0
22,-144.36359073626033,563.4500076293946,578.5000076293945,1141.950015258789,0.3333333333333333,4,0,1.0,0.3333333333333333,1.0,0,0,1,1,0,0,6,0,0.11301767404543168,0.0,499.77019832623967,996.5636639784478,1,5,2,2024-08-01,56.34500076293946,57.85000076293946,114.19500152587892,0.006255211949588779,0
23,-82.8700008392334,608.700008392334,608.700008392334,1217.400016784668,0.16666666666666666,5,0,0.0,0.2,1.0,0,0,1,0,0,1,5,0,0.11846746497890809,0.0,536.5888614654541,962.5700740814209,1,5,2,2024-08-01,60.8700008392334,60.8700008392334,121.7400016784668,0.00949749516485927,0
24,-65.82000083923333,658.200008392334,658.200008392334,1316.400016784668,0.8333333333333334,1,0,0.8333333333333334,1.0,1.0,0,0,1,0,1,6,0,0,0.16796999334363724,0.0,547.6421573638917,957.1199275970458,1,5,2,2024-08-01,65.8200008392334,65.8200008392334,131.6400016784668,0.00041597615595168974,0
25,-73.57000083923333,735.700008392334,735.700008392334,1471.400016784668,1.0,0,1,1.0,1.0,1.0,1,1,1,1,1,6,0,0,0.21933878152846337,0.0,574.3324649810792,1037.6366512298582,1,5,2,2024-08-01,73.5700008392334,73.5700008392334,147.1400016784668,0.047552895497177665,0
26,-172.25937974309394,835.700008392334,835.700008392334,1671.400016784668,0.16666666666666666,5,0,0.0,1.0,1.0,0,0,1,0,1,5,1,0,0.6085719631100366,0.0,327.1164137139373,1204.3724168524689,1,5,2,2024-08-01,83.5700008392334,83.5700008392334,167.1400016784668,0.1269071196673508,0
27,-15.97193657919371,816.5000076293945,816.5000076293945,1633.000015258789,0.0,6,0,0.0,1.0,1.0,0,0,1,0,1,6,0,0,0.4250151358805252,0.0,469.47514594033754,1058.8946660713812,1,5,2,2024-08-01,81.65000076293946,81.65000076293946,163.3000015258789,0.23164611647621905,1
28,-47.97552147615833,1048.3000106811523,1048.3000106811523,2096.6000213623047,0.16666666666666666,5,0,0.0,1.0,1.0,0,0,1,0,1,5,1,0,0.48046273176849663,0.0,544.6309238363417,1248.0754970620958,1,5,2,2024-08-01,104.83000106811524,104.83000106811524,209.66000213623047,0.10836130043890155,1
29,6.1417241408300285,1048.3000106811523,1048.3000106811523,2096.6000213623047,0.0,6,0,0.0,1.0,1.0,0,0,1,0,1,6,0,0,0.4445313506607689,0.0,582.2977910353612,1290.6582026169824,1,5,2,2024-08-01,104.83000106811524,104.83000106811524,209.66000213623047,0.04319707688221821,0
30,57.4442363523806,1064.4333432515461,1067.600009918213,2132.033353169759,0.3333333333333333,4,0,1.0,0.3333333333333333,1.0,0,0,1,1,0,0,6,0,0.41203446499557594,0.0,625.8501201414431,1142.655739233557,1,5,2,2024-08-01,106.44333432515462,106.7600009918213,213.20333531697588,0.07488878403051084,0
31,130.36000175476067,1111.600009918213,1111.600009918213,2223.200019836426,1.0,0,1,1.0,1.0,1.0,1,1,1,1,1,1,5,0,0.3735577360208446,0.045124221363448465,696.3532268524169,1061.439925003052,1,5,2,2024-08-01,111.16000099182129,111.16000099182129,222.32000198364258,0.06146640672412844,0
32,122.99000091552728,1119.9000091552734,1119.9000091552734,2239.800018310547,1.0,0,1,1.0,1.0,1.0,1,1,1,1,1,1,5,0,0.31294453519465765,0.021153835856388022,769.4334213256835,1096.2098281860353,1,5,2,2024-08-01,111.99000091552735,111.99000091552735,223.9800018310547,0.034946235852244344,0
33,110.3400009155273,1089.8993375142416,1103.4000091552734,2193.299346669515,1.0,0,1,1.0,1.0,1.0,1,1,1,1,1,0,6,0,0.2668080856004186,0.0,799.1053817749023,1125.3599502563477,1,5,2,2024-08-01,108.98993375142416,110.34000091552736,219.32993466695154,0.021345229522544928,0
34,127.07000160217285,1070.529343922933,1078.700008392334,2149.229352315267,1.0,0,1,1.0,1.0,1.0,1,1,1,1,1,0,6,0,0.2564598381358625,0.04205364917060218,795.9815616607666,1033.3367366790771,1,5,2,2024-08-01,107.05293439229331,107.8700008392334,214.9229352315267,0.30342023034599597,0
35,145.17000083923335,951.700008392334,951.700008392334,1903.400016784668,1.0,0,1,1.0,1.0,1.0,1,1,1,1,1,0,6,0,0.0,0.007594360736729458,1159.796648788452,944.4724552154541,1,5,2,2024-08-01,95.17000083923341,95.17000083923341,190.34000167846682,0.3045944216267848,0
36,258.9282744085001,944.1000061035156,944.1000061035156,1888.2000122070312,1.0,0,1,1.0,1.0,1.0,1,1,1,1,1,6,0,0,0.0,0.10126284768915512,1338.606985346,848.4977509821249,1,5,2,2024-08-01,94.41000061035157,94.41000061035157,188.82000122070315,0.08294846562866169,0
37,131.58000068664546,1040.800006866455,1040.800006866455,2081.60001373291,1.0,0,1,1.0,1.0,1.0,1,1,1,1,1,6,0,0,0.08040335490014157,0.11022921254170263,957.1161945343017,926.073441696167,1,5,2,2024-08-01,104.08000068664552,104.08000068664552,208.16000137329104,0.0704828310701778,0
38,101.07000083923333,1010.700008392334,1010.700008392334,2021.400016784668,1.0,0,1,1.0,1.0,1.0,1,1,1,1,1,6,0,0,0.21169482718034477,0.13588005633221184,796.7400447845458,873.3660343170167,1,5,2,2024-08-01,101.0700008392334,101.0700008392334,202.1400016784668,0.0013553705074917939,0
39,158.12000236511233,922.200008392334,922.200008392334,1844.400016784668,1.0,0,1,1.0,1.0,1.0,1,1,1,1,1,0,6,0,0.016948859052889745,0.08937315610299087,906.5697704315186,839.7800830841064,1,5,2,2024-08-01,92.2200008392334,92.2200008392334,184.4400016784668,4.343344264895653e-09,0
40,89.14000091552737,891.4000091552734,891.4000091552734,1782.8000183105469,1.0,0,1,1.0,1.0,1.0,1,1,1,1,1,1,5,0,0.11211707376826745,0.011375279916354336,791.4588485717774,881.2600845336914,1,5,2,2024-08-01,89.14000091552735,89.14000091552735,178.2800018310547,0.04384325745924514,0
41,86.45000038146975,855.7133344014485,864.5000038146973,1720.2133382161458,0.8333333333333334,1,0,1.0,0.8,1.0,0,0,1,1,0,1,5,0,0.06907160929922772,0.0,796.6078372955322,883.9499629974365,1,5,2,2024-08-01,85.57133344014485,86.45000038146974,172.02133382161458,0.06766220958112769,0
42,118.69209325926556,787.0000038146973,787.0000038146973,1574.0000076293945,0.6666666666666666,2,0,0.3333333333333333,1.0,1.0,0,0,1,0,1,3,0,3,0.0,0.0,875.2396396459843,835.8078457055782,1,5,2,2024-08-01,78.70000038146974,78.70000038146974,157.40000076293947,0.007279533184584323,0
43,108.8240005673623,732.0000038146973,732.0000038146973,1464.0000076293945,0.3333333333333333,4,0,0.3333333333333333,1.0,1.0,0,0,1,0,1,6,0,0,0.0,0.0,842.8814956845498,814.4913070498252,1,5,2,2024-08-01,73.20000038146974,73.20000038146974,146.40000076293947,0.012132558962813724,0
44,129.82500085830685,577.0000038146973,577.0000038146973,1154.0000076293945,0.0,6,0,0.0,1.0,1.0,0,0,1,0,1,6,0,0,0.0,0.0,828.498890018463,686.8324698448182,1,5,2,2024-08-01,57.70000038146973,57.70000038146973,115.40000076293946,0.014559069773582616,0
45,84.53036125763714,511.00000381469727,511.00000381469727,1022.0000076293945,0.6666666666666666,2,0,0.6666666666666666,1.0,1.0,0,0,1,0,1,6,0,0,0.0,0.0,694.024440847481,617.3575781954878,1,5,2,2024-08-01,51.10000038146973,51.10000038146973,102.20000076293945,0.014559068296861344,0
46,77.45000114440916,472.50000381469727,472.50000381469727,945.0000076293945,1.0,0,1,1.0,1.0,1.0,1,1,1,1,1,1,5,0,0.0,0.0,670.9579357147217,558.3477283477783,1,5,2,2024-08-01,47.25000038146973,47.25000038146973,94.50000076293946,0.0024265145134509387,0
47,48.410000610351574,484.1000061035156,484.1000061035156,968.2000122070312,0.6666666666666666,2,0,1.0,0.0,1.0,0,0,1,1,0,0,2,4,0.0,0.0,620.7622955322265,560.7064544677735,1,5,2,2024-08-01,48.41000061035157,48.41000061035157,96.82000122070313,0.01788685626439423,0
0,0.0,0.0,0.0,0.0,1.0,0,1,1.0,1.0,0.0,1,1,0,1,1,0,0,6,0.0,0.0,340.5784912109375,327.3000183105469,0,6,0,2024-08-01,0.0,0.0,0.0,0.0,0
1,0.0,0.0,0.0,0.0,1.0,0,1,1.0,1.0,0.0,1,1,0,1,1,0,0,6,0.0,0.0,333.56036376953125,330.4539489746094,0,6,0,2024-08-01,0.0,0.0,0.0,0.0,0
2,0.0,0.0,0.0,0.0,1.0,0,1,1.0,1.0,0.0,1,1,0,1,1,0,0,6,0.0,0.0,326.4168395996094,321.75604248046875,0,6,0,2024-08-01,0.0,0.0,0.0,0.0,0
3,0.0,0.0,0.0,0.0,1.0,0,1,1.0,1.0,0.0,1,1,0,1,1,0,0,6,0.0,0.0,323.7676086425781,297.29559326171875,0,6,0,2024-08-01,0.0,0.0,0.0,0.0,0
4,0.0,0.0,0.0,0.0,1.0,0,1,1.0,1.0,0.0,1,1,0,1,1,0,0,6,0.0,0.0,323.2607116699219,249.0360107421875,0,6,0,2024-08-01,0.0,0.0,0.0,0.0,0
5,0.0,0.0,0.0,0.0,1.0,0,1,1.0,1.0,0.0,1,1,0,1,1,0,0,6,0.0,0.0,322.3802185058594,216.54576110839844,0,6,0,2024-08-01,0.0,0.0,0.0,0.0,0
6,0.0,0.0,0.0,0.0,1.0,0,1,1.0,1.0,0.0,1,1,0,1,1,0,0,6,0.0,0.0,321.9953918457031,202.2457733154297,0,6,0,2024-08-01,0.0,0.0,0.0,0.0,0
7,0.0,0.0,0.0,0.0,1.0,0,1,1.0,1.0,0.0,1,1,0,1,1,0,0,6,0.0,0.0,273.2400207519531,200.59999084472656,0,6,0,2024-08-01,0.0,0.0,0.0,0.0,0
8,0.0,0.0,0.0,0.0,1.0,0,1,1.0,1.0,0.0,1,1,0,1,1,0,0,6,0.0,0.0,272.9761962890625,200.59999084472656,0,6,0,2024-08-01,0.0,0.0,0.0,0.0,0
9,0.0,0.0,0.0,0.0,1.0,0,1,1.0,1.0,0.0,1,1,0,1,1,0,0,6,0.0,0.0,244.396728515625,189.59999084472656,0,6,0,2024-08-01,0.0,0.0,0.0,0.0,0
10,0.0,0.0,0.0,0.0,1.0,0,1,1.0,1.0,0.0,1,1,0,1,1,0,0,6,0.0,0.0,201.21273803710938,142.89999389648438,0,6,0,2024-08-01,0.0,0.0,0.0,0.0,0
11,0.0,0.0,0.0,0.0,1.0,0,1,1.0,1.0,0.0,1,1,0,1,1,0,0,6,0.0,0.0,151.09999084472656,142.89999389648438,0,6,0,2024-08-01,0.0,0.0,0.0,0.0,0
12,0.0,0.0,0.0,0.0,1.0,0,1,1.0,1.0,0.0,1,1,0,1,1,0,0,6,0.0,0.0,151.09999084472656,144.44741821289062,0,6,0,2024-08-01,0.0,0.0,0.0,0.0,0
13,0.0,0.0,0.0,0.0,1.0,0,1,1.0,1.0,0.0,1,1,0,1,1,0,0,6,0.0,0.0,162.09999084472656,151.09999084472656,0,6,0,2024-08-01,0.0,0.0,0.0,0.0,0
14,0.0,0.0,0.0,0.0,1.0,0,1,1.0,1.0,0.0,1,1,0,1,1,0,0,6,0.0,0.0,182.19601440429688,205.82315063476562,0,6,0,2024-08-01,0.0,0.0,0.0,0.0,0
15,0.0,0.0,0.0,0.0,1.0,0,1,1.0,1.0,0.0,1,1,0,1,1,0,0,6,0.0,0.0,181.29998779296875,203.0066680908203,0,6,0,2024-08-01,0.0,0.0,0.0,0.0,0
16,0.0,0.0,0.0,0.0,1.0,0,1,1.0,1.0,0.0,1,1,0,1,1,0,0,6,0.0,0.0,247.1999969482422,257.0232238769531,0,6,0,2024-08-01,0.0,0.0,0.0,0.0,0
17,0.0,0.0,0.0,0.0,1.0,0,1,1.0,1.0,0.0,1,1,0,1,1,0,0,6,0.0,0.0,330.759033203125,363.70001220703125,0,6,0,2024-08-01,0.0,0.0,0.0,0.0,0
18,-61.56857641737918,284.00000381469727,303.2000045776367,587.200008392334,0.0,6,0,1.0,0.0,1.0,0,0,1,1,0,0,6,0,0.0,0.0,436.2803005357458,607.1686130384729,1,6,0,2024-08-01,28.400000381469727,30.320000457763673,58.7200008392334,0.015385571200727597,0
19,-37.406810565043145,408.2000045776367,408.2000045776367,816.4000091552734,0.0,6,0,1.0,0.0,1.0,0,0,1,1,0,0,6,0,0.0,0.0,444.2065317201131,647.4170644712931,1,6,0,2024-08-01,40.820000457763676,40.820000457763676,81.64000091552735,0.014929187332939969,0
20,-53.51000061035154,535.1000061035156,535.1000061035156,1070.2000122070312,0.3333333333333333,4,0,1.0,0.3333333333333333,1.0,0,0,1,1,0,0,6,0,0.11903011362336947,0.0,471.40699157714846,734.910025024414,1,6,0,2024-08-01,53.51000061035157,53.51000061035157,107.02000122070314,0.3758449802671817,0
21,-73.65500061035152,586.0500061035157,601.1000061035156,1187.1500122070313,0.8333333333333334,1,0,1.0,0.8333333333333334,1.0,0,0,1,1,0,0,6,0,0.12520219216658118,0.0,512.6752606201172,763.2550982666015,1,6,0,2024-08-01,58.60500061035157,60.11000061035156,118.71500122070313,0.24895355900911817,0
22,-144.36359073626033,563.4500076293946,578.5000076293945,1141.950015258789,0.8333333333333334,1,0,1.0,0.8333333333333334,1.0,0,0,1,1,0,0,6,0,0.10226684243602284,0.0,505.8277544785834,878.9346356581353,1,6,0,2024-08-01,56.34500076293946,57.85000076293946,114.19500152587892,0.1967434621975708,0
23,-82.8700008392334,608.700008392334,608.700008392334,1217.400016784668,1.0,0,1,1.0,1.0,1.0,1,1,1,1,1,0,6,0,0.0,0.0,629.1709537506104,884.4875545501709,1,6,0,2024-08-01,60.8700008392334,60.8700008392334,121.7400016784668,0.2733477288487485,0
24,-65.82000083923333,658.200008392334,658.200008392334,1316.400016784668,0.3333333333333333,4,0,0.3333333333333333,1.0,1.0,0,0,1,0,1,6,0,0,0.20538606442654986,0.0,523.0148990631104,833.3062068939208,1,6,0,2024-08-01,65.8200008392334,65.8200008392334,131.6400016784668,0.2568418974667152,0
25,-73.57000083923333,735.700008392334,735.700008392334,1471.400016784668,0.0,6,0,0.0,1.0,1.0,0,0,1,0,1,6,0,0,0.4525300768031756,0.0,402.77362709045417,872.5699398040771,1,6,0,2024-08-01,73.5700008392334,73.5700008392334,147.1400016784668,0.3280509542991997,0
26,-172.25937974309394,835.700008392334,835.700008392334,1671.400016784668,0.0,6,0,0.0,1.0,1.0,0,0,1,0,1,6,0,0,0.6514508580034333,0.0,291.28252089167165,1131.6594651923126,1,6,0,2024-08-01,83.5700008392334,83.5700008392334,167.1400016784668,0.06753614730686,0
27,-15.97193657919371,816.5000076293945,816.5000076293945,1633.000015258789,0.0,6,0,0.0,1.0,1.0,0,0,1,0,1,6,0,0,0.4673237489697685,0.0,434.9301630301813,986.2720464424749,1,6,0,2024-08-01,81.65000076293946,81.65000076293946,163.3000015258789,0.06804747164355564,0
28,-47.97552147615833,1048.3000106811523,1048.3000106811523,2096.6000213623047,1.0,0,1,1.0,1.0,1.0,1,1,1,1,1,6,0,0,0.5906805316573911,0.0,429.0896030355604,1121.1195644449083,1,6,0,2024-08-01,104.83000106811524,104.83000106811524,209.66000213623047,0.037519816523302066,0
29,6.1417241408300285,1048.3000106811523,1048.3000106811523,2096.6000213623047,1.0,0,1,1.0,1.0,1.0,1,1,1,1,1,6,0,0,0.5693894075709569,0.0,451.40908864278316,1062.7170405076074,1,6,0,2024-08-01,104.83000106811524,104.83000106811524,209.66000213623047,0.03702078774277753,0
30,57.4442363523806,1064.4333432515461,1067.600009918213,2132.033353169759,1.0,0,1,1.0,1.0,1.0,1,1,1,1,1,0,0,6,0.5646034127152812,0.04449248636801707,463.45064504378684,1020.0998310304319,1,6,0,2024-08-01,106.44333432515462,106.7600009918213,213.20333531697588,1.8901697466833889e-10,0
31,130.36000175476067,1111.600009918213,1111.600009918213,2223.200019836426,1.0,0,1,1.0,1.0,1.0,1,1,1,1,1,6,0,0,0.502861476596752,0.18098267973372734,552.6191875457763,910.4196613311768,1,6,0,2024-08-01,111.16000099182129,111.16000099182129,222.32000198364258,5.147576022240223e-10,0
32,122.99000091552728,1119.9000091552734,1119.9000091552734,2239.800018310547,1.0,0,1,1.0,1.0,1.0,1,1,1,1,1,6,0,0,0.5227172806104912,0.19918279572705397,534.5089218139648,896.8351943969727,1,6,0,2024-08-01,111.99000091552735,111.99000091552735,223.9800018310547,0.00048333940946235617,0
33,110.3400009155273,1089.8993375142416,1103.4000091552734,2193.299346669515,0.3333333333333333,4,0,0.0,1.0,1.0,0,0,1,0,1,4,2,0,0.4848074112065193,0.18718500554185546,561.5080612182617,896.8600723266602,1,6,0,2024-08-01,108.98993375142416,110.34000091552736,219.32993466695154,0.00015699589286828072,0
34,127.07000160217285,1070.529343922933,1078.700008392334,2149.229352315267,0.3333333333333333,4,0,0.3333333333333333,1.0,1.0,0,0,1,0,1,6,0,0,0.3968324024862033,0.23732071219163198,645.7086124420166,822.7021541595459,1,6,0,2024-08-01,107.05293439229331,107.8700008392334,214.9229352315267,8.578721415827976e-05,0
35,145.17000083923335,951.700008392334,951.700008392334,1903.400016784668,0.5,3,0,0.5,1.0,1.0,0,0,1,0,1,6,0,0,0.21264704967399975,0.19687921250828516,749.3238094329834,764.3300601959229,1,6,0,2024-08-01,95.17000083923341,95.17000083923341,190.34000167846682,9.121423279928804e-05,0
36,258.9282744085001,944.1000061035156,944.1000061035156,1888.2000122070312,0.8333333333333334,1,0,1.0,0.0,1.0,0,0,1,1,0,5,1,0,0.050222517271952496,0.39001634928302864,896.6849272405314,575.8855683649374,1,6,0,2024-08-01,94.41000061035157,94.41000061035157,188.82000122070315,0.08370851131420892,0
37,131.58000068664546,1040.800006866455,1040.800006866455,2081.60001373291,0.16666666666666666,5,0,1.0,0.0,1.0,0,0,1,1,0,1,5,0,0.18545976504712333,0.3880451387172245,847.773482131958,636.9226238250733,1,6,0,2024-08-01,104.08000068664552,104.08000068664552,208.16000137329104,0.3127871158468758,0
38,101.07000083923333,1010.700008392334,1010.700008392334,2021.400016784668,1.0,0,1,1.0,1.0,1.0,1,1,1,1,1,5,1,0,0.2670864503128062,0.36219451269899944,740.7557308197021,644.6300113677979,1,6,0,2024-08-01,101.0700008392334,101.0700008392334,202.1400016784668,0.12957822317738651,0
39,158.12000236511233,922.200008392334,922.200008392334,1844.400016784668,1.0,0,1,1.0,1.0,1.0,1,1,1,1,1,0,6,0,0.22260430778097426,0.4060390574448191,716.9143138885498,547.7507862091064,1,6,0,2024-08-01,92.2200008392334,92.2200008392334,184.4400016784668,0.0008535266473967939,0
40,89.14000091552737,891.4000091552734,891.4000091552734,1782.8000183105469,1.0,0,1,1.0,1.0,1.0,1,1,1,1,1,6,0,0,0.31775953562613096,0.3487537785573139,608.1491561889649,580.5208877563476,1,6,0,2024-08-01,89.14000091552735,89.14000091552735,178.2800018310547,0.051017275450858365,0
41,86.45000038146975,855.7133344014485,864.5000038146973,1720.2133382161458,1.0,0,1,1.0,1.0,1.0,1,1,1,1,1,6,0,0,0.2892078717404492,0.31731460060611816,608.2343021392822,590.181530380249,1,6,0,2024-08-01,85.57133344014485,86.45000038146974,172.02133382161458,0.05006312485970808,0
42,118.69209325926556,787.0000038146973,787.0000038146973,1574.0000076293945,1.0,0,1,1.0,1.0,1.0,1,1,1,1,1,6,0,0,0.18767448103912532,0.288854678038883,639.3001865209843,559.6713710962032,1,6,0,2024-08-01,78.70000038146974,78.70000038146974,157.40000076293947,0.025140692154850475,0
43,108.8240005673623,732.0000038146973,732.0000038146973,1464.0000076293945,1.0,0,1,1.0,1.0,1.0,1,1,1,1,1,6,0,0,0.20829532178750615,0.2733181371397659,579.5278274716592,531.9311263857627,1,6,0,2024-08-01,73.20000038146974,73.20000038146974,146.40000076293947,0.025079948015084626,0
44,129.82500085830685,577.0000038146973,577.0000038146973,1154.0000076293945,0.6666666666666666,2,0,0.6666666666666666,1.0,1.0,0,0,1,0,1,6,0,0,0.0,0.19967771576643253,593.495960330963,461.78596105575565,1,6,0,2024-08-01,57.70000038146973,57.70000038146973,115.40000076293946,0.00012085722805359245,0
45,84.53036125763714,511.00000381469727,511.00000381469727,1022.0000076293945,0.0,6,0,0.0,0.0,1.0,0,0,1,0,0,5,1,0,0.001459841920573672,0.0967326597209219,510.25402458771526,461.56961432830036,1,6,0,2024-08-01,51.10000038146973,51.10000038146973,102.20000076293945,8.831290740143516e-05,0
46,77.45000114440916,472.50000381469727,472.50000381469727,945.0000076293945,0.8333333333333334,1,0,1.0,0.8333333333333334,1.0,0,0,1,1,0,0,6,0,0.0,0.17216924376981826,475.0747875213623,391.1500354766846,1,6,0,2024-08-01,47.25000038146973,47.25000038146973,94.50000076293946,0.2999356317273043,0
47,48.410000610351574,484.1000061035156,484.1000061035156,968.2000122070312,0.16666666666666666,5,0,1.0,0.16666666666666666,1.0,0,0,1,1,0,0,6,0,0.11253289654301592,0.3307203264151542,429.6228302001953,323.9982940673828,1,6,0,2024-08-01,48.41000061035157,48.41000061035157,96.82000122070313,0.29988504793558557,0
0,0.0,0.0,0.0,0.0,1.0,0,1,1.0,1.0,0.0,1,1,0,1,1,0,0,6,0.0,0.0,246.39999389648438,291.8999938964844,0,6,1,2024-08-01,0.0,0.0,0.0,0.0,0
1,0.0,0.0,0.0,0.0,1.0,0,1,1.0,1.0,0.0,1,1,0,1,1,0,0,6,0.0,0.0,273.321533203125,291.8999938964844,0,6,1,2024-08-01,0.0,0.0,0.0,0.0,0
2,0.0,0.0,0.0,0.0,1.0,0,1,1.0,1.0,0.0,1,1,0,1,1,0,0,6,0.0,0.0,262.3418884277344,272.70001220703125,0,6,1,2024-08-01,0.0,0.0,0.0,0.0,0
3,0.0,0.0,0.0,0.0,1.0,0,1,1.0,1.0,0.0,1,1,0,1,1,0,0,6,0.0,0.0,272.2787170410156,269.58074951171875,0,6,1,2024-08-01,0.0,0.0,0.0,0.0,0
4,0.0,0.0,0.0,0.0,1.0,0,1,1.0,1.0,0.0,1,1,0,1,1,0,0,6,0.0,0.0,245.1999969482422,245.1999969482422,0,6,1,2024-08-01,0.0,0.0,0.0,0.0,0
5,0.0,0.0,0.0,0.0,1.0,0,1,1.0,1.0,0.0,1,1,0,1,1,0,0,6,0.0,0.0,245.1999969482422,245.1999969482422,0,6,1,2024-08-01,0.0,0.0,0.0,0.0,0
6,0.0,0.0,0.0,0.0,1.0,0,1,1.0,1.0,0.0,1,1,0,1,1,0,0,6,0.0,0.0,245.1999969482422,245.1999969482422,0,6,1,2024-08-01,0.0,0.0,0.0,0.0,0
7,0.0,0.0,0.0,0.0,1.0,0,1,1.0,1.0,0.0,1,1,0,1,1,0,0,6,0.0,0.0,217.6999969482422,211.9347381591797,0,6,1,2024-08-01,0.0,0.0,0.0,0.0,0
8,0.0,0.0,0.0,0.0,1.0,0,1,1.0,1.0,0.0,1,1,0,1,1,0,0,6,0.0,0.0,217.6999969482422,187.85543823242188,0,6,1,2024-08-01,0.0,0.0,0.0,0.0,0
9,0.0,0.0,0.0,0.0,1.0,0,1,1.0,1.0,0.0,1,1,0,1,1,0,0,6,0.0,0.0,217.6999969482422,147.64276123046875,0,6,1,2024-08-01,0.0,0.0,0.0,0.0,0
10,0.0,0.0,0.0,0.0,1.0,0,1,1.0,1.0,0.0,1,1,0,1,1,0,0,6,0.0,0.0,217.6999969482422,121.59912872314453,0,6,1,2024-08-01,0.0,0.0,0.0,0.0,0
11,0.0,0.0,0.0,0.0,1.0,0,1,1.0,1.0,0.0,1,1,0,1,1,0,0,6,0.0,0.0,217.6999969482422,116.89038848876953,0,6,1,2024-08-01,0.0,0.0,0.0,0.0,0
12,0.0,0.0,0.0,0.0,1.0,0,1,1.0,1.0,0.0,1,1,0,1,1,0,0,6,0.0,0.0,294.12615966796875,186.8175506591797,0,6,1,2024-08-01,0.0,0.0,0.0,0.0,0
13,0.0,0.0,0.0,0.0,1.0,0,1,1.0,1.0,0.0,1,1,0,1,1,0,0,6,0.0,0.0,333.20318603515625,212.35484313964844,0,6,1,2024-08-01,0.0,0.0,0.0,0.0,0
14,0.0,0.0,0.0,0.0,1.0,0,1,1.0,1.0,0.0,1,1,0,1,1,0,0,6,0.0,0.0,399.3243408203125,260.6756591796875,0,6,1,2024-08-01,0.0,0.0,0.0,0.0,0
15,0.0,0.0,0.0,0.0,1.0,0,1,1.0,1.0,0.0,1,1,0,1,1,0,0,6,0.0,0.0,431.72930908203125,280.8233337402344,0,6,1,2024-08-01,0.0,0.0,0.0,0.0,0
16,0.0,0.0,0.0,0.0,1.0,0,1,1.0,1.0,0.0,1,1,0,1,1,0,0,6,0.0,0.0,518.1000366210938,356.00048828125,0,6,1,2024-08-01,0.0,0.0,0.0,0.0,0
17,0.0,0.0,0.0,0.0,1.0,0,1,1.0,1.0,0.0,1,1,0,1,1,0,0,6,0.0,0.0,529.1000366210938,357.9134521484375,0,6,1,2024-08-01,0.0,0.0,0.0,0.0,0
18,-61.56857641737918,284.00000381469727,303.2000045776367,587.200008392334,1.0,0,1,1.0,1.0,1.0,1,1,1,1,1,0,6,0,0.0,0.0,580.6039089341833,555.4849582533167,1,6,1,2024-08-01,28.400000381469727,30.320000457763673,58.7200008392334,0.015385571200727597,0
19,-37.406810565043145,408.2000045776367,408.2000045776367,816.4000091552734,1.0,0,1,1.0,1.0,1.0,1,1,1,1,1,0,6,0,0.0,0.0,575.8300058412069,588.6853750181681,1,6,1,2024-08-01,40.820000457763676,40.820000457763676,81.64000091552735,0.014929187332939969,0
20,-53.51000061035154,535.1000061035156,535.1000061035156,1070.2000122070312,0.3333333333333333,4,0,1.0,0.3333333333333333,1.0,0,0,1,1,0,0,6,0,0.0,0.0,558.9038177490235,648.609976196289,1,6,1,2024-08-01,53.51000061035157,53.51000061035157,107.02000122070314,0.3758449802671817,0
21,-73.65500061035152,586.0500061035157,601.1000061035156,1187.1500122070313,0.6666666666666666,2,0,1.0,0.6666666666666666,1.0,0,0,1,1,0,0,6,0,0.013120483855428057,0.0,578.360746459961,698.9549884033203,1,6,1,2024-08-01,58.60500061035157,60.11000061035156,118.71500122070313,0.24895355900911817,0
22,-144.36359073626033,563.4500076293946,578.5000076293945,1141.950015258789,0.8333333333333334,1,0,1.0,0.8333333333333334,1.0,0,0,1,1,0,0,6,0,0.0,0.0,578.8026690293647,865.3579755018853,1,6,1,2024-08-01,56.34500076293946,57.85000076293946,114.19500152587892,0.1967434621975708,0
23,-82.8700008392334,608.700008392334,608.700008392334,1217.400016784668,1.0,0,1,1.0,1.0,1.0,1,1,1,1,1,0,6,0,0.0,0.0,696.8422794342041,839.7658748626709,1,6,1,2024-08-01,60.8700008392334,60.8700008392334,121.7400016784668,0.2733477288487485,0
24,-65.82000083923333,658.200008392334,658.200008392334,1316.400016784668,1.0,0,1,1.0,1.0,1.0,1,1,1,1,1,6,0,0,0.0,0.0,837.4873722076417,936.6220638275146,1,6,1,2024-08-01,65.8200008392334,65.8200008392334,131.6400016784668,0.2568418974667152,0
25,-73.57000083923333,735.700008392334,735.700008392334,1471.400016784668,1.0,0,1,1.0,1.0,1.0,1,1,1,1,1,6,0,0,0.12492651341241987,0.0,643.7915714263917,1051.8677303314207,1,6,1,2024-08-01,73.5700008392334,73.5700008392334,147.1400016784668,0.3280509542991997,0
26,-172.25937974309394,835.700008392334,835.700008392334,1671.400016784668,0.5,3,0,0.5,1.0,1.0,0,0,1,0,1,6,0,0,0.4401083604226072,0.0,467.9014478936248,1215.9058641180939,1,6,1,2024-08-01,83.5700008392334,83.5700008392334,167.1400016784668,0.06753614730686,0
27,-15.97193657919371,816.5000076293945,816.5000076293945,1633.000015258789,0.3333333333333333,4,0,0.3333333333333333,1.0,1.0,0,0,1,0,1,6,0,0,0.4010193120606138,0.0,489.0677362723688,1030.6554692940374,1,6,1,2024-08-01,81.65000076293946,81.65000076293946,163.3000015258789,0.06804747164355564,0
28,-47.97552147615833,1048.3000106811523,1048.3000106811523,2096.6000213623047,1.0,0,1,1.0,1.0,1.0,1,1,1,1,1,6,0,0,0.6812105492489567,0.05091567652410422,334.1869846273573,994.9251064370958,1,6,1,2024-08-01,104.83000106811524,104.83000106811524,209.66000213623047,0.037519816523302066,0
29,6.1417241408300285,1048.3000106811523,1048.3000106811523,2096.6000213623047,0.8333333333333334,1,0,0.8333333333333334,1.0,1.0,0,0,1,0,1,6,0,0,0.6862708572540088,0.1481066628687828,328.8822636916113,893.0397944138575,1,6,1,2024-08-01,104.83000106811524,104.83000106811524,209.66000213623047,0.03702078774277753,0
30,57.4442363523806,1064.4333432515461,1067.600009918213,2132.033353169759,1.0,0,1,1.0,1.0,1.0,1,1,1,1,1,0,0,6,0.6180665048948075,0.19093083780751877,406.5427470945681,863.7622455812132,1,6,1,2024-08-01,106.44333432515462,106.7600009918213,213.20333531697588,1.8901697466833889e-10,0
31,130.36000175476067,1111.600009918213,1111.600009918213,2223.200019836426,1.0,0,1,1.0,1.0,1.0,1,1,1,1,1,6,0,0,0.46208866382449765,0.25797049020091406,597.9422466278075,824.8400104522706,1,6,1,2024-08-01,111.16000099182129,111.16000099182129,222.32000198364258,5.147576022240223e-10,0
32,122.99000091552728,1119.9000091552734,1119.9000091552734,2239.800018310547,0.5,3,0,0.5,1.0,1.0,0,0,1,0,1,6,0,0,0.37686789261000875,0.21215288895036544,697.845652770996,882.3099868774415,1,6,1,2024-08-01,111.99000091552735,111.99000091552735,223.9800018310547,0.00048333940946235617,0
33,110.3400009155273,1089.8993375142416,1103.4000091552734,2193.299346669515,0.3333333333333333,4,0,0.0,1.0,1.0,0,0,1,0,1,4,2,0,0.44454523986942174,0.32340038308493685,605.3897750854492,746.5600234985352,1,6,1,2024-08-01,108.98993375142416,110.34000091552736,219.32993466695154,0.00015699589286828072,0
34,127.07000160217285,1070.529343922933,1078.700008392334,2149.229352315267,0.5,3,0,0.5,1.0,1.0,0,0,1,0,1,6,0,0,0.3805724668010558,0.32091409262570786,663.1153507232666,732.5299739837646,1,6,1,2024-08-01,107.05293439229331,107.8700008392334,214.9229352315267,8.578721415827976e-05,0
35,145.17000083923335,951.700008392334,951.700008392334,1903.400016784668,1.0,0,1,1.0,1.0,1.0,1,1,1,1,1,6,0,0,0.2787733210745685,0.2715394390051016,686.3914363861084,693.2759220123291,1,6,1,2024-08-01,95.17000083923341,95.17000083923341,190.34000167846682,9.121423279928804e-05,0
36,258.9282744085001,944.1000061035156,944.1000061035156,1888.2000122070312,0.8333333333333334,1,0,1.0,0.0,1.0,0,0,1,1,0,5,1,0,0.0860154566209089,0.39315699950170885,862.8928129827189,572.9204804743124,1,6,1,2024-08-01,94.41000061035157,94.41000061035157,188.82000122070315,0.08370851131420892,1
37,131.58000068664546,1040.800006866455,1040.800006866455,2081.60001373291,0.16666666666666666,5,0,1.0,0.0,1.0,0,0,1,1,0,1,5,0,0.27784428460841837,0.44307019654637436,751.619673538208,579.652543258667,1,6,1,2024-08-01,104.08000068664552,104.08000068664552,208.16000137329104,0.3127871158468758,1
38,101.07000083923333,1010.700008392334,1010.700008392334,2021.400016784668,1.0,0,1,1.0,1.0,1.0,1,1,1,1,1,5,1,0,0.233537646911843,0.4040435417022969,774.6635066986083,602.3331974029542,1,6,1,2024-08-01,101.0700008392334,101.0700008392334,202.1400016784668,0.12957822317738651,0
39,158.12000236511233,922.200008392334,922.200008392334,1844.400016784668,1.0,0,1,1.0,1.0,1.0,1,1,1,1,1,0,6,0,0.11548171913487909,0.33147530263378455,815.7027660369873,616.5134815216064,1,6,1,2024-08-01,92.2200008392334,92.2200008392334,184.4400016784668,0.0008535266473967939,0
40,89.14000091552737,891.4000091552734,891.4000091552734,1782.8000183105469,1.0,0,1,1.0,1.0,1.0,1,1,1,1,1,6,0,0,0.21427372401458974,0.26304690386351887,700.3964096069336,656.9199966430664,1,6,1,2024-08-01,89.14000091552735,89.14000091552735,178.2800018310547,0.051017275450858365,0
41,86.45000038146975,855.7133344014485,864.5000038146973,1720.2133382161458,0.3333333333333333,4,0,0.3333333333333333,1.0,1.0,0,0,1,0,1,6,0,0,0.2000383744748681,0.2690096343014117,684.5378299713135,631.9411739349365,1,6,1,2024-08-01,85.57133344014485,86.45000038146974,172.02133382161458,0.05006312485970808,0
42,118.69209325926556,787.0000038146973,787.0000038146973,1574.0000076293945,0.0,6,0,0.0,1.0,1.0,0,0,1,0,1,6,0,0,0.07698990133619096,0.2588428310045976,726.4089511694218,583.2906948266719,1,6,1,2024-08-01,78.70000038146974,78.70000038146974,157.40000076293947,0.025140692154850475,0
43,108.8240005673623,732.0000038146973,732.0000038146973,1464.0000076293945,0.3333333333333333,4,0,0.3333333333333333,1.0,1.0,0,0,1,0,1,6,0,0,0.1714702357297342,0.31674373339036455,606.4837906064248,500.14358976466895,1,6,1,2024-08-01,73.20000038146974,73.20000038146974,146.40000076293947,0.025079948015084626,0
44,129.82500085830685,577.0000038146973,577.0000038146973,1154.0000076293945,1.0,0,1,1.0,1.0,1.0,1,1,1,1,1,6,0,0,0.010099070298781328,0.26503462607957495,571.1728402137755,424.07502355575565,1,6,1,2024-08-01,57.70000038146973,57.70000038146973,115.40000076293946,0.00012085722805359245,0
45,84.53036125763714,511.00000381469727,511.00000381469727,1022.0000076293945,1.0,0,1,1.0,1.0,1.0,1,1,1,1,1,5,1,0,0.05917748019597667,0.13528442297887042,480.760311208809,441.86966315642536,1,6,1,2024-08-01,51.10000038146973,51.10000038146973,102.20000076293945,8.831290740143516e-05,0
46,77.45000114440916,472.50000381469727,472.50000381469727,945.0000076293945,0.6666666666666666,2,0,1.0,0.6666666666666666,1.0,0,0,1,1,0,0,6,0,0.0,0.08214129104096511,481.35673942565916,433.6882434844971,1,6,1,2024-08-01,47.25000038146973,47.25000038146973,94.50000076293946,0.2999356317273043,0
47,48.410000610351574,484.1000061035156,484.1000061035156,968.2000122070312,0.5,3,0,1.0,0.5,1.0,0,0,1,1,0,0,6,0,0.0,0.06781407337545278,527.6616485595703,451.2712127685547,1,6,1,2024-08-01,48.41000061035157,48.41000061035157,96.82000122070313,0.29988504793558557,0
0,0.0,0.0,0.0,0.0,1.0,0,1,1.0,1.0,0.0,1,1,0,1,1,0,0,6,0.0,0.0,262.20001220703125,262.20001220703125,0,6,2,2024-08-01,0.0,0.0,0.0,0.0,0
1,0.0,0.0,0.0,0.0,1.0,0,1,1.0,1.0,0.0,1,1,0,1,1,0,0,6,0.0,0.0,259.8869934082031,258.62255859375,0,6,2,2024-08-01,0.0,0.0,0.0,0.0,0
2,0.0,0.0,0.0,0.0,1.0,0,1,1.0,1.0,0.0,1,1,0,1,1,0,0,6,0.0,0.0,253.31927490234375,255.3160858154297,0,6,2,2024-08-01,0.0,0.0,0.0,0.0,0
3,0.0,0.0,0.0,0.0,1.0,0,1,1.0,1.0,0.0,1,1,0,1,1,0,0,6,0.0,0.0,249.2579345703125,235.8324432373047,0,6,2,2024-08-01,0.0,0.0,0.0,0.0,0
4,0.0,0.0,0.0,0.0,1.0,0,1,1.0,1.0,0.0,1,1,0,1,1,0,0,6,0.0,0.0,249.31907653808594,207.5487060546875,0,6,2,2024-08-01,0.0,0.0,0.0,0.0,0
5,0.0,0.0,0.0,0.0,1.0,0,1,1.0,1.0,0.0,1,1,0,1,1,0,0,6,0.0,0.0,258.2923889160156,194.2929229736328,0,6,2,2024-08-01,0.0,0.0,0.0,0.0,0
6,0.0,0.0,0.0,0.0,1.0,0,1,1.0,1.0,0.0,1,1,0,1,1,0,0,6,0.0,0.0,234.6999969482422,158.9815216064453,0,6,2,2024-08-01,0.0,0.0,0.0,0.0,0
7,0.0,0.0,0.0,0.0,1.0,0,1,1.0,1.0,0.0,1,1,0,1,1,0,0,6,0.0,0.0,234.6999969482422,124.54583740234375,0,6,2,2024-08-01,0.0,0.0,0.0,0.0,0
8,0.0,0.0,0.0,0.0,1.0,0,1,1.0,1.0,0.0,1,1,0,1,1,0,0,6,0.0,0.0,207.1999969482422,81.13616943359375,0,6,2,2024-08-01,0.0,0.0,0.0,0.0,0
9,0.0,0.0,0.0,0.0,1.0,0,1,1.0,1.0,0.0,1,1,0,1,1,0,0,6,0.0,0.0,207.1999969482422,62.047340393066406,0,6,2,2024-08-01,0.0,0.0,0.0,0.0,0
10,0.0,0.0,0.0,0.0,1.0,0,1,1.0,1.0,0.0,1,1,0,1,1,0,0,6,0.0,0.0,196.1999969482422,49.5,0,6,2,2024-08-01,0.0,0.0,0.0,0.0,0
11,0.0,0.0,0.0,0.0,1.0,0,1,1.0,1.0,0.0,1,1,0,1,1,0,0,6,0.0,0.0,196.1999969482422,49.5,0,6,2,2024-08-01,0.0,0.0,0.0,0.0,0
12,0.0,0.0,0.0,0.0,1.0,0,1,1.0,1.0,0.0,1,1,0,1,1,0,0,6,0.0,0.0,146.1999969482422,43.198890686035156,0,6,2,2024-08-01,0.0,0.0,0.0,0.0,0
13,0.0,0.0,0.0,0.0,1.0,0,1,1.0,1.0,0.0,1,1,0,1,1,0,0,6,0.0,0.0,165.39999389648438,56.353206634521484,0,6,2,2024-08-01,0.0,0.0,0.0,0.0,0
14,0.0,0.0,0.0,0.0,1.0,0,1,1.0,1.0,0.0,1,1,0,1,1,0,0,6,0.0,0.0,214.89999389648438,84.89080810546875,0,6,2,2024-08-01,0.0,0.0,0.0,0.0,0
15,0.0,0.0,0.0,0.0,1.0,0,1,1.0,1.0,0.0,1,1,0,1,1,0,0,6,0.0,0.0,225.89999389648438,92.56674194335938,0,6,2,2024-08-01,0.0,0.0,0.0,0.0,0
16,0.0,0.0,0.0,0.0,1.0,0,1,1.0,1.0,0.0,1,1,0,1,1,0,0,6,0.0,0.0,397.1328430175781,272.5999755859375,0,6,2,2024-08-01,0.0,0.0,0.0,0.0,0
17,0.0,0.0,0.0,0.0,1.0,0,1,1.0,1.0,0.0,1,1,0,1,1,0,0,6,0.0,0.0,460.6244812011719,442.00091552734375,0,6,2,2024-08-01,0.0,0.0,0.0,0.0,0
18,-61.56857641737918,284.00000381469727,303.2000045776367,587.200008392334,1.0,0,1,1.0,1.0,1.0,1,1,1,1,1,0,6,0,0.0,0.0,397.3420070787146,501.7576633314417,1,6,2,2024-08-01,28.400000381469727,30.320000457763673,58.7200008392334,0.015385571200727597,0
19,-37.406810565043145,408.2000045776367,408.2000045776367,816.4000091552734,1.0,0,1,1.0,1.0,1.0,1,1,1,1,1,0,6,0,0.0,0.0,499.7862436341756,664.9395254087931,1,6,2,2024-08-01,40.820000457763676,40.820000457763676,81.64000091552735,0.014929187332939969,0
20,-53.51000061035154,535.1000061035156,535.1000061035156,1070.2000122070312,0.5,3,0,1.0,0.5,1.0,0,0,1,1,0,0,6,0,0.02073340052789531,0.0,524.0055633544922,713.9157012939453,1,6,2,2024-08-01,53.51000061035157,53.51000061035157,107.02000122070314,0.3758449802671817,0
21,-73.65500061035152,586.0500061035157,601.1000061035156,1187.1500122070313,1.0,0,1,1.0,1.0,1.0,1,1,1,1,1,0,6,0,0.03814317923726167,0.0,563.696195678711,750.3625201416015,1,6,2,2024-08-01,58.60500061035157,60.11000061035156,118.71500122070313,0.24895355900911817,0
22,-144.36359073626033,563.4500076293946,578.5000076293945,1141.950015258789,1.0,0,1,1.0,1.0,1.0,1,1,1,1,1,0,6,0,0.044744959167677636,0.0,538.2384600449897,823.4257245253228,1,6,2,2024-08-01,56.34500076293946,57.85000076293946,114.19500152587892,0.1967434621975708,0
23,-82.8700008392334,608.700008392334,608.700008392334,1217.400016784668,0.6666666666666666,2,0,1.0,0.6666666666666666,1.0,0,0,1,1,0,0,6,0,0.0,0.0,647.7283267974854,795.3925838470459,1,6,2,2024-08-01,60.8700008392334,60.8700008392334,121.7400016784668,0.2733477288487485,0
24,-65.82000083923333,658.200008392334,658.200008392334,1316.400016784668,0.3333333333333333,4,0,0.3333333333333333,1.0,1.0,0,0,1,0,1,6,0,0,0.0,0.0,709.8723819732667,862.0106136322021,1,6,2,2024-08-01,65.8200008392334,65.8200008392334,131.6400016784668,0.2568418974667152,0
25,-73.57000083923333,735.700008392334,735.700008392334,1471.400016784668,0.0,6,0,0.0,1.0,1.0,0,0,1,0,1,6,0,0,0.2999963621155755,0.0,514.9926822662354,923.1546566009521,1,6,2,2024-08-01,73.5700008392334,73.5700008392334,147.1400016784668,0.3280509542991997,0
26,-172.25937974309394,835.700008392334,835.700008392334,1671.400016784668,0.0,6,0,0.0,1.0,1.0,0,0,1,0,1,6,0,0,0.5890388874369743,0.0,343.4402052178435,1057.6730760321564,1,6,2,2024-08-01,83.5700008392334,83.5700008392334,167.1400016784668,0.06753614730686,0
27,-15.97193657919371,816.5000076293945,816.5000076293945,1633.000015258789,0.8333333333333334,1,0,0.8333333333333334,1.0,1.0,0,0,1,0,1,6,0,0,0.4580567211074162,0.0,442.4966913504938,945.1626104073187,1,6,2,2024-08-01,81.65000076293946,81.65000076293946,163.3000015258789,0.06804747164355564,0
28,-47.97552147615833,1048.3000106811523,1048.3000106811523,2096.6000213623047,1.0,0,1,1.0,1.0,1.0,1,1,1,1,1,6,0,0,0.6120695313660506,0.06618599358224757,406.6675144125135,978.9172329019395,1,6,2,2024-08-01,104.83000106811524,104.83000106811524,209.66000213623047,0.037519816523302066,0
29,6.1417241408300285,1048.3000106811523,1048.3000106811523,2096.6000213623047,0.5,3,0,0.5,1.0,1.0,0,0,1,0,1,6,0,0,0.5717007436466268,0.08271340033513344,448.98611500997066,961.5915522263575,1,6,2,2024-08-01,104.83000106811524,104.83000106811524,209.66000213623047,0.03702078774277753,0
30,57.4442363523806,1064.4333432515461,1067.600009918213,2132.033353169759,1.0,0,1,1.0,1.0,1.0,1,1,1,1,1,0,0,6,0.42445172557389543,0.09024369813914365,612.6327739500368,971.2558368898069,1,6,2,2024-08-01,106.44333432515462,106.7600009918213,213.20333531697588,1.8901697466833889e-10,0
31,130.36000175476067,1111.600009918213,1111.600009918213,2223.200019836426,1.0,0,1,1.0,1.0,1.0,1,1,1,1,1,6,0,0,0.3696590303435658,0.21955738132538163,700.6870281219482,867.5400226593018,1,6,2,2024-08-01,111.16000099182129,111.16000099182129,222.32000198364258,5.147576022240223e-10,0
32,122.99000091552728,1119.9000091552734,1119.9000091552734,2239.800018310547,0.8333333333333334,1,0,0.8333333333333334,1.0,1.0,0,0,1,0,1,6,0,0,0.34427569714469086,0.24635235986728948,734.345652770996,844.0099990844727,1,6,2,2024-08-01,111.99000091552735,111.99000091552735,223.9800018310547,0.00048333940946235617,0
33,110.3400009155273,1089.8993375142416,1103.4000091552734,2193.299346669515,1.0,0,1,1.0,1.0,1.0,1,1,1,1,1,4,2,0,0.44765336426954794,0.36409281016624206,602.0022323608398,701.6599990844727,1,6,2,2024-08-01,108.98993375142416,110.34000091552736,219.32993466695154,0.00015699589286828072,0
34,127.07000160217285,1070.529343922933,1078.700008392334,2149.229352315267,1.0,0,1,1.0,1.0,1.0,1,1,1,1,1,6,0,0,0.4217132250306464,0.36504125978581503,619.072961807251,684.9299983978271,1,6,2,2024-08-01,107.05293439229331,107.8700008392334,214.9229352315267,8.578721415827976e-05,0
35,145.17000083923335,951.700008392334,951.700008392334,1903.400016784668,1.0,0,1,1.0,1.0,1.0,1,1,1,1,1,6,0,0,0.28368095291289175,0.2704318660943709,681.7208431243896,694.3299991607666,1,6,2,2024-08-01,95.17000083923341,95.17000083923341,190.34000167846682,9.121423279928804e-05,0
36,258.9282744085001,944.1000061035156,944.1000061035156,1888.2000122070312,0.8333333333333334,1,0,1.0,0.0,1.0,0,0,1,1,0,5,1,0,0.11423353295066928,0.3287347512984753,836.2521269475626,633.7415253961874,1,6,2,2024-08-01,94.41000061035157,94.41000061035157,188.82000122070315,0.08370851131420892,0
37,131.58000068664546,1040.800006866455,1040.800006866455,2081.60001373291,0.6666666666666666,2,0,1.0,0.6,1.0,0,0,1,1,0,1,5,0,0.23945547036802162,0.26013150838872184,791.574751663208,770.055131149292,1,6,2,2024-08-01,104.08000068664552,104.08000068664552,208.16000137329104,0.3127871158468758,0
38,101.07000083923333,1010.700008392334,1010.700008392334,2021.400016784668,1.0,0,1,1.0,1.0,1.0,1,1,1,1,1,5,1,0,0.0,0.08381254534765206,1013.7611629486083,925.9906681060792,1,6,2,2024-08-01,101.0700008392334,101.0700008392334,202.1400016784668,0.12957822317738651,0
39,158.12000236511233,922.200008392334,922.200008392334,1844.400016784668,1.0,0,1,1.0,1.0,1.0,1,1,1,1,1,0,6,0,0.0,0.16385199646514653,976.3485179901123,771.0956958770752,1,6,2,2024-08-01,92.2200008392334,92.2200008392334,184.4400016784668,0.0008535266473967939,0
40,89.14000091552737,891.4000091552734,891.4000091552734,1782.8000183105469,1.0,0,1,1.0,1.0,1.0,1,1,1,1,1,6,0,0,0.05824700993897663,0.13915190576265096,839.4786239624024,767.3599990844726,1,6,2,2024-08-01,89.14000091552735,89.14000091552735,178.2800018310547,0.051017275450858365,0
41,86.45000038146975,855.7133344014485,864.5000038146973,1720.2133382161458,0.6666666666666666,2,0,0.6666666666666666,1.0,1.0,0,0,1,0,1,6,0,0,0.13997414028920735,0.16327351618878308,735.9355960845947,723.3500484466553,1,6,2,2024-08-01,85.57133344014485,86.45000038146974,172.02133382161458,0.05006312485970808,0
42,118.69209325926556,787.0000038146973,787.0000038146973,1574.0000076293945,0.5,3,0,0.5,1.0,1.0,0,0,1,0,1,6,0,0,0.15988456185501335,0.27965961934079864,661.1708530248906,566.9078823266719,1,6,2,2024-08-01,78.70000038146974,78.70000038146974,157.40000076293947,0.025140692154850475,0
43,108.8240005673623,732.0000038146973,732.0000038146973,1464.0000076293945,1.0,0,1,1.0,1.0,1.0,1,1,1,1,1,6,0,0,0.13201701087770495,0.20085248063237623,635.3635513486123,584.9759872256064,1,6,2,2024-08-01,73.20000038146974,73.20000038146974,146.40000076293947,0.025079948015084626,0
44,129.82500085830685,577.0000038146973,577.0000038146973,1154.0000076293945,1.0,0,1,1.0,1.0,1.0,1,1,1,1,1,6,0,0,0.0,0.10350958178892347,592.8877144813537,517.2749747276307,1,6,2,2024-08-01,57.70000038146973,57.70000038146973,115.40000076293946,0.00012085722805359245,0
45,84.53036125763714,511.00000381469727,511.00000381469727,1022.0000076293945,1.0,0,1,1.0,1.0,1.0,1,1,1,1,1,5,1,0,0.0,0.0,530.2421837674028,573.4695777072066,1,6,2,2024-08-01,51.10000038146973,51.10000038146973,102.20000076293945,8.831290740143516e-05,0
46,77.45000114440916,472.50000381469727,472.50000381469727,945.0000076293945,0.0,6,0,1.0,0.0,1.0,0,0,1,1,0,0,6,0,0.0,0.0,518.7304576873779,560.4112049102783,1,6,2,2024-08-01,47.25000038146973,47.25000038146973,94.50000076293946,0.2999356317273043,0
47,48.410000610351574,484.1000061035156,484.1000061035156,968.2000122070312,0.0,6,0,1.0,0.0,1.0,0,0,1,1,0,0,6,0,0.0,0.0,503.0303924560547,560.1899139404297,1,6,2,2024-08-01,48.41000061035157,48.41000061035157,96.82000122070313,0.29988504793558557,0
0,0.0,0.0,0.0,0.0,1.0,0,1,1.0,1.0,0.0,1,1,0,1,1,0,0,6,0.0,0.0,148.39999389648438,148.39999389648438,0,7,0,2024-08-01,0.0,0.0,0.0,0.0,0
1,0.0,0.0,0.0,0.0,1.0,0,1,1.0,1.0,0.0,1,1,0,1,1,0,0,6,0.0,0.0,167.59999084472656,167.59999084472656,0,7,0,2024-08-01,0.0,0.0,0.0,0.0,0
2,0.0,0.0,0.0,0.0,1.0,0,1,1.0,1.0,0.0,1,1,0,1,1,0,0,6,0.0,0.0,167.59999084472656,167.59999084472656,0,7,0,2024-08-01,0.0,0.0,0.0,0.0,0
3,0.0,0.0,0.0,0.0,1.0,0,1,1.0,1.0,0.0,1,1,0,1,1,0,0,6,0.0,0.0,195.09999084472656,195.09999084472656,0,7,0,2024-08-01,0.0,0.0,0.0,0.0,0
4,0.0,0.0,0.0,0.0,1.0,0,1,1.0,1.0,0.0,1,1,0,1,1,0,0,6,0.0,0.0,167.59999084472656,167.59999084472656,0,7,0,2024-08-01,0.0,0.0,0.0,0.0,0
5,0.0,0.0,0.0,0.0,1.0,0,1,1.0,1.0,0.0,1,1,0,1,1,0,0,6,0.0,0.0,167.59999084472656,167.59999084472656,0,7,0,2024-08-01,0.0,0.0,0.0,0.0,0
6,0.0,0.0,0.0,0.0,1.0,0,1,1.0,1.0,0.0,1,1,0,1,1,0,0,6,0.0,0.0,167.59999084472656,167.59999084472656,0,7,0,2024-08-01,0.0,0.0,0.0,0.0,0
7,0.0,0.0,0.0,0.0,1.0,0,1,1.0,1.0,0.0,1,1,0,1,1,0,0,6,0.0,0.0,167.59999084472656,167.59999084472656,0,7,0,2024-08-01,0.0,0.0,0.0,0.0,0
8,0.0,0.0,0.0,0.0,1.0,0,1,1.0,1.0,0.0,1,1,0,1,1,0,0,6,0.0,0.0,167.59999084472656,167.59999084472656,0,7,0,2024-08-01,0.0,0.0,0.0,0.0,0
9,0.0,0.0,0.0,0.0,1.0,0,1,1.0,1.0,0.0,1,1,0,1,1,0,0,6,0.0,0.0,167.59999084472656,157.58346557617188,0,7,0,2024-08-01,0.0,0.0,0.0,0.0,0
10,0.0,0.0,0.0,0.0,1.0,0,1,1.0,1.0,0.0,1,1,0,1,1,0,0,6,0.0,0.0,167.59999084472656,137.3619384765625,0,7,0,2024-08-01,0.0,0.0,0.0,0.0,0
11,0.0,0.0,0.0,0.0,1.0,0,1,1.0,1.0,0.0,1,1,0,1,1,0,0,6,0.0,0.0,140.09999084472656,112.59999084472656,0,7,0,2024-08-01,0.0,0.0,0.0,0.0,0
12,0.0,0.0,0.0,0.0,1.0,0,1,1.0,1.0,0.0,1,1,0,1,1,0,0,6,0.0,0.0,167.59999084472656,140.09999084472656,0,7,0,2024-08-01,0.0,0.0,0.0,0.0,0
13,0.0,0.0,0.0,0.0,1.0,0,1,1.0,1.0,0.0,1,1,0,1,1,0,0,6,0.0,0.0,283.5,255.99998474121094,0,7,0,2024-08-01,0.0,0.0,0.0,0.0,0
14,0.0,0.0,0.0,0.0,1.0,0,1,1.0,1.0,0.0,1,1,0,1,1,0,0,6,0.0,0.0,430.62445068359375,430.20001220703125,0,7,0,2024-08-01,0.0,0.0,0.0,0.0,0
15,0.0,0.0,0.0,0.0,1.0,0,1,1.0,1.0,0.0,1,1,0,1,1,0,0,6,0.0,0.0,458.8458251953125,420.6791687011719,0,7,0,2024-08-01,0.0,0.0,0.0,0.0,0
16,0.0,0.0,0.0,0.0,1.0,0,1,1.0,1.0,0.0,1,1,0,1,1,0,0,6,0.0,0.0,468.70001220703125,402.1183166503906,0,7,0,2024-08-01,0.0,0.0,0.0,0.0,0
17,0.0,0.0,0.0,0.0,1.0,0,1,1.0,1.0,0.0,1,1,0,1,1,0,0,6,0.0,0.0,499.99395751953125,429.3299865722656,0,7,0,2024-08-01,0.0,0.0,0.0,0.0,0
18,-61.56857641737918,284.00000381469727,303.2000045776367,587.200008392334,1.0,0,1,1.0,1.0,1.0,1,1,1,1,1,1,5,0,0.0,0.0,656.4926418443396,744.6686130384729,1,7,0,2024-08-01,28.400000381469727,30.320000457763673,58.7200008392334,0.010389328271763044,0
19,-37.406810565043145,408.2000045776367,408.2000045776367,816.4000091552734,0.6666666666666666,2,0,1.0,0.6666666666666666,1.0,0,0,1,1,0,0,6,0,0.0,0.0,671.7346689271444,740.9712026548868,1,7,0,2024-08-01,40.820000457763676,40.820000457763676,81.64000091552735,0.01642919879946004,0
20,-53.51000061035154,535.1000061035156,535.1000061035156,1070.2000122070312,0.8333333333333334,1,0,0.8333333333333334,1.0,1.0,0,0,1,0,1,6,0,0,0.0,0.0,565.4614349365235,720.6978057861328,1,7,0,2024-08-01,53.51000061035157,53.51000061035157,107.02000122070314,0.38951474256789187,0
21,-73.65500061035152,586.0500061035157,601.1000061035156,1187.1500122070313,0.0,6,0,0.0,1.0,1.0,0,0,1,0,1,6,0,0,0.18741420514538076,0.0,476.21591003417973,866.7098712158203,1,7,0,2024-08-01,58.60500061035157,60.11000061035156,118.71500122070313,0.38804795168060546,0
22,-144.36359073626033,563.4500076293946,578.5000076293945,1141.950015258789,1.0,0,1,1.0,1.0,1.0,1,1,1,1,1,0,6,0,0.3808052615329345,0.0,348.88528011334904,1039.6635785292292,1,7,0,2024-08-01,56.34500076293946,57.85000076293946,114.19500152587892,0.40072976106967073,0
23,-82.8700008392334,608.700008392334,608.700008392334,1217.400016784668,1.0,0,1,1.0,1.0,1.0,1,1,1,1,1,0,6,0,0.06402304347849247,0.0,569.7291812896729,1013.1312923431396,1,7,0,2024-08-01,60.8700008392334,60.8700008392334,121.7400016784668,0.3952881214525559,0
24,-65.82000083923333,658.200008392334,658.200008392334,1316.400016784668,1.0,0,1,1.0,1.0,1.0,1,1,1,1,1,0,6,0,0.0,0.0,676.2075260162354,1060.5200740814207,1,7,0,2024-08-01,65.8200008392334,65.8200008392334,131.6400016784668,0.006329995952375534,0
25,-73.57000083923333,735.700008392334,735.700008392334,1471.400016784668,0.3333333333333333,4,0,1.0,0.3333333333333333,1.0,0,0,1,1,0,0,6,0,0.10644929605510468,0.0,657.3852603912354,1095.7700740814207,1,7,0,2024-08-01,73.5700008392334,73.5700008392334,147.1400016784668,0.0063377038466837,0
26,-172.25937974309394,835.700008392334,835.700008392334,1671.400016784668,0.0,6,0,1.0,0.0,1.0,0,0,1,1,0,0,6,0,0.3836110740271308,0.0,515.1162306084685,1295.6160691962189,1,7,0,2024-08-01,83.5700008392334,83.5700008392334,167.1400016784668,0.0035156948118917632,0
27,-15.97193657919371,816.5000076293945,816.5000076293945,1633.000015258789,0.0,6,0,1.0,0.0,1.0,0,0,1,1,0,0,6,0,0.18666182700467265,0.0,664.0906244559626,1119.5205205635687,1,7,0,2024-08-01,81.65000076293946,81.65000076293946,163.3000015258789,0.0028270585899904045,0
28,-47.97552147615833,1048.3000106811523,1048.3000106811523,2096.6000213623047,0.0,6,0,0.0,1.0,1.0,0,0,1,0,1,6,0,0,0.5996676570196809,0.0,419.66839942227915,1075.9296230386583,1,7,0,2024-08-01,104.83000106811524,104.83000106811524,209.66000213623047,0.3948898410407829,1
29,6.1417241408300285,1048.3000106811523,1048.3000106811523,2096.6000213623047,0.0,6,0,0.0,1.0,1.0,0,0,1,0,1,6,0,0,0.5965255981715851,0.030279293452913837,422.9622197462988,1016.558227031045,1,7,0,2024-08-01,104.83000106811524,104.83000106811524,209.66000213623047,0.38873708684810104,1
30,57.4442363523806,1064.4333432515461,1067.600009918213,2132.033353169759,1.0,0,1,1.0,1.0,1.0,1,1,1,1,1,0,6,0,0.5565501953941064,0.10616737921106015,472.0227580808962,954.2557148194944,1,7,0,2024-08-01,106.44333432515462,106.7600009918213,213.20333531697588,0.35134759075697947,0
31,130.36000175476067,1111.600009918213,1111.600009918213,2223.200019836426,0.6666666666666666,2,0,1.0,0.6,1.0,0,0,1,1,0,1,5,0,0.1513086159964442,0.22441526578551205,943.4053508758544,862.1399982452393,1,7,0,2024-08-01,111.16000099182129,111.16000099182129,222.32000198364258,0.2297574577339457,0
32,122.99000091552728,1119.9000091552734,1119.9000091552734,2239.800018310547,1.0,0,1,1.0,1.0,1.0,1,1,1,1,1,5,1,0,0.10857094036336906,0.21376016440197157,998.3114120483398,880.5099990844727,1,7,0,2024-08-01,111.99000091552735,111.99000091552735,223.9800018310547,0.009352132211717632,0
33,110.3400009155273,1089.8993375142416,1103.4000091552734,2193.299346669515,1.0,0,1,1.0,1.0,1.0,1,1,1,1,1,4,2,0,0.2019294502927785,0.17649317738945072,869.8165634155273,908.6574356079102,1,7,0,2024-08-01,108.98993375142416,110.34000091552736,219.32993466695154,0.0004858649965748827,0
34,127.07000160217285,1070.529343922933,1078.700008392334,2149.229352315267,0.3333333333333333,4,0,0.2,1.0,1.0,0,0,1,0,1,5,1,0,0.2878948471810677,0.22793175458196432,762.3294620513916,832.8300228118896,1,7,0,2024-08-01,107.05293439229331,107.8700008392334,214.9229352315267,0.1555828478033408,0
35,145.17000083923335,951.700008392334,951.700008392334,1903.400016784668,0.0,6,0,0.0,1.0,1.0,0,0,1,0,1,6,0,0,0.2423153814103804,0.09947462035274966,721.0884578704834,857.0300113677979,1,7,0,2024-08-01,95.17000083923341,95.17000083923341,190.34000167846682,0.18145405242344229,0
36,258.9282744085001,944.1000061035156,944.1000061035156,1888.2000122070312,1.0,0,1,1.0,1.0,1.0,1,1,1,1,1,0,6,0,0.10875827670693802,0.20106796639949476,841.4213164006876,754.2717377985311,1,7,0,2024-08-01,94.41000061035157,94.41000061035157,188.82000122070315,0.13968870924365404,0
37,131.58000068664546,1040.800006866455,1040.800006866455,2081.60001373291,1.0,0,1,1.0,1.0,1.0,1,1,1,1,1,0,6,0,0.1152823544666156,0.24407007897907673,920.8141315460205,786.7718669891358,1,7,0,2024-08-01,104.08000068664552,104.08000068664552,208.16000137329104,0.20201853762533054,0
38,101.07000083923333,1010.700008392334,1010.700008392334,2021.400016784668,1.0,0,1,1.0,1.0,1.0,1,1,1,1,1,1,5,0,0.18581814346019118,0.25814149898307004,822.8936092376708,749.7963932037354,1,7,0,2024-08-01,101.0700008392334,101.0700008392334,202.1400016784668,0.010653410683733152,0
39,158.12000236511233,922.200008392334,922.200008392334,1844.400016784668,1.0,0,1,1.0,1.0,1.0,1,1,1,1,1,0,6,0,0.007029223290208271,0.18912374100565274,915.7176586151123,747.7900928497314,1,7,0,2024-08-01,92.2200008392334,92.2200008392334,184.4400016784668,0.011363632480949801,0
40,89.14000091552737,891.4000091552734,891.4000091552734,1782.8000183105469,0.8333333333333334,1,0,1.0,0.8333333333333334,1.0,0,0,1,1,0,0,6,0,0.12358413750808363,0.07813181378573893,781.2371078491211,821.7533096313476,1,7,0,2024-08-01,89.14000091552735,89.14000091552735,178.2800018310547,0.0028409086726905947,0
41,86.45000038146975,855.7133344014485,864.5000038146973,1720.2133382161458,1.0,0,1,1.0,1.0,1.0,1,1,1,1,1,0,6,0,0.17236713347579402,0.11691030800430403,708.2164798736572,763.431042098999,1,7,0,2024-08-01,85.57133344014485,86.45000038146974,172.02133382161458,0.0028439781637853985,0
42,118.69209325926556,787.0000038146973,787.0000038146973,1574.0000076293945,1.0,0,1,1.0,1.0,1.0,1,1,1,1,1,6,0,0,0.10331769117442788,0.12633054395928373,705.6889804662968,687.5778652368282,1,7,0,2024-08-01,78.70000038146974,78.70000038146974,157.40000076293947,0.011395471143660253,0
43,108.8240005673623,732.0000038146973,732.0000038146973,1464.0000076293945,1.0,0,1,1.0,1.0,1.0,1,1,1,1,1,6,0,0,0.0,0.03958759289696194,740.3180191220498,703.0218856631064,1,7,0,2024-08-01,73.20000038146974,73.20000038146974,146.40000076293947,0.011394908385478667,0
44,129.82500085830685,577.0000038146973,577.0000038146973,1154.0000076293945,1.0,0,1,1.0,1.0,1.0,1,1,1,1,1,0,6,0,0.0,0.0,794.6520882606505,677.0495108604432,1,7,0,2024-08-01,57.70000038146973,57.70000038146973,115.40000076293946,0.002809713957715206,0
45,84.53036125763714,511.00000381469727,511.00000381469727,1022.0000076293945,1.0,0,1,1.0,1.0,1.0,1,1,1,1,1,0,6,0,0.0,0.0,643.4277001248247,605.5801123751753,1,7,0,2024-08-01,51.10000038146973,51.10000038146973,102.20000076293945,0.0028152166200385367,0
46,77.45000114440916,472.50000381469727,472.50000381469727,945.0000076293945,1.0,0,1,1.0,1.0,1.0,1,1,1,1,1,0,6,0,0.0,0.0,650.1969493865967,609.0356555938721,1,7,0,2024-08-01,47.25000038146973,47.25000038146973,94.50000076293946,0.0028253177636741776,0
47,48.410000610351574,484.1000061035156,484.1000061035156,968.2000122070312,1.0,0,1,1.0,1.0,1.0,1,1,1,1,1,0,6,0,0.0,0.0,641.3318145751953,633.9989349365235,1,7,0,2024-08-01,48.41000061035157,48.41000061035157,96.82000122070313,0.0028409084820017094,0
0,0.0,0.0,0.0,0.0,1.0,0,1,1.0,1.0,0.0,1,1,0,1,1,0,0,6,0.0,0.0,316.5999755859375,330.5999755859375,0,7,1,2024-08-01,0.0,0.0,0.0,0.0,0
1,0.0,0.0,0.0,0.0,1.0,0,1,1.0,1.0,0.0,1,1,0,1,1,0,0,6,0.0,0.0,334.46649169921875,338.0999755859375,0,7,1,2024-08-01,0.0,0.0,0.0,0.0,0
2,0.0,0.0,0.0,0.0,1.0,0,1,1.0,1.0,0.0,1,1,0,1,1,0,0,6,0.0,0.0,289.48236083984375,308.8493957519531,0,7,1,2024-08-01,0.0,0.0,0.0,0.0,0
3,0.0,0.0,0.0,0.0,1.0,0,1,1.0,1.0,0.0,1,1,0,1,1,0,0,6,0.0,0.0,287.985107421875,292.3035888671875,0,7,1,2024-08-01,0.0,0.0,0.0,0.0,0
4,0.0,0.0,0.0,0.0,1.0,0,1,1.0,1.0,0.0,1,1,0,1,1,0,0,6,0.0,0.0,272.1412048339844,255.78256225585938,0,7,1,2024-08-01,0.0,0.0,0.0,0.0,0
5,0.0,0.0,0.0,0.0,1.0,0,1,1.0,1.0,0.0,1,1,0,1,1,0,0,6,0.0,0.0,261.6826171875,250.273193359375,0,7,1,2024-08-01,0.0,0.0,0.0,0.0,0
6,0.0,0.0,0.0,0.0,1.0,0,1,1.0,1.0,0.0,1,1,0,1,1,0,0,6,0.0,0.0,207.23330688476562,197.89999389648438,0,7,1,2024-08-01,0.0,0.0,0.0,0.0,0
7,0.0,0.0,0.0,0.0,1.0,0,1,1.0,1.0,0.0,1,1,0,1,1,0,0,6,0.0,0.0,203.92291259765625,186.89999389648438,0,7,1,2024-08-01,0.0,0.0,0.0,0.0,0
8,0.0,0.0,0.0,0.0,1.0,0,1,1.0,1.0,0.0,1,1,0,1,1,0,0,6,0.0,0.0,204.612548828125,186.89999389648438,0,7,1,2024-08-01,0.0,0.0,0.0,0.0,0
9,0.0,0.0,0.0,0.0,1.0,0,1,1.0,1.0,0.0,1,1,0,1,1,0,0,6,0.0,0.0,177.71978759765625,186.89999389648438,0,7,1,2024-08-01,0.0,0.0,0.0,0.0,0
10,0.0,0.0,0.0,0.0,1.0,0,1,1.0,1.0,0.0,1,1,0,1,1,0,0,6,0.0,0.0,177.83641052246094,182.86102294921875,0,7,1,2024-08-01,0.0,0.0,0.0,0.0,0
11,0.0,0.0,0.0,0.0,1.0,0,1,1.0,1.0,0.0,1,1,0,1,1,0,0,6,0.0,0.0,179.53976440429688,181.7511444091797,0,7,1,2024-08-01,0.0,0.0,0.0,0.0,0
12,0.0,0.0,0.0,0.0,1.0,0,1,1.0,1.0,0.0,1,1,0,1,1,0,0,6,0.0,0.0,289.2352294921875,279.1771240234375,0,7,1,2024-08-01,0.0,0.0,0.0,0.0,0
13,0.0,0.0,0.0,0.0,1.0,0,1,1.0,1.0,0.0,1,1,0,1,1,0,0,6,0.0,0.0,365.74212646484375,348.95062255859375,0,7,1,2024-08-01,0.0,0.0,0.0,0.0,0
14,0.0,0.0,0.0,0.0,1.0,0,1,1.0,1.0,0.0,1,1,0,1,1,0,0,6,0.0,0.0,468.97259521484375,449.9287109375,0,7,1,2024-08-01,0.0,0.0,0.0,0.0,0
15,0.0,0.0,0.0,0.0,1.0,0,1,1.0,1.0,0.0,1,1,0,1,1,0,0,6,0.0,0.0,469.58746337890625,444.0564270019531,0,7,1,2024-08-01,0.0,0.0,0.0,0.0,0
16,0.0,0.0,0.0,0.0,1.0,0,1,1.0,1.0,0.0,1,1,0,1,1,0,0,6,0.0,0.0,491.2308349609375,454.1719970703125,0,7,1,2024-08-01,0.0,0.0,0.0,0.0,0
17,0.0,0.0,0.0,0.0,1.0,0,1,1.0,1.0,0.0,1,1,0,1,1,0,0,6,0.0,0.0,593.3253173828125,506.96429443359375,0,7,1,2024-08-01,0.0,0.0,0.0,0.0,0
18,-61.56857641737918,284.00000381469727,303.2000045776367,587.200008392334,1.0,0,1,1.0,1.0,1.0,1,1,1,1,1,1,5,0,0.0,0.0,675.2771267076208,744.3504978040979,1,7,1,2024-08-01,28.400000381469727,30.320000457763673,58.7200008392334,0.010389328271763044,0
19,-37.406810565043145,408.2000045776367,408.2000045776367,816.4000091552734,1.0,0,1,1.0,1.0,1.0,1,1,1,1,1,0,6,0,0.0,0.0,618.0070688294882,721.4606435728556,1,7,1,2024-08-01,40.820000457763676,40.820000457763676,81.64000091552735,0.01642919879946004,0
20,-53.51000061035154,535.1000061035156,535.1000061035156,1070.2000122070312,1.0,0,1,1.0,1.0,1.0,1,1,1,1,1,6,0,0,0.0566281401495378,0.0,504.7982879638672,738.6824249267578,1,7,1,2024-08-01,53.51000061035157,53.51000061035157,107.02000122070314,0.38951474256789187,0
21,-73.65500061035152,586.0500061035157,601.1000061035156,1187.1500122070313,0.3333333333333333,4,0,0.3333333333333333,1.0,1.0,0,0,1,0,1,6,0,0,0.40370684137284346,0.0,349.45760925292973,814.4283770751953,1,7,1,2024-08-01,58.60500061035157,60.11000061035156,118.71500122070313,0.38804795168060546,1
22,-144.36359073626033,563.4500076293946,578.5000076293945,1141.950015258789,0.5,3,0,1.0,0.5,1.0,0,0,1,1,0,0,6,0,0.49993213860464614,0.0,281.76324031842717,959.9635663221978,1,7,1,2024-08-01,56.34500076293946,57.85000076293946,114.19500152587892,0.40072976106967073,0
23,-82.8700008392334,608.700008392334,608.700008392334,1217.400016784668,0.0,6,0,1.0,0.0,1.0,0,0,1,1,0,0,6,0,0.043979006192725684,0.0,581.9299869537354,1027.0543270111084,1,7,1,2024-08-01,60.8700008392334,60.8700008392334,121.7400016784668,0.3952881214525559,0
24,-65.82000083923333,658.200008392334,658.200008392334,1316.400016784668,1.0,0,1,1.0,1.0,1.0,1,1,1,1,1,0,6,0,0.09380495374308692,0.0,596.4575870513917,1003.1124202728271,1,7,1,2024-08-01,65.8200008392334,65.8200008392334,131.6400016784668,0.006329995952375534,0
25,-73.57000083923333,735.700008392334,735.700008392334,1471.400016784668,1.0,0,1,1.0,1.0,1.0,1,1,1,1,1,0,6,0,0.3304429244063119,0.0,492.5931461334229,1023.2911312103271,1,7,1,2024-08-01,73.5700008392334,73.5700008392334,147.1400016784668,0.0063377038466837,0
26,-172.25937974309394,835.700008392334,835.700008392334,1671.400016784668,1.0,0,1,1.0,1.0,1.0,1,1,1,1,1,0,6,0,0.5370829029171863,0.0,386.8598219170623,1233.1439012274689,1,7,1,2024-08-01,83.5700008392334,83.5700008392334,167.1400016784668,0.0035156948118917632,0
27,-15.97193657919371,816.5000076293945,816.5000076293945,1633.000015258789,0.3333333333333333,4,0,1.0,0.3333333333333333,1.0,0,0,1,1,0,0,6,0,0.4163534511788515,0.0,476.54741156533754,1072.3326543526312,1,7,1,2024-08-01,81.65000076293946,81.65000076293946,163.3000015258789,0.0028270585899904045,0
28,-47.97552147615833,1048.3000106811523,1048.3000106811523,2096.6000213623047,0.0,6,0,0.0,1.0,1.0,0,0,1,0,1,6,0,0,0.5196464516261569,0.0,503.55462989102915,1142.1389736245958,1,7,1,2024-08-01,104.83000106811524,104.83000106811524,209.66000213623047,0.3948898410407829,1
29,6.1417241408300285,1048.3000106811523,1048.3000106811523,2096.6000213623047,0.0,6,0,0.0,1.0,1.0,0,0,1,0,1,6,0,0,0.5660475828761303,0.0,454.9123235060644,1107.2583002732324,1,7,1,2024-08-01,104.83000106811524,104.83000106811524,209.66000213623047,0.38873708684810104,1
30,57.4442363523806,1064.4333432515461,1067.600009918213,2132.033353169759,0.3333333333333333,4,0,1.0,0.3333333333333333,1.0,0,0,1,1,0,0,6,0,0.5699501290508915,0.12986532462392192,457.7594218992556,928.9557880616819,1,7,1,2024-08-01,106.44333432515462,106.7600009918213,213.20333531697588,0.35134759075697947,0
31,130.36000175476067,1111.600009918213,1111.600009918213,2223.200019836426,0.5,3,0,1.0,0.4,1.0,0,0,1,1,0,1,5,0,0.23285693200751403,0.22000718340844996,852.7562419891357,867.0400226593018,1,7,1,2024-08-01,111.16000099182129,111.16000099182129,222.32000198364258,0.2297574577339457,0
32,122.99000091552728,1119.9000091552734,1119.9000091552734,2239.800018310547,1.0,0,1,1.0,1.0,1.0,1,1,1,1,1,5,1,0,0.22337284172918942,0.2403259080570152,869.7447616577148,850.7590225219727,1,7,1,2024-08-01,111.99000091552735,111.99000091552735,223.9800018310547,0.009352132211717632,0
33,110.3400009155273,1089.8993375142416,1103.4000091552734,2193.299346669515,1.0,0,1,1.0,1.0,1.0,1,1,1,1,1,4,2,0,0.37285828806569526,0.31747465162382954,683.521336364746,753.0984756469727,1,7,1,2024-08-01,108.98993375142416,110.34000091552736,219.32993466695154,0.0004858649965748827,0
34,127.07000160217285,1070.529343922933,1078.700008392334,2149.229352315267,0.5,3,0,0.4,1.0,1.0,0,0,1,0,1,5,1,0,0.4705288368758805,0.3292574688470665,566.814416885376,723.5299739837646,1,7,1,2024-08-01,107.05293439229331,107.8700008392334,214.9229352315267,0.1555828478033408,0
35,145.17000083923335,951.700008392334,951.700008392334,1903.400016784668,0.0,6,0,0.0,1.0,1.0,0,0,1,0,1,6,0,0,0.43233192393691733,0.22987282828759487,540.2497127532959,732.9300357818604,1,7,1,2024-08-01,95.17000083923341,95.17000083923341,190.34000167846682,0.18145405242344229,0
36,258.9282744085001,944.1000061035156,944.1000061035156,1888.2000122070312,1.0,0,1,1.0,1.0,1.0,1,1,1,1,1,0,6,0,0.273039108374131,0.31789873225558424,686.3237822210001,643.9718110407186,1,7,1,2024-08-01,94.41000061035157,94.41000061035157,188.82000122070315,0.13968870924365404,0
37,131.58000068664546,1040.800006866455,1040.800006866455,2081.60001373291,1.0,0,1,1.0,1.0,1.0,1,1,1,1,1,0,6,0,0.25006625159305673,0.24315906711696264,780.531050491333,787.7200481414795,1,7,1,2024-08-01,104.08000068664552,104.08000068664552,208.16000137329104,0.20201853762533054,0
38,101.07000083923333,1010.700008392334,1010.700008392334,2021.400016784668,1.0,0,1,1.0,1.0,1.0,1,1,1,1,1,1,5,0,0.3210403322877194,0.3587676788731329,686.2245418548583,648.0935123443604,1,7,1,2024-08-01,101.0700008392334,101.0700008392334,202.1400016784668,0.010653410683733152,0
39,158.12000236511233,922.200008392334,922.200008392334,1844.400016784668,1.0,0,1,1.0,1.0,1.0,1,1,1,1,1,0,6,0,0.1693712875549176,0.3298668919271166,766.0058055877686,617.9967578887939,1,7,1,2024-08-01,92.2200008392334,92.2200008392334,184.4400016784668,0.011363632480949801,0
40,89.14000091552737,891.4000091552734,891.4000091552734,1782.8000183105469,1.0,0,1,1.0,1.0,1.0,1,1,1,1,1,0,6,0,0.286898780565315,0.2806348748299156,635.6584335327149,641.2420791625976,1,7,1,2024-08-01,89.14000091552735,89.14000091552735,178.2800018310547,0.0028409086726905947,0
41,86.45000038146975,855.7133344014485,864.5000038146973,1720.2133382161458,1.0,0,1,1.0,1.0,1.0,1,1,1,1,1,0,6,0,0.32215093596844285,0.29074605721916147,580.0444828033447,613.150036239624,1,7,1,2024-08-01,85.57133344014485,86.45000038146974,172.02133382161458,0.0028439781637853985,0
42,118.69209325926556,787.0000038146973,787.0000038146973,1574.0000076293945,1.0,0,1,1.0,1.0,1.0,1,1,1,1,1,6,0,0,0.24440204402356974,0.28626692702398815,594.6555942358281,561.7079311547969,1,7,1,2024-08-01,78.70000038146974,78.70000038146974,157.40000076293947,0.011395471143660253,0
43,108.8240005673623,732.0000038146973,732.0000038146973,1464.0000076293945,0.3333333333333333,4,0,0.3333333333333333,1.0,1.0,0,0,1,0,1,6,0,0,0.2045235659424506,0.24921308608924125,582.2887527646279,549.5760238467002,1,7,1,2024-08-01,73.20000038146974,73.20000038146974,146.40000076293947,0.011394908385478667,0
44,129.82500085830685,577.0000038146973,577.0000038146973,1154.0000076293945,0.0,6,0,1.0,0.0,1.0,0,0,1,1,0,0,6,0,0.0,0.13158575347830467,613.7224007606505,501.07502355575565,1,7,1,2024-08-01,57.70000038146973,57.70000038146973,115.40000076293946,0.002809713957715206,0
45,84.53036125763714,511.00000381469727,511.00000381469727,1022.0000076293945,0.16666666666666666,5,0,1.0,0.16666666666666666,1.0,0,0,1,1,0,0,6,0,0.14622263027314591,0.2116053617437603,436.28023918732464,402.86966315642536,1,7,1,2024-08-01,51.10000038146973,51.10000038146973,102.20000076293945,0.0028152166200385367,0
46,77.45000114440916,472.50000381469727,472.50000381469727,945.0000076293945,0.8333333333333334,1,0,1.0,0.8333333333333334,1.0,0,0,1,1,0,0,6,0,0.15219342063465086,0.19058196786884954,400.5886119842529,382.45002326965334,1,7,1,2024-08-01,47.25000038146973,47.25000038146973,94.50000076293946,0.0028253177636741776,0
47,48.410000610351574,484.1000061035156,484.1000061035156,968.2000122070312,1.0,0,1,1.0,1.0,1.0,1,1,1,1,1,0,6,0,0.28173272388955195,0.18965088483639497,347.71319274902345,392.2900115966797,1,7,1,2024-08-01,48.41000061035157,48.41000061035157,96.82000122070313,0.0028409084820017094,0
0,0.0,0.0,0.0,0.0,1.0,0,1,1.0,1.0,0.0,1,1,0,1,1,0,0,6,0.0,0.0,409.8000183105469,444.70001220703125,0,7,2,2024-08-01,0.0,0.0,0.0,0.0,0
1,0.0,0.0,0.0,0.0,1.0,0,1,1.0,1.0,0.0,1,1,0,1,1,0,0,6,0.0,0.0,437.81976318359375,521.4000244140625,0,7,2,2024-08-01,0.0,0.0,0.0,0.0,0
2,0.0,0.0,0.0,0.0,1.0,0,1,1.0,1.0,0.0,1,1,0,1,1,0,0,6,0.0,0.0,342.1305847167969,439.7461242675781,0,7,2,2024-08-01,0.0,0.0,0.0,0.0,0
3,0.0,0.0,0.0,0.0,1.0,0,1,1.0,1.0,0.0,1,1,0,1,1,0,0,6,0.0,0.0,278.08831787109375,368.41082763671875,0,7,2,2024-08-01,0.0,0.0,0.0,0.0,0
4,0.0,0.0,0.0,0.0,1.0,0,1,1.0,1.0,0.0,1,1,0,1,1,0,0,6,0.0,0.0,285.9569091796875,357.662109375,0,7,2,2024-08-01,0.0,0.0,0.0,0.0,0
5,0.0,0.0,0.0,0.0,1.0,0,1,1.0,1.0,0.0,1,1,0,1,1,0,0,6,0.0,0.0,322.2334899902344,327.8604431152344,0,7,2,2024-08-01,0.0,0.0,0.0,0.0,0
6,0.0,0.0,0.0,0.0,1.0,0,1,1.0,1.0,0.0,1,1,0,1,1,0,0,6,0.0,0.0,314.0392150878906,300.8957214355469,0,7,2,2024-08-01,0.0,0.0,0.0,0.0,0
7,0.0,0.0,0.0,0.0,1.0,0,1,1.0,1.0,0.0,1,1,0,1,1,0,0,6,0.0,0.0,300.0699768066406,253.61087036132812,0,7,2,2024-08-01,0.0,0.0,0.0,0.0,0
8,0.0,0.0,0.0,0.0,1.0,0,1,1.0,1.0,0.0,1,1,0,1,1,0,0,6,0.0,0.0,269.6468505859375,237.56631469726562,0,7,2,2024-08-01,0.0,0.0,0.0,0.0,0
9,0.0,0.0,0.0,0.0,1.0,0,1,1.0,1.0,0.0,1,1,0,1,1,0,0,6,0.0,0.0,269.810546875,221.55760192871094,0,7,2,2024-08-01,0.0,0.0,0.0,0.0,0
10,0.0,0.0,0.0,0.0,1.0,0,1,1.0,1.0,0.0,1,1,0,1,1,0,0,6,0.0,0.0,267.591796875,212.81539916992188,0,7,2,2024-08-01,0.0,0.0,0.0,0.0,0
11,0.0,0.0,0.0,0.0,1.0,0,1,1.0,1.0,0.0,1,1,0,1,1,0,0,6,0.0,0.0,308.823486328125,266.898681640625,0,7,2,2024-08-01,0.0,0.0,0.0,0.0,0
12,0.0,0.0,0.0,0.0,1.0,0,1,1.0,1.0,0.0,1,1,0,1,1,0,0,6,0.0,0.0,356.51495361328125,283.9704895019531,0,7,2,2024-08-01,0.0,0.0,0.0,0.0,0
13,0.0,0.0,0.0,0.0,1.0,0,1,1.0,1.0,0.0,1,1,0,1,1,0,0,6,0.0,0.0,387.56817626953125,309.8286437988281,0,7,2,2024-08-01,0.0,0.0,0.0,0.0,0
14,0.0,0.0,0.0,0.0,1.0,0,1,1.0,1.0,0.0,1,1,0,1,1,0,0,6,0.0,0.0,379.497314453125,310.70172119140625,0,7,2,2024-08-01,0.0,0.0,0.0,0.0,0
15,0.0,0.0,0.0,0.0,1.0,0,1,1.0,1.0,0.0,1,1,0,1,1,0,0,6,0.0,0.0,407.70001220703125,323.60113525390625,0,7,2,2024-08-01,0.0,0.0,0.0,0.0,0
16,0.0,0.0,0.0,0.0,1.0,0,1,1.0,1.0,0.0,1,1,0,1,1,0,0,6,0.0,0.0,476.9000244140625,346.15045166015625,0,7,2,2024-08-01,0.0,0.0,0.0,0.0,0
17,0.0,0.0,0.0,0.0,1.0,0,1,1.0,1.0,0.0,1,1,0,1,1,0,0,6,0.0,0.0,526.4000244140625,350.4969482421875,0,7,2,2024-08-01,0.0,0.0,0.0,0.0,0
18,-61.56857641737918,284.00000381469727,303.2000045776367,587.200008392334,1.0,0,1,1.0,1.0,1.0,1,1,1,1,1,1,5,0,0.0,0.0,484.0313991685583,408.4397312025354,1,7,2,2024-08-01,28.400000381469727,30.320000457763673,58.7200008392334,0.010389328271763044,0
19,-37.406810565043145,408.2000045776367,408.2000045776367,816.4000091552734,1.0,0,1,1.0,1.0,1.0,1,1,1,1,1,0,6,0,0.0,0.0,601.4932138490194,472.565959734965,1,7,2,2024-08-01,40.820000457763676,40.820000457763676,81.64000091552735,0.01642919879946004,0
20,-53.51000061035154,535.1000061035156,535.1000061035156,1070.2000122070312,0.8333333333333334,1,0,0.8333333333333334,1.0,1.0,0,0,1,0,1,6,0,0,0.0,0.0,704.7171112060547,613.306509399414,1,7,2,2024-08-01,53.51000061035157,53.51000061035157,107.02000122070314,0.38951474256789187,0
21,-73.65500061035152,586.0500061035157,601.1000061035156,1187.1500122070313,0.8333333333333334,1,0,0.8333333333333334,1.0,1.0,0,0,1,0,1,6,0,0,0.111417339001981,0.0,520.7538739013672,839.773286743164,1,7,2,2024-08-01,58.60500061035157,60.11000061035156,118.71500122070313,0.38804795168060546,0
22,-144.36359073626033,563.4500076293946,578.5000076293945,1141.950015258789,1.0,0,1,1.0,1.0,1.0,1,1,1,1,1,0,6,0,0.23573847048721155,0.0,430.6231646348334,948.5394940565728,1,7,2,2024-08-01,56.34500076293946,57.85000076293946,114.19500152587892,0.40072976106967073,0
23,-82.8700008392334,608.700008392334,608.700008392334,1217.400016784668,1.0,0,1,1.0,1.0,1.0,1,1,1,1,1,0,6,0,0.0,0.0,643.9005069732666,894.5863094329834,1,7,2,2024-08-01,60.8700008392334,60.8700008392334,121.7400016784668,0.3952881214525559,0
24,-65.82000083923333,658.200008392334,658.200008392334,1316.400016784668,0.6666666666666666,2,0,1.0,0.6666666666666666,1.0,0,0,1,1,0,0,6,0,0.0,0.0,720.3497989654542,991.1200496673583,1,7,2,2024-08-01,65.8200008392334,65.8200008392334,131.6400016784668,0.006329995952375534,0
25,-73.57000083923333,735.700008392334,735.700008392334,1471.400016784668,1.0,0,1,1.0,1.0,1.0,1,1,1,1,1,0,6,0,0.0,0.0,743.2547061920167,1031.0700008392332,1,7,2,2024-08-01,73.5700008392334,73.5700008392334,147.1400016784668,0.0063377038466837,0
26,-172.25937974309394,835.700008392334,835.700008392334,1671.400016784668,1.0,0,1,1.0,1.0,1.0,1,1,1,1,1,0,6,0,0.30541143327876413,0.0,580.467671038156,1148.3703416571564,1,7,2,2024-08-01,83.5700008392334,83.5700008392334,167.1400016784668,0.0035156948118917632,0
27,-15.97193657919371,816.5000076293945,816.5000076293945,1633.000015258789,1.0,0,1,1.0,1.0,1.0,1,1,1,1,1,0,6,0,0.18759802331787825,0.0,663.3262201590876,974.2719854073187,1,7,2,2024-08-01,81.65000076293946,81.65000076293946,163.3000015258789,0.0028270585899904045,0
28,-47.97552147615833,1048.3000106811523,1048.3000106811523,2096.6000213623047,0.0,6,0,0.0,1.0,1.0,0,0,1,0,1,6,0,0,0.5072279546174464,0.0060329744064126995,516.5729404379042,1041.9756435464708,1,7,2,2024-08-01,104.83000106811524,104.83000106811524,209.66000213623047,0.3948898410407829,1
29,6.1417241408300285,1048.3000106811523,1048.3000106811523,2096.6000213623047,0.0,6,0,0.0,1.0,1.0,0,0,1,0,1,6,0,0,0.5927751936764912,0.05517672292921286,426.8937688185644,990.4582514451075,1,7,2,2024-08-01,104.83000106811524,104.83000106811524,209.66000213623047,0.38873708684810104,1
30,57.4442363523806,1064.4333432515461,1067.600009918213,2132.033353169759,0.5,3,0,1.0,0.5,1.0,0,0,1,1,0,0,6,0,0.6013058436447991,0.1804460660048974,424.3833537840212,874.9557880616819,1,7,2,2024-08-01,106.44333432515462,106.7600009918213,213.20333531697588,0.35134759075697947,0
31,130.36000175476067,1111.600009918213,1111.600009918213,2223.200019836426,0.6666666666666666,2,0,1.0,0.6,1.0,0,0,1,1,0,1,5,0,0.1851528733910054,0.28585816444367035,905.7840740203857,793.8400714874268,1,7,2,2024-08-01,111.16000099182129,111.16000099182129,222.32000198364258,0.2297574577339457,0
32,122.99000091552728,1119.9000091552734,1119.9000091552734,2239.800018310547,1.0,0,1,1.0,1.0,1.0,1,1,1,1,1,5,1,0,0.11399063765183226,0.30263561345747514,992.241893005371,780.9783828735352,1,7,2,2024-08-01,111.99000091552735,111.99000091552735,223.9800018310547,0.009352132211717632,0
33,110.3400009155273,1089.8993375142416,1103.4000091552734,2193.299346669515,1.0,0,1,1.0,1.0,1.0,1,1,1,1,1,4,2,0,0.07323613750707048,0.23832211098776204,1010.0793197631835,840.4353897094727,1,7,2,2024-08-01,108.98993375142416,110.34000091552736,219.32993466695154,0.0004858649965748827,0
34,127.07000160217285,1070.529343922933,1078.700008392334,2149.229352315267,1.0,0,1,1.0,1.0,1.0,1,1,1,1,1,5,1,0,0.11515503792901859,0.1815513168105347,947.2524967193604,882.8606014251709,1,7,2,2024-08-01,107.05293439229331,107.8700008392334,214.9229352315267,0.1555828478033408,0
35,145.17000083923335,951.700008392334,951.700008392334,1903.400016784668,0.0,6,0,0.0,1.0,1.0,0,0,1,0,1,6,0,0,0.1674237638850801,0.09896335392285129,792.3628108978271,857.5165836334229,1,7,2,2024-08-01,95.17000083923341,95.17000083923341,190.34000167846682,0.18145405242344229,0
36,258.9282744085001,944.1000061035156,944.1000061035156,1888.2000122070312,1.0,0,1,1.0,1.0,1.0,1,1,1,1,1,0,6,0,0.04860771362513911,0.22309951778017353,898.2094633733439,733.4717500055624,1,7,2,2024-08-01,94.41000061035157,94.41000061035157,188.82000122070315,0.13968870924365404,0
37,131.58000068664546,1040.800006866455,1040.800006866455,2081.60001373291,1.0,0,1,1.0,1.0,1.0,1,1,1,1,1,0,6,0,0.0,0.08199130472603856,1102.855025100708,955.4634563446045,1,7,2,2024-08-01,104.08000068664552,104.08000068664552,208.16000137329104,0.20201853762533054,0
38,101.07000083923333,1010.700008392334,1010.700008392334,2021.400016784668,1.0,0,1,1.0,1.0,1.0,1,1,1,1,1,1,5,0,0.0,0.032292520978277624,1096.8236629486082,978.0619571685792,1,7,2,2024-08-01,101.0700008392334,101.0700008392334,202.1400016784668,0.010653410683733152,0
39,158.12000236511233,922.200008392334,922.200008392334,1844.400016784668,1.0,0,1,1.0,1.0,1.0,1,1,1,1,1,0,6,0,0.0,0.018303468711803286,1056.2356029510497,905.3205493927002,1,7,2,2024-08-01,92.2200008392334,92.2200008392334,184.4400016784668,0.011363632480949801,0
40,89.14000091552737,891.4000091552734,891.4000091552734,1782.8000183105469,1.0,0,1,1.0,1.0,1.0,1,1,1,1,1,0,6,0,0.037332232705740154,0.0,858.1220565795899,909.6729263305664,1,7,2,2024-08-01,89.14000091552735,89.14000091552735,178.2800018310547,0.0028409086726905947,0
41,86.45000038146975,855.7133344014485,864.5000038146973,1720.2133382161458,1.0,0,1,1.0,1.0,1.0,1,1,1,1,1,0,6,0,0.21072396094468848,0.11675131301151226,675.3940311431885,763.568493270874,1,7,2,2024-08-01,85.57133344014485,86.45000038146974,172.02133382161458,0.0028439781637853985,0
42,118.69209325926556,787.0000038146973,787.0000038146973,1574.0000076293945,1.0,0,1,1.0,1.0,1.0,1,1,1,1,1,6,0,0,0.0800121109834304,0.05905382593246075,724.0304721655156,740.5246425805782,1,7,2,2024-08-01,78.70000038146974,78.70000038146974,157.40000076293947,0.011395471143660253,0
43,108.8240005673623,732.0000038146973,732.0000038146973,1464.0000076293945,1.0,0,1,1.0,1.0,1.0,1,1,1,1,1,6,0,0,0.0,0.0,774.795130938456,769.3478744326377,1,7,2,2024-08-01,73.20000038146974,73.20000038146974,146.40000076293947,0.011394908385478667,0
44,129.82500085830685,577.0000038146973,577.0000038146973,1154.0000076293945,1.0,0,1,1.0,1.0,1.0,1,1,1,1,1,0,6,0,0.0,0.0,770.3062020301818,696.8777579307557,1,7,2,2024-08-01,57.70000038146973,57.70000038146973,115.40000076293946,0.002809713957715206,0
45,84.53036125763714,511.00000381469727,511.00000381469727,1022.0000076293945,0.0,6,0,1.0,0.0,1.0,0,0,1,1,0,0,6,0,0.0,0.0,720.9307518826372,722.5004004611128,1,7,2,2024-08-01,51.10000038146973,51.10000038146973,102.20000076293945,0.0028152166200385367,0
46,77.45000114440916,472.50000381469727,472.50000381469727,945.0000076293945,0.0,6,0,1.0,0.0,1.0,0,0,1,1,0,0,6,0,0.0,0.0,708.0326427459717,674.4575305938721,1,7,2,2024-08-01,47.25000038146973,47.25000038146973,94.50000076293946,0.0028253177636741776,0
47,48.410000610351574,484.1000061035156,484.1000061035156,968.2000122070312,0.0,6,0,1.0,0.0,1.0,0,0,1,1,0,0,6,0,0.0,0.0,645.354458618164,655.9700653076172,1,7,2,2024-08-01,48.41000061035157,48.41000061035157,96.82000122070313,0.0028409084820017094,0
0,0.0,0.0,0.0,0.0,1.0,0,1,1.0,1.0,0.0,1,1,0,1,1,0,0,6,0.0,0.0,255.52052307128906,267.70001220703125,0,8,0,2024-08-01,0.0,0.0,0.0,0.0,0
1,0.0,0.0,0.0,0.0,1.0,0,1,1.0,1.0,0.0,1,1,0,1,1,0,0,6,0.0,0.0,251.24697875976562,267.70001220703125,0,8,0,2024-08-01,0.0,0.0,0.0,0.0,0
2,0.0,0.0,0.0,0.0,1.0,0,1,1.0,1.0,0.0,1,1,0,1,1,0,0,6,0.0,0.0,248.72142028808594,267.70001220703125,0,8,0,2024-08-01,0.0,0.0,0.0,0.0,0
3,0.0,0.0,0.0,0.0,1.0,0,1,1.0,1.0,0.0,1,1,0,1,1,0,0,6,0.0,0.0,246.53929138183594,262.81463623046875,0,8,0,2024-08-01,0.0,0.0,0.0,0.0,0
4,0.0,0.0,0.0,0.0,1.0,0,1,1.0,1.0,0.0,1,1,0,1,1,0,0,6,0.0,0.0,244.8265380859375,255.582763671875,0,8,0,2024-08-01,0.0,0.0,0.0,0.0,0
5,0.0,0.0,0.0,0.0,1.0,0,1,1.0,1.0,0.0,1,1,0,1,1,0,0,6,0.0,0.0,233.2934112548828,240.7783660888672,0,8,0,2024-08-01,0.0,0.0,0.0,0.0,0
6,0.0,0.0,0.0,0.0,1.0,0,1,1.0,1.0,0.0,1,1,0,1,1,0,0,6,0.0,0.0,233.06773376464844,236.4678192138672,0,8,0,2024-08-01,0.0,0.0,0.0,0.0,0
7,0.0,0.0,0.0,0.0,1.0,0,1,1.0,1.0,0.0,1,1,0,1,1,0,0,6,0.0,0.0,233.92218017578125,234.9114990234375,0,8,0,2024-08-01,0.0,0.0,0.0,0.0,0
8,0.0,0.0,0.0,0.0,1.0,0,1,1.0,1.0,0.0,1,1,0,1,1,0,0,6,0.0,0.0,233.85179138183594,225.00294494628906,0,8,0,2024-08-01,0.0,0.0,0.0,0.0,0
9,0.0,0.0,0.0,0.0,1.0,0,1,1.0,1.0,0.0,1,1,0,1,1,0,0,6,0.0,0.0,236.77377319335938,203.8555450439453,0,8,0,2024-08-01,0.0,0.0,0.0,0.0,0
10,0.0,0.0,0.0,0.0,1.0,0,1,1.0,1.0,0.0,1,1,0,1,1,0,0,6,0.0,0.0,215.4668426513672,196.59292602539062,0,8,0,2024-08-01,0.0,0.0,0.0,0.0,0
11,0.0,0.0,0.0,0.0,1.0,0,1,1.0,1.0,0.0,1,1,0,1,1,0,0,6,0.0,0.0,229.1999969482422,192.20840454101562,0,8,0,2024-08-01,0.0,0.0,0.0,0.0,0
12,0.0,0.0,0.0,0.0,1.0,0,1,1.0,1.0,0.0,1,1,0,1,1,0,0,6,0.0,0.0,275.8999938964844,222.91909790039062,0,8,0,2024-08-01,0.0,0.0,0.0,0.0,0
13,0.0,0.0,0.0,0.0,1.0,0,1,1.0,1.0,0.0,1,1,0,1,1,0,0,6,0.0,0.0,347.2803039550781,303.6200866699219,0,8,0,2024-08-01,0.0,0.0,0.0,0.0,0
14,0.0,0.0,0.0,0.0,1.0,0,1,1.0,1.0,0.0,1,1,0,1,1,0,0,6,0.0,0.0,442.5991516113281,400.3085632324219,0,8,0,2024-08-01,0.0,0.0,0.0,0.0,0
15,0.0,0.0,0.0,0.0,1.0,0,1,1.0,1.0,0.0,1,1,0,1,1,0,0,6,0.0,0.0,545.0362548828125,450.206787109375,0,8,0,2024-08-01,0.0,0.0,0.0,0.0,0
16,0.0,0.0,0.0,0.0,1.0,0,1,1.0,1.0,0.0,1,1,0,1,1,0,0,6,0.0,0.0,643.57275390625,531.8602905273438,0,8,0,2024-08-01,0.0,0.0,0.0,0.0,0
17,0.0,0.0,0.0,0.0,1.0,0,1,1.0,1.0,0.0,1,1,0,1,1,0,0,6,0.0,0.0,654.5711669921875,604.9081420898438,0,8,0,2024-08-01,0.0,0.0,0.0,0.0,0
18,-61.56857641737918,284.00000381469727,303.2000045776367,587.200008392334,1.0,0,1,1.0,1.0,1.0,1,1,1,1,1,1,5,0,0.0,0.0,624.3972438951208,723.9930148939417,1,8,0,2024-08-01,28.400000381469727,30.320000457763673,58.7200008392334,0.0027293876876210324,0
19,-37.406810565043145,408.2000045776367,408.2000045776367,816.4000091552734,1.0,0,1,1.0,1.0,1.0,1,1,1,1,1,0,6,0,0.0,0.0,628.0887338685507,779.0963247251993,1,8,0,2024-08-01,40.820000457763676,40.820000457763676,81.64000091552735,0.005867297527574692,0
20,-53.51000061035154,535.1000061035156,535.1000061035156,1070.2000122070312,1.0,0,1,1.0,1.0,1.0,1,1,1,1,1,5,1,0,0.0,0.0,595.9226165771485,932.743521118164,1,8,0,2024-08-01,53.51000061035157,53.51000061035157,107.02000122070314,0.002812485866871173,0
21,-73.65500061035152,586.0500061035157,601.1000061035156,1187.1500122070313,1.0,0,1,1.0,1.0,1.0,1,1,1,1,1,0,6,0,0.14243200886229834,0.0,502.57772644042973,945.0370806884765,1,8,0,2024-08-01,58.60500061035157,60.11000061035156,118.71500122070313,0.0031172832781201716,0
22,-144.36359073626033,563.4500076293946,578.5000076293945,1141.950015258789,0.16666666666666666,5,0,0.0,0.2,1.0,0,0,1,0,0,1,5,0,0.2997041149686644,0.0,394.58172176373967,1000.1743207167291,1,8,0,2024-08-01,56.34500076293946,57.85000076293946,114.19500152587892,0.001917177795375331,0
23,-82.8700008392334,608.700008392334,608.700008392334,1217.400016784668,0.0,6,0,1.0,0.0,1.0,0,0,1,1,0,0,6,0,0.16533769141756738,0.0,508.0589542388916,991.6366024017334,1,8,0,2024-08-01,60.8700008392334,60.8700008392334,121.7400016784668,0.002773368537759878,0
24,-65.82000083923333,658.200008392334,658.200008392334,1316.400016784668,0.6666666666666666,2,0,0.6666666666666666,0.6666666666666666,1.0,0,0,1,0,0,3,3,0,0.12123433065448887,0.0,578.4035709381104,1016.3200618743896,1,8,0,2024-08-01,65.8200008392334,65.8200008392334,131.6400016784668,0.0030333739699238073,0
25,-73.57000083923333,735.700008392334,735.700008392334,1471.400016784668,1.0,0,1,1.0,1.0,1.0,1,1,1,1,1,0,6,0,0.29512458361947225,0.0,518.5768497467042,1063.069939804077,1,8,0,2024-08-01,73.5700008392334,73.5700008392334,147.1400016784668,0.0024991416499155956,0
26,-172.25937974309394,835.700008392334,835.700008392334,1671.400016784668,1.0,0,1,1.0,1.0,1.0,1,1,1,1,1,3,3,0,0.4600123066476918,0.0,451.267719866281,1208.5125535712189,1,8,0,2024-08-01,83.5700008392334,83.5700008392334,167.1400016784668,0.003289481387096216,0
27,-15.97193657919371,816.5000076293945,816.5000076293945,1633.000015258789,0.5,3,0,1.0,0.5,1.0,0,0,1,1,0,0,6,0,0.1589820662071663,0.0,686.6911493583063,1194.9482549385687,1,8,0,2024-08-01,81.65000076293946,81.65000076293946,163.3000015258789,0.0035780477124050026,0
28,-47.97552147615833,1048.3000106811523,1048.3000106811523,2096.6000213623047,0.0,6,0,1.0,0.0,0.0,0,0,0,1,0,0,5,1,0.31116705835275005,0.0,722.1035800863417,1249.5754970620958,1,8,0,2024-08-01,104.83000106811524,104.83000106811524,209.66000213623047,0.003846910870787498,0
29,6.1417241408300285,1048.3000106811523,1048.3000106811523,2096.6000213623047,0.0,6,0,1.0,0.0,1.0,0,0,1,1,0,0,6,0,0.3557528842514396,0.0,675.3642583205175,1086.1352533982324,1,8,0,2024-08-01,104.83000106811524,104.83000106811524,209.66000213623047,0.00801013220438501,0
30,57.4442363523806,1064.4333432515461,1067.600009918213,2132.033353169759,0.3333333333333333,4,0,1.0,0.2,1.0,0,0,1,1,0,0,5,1,0.28465606569110585,0.007395277581194303,761.4359355711306,1059.704811499182,1,8,0,2024-08-01,106.44333432515462,106.7600009918213,213.20333531697588,0.005662210914852963,0
31,130.36000175476067,1111.600009918213,1111.600009918213,2223.200019836426,0.8333333333333334,1,0,1.0,0.8333333333333334,1.0,0,0,1,1,0,0,6,0,0.22375513853804302,0.1614593365852357,862.8737957000732,932.1218097686768,1,8,0,2024-08-01,111.16000099182129,111.16000099182129,222.32000198364258,0.00707743535333623,0
32,122.99000091552728,1119.9000091552734,1119.9000091552734,2239.800018310547,1.0,0,1,1.0,1.0,1.0,1,1,1,1,1,1,5,0,0.190778248240072,0.10062499857787645,906.2474472045898,1007.2100723266602,1,8,0,2024-08-01,111.99000091552735,111.99000091552735,223.9800018310547,0.0050808262096698415,0
33,110.3400009155273,1089.8993375142416,1103.4000091552734,2193.299346669515,1.0,0,1,1.0,1.0,1.0,1,1,1,1,1,0,6,0,0.29767703084217156,0.15292732342823026,765.4613388061523,934.6599990844727,1,8,0,2024-08-01,108.98993375142416,110.34000091552736,219.32993466695154,0.019849887924295474,0
34,127.07000160217285,1070.529343922933,1078.700008392334,2149.229352315267,1.0,0,1,1.0,1.0,1.0,1,1,1,1,1,5,1,0,0.3025444225355362,0.14904051983286273,746.6466617584229,917.9299983978271,1,8,0,2024-08-01,107.05293439229331,107.8700008392334,214.9229352315267,0.007588246632616299,0
35,145.17000083923335,951.700008392334,951.700008392334,1903.400016784668,1.0,0,1,1.0,1.0,1.0,1,1,1,1,1,6,0,0,0.21434336139888838,0.03086057473213732,747.7094295501709,922.3299991607666,1,8,0,2024-08-01,95.17000083923341,95.17000083923341,190.34000167846682,0.0002609202268513131,0
36,258.9282744085001,944.1000061035156,944.1000061035156,1888.2000122070312,1.0,0,1,1.0,1.0,1.0,1,1,1,1,1,5,1,0,0.12940840746446408,0.15777916515458704,821.9255278264689,795.1406953180624,1,8,0,2024-08-01,94.41000061035157,94.41000061035157,188.82000122070315,0.07470300551129519,0
37,131.58000068664546,1040.800006866455,1040.800006866455,2081.60001373291,0.16666666666666666,5,0,0.16666666666666666,1.0,1.0,0,0,1,0,1,6,0,0,0.37193811693166384,0.17018077153109332,653.686812210083,863.6758586883545,1,8,0,2024-08-01,104.08000068664552,104.08000068664552,208.16000137329104,0.05659471955128153,0
38,101.07000083923333,1010.700008392334,1010.700008392334,2021.400016784668,1.0,0,1,1.0,1.0,1.0,1,1,1,1,1,6,0,0,0.41947258004346905,0.14508611683723524,586.7390682220458,864.0614688873292,1,8,0,2024-08-01,101.0700008392334,101.0700008392334,202.1400016784668,0.01948994716314075,0
39,158.12000236511233,922.200008392334,922.200008392334,1844.400016784668,0.6666666666666666,2,0,0.6666666666666666,1.0,1.0,0,0,1,0,1,6,0,0,0.2927598246147653,0.1273596976840449,652.2168956756592,804.7488941192627,1,8,0,2024-08-01,92.2200008392334,92.2200008392334,184.4400016784668,0.019490604875454707,0
40,89.14000091552737,891.4000091552734,891.4000091552734,1782.8000183105469,0.0,6,0,0.0,1.0,1.0,0,0,1,0,1,6,0,0,0.455454613910103,0.12181878430178401,485.4077621459961,782.8107437133789,1,8,0,2024-08-01,89.14000091552735,89.14000091552735,178.2800018310547,0.11713320633424269,1
41,86.45000038146975,855.7133344014485,864.5000038146973,1720.2133382161458,0.0,6,0,0.0,1.0,1.0,0,0,1,0,1,6,0,0,0.5265819640437686,0.19176659088502518,405.1101261138916,698.7177852630615,1,8,0,2024-08-01,85.57133344014485,86.45000038146974,172.02133382161458,0.12867193490956078,1
42,118.69209325926556,787.0000038146973,787.0000038146973,1574.0000076293945,0.3333333333333333,4,0,1.0,0.3333333333333333,1.0,0,0,1,1,0,0,6,0,0.438580506777067,0.24293786041579216,441.8371433080937,595.8079067407344,1,8,0,2024-08-01,78.70000038146974,78.70000038146974,157.40000076293947,0.09946211259249484,0
43,108.8240005673623,732.0000038146973,732.0000038146973,1464.0000076293945,1.0,0,1,1.0,1.0,1.0,1,1,1,1,1,0,6,0,0.2475996692202506,0.18760109790494287,550.757045000956,594.6759994326377,1,8,0,2024-08-01,73.20000038146974,73.20000038146974,146.40000076293947,0.11868233574215321,0
44,129.82500085830685,577.0000038146973,577.0000038146973,1154.0000076293945,0.0,6,0,0.0,1.0,1.0,0,0,1,0,1,6,0,0,0.0,0.043890822366679134,668.7382088661193,551.6749991416932,1,8,0,2024-08-01,57.70000038146973,57.70000038146973,115.40000076293946,2.696410810864891e-05,0
45,84.53036125763714,511.00000381469727,511.00000381469727,1022.0000076293945,0.0,6,0,0.0,1.0,1.0,0,0,1,0,1,6,0,0,0.0,0.0,614.408718191231,555.1695899142378,1,8,0,2024-08-01,51.10000038146973,51.10000038146973,102.20000076293945,1.4619353827975522e-05,0
46,77.45000114440916,472.50000381469727,472.50000381469727,945.0000076293945,0.0,6,0,0.0,1.0,1.0,0,0,1,0,1,6,0,0,0.05891045336114432,0.12052911005148012,444.66481437683103,415.54999885559084,1,8,0,2024-08-01,47.25000038146973,47.25000038146973,94.50000076293946,0.1391593024373859,0
47,48.410000610351574,484.1000061035156,484.1000061035156,968.2000122070312,0.0,6,0,0.0,1.0,1.0,0,0,1,0,1,6,0,0,0.27882242747567937,0.2076224663586415,349.1220672607422,383.5899688720703,1,8,0,2024-08-01,48.41000061035157,48.41000061035157,96.82000122070313,0.1391596483382377,0
0,0.0,0.0,0.0,0.0,1.0,0,1,1.0,1.0,0.0,1,1,0,1,1,0,0,6,0.0,0.0,210.45272827148438,215.24090576171875,0,8,1,2024-08-01,0.0,0.0,0.0,0.0,0
1,0.0,0.0,0.0,0.0,1.0,0,1,1.0,1.0,0.0,1,1,0,1,1,0,0,6,0.0,0.0,195.8120880126953,193.39999389648438,0,8,1,2024-08-01,0.0,0.0,0.0,0.0,0
2,0.0,0.0,0.0,0.0,1.0,0,1,1.0,1.0,0.0,1,1,0,1,1,0,0,6,0.0,0.0,193.39999389648438,193.39999389648438,0,8,1,2024-08-01,0.0,0.0,0.0,0.0,0
3,0.0,0.0,0.0,0.0,1.0,0,1,1.0,1.0,0.0,1,1,0,1,1,0,0,6,0.0,0.0,185.1999969482422,168.29586791992188,0,8,1,2024-08-01,0.0,0.0,0.0,0.0,0
4,0.0,0.0,0.0,0.0,1.0,0,1,1.0,1.0,0.0,1,1,0,1,1,0,0,6,0.0,0.0,185.1999969482422,164.4229736328125,0,8,1,2024-08-01,0.0,0.0,0.0,0.0,0
5,0.0,0.0,0.0,0.0,1.0,0,1,1.0,1.0,0.0,1,1,0,1,1,0,0,6,0.0,0.0,207.1483154296875,176.89999389648438,0,8,1,2024-08-01,0.0,0.0,0.0,0.0,0
6,0.0,0.0,0.0,0.0,1.0,0,1,1.0,1.0,0.0,1,1,0,1,1,0,0,6,0.0,0.0,229.2718048095703,176.89999389648438,0,8,1,2024-08-01,0.0,0.0,0.0,0.0,0
7,0.0,0.0,0.0,0.0,1.0,0,1,1.0,1.0,0.0,1,1,0,1,1,0,0,6,0.0,0.0,248.3734893798828,176.89999389648438,0,8,1,2024-08-01,0.0,0.0,0.0,0.0,0
8,0.0,0.0,0.0,0.0,1.0,0,1,1.0,1.0,0.0,1,1,0,1,1,0,0,6,0.0,0.0,226.89999389648438,176.89999389648438,0,8,1,2024-08-01,0.0,0.0,0.0,0.0,0
9,0.0,0.0,0.0,0.0,1.0,0,1,1.0,1.0,0.0,1,1,0,1,1,0,0,6,0.0,0.0,226.89999389648438,176.89999389648438,0,8,1,2024-08-01,0.0,0.0,0.0,0.0,0
10,0.0,0.0,0.0,0.0,1.0,0,1,1.0,1.0,0.0,1,1,0,1,1,0,0,6,0.0,0.0,196.09999084472656,176.4154815673828,0,8,1,2024-08-01,0.0,0.0,0.0,0.0,0
11,0.0,0.0,0.0,0.0,1.0,0,1,1.0,1.0,0.0,1,1,0,1,1,0,0,6,0.0,0.0,196.09999084472656,190.76943969726562,0,8,1,2024-08-01,0.0,0.0,0.0,0.0,0
12,0.0,0.0,0.0,0.0,1.0,0,1,1.0,1.0,0.0,1,1,0,1,1,0,0,6,0.0,0.0,223.59999084472656,204.83389282226562,0,8,1,2024-08-01,0.0,0.0,0.0,0.0,0
13,0.0,0.0,0.0,0.0,1.0,0,1,1.0,1.0,0.0,1,1,0,1,1,0,0,6,0.0,0.0,302.4548034667969,281.84039306640625,0,8,1,2024-08-01,0.0,0.0,0.0,0.0,0
14,0.0,0.0,0.0,0.0,1.0,0,1,1.0,1.0,0.0,1,1,0,1,1,0,0,6,0.0,0.0,389.54522705078125,335.763916015625,0,8,1,2024-08-01,0.0,0.0,0.0,0.0,0
15,0.0,0.0,0.0,0.0,1.0,0,1,1.0,1.0,0.0,1,1,0,1,1,0,0,6,0.0,0.0,387.0489501953125,341.69732666015625,0,8,1,2024-08-01,0.0,0.0,0.0,0.0,0
16,0.0,0.0,0.0,0.0,1.0,0,1,1.0,1.0,0.0,1,1,0,1,1,0,0,6,0.0,0.0,410.4404602050781,360.66162109375,0,8,1,2024-08-01,0.0,0.0,0.0,0.0,0
17,0.0,0.0,0.0,0.0,1.0,0,1,1.0,1.0,0.0,1,1,0,1,1,0,0,6,0.0,0.0,464.94561767578125,417.5675354003906,0,8,1,2024-08-01,0.0,0.0,0.0,0.0,0
18,-61.56857641737918,284.00000381469727,303.2000045776367,587.200008392334,1.0,0,1,1.0,1.0,1.0,1,1,1,1,1,1,5,0,0.0,0.0,475.8314479966833,533.9237094740198,1,8,1,2024-08-01,28.400000381469727,30.320000457763673,58.7200008392334,0.0027293876876210324,0
19,-37.406810565043145,408.2000045776367,408.2000045776367,816.4000091552734,1.0,0,1,1.0,1.0,1.0,1,1,1,1,1,0,6,0,0.0,0.0,592.6752206849569,615.3571279478556,1,8,1,2024-08-01,40.820000457763676,40.820000457763676,81.64000091552735,0.005867297527574692,0
20,-53.51000061035154,535.1000061035156,535.1000061035156,1070.2000122070312,1.0,0,1,1.0,1.0,1.0,1,1,1,1,1,5,1,0,0.0,0.0,564.7336517333985,623.470083618164,1,8,1,2024-08-01,53.51000061035157,53.51000061035157,107.02000122070314,0.002812485866871173,0
21,-73.65500061035152,586.0500061035157,601.1000061035156,1187.1500122070313,1.0,0,1,1.0,1.0,1.0,1,1,1,1,1,0,6,0,0.0,0.0,596.8418865966797,759.624849243164,1,8,1,2024-08-01,58.60500061035157,60.11000061035156,118.71500122070313,0.0031172832781201716,0
22,-144.36359073626033,563.4500076293946,578.5000076293945,1141.950015258789,1.0,0,1,1.0,1.0,1.0,1,1,1,1,1,1,5,0,0.021033161462913078,0.0,551.5988726426459,907.5635419081353,1,8,1,2024-08-01,56.34500076293946,57.85000076293946,114.19500152587892,0.001917177795375331,0
23,-82.8700008392334,608.700008392334,608.700008392334,1217.400016784668,1.0,0,1,1.0,1.0,1.0,1,1,1,1,1,0,6,0,0.07837217087198858,0.0,560.9948673248291,915.2700252532959,1,8,1,2024-08-01,60.8700008392334,60.8700008392334,121.7400016784668,0.002773368537759878,0
24,-65.82000083923333,658.200008392334,658.200008392334,1316.400016784668,1.0,0,1,1.0,1.0,1.0,1,1,1,1,1,3,3,0,0.10092525822941369,0.0,591.7710025787354,980.7200252532958,1,8,1,2024-08-01,65.8200008392334,65.8200008392334,131.6400016784668,0.0030333739699238073,0
25,-73.57000083923333,735.700008392334,735.700008392334,1471.400016784668,1.0,0,1,1.0,1.0,1.0,1,1,1,1,1,0,6,0,0.20195981534583982,0.0,587.1181705474854,1018.6699764251708,1,8,1,2024-08-01,73.5700008392334,73.5700008392334,147.1400016784668,0.0024991416499155956,0
26,-172.25937974309394,835.700008392334,835.700008392334,1671.400016784668,1.0,0,1,1.0,1.0,1.0,1,1,1,1,1,3,3,0,0.4482474280058913,0.0,461.0996290459685,1183.7228196845,1,8,1,2024-08-01,83.5700008392334,83.5700008392334,167.1400016784668,0.003289481387096216,0
27,-15.97193657919371,816.5000076293945,816.5000076293945,1633.000015258789,1.0,0,1,1.0,1.0,1.0,1,1,1,1,1,0,6,0,0.2817140838715925,0.0,586.4804559989313,1045.9520391182562,1,8,1,2024-08-01,81.65000076293946,81.65000076293946,163.3000015258789,0.0035780477124050026,0
28,-47.97552147615833,1048.3000106811523,1048.3000106811523,2096.6000213623047,1.0,0,1,1.0,1.0,1.0,1,1,1,1,1,0,5,1,0.5567938225683413,0.023568340266807708,464.6130405355604,1023.5933193277208,1,8,1,2024-08-01,104.83000106811524,104.83000106811524,209.66000213623047,0.003846910870787498,0
29,6.1417241408300285,1048.3000106811523,1048.3000106811523,2096.6000213623047,0.8333333333333334,1,0,1.0,0.8333333333333334,1.0,0,0,1,1,0,0,6,0,0.5088585794426554,0.07807093236874683,514.8635564162206,966.4582514451075,1,8,1,2024-08-01,104.83000106811524,104.83000106811524,209.66000213623047,0.00801013220438501,0
30,57.4442363523806,1064.4333432515461,1067.600009918213,2132.033353169759,0.16666666666666666,5,0,1.0,0.0,1.0,0,0,1,1,0,0,5,1,0.44665930570974716,0.18486797041802508,588.9942851805056,870.2349628663694,1,8,1,2024-08-01,106.44333432515462,106.7600009918213,213.20333531697588,0.005662210914852963,0
31,130.36000175476067,1111.600009918213,1111.600009918213,2223.200019836426,0.8333333333333334,1,0,1.0,0.8333333333333334,1.0,0,0,1,1,0,0,6,0,0.3749264697033064,0.3052254056241245,694.8317424774169,772.3114459991456,1,8,1,2024-08-01,111.16000099182129,111.16000099182129,222.32000198364258,0.00707743535333623,0
32,122.99000091552728,1119.9000091552734,1119.9000091552734,2239.800018310547,0.6666666666666666,2,0,0.0,0.8,1.0,0,0,1,0,0,1,5,0,0.3266642833580133,0.2864451922736163,754.0686752319335,799.1100357055665,1,8,1,2024-08-01,111.99000091552735,111.99000091552735,223.9800018310547,0.0050808262096698415,0
33,110.3400009155273,1089.8993375142416,1103.4000091552734,2193.299346669515,1.0,0,1,1.0,1.0,1.0,1,1,1,1,1,0,6,0,0.30765921659295115,0.25932569428630536,754.5817611694335,817.2600357055665,1,8,1,2024-08-01,108.98993375142416,110.34000091552736,219.32993466695154,0.019849887924295474,0
34,127.07000160217285,1070.529343922933,1078.700008392334,2149.229352315267,1.0,0,1,1.0,1.0,1.0,1,1,1,1,1,5,1,0,0.2694186634246102,0.2374803869942624,782.1087589263916,822.5299129486084,1,8,1,2024-08-01,107.05293439229331,107.8700008392334,214.9229352315267,0.007588246632616299,0
35,145.17000083923335,951.700008392334,951.700008392334,1903.400016784668,1.0,0,1,1.0,1.0,1.0,1,1,1,1,1,6,0,0,0.1120577525039267,0.13596404920623528,845.0546443939209,822.3030216217041,1,8,1,2024-08-01,95.17000083923341,95.17000083923341,190.34000167846682,0.0002609202268513131,0
36,258.9282744085001,944.1000061035156,944.1000061035156,1888.2000122070312,1.0,0,1,1.0,1.0,1.0,1,1,1,1,1,5,1,0,0.00895464492444996,0.3196995311819189,935.6459257756876,642.2716767633749,1,8,1,2024-08-01,94.41000061035157,94.41000061035157,188.82000122070315,0.07470300551129519,0
37,131.58000068664546,1040.800006866455,1040.800006866455,2081.60001373291,1.0,0,1,1.0,1.0,1.0,1,1,1,1,1,6,0,0,0.32991229234763564,0.30858959863788327,697.427290725708,719.6199504852295,1,8,1,2024-08-01,104.08000068664552,104.08000068664552,208.16000137329104,0.05659471955128153,0
38,101.07000083923333,1010.700008392334,1010.700008392334,2021.400016784668,1.0,0,1,1.0,1.0,1.0,1,1,1,1,1,6,0,0,0.37902735358336576,0.2741367920837487,627.6170589447021,733.6299503326417,1,8,1,2024-08-01,101.0700008392334,101.0700008392334,202.1400016784668,0.01948994716314075,0
39,158.12000236511233,922.200008392334,922.200008392334,1844.400016784668,1.0,0,1,1.0,1.0,1.0,1,1,1,1,1,6,0,0,0.2897554878765079,0.29073953167472544,654.9874950408936,654.0800098419189,1,8,1,2024-08-01,92.2200008392334,92.2200008392334,184.4400016784668,0.019490604875454707,0
40,89.14000091552737,891.4000091552734,891.4000091552734,1782.8000183105469,0.6666666666666666,2,0,0.6666666666666666,1.0,1.0,0,0,1,0,1,6,0,0,0.415713805169299,0.17964997084585338,520.8327194213867,731.2600234985351,1,8,1,2024-08-01,89.14000091552735,89.14000091552735,178.2800018310547,0.11713320633424269,0
41,86.45000038146975,855.7133344014485,864.5000038146973,1720.2133382161458,0.16666666666666666,5,0,0.16666666666666666,1.0,1.0,0,0,1,0,1,6,0,0,0.5533678987972588,0.29780220134198004,382.1890445709229,607.0499996185303,1,8,1,2024-08-01,85.57133344014485,86.45000038146974,172.02133382161458,0.12867193490956078,0
42,118.69209325926556,787.0000038146973,787.0000038146973,1574.0000076293945,1.0,0,1,1.0,1.0,1.0,1,1,1,1,1,0,6,0,0.44439241857783485,0.27927836289013713,437.2631686987187,567.2079311547969,1,8,1,2024-08-01,78.70000038146974,78.70000038146974,157.40000076293947,0.09946211259249484,0
43,108.8240005673623,732.0000038146973,732.0000038146973,1464.0000076293945,1.0,0,1,1.0,1.0,1.0,1,1,1,1,1,0,6,0,0.24310224539421754,0.3175190966622375,554.0491592587686,499.5760238467002,1,8,1,2024-08-01,73.20000038146974,73.20000038146974,146.40000076293947,0.11868233574215321,0
44,129.82500085830685,577.0000038146973,577.0000038146973,1154.0000076293945,1.0,0,1,1.0,1.0,1.0,1,1,1,1,1,6,0,0,0.0,0.20385613810801284,581.6498909950255,459.3750113487244,1,8,1,2024-08-01,57.70000038146973,57.70000038146973,115.40000076293946,2.696410810864891e-05,0
45,84.53036125763714,511.00000381469727,511.00000381469727,1022.0000076293945,0.0,6,0,0.0,1.0,1.0,0,0,1,0,1,6,0,0,0.0,0.0,557.9664574490434,523.8696631564253,1,8,1,2024-08-01,51.10000038146973,51.10000038146973,102.20000076293945,1.4619353827975522e-05,0
46,77.45000114440916,472.50000381469727,472.50000381469727,945.0000076293945,0.3333333333333333,4,0,0.3333333333333333,1.0,1.0,0,0,1,0,1,6,0,0,0.0549251483337956,0.0,446.54787101745603,482.8090930938721,1,8,1,2024-08-01,47.25000038146973,47.25000038146973,94.50000076293946,0.1391593024373859,0
47,48.410000610351574,484.1000061035156,484.1000061035156,968.2000122070312,0.0,6,0,0.0,1.0,1.0,0,0,1,0,1,6,0,0,0.3314618764471185,0.056476109262888624,323.6393096923828,456.7599212646484,1,8,1,2024-08-01,48.41000061035157,48.41000061035157,96.82000122070313,0.1391596483382377,0
0,0.0,0.0,0.0,0.0,1.0,0,1,1.0,1.0,0.0,1,1,0,1,1,0,0,6,0.0,0.0,146.10000610351562,146.10000610351562,0,8,2,2024-08-01,0.0,0.0,0.0,0.0,0
1,0.0,0.0,0.0,0.0,1.0,0,1,1.0,1.0,0.0,1,1,0,1,1,0,0,6,0.0,0.0,146.10000610351562,146.10000610351562,0,8,2,2024-08-01,0.0,0.0,0.0,0.0,0
2,0.0,0.0,0.0,0.0,1.0,0,1,1.0,1.0,0.0,1,1,0,1,1,0,0,6,0.0,0.0,146.10000610351562,134.30584716796875,0,8,2,2024-08-01,0.0,0.0,0.0,0.0,0
3,0.0,0.0,0.0,0.0,1.0,0,1,1.0,1.0,0.0,1,1,0,1,1,0,0,6,0.0,0.0,146.10000610351562,120.0859375,0,8,2,2024-08-01,0.0,0.0,0.0,0.0,0
4,0.0,0.0,0.0,0.0,1.0,0,1,1.0,1.0,0.0,1,1,0,1,1,0,0,6,0.0,0.0,146.10000610351562,96.60418701171875,0,8,2,2024-08-01,0.0,0.0,0.0,0.0,0
5,0.0,0.0,0.0,0.0,1.0,0,1,1.0,1.0,0.0,1,1,0,1,1,0,0,6,0.0,0.0,146.10000610351562,96.10000610351562,0,8,2,2024-08-01,0.0,0.0,0.0,0.0,0
6,0.0,0.0,0.0,0.0,1.0,0,1,1.0,1.0,0.0,1,1,0,1,1,0,0,6,0.0,0.0,146.10000610351562,96.10000610351562,0,8,2,2024-08-01,0.0,0.0,0.0,0.0,0
7,0.0,0.0,0.0,0.0,1.0,0,1,1.0,1.0,0.0,1,1,0,1,1,0,0,6,0.0,0.0,146.10000610351562,96.10000610351562,0,8,2,2024-08-01,0.0,0.0,0.0,0.0,0
8,0.0,0.0,0.0,0.0,1.0,0,1,1.0,1.0,0.0,1,1,0,1,1,0,0,6,0.0,0.0,146.10000610351562,83.92129516601562,0,8,2,2024-08-01,0.0,0.0,0.0,0.0,0
9,0.0,0.0,0.0,0.0,1.0,0,1,1.0,1.0,0.0,1,1,0,1,1,0,0,6,0.0,0.0,146.10000610351562,76.9000015258789,0,8,2,2024-08-01,0.0,0.0,0.0,0.0,0
10,0.0,0.0,0.0,0.0,1.0,0,1,1.0,1.0,0.0,1,1,0,1,1,0,0,6,0.0,0.0,126.9000015258789,76.9000015258789,0,8,2,2024-08-01,0.0,0.0,0.0,0.0,0
11,0.0,0.0,0.0,0.0,1.0,0,1,1.0,1.0,0.0,1,1,0,1,1,0,0,6,0.0,0.0,126.9000015258789,75.13412475585938,0,8,2,2024-08-01,0.0,0.0,0.0,0.0,0
12,0.0,0.0,0.0,0.0,1.0,0,1,1.0,1.0,0.0,1,1,0,1,1,0,0,6,0.0,0.0,126.9000015258789,72.05546569824219,0,8,2,2024-08-01,0.0,0.0,0.0,0.0,0
13,0.0,0.0,0.0,0.0,1.0,0,1,1.0,1.0,0.0,1,1,0,1,1,0,0,6,0.0,0.0,176.89999389648438,120.52140808105469,0,8,2,2024-08-01,0.0,0.0,0.0,0.0,0
14,0.0,0.0,0.0,0.0,1.0,0,1,1.0,1.0,0.0,1,1,0,1,1,0,0,6,0.0,0.0,243.7111053466797,189.8891143798828,0,8,2,2024-08-01,0.0,0.0,0.0,0.0,0
15,0.0,0.0,0.0,0.0,1.0,0,1,1.0,1.0,0.0,1,1,0,1,1,0,0,6,0.0,0.0,292.79998779296875,206.9408416748047,0,8,2,2024-08-01,0.0,0.0,0.0,0.0,0
16,0.0,0.0,0.0,0.0,1.0,0,1,1.0,1.0,0.0,1,1,0,1,1,0,0,6,0.0,0.0,399.8710632324219,304.87261962890625,0,8,2,2024-08-01,0.0,0.0,0.0,0.0,0
17,0.0,0.0,0.0,0.0,1.0,0,1,1.0,1.0,0.0,1,1,0,1,1,0,0,6,0.0,0.0,552.8361206054688,447.18157958984375,0,8,2,2024-08-01,0.0,0.0,0.0,0.0,0
18,-61.56857641737918,284.00000381469727,303.2000045776367,587.200008392334,1.0,0,1,1.0,1.0,1.0,1,1,1,1,1,1,5,0,0.0,0.0,558.7170681138708,606.9389377455042,1,8,2,2024-08-01,28.400000381469727,30.320000457763673,58.7200008392334,0.0027293876876210324,0
19,-37.406810565043145,408.2000045776367,408.2000045776367,816.4000091552734,1.0,0,1,1.0,1.0,1.0,1,1,1,1,1,0,6,0,0.0,0.0,602.7999155091757,771.7247426939493,1,8,2,2024-08-01,40.820000457763676,40.820000457763676,81.64000091552735,0.005867297527574692,0
20,-53.51000061035154,535.1000061035156,535.1000061035156,1070.2000122070312,1.0,0,1,1.0,1.0,1.0,1,1,1,1,1,5,1,0,0.0,0.0,615.1379486083985,861.868032836914,1,8,2,2024-08-01,53.51000061035157,53.51000061035157,107.02000122070314,0.002812485866871173,0
21,-73.65500061035152,586.0500061035157,601.1000061035156,1187.1500122070313,1.0,0,1,1.0,1.0,1.0,1,1,1,1,1,0,6,0,0.0,0.0,609.1897259521485,1039.6598834228516,1,8,2,2024-08-01,58.60500061035157,60.11000061035156,118.71500122070313,0.0031172832781201716,0
22,-144.36359073626033,563.4500076293946,578.5000076293945,1141.950015258789,0.5,3,0,1.0,0.4,1.0,0,0,1,1,0,1,5,0,0.13106564330672135,0.0,489.6010699082709,1111.093449134698,1,8,2,2024-08-01,56.34500076293946,57.85000076293946,114.19500152587892,0.001917177795375331,0
23,-82.8700008392334,608.700008392334,608.700008392334,1217.400016784668,0.0,6,0,1.0,0.0,1.0,0,0,1,1,0,0,6,0,0.03400451615779962,0.0,588.0014591217041,1141.8072566986084,1,8,2,2024-08-01,60.8700008392334,60.8700008392334,121.7400016784668,0.002773368537759878,0
24,-65.82000083923333,658.200008392334,658.200008392334,1316.400016784668,0.8333333333333334,1,0,1.0,0.6666666666666666,1.0,0,0,1,1,0,3,3,0,0.12411620631804376,0.0,576.5067203521729,1176.2662899017332,1,8,2,2024-08-01,65.8200008392334,65.8200008392334,131.6400016784668,0.0030333739699238073,0
25,-73.57000083923333,735.700008392334,735.700008392334,1471.400016784668,1.0,0,1,1.0,1.0,1.0,1,1,1,1,1,0,6,0,0.25783000463711,0.0,546.0144718170167,1181.4503719329832,1,8,2,2024-08-01,73.5700008392334,73.5700008392334,147.1400016784668,0.0024991416499155956,0
26,-172.25937974309394,835.700008392334,835.700008392334,1671.400016784668,1.0,0,1,1.0,1.0,1.0,1,1,1,1,1,3,3,0,0.5292757783545682,0.0,393.3842359795623,1252.7751268134064,1,8,2,2024-08-01,83.5700008392334,83.5700008392334,167.1400016784668,0.003289481387096216,0
27,-15.97193657919371,816.5000076293945,816.5000076293945,1633.000015258789,1.0,0,1,1.0,1.0,1.0,1,1,1,1,1,0,6,0,0.3045806264951132,0.0,567.8099237723688,1154.0817998604437,1,8,2,2024-08-01,81.65000076293946,81.65000076293946,163.3000015258789,0.0035780477124050026,0
28,-47.97552147615833,1048.3000106811523,1048.3000106811523,2096.6000213623047,1.0,0,1,1.0,1.0,1.0,1,1,1,1,1,0,5,1,0.48423802658986265,0.0,540.6732822347792,1193.8975185464708,1,8,2,2024-08-01,104.83000106811524,104.83000106811524,209.66000213623047,0.003846910870787498,0
29,6.1417241408300285,1048.3000106811523,1048.3000106811523,2096.6000213623047,0.5,3,0,1.0,0.5,1.0,0,0,1,1,0,0,6,0,0.4087204883491704,0.0,619.8383183791112,1130.377562968545,1,8,2,2024-08-01,104.83000106811524,104.83000106811524,209.66000213623047,0.00801013220438501,0
30,57.4442363523806,1064.4333432515461,1067.600009918213,2132.033353169759,0.5,3,0,1.0,0.4,1.0,0,0,1,1,0,0,5,1,0.3409119850017623,0.010299993008264756,701.5552593015993,1056.603737280432,1,8,2,2024-08-01,106.44333432515462,106.7600009918213,213.20333531697588,0.005662210914852963,0
31,130.36000175476067,1111.600009918213,1111.600009918213,2223.200019836426,0.8333333333333334,1,0,1.0,0.8333333333333334,1.0,0,0,1,1,0,0,6,0,0.29459940588115335,0.1563495366029962,784.1233074188232,937.8018634796143,1,8,2,2024-08-01,111.16000099182129,111.16000099182129,222.32000198364258,0.00707743535333623,0
32,122.99000091552728,1119.9000091552734,1119.9000091552734,2239.800018310547,1.0,0,1,1.0,1.0,1.0,1,1,1,1,1,1,5,0,0.29348053902179466,0.1683990372097946,791.231150817871,931.3099258422852,1,8,2,2024-08-01,111.99000091552735,111.99000091552735,223.9800018310547,0.0050808262096698415,0
33,110.3400009155273,1089.8993375142416,1103.4000091552734,2193.299346669515,0.8333333333333334,1,0,1.0,0.8333333333333334,1.0,0,0,1,1,0,0,6,0,0.31814647290875575,0.14449889613019878,743.151707458496,943.9599258422852,1,8,2,2024-08-01,108.98993375142416,110.34000091552736,219.32993466695154,0.019849887924295474,0
34,127.07000160217285,1070.529343922933,1078.700008392334,2149.229352315267,0.6666666666666666,2,0,0.6,1.0,1.0,0,0,1,0,1,5,1,0,0.2801326196158131,0.12512290923020403,770.6391544342041,943.7299251556396,1,8,2,2024-08-01,107.05293439229331,107.8700008392334,214.9229352315267,0.007588246632616299,0
35,145.17000083923335,951.700008392334,951.700008392334,1903.400016784668,0.16666666666666666,5,0,0.16666666666666666,1.0,1.0,0,0,1,0,1,6,0,0,0.21710639346101976,0.020983487066727338,745.0798519134521,931.7300235748291,1,8,2,2024-08-01,95.17000083923341,95.17000083923341,190.34000167846682,0.0002609202268513131,0
36,258.9282744085001,944.1000061035156,944.1000061035156,1888.2000122070312,0.16666666666666666,5,0,0.0,1.0,1.0,0,0,1,0,1,5,1,0,0.06872086948113454,0.12536956850930314,879.2206328069376,825.7385957086874,1,8,2,2024-08-01,94.41000061035157,94.41000061035157,188.82000122070315,0.07470300551129519,0
37,131.58000068664546,1040.800006866455,1040.800006866455,2081.60001373291,0.0,6,0,0.0,1.0,1.0,0,0,1,0,1,6,0,0,0.2839063399172254,0.15135293892972823,745.3102863311767,883.2718669891358,1,8,2,2024-08-01,104.08000068664552,104.08000068664552,208.16000137329104,0.05659471955128153,0
38,101.07000083923333,1010.700008392334,1010.700008392334,2021.400016784668,0.0,6,0,0.0,1.0,1.0,0,0,1,0,1,6,0,0,0.293196416714899,0.0955261380302996,714.3663875579833,914.1517398834229,1,8,2,2024-08-01,101.0700008392334,101.0700008392334,202.1400016784668,0.01948994716314075,0
39,158.12000236511233,922.200008392334,922.200008392334,1844.400016784668,0.5,3,0,0.5,1.0,1.0,0,0,1,0,1,6,0,0,0.1679193365186703,0.19143674970356367,767.3447948455811,745.6570362091064,1,8,2,2024-08-01,92.2200008392334,92.2200008392334,184.4400016784668,0.019490604875454707,0
40,89.14000091552737,891.4000091552734,891.4000091552734,1782.8000183105469,0.5,3,0,0.5,1.0,1.0,0,0,1,0,1,6,0,0,0.2615116752416187,0.09341894973485503,658.2884994506836,808.1263565063476,1,8,2,2024-08-01,89.14000091552735,89.14000091552735,178.2800018310547,0.11713320633424269,0
41,86.45000038146975,855.7133344014485,864.5000038146973,1720.2133382161458,0.8333333333333334,1,0,0.8333333333333334,1.0,1.0,0,0,1,0,1,6,0,0,0.31954640807522516,0.0792943660840029,582.2732120513916,795.9500240325928,1,8,2,2024-08-01,85.57133344014485,86.45000038146974,172.02133382161458,0.12867193490956078,0
42,118.69209325926556,787.0000038146973,787.0000038146973,1574.0000076293945,0.8333333333333334,1,0,1.0,0.8333333333333334,1.0,0,0,1,1,0,0,6,0,0.21486975338933834,0.07927833283788435,617.8975070776249,724.6079555688594,1,8,2,2024-08-01,78.70000038146974,78.70000038146974,157.40000076293947,0.09946211259249484,0
43,108.8240005673623,732.0000038146973,732.0000038146973,1464.0000076293945,1.0,0,1,1.0,1.0,1.0,1,1,1,1,1,0,6,0,0.06604701250223444,0.007956290097962749,683.6535904111123,726.1759994326377,1,8,2,2024-08-01,73.20000038146974,73.20000038146974,146.40000076293947,0.11868233574215321,0
44,129.82500085830685,577.0000038146973,577.0000038146973,1154.0000076293945,0.3333333333333333,4,0,0.3333333333333333,1.0,1.0,0,0,1,0,1,6,0,0,0.0,0.0,805.3516121864318,685.9750479698182,1,8,2,2024-08-01,57.70000038146973,57.70000038146973,115.40000076293946,2.696410810864891e-05,0
45,84.53036125763714,511.00000381469727,511.00000381469727,1022.0000076293945,0.0,6,0,0.0,1.0,1.0,0,0,1,0,1,6,0,0,0.0,0.0,736.5330468045122,701.0697363986128,1,8,2,2024-08-01,51.10000038146973,51.10000038146973,102.20000076293945,1.4619353827975522e-05,0
46,77.45000114440916,472.50000381469727,472.50000381469727,945.0000076293945,0.16666666666666666,5,0,0.16666666666666666,1.0,1.0,0,0,1,0,1,6,0,0,0.0,0.0,684.7794689178467,687.5056873321533,1,8,2,2024-08-01,47.25000038146973,47.25000038146973,94.50000076293946,0.1391593024373859,0
47,48.410000610351574,484.1000061035156,484.1000061035156,968.2000122070312,0.3333333333333333,4,0,0.3333333333333333,1.0,1.0,0,0,1,0,1,6,0,0,0.0,0.0,527.3402374267578,664.7965423583985,1,8,2,2024-08-01,48.41000061035157,48.41000061035157,96.82000122070313,0.1391596483382377,0
0,0.0,0.0,0.0,0.0,1.0,0,1,1.0,1.0,0.0,1,1,0,1,1,0,0,6,0.0,0.0,169.39999389648438,180.10113525390625,0,9,0,2024-08-01,0.0,0.0,0.0,0.0,0
1,0.0,0.0,0.0,0.0,1.0,0,1,1.0,1.0,0.0,1,1,0,1,1,0,0,6,0.0,0.0,203.86961364746094,206.9624786376953,0,9,0,2024-08-01,0.0,0.0,0.0,0.0,0
2,0.0,0.0,0.0,0.0,1.0,0,1,1.0,1.0,0.0,1,1,0,1,1,0,0,6,0.0,0.0,190.1999969482422,201.93360900878906,0,9,0,2024-08-01,0.0,0.0,0.0,0.0,0
3,0.0,0.0,0.0,0.0,1.0,0,1,1.0,1.0,0.0,1,1,0,1,1,0,0,6,0.0,0.0,190.1999969482422,184.9219970703125,0,9,0,2024-08-01,0.0,0.0,0.0,0.0,0
4,0.0,0.0,0.0,0.0,1.0,0,1,1.0,1.0,0.0,1,1,0,1,1,0,0,6,0.0,0.0,190.1999969482422,173.41741943359375,0,9,0,2024-08-01,0.0,0.0,0.0,0.0,0
5,0.0,0.0,0.0,0.0,1.0,0,1,1.0,1.0,0.0,1,1,0,1,1,0,0,6,0.0,0.0,190.1999969482422,155.21124267578125,0,9,0,2024-08-01,0.0,0.0,0.0,0.0,0
6,0.0,0.0,0.0,0.0,1.0,0,1,1.0,1.0,0.0,1,1,0,1,1,0,0,6,0.0,0.0,190.1999969482422,143.7355499267578,0,9,0,2024-08-01,0.0,0.0,0.0,0.0,0
7,0.0,0.0,0.0,0.0,1.0,0,1,1.0,1.0,0.0,1,1,0,1,1,0,0,6,0.0,0.0,162.6999969482422,112.69999694824219,0,9,0,2024-08-01,0.0,0.0,0.0,0.0,0
8,0.0,0.0,0.0,0.0,1.0,0,1,1.0,1.0,0.0,1,1,0,1,1,0,0,6,0.0,0.0,85.19999694824219,85.19999694824219,0,9,0,2024-08-01,0.0,0.0,0.0,0.0,0
9,0.0,0.0,0.0,0.0,1.0,0,1,1.0,1.0,0.0,1,1,0,1,1,0,0,6,0.0,0.0,74.19999694824219,74.19999694824219,0,9,0,2024-08-01,0.0,0.0,0.0,0.0,0
10,0.0,0.0,0.0,0.0,1.0,0,1,1.0,1.0,0.0,1,1,0,1,1,0,0,6,0.0,0.0,74.59579467773438,74.19999694824219,0,9,0,2024-08-01,0.0,0.0,0.0,0.0,0
11,0.0,0.0,0.0,0.0,1.0,0,1,1.0,1.0,0.0,1,1,0,1,1,0,0,6,0.0,0.0,81.5905990600586,74.19999694824219,0,9,0,2024-08-01,0.0,0.0,0.0,0.0,0
12,0.0,0.0,0.0,0.0,1.0,0,1,1.0,1.0,0.0,1,1,0,1,1,0,0,6,0.0,0.0,124.19999694824219,124.19999694824219,0,9,0,2024-08-01,0.0,0.0,0.0,0.0,0
13,0.0,0.0,0.0,0.0,1.0,0,1,1.0,1.0,0.0,1,1,0,1,1,0,0,6,0.0,0.0,143.39999389648438,143.39999389648438,0,9,0,2024-08-01,0.0,0.0,0.0,0.0,0
14,0.0,0.0,0.0,0.0,1.0,0,1,1.0,1.0,0.0,1,1,0,1,1,0,0,6,0.0,0.0,215.147216796875,195.85072326660156,0,9,0,2024-08-01,0.0,0.0,0.0,0.0,0
15,0.0,0.0,0.0,0.0,1.0,0,1,1.0,1.0,0.0,1,1,0,1,1,0,0,6,0.0,0.0,246.81582641601562,220.29998779296875,0,9,0,2024-08-01,0.0,0.0,0.0,0.0,0
16,0.0,0.0,0.0,0.0,1.0,0,1,1.0,1.0,0.0,1,1,0,1,1,0,0,6,0.0,0.0,322.0,286.36181640625,0,9,0,2024-08-01,0.0,0.0,0.0,0.0,0
17,0.0,0.0,0.0,0.0,1.0,0,1,1.0,1.0,0.0,1,1,0,1,1,0,0,6,0.0,0.0,349.5,306.5705871582031,0,9,0,2024-08-01,0.0,0.0,0.0,0.0,0
18,-61.56857641737918,284.00000381469727,303.2000045776367,587.200008392334,1.0,0,1,1.0,1.0,1.0,1,1,1,1,1,0,6,0,0.0,0.0,364.8314174791052,416.1811252455042,1,9,0,2024-08-01,28.400000381469727,30.320000457763673,58.7200008392334,0.15659909164010846,0
19,-37.406810565043145,408.2000045776367,408.2000045776367,816.4000091552734,1.0,0,1,1.0,1.0,1.0,1,1,1,1,1,0,6,0,0.0,0.0,513.2916147279257,557.8093374205118,1,9,0,2024-08-01,40.820000457763676,40.820000457763676,81.64000091552735,0.20878179442554923,0
20,-53.51000061035154,535.1000061035156,535.1000061035156,1070.2000122070312,1.0,0,1,1.0,1.0,1.0,1,1,1,1,1,0,6,0,0.0,0.0,632.1194549560547,681.4089874267578,1,9,0,2024-08-01,53.51000061035157,53.51000061035157,107.02000122070314,0.0455367622190695,0
21,-73.65500061035152,586.0500061035157,601.1000061035156,1187.1500122070313,1.0,0,1,1.0,1.0,1.0,1,1,1,1,1,0,6,0,0.0,0.0,623.8230877685547,744.9545001220703,1,9,0,2024-08-01,58.60500061035157,60.11000061035156,118.71500122070313,0.04673586135945416,0
22,-144.36359073626033,563.4500076293946,578.5000076293945,1141.950015258789,1.0,0,1,1.0,1.0,1.0,1,1,1,1,1,3,3,0,0.020735920418486365,0.0,551.7663531113959,824.2153973768853,1,9,0,2024-08-01,56.34500076293946,57.85000076293946,114.19500152587892,0.016015980394592684,0
23,-82.8700008392334,608.700008392334,608.700008392334,1217.400016784668,1.0,0,1,1.0,1.0,1.0,1,1,1,1,1,6,0,0,0.0,0.0,724.9573307037354,904.2879695892334,1,9,0,2024-08-01,60.8700008392334,60.8700008392334,121.7400016784668,0.08027294387303194,0
24,-65.82000083923333,658.200008392334,658.200008392334,1316.400016784668,1.0,0,1,1.0,1.0,1.0,1,1,1,1,1,6,0,0,0.0,0.0,727.9594181060792,895.6018001556396,1,9,0,2024-08-01,65.8200008392334,65.8200008392334,131.6400016784668,0.0122895602893799,0
25,-73.57000083923333,735.700008392334,735.700008392334,1471.400016784668,1.0,0,1,1.0,1.0,1.0,1,1,1,1,1,6,0,0,0.02831558593456363,0.0,714.8682315826417,912.7428524017333,1,9,0,2024-08-01,73.5700008392334,73.5700008392334,147.1400016784668,0.033333333765427214,0
26,-172.25937974309394,835.700008392334,835.700008392334,1671.400016784668,1.0,0,1,1.0,1.0,1.0,1,1,1,1,1,1,5,0,0.32005782565815577,0.0,568.227680803781,1056.5216478095,1,9,0,2024-08-01,83.5700008392334,83.5700008392334,167.1400016784668,0.04536419563202152,0
27,-15.97193657919371,816.5000076293945,816.5000076293945,1633.000015258789,1.0,0,1,1.0,1.0,1.0,1,1,1,1,1,0,4,2,0.12043072198495064,0.0,718.1683222098688,886.5133794502874,1,9,0,2024-08-01,81.65000076293946,81.65000076293946,163.3000015258789,0.05824004687703691,0
28,-47.97552147615833,1048.3000106811523,1048.3000106811523,2096.6000213623047,1.0,0,1,1.0,1.0,1.0,1,1,1,1,1,6,0,0,0.47062479392009254,0.12513659166294577,554.9440341879042,917.1193203042833,1,9,0,2024-08-01,104.83000106811524,104.83000106811524,209.66000213623047,0.15101010602222598,0
29,6.1417241408300285,1048.3000106811523,1048.3000106811523,2096.6000213623047,0.16666666666666666,5,0,0.16666666666666666,1.0,1.0,0,0,1,0,1,6,0,0,0.42538326632689966,0.15199328003829432,602.37072804708,888.965453593545,1,9,0,2024-08-01,104.83000106811524,104.83000106811524,209.66000213623047,0.15101010463036876,0
30,57.4442363523806,1064.4333432515461,1067.600009918213,2132.033353169759,0.8333333333333334,1,0,1.0,1.0,0.8333333333333334,0,0,0,1,1,0,0,6,0.3908114215049323,0.21620400019727537,648.4406352781618,836.7806171632444,1,9,0,2024-08-01,106.44333432515462,106.7600009918213,213.20333531697588,1.8901697466833889e-10,0
31,130.36000175476067,1111.600009918213,1111.600009918213,2223.200019836426,1.0,0,1,1.0,1.0,1.0,1,1,1,1,1,6,0,0,0.32127565637406386,0.29503419282724147,754.4699871063232,783.6399982452393,1,9,0,2024-08-01,111.16000099182129,111.16000099182129,222.32000198364258,5.147576022240223e-10,0
32,122.99000091552728,1119.9000091552734,1119.9000091552734,2239.800018310547,1.0,0,1,1.0,1.0,1.0,1,1,1,1,1,6,0,0,0.33301980943422627,0.29524108906959357,746.951121520996,789.2595108032227,1,9,0,2024-08-01,111.99000091552735,111.99000091552735,223.9800018310547,1.3625134919812172e-09,0
33,110.3400009155273,1089.8993375142416,1103.4000091552734,2193.299346669515,1.0,0,1,1.0,1.0,1.0,1,1,1,1,1,0,6,0,0.3675116745691655,0.3194304981316972,689.3486068725585,750.9403945922852,1,9,0,2024-08-01,108.98993375142416,110.34000091552736,219.32993466695154,1.3914005229649902e-09,0
34,127.07000160217285,1070.529343922933,1078.700008392334,2149.229352315267,0.0,6,0,1.0,0.0,1.0,0,0,1,1,0,0,6,0,0.2881272932447313,0.2745664159140667,762.0806217193604,782.5252132415771,1,9,0,2024-08-01,107.05293439229331,107.8700008392334,214.9229352315267,0.5019008403021495,1
35,145.17000083923335,951.700008392334,951.700008392334,1903.400016784668,0.0,6,0,1.0,0.0,1.0,0,0,1,1,0,0,6,0,0.0,0.2971056464745994,1058.770037460327,668.9445621490479,1,9,0,2024-08-01,95.17000083923341,95.17000083923341,190.34000167846682,0.4999999925846486,1
36,258.9282744085001,944.1000061035156,944.1000061035156,1888.2000122070312,1.0,0,1,1.0,1.0,1.0,1,1,1,1,1,0,6,0,0.0,0.5511601510776148,1091.3800566350626,423.7497041071249,1,9,0,2024-08-01,94.41000061035157,94.41000061035157,188.82000122070315,4.916272687555536e-09,0
37,131.58000068664546,1040.800006866455,1040.800006866455,2081.60001373291,1.0,0,1,1.0,1.0,1.0,1,1,1,1,1,0,6,0,0.15583150124569403,0.5045048253775973,878.6105792999267,515.711381149292,1,9,0,2024-08-01,104.08000068664552,104.08000068664552,208.16000137329104,5.497738362856651e-10,0
38,101.07000083923333,1010.700008392334,1010.700008392334,2021.400016784668,0.16666666666666666,5,0,0.16666666666666666,1.0,1.0,0,0,1,0,1,6,0,0,0.22252879378348764,0.40939678442121574,785.7901546478271,596.9226749420167,1,9,0,2024-08-01,101.0700008392334,101.0700008392334,202.1400016784668,0.41421560222390974,1
39,158.12000236511233,922.200008392334,922.200008392334,1844.400016784668,0.0,6,0,0.0,1.0,1.0,0,0,1,0,1,6,0,0,0.16289813270487813,0.3533072508753173,771.9753490447998,596.3800586700439,1,9,0,2024-08-01,92.2200008392334,92.2200008392334,184.4400016784668,0.4957042151357863,1
40,89.14000091552737,891.4000091552734,891.4000091552734,1782.8000183105469,0.6666666666666666,2,0,0.0,1.0,1.0,0,0,1,0,1,2,4,0,0.3140916747147335,0.36217185836659993,611.4186874389649,568.5600112915039,1,9,0,2024-08-01,89.14000091552735,89.14000091552735,178.2800018310547,0.11552628859322567,1
41,86.45000038146975,855.7133344014485,864.5000038146973,1720.2133382161458,1.0,0,1,1.0,1.0,1.0,1,1,1,1,1,0,6,0,0.3475715361946235,0.43776749858440317,558.2917362213135,486.04999961853025,1,9,0,2024-08-01,85.57133344014485,86.45000038146974,172.02133382161458,0.02016614049394923,0
42,118.69209325926556,787.0000038146973,787.0000038146973,1574.0000076293945,1.0,0,1,1.0,1.0,1.0,1,1,1,1,1,0,6,0,0.250378215621429,0.46174346571738567,589.9523471655156,423.6078945337032,1,9,0,2024-08-01,78.70000038146974,78.70000038146974,157.40000076293947,0.0018530289455763556,0
43,108.8240005673623,732.0000038146973,732.0000038146973,1464.0000076293945,1.0,0,1,1.0,1.0,1.0,1,1,1,1,1,0,6,0,0.25819948299110856,0.4453879984837028,542.9979812802529,405.97598722560645,1,9,0,2024-08-01,73.20000038146974,73.20000038146974,146.40000076293947,0.0017481324236851864,0
44,129.82500085830685,577.0000038146973,577.0000038146973,1154.0000076293945,0.0,6,0,0.0,0.0,1.0,0,0,1,0,0,1,5,0,0.03560890937812524,0.41945399349183554,556.4536629676818,334.97504796981815,1,9,0,2024-08-01,57.70000038146973,57.70000038146973,115.40000076293946,0.012489009082631071,0
45,84.53036125763714,511.00000381469727,511.00000381469727,1022.0000076293945,0.5,3,0,1.0,0.5,1.0,0,0,1,1,0,0,6,0,0.04364373443987401,0.30964836607239654,488.698055349434,352.76968757048786,1,9,0,2024-08-01,51.10000038146973,51.10000038146973,102.20000076293945,0.0065656574844489305,0
46,77.45000114440916,472.50000381469727,472.50000381469727,945.0000076293945,0.8333333333333334,1,0,1.0,0.8333333333333334,1.0,0,0,1,1,0,0,6,0,0.1736831562209102,0.39079361938158774,390.43471183776853,287.8500171661377,1,9,0,2024-08-01,47.25000038146973,47.25000038146973,94.50000076293946,0.024410579558325794,0
47,48.410000610351574,484.1000061035156,484.1000061035156,968.2000122070312,1.0,0,1,1.0,1.0,1.0,1,1,1,1,1,0,6,0,0.2994831617168744,0.3681263915646667,339.1202056884766,305.8900177001953,1,9,0,2024-08-01,48.41000061035157,48.41000061035157,96.82000122070313,0.016357616829547898,0
0,0.0,0.0,0.0,0.0,1.0,0,1,1.0,1.0,0.0,1,1,0,1,1,0,0,6,0.0,0.0,123.39999389648438,181.89999389648438,0,9,1,2024-08-01,0.0,0.0,0.0,0.0,0
1,0.0,0.0,0.0,0.0,1.0,0,1,1.0,1.0,0.0,1,1,0,1,1,0,0,6,0.0,0.0,166.93295288085938,181.89999389648438,0,9,1,2024-08-01,0.0,0.0,0.0,0.0,0
2,0.0,0.0,0.0,0.0,1.0,0,1,1.0,1.0,0.0,1,1,0,1,1,0,0,6,0.0,0.0,190.09999084472656,190.09999084472656,0,9,1,2024-08-01,0.0,0.0,0.0,0.0,0
3,0.0,0.0,0.0,0.0,1.0,0,1,1.0,1.0,0.0,1,1,0,1,1,0,0,6,0.0,0.0,162.59999084472656,162.59999084472656,0,9,1,2024-08-01,0.0,0.0,0.0,0.0,0
4,0.0,0.0,0.0,0.0,1.0,0,1,1.0,1.0,0.0,1,1,0,1,1,0,0,6,0.0,0.0,162.59999084472656,162.59999084472656,0,9,1,2024-08-01,0.0,0.0,0.0,0.0,0
5,0.0,0.0,0.0,0.0,1.0,0,1,1.0,1.0,0.0,1,1,0,1,1,0,0,6,0.0,0.0,162.59999084472656,162.59999084472656,0,9,1,2024-08-01,0.0,0.0,0.0,0.0,0
6,0.0,0.0,0.0,0.0,1.0,0,1,1.0,1.0,0.0,1,1,0,1,1,0,0,6,0.0,0.0,162.59999084472656,162.59999084472656,0,9,1,2024-08-01,0.0,0.0,0.0,0.0,0
7,0.0,0.0,0.0,0.0,1.0,0,1,1.0,1.0,0.0,1,1,0,1,1,0,0,6,0.0,0.0,162.59999084472656,162.59999084472656,0,9,1,2024-08-01,0.0,0.0,0.0,0.0,0
8,0.0,0.0,0.0,0.0,1.0,0,1,1.0,1.0,0.0,1,1,0,1,1,0,0,6,0.0,0.0,162.59999084472656,162.59999084472656,0,9,1,2024-08-01,0.0,0.0,0.0,0.0,0
9,0.0,0.0,0.0,0.0,1.0,0,1,1.0,1.0,0.0,1,1,0,1,1,0,0,6,0.0,0.0,181.79998779296875,181.79998779296875,0,9,1,2024-08-01,0.0,0.0,0.0,0.0,0
10,0.0,0.0,0.0,0.0,1.0,0,1,1.0,1.0,0.0,1,1,0,1,1,0,0,6,0.0,0.0,181.79998779296875,177.89730834960938,0,9,1,2024-08-01,0.0,0.0,0.0,0.0,0
11,0.0,0.0,0.0,0.0,1.0,0,1,1.0,1.0,0.0,1,1,0,1,1,0,0,6,0.0,0.0,181.79998779296875,172.05160522460938,0,9,1,2024-08-01,0.0,0.0,0.0,0.0,0
12,0.0,0.0,0.0,0.0,1.0,0,1,1.0,1.0,0.0,1,1,0,1,1,0,0,6,0.0,0.0,259.29998779296875,258.5263671875,0,9,1,2024-08-01,0.0,0.0,0.0,0.0,0
13,0.0,0.0,0.0,0.0,1.0,0,1,1.0,1.0,0.0,1,1,0,1,1,0,0,6,0.0,0.0,259.29998779296875,255.66696166992188,0,9,1,2024-08-01,0.0,0.0,0.0,0.0,0
14,0.0,0.0,0.0,0.0,1.0,0,1,1.0,1.0,0.0,1,1,0,1,1,0,0,6,0.0,0.0,286.79998779296875,280.696044921875,0,9,1,2024-08-01,0.0,0.0,0.0,0.0,0
15,0.0,0.0,0.0,0.0,1.0,0,1,1.0,1.0,0.0,1,1,0,1,1,0,0,6,0.0,0.0,317.75872802734375,298.99884033203125,0,9,1,2024-08-01,0.0,0.0,0.0,0.0,0
16,0.0,0.0,0.0,0.0,1.0,0,1,1.0,1.0,0.0,1,1,0,1,1,0,0,6,0.0,0.0,405.3516845703125,379.2668151855469,0,9,1,2024-08-01,0.0,0.0,0.0,0.0,0
17,0.0,0.0,0.0,0.0,1.0,0,1,1.0,1.0,0.0,1,1,0,1,1,0,0,6,0.0,0.0,508.71221923828125,565.515380859375,0,9,1,2024-08-01,0.0,0.0,0.0,0.0,0
18,-61.56857641737918,284.00000381469727,303.2000045776367,587.200008392334,1.0,0,1,1.0,1.0,1.0,1,1,1,1,1,0,6,0,0.0,0.0,569.1794094224646,785.9692722181604,1,9,1,2024-08-01,28.400000381469727,30.320000457763673,58.7200008392334,0.15659909164010846,0
19,-37.406810565043145,408.2000045776367,408.2000045776367,816.4000091552734,1.0,0,1,1.0,1.0,1.0,1,1,1,1,1,0,6,0,0.0,0.0,645.7888681458944,829.6231191587931,1,9,1,2024-08-01,40.820000457763676,40.820000457763676,81.64000091552735,0.20878179442554923,0
20,-53.51000061035154,535.1000061035156,535.1000061035156,1070.2000122070312,1.0,0,1,1.0,1.0,1.0,1,1,1,1,1,0,6,0,0.0,0.0,768.2358489990235,974.6077178955078,1,9,1,2024-08-01,53.51000061035157,53.51000061035157,107.02000122070314,0.0455367622190695,0
21,-73.65500061035152,586.0500061035157,601.1000061035156,1187.1500122070313,1.0,0,1,1.0,1.0,1.0,1,1,1,1,1,0,6,0,0.0,0.0,836.2547283935547,1161.7050494384766,1,9,1,2024-08-01,58.60500061035157,60.11000061035156,118.71500122070313,0.04673586135945416,0
22,-144.36359073626033,563.4500076293946,578.5000076293945,1141.950015258789,1.0,0,1,1.0,1.0,1.0,1,1,1,1,1,3,3,0,0.0,0.0,767.4520830918647,1259.9636883925104,1,9,1,2024-08-01,56.34500076293946,57.85000076293946,114.19500152587892,0.016015980394592684,0
23,-82.8700008392334,608.700008392334,608.700008392334,1217.400016784668,1.0,0,1,1.0,1.0,1.0,1,1,1,1,1,6,0,0,0.0,0.0,798.7970523834229,1299.874029159546,1,9,1,2024-08-01,60.8700008392334,60.8700008392334,121.7400016784668,0.08027294387303194,0
24,-65.82000083923333,658.200008392334,658.200008392334,1316.400016784668,1.0,0,1,1.0,1.0,1.0,1,1,1,1,1,6,0,0,0.0274144316672307,0.0,640.1558292388917,1328.5837947845457,1,9,1,2024-08-01,65.8200008392334,65.8200008392334,131.6400016784668,0.0122895602893799,0
25,-73.57000083923333,735.700008392334,735.700008392334,1471.400016784668,0.8333333333333334,1,0,0.8333333333333334,1.0,1.0,0,0,1,0,1,6,0,0,0.2732199564736668,0.0,534.6920841217042,1290.5554744720457,1,9,1,2024-08-01,73.5700008392334,73.5700008392334,147.1400016784668,0.033333333765427214,0
26,-172.25937974309394,835.700008392334,835.700008392334,1671.400016784668,0.6666666666666666,2,0,1.0,0.6,1.0,0,0,1,1,0,1,5,0,0.5716199491938823,0.0,357.997212053781,1399.8238328680939,1,9,1,2024-08-01,83.5700008392334,83.5700008392334,167.1400016784668,0.04536419563202152,0
27,-15.97193657919371,816.5000076293945,816.5000076293945,1633.000015258789,1.0,0,1,1.0,1.0,1.0,1,1,1,1,1,0,4,2,0.41876342411398343,0.0,474.57966864541567,1263.4719365791937,1,9,1,2024-08-01,81.65000076293946,81.65000076293946,163.3000015258789,0.05824004687703691,0
28,-47.97552147615833,1048.3000106811523,1048.3000106811523,2096.6000213623047,0.0,6,0,0.0,1.0,1.0,0,0,1,0,1,6,0,0,0.6517560358144068,0.0,365.06415137540415,1273.5754970620958,1,9,1,2024-08-01,104.83000106811524,104.83000106811524,209.66000213623047,0.15101010602222598,1
29,6.1417241408300285,1048.3000106811523,1048.3000106811523,2096.6000213623047,0.0,6,0,0.0,1.0,1.0,0,0,1,0,1,6,0,0,0.5625737375618373,0.0,458.55395558614254,1257.85827585917,1,9,1,2024-08-01,104.83000106811524,104.83000106811524,209.66000213623047,0.15101010463036876,1
30,57.4442363523806,1064.4333432515461,1067.600009918213,2132.033353169759,1.0,0,1,1.0,1.0,1.0,1,1,1,1,1,0,0,6,0.492673635608603,0.0,540.0150981687868,1198.3558124757444,1,9,1,2024-08-01,106.44333432515462,106.7600009918213,213.20333531697588,1.8901697466833889e-10,0
31,130.36000175476067,1111.600009918213,1111.600009918213,2223.200019836426,1.0,0,1,1.0,1.0,1.0,1,1,1,1,1,6,0,0,0.3742217870941635,0.0,695.6150676727294,1133.6399982452394,1,9,1,2024-08-01,111.16000099182129,111.16000099182129,222.32000198364258,5.147576022240223e-10,0
32,122.99000091552728,1119.9000091552734,1119.9000091552734,2239.800018310547,1.0,0,1,1.0,1.0,1.0,1,1,1,1,1,6,0,0,0.2920884862061925,0.019892148334612503,792.7901107788085,1097.6227920532228,1,9,1,2024-08-01,111.99000091552735,111.99000091552735,223.9800018310547,1.3625134919812172e-09,0
33,110.3400009155273,1089.8993375142416,1103.4000091552734,2193.299346669515,1.0,0,1,1.0,1.0,1.0,1,1,1,1,1,0,6,0,0.21164619259326214,0.0,859.2262924194335,1153.6599990844727,1,9,1,2024-08-01,108.98993375142416,110.34000091552736,219.32993466695154,1.3914005229649902e-09,0
34,127.07000160217285,1070.529343922933,1078.700008392334,2149.229352315267,0.3333333333333333,4,0,1.0,0.3333333333333333,1.0,0,0,1,1,0,0,6,0,0.026857233518899737,0.0,1041.7778873443604,1095.6044368743896,1,9,1,2024-08-01,107.05293439229331,107.8700008392334,214.9229352315267,0.5019008403021495,0
35,145.17000083923335,951.700008392334,951.700008392334,1903.400016784668,0.0,6,0,1.0,0.0,1.0,0,0,1,1,0,0,6,0,0.0,0.07185308592071003,1266.4221981048584,883.3174259185791,1,9,1,2024-08-01,95.17000083923341,95.17000083923341,190.34000167846682,0.4999999925846486,0
36,258.9282744085001,944.1000061035156,944.1000061035156,1888.2000122070312,1.0,0,1,1.0,1.0,1.0,1,1,1,1,1,0,6,0,0.0,0.26790149438569116,1261.3070585881876,691.1742036188436,1,9,1,2024-08-01,94.41000061035157,94.41000061035157,188.82000122070315,4.916272687555536e-09,0
37,131.58000068664546,1040.800006866455,1040.800006866455,2081.60001373291,1.0,0,1,1.0,1.0,1.0,1,1,1,1,1,0,6,0,0.005727357775282688,0.30397806656109366,1034.8389728546142,724.419633102417,1,9,1,2024-08-01,104.08000068664552,104.08000068664552,208.16000137329104,5.497738362856651e-10,0
38,101.07000083923333,1010.700008392334,1010.700008392334,2021.400016784668,0.16666666666666666,5,0,0.16666666666666666,1.0,1.0,0,0,1,0,1,6,0,0,0.21502715223136412,0.28788953991033656,793.3720638275146,719.7300479888917,1,9,1,2024-08-01,101.0700008392334,101.0700008392334,202.1400016784668,0.41421560222390974,1
39,158.12000236511233,922.200008392334,922.200008392334,1844.400016784668,0.0,6,0,0.0,1.0,1.0,0,0,1,0,1,6,0,0,0.2968720202460733,0.3141616899421454,648.4246288299561,632.4800952911377,1,9,1,2024-08-01,92.2200008392334,92.2200008392334,184.4400016784668,0.4957042151357863,1
40,89.14000091552737,891.4000091552734,891.4000091552734,1782.8000183105469,0.16666666666666666,5,0,0.0,0.25,1.0,0,0,1,0,0,2,4,0,0.46772549435334937,0.27769794311559787,474.469499206543,643.8600601196289,1,9,1,2024-08-01,89.14000091552735,89.14000091552735,178.2800018310547,0.11552628859322567,1
41,86.45000038146975,855.7133344014485,864.5000038146973,1720.2133382161458,0.3333333333333333,4,0,1.0,0.3333333333333333,1.0,0,0,1,1,0,0,6,0,0.4361520180738018,0.2966453927465568,482.49223670959475,608.0500606536865,1,9,1,2024-08-01,85.57133344014485,86.45000038146974,172.02133382161458,0.02016614049394923,0
42,118.69209325926556,787.0000038146973,787.0000038146973,1574.0000076293945,0.6666666666666666,2,0,1.0,0.6666666666666666,1.0,0,0,1,1,0,0,6,0,0.3622689570308144,0.39884638851272664,501.89433324949994,473.1078945337032,1,9,1,2024-08-01,78.70000038146974,78.70000038146974,157.40000076293947,0.0018530289455763556,0
43,108.8240005673623,732.0000038146973,732.0000038146973,1464.0000076293945,1.0,0,1,1.0,1.0,1.0,1,1,1,1,1,0,6,0,0.29720261525882014,0.3251694198752294,514.4476883115029,493.97598722560645,1,9,1,2024-08-01,73.20000038146974,73.20000038146974,146.40000076293947,0.0017481324236851864,0
44,129.82500085830685,577.0000038146973,577.0000038146973,1154.0000076293945,1.0,0,1,1.0,1.0,1.0,1,1,1,1,1,1,5,0,0.06287903620173481,0.180285884154494,540.7187996864318,472.97504796981815,1,9,1,2024-08-01,57.70000038146973,57.70000038146973,115.40000076293946,0.012489009082631071,0
45,84.53036125763714,511.00000381469727,511.00000381469727,1022.0000076293945,1.0,0,1,1.0,1.0,1.0,1,1,1,1,1,0,6,0,0.0,0.0,566.0184594021684,579.2696875704878,1,9,1,2024-08-01,51.10000038146973,51.10000038146973,102.20000076293945,0.0065656574844489305,0
46,77.45000114440916,472.50000381469727,472.50000381469727,945.0000076293945,1.0,0,1,1.0,1.0,1.0,1,1,1,1,1,0,6,0,0.0,0.0,553.387714767456,583.6500354766846,1,9,1,2024-08-01,47.25000038146973,47.25000038146973,94.50000076293946,0.024410579558325794,0
47,48.410000610351574,484.1000061035156,484.1000061035156,968.2000122070312,1.0,0,1,1.0,1.0,1.0,1,1,1,1,1,0,6,0,0.0,0.0,564.888638305664,659.990023803711,1,9,1,2024-08-01,48.41000061035157,48.41000061035157,96.82000122070313,0.016357616829547898,0
0,0.0,0.0,0.0,0.0,1.0,0,1,1.0,1.0,0.0,1,1,0,1,1,0,0,6,0.0,0.0,341.29998779296875,399.3000183105469,0,9,2,2024-08-01,0.0,0.0,0.0,0.0,0
1,0.0,0.0,0.0,0.0,1.0,0,1,1.0,1.0,0.0,1,1,0,1,1,0,0,6,0.0,0.0,338.63092041015625,400.1000061035156,0,9,2,2024-08-01,0.0,0.0,0.0,0.0,0
2,0.0,0.0,0.0,0.0,1.0,0,1,1.0,1.0,0.0,1,1,0,1,1,0,0,6,0.0,0.0,315.16387939453125,374.4441223144531,0,9,2,2024-08-01,0.0,0.0,0.0,0.0,0
3,0.0,0.0,0.0,0.0,1.0,0,1,1.0,1.0,0.0,1,1,0,1,1,0,0,6,0.0,0.0,312.1278381347656,347.246337890625,0,9,2,2024-08-01,0.0,0.0,0.0,0.0,0
4,0.0,0.0,0.0,0.0,1.0,0,1,1.0,1.0,0.0,1,1,0,1,1,0,0,6,0.0,0.0,324.6047668457031,339.4042663574219,0,9,2,2024-08-01,0.0,0.0,0.0,0.0,0
5,0.0,0.0,0.0,0.0,1.0,0,1,1.0,1.0,0.0,1,1,0,1,1,0,0,6,0.0,0.0,343.7737731933594,331.0170593261719,0,9,2,2024-08-01,0.0,0.0,0.0,0.0,0
6,0.0,0.0,0.0,0.0,1.0,0,1,1.0,1.0,0.0,1,1,0,1,1,0,0,6,0.0,0.0,325.8999938964844,292.3475646972656,0,9,2,2024-08-01,0.0,0.0,0.0,0.0,0
7,0.0,0.0,0.0,0.0,1.0,0,1,1.0,1.0,0.0,1,1,0,1,1,0,0,6,0.0,0.0,325.8999938964844,256.5531921386719,0,9,2,2024-08-01,0.0,0.0,0.0,0.0,0
8,0.0,0.0,0.0,0.0,1.0,0,1,1.0,1.0,0.0,1,1,0,1,1,0,0,6,0.0,0.0,325.8999938964844,206.00601196289062,0,9,2,2024-08-01,0.0,0.0,0.0,0.0,0
9,0.0,0.0,0.0,0.0,1.0,0,1,1.0,1.0,0.0,1,1,0,1,1,0,0,6,0.0,0.0,325.8999938964844,185.2803955078125,0,9,2,2024-08-01,0.0,0.0,0.0,0.0,0
10,0.0,0.0,0.0,0.0,1.0,0,1,1.0,1.0,0.0,1,1,0,1,1,0,0,6,0.0,0.0,325.8999938964844,177.12283325195312,0,9,2,2024-08-01,0.0,0.0,0.0,0.0,0
11,0.0,0.0,0.0,0.0,1.0,0,1,1.0,1.0,0.0,1,1,0,1,1,0,0,6,0.0,0.0,325.8999938964844,167.4199676513672,0,9,2,2024-08-01,0.0,0.0,0.0,0.0,0
12,0.0,0.0,0.0,0.0,1.0,0,1,1.0,1.0,0.0,1,1,0,1,1,0,0,6,0.0,0.0,306.70001220703125,167.68833923339844,0,9,2,2024-08-01,0.0,0.0,0.0,0.0,0
13,0.0,0.0,0.0,0.0,1.0,0,1,1.0,1.0,0.0,1,1,0,1,1,0,0,6,0.0,0.0,306.70001220703125,152.62429809570312,0,9,2,2024-08-01,0.0,0.0,0.0,0.0,0
14,0.0,0.0,0.0,0.0,1.0,0,1,1.0,1.0,0.0,1,1,0,1,1,0,0,6,0.0,0.0,306.70001220703125,144.67115783691406,0,9,2,2024-08-01,0.0,0.0,0.0,0.0,0
15,0.0,0.0,0.0,0.0,1.0,0,1,1.0,1.0,0.0,1,1,0,1,1,0,0,6,0.0,0.0,306.70001220703125,144.73599243164062,0,9,2,2024-08-01,0.0,0.0,0.0,0.0,0
16,0.0,0.0,0.0,0.0,1.0,0,1,1.0,1.0,0.0,1,1,0,1,1,0,0,6,0.0,0.0,348.0443115234375,219.7736358642578,0,9,2,2024-08-01,0.0,0.0,0.0,0.0,0
17,0.0,0.0,0.0,0.0,1.0,0,1,1.0,1.0,0.0,1,1,0,1,1,0,0,6,0.0,0.0,412.969482421875,306.86407470703125,0,9,2,2024-08-01,0.0,0.0,0.0,0.0,0
18,-61.56857641737918,284.00000381469727,303.2000045776367,587.200008392334,1.0,0,1,1.0,1.0,1.0,1,1,1,1,1,0,6,0,0.0,0.0,542.1872829576208,539.6838107923792,1,9,2,2024-08-01,28.400000381469727,30.320000457763673,58.7200008392334,0.15659909164010846,0
19,-37.406810565043145,408.2000045776367,408.2000045776367,816.4000091552734,1.0,0,1,1.0,1.0,1.0,1,1,1,1,1,0,6,0,0.0,0.0,696.0808603333944,674.2373159361368,1,9,2,2024-08-01,40.820000457763676,40.820000457763676,81.64000091552735,0.20878179442554923,0
20,-53.51000061035154,535.1000061035156,535.1000061035156,1070.2000122070312,1.0,0,1,1.0,1.0,1.0,1,1,1,1,1,0,6,0,0.0,0.0,706.0851531982422,841.5405792236328,1,9,2,2024-08-01,53.51000061035157,53.51000061035157,107.02000122070314,0.0455367622190695,0
21,-73.65500061035152,586.0500061035157,601.1000061035156,1187.1500122070313,1.0,0,1,1.0,1.0,1.0,1,1,1,1,1,0,6,0,0.0,0.0,629.054349975586,885.3587969970703,1,9,2,2024-08-01,58.60500061035157,60.11000061035156,118.71500122070313,0.04673586135945416,0
22,-144.36359073626033,563.4500076293946,578.5000076293945,1141.950015258789,1.0,0,1,1.0,1.0,1.0,1,1,1,1,1,3,3,0,0.1390830272065589,0.0,485.08367488873967,998.9241986464166,1,9,2,2024-08-01,56.34500076293946,57.85000076293946,114.19500152587892,0.016015980394592684,0
23,-82.8700008392334,608.700008392334,608.700008392334,1217.400016784668,0.5,3,0,0.5,1.0,1.0,0,0,1,0,1,6,0,0,0.12032057933261976,0.0,535.4608707427979,977.1586360931396,1,9,2,2024-08-01,60.8700008392334,60.8700008392334,121.7400016784668,0.08027294387303194,0
24,-65.82000083923333,658.200008392334,658.200008392334,1316.400016784668,0.5,3,0,0.5,1.0,1.0,0,0,1,0,1,6,0,0,0.1189951694585348,0.0,579.8773868560792,1025.2202083587645,1,9,2,2024-08-01,65.8200008392334,65.8200008392334,131.6400016784668,0.0122895602893799,0
25,-73.57000083923333,735.700008392334,735.700008392334,1471.400016784668,1.0,0,1,1.0,1.0,1.0,1,1,1,1,1,6,0,0,0.13083490230494035,0.0,639.4447696685792,1178.3059627532957,1,9,2,2024-08-01,73.5700008392334,73.5700008392334,147.1400016784668,0.033333333765427214,0
26,-172.25937974309394,835.700008392334,835.700008392334,1671.400016784668,1.0,0,1,1.0,1.0,1.0,1,1,1,1,1,1,5,0,0.36998534253086474,0.0,526.5032545342498,1313.5231736884064,1,9,2,2024-08-01,83.5700008392334,83.5700008392334,167.1400016784668,0.04536419563202152,0
27,-15.97193657919371,816.5000076293945,816.5000076293945,1633.000015258789,1.0,0,1,1.0,1.0,1.0,1,1,1,1,1,0,4,2,0.0871278778859219,0.0,745.3600946708063,1229.8955205635687,1,9,2,2024-08-01,81.65000076293946,81.65000076293946,163.3000015258789,0.05824004687703691,0
28,-47.97552147615833,1048.3000106811523,1048.3000106811523,2096.6000213623047,0.6666666666666666,2,0,0.6666666666666666,1.0,1.0,0,0,1,0,1,6,0,0,0.3170471140974741,0.0,715.9395175863417,1309.6527675699083,1,9,2,2024-08-01,104.83000106811524,104.83000106811524,209.66000213623047,0.15101010602222598,0
29,6.1417241408300285,1048.3000106811523,1048.3000106811523,2096.6000213623047,0.0,6,0,0.0,1.0,1.0,0,0,1,0,1,6,0,0,0.3751423610829089,0.0,655.0382695509862,1295.081176249795,1,9,2,2024-08-01,104.83000106811524,104.83000106811524,209.66000213623047,0.15101010463036876,0
30,57.4442363523806,1064.4333432515461,1067.600009918213,2132.033353169759,1.0,0,1,1.0,1.0,1.0,1,1,1,1,1,0,0,6,0.32089292030782424,0.0,722.8642192625368,1274.5557636476194,1,9,2,2024-08-01,106.44333432515462,106.7600009918213,213.20333531697588,1.8901697466833889e-10,0
31,130.36000175476067,1111.600009918213,1111.600009918213,2223.200019836426,1.0,0,1,1.0,1.0,1.0,1,1,1,1,1,6,0,0,0.25018507407189045,0.0,833.4942790985107,1209.939925003052,1,9,2,2024-08-01,111.16000099182129,111.16000099182129,222.32000198364258,5.147576022240223e-10,0
32,122.99000091552728,1119.9000091552734,1119.9000091552734,2239.800018310547,1.0,0,1,1.0,1.0,1.0,1,1,1,1,1,6,0,0,0.10093922962150184,0.0,1006.8581649780273,1339.8985488891603,1,9,2,2024-08-01,111.99000091552735,111.99000091552735,223.9800018310547,1.3625134919812172e-09,0
33,110.3400009155273,1089.8993375142416,1103.4000091552734,2193.299346669515,1.0,0,1,1.0,1.0,1.0,1,1,1,1,1,0,6,0,0.024557224767204264,0.0,1063.1344345092773,1369.9845840454102,1,9,2,2024-08-01,108.98993375142416,110.34000091552736,219.32993466695154,1.3914005229649902e-09,0
34,127.07000160217285,1070.529343922933,1078.700008392334,2149.229352315267,1.0,0,1,1.0,1.0,1.0,1,1,1,1,1,0,6,0,0.001323230123742381,0.0,1069.112787246704,1292.8939876556396,1,9,2,2024-08-01,107.05293439229331,107.8700008392334,214.9229352315267,0.5019008403021495,0
35,145.17000083923335,951.700008392334,951.700008392334,1903.400016784668,1.0,0,1,1.0,1.0,1.0,1,1,1,1,1,0,6,0,0.0,0.0,1487.2895076751709,1019.0765811920166,1,9,2,2024-08-01,95.17000083923341,95.17000083923341,190.34000167846682,0.4999999925846486,0
36,258.9282744085001,944.1000061035156,944.1000061035156,1888.2000122070312,1.0,0,1,1.0,1.0,1.0,1,1,1,1,1,0,6,0,0.0,0.1798789212693273,1452.0477812444376,774.2763154352499,1,9,2,2024-08-01,94.41000061035157,94.41000061035157,188.82000122070315,4.916272687555536e-09,0
37,131.58000068664546,1040.800006866455,1040.800006866455,2081.60001373291,1.0,0,1,1.0,1.0,1.0,1,1,1,1,1,0,6,0,0.0,0.18856597023897678,1253.5426471710205,844.5405437469483,1,9,2,2024-08-01,104.08000068664552,104.08000068664552,208.16000137329104,5.497738362856651e-10,0
38,101.07000083923333,1010.700008392334,1010.700008392334,2021.400016784668,0.3333333333333333,4,0,0.3333333333333333,1.0,1.0,0,0,1,0,1,6,0,0,0.0,0.12569678113416735,1131.5031063079832,883.6582706451417,1,9,2,2024-08-01,101.0700008392334,101.0700008392334,202.1400016784668,0.41421560222390974,0
39,158.12000236511233,922.200008392334,922.200008392334,1844.400016784668,0.0,6,0,0.0,1.0,1.0,0,0,1,0,1,6,0,0,0.0,0.0,1018.7811351776123,1003.4108814239502,1,9,2,2024-08-01,92.2200008392334,92.2200008392334,184.4400016784668,0.4957042151357863,1
40,89.14000091552737,891.4000091552734,891.4000091552734,1782.8000183105469,0.0,6,0,0.0,0.0,1.0,0,0,1,0,0,2,4,0,0.12019673430078344,0.0,784.2566390991211,980.9599746704101,1,9,2,2024-08-01,89.14000091552735,89.14000091552735,178.2800018310547,0.11552628859322567,1
41,86.45000038146975,855.7133344014485,864.5000038146973,1720.2133382161458,0.0,6,0,1.0,0.0,1.0,0,0,1,1,0,0,6,0,0.32220460926443073,0.11781372715517589,579.9985538482666,762.650036239624,1,9,2,2024-08-01,85.57133344014485,86.45000038146974,172.02133382161458,0.02016614049394923,0
42,118.69209325926556,787.0000038146973,787.0000038146973,1574.0000076293945,0.0,6,0,1.0,0.0,1.0,0,0,1,1,0,0,6,0,0.2323091726161754,0.11739785112218147,604.1726840795781,694.6078945337032,1,9,2,2024-08-01,78.70000038146974,78.70000038146974,157.40000076293947,0.0018530289455763556,0
43,108.8240005673623,732.0000038146973,732.0000038146973,1464.0000076293945,0.16666666666666666,5,0,1.0,0.16666666666666666,1.0,0,0,1,1,0,0,6,0,0.03884275966095334,0.06765576001503358,703.567103594706,682.4759872256064,1,9,2,2024-08-01,73.20000038146974,73.20000038146974,146.40000076293947,0.0017481324236851864,0
44,129.82500085830685,577.0000038146973,577.0000038146973,1154.0000076293945,0.3333333333333333,4,0,0.0,0.4,1.0,0,0,1,0,0,1,5,0,0.0,0.08699465335472624,608.1165047645568,526.804088497162,1,9,2,2024-08-01,57.70000038146973,57.70000038146973,115.40000076293946,0.012489009082631071,0
45,84.53036125763714,511.00000381469727,511.00000381469727,1022.0000076293945,1.0,0,1,1.0,1.0,1.0,1,1,1,1,1,0,6,0,0.0,0.0,548.9303856716997,557.369602121269,1,9,2,2024-08-01,51.10000038146973,51.10000038146973,102.20000076293945,0.0065656574844489305,0
46,77.45000114440916,472.50000381469727,472.50000381469727,945.0000076293945,0.8333333333333334,1,0,1.0,0.8333333333333334,1.0,0,0,1,1,0,0,6,0,0.0,0.0,528.0500072479248,550.6500354766846,1,9,2,2024-08-01,47.25000038146973,47.25000038146973,94.50000076293946,0.024410579558325794,0
47,48.410000610351574,484.1000061035156,484.1000061035156,968.2000122070312,0.0,6,0,1.0,0.0,1.0,0,0,1,1,0,0,6,0,0.0,0.0,505.96734313964845,579.6900360107422,1,9,2,2024-08-01,48.41000061035157,48.41000061035157,96.82000122070313,0.016357616829547898,0
0,0.0,0.0,0.0,0.0,1.0,0,1,1.0,1.0,0.0,1,1,0,1,1,0,0,6,0.0,0.0,200.3016815185547,217.0,0,10,0,2024-08-01,0.0,0.0,0.0,0.0,0
1,0.0,0.0,0.0,0.0,1.0,0,1,1.0,1.0,0.0,1,1,0,1,1,0,0,6,0.0,0.0,189.5,210.98016357421875,0,10,0,2024-08-01,0.0,0.0,0.0,0.0,0
2,0.0,0.0,0.0,0.0,1.0,0,1,1.0,1.0,0.0,1,1,0,1,1,0,0,6,0.0,0.0,162.0,180.37738037109375,0,10,0,2024-08-01,0.0,0.0,0.0,0.0,0
3,0.0,0.0,0.0,0.0,1.0,0,1,1.0,1.0,0.0,1,1,0,1,1,0,0,6,0.0,0.0,162.0,177.96771240234375,0,10,0,2024-08-01,0.0,0.0,0.0,0.0,0
4,0.0,0.0,0.0,0.0,1.0,0,1,1.0,1.0,0.0,1,1,0,1,1,0,0,6,0.0,0.0,153.70001220703125,181.20001220703125,0,10,0,2024-08-01,0.0,0.0,0.0,0.0,0
5,0.0,0.0,0.0,0.0,1.0,0,1,1.0,1.0,0.0,1,1,0,1,1,0,0,6,0.0,0.0,142.70001220703125,165.05645751953125,0,10,0,2024-08-01,0.0,0.0,0.0,0.0,0
6,0.0,0.0,0.0,0.0,1.0,0,1,1.0,1.0,0.0,1,1,0,1,1,0,0,6,0.0,0.0,123.5,132.7090606689453,0,10,0,2024-08-01,0.0,0.0,0.0,0.0,0
7,0.0,0.0,0.0,0.0,1.0,0,1,1.0,1.0,0.0,1,1,0,1,1,0,0,6,0.0,0.0,112.03021240234375,131.32009887695312,0,10,0,2024-08-01,0.0,0.0,0.0,0.0,0
8,0.0,0.0,0.0,0.0,1.0,0,1,1.0,1.0,0.0,1,1,0,1,1,0,0,6,0.0,0.0,116.65217590332031,122.66873168945312,0,10,0,2024-08-01,0.0,0.0,0.0,0.0,0
9,0.0,0.0,0.0,0.0,1.0,0,1,1.0,1.0,0.0,1,1,0,1,1,0,0,6,0.0,0.0,110.365234375,93.40415954589844,0,10,0,2024-08-01,0.0,0.0,0.0,0.0,0
10,0.0,0.0,0.0,0.0,1.0,0,1,1.0,1.0,0.0,1,1,0,1,1,0,0,6,0.0,0.0,93.39999389648438,93.39999389648438,0,10,0,2024-08-01,0.0,0.0,0.0,0.0,0
11,0.0,0.0,0.0,0.0,1.0,0,1,1.0,1.0,0.0,1,1,0,1,1,0,0,6,0.0,0.0,93.39999389648438,93.39999389648438,0,10,0,2024-08-01,0.0,0.0,0.0,0.0,0
12,0.0,0.0,0.0,0.0,1.0,0,1,1.0,1.0,0.0,1,1,0,1,1,0,0,6,0.0,0.0,115.39999389648438,115.39999389648438,0,10,0,2024-08-01,0.0,0.0,0.0,0.0,0
13,0.0,0.0,0.0,0.0,1.0,0,1,1.0,1.0,0.0,1,1,0,1,1,0,0,6,0.0,0.0,217.10000610351562,217.10000610351562,0,10,0,2024-08-01,0.0,0.0,0.0,0.0,0
14,0.0,0.0,0.0,0.0,1.0,0,1,1.0,1.0,0.0,1,1,0,1,1,0,0,6,0.0,0.0,286.3000183105469,286.3000183105469,0,10,0,2024-08-01,0.0,0.0,0.0,0.0,0
15,0.0,0.0,0.0,0.0,1.0,0,1,1.0,1.0,0.0,1,1,0,1,1,0,0,6,0.0,0.0,344.0,316.5,0,10,0,2024-08-01,0.0,0.0,0.0,0.0,0
16,0.0,0.0,0.0,0.0,1.0,0,1,1.0,1.0,0.0,1,1,0,1,1,0,0,6,0.0,0.0,480.1502685546875,474.65850830078125,0,10,0,2024-08-01,0.0,0.0,0.0,0.0,0
17,0.0,0.0,0.0,0.0,1.0,0,1,1.0,1.0,0.0,1,1,0,1,1,0,0,6,0.0,0.0,507.60711669921875,498.64031982421875,0,10,0,2024-08-01,0.0,0.0,0.0,0.0,0
18,-61.56857641737918,284.00000381469727,303.2000045776367,587.200008392334,0.8333333333333334,1,0,1.0,0.0,1.0,0,0,1,1,0,5,1,0,0.0,0.0,552.2314113755896,634.4256320814417,1,10,0,2024-08-01,28.400000381469727,30.320000457763673,58.7200008392334,0.08317229026311963,0
19,-37.406810565043145,408.2000045776367,408.2000045776367,816.4000091552734,1.0,0,1,1.0,1.0,1.0,1,1,1,1,1,0,6,0,0.0,0.0,659.8556406068319,719.0747793150431,1,10,0,2024-08-01,40.820000457763676,40.820000457763676,81.64000091552735,0.308468520748897,0
20,-53.51000061035154,535.1000061035156,535.1000061035156,1070.2000122070312,1.0,0,1,1.0,1.0,1.0,1,1,1,1,1,0,6,0,0.0,0.0,669.6725555419922,747.411001586914,1,10,0,2024-08-01,53.51000061035157,53.51000061035157,107.02000122070314,0.22659182065800673,0
21,-73.65500061035152,586.0500061035157,601.1000061035156,1187.1500122070313,1.0,0,1,1.0,1.0,1.0,1,1,1,1,1,0,6,0,0.0,0.0,735.1238690185547,806.389985961914,1,10,0,2024-08-01,58.60500061035157,60.11000061035156,118.71500122070313,0.2294644921167778,0
22,-144.36359073626033,563.4500076293946,578.5000076293945,1141.950015258789,1.0,0,1,1.0,1.0,1.0,1,1,1,1,1,0,6,0,0.0,0.0,694.0735430528022,905.4180951307916,1,10,0,2024-08-01,56.34500076293946,57.85000076293946,114.19500152587892,0.42176637004533696,0
23,-82.8700008392334,608.700008392334,608.700008392334,1217.400016784668,1.0,0,1,1.0,1.0,1.0,1,1,1,1,1,0,6,0,0.0,0.0,751.3300724029541,836.6199398040771,1,10,0,2024-08-01,60.8700008392334,60.8700008392334,121.7400016784668,0.36391474470299234,0
24,-65.82000083923333,658.200008392334,658.200008392334,1316.400016784668,1.0,0,1,1.0,1.0,1.0,1,1,1,1,1,0,6,0,0.0,0.0,787.5800846099854,849.2756282806396,1,10,0,2024-08-01,65.8200008392334,65.8200008392334,131.6400016784668,0.27077774968754725,0
25,-73.57000083923333,735.700008392334,735.700008392334,1471.400016784668,1.0,0,1,1.0,1.0,1.0,1,1,1,1,1,0,6,0,0.0,0.0,902.7622135162354,950.1489803314208,1,10,0,2024-08-01,73.5700008392334,73.5700008392334,147.1400016784668,0.17268101697999313,0
26,-172.25937974309394,835.700008392334,835.700008392334,1671.400016784668,1.0,0,1,1.0,1.0,1.0,1,1,1,1,1,0,6,0,0.04718569054336021,0.0,796.2669264092498,1087.8792527899689,1,10,0,2024-08-01,83.5700008392334,83.5700008392334,167.1400016784668,0.12283685036756538,0
27,-15.97193657919371,816.5000076293945,816.5000076293945,1633.000015258789,1.0,0,1,1.0,1.0,1.0,1,1,1,1,1,0,6,0,0.0,0.0,921.6483637137751,993.0417607979437,1,10,0,2024-08-01,81.65000076293946,81.65000076293946,163.3000015258789,0.1228367906542846,0
28,-47.97552147615833,1048.3000106811523,1048.3000106811523,2096.6000213623047,1.0,0,1,1.0,1.0,1.0,1,1,1,1,1,6,0,0,0.3664416900252288,0.07371277002393802,664.1591831136855,971.0269130777208,1,10,0,2024-08-01,104.83000106811524,104.83000106811524,209.66000213623047,0.119028881198042,0
29,6.1417241408300285,1048.3000106811523,1048.3000106811523,2096.6000213623047,0.6666666666666666,2,0,0.6666666666666666,1.0,1.0,0,0,1,0,1,6,0,0,0.4162401615866382,0.11988213911297141,611.955444843955,922.627562968545,1,10,0,2024-08-01,104.83000106811524,104.83000106811524,209.66000213623047,0.142498948535047,0
30,57.4442363523806,1064.4333432515461,1067.600009918213,2132.033353169759,1.0,0,1,1.0,1.0,1.0,1,1,1,1,1,0,6,0,0.4081736134291723,0.21531900187395914,629.9597392820681,837.7254413819944,1,10,0,2024-08-01,106.44333432515462,106.7600009918213,213.20333531697588,0.17236314600097308,0
31,130.36000175476067,1111.600009918213,1111.600009918213,2223.200019836426,1.0,0,1,1.0,1.0,1.0,1,1,1,1,1,0,6,0,0.2910423894571625,0.3877186793805075,788.0772869110107,680.6119220733643,1,10,0,2024-08-01,111.16000099182129,111.16000099182129,222.32000198364258,0.15877414760514294,0
32,122.99000091552728,1119.9000091552734,1119.9000091552734,2239.800018310547,1.0,0,1,1.0,1.0,1.0,1,1,1,1,1,0,6,0,0.20871475775320272,0.3472984797196742,886.160350036621,730.9604385375977,1,10,0,2024-08-01,111.99000091552735,111.99000091552735,223.9800018310547,0.1598334794560961,0
33,110.3400009155273,1089.8993375142416,1103.4000091552734,2193.299346669515,0.8333333333333334,1,0,1.0,0.8333333333333334,1.0,0,0,1,1,0,0,6,0,0.1882812328900641,0.39253223889344707,884.691746520996,670.279933166504,1,10,0,2024-08-01,108.98993375142416,110.34000091552736,219.32993466695154,0.21055606284594253,0
34,127.07000160217285,1070.529343922933,1078.700008392334,2149.229352315267,0.6666666666666666,2,0,1.0,0.6666666666666666,1.0,0,0,1,1,0,0,6,0,0.152267443730063,0.43834291454644986,907.5225772857666,605.8595027923584,1,10,0,2024-08-01,107.05293439229331,107.8700008392334,214.9229352315267,0.1833954623440878,0
35,145.17000083923335,951.700008392334,951.700008392334,1903.400016784668,0.3333333333333333,4,0,1.0,0.3333333333333333,1.0,0,0,1,1,0,0,6,0,0.012521258860347845,0.3863769209382494,939.7835262298584,583.9850894927979,1,10,0,2024-08-01,95.17000083923341,95.17000083923341,190.34000167846682,0.13462105004659242,0
36,258.9282744085001,944.1000061035156,944.1000061035156,1888.2000122070312,1.0,0,1,1.0,1.0,1.0,1,1,1,1,1,6,0,0,0.0,0.47409992122248906,1056.214163080375,496.5022675836874,1,10,0,2024-08-01,94.41000061035157,94.41000061035157,188.82000122070315,0.1543886602469914,0
37,131.58000068664546,1040.800006866455,1040.800006866455,2081.60001373291,1.0,0,1,1.0,1.0,1.0,1,1,1,1,1,6,0,0,0.18165398147277642,0.30266752307255007,851.7345417022705,725.783646774292,1,10,0,2024-08-01,104.08000068664552,104.08000068664552,208.16000137329104,0.17371550494749943,0
38,101.07000083923333,1010.700008392334,1010.700008392334,2021.400016784668,1.0,0,1,1.0,1.0,1.0,1,1,1,1,1,0,6,0,0.20681527572653882,0.23566018642316297,801.6718074798583,772.5182559967042,1,10,0,2024-08-01,101.0700008392334,101.0700008392334,202.1400016784668,0.2633569272879367,0
39,158.12000236511233,922.200008392334,922.200008392334,1844.400016784668,1.0,0,1,1.0,1.0,1.0,1,1,1,1,1,0,6,0,0.0,0.30697129590075706,1023.0223461151123,639.1110767364502,1,10,0,2024-08-01,92.2200008392334,92.2200008392334,184.4400016784668,0.22402150909849894,0
40,89.14000091552737,891.4000091552734,891.4000091552734,1782.8000183105469,1.0,0,1,1.0,1.0,1.0,1,1,1,1,1,6,0,0,0.0,0.21084418025699986,944.4273544311524,703.4535049438476,1,10,0,2024-08-01,89.14000091552735,89.14000091552735,178.2800018310547,0.13054264041656277,0
41,86.45000038146975,855.7133344014485,864.5000038146973,1720.2133382161458,1.0,0,1,1.0,1.0,1.0,1,1,1,1,1,6,0,0,0.0,0.23332436603692042,918.1471439361572,662.7910884857178,1,10,0,2024-08-01,85.57133344014485,86.45000038146974,172.02133382161458,0.0002922218324157526,0
42,118.69209325926556,787.0000038146973,787.0000038146973,1574.0000076293945,1.0,0,1,1.0,1.0,1.0,1,1,1,1,1,0,6,0,0.0,0.22297137633611122,936.1609042944218,611.5215297876094,1,10,0,2024-08-01,78.70000038146974,78.70000038146974,157.40000076293947,0.08470123853745824,0
43,108.8240005673623,732.0000038146973,732.0000038146973,1464.0000076293945,1.0,0,1,1.0,1.0,1.0,1,1,1,1,1,0,6,0,0.0,0.1415835920612514,947.069056719706,628.3608138857627,1,10,0,2024-08-01,73.20000038146974,73.20000038146974,146.40000076293947,0.08470821821629573,0
44,129.82500085830685,577.0000038146973,577.0000038146973,1154.0000076293945,1.0,0,1,1.0,1.0,1.0,1,1,1,1,1,6,0,0,0.0,0.0,1002.5500985145568,618.1203116416932,1,10,0,2024-08-01,57.70000038146973,57.70000038146973,115.40000076293946,0.08529589570178754,0
45,84.53036125763714,511.00000381469727,511.00000381469727,1022.0000076293945,1.0,0,1,1.0,1.0,1.0,1,1,1,1,1,6,0,0,0.0,0.0,857.3534203396684,609.3238867892378,1,10,0,2024-08-01,51.10000038146973,51.10000038146973,102.20000076293945,0.08662364314269551,0
46,77.45000114440916,472.50000381469727,472.50000381469727,945.0000076293945,0.6666666666666666,2,0,0.6666666666666666,1.0,1.0,0,0,1,0,1,6,0,0,0.0,0.0,849.7082408905029,616.1010242462158,1,10,0,2024-08-01,47.25000038146973,47.25000038146973,94.50000076293946,0.11837900601035621,0
47,48.410000610351574,484.1000061035156,484.1000061035156,968.2000122070312,0.0,6,0,0.0,1.0,1.0,0,0,1,0,1,6,0,0,0.0,0.0,763.4391143798828,597.5018035888672,1,10,0,2024-08-01,48.41000061035157,48.41000061035157,96.82000122070313,0.1006748562644783,0
0,0.0,0.0,0.0,0.0,1.0,0,1,1.0,1.0,0.0,1,1,0,1,1,0,0,6,0.0,0.0,77.0,77.0,0,10,1,2024-08-01,0.0,0.0,0.0,0.0,0
1,0.0,0.0,0.0,0.0,1.0,0,1,1.0,1.0,0.0,1,1,0,1,1,0,0,6,0.0,0.0,77.0,77.0,0,10,1,2024-08-01,0.0,0.0,0.0,0.0,0
2,0.0,0.0,0.0,0.0,1.0,0,1,1.0,1.0,0.0,1,1,0,1,1,0,0,6,0.0,0.0,66.0,66.0,0,10,1,2024-08-01,0.0,0.0,0.0,0.0,0
3,0.0,0.0,0.0,0.0,1.0,0,1,1.0,1.0,0.0,1,1,0,1,1,0,0,6,0.0,0.0,66.0,66.0,0,10,1,2024-08-01,0.0,0.0,0.0,0.0,0
4,0.0,0.0,0.0,0.0,1.0,0,1,1.0,1.0,0.0,1,1,0,1,1,0,0,6,0.0,0.0,116.0,89.8141098022461,0,10,1,2024-08-01,0.0,0.0,0.0,0.0,0
5,0.0,0.0,0.0,0.0,1.0,0,1,1.0,1.0,0.0,1,1,0,1,1,0,0,6,0.0,0.0,116.0,79.5677490234375,0,10,1,2024-08-01,0.0,0.0,0.0,0.0,0
6,0.0,0.0,0.0,0.0,1.0,0,1,1.0,1.0,0.0,1,1,0,1,1,0,0,6,0.0,0.0,116.0,72.83149719238281,0,10,1,2024-08-01,0.0,0.0,0.0,0.0,0
7,0.0,0.0,0.0,0.0,1.0,0,1,1.0,1.0,0.0,1,1,0,1,1,0,0,6,0.0,0.0,116.0,69.21768188476562,0,10,1,2024-08-01,0.0,0.0,0.0,0.0,0
8,0.0,0.0,0.0,0.0,1.0,0,1,1.0,1.0,0.0,1,1,0,1,1,0,0,6,0.0,0.0,116.0,66.0,0,10,1,2024-08-01,0.0,0.0,0.0,0.0,0
9,0.0,0.0,0.0,0.0,1.0,0,1,1.0,1.0,0.0,1,1,0,1,1,0,0,6,0.0,0.0,66.0,46.95890808105469,0,10,1,2024-08-01,0.0,0.0,0.0,0.0,0
10,0.0,0.0,0.0,0.0,1.0,0,1,1.0,1.0,0.0,1,1,0,1,1,0,0,6,0.0,0.0,66.0,38.5,0,10,1,2024-08-01,0.0,0.0,0.0,0.0,0
11,0.0,0.0,0.0,0.0,1.0,0,1,1.0,1.0,0.0,1,1,0,1,1,0,0,6,0.0,0.0,66.0,38.5,0,10,1,2024-08-01,0.0,0.0,0.0,0.0,0
12,0.0,0.0,0.0,0.0,1.0,0,1,1.0,1.0,0.0,1,1,0,1,1,0,0,6,0.0,0.0,112.69999694824219,76.51556396484375,0,10,1,2024-08-01,0.0,0.0,0.0,0.0,0
13,0.0,0.0,0.0,0.0,1.0,0,1,1.0,1.0,0.0,1,1,0,1,1,0,0,6,0.0,0.0,140.1999969482422,96.98666381835938,0,10,1,2024-08-01,0.0,0.0,0.0,0.0,0
14,0.0,0.0,0.0,0.0,1.0,0,1,1.0,1.0,0.0,1,1,0,1,1,0,0,6,0.0,0.0,159.39999389648438,104.4000015258789,0,10,1,2024-08-01,0.0,0.0,0.0,0.0,0
15,0.0,0.0,0.0,0.0,1.0,0,1,1.0,1.0,0.0,1,1,0,1,1,0,0,6,0.0,0.0,170.39999389648438,115.4000015258789,0,10,1,2024-08-01,0.0,0.0,0.0,0.0,0
16,0.0,0.0,0.0,0.0,1.0,0,1,1.0,1.0,0.0,1,1,0,1,1,0,0,6,0.0,0.0,285.8999938964844,230.89999389648438,0,10,1,2024-08-01,0.0,0.0,0.0,0.0,0
17,0.0,0.0,0.0,0.0,1.0,0,1,1.0,1.0,0.0,1,1,0,1,1,0,0,6,0.0,0.0,411.8000183105469,365.84320068359375,0,10,1,2024-08-01,0.0,0.0,0.0,0.0,0
18,-61.56857641737918,284.00000381469727,303.2000045776367,587.200008392334,0.8333333333333334,1,0,1.0,0.0,1.0,0,0,1,1,0,5,1,0,0.0,0.0,490.9675563951208,614.7813449720667,1,10,1,2024-08-01,28.400000381469727,30.320000457763673,58.7200008392334,0.08317229026311963,0
19,-37.406810565043145,408.2000045776367,408.2000045776367,816.4000091552734,1.0,0,1,1.0,1.0,1.0,1,1,1,1,1,0,6,0,0.0,0.0,607.1461679505819,698.9970205259806,1,10,1,2024-08-01,40.820000457763676,40.820000457763676,81.64000091552735,0.308468520748897,0
20,-53.51000061035154,535.1000061035156,535.1000061035156,1070.2000122070312,1.0,0,1,1.0,1.0,1.0,1,1,1,1,1,0,6,0,0.0,0.0,660.8434539794922,775.6100372314453,1,10,1,2024-08-01,53.51000061035157,53.51000061035157,107.02000122070314,0.22659182065800673,0
21,-73.65500061035152,586.0500061035157,601.1000061035156,1187.1500122070313,1.0,0,1,1.0,1.0,1.0,1,1,1,1,1,0,6,0,0.0,0.0,626.4684735107422,818.524019165039,1,10,1,2024-08-01,58.60500061035157,60.11000061035156,118.71500122070313,0.2294644921167778,0
22,-144.36359073626033,563.4500076293946,578.5000076293945,1141.950015258789,1.0,0,1,1.0,1.0,1.0,1,1,1,1,1,0,6,0,0.0,0.0,594.7502398301459,953.6369672011041,1,10,1,2024-08-01,56.34500076293946,57.85000076293946,114.19500152587892,0.42176637004533696,0
23,-82.8700008392334,608.700008392334,608.700008392334,1217.400016784668,1.0,0,1,1.0,1.0,1.0,1,1,1,1,1,0,6,0,0.0,0.0,787.7066593170166,931.5443782806396,1,10,1,2024-08-01,60.8700008392334,60.8700008392334,121.7400016784668,0.36391474470299234,0
24,-65.82000083923333,658.200008392334,658.200008392334,1316.400016784668,0.8333333333333334,1,0,1.0,0.8333333333333334,1.0,0,0,1,1,0,0,6,0,0.0,0.0,975.3128116607667,973.6968318939208,1,10,1,2024-08-01,65.8200008392334,65.8200008392334,131.6400016784668,0.27077774968754725,0
25,-73.57000083923333,735.700008392334,735.700008392334,1471.400016784668,1.0,0,1,1.0,1.0,1.0,1,1,1,1,1,0,6,0,0.0,0.0,1037.8772647857668,1024.2864315032957,1,10,1,2024-08-01,73.5700008392334,73.5700008392334,147.1400016784668,0.17268101697999313,0
26,-172.25937974309394,835.700008392334,835.700008392334,1671.400016784668,1.0,0,1,1.0,1.0,1.0,1,1,1,1,1,0,6,0,0.004758990416179754,0.0,831.7229200615935,1104.2855027899689,1,10,1,2024-08-01,83.5700008392334,83.5700008392334,167.1400016784668,0.12283685036756538,0
27,-15.97193657919371,816.5000076293945,816.5000076293945,1633.000015258789,1.0,0,1,1.0,1.0,1.0,1,1,1,1,1,0,6,0,0.0,0.0,1029.4261347098688,1029.6308721260687,1,10,1,2024-08-01,81.65000076293946,81.65000076293946,163.3000015258789,0.1228367906542846,0
28,-47.97552147615833,1048.3000106811523,1048.3000106811523,2096.6000213623047,1.0,0,1,1.0,1.0,1.0,1,1,1,1,1,6,0,0,0.13446448962231702,0.0,907.3408847738417,1088.4940761636583,1,10,1,2024-08-01,104.83000106811524,104.83000106811524,209.66000213623047,0.119028881198042,0
29,6.1417241408300285,1048.3000106811523,1048.3000106811523,2096.6000213623047,1.0,0,1,1.0,1.0,1.0,1,1,1,1,1,6,0,0,0.19433542121744957,0.0,844.5781865431737,1060.167113749795,1,10,1,2024-08-01,104.83000106811524,104.83000106811524,209.66000213623047,0.142498948535047,0
30,57.4442363523806,1064.4333432515461,1067.600009918213,2132.033353169759,1.0,0,1,1.0,1.0,1.0,1,1,1,1,1,0,6,0,0.19578107688639348,0.004465064140415904,856.0374370359743,1062.8331073976194,1,10,1,2024-08-01,106.44333432515462,106.7600009918213,213.20333531697588,0.17236314600097308,0
31,130.36000175476067,1111.600009918213,1111.600009918213,2223.200019836426,1.0,0,1,1.0,1.0,1.0,1,1,1,1,1,0,6,0,0.12070230765469349,0.1744237615170714,977.4273235321044,917.7105548858643,1,10,1,2024-08-01,111.16000099182129,111.16000099182129,222.32000198364258,0.15877414760514294,0
32,122.99000091552728,1119.9000091552734,1119.9000091552734,2239.800018310547,1.0,0,1,1.0,1.0,1.0,1,1,1,1,1,0,6,0,0.1241803312807204,0.21505891229155735,980.8304550170898,879.0555313110352,1,10,1,2024-08-01,111.99000091552735,111.99000091552735,223.9800018310547,0.1598334794560961,0
33,110.3400009155273,1089.8993375142416,1103.4000091552734,2193.299346669515,0.8333333333333334,1,0,1.0,0.8333333333333334,1.0,0,0,1,1,0,0,6,0,0.06322471937632161,0.21555009019681165,1020.9907577514648,865.5620376586915,1,10,1,2024-08-01,108.98993375142416,110.34000091552736,219.32993466695154,0.21055606284594253,0
34,127.07000160217285,1070.529343922933,1078.700008392334,2149.229352315267,0.8333333333333334,1,0,1.0,0.8333333333333334,1.0,0,0,1,1,0,0,6,0,0.0565297118768113,0.3079324519568553,1010.0126285552979,746.5332698822021,1,10,1,2024-08-01,107.05293439229331,107.8700008392334,214.9229352315267,0.1833954623440878,0
35,145.17000083923335,951.700008392334,951.700008392334,1903.400016784668,1.0,0,1,1.0,1.0,1.0,1,1,1,1,1,0,6,0,0.0,0.24483263024913327,1037.225603866577,718.6927921295166,1,10,1,2024-08-01,95.17000083923341,95.17000083923341,190.34000167846682,0.13462105004659242,0
36,258.9282744085001,944.1000061035156,944.1000061035156,1888.2000122070312,1.0,0,1,1.0,1.0,1.0,1,1,1,1,1,6,0,0,0.0,0.3863912838299192,1090.7716581975626,579.3079926813436,1,10,1,2024-08-01,94.41000061035157,94.41000061035157,188.82000122070315,0.1543886602469914,0
37,131.58000068664546,1040.800006866455,1040.800006866455,2081.60001373291,1.0,0,1,1.0,1.0,1.0,1,1,1,1,1,6,0,0,0.1490653249566228,0.236292436156517,885.6528156280517,794.8668376922608,1,10,1,2024-08-01,104.08000068664552,104.08000068664552,208.16000137329104,0.17371550494749943,0
38,101.07000083923333,1010.700008392334,1010.700008392334,2021.400016784668,0.8333333333333334,1,0,1.0,0.8333333333333334,1.0,0,0,1,1,0,0,6,0,0.1717347055051283,0.3329002950579802,837.1277400970458,674.2376773834229,1,10,1,2024-08-01,101.0700008392334,101.0700008392334,202.1400016784668,0.2633569272879367,0
39,158.12000236511233,922.200008392334,922.200008392334,1844.400016784668,0.8333333333333334,1,0,1.0,0.8333333333333334,1.0,0,0,1,1,0,0,6,0,0.030374938698349084,0.385185908723528,894.1882396697998,566.9815601348877,1,10,1,2024-08-01,92.2200008392334,92.2200008392334,184.4400016784668,0.22402150909849894,0
40,89.14000091552737,891.4000091552734,891.4000091552734,1782.8000183105469,1.0,0,1,1.0,1.0,1.0,1,1,1,1,1,6,0,0,0.06459161231186723,0.3101860512655937,833.8230453491211,614.9001602172851,1,10,1,2024-08-01,89.14000091552735,89.14000091552735,178.2800018310547,0.13054264041656277,0
41,86.45000038146975,855.7133344014485,864.5000038146973,1720.2133382161458,1.0,0,1,1.0,1.0,1.0,1,1,1,1,1,6,0,0,0.08837445235573593,0.31252272309689844,780.0901371002197,594.324108505249,1,10,1,2024-08-01,85.57133344014485,86.45000038146974,172.02133382161458,0.0002922218324157526,0
42,118.69209325926556,787.0000038146973,787.0000038146973,1574.0000076293945,1.0,0,1,1.0,1.0,1.0,1,1,1,1,1,0,6,0,0.03556672921029911,0.3311824423617879,759.0089877905156,526.3594204126094,1,10,1,2024-08-01,78.70000038146974,78.70000038146974,157.40000076293947,0.08470123853745824,0
43,108.8240005673623,732.0000038146973,732.0000038146973,1464.0000076293945,1.0,0,1,1.0,1.0,1.0,1,1,1,1,1,0,6,0,0.0,0.27107642926103664,756.3150894345498,533.572056561544,1,10,1,2024-08-01,73.20000038146974,73.20000038146974,146.40000076293947,0.08470821821629573,0
44,129.82500085830685,577.0000038146973,577.0000038146973,1154.0000076293945,1.0,0,1,1.0,1.0,1.0,1,1,1,1,1,6,0,0,0.0,0.0,840.1201668739318,603.1550406455995,1,10,1,2024-08-01,57.70000038146973,57.70000038146973,115.40000076293946,0.08529589570178754,0
45,84.53036125763714,511.00000381469727,511.00000381469727,1022.0000076293945,1.0,0,1,1.0,1.0,1.0,1,1,1,1,1,6,0,0,0.0,0.0,698.2969628201372,564.7812842501753,1,10,1,2024-08-01,51.10000038146973,51.10000038146973,102.20000076293945,0.08662364314269551,0
46,77.45000114440916,472.50000381469727,472.50000381469727,945.0000076293945,1.0,0,1,1.0,1.0,1.0,1,1,1,1,1,6,0,0,0.0,0.0,600.1285900115967,518.6421619415283,1,10,1,2024-08-01,47.25000038146973,47.25000038146973,94.50000076293946,0.11837900601035621,0
47,48.410000610351574,484.1000061035156,484.1000061035156,968.2000122070312,0.8333333333333334,1,0,0.8333333333333334,1.0,1.0,0,0,1,0,1,6,0,0,0.0,0.0,529.7837493896484,546.281771850586,1,10,1,2024-08-01,48.41000061035157,48.41000061035157,96.82000122070313,0.1006748562644783,0
0,0.0,0.0,0.0,0.0,1.0,0,1,1.0,1.0,0.0,1,1,0,1,1,0,0,6,0.0,0.0,317.70001220703125,355.07635498046875,0,10,2,2024-08-01,0.0,0.0,0.0,0.0,0
1,0.0,0.0,0.0,0.0,1.0,0,1,1.0,1.0,0.0,1,1,0,1,1,0,0,6,0.0,0.0,342.6795654296875,333.89471435546875,0,10,2,2024-08-01,0.0,0.0,0.0,0.0,0
2,0.0,0.0,0.0,0.0,1.0,0,1,1.0,1.0,0.0,1,1,0,1,1,0,0,6,0.0,0.0,339.1000061035156,308.3000183105469,0,10,2,2024-08-01,0.0,0.0,0.0,0.0,0
3,0.0,0.0,0.0,0.0,1.0,0,1,1.0,1.0,0.0,1,1,0,1,1,0,0,6,0.0,0.0,300.6000061035156,257.9906311035156,0,10,2,2024-08-01,0.0,0.0,0.0,0.0,0
4,0.0,0.0,0.0,0.0,1.0,0,1,1.0,1.0,0.0,1,1,0,1,1,0,0,6,0.0,0.0,273.1000061035156,206.85894775390625,0,10,2,2024-08-01,0.0,0.0,0.0,0.0,0
5,0.0,0.0,0.0,0.0,1.0,0,1,1.0,1.0,0.0,1,1,0,1,1,0,0,6,0.0,0.0,195.59999084472656,187.29998779296875,0,10,2,2024-08-01,0.0,0.0,0.0,0.0,0
6,0.0,0.0,0.0,0.0,1.0,0,1,1.0,1.0,0.0,1,1,0,1,1,0,0,6,0.0,0.0,214.79998779296875,206.49998474121094,0,10,2,2024-08-01,0.0,0.0,0.0,0.0,0
7,0.0,0.0,0.0,0.0,1.0,0,1,1.0,1.0,0.0,1,1,0,1,1,0,0,6,0.0,0.0,176.29998779296875,168.0,0,10,2,2024-08-01,0.0,0.0,0.0,0.0,0
8,0.0,0.0,0.0,0.0,1.0,0,1,1.0,1.0,0.0,1,1,0,1,1,0,0,6,0.0,0.0,149.4763641357422,163.8581085205078,0,10,2,2024-08-01,0.0,0.0,0.0,0.0,0
9,0.0,0.0,0.0,0.0,1.0,0,1,1.0,1.0,0.0,1,1,0,1,1,0,0,6,0.0,0.0,157.51007080078125,147.41432189941406,0,10,2,2024-08-01,0.0,0.0,0.0,0.0,0
10,0.0,0.0,0.0,0.0,1.0,0,1,1.0,1.0,0.0,1,1,0,1,1,0,0,6,0.0,0.0,168.0,133.62889099121094,0,10,2,2024-08-01,0.0,0.0,0.0,0.0,0
11,0.0,0.0,0.0,0.0,1.0,0,1,1.0,1.0,0.0,1,1,0,1,1,0,0,6,0.0,0.0,168.0,120.93367004394531,0,10,2,2024-08-01,0.0,0.0,0.0,0.0,0
12,0.0,0.0,0.0,0.0,1.0,0,1,1.0,1.0,0.0,1,1,0,1,1,0,0,6,0.0,0.0,168.0,118.0,0,10,2,2024-08-01,0.0,0.0,0.0,0.0,0
13,0.0,0.0,0.0,0.0,1.0,0,1,1.0,1.0,0.0,1,1,0,1,1,0,0,6,0.0,0.0,213.66177368164062,164.6999969482422,0,10,2,2024-08-01,0.0,0.0,0.0,0.0,0
14,0.0,0.0,0.0,0.0,1.0,0,1,1.0,1.0,0.0,1,1,0,1,1,0,0,6,0.0,0.0,276.3099060058594,233.39999389648438,0,10,2,2024-08-01,0.0,0.0,0.0,0.0,0
15,0.0,0.0,0.0,0.0,1.0,0,1,1.0,1.0,0.0,1,1,0,1,1,0,0,6,0.0,0.0,293.86700439453125,282.8000183105469,0,10,2,2024-08-01,0.0,0.0,0.0,0.0,0
16,0.0,0.0,0.0,0.0,1.0,0,1,1.0,1.0,0.0,1,1,0,1,1,0,0,6,0.0,0.0,296.6587219238281,282.8000183105469,0,10,2,2024-08-01,0.0,0.0,0.0,0.0,0
17,0.0,0.0,0.0,0.0,1.0,0,1,1.0,1.0,0.0,1,1,0,1,1,0,0,6,0.0,0.0,379.2002868652344,351.653076171875,0,10,2,2024-08-01,0.0,0.0,0.0,0.0,0
18,-61.56857641737918,284.00000381469727,303.2000045776367,587.200008392334,0.8333333333333334,1,0,0.8,1.0,1.0,0,0,1,0,1,5,1,0,0.0,0.0,386.5474514146521,486.05365332167605,1,10,2,2024-08-01,28.400000381469727,30.320000457763673,58.7200008392334,0.08317229026311963,0
19,-37.406810565043145,408.2000045776367,408.2000045776367,816.4000091552734,1.0,0,1,1.0,1.0,1.0,1,1,1,1,1,0,6,0,0.0,0.0,414.10768528456623,479.22764186387127,1,10,2,2024-08-01,40.820000457763676,40.820000457763676,81.64000091552735,0.308468520748897,0
20,-53.51000061035154,535.1000061035156,535.1000061035156,1070.2000122070312,1.0,0,1,1.0,1.0,1.0,1,1,1,1,1,0,6,0,0.23064163848880784,0.10486043326747906,411.6836639404297,478.9891876220703,1,10,2,2024-08-01,53.51000061035157,53.51000061035157,107.02000122070314,0.22659182065800673,0
21,-73.65500061035152,586.0500061035157,601.1000061035156,1187.1500122070313,1.0,0,1,1.0,1.0,1.0,1,1,1,1,1,0,6,0,0.15186561417847758,0.021202783491467866,497.04916198730473,588.3550128173828,1,10,2,2024-08-01,58.60500061035157,60.11000061035156,118.71500122070313,0.2294644921167778,0
22,-144.36359073626033,563.4500076293946,578.5000076293945,1141.950015258789,1.0,0,1,1.0,1.0,1.0,1,1,1,1,1,0,6,0,0.22106479369454143,0.0,438.89104793561467,614.5720257948541,1,10,2,2024-08-01,56.34500076293946,57.85000076293946,114.19500152587892,0.42176637004533696,0
23,-82.8700008392334,608.700008392334,608.700008392334,1217.400016784668,0.16666666666666666,5,0,1.0,0.16666666666666666,1.0,0,0,1,1,0,0,6,0,0.1678184039932303,0.12615685299199136,506.5489444732666,531.9083309173584,1,10,2,2024-08-01,60.8700008392334,60.8700008392334,121.7400016784668,0.36391474470299234,0
24,-65.82000083923333,658.200008392334,658.200008392334,1316.400016784668,0.6666666666666666,2,0,1.0,0.6666666666666666,1.0,0,0,1,1,0,0,6,0,0.18766333585024905,0.15522741747496346,534.6799991607667,556.0293209075927,1,10,2,2024-08-01,65.8200008392334,65.8200008392334,131.6400016784668,0.27077774968754725,0
25,-73.57000083923333,735.700008392334,735.700008392334,1471.400016784668,1.0,0,1,1.0,1.0,1.0,1,1,1,1,1,0,6,0,0.1924723620986305,0.170444139177639,594.0980899810792,610.3042537689208,1,10,2,2024-08-01,73.5700008392334,73.5700008392334,147.1400016784668,0.17268101697999313,0
26,-172.25937974309394,835.700008392334,835.700008392334,1671.400016784668,1.0,0,1,1.0,1.0,1.0,1,1,1,1,1,0,6,0,0.3683254813579993,0.14981265991619258,527.8904005303435,710.501567243094,1,10,2,2024-08-01,83.5700008392334,83.5700008392334,167.1400016784668,0.12283685036756538,0
27,-15.97193657919371,816.5000076293945,816.5000076293945,1633.000015258789,1.0,0,1,1.0,1.0,1.0,1,1,1,1,1,0,6,0,0.10641438906325576,0.2809325933393053,729.6126581473688,587.1185430245062,1,10,2,2024-08-01,81.65000076293946,81.65000076293946,163.3000015258789,0.1228367906542846,0
28,-47.97552147615833,1048.3000106811523,1048.3000106811523,2096.6000213623047,1.0,0,1,1.0,1.0,1.0,1,1,1,1,1,6,0,0,0.39807196731387084,0.35918722902305333,631.0011630941542,671.764034659752,1,10,2,2024-08-01,104.83000106811524,104.83000106811524,209.66000213623047,0.119028881198042,0
29,6.1417241408300285,1048.3000106811523,1048.3000106811523,2096.6000213623047,1.0,0,1,1.0,1.0,1.0,1,1,1,1,1,6,0,0,0.3975359692937006,0.38332065370080226,631.5630498244237,646.464965312295,1,10,2,2024-08-01,104.83000106811524,104.83000106811524,209.66000213623047,0.142498948535047,0
30,57.4442363523806,1064.4333432515461,1067.600009918213,2132.033353169759,1.0,0,1,1.0,1.0,1.0,1,1,1,1,1,0,6,0,0.3782734018016968,0.3979007305740428,661.7865215086306,642.8011860109007,1,10,2,2024-08-01,106.44333432515462,106.7600009918213,213.20333531697588,0.17236314600097308,0
31,130.36000175476067,1111.600009918213,1111.600009918213,2223.200019836426,1.0,0,1,1.0,1.0,1.0,1,1,1,1,1,0,6,0,0.18979908951248486,0.47971363778934334,900.6193401336669,578.3503253936768,1,10,2,2024-08-01,111.16000099182129,111.16000099182129,222.32000198364258,0.15877414760514294,0
32,122.99000091552728,1119.9000091552734,1119.9000091552734,2239.800018310547,0.5,3,0,1.0,0.5,1.0,0,0,1,1,0,0,6,0,0.18424821143190545,0.5220062856291324,913.5604354858398,535.3051651000977,1,10,2,2024-08-01,111.99000091552735,111.99000091552735,223.9800018310547,0.1598334794560961,0
33,110.3400009155273,1089.8993375142416,1103.4000091552734,2193.299346669515,0.0,6,0,1.0,0.0,1.0,0,0,1,1,0,0,6,0,0.1589665878514678,0.5081872764794508,916.6417587280273,542.666163635254,1,10,2,2024-08-01,108.98993375142416,110.34000091552736,219.32993466695154,0.21055606284594253,0
34,127.07000160217285,1070.529343922933,1078.700008392334,2149.229352315267,0.16666666666666666,5,0,1.0,0.16666666666666666,1.0,0,0,1,1,0,0,6,0,0.061080341020145375,0.505411876701078,1005.1410465240479,533.5122127532959,1,10,2,2024-08-01,107.05293439229331,107.8700008392334,214.9229352315267,0.1833954623440878,0
35,145.17000083923335,951.700008392334,951.700008392334,1903.400016784668,0.6666666666666666,2,0,1.0,0.6666666666666666,1.0,0,0,1,1,0,0,6,0,0.0,0.458849578704028,1036.6142147064209,515.0128604888916,1,10,2,2024-08-01,95.17000083923341,95.17000083923341,190.34000167846682,0.13462105004659242,0
36,258.9282744085001,944.1000061035156,944.1000061035156,1888.2000122070312,1.0,0,1,1.0,1.0,1.0,1,1,1,1,1,6,0,0,0.0,0.5576897684661887,1224.9578764592814,417.58509229071865,1,10,2,2024-08-01,94.41000061035157,94.41000061035157,188.82000122070315,0.1543886602469914,0
37,131.58000068664546,1040.800006866455,1040.800006866455,2081.60001373291,1.0,0,1,1.0,1.0,1.0,1,1,1,1,1,6,0,0,0.0,0.4592463307646642,1077.6327960968017,562.8164226531983,1,10,2,2024-08-01,104.08000068664552,104.08000068664552,208.16000137329104,0.17371550494749943,0
38,101.07000083923333,1010.700008392334,1010.700008392334,2021.400016784668,0.6666666666666666,2,0,1.0,0.6666666666666666,1.0,0,0,1,1,0,0,6,0,0.0,0.3884120922875317,1041.505486679077,618.1319034576417,1,10,2,2024-08-01,101.0700008392334,101.0700008392334,202.1400016784668,0.2633569272879367,0
39,158.12000236511233,922.200008392334,922.200008392334,1844.400016784668,0.0,6,0,1.0,0.0,1.0,0,0,1,1,0,0,6,0,0.0,0.4508988379316202,1064.204902267456,506.3810962677002,1,10,2,2024-08-01,92.2200008392334,92.2200008392334,184.4400016784668,0.22402150909849894,0
40,89.14000091552737,891.4000091552734,891.4000091552734,1782.8000183105469,1.0,0,1,1.0,1.0,1.0,1,1,1,1,1,6,0,0,0.0,0.3701404587438313,903.1126571655274,561.4568008422851,1,10,2,2024-08-01,89.14000091552735,89.14000091552735,178.2800018310547,0.13054264041656277,0
41,86.45000038146975,855.7133344014485,864.5000038146973,1720.2133382161458,1.0,0,1,1.0,1.0,1.0,1,1,1,1,1,6,0,0,0.0,0.202577756183076,909.5887943267822,689.3715328216553,1,10,2,2024-08-01,85.57133344014485,86.45000038146974,172.02133382161458,0.0002922218324157526,0
42,118.69209325926556,787.0000038146973,787.0000038146973,1574.0000076293945,1.0,0,1,1.0,1.0,1.0,1,1,1,1,1,0,6,0,0.0,0.1709314219048268,954.5999301733281,652.4769741235469,1,10,2,2024-08-01,78.70000038146974,78.70000038146974,157.40000076293947,0.08470123853745824,0
43,108.8240005673623,732.0000038146973,732.0000038146973,1464.0000076293945,1.0,0,1,1.0,1.0,1.0,1,1,1,1,1,0,6,0,0.0,0.19861194009269487,906.3309585751748,586.6160629092002,1,10,2,2024-08-01,73.20000038146974,73.20000038146974,146.40000076293947,0.08470821821629573,0
44,129.82500085830685,577.0000038146973,577.0000038146973,1154.0000076293945,0.6666666666666666,2,0,0.6666666666666666,1.0,1.0,0,0,1,0,1,6,0,0,0.0,0.1265622533896576,899.1133309364318,503.97358312606815,1,10,2,2024-08-01,57.70000038146973,57.70000038146973,115.40000076293946,0.08529589570178754,0
45,84.53036125763714,511.00000381469727,511.00000381469727,1022.0000076293945,0.3333333333333333,4,0,0.3333333333333333,1.0,1.0,0,0,1,0,1,6,0,0,0.0,0.14096869512026713,739.2156639920122,438.96500007048786,1,10,2,2024-08-01,51.10000038146973,51.10000038146973,102.20000076293945,0.08662364314269551,0
46,77.45000114440916,472.50000381469727,472.50000381469727,945.0000076293945,1.0,0,1,1.0,1.0,1.0,1,1,1,1,1,6,0,0,0.0,0.20953419107480167,635.8947643280029,373.49509773254397,1,10,2,2024-08-01,47.25000038146973,47.25000038146973,94.50000076293946,0.11837900601035621,0
47,48.410000610351574,484.1000061035156,484.1000061035156,968.2000122070312,1.0,0,1,1.0,1.0,1.0,1,1,1,1,1,6,0,0,0.0,0.18567868262406287,571.9264190673828,394.21295471191405,1,10,2,2024-08-01,48.41000061035157,48.41000061035157,96.82000122070313,0.1006748562644783,0
0,0.0,0.0,0.0,0.0,1.0,0,1,1.0,1.0,0.0,1,1,0,1,1,0,0,6,0.0,0.0,261.5,261.5,0,11,0,2024-08-01,0.0,0.0,0.0,0.0,0
1,0.0,0.0,0.0,0.0,1.0,0,1,1.0,1.0,0.0,1,1,0,1,1,0,0,6,0.0,0.0,261.5,254.63502502441406,0,11,0,2024-08-01,0.0,0.0,0.0,0.0,0
2,0.0,0.0,0.0,0.0,1.0,0,1,1.0,1.0,0.0,1,1,0,1,1,0,0,6,0.0,0.0,242.29998779296875,242.29998779296875,0,11,0,2024-08-01,0.0,0.0,0.0,0.0,0
3,0.0,0.0,0.0,0.0,1.0,0,1,1.0,1.0,0.0,1,1,0,1,1,0,0,6,0.0,0.0,242.29998779296875,238.9967803955078,0,11,0,2024-08-01,0.0,0.0,0.0,0.0,0
4,0.0,0.0,0.0,0.0,1.0,0,1,1.0,1.0,0.0,1,1,0,1,1,0,0,6,0.0,0.0,242.29998779296875,233.3209991455078,0,11,0,2024-08-01,0.0,0.0,0.0,0.0,0
5,0.0,0.0,0.0,0.0,1.0,0,1,1.0,1.0,0.0,1,1,0,1,1,0,0,6,0.0,0.0,242.29998779296875,222.25650024414062,0,11,0,2024-08-01,0.0,0.0,0.0,0.0,0
6,0.0,0.0,0.0,0.0,1.0,0,1,1.0,1.0,0.0,1,1,0,1,1,0,0,6,0.0,0.0,242.29998779296875,215.02984619140625,0,11,0,2024-08-01,0.0,0.0,0.0,0.0,0
7,0.0,0.0,0.0,0.0,1.0,0,1,1.0,1.0,0.0,1,1,0,1,1,0,0,6,0.0,0.0,242.29998779296875,212.83346557617188,0,11,0,2024-08-01,0.0,0.0,0.0,0.0,0
8,0.0,0.0,0.0,0.0,1.0,0,1,1.0,1.0,0.0,1,1,0,1,1,0,0,6,0.0,0.0,242.29998779296875,202.68663024902344,0,11,0,2024-08-01,0.0,0.0,0.0,0.0,0
9,0.0,0.0,0.0,0.0,1.0,0,1,1.0,1.0,0.0,1,1,0,1,1,0,0,6,0.0,0.0,242.29998779296875,186.65330505371094,0,11,0,2024-08-01,0.0,0.0,0.0,0.0,0
10,0.0,0.0,0.0,0.0,1.0,0,1,1.0,1.0,0.0,1,1,0,1,1,0,0,6,0.0,0.0,242.29998779296875,186.70936584472656,0,11,0,2024-08-01,0.0,0.0,0.0,0.0,0
11,0.0,0.0,0.0,0.0,1.0,0,1,1.0,1.0,0.0,1,1,0,1,1,0,0,6,0.0,0.0,242.29998779296875,188.19407653808594,0,11,0,2024-08-01,0.0,0.0,0.0,0.0,0
12,0.0,0.0,0.0,0.0,1.0,0,1,1.0,1.0,0.0,1,1,0,1,1,0,0,6,0.0,0.0,297.29998779296875,235.9291229248047,0,11,0,2024-08-01,0.0,0.0,0.0,0.0,0
13,0.0,0.0,0.0,0.0,1.0,0,1,1.0,1.0,0.0,1,1,0,1,1,0,0,6,0.0,0.0,316.5,254.38922119140625,0,11,0,2024-08-01,0.0,0.0,0.0,0.0,0
14,0.0,0.0,0.0,0.0,1.0,0,1,1.0,1.0,0.0,1,1,0,1,1,0,0,6,0.0,0.0,478.81292724609375,440.27734375,0,11,0,2024-08-01,0.0,0.0,0.0,0.0,0
15,0.0,0.0,0.0,0.0,1.0,0,1,1.0,1.0,0.0,1,1,0,1,1,0,0,6,0.0,0.0,474.8000183105469,481.64404296875,0,11,0,2024-08-01,0.0,0.0,0.0,0.0,0
16,0.0,0.0,0.0,0.0,1.0,0,1,1.0,1.0,0.0,1,1,0,1,1,0,0,6,0.0,0.0,524.7999877929688,508.4667663574219,0,11,0,2024-08-01,0.0,0.0,0.0,0.0,0
17,0.0,0.0,0.0,0.0,1.0,0,1,1.0,1.0,0.0,1,1,0,1,1,0,0,6,0.0,0.0,655.7083740234375,620.3831176757812,0,11,0,2024-08-01,0.0,0.0,0.0,0.0,0
18,-61.56857641737918,284.00000381469727,303.2000045776367,587.200008392334,1.0,0,1,1.0,1.0,1.0,1,1,1,1,1,0,0,6,0.0,0.0,783.4115871568396,854.4565158705042,1,11,0,2024-08-01,28.400000381469727,30.320000457763673,58.7200008392334,6.733054465739358e-10,0
19,-37.406810565043145,408.2000045776367,408.2000045776367,816.4000091552734,1.0,0,1,1.0,1.0,1.0,1,1,1,1,1,0,5,1,0.0,0.0,876.1402475404257,982.7613027525431,1,11,0,2024-08-01,40.820000457763676,40.820000457763676,81.64000091552735,0.2291074496873885,0
20,-53.51000061035154,535.1000061035156,535.1000061035156,1070.2000122070312,1.0,0,1,1.0,1.0,1.0,1,1,1,1,1,5,1,0,0.0,0.0,883.4594207763672,1022.6119903564453,1,11,0,2024-08-01,53.51000061035157,53.51000061035157,107.02000122070314,0.07221295691365907,0
21,-73.65500061035152,586.0500061035157,601.1000061035156,1187.1500122070313,1.0,0,1,1.0,1.0,1.0,1,1,1,1,1,6,0,0,0.0,0.0,745.3642864990235,1081.8176593017579,1,11,0,2024-08-01,58.60500061035157,60.11000061035156,118.71500122070313,0.08227688178945095,0
22,-144.36359073626033,563.4500076293946,578.5000076293945,1141.950015258789,1.0,0,1,1.0,1.0,1.0,1,1,1,1,1,6,0,0,0.0,0.0,609.4447588731147,1249.3264813612604,1,11,0,2024-08-01,56.34500076293946,57.85000076293946,114.19500152587892,0.03837636798403932,0
23,-82.8700008392334,608.700008392334,608.700008392334,1217.400016784668,1.0,0,1,1.0,1.0,1.0,1,1,1,1,1,6,0,0,0.0,0.0,664.8133487701416,1265.5780086517334,1,11,0,2024-08-01,60.8700008392334,60.8700008392334,121.7400016784668,0.0388888874962316,0
24,-65.82000083923333,658.200008392334,658.200008392334,1316.400016784668,0.8333333333333334,1,0,0.8333333333333334,1.0,1.0,0,0,1,0,1,6,0,0,0.012198669709251753,0.0,650.1708438873292,1400.0354549407957,1,11,0,2024-08-01,65.8200008392334,65.8200008392334,131.6400016784668,0.12301693783327665,0
25,-73.57000083923333,735.700008392334,735.700008392334,1471.400016784668,1.0,0,1,1.0,1.0,1.0,1,1,1,1,1,6,0,0,0.17127324394131108,0.0,609.6942813873292,1430.3700496673582,1,11,0,2024-08-01,73.5700008392334,73.5700008392334,147.1400016784668,0.02865741994845094,0
26,-172.25937974309394,835.700008392334,835.700008392334,1671.400016784668,0.5,3,0,1.0,0.5,1.0,0,0,1,1,0,0,6,0,0.3362868814606122,0.0,554.6650587334685,1564.8593553290314,1,11,0,2024-08-01,83.5700008392334,83.5700008392334,167.1400016784668,0.10726851500571423,0
27,-15.97193657919371,816.5000076293945,816.5000076293945,1633.000015258789,0.8333333333333334,1,0,1.0,0.8333333333333334,1.0,0,0,1,1,0,0,6,0,0.06869899847970015,0.0,760.4072748465876,1360.4795049385687,1,11,0,2024-08-01,81.65000076293946,81.65000076293946,163.3000015258789,0.23960094927097458,0
28,-47.97552147615833,1048.3000106811523,1048.3000106811523,2096.6000213623047,0.8333333333333334,1,0,0.5,1.0,1.0,0,0,1,0,1,2,4,0,0.26998011845832476,0.0,765.2798496175917,1307.6543544839708,1,11,0,2024-08-01,104.83000106811524,104.83000106811524,209.66000213623047,0.13638889301615828,0
29,6.1417241408300285,1048.3000106811523,1048.3000106811523,2096.6000213623047,0.3333333333333333,4,0,0.0,1.0,1.0,0,0,1,0,1,4,2,0,0.2655435297521394,0.0,769.9307256056737,1256.76306101542,1,11,0,2024-08-01,104.83000106811524,104.83000106811524,209.66000213623047,0.14002644015735527,0
30,57.4442363523806,1064.4333432515461,1067.600009918213,2132.033353169759,0.0,6,0,0.0,1.0,1.0,0,0,1,0,1,6,0,0,0.3437000528701346,0.0,698.5875468992556,1152.7457050538694,1,11,0,2024-08-01,106.44333432515462,106.7600009918213,213.20333531697588,0.32674027400925615,1
31,130.36000175476067,1111.600009918213,1111.600009918213,2223.200019836426,0.0,6,0,0.0,1.0,1.0,0,0,1,0,1,6,0,0,0.5487376377222466,0.158294359574466,501.6232463836669,935.6399982452393,1,11,0,2024-08-01,111.16000099182129,111.16000099182129,222.32000198364258,0.40972966834866925,1
32,122.99000091552728,1119.9000091552734,1119.9000091552734,2239.800018310547,1.0,0,1,1.0,1.0,1.0,1,1,1,1,1,0,6,0,0.5530262576657226,0.1703038311141598,500.56589813232415,929.1767471313477,1,11,0,2024-08-01,111.99000091552735,111.99000091552735,223.9800018310547,0.19209412315172036,0
33,110.3400009155273,1089.8993375142416,1103.4000091552734,2193.299346669515,1.0,0,1,1.0,1.0,1.0,1,1,1,1,1,0,6,0,0.2369610976423048,0.26510323544268455,831.635594177246,810.8850967407227,1,11,0,2024-08-01,108.98993375142416,110.34000091552736,219.32993466695154,0.20278612995335457,0
34,127.07000160217285,1070.529343922933,1078.700008392334,2149.229352315267,0.16666666666666666,5,0,0.16666666666666666,1.0,1.0,0,0,1,0,1,6,0,0,0.24402286195692907,0.2478245643126498,809.2957096099854,811.3716487884521,1,11,0,2024-08-01,107.05293439229331,107.8700008392334,214.9229352315267,0.08644711387144999,0
35,145.17000083923335,951.700008392334,951.700008392334,1903.400016784668,0.0,6,0,0.0,1.0,1.0,0,0,1,0,1,6,0,0,0.16862926753319848,0.23287744848839,791.2155330657959,730.0705387115479,1,11,0,2024-08-01,95.17000083923341,95.17000083923341,190.34000167846682,0.07649619867684057,0
36,258.9282744085001,944.1000061035156,944.1000061035156,1888.2000122070312,1.0,0,1,1.0,1.0,1.0,1,1,1,1,1,0,6,0,0.09025856686797845,0.49295655839486435,858.8868925725626,478.69971631415615,1,11,0,2024-08-01,94.41000061035157,94.41000061035157,188.82000122070315,0.1666666769703591,0
37,131.58000068664546,1040.800006866455,1040.800006866455,2081.60001373291,1.0,0,1,1.0,1.0,1.0,1,1,1,1,1,0,6,0,0.2448710503135879,0.4985950647457076,785.9382160186767,521.862260055542,1,11,0,2024-08-01,104.08000068664552,104.08000068664552,208.16000137329104,0.16666666660558072,0
38,101.07000083923333,1010.700008392334,1010.700008392334,2021.400016784668,1.0,0,1,1.0,1.0,1.0,1,1,1,1,1,0,6,0,0.2532291087494545,0.45955280259412085,754.7613460540771,546.2299869537354,1,11,0,2024-08-01,101.0700008392334,101.0700008392334,202.1400016784668,0.005555556603975616,0
39,158.12000236511233,922.200008392334,922.200008392334,1844.400016784668,1.0,0,1,1.0,1.0,1.0,1,1,1,1,1,0,6,0,0.19267530685799705,0.4784428216450885,744.5148387908936,480.9800342559814,1,11,0,2024-08-01,92.2200008392334,92.2200008392334,184.4400016784668,0.005555555325748968,0
40,89.14000091552737,891.4000091552734,891.4000091552734,1782.8000183105469,0.3333333333333333,4,0,1.0,0.3333333333333333,1.0,0,0,1,1,0,0,6,0,0.19442141313742695,0.37100326331642164,718.0927597045899,560.6876968383789,1,11,0,2024-08-01,89.14000091552735,89.14000091552735,178.2800018310547,0.30584211251479,1
41,86.45000038146975,855.7133344014485,864.5000038146973,1720.2133382161458,1.0,0,1,1.0,1.0,1.0,1,1,1,1,1,0,6,0,0.09388065492102259,0.4272051336214315,775.3784061431885,495.1811641693115,1,11,0,2024-08-01,85.57133344014485,86.45000038146974,172.02133382161458,0.12929448917875627,0
42,118.69209325926556,787.0000038146973,787.0000038146973,1574.0000076293945,1.0,0,1,1.0,1.0,1.0,1,1,1,1,1,6,0,0,0.0,0.414786491154451,794.0595248998906,460.56303369385944,1,11,0,2024-08-01,78.70000038146974,78.70000038146974,157.40000076293947,0.06025146371643664,0
43,108.8240005673623,732.0000038146973,732.0000038146973,1464.0000076293945,1.0,0,1,1.0,1.0,1.0,1,1,1,1,1,6,0,0,0.04254322444272772,0.36702085941976414,700.858363360331,463.34073331935645,1,11,0,2024-08-01,73.20000038146974,73.20000038146974,146.40000076293947,0.060251463135025406,0
44,129.82500085830685,577.0000038146973,577.0000038146973,1154.0000076293945,1.0,0,1,1.0,1.0,1.0,1,1,1,1,1,6,0,0,0.0,0.18955190936538513,741.0436898231505,467.6285513877869,1,11,0,2024-08-01,57.70000038146973,57.70000038146973,115.40000076293946,0.1991403557455743,0
45,84.53036125763714,511.00000381469727,511.00000381469727,1022.0000076293945,1.0,0,1,1.0,1.0,1.0,1,1,1,1,1,1,5,0,0.0,0.0,694.2747460232622,527.9840430392378,1,11,0,2024-08-01,51.10000038146973,51.10000038146973,102.20000076293945,0.06564783078032412,0
46,77.45000114440916,472.50000381469727,472.50000381469727,945.0000076293945,1.0,0,1,1.0,1.0,1.0,1,1,1,1,1,6,0,0,0.0,0.0,717.1915782928467,558.5045886993408,1,11,0,2024-08-01,47.25000038146973,47.25000038146973,94.50000076293946,0.061111111021406275,0
47,48.410000610351574,484.1000061035156,484.1000061035156,968.2000122070312,1.0,0,1,1.0,1.0,1.0,1,1,1,1,1,6,0,0,0.0,0.0,610.5143096923828,547.4144012451172,1,11,0,2024-08-01,48.41000061035157,48.41000061035157,96.82000122070313,0.06111111137377705,0
0,0.0,0.0,0.0,0.0,1.0,0,1,1.0,1.0,0.0,1,1,0,1,1,0,0,6,0.0,0.0,399.20001220703125,463.18524169921875,0,11,1,2024-08-01,0.0,0.0,0.0,0.0,0
1,0.0,0.0,0.0,0.0,1.0,0,1,1.0,1.0,0.0,1,1,0,1,1,0,0,6,0.0,0.0,414.0115051269531,449.03778076171875,0,11,1,2024-08-01,0.0,0.0,0.0,0.0,0
2,0.0,0.0,0.0,0.0,1.0,0,1,1.0,1.0,0.0,1,1,0,1,1,0,0,6,0.0,0.0,416.8626708984375,446.7204895019531,0,11,1,2024-08-01,0.0,0.0,0.0,0.0,0
3,0.0,0.0,0.0,0.0,1.0,0,1,1.0,1.0,0.0,1,1,0,1,1,0,0,6,0.0,0.0,385.9739990234375,430.57244873046875,0,11,1,2024-08-01,0.0,0.0,0.0,0.0,0
4,0.0,0.0,0.0,0.0,1.0,0,1,1.0,1.0,0.0,1,1,0,1,1,0,0,6,0.0,0.0,365.69732666015625,388.3118591308594,0,11,1,2024-08-01,0.0,0.0,0.0,0.0,0
5,0.0,0.0,0.0,0.0,1.0,0,1,1.0,1.0,0.0,1,1,0,1,1,0,0,6,0.0,0.0,368.278564453125,374.9907531738281,0,11,1,2024-08-01,0.0,0.0,0.0,0.0,0
6,0.0,0.0,0.0,0.0,1.0,0,1,1.0,1.0,0.0,1,1,0,1,1,0,0,6,0.0,0.0,361.4261474609375,336.5979309082031,0,11,1,2024-08-01,0.0,0.0,0.0,0.0,0
7,0.0,0.0,0.0,0.0,1.0,0,1,1.0,1.0,0.0,1,1,0,1,1,0,0,6,0.0,0.0,365.11468505859375,291.7421569824219,0,11,1,2024-08-01,0.0,0.0,0.0,0.0,0
8,0.0,0.0,0.0,0.0,1.0,0,1,1.0,1.0,0.0,1,1,0,1,1,0,0,6,0.0,0.0,369.800048828125,264.79998779296875,0,11,1,2024-08-01,0.0,0.0,0.0,0.0,0
9,0.0,0.0,0.0,0.0,1.0,0,1,1.0,1.0,0.0,1,1,0,1,1,0,0,6,0.0,0.0,369.800048828125,264.79998779296875,0,11,1,2024-08-01,0.0,0.0,0.0,0.0,0
10,0.0,0.0,0.0,0.0,1.0,0,1,1.0,1.0,0.0,1,1,0,1,1,0,0,6,0.0,0.0,342.300048828125,263.3448181152344,0,11,1,2024-08-01,0.0,0.0,0.0,0.0,0
11,0.0,0.0,0.0,0.0,1.0,0,1,1.0,1.0,0.0,1,1,0,1,1,0,0,6,0.0,0.0,331.300048828125,246.64508056640625,0,11,1,2024-08-01,0.0,0.0,0.0,0.0,0
12,0.0,0.0,0.0,0.0,1.0,0,1,1.0,1.0,0.0,1,1,0,1,1,0,0,6,0.0,0.0,353.79998779296875,245.322998046875,0,11,1,2024-08-01,0.0,0.0,0.0,0.0,0
13,0.0,0.0,0.0,0.0,1.0,0,1,1.0,1.0,0.0,1,1,0,1,1,0,0,6,0.0,0.0,381.3000183105469,278.841552734375,0,11,1,2024-08-01,0.0,0.0,0.0,0.0,0
14,0.0,0.0,0.0,0.0,1.0,0,1,1.0,1.0,0.0,1,1,0,1,1,0,0,6,0.0,0.0,400.5,284.3164978027344,0,11,1,2024-08-01,0.0,0.0,0.0,0.0,0
15,0.0,0.0,0.0,0.0,1.0,0,1,1.0,1.0,0.0,1,1,0,1,1,0,0,6,0.0,0.0,425.8417053222656,291.4356384277344,0,11,1,2024-08-01,0.0,0.0,0.0,0.0,0
16,0.0,0.0,0.0,0.0,1.0,0,1,1.0,1.0,0.0,1,1,0,1,1,0,0,6,0.0,0.0,452.3170166015625,321.59039306640625,0,11,1,2024-08-01,0.0,0.0,0.0,0.0,0
17,0.0,0.0,0.0,0.0,1.0,0,1,1.0,1.0,0.0,1,1,0,1,1,0,0,6,0.0,0.0,482.5892639160156,346.3516540527344,0,11,1,2024-08-01,0.0,0.0,0.0,0.0,0
18,-61.56857641737918,284.00000381469727,303.2000045776367,587.200008392334,1.0,0,1,1.0,1.0,1.0,1,1,1,1,1,0,0,6,0.0,0.0,569.5479396959021,690.1670261244104,1,11,1,2024-08-01,28.400000381469727,30.320000457763673,58.7200008392334,6.733054465739358e-10,0
19,-37.406810565043145,408.2000045776367,408.2000045776367,816.4000091552734,1.0,0,1,1.0,1.0,1.0,1,1,1,1,1,0,5,1,0.0,0.0,533.8973276185507,658.4108999205118,1,11,1,2024-08-01,40.820000457763676,40.820000457763676,81.64000091552735,0.2291074496873885,0
20,-53.51000061035154,535.1000061035156,535.1000061035156,1070.2000122070312,1.0,0,1,1.0,1.0,1.0,1,1,1,1,1,5,1,0,0.14235795310832447,0.0,458.9242645263672,719.4323638916015,1,11,1,2024-08-01,53.51000061035157,53.51000061035157,107.02000122070314,0.07221295691365907,0
21,-73.65500061035152,586.0500061035157,601.1000061035156,1187.1500122070313,1.0,0,1,1.0,1.0,1.0,1,1,1,1,1,6,0,0,0.24867442171233933,0.0,440.314359741211,755.4732989501953,1,11,1,2024-08-01,58.60500061035157,60.11000061035156,118.71500122070313,0.08227688178945095,0
22,-144.36359073626033,563.4500076293946,578.5000076293945,1141.950015258789,1.0,0,1,1.0,1.0,1.0,1,1,1,1,1,6,0,0,0.2713572418083698,0.0,410.55376766217717,962.5259442518853,1,11,1,2024-08-01,56.34500076293946,57.85000076293946,114.19500152587892,0.03837636798403932,0
23,-82.8700008392334,608.700008392334,608.700008392334,1217.400016784668,0.5,3,0,0.5,1.0,1.0,0,0,1,0,1,6,0,0,0.24308376500399784,0.0,460.73491859436035,940.3554744720459,1,11,1,2024-08-01,60.8700008392334,60.8700008392334,121.7400016784668,0.0388888874962316,0
24,-65.82000083923333,658.200008392334,658.200008392334,1316.400016784668,0.0,6,0,0.0,1.0,1.0,0,0,1,0,1,6,0,0,0.40416658651764864,0.0,392.17755775451667,978.2615901947021,1,11,1,2024-08-01,65.8200008392334,65.8200008392334,131.6400016784668,0.12301693783327665,0
25,-73.57000083923333,735.700008392334,735.700008392334,1471.400016784668,0.5,3,0,0.5,1.0,1.0,0,0,1,0,1,6,0,0,0.5409938438917112,0.0,337.69083290100104,985.3961116790771,1,11,1,2024-08-01,73.5700008392334,73.5700008392334,147.1400016784668,0.02865741994845094,0
26,-172.25937974309394,835.700008392334,835.700008392334,1671.400016784668,1.0,0,1,1.0,1.0,1.0,1,1,1,1,1,0,6,0,0.7344686023982967,0.0,221.90459120417168,1068.3545335516876,1,11,1,2024-08-01,83.5700008392334,83.5700008392334,167.1400016784668,0.10726851500571423,0
27,-15.97193657919371,816.5000076293945,816.5000076293945,1633.000015258789,1.0,0,1,1.0,1.0,1.0,1,1,1,1,1,0,6,0,0.5445522827106931,0.0,371.8730646415094,871.8855718330999,1,11,1,2024-08-01,81.65000076293946,81.65000076293946,163.3000015258789,0.23960094927097458,0
28,-47.97552147615833,1048.3000106811523,1048.3000106811523,2096.6000213623047,1.0,0,1,1.0,1.0,1.0,1,1,1,1,1,2,4,0,0.5561372419616274,0.17545021741574077,465.30133399259165,864.3755458902208,1,11,1,2024-08-01,104.83000106811524,104.83000106811524,209.66000213623047,0.13638889301615828,0
29,6.1417241408300285,1048.3000106811523,1048.3000106811523,2096.6000213623047,0.6666666666666666,2,0,0.5,1.0,1.0,0,0,1,0,1,4,2,0,0.6431449463872424,0.20497479942954333,374.0911565138769,833.424926249795,1,11,1,2024-08-01,104.83000106811524,104.83000106811524,209.66000213623047,0.14002644015735527,0
30,57.4442363523806,1064.4333432515461,1067.600009918213,2132.033353169759,0.0,6,0,0.0,1.0,1.0,0,0,1,0,1,6,0,0,0.6581412175313525,0.261342687935068,363.8858867430056,788.5905536866819,1,11,1,2024-08-01,106.44333432515462,106.7600009918213,213.20333531697588,0.32674027400925615,1
31,130.36000175476067,1111.600009918213,1111.600009918213,2223.200019836426,0.0,6,0,0.0,1.0,1.0,0,0,1,0,1,6,0,0,0.6319766923371838,0.36313418427780353,409.09471244812005,707.9400470733643,1,11,1,2024-08-01,111.16000099182129,111.16000099182129,222.32000198364258,0.40972966834866925,1
32,122.99000091552728,1119.9000091552734,1119.9000091552734,2239.800018310547,1.0,0,1,1.0,1.0,1.0,1,1,1,1,1,0,6,0,0.6361821747070157,0.35145098493173127,407.4395858764648,726.3100479125977,1,11,1,2024-08-01,111.99000091552735,111.99000091552735,223.9800018310547,0.19209412315172036,0
33,110.3400009155273,1089.8993375142416,1103.4000091552734,2193.299346669515,0.6666666666666666,2,0,1.0,0.6666666666666666,1.0,0,0,1,1,0,0,6,0,0.3579852227421218,0.3456044793299209,699.7314804077148,722.0600234985352,1,11,1,2024-08-01,108.98993375142416,110.34000091552736,219.32993466695154,0.20278612995335457,0
34,127.07000160217285,1070.529343922933,1078.700008392334,2149.229352315267,0.0,6,0,0.0,1.0,1.0,0,0,1,0,1,6,0,0,0.23822066156278726,0.3150736840050438,815.5071353912354,738.8300228118896,1,11,1,2024-08-01,107.05293439229331,107.8700008392334,214.9229352315267,0.08644711387144999,0
35,145.17000083923335,951.700008392334,951.700008392334,1903.400016784668,0.6666666666666666,2,0,0.6666666666666666,1.0,1.0,0,0,1,0,1,6,0,0,0.2793545563548205,0.3039508575126329,685.8382747650146,662.4299747467041,1,11,1,2024-08-01,95.17000083923341,95.17000083923341,190.34000167846682,0.07649619867684057,0
36,258.9282744085001,944.1000061035156,944.1000061035156,1888.2000122070312,1.0,0,1,1.0,1.0,1.0,1,1,1,1,1,0,6,0,0.18648519975638525,0.4605390745670634,768.039327875297,509.30506299384365,1,11,1,2024-08-01,94.41000061035157,94.41000061035157,188.82000122070315,0.1666666769703591,0
37,131.58000068664546,1040.800006866455,1040.800006866455,2081.60001373291,1.0,0,1,1.0,1.0,1.0,1,1,1,1,1,0,6,0,0.33142761558658174,0.4355111731137059,695.850142288208,587.519974899292,1,11,1,2024-08-01,104.08000068664552,104.08000068664552,208.16000137329104,0.16666666660558072,0
38,101.07000083923333,1010.700008392334,1010.700008392334,2021.400016784668,1.0,0,1,1.0,1.0,1.0,1,1,1,1,1,0,6,0,0.3251780049562229,0.4105625335519832,682.0425960540771,595.7444522857667,1,11,1,2024-08-01,101.0700008392334,101.0700008392334,202.1400016784668,0.005555556603975616,0
39,158.12000236511233,922.200008392334,922.200008392334,1844.400016784668,1.0,0,1,1.0,1.0,1.0,1,1,1,1,1,0,6,0,0.26727030065568075,0.4804528386462203,675.7233348846436,479.1263965606689,1,11,1,2024-08-01,92.2200008392334,92.2200008392334,184.4400016784668,0.005555555325748968,0
40,89.14000091552737,891.4000091552734,891.4000091552734,1782.8000183105469,0.3333333333333333,4,0,1.0,0.3333333333333333,1.0,0,0,1,1,0,0,6,0,0.33591739171733287,0.4652814211783329,591.9632431030274,476.6481460571289,1,11,1,2024-08-01,89.14000091552735,89.14000091552735,178.2800018310547,0.30584211251479,1
41,86.45000038146975,855.7133344014485,864.5000038146973,1720.2133382161458,1.0,0,1,1.0,1.0,1.0,1,1,1,1,1,0,6,0,0.22811396619149094,0.506215690201469,660.5131717681885,426.87653770446775,1,11,1,2024-08-01,85.57133344014485,86.45000038146974,172.02133382161458,0.12929448917875627,0
42,118.69209325926556,787.0000038146973,787.0000038146973,1574.0000076293945,1.0,0,1,1.0,1.0,1.0,1,1,1,1,1,6,0,0,0.27329183688206776,0.6181164659223373,571.9193271459843,300.5423427758907,1,11,1,2024-08-01,78.70000038146974,78.70000038146974,157.40000076293947,0.06025146371643664,0
43,108.8240005673623,732.0000038146973,732.0000038146973,1464.0000076293945,1.0,0,1,1.0,1.0,1.0,1,1,1,1,1,6,0,0,0.3084615586849266,0.6142404232676053,506.20614168064355,282.37601163966895,1,11,1,2024-08-01,73.20000038146974,73.20000038146974,146.40000076293947,0.060251463135025406,0
44,129.82500085830685,577.0000038146973,577.0000038146973,1154.0000076293945,1.0,0,1,1.0,1.0,1.0,1,1,1,1,1,6,0,0,0.08215599055327598,0.5473576582251956,529.5959969520568,261.17463293075565,1,11,1,2024-08-01,57.70000038146973,57.70000038146973,115.40000076293946,0.1991403557455743,0
45,84.53036125763714,511.00000381469727,511.00000381469727,1022.0000076293945,1.0,0,1,1.0,1.0,1.0,1,1,1,1,1,1,5,0,0.015636122812482733,0.39037016651095235,503.0099449978715,311.5208472384566,1,11,1,2024-08-01,51.10000038146973,51.10000038146973,102.20000076293945,0.06564783078032412,0
46,77.45000114440916,472.50000381469727,472.50000381469727,945.0000076293945,1.0,0,1,1.0,1.0,1.0,1,1,1,1,1,6,0,0,0.0,0.3186242948774364,494.4284557342529,321.95002326965334,1,11,1,2024-08-01,47.25000038146973,47.25000038146973,94.50000076293946,0.061111111021406275,0
47,48.410000610351574,484.1000061035156,484.1000061035156,968.2000122070312,1.0,0,1,1.0,1.0,1.0,1,1,1,1,1,6,0,0,0.07054099955563227,0.2976864511473847,449.95110778808595,339.9899932861328,1,11,1,2024-08-01,48.41000061035157,48.41000061035157,96.82000122070313,0.06111111137377705,0
0,0.0,0.0,0.0,0.0,1.0,0,1,1.0,1.0,0.0,1,1,0,1,1,0,0,6,0.0,0.0,290.8000183105469,276.97027587890625,0,11,2,2024-08-01,0.0,0.0,0.0,0.0,0
1,0.0,0.0,0.0,0.0,1.0,0,1,1.0,1.0,0.0,1,1,0,1,1,0,0,6,0.0,0.0,291.5821838378906,262.5604553222656,0,11,2,2024-08-01,0.0,0.0,0.0,0.0,0
2,0.0,0.0,0.0,0.0,1.0,0,1,1.0,1.0,0.0,1,1,0,1,1,0,0,6,0.0,0.0,279.1238708496094,217.87757873535156,0,11,2,2024-08-01,0.0,0.0,0.0,0.0,0
3,0.0,0.0,0.0,0.0,1.0,0,1,1.0,1.0,0.0,1,1,0,1,1,0,0,6,0.0,0.0,265.1937561035156,197.18350219726562,0,11,2,2024-08-01,0.0,0.0,0.0,0.0,0
4,0.0,0.0,0.0,0.0,1.0,0,1,1.0,1.0,0.0,1,1,0,1,1,0,0,6,0.0,0.0,194.37216186523438,185.80682373046875,0,11,2,2024-08-01,0.0,0.0,0.0,0.0,0
5,0.0,0.0,0.0,0.0,1.0,0,1,1.0,1.0,0.0,1,1,0,1,1,0,0,6,0.0,0.0,193.9322967529297,178.8623504638672,0,11,2,2024-08-01,0.0,0.0,0.0,0.0,0
6,0.0,0.0,0.0,0.0,1.0,0,1,1.0,1.0,0.0,1,1,0,1,1,0,0,6,0.0,0.0,167.2823944091797,166.14955139160156,0,11,2,2024-08-01,0.0,0.0,0.0,0.0,0
7,0.0,0.0,0.0,0.0,1.0,0,1,1.0,1.0,0.0,1,1,0,1,1,0,0,6,0.0,0.0,166.3574981689453,153.3827667236328,0,11,2,2024-08-01,0.0,0.0,0.0,0.0,0
8,0.0,0.0,0.0,0.0,1.0,0,1,1.0,1.0,0.0,1,1,0,1,1,0,0,6,0.0,0.0,164.50230407714844,147.15318298339844,0,11,2,2024-08-01,0.0,0.0,0.0,0.0,0
9,0.0,0.0,0.0,0.0,1.0,0,1,1.0,1.0,0.0,1,1,0,1,1,0,0,6,0.0,0.0,164.0463104248047,141.9031219482422,0,11,2,2024-08-01,0.0,0.0,0.0,0.0,0
10,0.0,0.0,0.0,0.0,1.0,0,1,1.0,1.0,0.0,1,1,0,1,1,0,0,6,0.0,0.0,163.6119384765625,139.26380920410156,0,11,2,2024-08-01,0.0,0.0,0.0,0.0,0
11,0.0,0.0,0.0,0.0,1.0,0,1,1.0,1.0,0.0,1,1,0,1,1,0,0,6,0.0,0.0,165.24427795410156,132.37159729003906,0,11,2,2024-08-01,0.0,0.0,0.0,0.0,0
12,0.0,0.0,0.0,0.0,1.0,0,1,1.0,1.0,0.0,1,1,0,1,1,0,0,6,0.0,0.0,170.3000030517578,128.90577697753906,0,11,2,2024-08-01,0.0,0.0,0.0,0.0,0
13,0.0,0.0,0.0,0.0,1.0,0,1,1.0,1.0,0.0,1,1,0,1,1,0,0,6,0.0,0.0,208.8000030517578,162.09999084472656,0,11,2,2024-08-01,0.0,0.0,0.0,0.0,0
14,0.0,0.0,0.0,0.0,1.0,0,1,1.0,1.0,0.0,1,1,0,1,1,0,0,6,0.0,0.0,255.5,208.79998779296875,0,11,2,2024-08-01,0.0,0.0,0.0,0.0,0
15,0.0,0.0,0.0,0.0,1.0,0,1,1.0,1.0,0.0,1,1,0,1,1,0,0,6,0.0,0.0,326.5,280.8885498046875,0,11,2,2024-08-01,0.0,0.0,0.0,0.0,0
16,0.0,0.0,0.0,0.0,1.0,0,1,1.0,1.0,0.0,1,1,0,1,1,0,0,6,0.0,0.0,330.1999816894531,279.4497375488281,0,11,2,2024-08-01,0.0,0.0,0.0,0.0,0
17,0.0,0.0,0.0,0.0,1.0,0,1,1.0,1.0,0.0,1,1,0,1,1,0,0,6,0.0,0.0,387.8999938964844,325.7611999511719,0,11,2,2024-08-01,0.0,0.0,0.0,0.0,0
18,-61.56857641737918,284.00000381469727,303.2000045776367,587.200008392334,1.0,0,1,1.0,1.0,1.0,1,1,1,1,1,0,0,6,0.0,0.0,510.3473171373083,584.8356662611292,1,11,2,2024-08-01,28.400000381469727,30.320000457763673,58.7200008392334,6.733054465739358e-10,0
19,-37.406810565043145,408.2000045776367,408.2000045776367,816.4000091552734,1.0,0,1,1.0,1.0,1.0,1,1,1,1,1,0,5,1,0.0,0.0,599.4542734193319,720.3073842955118,1,11,2,2024-08-01,40.820000457763676,40.820000457763676,81.64000091552735,0.2291074496873885,0
20,-53.51000061035154,535.1000061035156,535.1000061035156,1070.2000122070312,0.8333333333333334,1,0,0.8,1.0,1.0,0,0,1,0,1,5,1,0,0.0,0.0,611.2305389404297,761.7687286376953,1,11,2,2024-08-01,53.51000061035157,53.51000061035157,107.02000122070314,0.07221295691365907,0
21,-73.65500061035152,586.0500061035157,601.1000061035156,1187.1500122070313,0.8333333333333334,1,0,0.8333333333333334,1.0,1.0,0,0,1,0,1,6,0,0,0.04508695012758644,0.0,559.6267987060547,880.871187133789,1,11,2,2024-08-01,58.60500061035157,60.11000061035156,118.71500122070313,0.08227688178945095,0
22,-144.36359073626033,563.4500076293946,578.5000076293945,1141.950015258789,0.0,6,0,0.0,1.0,1.0,0,0,1,0,1,6,0,0,0.15715948567873936,0.0,474.89849422467717,1035.1636395643854,1,11,2,2024-08-01,56.34500076293946,57.85000076293946,114.19500152587892,0.03837636798403932,0
23,-82.8700008392334,608.700008392334,608.700008392334,1217.400016784668,1.0,0,1,1.0,1.0,1.0,1,1,1,1,1,6,0,0,0.11240606339447701,0.0,540.2784366607666,1050.570074081421,1,11,2,2024-08-01,60.8700008392334,60.8700008392334,121.7400016784668,0.0388888874962316,0
24,-65.82000083923333,658.200008392334,658.200008392334,1316.400016784668,0.0,6,0,0.0,1.0,1.0,0,0,1,0,1,6,0,0,0.12938626094546998,0.0,573.0379703521729,1094.6200496673582,1,11,2,2024-08-01,65.8200008392334,65.8200008392334,131.6400016784668,0.12301693783327665,0
25,-73.57000083923333,735.700008392334,735.700008392334,1471.400016784668,0.0,6,0,0.0,1.0,1.0,0,0,1,0,1,6,0,0,0.2509825686795997,0.0,551.0521305084229,1083.1700984954832,1,11,2,2024-08-01,73.5700008392334,73.5700008392334,147.1400016784668,0.02865741994845094,0
26,-172.25937974309394,835.700008392334,835.700008392334,1671.400016784668,0.16666666666666666,5,0,1.0,0.16666666666666666,1.0,0,0,1,1,0,0,6,0,0.47030838306977585,0.0,442.6632887139373,1221.8593553290314,1,11,2,2024-08-01,83.5700008392334,83.5700008392334,167.1400016784668,0.10726851500571423,0
27,-15.97193657919371,816.5000076293945,816.5000076293945,1633.000015258789,1.0,0,1,1.0,1.0,1.0,1,1,1,1,1,0,6,0,0.25455751358798956,0.0,608.6537958426813,1073.8719609932562,1,11,2,2024-08-01,81.65000076293946,81.65000076293946,163.3000015258789,0.23960094927097458,0
28,-47.97552147615833,1048.3000106811523,1048.3000106811523,2096.6000213623047,0.8333333333333334,1,0,0.5,1.0,1.0,0,0,1,0,1,2,4,0,0.27152687028930483,0.0,763.6583896566542,1135.7638515542833,1,11,2,2024-08-01,104.83000106811524,104.83000106811524,209.66000213623047,0.13638889301615828,0
29,6.1417241408300285,1048.3000106811523,1048.3000106811523,2096.6000213623047,0.16666666666666666,5,0,0.0,0.5,1.0,0,0,1,0,0,4,2,0,0.2583323218914891,0.0,777.4902348830175,1144.47546335917,1,11,2,2024-08-01,104.83000106811524,104.83000106811524,209.66000213623047,0.14002644015735527,0
30,57.4442363523806,1064.4333432515461,1067.600009918213,2132.033353169759,0.0,6,0,0.0,1.0,1.0,0,0,1,0,1,6,0,0,0.24304118681750275,0.0,805.7322002195681,1206.4764179444944,1,11,2,2024-08-01,106.44333432515462,106.7600009918213,213.20333531697588,0.32674027400925615,1
31,130.36000175476067,1111.600009918213,1111.600009918213,2223.200019836426,0.0,6,0,0.0,1.0,1.0,0,0,1,0,1,6,0,0,0.4269642385140749,0.0,636.986558151245,1152.4500568389894,1,11,2,2024-08-01,111.16000099182129,111.16000099182129,222.32000198364258,0.40972966834866925,1
32,122.99000091552728,1119.9000091552734,1119.9000091552734,2239.800018310547,1.0,0,1,1.0,1.0,1.0,1,1,1,1,1,0,6,0,0.4598722436470662,0.1187603805647419,604.8890792846679,986.9002578735352,1,11,2,2024-08-01,111.99000091552735,111.99000091552735,223.9800018310547,0.19209412315172036,0
33,110.3400009155273,1089.8993375142416,1103.4000091552734,2193.299346669515,1.0,0,1,1.0,1.0,1.0,1,1,1,1,1,0,6,0,0.33241338635342565,0.11960657576084813,727.6022079467773,971.4261123657227,1,11,2,2024-08-01,108.98993375142416,110.34000091552736,219.32993466695154,0.20278612995335457,0
34,127.07000160217285,1070.529343922933,1078.700008392334,2149.229352315267,1.0,0,1,1.0,1.0,1.0,1,1,1,1,1,6,0,0,0.19494994594556456,0.1328892607750123,861.8297061920166,935.3523616790771,1,11,2,2024-08-01,107.05293439229331,107.8700008392334,214.9229352315267,0.08644711387144999,0
35,145.17000083923335,951.700008392334,951.700008392334,1903.400016784668,0.5,3,0,0.5,1.0,1.0,0,0,1,0,1,6,0,0,0.18642867608236988,0.06406441772635005,774.2758358001709,890.7299015045166,1,11,2,2024-08-01,95.17000083923341,95.17000083923341,190.34000167846682,0.07649619867684057,0
36,258.9282744085001,944.1000061035156,944.1000061035156,1888.2000122070312,1.0,0,1,1.0,1.0,1.0,1,1,1,1,1,0,6,0,0.06719411782274937,0.2454664037159016,880.6620390569376,712.3551728571249,1,11,2,2024-08-01,94.41000061035157,94.41000061035157,188.82000122070315,0.1666666769703591,0
37,131.58000068664546,1040.800006866455,1040.800006866455,2081.60001373291,1.0,0,1,1.0,1.0,1.0,1,1,1,1,1,0,6,0,0.16998681352845435,0.28132099336929894,863.877730178833,748.0011150360108,1,11,2,2024-08-01,104.08000068664552,104.08000068664552,208.16000137329104,0.16666666660558072,0
38,101.07000083923333,1010.700008392334,1010.700008392334,2021.400016784668,1.0,0,1,1.0,1.0,1.0,1,1,1,1,1,0,6,0,0.1971757430260819,0.23785635295023608,811.4144832611083,770.2985904693604,1,11,2,2024-08-01,101.0700008392334,101.0700008392334,202.1400016784668,0.005555556603975616,0
39,158.12000236511233,922.200008392334,922.200008392334,1844.400016784668,1.0,0,1,1.0,1.0,1.0,1,1,1,1,1,0,6,0,0.1722920666223179,0.23748903879511926,763.3122631072998,703.1876148223877,1,11,2,2024-08-01,92.2200008392334,92.2200008392334,184.4400016784668,0.005555555325748968,0
40,89.14000091552737,891.4000091552734,891.4000091552734,1782.8000183105469,0.6666666666666666,2,0,1.0,0.6666666666666666,1.0,0,0,1,1,0,0,6,0,0.2235653918274344,0.17508349496654255,692.1138168334961,735.3305801391601,1,11,2,2024-08-01,89.14000091552735,89.14000091552735,178.2800018310547,0.30584211251479,0
41,86.45000038146975,855.7133344014485,864.5000038146973,1720.2133382161458,1.0,0,1,1.0,1.0,1.0,1,1,1,1,1,0,6,0,0.11050874900803395,0.17558157839499156,761.149524307251,712.7097286224365,1,11,2,2024-08-01,85.57133344014485,86.45000038146974,172.02133382161458,0.12929448917875627,0
42,118.69209325926556,787.0000038146973,787.0000038146973,1574.0000076293945,1.0,0,1,1.0,1.0,1.0,1,1,1,1,1,6,0,0,0.05999071852965092,0.14473756817120595,739.7873081030156,673.0915371118282,1,11,2,2024-08-01,78.70000038146974,78.70000038146974,157.40000076293947,0.06025146371643664,0
43,108.8240005673623,732.0000038146973,732.0000038146973,1464.0000076293945,0.6666666666666666,2,0,0.6666666666666666,1.0,1.0,0,0,1,0,1,6,0,0,0.22741596017563104,0.22627145516264852,565.5315200986123,566.3692977724814,1,11,2,2024-08-01,73.20000038146974,73.20000038146974,146.40000076293947,0.060251463135025406,0
44,129.82500085830685,577.0000038146973,577.0000038146973,1154.0000076293945,0.0,6,0,0.0,1.0,1.0,0,0,1,0,1,6,0,0,0.13468758462619898,0.19984505998922134,499.2852669715881,461.68940343856815,1,11,2,2024-08-01,57.70000038146973,57.70000038146973,115.40000076293946,0.1991403557455743,0
45,84.53036125763714,511.00000381469727,511.00000381469727,1022.0000076293945,0.6666666666666666,2,0,1.0,0.6,1.0,0,0,1,1,0,1,5,0,0.16935035578007418,0.11277499196111927,424.461971365059,453.37198249236286,1,11,2,2024-08-01,51.10000038146973,51.10000038146973,102.20000076293945,0.06564783078032412,0
46,77.45000114440916,472.50000381469727,472.50000381469727,945.0000076293945,0.0,6,0,0.0,1.0,1.0,0,0,1,0,1,6,0,0,0.04760977812582533,0.15587460104422912,450.0043834686279,398.8492542266846,1,11,2,2024-08-01,47.25000038146973,47.25000038146973,94.50000076293946,0.061111111021406275,0
47,48.410000610351574,484.1000061035156,484.1000061035156,968.2000122070312,0.0,6,0,0.0,1.0,1.0,0,0,1,0,1,6,0,0,0.2351797697142701,0.24233049017432973,370.2494781494141,366.7878143310547,1,11,2,2024-08-01,48.41000061035157,48.41000061035157,96.82000122070313,0.06111111137377705,0
0,0.0,0.0,0.0,0.0,1.0,0,1,1.0,1.0,0.0,1,1,0,1,1,0,0,6,0.0,0.0,228.09999084472656,228.09999084472656,0,12,0,2024-08-01,0.0,0.0,0.0,0.0,0
1,0.0,0.0,0.0,0.0,1.0,0,1,1.0,1.0,0.0,1,1,0,1,1,0,0,6,0.0,0.0,247.29998779296875,247.29998779296875,0,12,0,2024-08-01,0.0,0.0,0.0,0.0,0
2,0.0,0.0,0.0,0.0,1.0,0,1,1.0,1.0,0.0,1,1,0,1,1,0,0,6,0.0,0.0,270.8153991699219,274.79998779296875,0,12,0,2024-08-01,0.0,0.0,0.0,0.0,0
3,0.0,0.0,0.0,0.0,1.0,0,1,1.0,1.0,0.0,1,1,0,1,1,0,0,6,0.0,0.0,269.8681945800781,274.79998779296875,0,12,0,2024-08-01,0.0,0.0,0.0,0.0,0
4,0.0,0.0,0.0,0.0,1.0,0,1,1.0,1.0,0.0,1,1,0,1,1,0,0,6,0.0,0.0,263.2085266113281,259.02178955078125,0,12,0,2024-08-01,0.0,0.0,0.0,0.0,0
5,0.0,0.0,0.0,0.0,1.0,0,1,1.0,1.0,0.0,1,1,0,1,1,0,0,6,0.0,0.0,303.8138427734375,271.6868591308594,0,12,0,2024-08-01,0.0,0.0,0.0,0.0,0
6,0.0,0.0,0.0,0.0,1.0,0,1,1.0,1.0,0.0,1,1,0,1,1,0,0,6,0.0,0.0,303.30450439453125,231.4232177734375,0,12,0,2024-08-01,0.0,0.0,0.0,0.0,0
7,0.0,0.0,0.0,0.0,1.0,0,1,1.0,1.0,0.0,1,1,0,1,1,0,0,6,0.0,0.0,239.2562255859375,189.8031005859375,0,12,0,2024-08-01,0.0,0.0,0.0,0.0,0
8,0.0,0.0,0.0,0.0,1.0,0,1,1.0,1.0,0.0,1,1,0,1,1,0,0,6,0.0,0.0,239.54104614257812,183.86093139648438,0,12,0,2024-08-01,0.0,0.0,0.0,0.0,0
9,0.0,0.0,0.0,0.0,1.0,0,1,1.0,1.0,0.0,1,1,0,1,1,0,0,6,0.0,0.0,239.59999084472656,181.75477600097656,0,12,0,2024-08-01,0.0,0.0,0.0,0.0,0
10,0.0,0.0,0.0,0.0,1.0,0,1,1.0,1.0,0.0,1,1,0,1,1,0,0,6,0.0,0.0,197.47425842285156,135.52276611328125,0,12,0,2024-08-01,0.0,0.0,0.0,0.0,0
11,0.0,0.0,0.0,0.0,1.0,0,1,1.0,1.0,0.0,1,1,0,1,1,0,0,6,0.0,0.0,179.50909423828125,136.53150939941406,0,12,0,2024-08-01,0.0,0.0,0.0,0.0,0
12,0.0,0.0,0.0,0.0,1.0,0,1,1.0,1.0,0.0,1,1,0,1,1,0,0,6,0.0,0.0,236.8000030517578,182.27357482910156,0,12,0,2024-08-01,0.0,0.0,0.0,0.0,0
13,0.0,0.0,0.0,0.0,1.0,0,1,1.0,1.0,0.0,1,1,0,1,1,0,0,6,0.0,0.0,249.7268829345703,209.81100463867188,0,12,0,2024-08-01,0.0,0.0,0.0,0.0,0
14,0.0,0.0,0.0,0.0,1.0,0,1,1.0,1.0,0.0,1,1,0,1,1,0,0,6,0.0,0.0,293.5477600097656,237.14822387695312,0,12,0,2024-08-01,0.0,0.0,0.0,0.0,0
15,0.0,0.0,0.0,0.0,1.0,0,1,1.0,1.0,0.0,1,1,0,1,1,0,0,6,0.0,0.0,371.1484375,296.224609375,0,12,0,2024-08-01,0.0,0.0,0.0,0.0,0
16,0.0,0.0,0.0,0.0,1.0,0,1,1.0,1.0,0.0,1,1,0,1,1,0,0,6,0.0,0.0,382.55780029296875,309.9110412597656,0,12,0,2024-08-01,0.0,0.0,0.0,0.0,0
17,0.0,0.0,0.0,0.0,1.0,0,1,1.0,1.0,0.0,1,1,0,1,1,0,0,6,0.0,0.0,385.94085693359375,327.9945068359375,0,12,0,2024-08-01,0.0,0.0,0.0,0.0,0
18,-61.56857641737918,284.00000381469727,303.2000045776367,587.200008392334,1.0,0,1,1.0,1.0,1.0,1,1,1,1,1,6,0,0,0.0,0.0,443.7754177232458,544.9353366712854,1,12,0,2024-08-01,28.400000381469727,30.320000457763673,58.7200008392334,0.002328044377626161,0
19,-37.406810565043145,408.2000045776367,408.2000045776367,816.4000091552734,1.0,0,1,1.0,1.0,1.0,1,1,1,1,1,6,0,0,0.0,0.0,599.8370248841757,692.8462636900431,1,12,0,2024-08-01,40.820000457763676,40.820000457763676,81.64000091552735,0.002406745237143661,0
20,-53.51000061035154,535.1000061035156,535.1000061035156,1070.2000122070312,1.0,0,1,1.0,1.0,1.0,1,1,1,1,1,4,2,0,0.13183700248606187,0.0,464.5540252685547,749.7446197509765,1,12,0,2024-08-01,53.51000061035157,53.51000061035157,107.02000122070314,0.2615323033018735,0
21,-73.65500061035152,586.0500061035157,601.1000061035156,1187.1500122070313,1.0,0,1,1.0,1.0,1.0,1,1,1,1,1,0,6,0,0.22426327557334746,0.0,454.620512084961,833.795991821289,1,12,0,2024-08-01,58.60500061035157,60.11000061035156,118.71500122070313,0.17182614954290235,0
22,-144.36359073626033,563.4500076293946,578.5000076293945,1141.950015258789,0.8333333333333334,1,0,1.0,0.6666666666666666,1.0,0,0,1,1,0,3,3,0,0.24168491623568253,0.0,427.27263973248967,908.2379193495416,1,12,0,2024-08-01,56.34500076293946,57.85000076293946,114.19500152587892,0.09643895290824953,0
23,-82.8700008392334,608.700008392334,608.700008392334,1217.400016784668,0.6666666666666666,2,0,1.0,0.0,1.0,0,0,1,1,0,4,2,0,0.16697131184128203,0.0,507.0645694732666,913.2700252532959,1,12,0,2024-08-01,60.8700008392334,60.8700008392334,121.7400016784668,0.011134730056485239,0
24,-65.82000083923333,658.200008392334,658.200008392334,1316.400016784668,0.0,6,0,0.0,1.0,1.0,0,0,1,0,1,6,0,0,0.11030104446375016,0.0,585.5998600006104,1042.420037460327,1,12,0,2024-08-01,65.8200008392334,65.8200008392334,131.6400016784668,0.0006016861877412389,0
25,-73.57000083923333,735.700008392334,735.700008392334,1471.400016784668,0.16666666666666666,5,0,0.0,0.3333333333333333,1.0,0,0,1,0,0,3,3,0,0.3451255420900194,0.0,481.7911441802979,1026.3784114837645,1,12,0,2024-08-01,73.5700008392334,73.5700008392334,147.1400016784668,0.011169791585708485,0
26,-172.25937974309394,835.700008392334,835.700008392334,1671.400016784668,0.3333333333333333,4,0,0.4,0.0,1.0,0,0,1,0,0,5,1,0,0.5758434037591335,0.0,354.467671038156,1096.384684918875,1,12,0,2024-08-01,83.5700008392334,83.5700008392334,167.1400016784668,0.0035602047733403037,0
27,-15.97193657919371,816.5000076293945,816.5000076293945,1633.000015258789,0.8333333333333334,1,0,1.0,0.5,1.0,0,0,1,1,0,0,2,4,0.35078906086030165,0.0,530.0807367606501,972.4929937080999,1,12,0,2024-08-01,81.65000076293946,81.65000076293946,163.3000015258789,0.009929749962215472,0
28,-47.97552147615833,1048.3000106811523,1048.3000106811523,2096.6000213623047,1.0,0,1,1.0,1.0,1.0,1,1,1,1,1,0,6,0,0.4623516570281524,0.002025660988101124,563.6167636800917,1046.1765102456895,1,12,0,2024-08-01,104.83000106811524,104.83000106811524,209.66000213623047,0.004393856572482513,0
29,6.1417241408300285,1048.3000106811523,1048.3000106811523,2096.6000213623047,1.0,0,1,1.0,1.0,1.0,1,1,1,1,1,0,6,0,0.4746055604407618,0.09428760583209796,550.7709966017675,949.4583124802638,1,12,0,2024-08-01,104.83000106811524,104.83000106811524,209.66000213623047,0.000601684731620772,0
30,57.4442363523806,1064.4333432515461,1067.600009918213,2132.033353169759,1.0,0,1,1.0,1.0,1.0,1,1,1,1,1,0,6,0,0.4318946964625352,0.17669934442112145,604.7102275633181,878.9557880616819,1,12,0,2024-08-01,106.44333432515462,106.7600009918213,213.20333531697588,0.011448990790166251,0
31,130.36000175476067,1111.600009918213,1111.600009918213,2223.200019836426,0.6666666666666666,2,0,1.0,0.6666666666666666,1.0,0,0,1,1,0,0,6,0,0.3592668561667963,0.26837057105492496,712.2389690399169,813.2792804718018,1,12,0,2024-08-01,111.16000099182129,111.16000099182129,222.32000198364258,0.011432011534222354,0
32,122.99000091552728,1119.9000091552734,1119.9000091552734,2239.800018310547,0.6666666666666666,2,0,1.0,0.6666666666666666,1.0,0,0,1,1,0,0,6,0,0.3136583832793322,0.32525878798399865,768.633982849121,755.6426895141602,1,12,0,2024-08-01,111.99000091552735,111.99000091552735,223.9800018310547,0.032290412118148065,0
33,110.3400009155273,1089.8993375142416,1103.4000091552734,2193.299346669515,1.0,0,1,1.0,1.0,1.0,1,1,1,1,1,0,6,0,0.270083792178817,0.2633536052304595,795.5351913452148,812.8156387329102,1,12,0,2024-08-01,108.98993375142416,110.34000091552736,219.32993466695154,0.01987691587905132,0
34,127.07000160217285,1070.529343922933,1078.700008392334,2149.229352315267,0.6666666666666666,2,0,0.6666666666666666,1.0,1.0,0,0,1,0,1,6,0,0,0.17620625251760605,0.21045641683653243,881.8953800201416,851.6806697845459,1,12,0,2024-08-01,107.05293439229331,107.8700008392334,214.9229352315267,0.010789152867259557,0
35,145.17000083923335,951.700008392334,951.700008392334,1903.400016784668,0.0,6,0,0.0,1.0,1.0,0,0,1,0,1,6,0,0,0.04093348619432136,0.1787888335887614,912.7436092376709,781.5466739654541,1,12,0,2024-08-01,95.17000083923341,95.17000083923341,190.34000167846682,0.010830326471825868,0
36,258.9282744085001,944.1000061035156,944.1000061035156,1888.2000122070312,1.0,0,1,1.0,1.0,1.0,1,1,1,1,1,0,6,0,0.0,0.3561628810448258,977.4257109319376,607.8466279352499,1,12,0,2024-08-01,94.41000061035157,94.41000061035157,188.82000122070315,0.00601684230542262,0
37,131.58000068664546,1040.800006866455,1040.800006866455,2081.60001373291,1.0,0,1,1.0,1.0,1.0,1,1,1,1,1,0,6,0,0.1539152389593534,0.3129131958422571,880.605025100708,715.1199504852295,1,12,0,2024-08-01,104.08000068664552,104.08000068664552,208.16000137329104,0.0060168497903989385,0
38,101.07000083923333,1010.700008392334,1010.700008392334,2021.400016784668,1.0,0,1,1.0,1.0,1.0,1,1,1,1,1,0,6,0,0.17556717220041906,0.29448800367548544,833.2542659759521,713.0609806060792,1,12,0,2024-08-01,101.0700008392334,101.0700008392334,202.1400016784668,0.1587444800009387,0
39,158.12000236511233,922.200008392334,922.200008392334,1844.400016784668,1.0,0,1,1.0,1.0,1.0,1,1,1,1,1,0,6,0,0.0,0.29358578722736534,954.0020214080811,651.4551929473877,1,12,0,2024-08-01,92.2200008392334,92.2200008392334,184.4400016784668,0.18110709458855334,0
40,89.14000091552737,891.4000091552734,891.4000091552734,1782.8000183105469,1.0,0,1,1.0,1.0,1.0,1,1,1,1,1,0,6,0,0.03686231541491501,0.1896923560092163,858.5409408569336,722.3082412719726,1,12,0,2024-08-01,89.14000091552735,89.14000091552735,178.2800018310547,0.018652225274569605,0
41,86.45000038146975,855.7133344014485,864.5000038146973,1720.2133382161458,1.0,0,1,1.0,1.0,1.0,1,1,1,1,1,0,6,0,0.0,0.14170328963561232,865.5415531158447,741.9975093841553,1,12,0,2024-08-01,85.57133344014485,86.45000038146974,172.02133382161458,0.018747499687351878,0
42,118.69209325926556,787.0000038146973,787.0000038146973,1574.0000076293945,1.0,0,1,1.0,1.0,1.0,1,1,1,1,1,6,0,0,0.0,0.08100872216399502,834.5755161108281,723.2461391626094,1,12,0,2024-08-01,78.70000038146974,78.70000038146974,157.40000076293947,0.17208182675700515,0
43,108.8240005673623,732.0000038146973,732.0000038146973,1464.0000076293945,1.0,0,1,1.0,1.0,1.0,1,1,1,1,1,6,0,0,0.007775114859358267,0.032579889829827055,726.3086197079873,708.1515243349814,1,12,0,2024-08-01,73.20000038146974,73.20000038146974,146.40000076293947,0.17208183387737316,0
44,129.82500085830685,577.0000038146973,577.0000038146973,1154.0000076293945,1.0,0,1,1.0,1.0,1.0,1,1,1,1,1,0,6,0,0.0,0.0,655.1558114051818,598.5764883995057,1,12,0,2024-08-01,57.70000038146973,57.70000038146973,115.40000076293946,0.005415160987925693,0
45,84.53036125763714,511.00000381469727,511.00000381469727,1022.0000076293945,1.0,0,1,1.0,1.0,1.0,1,1,1,1,1,0,6,0,0.0,0.0,609.614528738106,610.2859229220503,1,12,0,2024-08-01,51.10000038146973,51.10000038146973,102.20000076293945,0.005415164207143621,0
46,77.45000114440916,472.50000381469727,472.50000381469727,945.0000076293945,0.8333333333333334,1,0,0.8333333333333334,1.0,1.0,0,0,1,0,1,6,0,0,0.0,0.0,598.3519176483154,594.8232532501221,1,12,0,2024-08-01,47.25000038146973,47.25000038146973,94.50000076293946,0.009626951997731083,0
47,48.410000610351574,484.1000061035156,484.1000061035156,968.2000122070312,1.0,0,1,1.0,1.0,1.0,1,1,1,1,1,6,0,0,0.0,0.0,539.010220336914,602.4169036865235,1,12,0,2024-08-01,48.41000061035157,48.41000061035157,96.82000122070313,0.009626953816837432,0
0,0.0,0.0,0.0,0.0,1.0,0,1,1.0,1.0,0.0,1,1,0,1,1,0,0,6,0.0,0.0,151.10000610351562,181.89999389648438,0,12,1,2024-08-01,0.0,0.0,0.0,0.0,0
1,0.0,0.0,0.0,0.0,1.0,0,1,1.0,1.0,0.0,1,1,0,1,1,0,0,6,0.0,0.0,233.297119140625,240.76312255859375,0,12,1,2024-08-01,0.0,0.0,0.0,0.0,0
2,0.0,0.0,0.0,0.0,1.0,0,1,1.0,1.0,0.0,1,1,0,1,1,0,0,6,0.0,0.0,273.1000061035156,266.848388671875,0,12,1,2024-08-01,0.0,0.0,0.0,0.0,0
3,0.0,0.0,0.0,0.0,1.0,0,1,1.0,1.0,0.0,1,1,0,1,1,0,0,6,0.0,0.0,273.1000061035156,264.1728515625,0,12,1,2024-08-01,0.0,0.0,0.0,0.0,0
4,0.0,0.0,0.0,0.0,1.0,0,1,1.0,1.0,0.0,1,1,0,1,1,0,0,6,0.0,0.0,262.1000061035156,229.22280883789062,0,12,1,2024-08-01,0.0,0.0,0.0,0.0,0
5,0.0,0.0,0.0,0.0,1.0,0,1,1.0,1.0,0.0,1,1,0,1,1,0,0,6,0.0,0.0,262.1000061035156,212.9468994140625,0,12,1,2024-08-01,0.0,0.0,0.0,0.0,0
6,0.0,0.0,0.0,0.0,1.0,0,1,1.0,1.0,0.0,1,1,0,1,1,0,0,6,0.0,0.0,253.8000030517578,191.57400512695312,0,12,1,2024-08-01,0.0,0.0,0.0,0.0,0
7,0.0,0.0,0.0,0.0,1.0,0,1,1.0,1.0,0.0,1,1,0,1,1,0,0,6,0.0,0.0,303.79998779296875,170.90403747558594,0,12,1,2024-08-01,0.0,0.0,0.0,0.0,0
8,0.0,0.0,0.0,0.0,1.0,0,1,1.0,1.0,0.0,1,1,0,1,1,0,0,6,0.0,0.0,314.79998779296875,163.46240234375,0,12,1,2024-08-01,0.0,0.0,0.0,0.0,0
9,0.0,0.0,0.0,0.0,1.0,0,1,1.0,1.0,0.0,1,1,0,1,1,0,0,6,0.0,0.0,314.79998779296875,149.77828979492188,0,12,1,2024-08-01,0.0,0.0,0.0,0.0,0
10,0.0,0.0,0.0,0.0,1.0,0,1,1.0,1.0,0.0,1,1,0,1,1,0,0,6,0.0,0.0,253.8000030517578,134.60000610351562,0,12,1,2024-08-01,0.0,0.0,0.0,0.0,0
11,0.0,0.0,0.0,0.0,1.0,0,1,1.0,1.0,0.0,1,1,0,1,1,0,0,6,0.0,0.0,253.8000030517578,134.60000610351562,0,12,1,2024-08-01,0.0,0.0,0.0,0.0,0
12,0.0,0.0,0.0,0.0,1.0,0,1,1.0,1.0,0.0,1,1,0,1,1,0,0,6,0.0,0.0,304.1231994628906,192.3000030517578,0,12,1,2024-08-01,0.0,0.0,0.0,0.0,0
13,0.0,0.0,0.0,0.0,1.0,0,1,1.0,1.0,0.0,1,1,0,1,1,0,0,6,0.0,0.0,361.0,241.79998779296875,0,12,1,2024-08-01,0.0,0.0,0.0,0.0,0
14,0.0,0.0,0.0,0.0,1.0,0,1,1.0,1.0,0.0,1,1,0,1,1,0,0,6,0.0,0.0,380.7248229980469,269.29998779296875,0,12,1,2024-08-01,0.0,0.0,0.0,0.0,0
15,0.0,0.0,0.0,0.0,1.0,0,1,1.0,1.0,0.0,1,1,0,1,1,0,0,6,0.0,0.0,476.9541320800781,365.5,0,12,1,2024-08-01,0.0,0.0,0.0,0.0,0
16,0.0,0.0,0.0,0.0,1.0,0,1,1.0,1.0,0.0,1,1,0,1,1,0,0,6,0.0,0.0,523.996337890625,406.5999755859375,0,12,1,2024-08-01,0.0,0.0,0.0,0.0,0
17,0.0,0.0,0.0,0.0,1.0,0,1,1.0,1.0,0.0,1,1,0,1,1,0,0,6,0.0,0.0,646.8388671875,580.9000244140625,0,12,1,2024-08-01,0.0,0.0,0.0,0.0,0
18,-61.56857641737918,284.00000381469727,303.2000045776367,587.200008392334,0.6666666666666666,2,0,0.6666666666666666,1.0,1.0,0,0,1,0,1,6,0,0,0.0,0.0,640.2104763169958,732.7233615736292,1,12,1,2024-08-01,28.400000381469727,30.320000457763673,58.7200008392334,0.002328044377626161,0
19,-37.406810565043145,408.2000045776367,408.2000045776367,816.4000091552734,1.0,0,1,1.0,1.0,1.0,1,1,1,1,1,6,0,0,0.0,0.0,655.4964487123007,752.9068105650431,1,12,1,2024-08-01,40.820000457763676,40.820000457763676,81.64000091552735,0.002406745237143661,0
20,-53.51000061035154,535.1000061035156,535.1000061035156,1070.2000122070312,1.0,0,1,1.0,1.0,1.0,1,1,1,1,1,4,2,0,0.0,0.0,640.3020111083985,813.668081665039,1,12,1,2024-08-01,53.51000061035157,53.51000061035157,107.02000122070314,0.2615323033018735,0
21,-73.65500061035152,586.0500061035157,601.1000061035156,1187.1500122070313,1.0,0,1,1.0,1.0,1.0,1,1,1,1,1,0,6,0,0.0,0.0,586.0652142333985,924.9640826416015,1,12,1,2024-08-01,58.60500061035157,60.11000061035156,118.71500122070313,0.17182614954290235,0
22,-144.36359073626033,563.4500076293946,578.5000076293945,1141.950015258789,0.8333333333333334,1,0,0.6666666666666666,1.0,1.0,0,0,1,0,1,3,3,0,0.0979655132114981,0.0,508.2513384629584,1015.7130780409478,1,12,1,2024-08-01,56.34500076293946,57.85000076293946,114.19500152587892,0.09643895290824953,0
23,-82.8700008392334,608.700008392334,608.700008392334,1217.400016784668,0.0,6,0,0.0,0.0,1.0,0,0,1,0,0,4,2,0,0.0922518279227501,0.0,552.5463199615479,982.2993221282959,1,12,1,2024-08-01,60.8700008392334,60.8700008392334,121.7400016784668,0.011134730056485239,0
24,-65.82000083923333,658.200008392334,658.200008392334,1316.400016784668,0.6666666666666666,2,0,0.6666666666666666,1.0,1.0,0,0,1,0,1,6,0,0,0.06660146810900076,0.0,614.3629215240479,1048.8347103118895,1,12,1,2024-08-01,65.8200008392334,65.8200008392334,131.6400016784668,0.0006016861877412389,0
25,-73.57000083923333,735.700008392334,735.700008392334,1471.400016784668,0.5,3,0,0.0,1.0,1.0,0,0,1,0,1,3,3,0,0.12854871801569906,0.0,641.1267154693604,1172.8212215423582,1,12,1,2024-08-01,73.5700008392334,73.5700008392334,147.1400016784668,0.011169791585708485,0
26,-172.25937974309394,835.700008392334,835.700008392334,1671.400016784668,0.8333333333333334,1,0,1.0,0.0,1.0,0,0,1,1,0,5,1,0,0.42387638322942983,0.0,481.4665113701873,1268.9357713446564,1,12,1,2024-08-01,83.5700008392334,83.5700008392334,167.1400016784668,0.0035602047733403037,0
27,-15.97193657919371,816.5000076293945,816.5000076293945,1633.000015258789,1.0,0,1,1.0,1.0,1.0,1,1,1,1,1,0,2,4,0.224813919828866,0.0,632.9394403739313,1162.9286016182562,1,12,1,2024-08-01,81.65000076293946,81.65000076293946,163.3000015258789,0.009929749962215472,0
28,-47.97552147615833,1048.3000106811523,1048.3000106811523,2096.6000213623047,0.5,3,0,1.0,0.5,1.0,0,0,1,1,0,0,6,0,0.39804850345074183,0.0,631.025760262123,1216.2290615152208,1,12,1,2024-08-01,104.83000106811524,104.83000106811524,209.66000213623047,0.004393856572482513,0
29,6.1417241408300285,1048.3000106811523,1048.3000106811523,2096.6000213623047,0.0,6,0,1.0,0.0,1.0,0,0,1,1,0,0,6,0,0.3107391804165266,0.0,722.552124531455,1178.21765085917,1,12,1,2024-08-01,104.83000106811524,104.83000106811524,209.66000213623047,0.000601684731620772,0
30,57.4442363523806,1064.4333432515461,1067.600009918213,2132.033353169759,0.0,6,0,1.0,0.0,1.0,0,0,1,1,0,0,6,0,0.34286265198681376,0.02519026130936315,699.4789043211306,1040.7068866944944,1,12,1,2024-08-01,106.44333432515462,106.7600009918213,213.20333531697588,0.011448990790166251,0
31,130.36000175476067,1111.600009918213,1111.600009918213,2223.200019836426,1.0,0,1,1.0,1.0,1.0,1,1,1,1,1,0,6,0,0.34638501208614897,0.15092028489721038,726.5584270477294,943.8370197296143,1,12,1,2024-08-01,111.16000099182129,111.16000099182129,222.32000198364258,0.011432011534222354,0
32,122.99000091552728,1119.9000091552734,1119.9000091552734,2239.800018310547,1.0,0,1,1.0,1.0,1.0,1,1,1,1,1,0,6,0,0.3478797089131561,0.17040182308669338,730.309519958496,929.0670059204102,1,12,1,2024-08-01,111.99000091552735,111.99000091552735,223.9800018310547,0.032290412118148065,0
33,110.3400009155273,1089.8993375142416,1103.4000091552734,2193.299346669515,1.0,0,1,1.0,1.0,1.0,1,1,1,1,1,0,6,0,0.3691345756640126,0.23984483689614436,687.5798080444335,838.7552139282227,1,12,1,2024-08-01,108.98993375142416,110.34000091552736,219.32993466695154,0.01987691587905132,0
34,127.07000160217285,1070.529343922933,1078.700008392334,2149.229352315267,1.0,0,1,1.0,1.0,1.0,1,1,1,1,1,6,0,0,0.3209933536016746,0.19001572223204452,726.8965396881104,873.7300472259521,1,12,1,2024-08-01,107.05293439229331,107.8700008392334,214.9229352315267,0.010789152867259557,0
35,145.17000083923335,951.700008392334,951.700008392334,1903.400016784668,0.8333333333333334,1,0,0.8333333333333334,1.0,1.0,0,0,1,0,1,6,0,0,0.27850114160536515,0.19740465228000584,686.6504695892334,763.8299991607666,1,12,1,2024-08-01,95.17000083923341,95.17000083923341,190.34000167846682,0.010830326471825868,0
36,258.9282744085001,944.1000061035156,944.1000061035156,1888.2000122070312,1.0,0,1,1.0,1.0,1.0,1,1,1,1,1,0,6,0,0.10837400283086072,0.2794494286243028,841.7841093694376,680.2717988336874,1,12,1,2024-08-01,94.41000061035157,94.41000061035157,188.82000122070315,0.00601684230542262,0
37,131.58000068664546,1040.800006866455,1040.800006866455,2081.60001373291,0.8333333333333334,1,0,1.0,0.8333333333333334,1.0,0,0,1,1,0,0,6,0,0.2284611669300334,0.255745515521568,803.017622756958,774.620072555542,1,12,1,2024-08-01,104.08000068664552,104.08000068664552,208.16000137329104,0.0060168497903989385,0
38,101.07000083923333,1010.700008392334,1010.700008392334,2021.400016784668,1.0,0,1,1.0,1.0,1.0,1,1,1,1,1,0,6,0,0.23183485846176793,0.26147219353126455,776.3845149993896,746.4300601959229,1,12,1,2024-08-01,101.0700008392334,101.0700008392334,202.1400016784668,0.1587444800009387,0
39,158.12000236511233,922.200008392334,922.200008392334,1844.400016784668,1.0,0,1,1.0,1.0,1.0,1,1,1,1,1,0,6,0,0.03046475078496535,0.2554976527554079,894.1054149627686,686.5800708770752,1,12,1,2024-08-01,92.2200008392334,92.2200008392334,184.4400016784668,0.18110709458855334,0
40,89.14000091552737,891.4000091552734,891.4000091552734,1782.8000183105469,1.0,0,1,1.0,1.0,1.0,1,1,1,1,1,0,6,0,0.0,0.09716418301090828,906.6967025756836,804.7878555297851,1,12,1,2024-08-01,89.14000091552735,89.14000091552735,178.2800018310547,0.018652225274569605,0
41,86.45000038146975,855.7133344014485,864.5000038146973,1720.2133382161458,0.3333333333333333,4,0,1.0,0.3333333333333333,1.0,0,0,1,1,0,0,6,0,0.0,0.11529487086839443,875.3705936431885,764.8275875091553,1,12,1,2024-08-01,85.57133344014485,86.45000038146974,172.02133382161458,0.018747499687351878,0
42,118.69209325926556,787.0000038146973,787.0000038146973,1574.0000076293945,0.0,6,0,0.0,1.0,1.0,0,0,1,0,1,6,0,0,0.017958901036633015,0.19909406657752285,772.8663486303593,630.3129726587032,1,12,1,2024-08-01,78.70000038146974,78.70000038146974,157.40000076293947,0.17208182675700515,0
43,108.8240005673623,732.0000038146973,732.0000038146973,1464.0000076293945,0.0,6,0,0.0,1.0,1.0,0,0,1,0,1,6,0,0,0.08336173569261124,0.21531564467286793,670.979212969706,574.388951092794,1,12,1,2024-08-01,73.20000038146974,73.20000038146974,146.40000076293947,0.17208183387737316,0
44,129.82500085830685,577.0000038146973,577.0000038146973,1154.0000076293945,1.0,0,1,1.0,1.0,1.0,1,1,1,1,1,0,6,0,0.0,0.11737429394135697,602.1697274208068,509.2750357627869,1,12,1,2024-08-01,57.70000038146973,57.70000038146973,115.40000076293946,0.005415160987925693,0
45,84.53036125763714,511.00000381469727,511.00000381469727,1022.0000076293945,1.0,0,1,1.0,1.0,1.0,1,1,1,1,1,0,6,0,0.010160039079206512,0.01277945985993813,505.80822380646526,504.4696997775191,1,12,1,2024-08-01,51.10000038146973,51.10000038146973,102.20000076293945,0.005415164207143621,0
46,77.45000114440916,472.50000381469727,472.50000381469727,945.0000076293945,0.8333333333333334,1,0,0.8333333333333334,1.0,1.0,0,0,1,0,1,6,0,0,0.053831165827746844,0.0,447.0647777557373,492.35004768371584,1,12,1,2024-08-01,47.25000038146973,47.25000038146973,94.50000076293946,0.009626951997731083,0
47,48.410000610351574,484.1000061035156,484.1000061035156,968.2000122070312,0.0,6,0,0.0,1.0,1.0,0,0,1,0,1,6,0,0,0.1923076476948953,0.0,391.0038726806641,486.2674285888672,1,12,1,2024-08-01,48.41000061035157,48.41000061035157,96.82000122070313,0.009626953816837432,0
0,0.0,0.0,0.0,0.0,1.0,0,1,1.0,1.0,0.0,1,1,0,1,1,0,0,6,0.0,0.0,218.79998779296875,219.58255004882812,0,12,2,2024-08-01,0.0,0.0,0.0,0.0,0
1,0.0,0.0,0.0,0.0,1.0,0,1,1.0,1.0,0.0,1,1,0,1,1,0,0,6,0.0,0.0,270.29998779296875,205.46322631835938,0,12,2,2024-08-01,0.0,0.0,0.0,0.0,0
2,0.0,0.0,0.0,0.0,1.0,0,1,1.0,1.0,0.0,1,1,0,1,1,0,0,6,0.0,0.0,218.7947998046875,170.3000030517578,0,12,2,2024-08-01,0.0,0.0,0.0,0.0,0
3,0.0,0.0,0.0,0.0,1.0,0,1,1.0,1.0,0.0,1,1,0,1,1,0,0,6,0.0,0.0,210.37893676757812,157.06631469726562,0,12,2,2024-08-01,0.0,0.0,0.0,0.0,0
4,0.0,0.0,0.0,0.0,1.0,0,1,1.0,1.0,0.0,1,1,0,1,1,0,0,6,0.0,0.0,189.95352172851562,151.10000610351562,0,12,2,2024-08-01,0.0,0.0,0.0,0.0,0
5,0.0,0.0,0.0,0.0,1.0,0,1,1.0,1.0,0.0,1,1,0,1,1,0,0,6,0.0,0.0,191.72767639160156,151.10000610351562,0,12,2,2024-08-01,0.0,0.0,0.0,0.0,0
6,0.0,0.0,0.0,0.0,1.0,0,1,1.0,1.0,0.0,1,1,0,1,1,0,0,6,0.0,0.0,197.66531372070312,151.10000610351562,0,12,2,2024-08-01,0.0,0.0,0.0,0.0,0
7,0.0,0.0,0.0,0.0,1.0,0,1,1.0,1.0,0.0,1,1,0,1,1,0,0,6,0.0,0.0,201.10000610351562,137.40921020507812,0,12,2,2024-08-01,0.0,0.0,0.0,0.0,0
8,0.0,0.0,0.0,0.0,1.0,0,1,1.0,1.0,0.0,1,1,0,1,1,0,0,6,0.0,0.0,151.10000610351562,123.5999984741211,0,12,2,2024-08-01,0.0,0.0,0.0,0.0,0
9,0.0,0.0,0.0,0.0,1.0,0,1,1.0,1.0,0.0,1,1,0,1,1,0,0,6,0.0,0.0,151.10000610351562,123.5999984741211,0,12,2,2024-08-01,0.0,0.0,0.0,0.0,0
10,0.0,0.0,0.0,0.0,1.0,0,1,1.0,1.0,0.0,1,1,0,1,1,0,0,6,0.0,0.0,123.5999984741211,123.5999984741211,0,12,2,2024-08-01,0.0,0.0,0.0,0.0,0
11,0.0,0.0,0.0,0.0,1.0,0,1,1.0,1.0,0.0,1,1,0,1,1,0,0,6,0.0,0.0,123.5999984741211,123.5999984741211,0,12,2,2024-08-01,0.0,0.0,0.0,0.0,0
12,0.0,0.0,0.0,0.0,1.0,0,1,1.0,1.0,0.0,1,1,0,1,1,0,0,6,0.0,0.0,123.5999984741211,119.57553100585938,0,12,2,2024-08-01,0.0,0.0,0.0,0.0,0
13,0.0,0.0,0.0,0.0,1.0,0,1,1.0,1.0,0.0,1,1,0,1,1,0,0,6,0.0,0.0,123.5999984741211,117.20487976074219,0,12,2,2024-08-01,0.0,0.0,0.0,0.0,0
14,0.0,0.0,0.0,0.0,1.0,0,1,1.0,1.0,0.0,1,1,0,1,1,0,0,6,0.0,0.0,151.10000610351562,126.703369140625,0,12,2,2024-08-01,0.0,0.0,0.0,0.0,0
15,0.0,0.0,0.0,0.0,1.0,0,1,1.0,1.0,0.0,1,1,0,1,1,0,0,6,0.0,0.0,220.3000030517578,177.9066925048828,0,12,2,2024-08-01,0.0,0.0,0.0,0.0,0
16,0.0,0.0,0.0,0.0,1.0,0,1,1.0,1.0,0.0,1,1,0,1,1,0,0,6,0.0,0.0,268.5704040527344,230.3866729736328,0,12,2,2024-08-01,0.0,0.0,0.0,0.0,0
17,0.0,0.0,0.0,0.0,1.0,0,1,1.0,1.0,0.0,1,1,0,1,1,0,0,6,0.0,0.0,260.89935302734375,266.5999755859375,0,12,2,2024-08-01,0.0,0.0,0.0,0.0,0
18,-61.56857641737918,284.00000381469727,303.2000045776367,587.200008392334,1.0,0,1,1.0,1.0,1.0,1,1,1,1,1,6,0,0,0.0,0.0,321.3193630357458,466.7622104505823,1,12,2,2024-08-01,28.400000381469727,30.320000457763673,58.7200008392334,0.002328044377626161,0
19,-37.406810565043145,408.2000045776367,408.2000045776367,816.4000091552734,1.0,0,1,1.0,1.0,1.0,1,1,1,1,1,6,0,0,0.0,0.0,501.48369236464436,637.8349721861368,1,12,2,2024-08-01,40.820000457763676,40.820000457763676,81.64000091552735,0.002406745237143661,0
20,-53.51000061035154,535.1000061035156,535.1000061035156,1070.2000122070312,1.0,0,1,1.0,1.0,1.0,1,1,1,1,1,4,2,0,0.0,0.0,538.9962860107422,692.2236236572265,1,12,2,2024-08-01,53.51000061035157,53.51000061035157,107.02000122070314,0.2615323033018735,0
21,-73.65500061035152,586.0500061035157,601.1000061035156,1187.1500122070313,1.0,0,1,1.0,1.0,1.0,1,1,1,1,1,0,6,0,0.07371405759142102,0.0,542.8498822021485,769.2550372314453,1,12,2,2024-08-01,58.60500061035157,60.11000061035156,118.71500122070313,0.17182614954290235,0
22,-144.36359073626033,563.4500076293946,578.5000076293945,1141.950015258789,1.0,0,1,1.0,1.0,1.0,1,1,1,1,1,3,3,0,0.10754243767861385,0.0,502.8552202988959,878.3636517714166,1,12,2,2024-08-01,56.34500076293946,57.85000076293946,114.19500152587892,0.09643895290824953,0
23,-82.8700008392334,608.700008392334,608.700008392334,1217.400016784668,1.0,0,1,1.0,1.0,1.0,1,1,1,1,1,4,2,0,0.005911799901301681,0.0,605.1014957427979,1019.2636165618896,1,12,2,2024-08-01,60.8700008392334,60.8700008392334,121.7400016784668,0.011134730056485239,0
24,-65.82000083923333,658.200008392334,658.200008392334,1316.400016784668,1.0,0,1,1.0,1.0,1.0,1,1,1,1,1,6,0,0,0.1050746658591547,0.0,589.0398624420167,1043.3200618743895,1,12,2,2024-08-01,65.8200008392334,65.8200008392334,131.6400016784668,0.0006016861877412389,0
25,-73.57000083923333,735.700008392334,735.700008392334,1471.400016784668,1.0,0,1,1.0,1.0,1.0,1,1,1,1,1,3,3,0,0.2221135291329909,0.0,572.2910831451417,1051.0700618743895,1,12,2,2024-08-01,73.5700008392334,73.5700008392334,147.1400016784668,0.011169791585708485,0
26,-172.25937974309394,835.700008392334,835.700008392334,1671.400016784668,1.0,0,1,1.0,1.0,1.0,1,1,1,1,1,5,1,0,0.537395199585254,0.0,386.5988355889373,1199.7593797430939,1,12,2,2024-08-01,83.5700008392334,83.5700008392334,167.1400016784668,0.0035602047733403037,0
27,-15.97193657919371,816.5000076293945,816.5000076293945,1633.000015258789,1.0,0,1,1.0,1.0,1.0,1,1,1,1,1,0,2,4,0.3889049736289544,0.0,498.9590936942438,1074.2719854073187,1,12,2,2024-08-01,81.65000076293946,81.65000076293946,163.3000015258789,0.009929749962215472,0
28,-47.97552147615833,1048.3000106811523,1048.3000106811523,2096.6000213623047,0.6666666666666666,2,0,1.0,0.6666666666666666,1.0,0,0,1,1,0,0,6,0,0.4982342500578028,0.0,526.0010410238417,1206.2755703042833,1,12,2,2024-08-01,104.83000106811524,104.83000106811524,209.66000213623047,0.004393856572482513,0
29,6.1417241408300285,1048.3000106811523,1048.3000106811523,2096.6000213623047,0.0,6,0,1.0,0.0,1.0,0,0,1,1,0,0,6,0,0.3977014972412831,0.0,631.389526875205,1191.158324687295,1,12,2,2024-08-01,104.83000106811524,104.83000106811524,209.66000213623047,0.000601684731620772,0
30,57.4442363523806,1064.4333432515461,1067.600009918213,2132.033353169759,0.0,6,0,1.0,0.0,1.0,0,0,1,1,0,0,6,0,0.31094279273455555,0.0,733.4554668211306,1136.5005878663694,1,12,2,2024-08-01,106.44333432515462,106.7600009918213,213.20333531697588,0.011448990790166251,0
31,130.36000175476067,1111.600009918213,1111.600009918213,2223.200019836426,0.5,3,0,1.0,0.5,1.0,0,0,1,1,0,0,6,0,0.34705894650601965,0.13760346375332233,725.8092815399169,958.6399982452393,1,12,2,2024-08-01,111.16000099182129,111.16000099182129,222.32000198364258,0.011432011534222354,0
32,122.99000091552728,1119.9000091552734,1119.9000091552734,2239.800018310547,0.3333333333333333,4,0,1.0,0.3333333333333333,1.0,0,0,1,1,0,0,6,0,0.35324806669209396,0.18206090579871714,724.2974960327148,916.0099990844727,1,12,2,2024-08-01,111.99000091552735,111.99000091552735,223.9800018310547,0.032290412118148065,0
33,110.3400009155273,1089.8993375142416,1103.4000091552734,2193.299346669515,0.8333333333333334,1,0,1.0,0.8333333333333334,1.0,0,0,1,1,0,0,6,0,0.3602778925427788,0.178756578243824,697.2327011108398,906.1599990844727,1,12,2,2024-08-01,108.98993375142416,110.34000091552736,219.32993466695154,0.01987691587905132,0
34,127.07000160217285,1070.529343922933,1078.700008392334,2149.229352315267,0.0,6,0,0.0,1.0,1.0,0,0,1,0,1,6,0,0,0.2752865439427011,0.14479821720989325,775.8270206451416,922.5061702728271,1,12,2,2024-08-01,107.05293439229331,107.8700008392334,214.9229352315267,0.010789152867259557,0
35,145.17000083923335,951.700008392334,951.700008392334,1903.400016784668,0.0,6,0,0.0,1.0,1.0,0,0,1,0,1,6,0,0,0.19483808534233277,0.06080698615241652,766.2726009368896,893.8299991607666,1,12,2,2024-08-01,95.17000083923341,95.17000083923341,190.34000167846682,0.010830326471825868,0
36,258.9282744085001,944.1000061035156,944.1000061035156,1888.2000122070312,1.0,0,1,1.0,1.0,1.0,1,1,1,1,1,0,6,0,0.0,0.10808370898952718,967.3060209905314,842.0581757868124,1,12,2,2024-08-01,94.41000061035157,94.41000061035157,188.82000122070315,0.00601684230542262,0
37,131.58000068664546,1040.800006866455,1040.800006866455,2081.60001373291,1.0,0,1,1.0,1.0,1.0,1,1,1,1,1,0,6,0,0.10863950343959944,0.046897849390027925,927.7280109405517,991.988724899292,1,12,2,2024-08-01,104.08000068664552,104.08000068664552,208.16000137329104,0.0060168497903989385,0
38,101.07000083923333,1010.700008392334,1010.700008392334,2021.400016784668,1.0,0,1,1.0,1.0,1.0,1,1,1,1,1,0,6,0,0.21482140693046667,0.10893545365078125,793.5800106048583,900.5989444732667,1,12,2,2024-08-01,101.0700008392334,101.0700008392334,202.1400016784668,0.1587444800009387,0
39,158.12000236511233,922.200008392334,922.200008392334,1844.400016784668,1.0,0,1,1.0,1.0,1.0,1,1,1,1,1,0,6,0,0.10700258452562647,0.24385411469346793,823.5222240447998,697.3177417755127,1,12,2,2024-08-01,92.2200008392334,92.2200008392334,184.4400016784668,0.18110709458855334,0
40,89.14000091552737,891.4000091552734,891.4000091552734,1782.8000183105469,1.0,0,1,1.0,1.0,1.0,1,1,1,1,1,0,6,0,0.2817674864240172,0.24526344785190782,640.2324691772461,672.7721694946289,1,12,2,2024-08-01,89.14000091552735,89.14000091552735,178.2800018310547,0.018652225274569605,0
41,86.45000038146975,855.7133344014485,864.5000038146973,1720.2133382161458,1.0,0,1,1.0,1.0,1.0,1,1,1,1,1,0,6,0,0.29308005232861045,0.25760477944102256,604.9208255767822,641.800671005249,1,12,2,2024-08-01,85.57133344014485,86.45000038146974,172.02133382161458,0.018747499687351878,0
42,118.69209325926556,787.0000038146973,787.0000038146973,1574.0000076293945,0.0,6,0,0.0,1.0,1.0,0,0,1,0,1,6,0,0,0.33441602505863033,0.22169855679415496,523.8145908178593,612.5232387719844,1,12,2,2024-08-01,78.70000038146974,78.70000038146974,157.40000076293947,0.17208182675700515,0
43,108.8240005673623,732.0000038146973,732.0000038146973,1464.0000076293945,0.0,6,0,0.0,1.0,1.0,0,0,1,0,1,6,0,0,0.44306809134666403,0.2259237548891019,407.67415925876855,566.623814374044,1,12,2,2024-08-01,73.20000038146974,73.20000038146974,146.40000076293947,0.17208183387737316,0
44,129.82500085830685,577.0000038146973,577.0000038146973,1154.0000076293945,1.0,0,1,1.0,1.0,1.0,1,1,1,1,1,0,6,0,0.37644656757211564,0.19328425674647218,359.79033288955685,465.4749869346619,1,12,2,2024-08-01,57.70000038146973,57.70000038146973,115.40000076293946,0.005415160987925693,0
45,84.53036125763714,511.00000381469727,511.00000381469727,1022.0000076293945,0.5,3,0,1.0,0.5,1.0,0,0,1,1,0,0,6,0,0.3789803461981669,0.05955066391238581,317.3410454617387,480.56961432830036,1,12,2,2024-08-01,51.10000038146973,51.10000038146973,102.20000076293945,0.005415164207143621,0
46,77.45000114440916,472.50000381469727,472.50000381469727,945.0000076293945,0.3333333333333333,4,0,0.3333333333333333,1.0,1.0,0,0,1,0,1,6,0,0,0.18326225253907666,0.0,385.90858879089353,479.45002326965334,1,12,2,2024-08-01,47.25000038146973,47.25000038146973,94.50000076293946,0.009626951997731083,0
47,48.410000610351574,484.1000061035156,484.1000061035156,968.2000122070312,0.0,6,0,0.0,1.0,1.0,0,0,1,0,1,6,0,0,0.1690356149146923,0.0,402.2698638916016,508.4900238037109,1,12,2,2024-08-01,48.41000061035157,48.41000061035157,96.82000122070313,0.009626953816837432,0
0,0.0,0.0,0.0,0.0,1.0,0,1,1.0,1.0,0.0,1,1,0,1,1,0,0,6,0.0,0.0,238.5,288.0,0,13,0,2024-08-01,0.0,0.0,0.0,0.0,0
1,0.0,0.0,0.0,0.0,1.0,0,1,1.0,1.0,0.0,1,1,0,1,1,0,0,6,0.0,0.0,285.4143981933594,288.0,0,13,0,2024-08-01,0.0,0.0,0.0,0.0,0
2,0.0,0.0,0.0,0.0,1.0,0,1,1.0,1.0,0.0,1,1,0,1,1,0,0,6,0.0,0.0,283.02447509765625,277.87347412109375,0,13,0,2024-08-01,0.0,0.0,0.0,0.0,0
3,0.0,0.0,0.0,0.0,1.0,0,1,1.0,1.0,0.0,1,1,0,1,1,0,0,6,0.0,0.0,265.8607482910156,220.52090454101562,0,13,0,2024-08-01,0.0,0.0,0.0,0.0,0
4,0.0,0.0,0.0,0.0,1.0,0,1,1.0,1.0,0.0,1,1,0,1,1,0,0,6,0.0,0.0,213.38136291503906,196.10687255859375,0,13,0,2024-08-01,0.0,0.0,0.0,0.0,0
5,0.0,0.0,0.0,0.0,1.0,0,1,1.0,1.0,0.0,1,1,0,1,1,0,0,6,0.0,0.0,171.5028076171875,188.0,0,13,0,2024-08-01,0.0,0.0,0.0,0.0,0
6,0.0,0.0,0.0,0.0,1.0,0,1,1.0,1.0,0.0,1,1,0,1,1,0,0,6,0.0,0.0,172.7137908935547,180.3402557373047,0,13,0,2024-08-01,0.0,0.0,0.0,0.0,0
7,0.0,0.0,0.0,0.0,1.0,0,1,1.0,1.0,0.0,1,1,0,1,1,0,0,6,0.0,0.0,168.06808471679688,166.0,0,13,0,2024-08-01,0.0,0.0,0.0,0.0,0
8,0.0,0.0,0.0,0.0,1.0,0,1,1.0,1.0,0.0,1,1,0,1,1,0,0,6,0.0,0.0,160.37472534179688,157.69790649414062,0,13,0,2024-08-01,0.0,0.0,0.0,0.0,0
9,0.0,0.0,0.0,0.0,1.0,0,1,1.0,1.0,0.0,1,1,0,1,1,0,0,6,0.0,0.0,166.0,110.725341796875,0,13,0,2024-08-01,0.0,0.0,0.0,0.0,0
10,0.0,0.0,0.0,0.0,1.0,0,1,1.0,1.0,0.0,1,1,0,1,1,0,0,6,0.0,0.0,166.0,60.18208312988281,0,13,0,2024-08-01,0.0,0.0,0.0,0.0,0
11,0.0,0.0,0.0,0.0,1.0,0,1,1.0,1.0,0.0,1,1,0,1,1,0,0,6,0.0,0.0,166.0,52.3343505859375,0,13,0,2024-08-01,0.0,0.0,0.0,0.0,0
12,0.0,0.0,0.0,0.0,1.0,0,1,1.0,1.0,0.0,1,1,0,1,1,0,0,6,0.0,0.0,155.0,29.87811279296875,0,13,0,2024-08-01,0.0,0.0,0.0,0.0,0
13,0.0,0.0,0.0,0.0,1.0,0,1,1.0,1.0,0.0,1,1,0,1,1,0,0,6,0.0,0.0,155.0,27.5,0,13,0,2024-08-01,0.0,0.0,0.0,0.0,0
14,0.0,0.0,0.0,0.0,1.0,0,1,1.0,1.0,0.0,1,1,0,1,1,0,0,6,0.0,0.0,180.1999969482422,124.19999694824219,0,13,0,2024-08-01,0.0,0.0,0.0,0.0,0
15,0.0,0.0,0.0,0.0,1.0,0,1,1.0,1.0,0.0,1,1,0,1,1,0,0,6,0.0,0.0,182.55780029296875,143.39999389648438,0,13,0,2024-08-01,0.0,0.0,0.0,0.0,0
16,0.0,0.0,0.0,0.0,1.0,0,1,1.0,1.0,0.0,1,1,0,1,1,0,0,6,0.0,0.0,173.60000610351562,143.39999389648438,0,13,0,2024-08-01,0.0,0.0,0.0,0.0,0
17,0.0,0.0,0.0,0.0,1.0,0,1,1.0,1.0,0.0,1,1,0,1,1,0,0,6,0.0,0.0,213.10000610351562,220.3000030517578,0,13,0,2024-08-01,0.0,0.0,0.0,0.0,0
18,-61.56857641737918,284.00000381469727,303.2000045776367,587.200008392334,1.0,0,1,1.0,1.0,1.0,1,1,1,1,1,3,2,1,0.07010996947822407,0.0,264.0887722154333,371.8596225599573,1,13,0,2024-08-01,28.400000381469727,30.320000457763673,58.7200008392334,0.029981640673168185,0
19,-37.406810565043145,408.2000045776367,408.2000045776367,816.4000091552734,0.8333333333333334,1,0,1.0,0.8333333333333334,1.0,0,0,1,1,0,0,6,0,0.16429866313798144,0.0,341.1332895326131,415.30683497910564,1,13,0,2024-08-01,40.820000457763676,40.820000457763676,81.64000091552735,0.021804520826910492,0
20,-53.51000061035154,535.1000061035156,535.1000061035156,1070.2000122070312,1.0,0,1,1.0,1.0,1.0,1,1,1,1,1,0,6,0,0.18932736258720617,0.0,433.7909332275391,585.8099884033203,1,13,0,2024-08-01,53.51000061035157,53.51000061035157,107.02000122070314,0.026638030107939203,0
21,-73.65500061035152,586.0500061035157,601.1000061035156,1187.1500122070313,1.0,0,1,1.0,1.0,1.0,1,1,1,1,1,0,6,0,0.1265014218676116,0.0,511.9138470458985,752.1550006103515,1,13,0,2024-08-01,58.60500061035157,60.11000061035156,118.71500122070313,0.03054353015576781,0
22,-144.36359073626033,563.4500076293946,578.5000076293945,1141.950015258789,1.0,0,1,1.0,1.0,1.0,1,1,1,1,1,0,6,0,0.3561819715656595,0.0,362.7592730332709,844.8635907362603,1,13,0,2024-08-01,56.34500076293946,57.85000076293946,114.19500152587892,0.04176959594620505,0
23,-82.8700008392334,608.700008392334,608.700008392334,1217.400016784668,0.8333333333333334,1,0,1.0,0.8333333333333334,1.0,0,0,1,1,0,0,6,0,0.3414330389189673,0.0,400.8697147369385,771.8700008392334,1,13,0,2024-08-01,60.8700008392334,60.8700008392334,121.7400016784668,0.0439657685499888,0
24,-65.82000083923333,658.200008392334,658.200008392334,1316.400016784668,1.0,0,1,1.0,1.0,1.0,1,1,1,1,1,0,6,0,0.2863276568857547,0.0,469.7391422271729,816.6395198822021,1,13,0,2024-08-01,65.8200008392334,65.8200008392334,131.6400016784668,0.04324023979743856,0
25,-73.57000083923333,735.700008392334,735.700008392334,1471.400016784668,1.0,0,1,1.0,1.0,1.0,1,1,1,1,1,0,6,0,0.35481733078391736,0.0,474.6608951568604,834.1612483978271,1,13,0,2024-08-01,73.5700008392334,73.5700008392334,147.1400016784668,0.04281931404795873,0
26,-172.25937974309394,835.700008392334,835.700008392334,1671.400016784668,1.0,0,1,1.0,1.0,1.0,1,1,1,1,1,0,6,0,0.46436437543943193,0.0,447.6306959404998,1020.619243024344,1,13,0,2024-08-01,83.5700008392334,83.5700008392334,167.1400016784668,0.04188827072270429,0
27,-15.97193657919371,816.5000076293945,816.5000076293945,1633.000015258789,1.0,0,1,1.0,1.0,1.0,1,1,1,1,1,0,6,0,0.15302229908300913,0.0,691.5572992606501,972.1359990791937,1,13,0,2024-08-01,81.65000076293946,81.65000076293946,163.3000015258789,0.04129636657637917,0
28,-47.97552147615833,1048.3000106811523,1048.3000106811523,2096.6000213623047,1.0,0,1,1.0,1.0,1.0,1,1,1,1,1,0,6,0,0.3475279532077224,0.020201596134216328,683.986453621498,1027.122677237877,1,13,0,2024-08-01,104.83000106811524,104.83000106811524,209.66000213623047,0.042536594671991154,0
29,6.1417241408300285,1048.3000106811523,1048.3000106811523,2096.6000213623047,0.8333333333333334,1,0,1.0,0.8333333333333334,1.0,0,0,1,1,0,0,6,0,0.429317859236407,0.1667217157710243,598.2460942580175,873.5256342576075,1,13,0,2024-08-01,104.83000106811524,104.83000106811524,209.66000213623047,0.04405766094468799,0
30,57.4442363523806,1064.4333432515461,1067.600009918213,2132.033353169759,0.16666666666666666,5,0,1.0,0.16666666666666666,1.0,0,0,1,1,0,0,6,0,0.38047648173445975,0.23113726066498447,659.4414897703493,820.8378681398069,1,13,0,2024-08-01,106.44333432515462,106.7600009918213,213.20333531697588,0.04471225005800869,0
31,130.36000175476067,1111.600009918213,1111.600009918213,2223.200019836426,1.0,0,1,1.0,1.0,1.0,1,1,1,1,1,0,6,0,0.22123450081496948,0.22769110100010437,865.6757366180419,858.4985797882081,1,13,0,2024-08-01,111.16000099182129,111.16000099182129,222.32000198364258,0.04334308863106421,0
32,122.99000091552728,1119.9000091552734,1119.9000091552734,2239.800018310547,1.0,0,1,1.0,1.0,1.0,1,1,1,1,1,0,6,0,0.24375064847127964,0.23359678077295032,846.9236557006835,858.294972229004,1,13,0,2024-08-01,111.99000091552735,111.99000091552735,223.9800018310547,0.03849332305471302,0
33,110.3400009155273,1089.8993375142416,1103.4000091552734,2193.299346669515,1.0,0,1,1.0,1.0,1.0,1,1,1,1,1,2,4,0,0.24149855662125536,0.1884662791620189,826.6902206420898,895.4463150024415,1,13,0,2024-08-01,108.98993375142416,110.34000091552736,219.32993466695154,0.014872820151953186,0
34,127.07000160217285,1070.529343922933,1078.700008392334,2149.229352315267,1.0,0,1,1.0,1.0,1.0,1,1,1,1,1,5,1,0,0.27858964982897777,0.24713788344634113,772.2909488677979,812.1123714447021,1,13,0,2024-08-01,107.05293439229331,107.8700008392334,214.9229352315267,0.024854941041504316,0
35,145.17000083923335,951.700008392334,951.700008392334,1903.400016784668,1.0,0,1,1.0,1.0,1.0,1,1,1,1,1,6,0,0,0.2572438224481581,0.2498703874745945,706.8810604095459,713.8983585357666,1,13,0,2024-08-01,95.17000083923341,95.17000083923341,190.34000167846682,0.03958136454919944,0
36,258.9282744085001,944.1000061035156,944.1000061035156,1888.2000122070312,1.0,0,1,1.0,1.0,1.0,1,1,1,1,1,6,0,0,0.10247969152913264,0.41023423657900476,847.3489287053751,556.7978608454061,1,13,0,2024-08-01,94.41000061035157,94.41000061035157,188.82000122070315,0.03618211624815516,0
37,131.58000068664546,1040.800006866455,1040.800006866455,2081.60001373291,1.0,0,1,1.0,1.0,1.0,1,1,1,1,1,6,0,0,0.2806286324174416,0.3483301234300489,748.721724319458,678.258012008667,1,13,0,2024-08-01,104.08000068664552,104.08000068664552,208.16000137329104,0.026063565268697027,0
38,101.07000083923333,1010.700008392334,1010.700008392334,2021.400016784668,1.0,0,1,1.0,1.0,1.0,1,1,1,1,1,6,0,0,0.24721273449277364,0.25878029375644646,760.8420955657958,749.1507633209229,1,13,0,2024-08-01,101.0700008392334,101.0700008392334,202.1400016784668,0.02874646298676996,0
39,158.12000236511233,922.200008392334,922.200008392334,1844.400016784668,1.0,0,1,1.0,1.0,1.0,1,1,1,1,1,6,0,0,0.21569029935027828,0.3985252207598835,723.2904125213623,554.6800464630127,1,13,0,2024-08-01,92.2200008392334,92.2200008392334,184.4400016784668,0.01803093164885041,0
40,89.14000091552737,891.4000091552734,891.4000091552734,1782.8000183105469,1.0,0,1,1.0,1.0,1.0,1,1,1,1,1,5,1,0,0.3779696484988879,0.34627587722587416,554.4778610229492,582.7296890258789,1,13,0,2024-08-01,89.14000091552735,89.14000091552735,178.2800018310547,0.010002926041953415,0
41,86.45000038146975,855.7133344014485,864.5000038146973,1720.2133382161458,1.0,0,1,1.0,1.0,1.0,1,1,1,1,1,3,3,0,0.4533346054538496,0.3765940339044026,467.78886756896975,538.934460067749,1,13,0,2024-08-01,85.57133344014485,86.45000038146974,172.02133382161458,0.017795169000644647,0
42,118.69209325926556,787.0000038146973,787.0000038146973,1574.0000076293945,1.0,0,1,1.0,1.0,1.0,1,1,1,1,1,0,6,0,0.4451070417602231,0.4417442537650076,436.70076025145306,439.3472744165157,1,13,0,2024-08-01,78.70000038146974,78.70000038146974,157.40000076293947,0.03091480389912959,0
43,108.8240005673623,732.0000038146973,732.0000038146973,1464.0000076293945,1.0,0,1,1.0,1.0,1.0,1,1,1,1,1,0,6,0,0.3502957799785051,0.3673311214624181,475.5834915341592,463.1136215029502,1,13,0,2024-08-01,73.20000038146974,73.20000038146974,146.40000076293947,0.034579087153448304,0
44,129.82500085830685,577.0000038146973,577.0000038146973,1154.0000076293945,1.0,0,1,1.0,1.0,1.0,1,1,1,1,1,0,6,0,0.0,0.09952336200916823,597.9512215614318,519.5750235557557,1,13,0,2024-08-01,57.70000038146973,57.70000038146973,115.40000076293946,0.03437874232459944,0
45,84.53036125763714,511.00000381469727,511.00000381469727,1022.0000076293945,0.3333333333333333,4,0,1.0,0.3333333333333333,1.0,0,0,1,1,0,0,6,0,0.0,0.02354278861551036,541.1998864041216,498.96963874236286,1,13,0,2024-08-01,51.10000038146973,51.10000038146973,102.20000076293945,0.036351603574963434,0
46,77.45000114440916,472.50000381469727,472.50000381469727,945.0000076293945,0.3333333333333333,4,0,1.0,0.3333333333333333,1.0,0,0,1,1,0,0,6,0,0.0,0.0,567.1320690155029,514.5852771759033,1,13,0,2024-08-01,47.25000038146973,47.25000038146973,94.50000076293946,0.035842199153929506,0
47,48.410000610351574,484.1000061035156,484.1000061035156,968.2000122070312,0.0,6,0,1.0,0.0,1.0,0,0,1,1,0,0,6,0,0.0,0.005602216580998724,500.4092987060547,481.3879730224609,1,13,0,2024-08-01,48.41000061035157,48.41000061035157,96.82000122070313,0.03777921151345856,0
0,0.0,0.0,0.0,0.0,1.0,0,1,1.0,1.0,0.0,1,1,0,1,1,0,0,6,0.0,0.0,164.29998779296875,165.39999389648438,0,13,1,2024-08-01,0.0,0.0,0.0,0.0,0
1,0.0,0.0,0.0,0.0,1.0,0,1,1.0,1.0,0.0,1,1,0,1,1,0,0,6,0.0,0.0,165.39999389648438,165.39999389648438,0,13,1,2024-08-01,0.0,0.0,0.0,0.0,0
2,0.0,0.0,0.0,0.0,1.0,0,1,1.0,1.0,0.0,1,1,0,1,1,0,0,6,0.0,0.0,165.39999389648438,165.39999389648438,0,13,1,2024-08-01,0.0,0.0,0.0,0.0,0
3,0.0,0.0,0.0,0.0,1.0,0,1,1.0,1.0,0.0,1,1,0,1,1,0,0,6,0.0,0.0,176.39999389648438,176.39999389648438,0,13,1,2024-08-01,0.0,0.0,0.0,0.0,0
4,0.0,0.0,0.0,0.0,1.0,0,1,1.0,1.0,0.0,1,1,0,1,1,0,0,6,0.0,0.0,176.39999389648438,176.39999389648438,0,13,1,2024-08-01,0.0,0.0,0.0,0.0,0
5,0.0,0.0,0.0,0.0,1.0,0,1,1.0,1.0,0.0,1,1,0,1,1,0,0,6,0.0,0.0,198.89999389648438,166.4718475341797,0,13,1,2024-08-01,0.0,0.0,0.0,0.0,0
6,0.0,0.0,0.0,0.0,1.0,0,1,1.0,1.0,0.0,1,1,0,1,1,0,0,6,0.0,0.0,198.89999389648438,148.89999389648438,0,13,1,2024-08-01,0.0,0.0,0.0,0.0,0
7,0.0,0.0,0.0,0.0,1.0,0,1,1.0,1.0,0.0,1,1,0,1,1,0,0,6,0.0,0.0,148.89999389648438,148.89999389648438,0,13,1,2024-08-01,0.0,0.0,0.0,0.0,0
8,0.0,0.0,0.0,0.0,1.0,0,1,1.0,1.0,0.0,1,1,0,1,1,0,0,6,0.0,0.0,148.89999389648438,146.02305603027344,0,13,1,2024-08-01,0.0,0.0,0.0,0.0,0
9,0.0,0.0,0.0,0.0,1.0,0,1,1.0,1.0,0.0,1,1,0,1,1,0,0,6,0.0,0.0,148.89999389648438,114.56617736816406,0,13,1,2024-08-01,0.0,0.0,0.0,0.0,0
10,0.0,0.0,0.0,0.0,1.0,0,1,1.0,1.0,0.0,1,1,0,1,1,0,0,6,0.0,0.0,148.89999389648438,70.5732650756836,0,13,1,2024-08-01,0.0,0.0,0.0,0.0,0
11,0.0,0.0,0.0,0.0,1.0,0,1,1.0,1.0,0.0,1,1,0,1,1,0,0,6,0.0,0.0,148.89999389648438,68.32723236083984,0,13,1,2024-08-01,0.0,0.0,0.0,0.0,0
12,0.0,0.0,0.0,0.0,1.0,0,1,1.0,1.0,0.0,1,1,0,1,1,0,0,6,0.0,0.0,198.89999389648438,115.94116973876953,0,13,1,2024-08-01,0.0,0.0,0.0,0.0,0
13,0.0,0.0,0.0,0.0,1.0,0,1,1.0,1.0,0.0,1,1,0,1,1,0,0,6,0.0,0.0,279.7498779296875,202.15435791015625,0,13,1,2024-08-01,0.0,0.0,0.0,0.0,0
14,0.0,0.0,0.0,0.0,1.0,0,1,1.0,1.0,0.0,1,1,0,1,1,0,0,6,0.0,0.0,290.13861083984375,218.10000610351562,0,13,1,2024-08-01,0.0,0.0,0.0,0.0,0
15,0.0,0.0,0.0,0.0,1.0,0,1,1.0,1.0,0.0,1,1,0,1,1,0,0,6,0.0,0.0,388.10284423828125,310.87933349609375,0,13,1,2024-08-01,0.0,0.0,0.0,0.0,0
16,0.0,0.0,0.0,0.0,1.0,0,1,1.0,1.0,0.0,1,1,0,1,1,0,0,6,0.0,0.0,443.9530334472656,357.6915588378906,0,13,1,2024-08-01,0.0,0.0,0.0,0.0,0
17,0.0,0.0,0.0,0.0,1.0,0,1,1.0,1.0,0.0,1,1,0,1,1,0,0,6,0.0,0.0,568.4517822265625,468.9732666015625,0,13,1,2024-08-01,0.0,0.0,0.0,0.0,0
18,-61.56857641737918,284.00000381469727,303.2000045776367,587.200008392334,1.0,0,1,1.0,1.0,1.0,1,1,1,1,1,3,2,1,0.0,0.0,563.6794704576208,627.0771823744104,1,13,1,2024-08-01,28.400000381469727,30.320000457763673,58.7200008392334,0.029981640673168185,0
19,-37.406810565043145,408.2000045776367,408.2000045776367,816.4000091552734,1.0,0,1,1.0,1.0,1.0,1,1,1,1,1,0,6,0,0.0,0.0,654.8628427552694,720.0067861509806,1,13,1,2024-08-01,40.820000457763676,40.820000457763676,81.64000091552735,0.021804520826910492,0
20,-53.51000061035154,535.1000061035156,535.1000061035156,1070.2000122070312,1.0,0,1,1.0,1.0,1.0,1,1,1,1,1,0,6,0,0.0,0.0,656.2634368896485,791.7233795166015,1,13,1,2024-08-01,53.51000061035157,53.51000061035157,107.02000122070314,0.026638030107939203,0
21,-73.65500061035152,586.0500061035157,601.1000061035156,1187.1500122070313,1.0,0,1,1.0,1.0,1.0,1,1,1,1,1,0,6,0,0.0,0.0,667.436674194336,835.8595294189453,1,13,1,2024-08-01,58.60500061035157,60.11000061035156,118.71500122070313,0.03054353015576781,0
22,-144.36359073626033,563.4500076293946,578.5000076293945,1141.950015258789,1.0,0,1,1.0,1.0,1.0,1,1,1,1,1,0,6,0,0.0,0.0,574.4851641465522,920.4069256971978,1,13,1,2024-08-01,56.34500076293946,57.85000076293946,114.19500152587892,0.04176959594620505,0
23,-82.8700008392334,608.700008392334,608.700008392334,1217.400016784668,1.0,0,1,1.0,1.0,1.0,1,1,1,1,1,0,6,0,0.0,0.0,645.8085269927979,904.1343441009521,1,13,1,2024-08-01,60.8700008392334,60.8700008392334,121.7400016784668,0.0439657685499888,0
24,-65.82000083923333,658.200008392334,658.200008392334,1316.400016784668,1.0,0,1,1.0,1.0,1.0,1,1,1,1,1,0,6,0,0.01972012594667378,0.0,645.2202213287354,882.3015682220458,1,13,1,2024-08-01,65.8200008392334,65.8200008392334,131.6400016784668,0.04324023979743856,0
25,-73.57000083923333,735.700008392334,735.700008392334,1471.400016784668,0.6666666666666666,2,0,1.0,0.6666666666666666,1.0,0,0,1,1,0,0,6,0,0.1819804047553972,0.0,601.8170230865479,864.2164241790771,1,13,1,2024-08-01,73.5700008392334,73.5700008392334,147.1400016784668,0.04281931404795873,0
26,-172.25937974309394,835.700008392334,835.700008392334,1671.400016784668,1.0,0,1,1.0,1.0,1.0,1,1,1,1,1,0,6,0,0.41175735899748434,0.0,491.594380022531,958.2322190985627,1,13,1,2024-08-01,83.5700008392334,83.5700008392334,167.1400016784668,0.04188827072270429,0
27,-15.97193657919371,816.5000076293945,816.5000076293945,1633.000015258789,0.0,6,0,1.0,0.0,1.0,0,0,1,1,0,0,6,0,0.23080822246058474,0.0,628.0450922294001,870.1624273018499,1,13,1,2024-08-01,81.65000076293946,81.65000076293946,163.3000015258789,0.04129636657637917,0
28,-47.97552147615833,1048.3000106811523,1048.3000106811523,2096.6000213623047,0.5,3,0,1.0,0.5,1.0,0,0,1,1,0,0,6,0,0.5219134217869278,0.12136263597024469,501.17816504727915,921.075558097252,1,13,1,2024-08-01,104.83000106811524,104.83000106811524,209.66000213623047,0.042536594671991154,0
29,6.1417241408300285,1048.3000106811523,1048.3000106811523,2096.6000213623047,0.0,6,0,1.0,0.0,1.0,0,0,1,1,0,0,6,0,0.4925332909999814,0.1835750575800717,531.9773564650487,855.85827585917,1,13,1,2024-08-01,104.83000106811524,104.83000106811524,209.66000213623047,0.04405766094468799,0
30,57.4442363523806,1064.4333432515461,1067.600009918213,2132.033353169759,0.6666666666666666,2,0,1.0,0.6666666666666666,1.0,0,0,1,1,0,0,6,0,0.42149691148745294,0.22062967785906834,615.7779765867556,832.0557636476194,1,13,1,2024-08-01,106.44333432515462,106.7600009918213,213.20333531697588,0.04471225005800869,0
31,130.36000175476067,1111.600009918213,1111.600009918213,2223.200019836426,1.0,0,1,1.0,1.0,1.0,1,1,1,1,1,0,6,0,0.34182192589066623,0.25482182071195486,731.6307537078857,828.3400714874268,1,13,1,2024-08-01,111.16000099182129,111.16000099182129,222.32000198364258,0.04334308863106421,0
32,122.99000091552728,1119.9000091552734,1119.9000091552734,2239.800018310547,1.0,0,1,1.0,1.0,1.0,1,1,1,1,1,0,6,0,0.33476349973969866,0.2518135865679165,744.9983627319335,837.8939712524415,1,13,1,2024-08-01,111.99000091552735,111.99000091552735,223.9800018310547,0.03849332305471302,0
33,110.3400009155273,1089.8993375142416,1103.4000091552734,2193.299346669515,0.0,6,0,0.0,0.0,1.0,0,0,1,0,0,2,4,0,0.35333565030589437,0.27905917770173455,704.7990463256835,795.4861099243165,1,13,1,2024-08-01,108.98993375142416,110.34000091552736,219.32993466695154,0.014872820151953186,0
34,127.07000160217285,1070.529343922933,1078.700008392334,2149.229352315267,0.3333333333333333,4,0,0.4,0.0,1.0,0,0,1,0,0,5,1,0,0.36447291148801664,0.35446854719888604,680.3503971099854,696.3347835540771,1,13,1,2024-08-01,107.05293439229331,107.8700008392334,214.9229352315267,0.024854941041504316,0
35,145.17000083923335,951.700008392334,951.700008392334,1903.400016784668,1.0,0,1,1.0,1.0,1.0,1,1,1,1,1,6,0,0,0.269825260692589,0.28110663713347334,694.9073055267334,684.1708194732666,1,13,1,2024-08-01,95.17000083923341,95.17000083923341,190.34000167846682,0.03958136454919944,0
36,258.9282744085001,944.1000061035156,944.1000061035156,1888.2000122070312,1.0,0,1,1.0,1.0,1.0,1,1,1,1,1,6,0,0,0.19186474310080084,0.43592912564271186,762.9605009710001,532.5393159235311,1,13,1,2024-08-01,94.41000061035157,94.41000061035157,188.82000122070315,0.03618211624815516,0
37,131.58000068664546,1040.800006866455,1040.800006866455,2081.60001373291,1.0,0,1,1.0,1.0,1.0,1,1,1,1,1,6,0,0,0.3616934410851404,0.36216125975054553,664.3494709014892,663.8625652313233,1,13,1,2024-08-01,104.08000068664552,104.08000068664552,208.16000137329104,0.026063565268697027,0
38,101.07000083923333,1010.700008392334,1010.700008392334,2021.400016784668,1.0,0,1,1.0,1.0,1.0,1,1,1,1,1,6,0,0,0.36536929569860566,0.3667687977905992,641.4212581634521,640.0067813873292,1,13,1,2024-08-01,101.0700008392334,101.0700008392334,202.1400016784668,0.02874646298676996,0
39,158.12000236511233,922.200008392334,922.200008392334,1844.400016784668,1.0,0,1,1.0,1.0,1.0,1,1,1,1,1,6,0,0,0.2737869716788596,0.4183879215252333,669.713660812378,536.3626636505127,1,13,1,2024-08-01,92.2200008392334,92.2200008392334,184.4400016784668,0.01803093164885041,0
40,89.14000091552737,891.4000091552734,891.4000091552734,1782.8000183105469,1.0,0,1,1.0,1.0,1.0,1,1,1,1,1,5,1,0,0.3499888229456854,0.38178513656675983,579.4199691772461,551.0767349243164,1,13,1,2024-08-01,89.14000091552735,89.14000091552735,178.2800018310547,0.010002926041953415,0
41,86.45000038146975,855.7133344014485,864.5000038146973,1720.2133382161458,1.0,0,1,1.0,1.0,1.0,1,1,1,1,1,3,3,0,0.3976251835604061,0.4111296243435737,515.4601627349854,509.07844200134275,1,13,1,2024-08-01,85.57133344014485,86.45000038146974,172.02133382161458,0.017795169000644647,0
42,118.69209325926556,787.0000038146973,787.0000038146973,1574.0000076293945,1.0,0,1,1.0,1.0,1.0,1,1,1,1,1,0,6,0,0.3408944376602495,0.4305185158756862,518.7160800756718,448.18193017823444,1,13,1,2024-08-01,78.70000038146974,78.70000038146974,157.40000076293947,0.03091480389912959,0
43,108.8240005673623,732.0000038146973,732.0000038146973,1464.0000076293945,1.0,0,1,1.0,1.0,1.0,1,1,1,1,1,0,6,0,0.2306259341038951,0.3781461842155688,563.1818191708779,455.1969955263877,1,13,1,2024-08-01,73.20000038146974,73.20000038146974,146.40000076293947,0.034579087153448304,0
44,129.82500085830685,577.0000038146973,577.0000038146973,1154.0000076293945,1.0,0,1,1.0,1.0,1.0,1,1,1,1,1,0,6,0,0.0,0.13903965866353538,700.9916878700255,496.77412023544315,1,13,1,2024-08-01,57.70000038146973,57.70000038146973,115.40000076293946,0.03437874232459944,0
45,84.53036125763714,511.00000381469727,511.00000381469727,1022.0000076293945,1.0,0,1,1.0,1.0,1.0,1,1,1,1,1,0,6,0,0.0,0.0,680.7587548123247,533.8590430392378,1,13,1,2024-08-01,51.10000038146973,51.10000038146973,102.20000076293945,0.036351603574963434,0
46,77.45000114440916,472.50000381469727,472.50000381469727,945.0000076293945,0.8333333333333334,1,0,1.0,0.8333333333333334,1.0,0,0,1,1,0,0,6,0,0.0,0.0037787389702469364,605.1603893280029,470.71454963684084,1,13,1,2024-08-01,47.25000038146973,47.25000038146973,94.50000076293946,0.035842199153929506,0
47,48.410000610351574,484.1000061035156,484.1000061035156,968.2000122070312,0.5,3,0,1.0,0.5,1.0,0,0,1,1,0,0,6,0,0.0,0.0,557.8973663330078,492.0417816162109,1,13,1,2024-08-01,48.41000061035157,48.41000061035157,96.82000122070313,0.03777921151345856,0
0,0.0,0.0,0.0,0.0,1.0,0,1,1.0,1.0,0.0,1,1,0,1,1,0,0,6,0.0,0.0,165.5,162.89718627929688,0,13,2,2024-08-01,0.0,0.0,0.0,0.0,0
1,0.0,0.0,0.0,0.0,1.0,0,1,1.0,1.0,0.0,1,1,0,1,1,0,0,6,0.0,0.0,163.87948608398438,138.0,0,13,2,2024-08-01,0.0,0.0,0.0,0.0,0
2,0.0,0.0,0.0,0.0,1.0,0,1,1.0,1.0,0.0,1,1,0,1,1,0,0,6,0.0,0.0,125.90583038330078,127.0,0,13,2,2024-08-01,0.0,0.0,0.0,0.0,0
3,0.0,0.0,0.0,0.0,1.0,0,1,1.0,1.0,0.0,1,1,0,1,1,0,0,6,0.0,0.0,126.50297546386719,115.98094177246094,0,13,2,2024-08-01,0.0,0.0,0.0,0.0,0
4,0.0,0.0,0.0,0.0,1.0,0,1,1.0,1.0,0.0,1,1,0,1,1,0,0,6,0.0,0.0,149.0,116.9443359375,0,13,2,2024-08-01,0.0,0.0,0.0,0.0,0
5,0.0,0.0,0.0,0.0,1.0,0,1,1.0,1.0,0.0,1,1,0,1,1,0,0,6,0.0,0.0,149.0,107.26673889160156,0,13,2,2024-08-01,0.0,0.0,0.0,0.0,0
6,0.0,0.0,0.0,0.0,1.0,0,1,1.0,1.0,0.0,1,1,0,1,1,0,0,6,0.0,0.0,126.5,126.5,0,13,2,2024-08-01,0.0,0.0,0.0,0.0,0
7,0.0,0.0,0.0,0.0,1.0,0,1,1.0,1.0,0.0,1,1,0,1,1,0,0,6,0.0,0.0,115.5,115.5,0,13,2,2024-08-01,0.0,0.0,0.0,0.0,0
8,0.0,0.0,0.0,0.0,1.0,0,1,1.0,1.0,0.0,1,1,0,1,1,0,0,6,0.0,0.0,115.5,114.91348266601562,0,13,2,2024-08-01,0.0,0.0,0.0,0.0,0
9,0.0,0.0,0.0,0.0,1.0,0,1,1.0,1.0,0.0,1,1,0,1,1,0,0,6,0.0,0.0,115.5,106.34873962402344,0,13,2,2024-08-01,0.0,0.0,0.0,0.0,0
10,0.0,0.0,0.0,0.0,1.0,0,1,1.0,1.0,0.0,1,1,0,1,1,0,0,6,0.0,0.0,115.5,98.23811340332031,0,13,2,2024-08-01,0.0,0.0,0.0,0.0,0
11,0.0,0.0,0.0,0.0,1.0,0,1,1.0,1.0,0.0,1,1,0,1,1,0,0,6,0.0,0.0,115.5,94.12971496582031,0,13,2,2024-08-01,0.0,0.0,0.0,0.0,0
12,0.0,0.0,0.0,0.0,1.0,0,1,1.0,1.0,0.0,1,1,0,1,1,0,0,6,0.0,0.0,169.82846069335938,145.6999969482422,0,13,2,2024-08-01,0.0,0.0,0.0,0.0,0
13,0.0,0.0,0.0,0.0,1.0,0,1,1.0,1.0,0.0,1,1,0,1,1,0,0,6,0.0,0.0,164.67539978027344,137.39999389648438,0,13,2,2024-08-01,0.0,0.0,0.0,0.0,0
14,0.0,0.0,0.0,0.0,1.0,0,1,1.0,1.0,0.0,1,1,0,1,1,0,0,6,0.0,0.0,175.89999389648438,148.39999389648438,0,13,2,2024-08-01,0.0,0.0,0.0,0.0,0
15,0.0,0.0,0.0,0.0,1.0,0,1,1.0,1.0,0.0,1,1,0,1,1,0,0,6,0.0,0.0,313.9671630859375,291.8999938964844,0,13,2,2024-08-01,0.0,0.0,0.0,0.0,0
16,0.0,0.0,0.0,0.0,1.0,0,1,1.0,1.0,0.0,1,1,0,1,1,0,0,6,0.0,0.0,379.8000183105469,352.3000183105469,0,13,2,2024-08-01,0.0,0.0,0.0,0.0,0
17,0.0,0.0,0.0,0.0,1.0,0,1,1.0,1.0,0.0,1,1,0,1,1,0,0,6,0.0,0.0,539.1727294921875,512.2230224609375,0,13,2,2024-08-01,0.0,0.0,0.0,0.0,0
18,-61.56857641737918,284.00000381469727,303.2000045776367,587.200008392334,1.0,0,1,1.0,1.0,1.0,1,1,1,1,1,3,2,1,0.0,0.0,582.0704006334021,721.9686008314417,1,13,2,2024-08-01,28.400000381469727,30.320000457763673,58.7200008392334,0.029981640673168185,0
19,-37.406810565043145,408.2000045776367,408.2000045776367,816.4000091552734,1.0,0,1,1.0,1.0,1.0,1,1,1,1,1,0,6,0,0.0,0.0,631.7112314271444,738.9068716001993,1,13,2,2024-08-01,40.820000457763676,40.820000457763676,81.64000091552735,0.021804520826910492,0
20,-53.51000061035154,535.1000061035156,535.1000061035156,1070.2000122070312,1.0,0,1,1.0,1.0,1.0,1,1,1,1,1,0,6,0,0.0,0.0,642.3354583740235,829.210073852539,1,13,2,2024-08-01,53.51000061035157,53.51000061035157,107.02000122070314,0.026638030107939203,0
21,-73.65500061035152,586.0500061035157,601.1000061035156,1187.1500122070313,1.0,0,1,1.0,1.0,1.0,1,1,1,1,1,0,6,0,0.0,0.0,591.843412475586,849.355073852539,1,13,2,2024-08-01,58.60500061035157,60.11000061035156,118.71500122070313,0.03054353015576781,0
22,-144.36359073626033,563.4500076293946,578.5000076293945,1141.950015258789,0.3333333333333333,4,0,1.0,0.3333333333333333,1.0,0,0,1,1,0,0,6,0,0.19897590609458773,0.0,451.3370318223334,906.6562543104791,1,13,2,2024-08-01,56.34500076293946,57.85000076293946,114.19500152587892,0.04176959594620505,0
23,-82.8700008392334,608.700008392334,608.700008392334,1217.400016784668,0.0,6,0,1.0,0.0,1.0,0,0,1,1,0,0,6,0,0.18233638829769716,0.0,497.71184730529785,861.7700862884521,1,13,2,2024-08-01,60.8700008392334,60.8700008392334,121.7400016784668,0.0439657685499888,0
24,-65.82000083923333,658.200008392334,658.200008392334,1316.400016784668,0.0,6,0,1.0,0.0,1.0,0,0,1,1,0,0,6,0,0.16085979647193585,0.0,552.3220890045167,869.9200374603271,1,13,2,2024-08-01,65.8200008392334,65.8200008392334,131.6400016784668,0.04324023979743856,0
25,-73.57000083923333,735.700008392334,735.700008392334,1471.400016784668,0.0,6,0,1.0,0.0,1.0,0,0,1,1,0,0,6,0,0.24251687562785063,0.0,557.2803409576417,888.6700374603271,1,13,2,2024-08-01,73.5700008392334,73.5700008392334,147.1400016784668,0.04281931404795873,0
26,-172.25937974309394,835.700008392334,835.700008392334,1671.400016784668,0.3333333333333333,4,0,1.0,0.3333333333333333,1.0,0,0,1,1,0,0,6,0,0.456802501627836,0.0,453.9501539483123,1066.8155320868439,1,13,2,2024-08-01,83.5700008392334,83.5700008392334,167.1400016784668,0.04188827072270429,0
27,-15.97193657919371,816.5000076293945,816.5000076293945,1633.000015258789,1.0,0,1,1.0,1.0,1.0,1,1,1,1,1,0,6,0,0.19571865173442085,0.0,656.6957269950251,1033.6414312081,1,13,2,2024-08-01,81.65000076293946,81.65000076293946,163.3000015258789,0.04129636657637917,0
28,-47.97552147615833,1048.3000106811523,1048.3000106811523,2096.6000213623047,1.0,0,1,1.0,1.0,1.0,1,1,1,1,1,0,6,0,0.42539764462058677,0.0,602.3556552816542,1078.9755214761583,1,13,2,2024-08-01,104.83000106811524,104.83000106811524,209.66000213623047,0.042536594671991154,0
29,6.1417241408300285,1048.3000106811523,1048.3000106811523,2096.6000213623047,1.0,0,1,1.0,1.0,1.0,1,1,1,1,1,0,6,0,0.42396390638804426,0.022361666110020103,603.8586430861425,1024.85827585917,1,13,2,2024-08-01,104.83000106811524,104.83000106811524,209.66000213623047,0.04405766094468799,0
30,57.4442363523806,1064.4333432515461,1067.600009918213,2132.033353169759,1.0,0,1,1.0,1.0,1.0,1,1,1,1,1,0,6,0,0.43242005026238356,0.11122536187646277,604.1510234617556,948.8558124757444,1,13,2,2024-08-01,106.44333432515462,106.7600009918213,213.20333531697588,0.04471225005800869,0
31,130.36000175476067,1111.600009918213,1111.600009918213,2223.200019836426,1.0,0,1,1.0,1.0,1.0,1,1,1,1,1,0,6,0,0.3557268610618669,0.20462397413050507,716.1740276336669,884.1399982452393,1,13,2,2024-08-01,111.16000099182129,111.16000099182129,222.32000198364258,0.04334308863106421,0
32,122.99000091552728,1119.9000091552734,1119.9000091552734,2239.800018310547,1.0,0,1,1.0,1.0,1.0,1,1,1,1,1,0,6,0,0.32563411413397003,0.21125989758776104,755.222361755371,883.3100479125977,1,13,2,2024-08-01,111.99000091552735,111.99000091552735,223.9800018310547,0.03849332305471302,0
33,110.3400009155273,1089.8993375142416,1103.4000091552734,2193.299346669515,1.0,0,1,1.0,1.0,1.0,1,1,1,1,1,2,4,0,0.27735117464194997,0.1693915483927291,787.6144760131835,916.4933731079102,1,13,2,2024-08-01,108.98993375142416,110.34000091552736,219.32993466695154,0.014872820151953186,0
34,127.07000160217285,1070.529343922933,1078.700008392334,2149.229352315267,1.0,0,1,1.0,1.0,1.0,1,1,1,1,1,5,1,0,0.37522318559497964,0.29245384139428154,668.8419132232666,763.2300472259521,1,13,2,2024-08-01,107.05293439229331,107.8700008392334,214.9229352315267,0.024854941041504316,0
35,145.17000083923335,951.700008392334,951.700008392334,1903.400016784668,0.8333333333333334,1,0,0.8333333333333334,1.0,1.0,0,0,1,0,1,6,0,0,0.27805009584501955,0.22850686445287266,687.0797298431396,734.2300235748291,1,13,2,2024-08-01,95.17000083923341,95.17000083923341,190.34000167846682,0.03958136454919944,0
36,258.9282744085001,944.1000061035156,944.1000061035156,1888.2000122070312,1.0,0,1,1.0,1.0,1.0,1,1,1,1,1,6,0,0,0.09193220113848469,0.3021166093370125,857.3068144475626,658.8717133844686,1,13,2,2024-08-01,94.41000061035157,94.41000061035157,188.82000122070315,0.03618211624815516,0
37,131.58000068664546,1040.800006866455,1040.800006866455,2081.60001373291,1.0,0,1,1.0,1.0,1.0,1,1,1,1,1,6,0,0,0.3194848863458275,0.24518422860046749,708.2801349639892,785.612260055542,1,13,2,2024-08-01,104.08000068664552,104.08000068664552,208.16000137329104,0.026063565268697027,0
38,101.07000083923333,1010.700008392334,1010.700008392334,2021.400016784668,1.0,0,1,1.0,1.0,1.0,1,1,1,1,1,6,0,0,0.3641743786839716,0.23527689748133845,642.6289608001708,772.9056461334229,1,13,2,2024-08-01,101.0700008392334,101.0700008392334,202.1400016784668,0.02874646298676996,0
39,158.12000236511233,922.200008392334,922.200008392334,1844.400016784668,0.3333333333333333,4,0,0.3333333333333333,1.0,1.0,0,0,1,0,1,6,0,0,0.28316435952286234,0.32687244974077456,661.0658336639405,620.7582324981689,1,13,2,2024-08-01,92.2200008392334,92.2200008392334,184.4400016784668,0.01803093164885041,0
40,89.14000091552737,891.4000091552734,891.4000091552734,1782.8000183105469,1.0,0,1,1.0,1.0,1.0,1,1,1,1,1,5,1,0,0.2641492512229498,0.1803398173714345,655.9373641967774,730.6450942993164,1,13,2,2024-08-01,89.14000091552735,89.14000091552735,178.2800018310547,0.010002926041953415,0
41,86.45000038146975,855.7133344014485,864.5000038146973,1720.2133382161458,0.8333333333333334,1,0,1.0,0.6666666666666666,1.0,0,0,1,1,0,3,3,0,0.3148744062185452,0.2414690469265523,586.271106338501,655.7500118255615,1,13,2,2024-08-01,85.57133344014485,86.45000038146974,172.02133382161458,0.017795169000644647,0
42,118.69209325926556,787.0000038146973,787.0000038146973,1574.0000076293945,1.0,0,1,1.0,1.0,1.0,1,1,1,1,1,0,6,0,0.21106730970591495,0.20774089463082968,620.8900302709843,623.5079189477657,1,13,2,2024-08-01,78.70000038146974,78.70000038146974,157.40000076293947,0.03091480389912959,0
43,108.8240005673623,732.0000038146973,732.0000038146973,1464.0000076293945,0.8333333333333334,1,0,1.0,0.8333333333333334,1.0,0,0,1,1,0,0,6,0,0.2001758116586277,0.20672678086538182,585.4713089169717,580.6759994326377,1,13,2,2024-08-01,73.20000038146974,73.20000038146974,146.40000076293947,0.034579087153448304,0
44,129.82500085830685,577.0000038146973,577.0000038146973,1154.0000076293945,1.0,0,1,1.0,1.0,1.0,1,1,1,1,1,0,6,0,0.0,0.08007641893068547,632.9868660926818,530.7959097862245,1,13,2,2024-08-01,57.70000038146973,57.70000038146973,115.40000076293946,0.03437874232459944,0
45,84.53036125763714,511.00000381469727,511.00000381469727,1022.0000076293945,0.8333333333333334,1,0,1.0,0.8333333333333334,1.0,0,0,1,1,0,0,6,0,0.0,0.0,565.7976036892778,524.169650949394,1,13,2,2024-08-01,51.10000038146973,51.10000038146973,102.20000076293945,0.036351603574963434,0
46,77.45000114440916,472.50000381469727,472.50000381469727,945.0000076293945,0.6666666666666666,2,0,1.0,0.6666666666666666,1.0,0,0,1,1,0,0,6,0,0.0,0.0,495.1146129608154,473.54999885559084,1,13,2,2024-08-01,47.25000038146973,47.25000038146973,94.50000076293946,0.035842199153929506,0
47,48.410000610351574,484.1000061035156,484.1000061035156,968.2000122070312,1.0,0,1,1.0,1.0,1.0,1,1,1,1,1,0,6,0,0.023757319632510595,0.0,472.5990875244141,498.5068084716797,1,13,2,2024-08-01,48.41000061035157,48.41000061035157,96.82000122070313,0.03777921151345856,0
0,0.0,0.0,0.0,0.0,1.0,0,1,1.0,1.0,0.0,1,1,0,1,1,0,0,6,0.0,0.0,369.8999938964844,396.70001220703125,0,14,0,2024-08-01,0.0,0.0,0.0,0.0,0
1,0.0,0.0,0.0,0.0,1.0,0,1,1.0,1.0,0.0,1,1,0,1,1,0,0,6,0.0,0.0,392.97576904296875,393.86865234375,0,14,0,2024-08-01,0.0,0.0,0.0,0.0,0
2,0.0,0.0,0.0,0.0,1.0,0,1,1.0,1.0,0.0,1,1,0,1,1,0,0,6,0.0,0.0,326.3293762207031,301.3345947265625,0,14,0,2024-08-01,0.0,0.0,0.0,0.0,0
3,0.0,0.0,0.0,0.0,1.0,0,1,1.0,1.0,0.0,1,1,0,1,1,0,0,6,0.0,0.0,314.8740234375,269.0948791503906,0,14,0,2024-08-01,0.0,0.0,0.0,0.0,0
4,0.0,0.0,0.0,0.0,1.0,0,1,1.0,1.0,0.0,1,1,0,1,1,0,0,6,0.0,0.0,311.6000061035156,259.5813293457031,0,14,0,2024-08-01,0.0,0.0,0.0,0.0,0
5,0.0,0.0,0.0,0.0,1.0,0,1,1.0,1.0,0.0,1,1,0,1,1,0,0,6,0.0,0.0,264.8999938964844,234.09999084472656,0,14,0,2024-08-01,0.0,0.0,0.0,0.0,0
6,0.0,0.0,0.0,0.0,1.0,0,1,1.0,1.0,0.0,1,1,0,1,1,0,0,6,0.0,0.0,227.44723510742188,195.59999084472656,0,14,0,2024-08-01,0.0,0.0,0.0,0.0,0
7,0.0,0.0,0.0,0.0,1.0,0,1,1.0,1.0,0.0,1,1,0,1,1,0,0,6,0.0,0.0,230.0665283203125,195.59999084472656,0,14,0,2024-08-01,0.0,0.0,0.0,0.0,0
8,0.0,0.0,0.0,0.0,1.0,0,1,1.0,1.0,0.0,1,1,0,1,1,0,0,6,0.0,0.0,242.59970092773438,188.35914611816406,0,14,0,2024-08-01,0.0,0.0,0.0,0.0,0
9,0.0,0.0,0.0,0.0,1.0,0,1,1.0,1.0,0.0,1,1,0,1,1,0,0,6,0.0,0.0,195.59999084472656,164.18275451660156,0,14,0,2024-08-01,0.0,0.0,0.0,0.0,0
10,0.0,0.0,0.0,0.0,1.0,0,1,1.0,1.0,0.0,1,1,0,1,1,0,0,6,0.0,0.0,184.59999084472656,143.44973754882812,0,14,0,2024-08-01,0.0,0.0,0.0,0.0,0
11,0.0,0.0,0.0,0.0,1.0,0,1,1.0,1.0,0.0,1,1,0,1,1,0,0,6,0.0,0.0,184.59999084472656,137.88836669921875,0,14,0,2024-08-01,0.0,0.0,0.0,0.0,0
12,0.0,0.0,0.0,0.0,1.0,0,1,1.0,1.0,0.0,1,1,0,1,1,0,0,6,0.0,0.0,195.59999084472656,144.22091674804688,0,14,0,2024-08-01,0.0,0.0,0.0,0.0,0
13,0.0,0.0,0.0,0.0,1.0,0,1,1.0,1.0,0.0,1,1,0,1,1,0,0,6,0.0,0.0,233.26498413085938,185.202880859375,0,14,0,2024-08-01,0.0,0.0,0.0,0.0,0
14,0.0,0.0,0.0,0.0,1.0,0,1,1.0,1.0,0.0,1,1,0,1,1,0,0,6,0.0,0.0,235.99835205078125,184.54580688476562,0,14,0,2024-08-01,0.0,0.0,0.0,0.0,0
15,0.0,0.0,0.0,0.0,1.0,0,1,1.0,1.0,0.0,1,1,0,1,1,0,0,6,0.0,0.0,313.55859375,234.399169921875,0,14,0,2024-08-01,0.0,0.0,0.0,0.0,0
16,0.0,0.0,0.0,0.0,1.0,0,1,1.0,1.0,0.0,1,1,0,1,1,0,0,6,0.0,0.0,341.2673034667969,247.08914184570312,0,14,0,2024-08-01,0.0,0.0,0.0,0.0,0
17,0.0,0.0,0.0,0.0,1.0,0,1,1.0,1.0,0.0,1,1,0,1,1,0,0,6,0.0,0.0,485.8506164550781,376.69952392578125,0,14,0,2024-08-01,0.0,0.0,0.0,0.0,0
18,-61.56857641737918,284.00000381469727,303.2000045776367,587.200008392334,1.0,0,1,1.0,1.0,1.0,1,1,1,1,1,0,0,6,0.0,0.0,476.4522365709021,516.5569797376917,1,14,0,2024-08-01,28.400000381469727,30.320000457763673,58.7200008392334,6.733054465739358e-10,0
19,-37.406810565043145,408.2000045776367,408.2000045776367,816.4000091552734,1.0,0,1,1.0,1.0,1.0,1,1,1,1,1,0,0,6,0.0,0.0,489.90776463026936,567.8509633970743,1,14,0,2024-08-01,40.820000457763676,40.820000457763676,81.64000091552735,2.3941070535181505e-10,0
20,-53.51000061035154,535.1000061035156,535.1000061035156,1070.2000122070312,1.0,0,1,1.0,1.0,1.0,1,1,1,1,1,6,0,0,0.14350154957549424,0.0,458.3123260498047,631.1768096923828,1,14,0,2024-08-01,53.51000061035157,53.51000061035157,107.02000122070314,1.4257885550202973e-09,0
21,-73.65500061035152,586.0500061035157,601.1000061035156,1187.1500122070313,1.0,0,1,1.0,1.0,1.0,1,1,1,1,1,0,6,0,0.28032730236287023,0.0,421.7641888427735,676.9099444580078,1,14,0,2024-08-01,58.60500061035157,60.11000061035156,118.71500122070313,0.08438978659098835,0
22,-144.36359073626033,563.4500076293946,578.5000076293945,1141.950015258789,1.0,0,1,1.0,1.0,1.0,1,1,1,1,1,0,6,0,0.3751450619433183,0.0,352.07451961530217,792.2697186659478,1,14,0,2024-08-01,56.34500076293946,57.85000076293946,114.19500152587892,0.14032532109300166,0
23,-82.8700008392334,608.700008392334,608.700008392334,1217.400016784668,1.0,0,1,1.0,1.0,1.0,1,1,1,1,1,0,6,0,0.236602226568636,0.0,464.68023109436035,806.9000301361084,1,14,0,2024-08-01,60.8700008392334,60.8700008392334,121.7400016784668,0.138499997696893,0
24,-65.82000083923333,658.200008392334,658.200008392334,1316.400016784668,0.16666666666666666,5,0,1.0,0.16666666666666666,1.0,0,0,1,1,0,0,6,0,0.177401417823618,0.0,541.4343936920167,853.7653743743896,1,14,0,2024-08-01,65.8200008392334,65.8200008392334,131.6400016784668,0.052333333394187616,0
25,-73.57000083923333,735.700008392334,735.700008392334,1471.400016784668,0.0,6,0,0.0,1.0,1.0,0,0,1,0,1,6,0,0,0.09813932270836359,0.0,663.4989078521729,977.0691463470458,1,14,0,2024-08-01,73.5700008392334,73.5700008392334,147.1400016784668,0.03850000074925076,0
26,-172.25937974309394,835.700008392334,835.700008392334,1671.400016784668,1.0,0,1,1.0,1.0,1.0,1,1,1,1,1,0,6,0,0.2434510001656092,0.0,632.2480055108123,1139.2593797430939,1,14,0,2024-08-01,83.5700008392334,83.5700008392334,167.1400016784668,0.09599999985706552,0
27,-15.97193657919371,816.5000076293945,816.5000076293945,1633.000015258789,1.0,0,1,1.0,1.0,1.0,1,1,1,1,1,0,6,0,0.0,0.0,819.0318476004938,983.0614141182562,1,14,0,2024-08-01,81.65000076293946,81.65000076293946,163.3000015258789,0.0960000008564174,0
28,-47.97552147615833,1048.3000106811523,1048.3000106811523,2096.6000213623047,0.6666666666666666,2,0,0.6666666666666666,1.0,1.0,0,0,1,0,1,6,0,0,0.264068680524453,0.006938341829876529,771.4768100668105,1041.0265468667833,1,14,0,2024-08-01,104.83000106811524,104.83000106811524,209.66000213623047,0.07999999930524322,0
29,6.1417241408300285,1048.3000106811523,1048.3000106811523,2096.6000213623047,0.0,6,0,0.0,1.0,1.0,0,0,1,0,1,6,0,0,0.2709876700049359,0.017782777643724962,764.2236333205175,1029.658324687295,1,14,0,2024-08-01,104.83000106811524,104.83000106811524,209.66000213623047,0.07999999791338601,0
30,57.4442363523806,1064.4333432515461,1067.600009918213,2132.033353169759,1.0,0,1,1.0,1.0,1.0,1,1,1,1,1,6,0,0,0.29682435375262317,0.08104040162186682,748.4836040281618,981.0812763429319,1,14,0,2024-08-01,106.44333432515462,106.7600009918213,213.20333531697588,0.003494801866879927,0
31,130.36000175476067,1111.600009918213,1111.600009918213,2223.200019836426,1.0,0,1,1.0,1.0,1.0,1,1,1,1,1,6,0,0,0.2732493457524859,0.19851458345951323,807.8560344696044,890.9311969757081,1,14,0,2024-08-01,111.16000099182129,111.16000099182129,222.32000198364258,0.003499998951610257,0
32,122.99000091552728,1119.9000091552734,1119.9000091552734,2239.800018310547,1.0,0,1,1.0,1.0,1.0,1,1,1,1,1,0,6,0,0.2537451756632141,0.17480688380526913,835.7307846069335,924.1337783813477,1,14,0,2024-08-01,111.99000091552735,111.99000091552735,223.9800018310547,0.015000001975644639,0
33,110.3400009155273,1089.8993375142416,1103.4000091552734,2193.299346669515,1.0,0,1,1.0,1.0,1.0,1,1,1,1,1,0,6,0,0.28612044062691544,0.18698526116321668,778.0568588256835,897.080470275879,1,14,0,2024-08-01,108.98993375142416,110.34000091552736,219.32993466695154,0.015092331321536624,0
34,127.07000160217285,1070.529343922933,1078.700008392334,2149.229352315267,1.0,0,1,1.0,1.0,1.0,1,1,1,1,1,0,6,0,0.25394095977121756,0.1874938561961697,798.6780948638916,876.4503841400146,1,14,0,2024-08-01,107.05293439229331,107.8700008392334,214.9229352315267,0.001505704806108223,0
35,145.17000083923335,951.700008392334,951.700008392334,1903.400016784668,1.0,0,1,1.0,1.0,1.0,1,1,1,1,1,0,6,0,0.19345025223357704,0.16157405935656863,767.5934017181396,797.9299747467041,1,14,0,2024-08-01,95.17000083923341,95.17000083923341,190.34000167846682,0.0014999999178299144,0
36,258.9282744085001,944.1000061035156,944.1000061035156,1888.2000122070312,1.0,0,1,1.0,1.0,1.0,1,1,1,1,1,6,0,0,0.08498960570139433,0.343101254253308,863.8613188420939,620.1781098688436,1,14,0,2024-08-01,94.41000061035157,94.41000061035157,188.82000122070315,0.025000003972969902,0
37,131.58000068664546,1040.800006866455,1040.800006866455,2081.60001373291,1.0,0,1,1.0,1.0,1.0,1,1,1,1,1,6,0,0,0.26716923115931646,0.2626633414196142,762.730269241333,767.4199993133545,1,14,0,2024-08-01,104.08000068664552,104.08000068664552,208.16000137329104,0.024999999725113072,0
38,101.07000083923333,1010.700008392334,1010.700008392334,2021.400016784668,1.0,0,1,1.0,1.0,1.0,1,1,1,1,1,6,0,0,0.3591331055055389,0.2763966086099841,647.7241756439208,731.3459537506104,1,14,0,2024-08-01,101.0700008392334,101.0700008392334,202.1400016784668,0.004000001426689938,0
39,158.12000236511233,922.200008392334,922.200008392334,1844.400016784668,1.0,0,1,1.0,1.0,1.0,1,1,1,1,1,6,0,0,0.30871967066993256,0.3580716596293666,637.4987255096436,591.9863208770752,1,14,0,2024-08-01,92.2200008392334,92.2200008392334,184.4400016784668,0.021464524893834304,0
40,89.14000091552737,891.4000091552734,891.4000091552734,1782.8000183105469,1.0,0,1,1.0,1.0,1.0,1,1,1,1,1,0,6,0,0.36313171732704974,0.28651065544988774,567.7043930053711,636.0044082641601,1,14,0,2024-08-01,89.14000091552735,89.14000091552735,178.2800018310547,0.09329338825242034,0
41,86.45000038146975,855.7133344014485,864.5000038146973,1720.2133382161458,0.6666666666666666,2,0,1.0,0.6666666666666666,1.0,0,0,1,1,0,0,6,0,0.23164748789679426,0.3353961861384987,657.4894901275635,574.5499996185303,1,14,0,2024-08-01,85.57133344014485,86.45000038146974,172.02133382161458,0.31593891286698783,1
42,118.69209325926556,787.0000038146973,787.0000038146973,1574.0000076293945,1.0,0,1,1.0,1.0,1.0,1,1,1,1,1,0,6,0,0.0,0.27786633355791696,806.8211826147343,568.3191982446407,1,14,0,2024-08-01,78.70000038146974,78.70000038146974,157.40000076293947,0.012500001647161765,0
43,108.8240005673623,732.0000038146973,732.0000038146973,1464.0000076293945,1.0,0,1,1.0,1.0,1.0,1,1,1,1,1,0,6,0,0.0,0.15778900963070153,798.942836016581,616.4984481631064,1,14,0,2024-08-01,73.20000038146974,73.20000038146974,146.40000076293947,0.012499999922531878,0
44,129.82500085830685,577.0000038146973,577.0000038146973,1154.0000076293945,0.6666666666666666,2,0,0.6666666666666666,1.0,1.0,0,0,1,0,1,6,0,0,0.0,0.0,789.8488656044005,579.6716422080995,1,14,0,2024-08-01,57.70000038146973,57.70000038146973,115.40000076293946,0.1053333317653627,0
45,84.53036125763714,511.00000381469727,511.00000381469727,1022.0000076293945,0.0,6,0,0.0,1.0,1.0,0,0,1,0,1,6,0,0,0.0,0.0,610.589870534981,515.7400855197066,1,14,0,2024-08-01,51.10000038146973,51.10000038146973,102.20000076293945,0.12449999759816671,0
46,77.45000114440916,472.50000381469727,472.50000381469727,945.0000076293945,0.0,6,0,0.0,0.0,1.0,0,0,1,0,0,4,2,0,0.0,0.0,511.96086540222166,474.24409065246584,1,14,0,2024-08-01,47.25000038146973,47.25000038146973,94.50000076293946,0.0748333315719793,0
47,48.410000610351574,484.1000061035156,484.1000061035156,968.2000122070312,0.0,6,0,1.0,0.0,1.0,0,0,1,1,0,0,6,0,0.0,0.0,503.0397003173828,532.2900115966797,1,14,0,2024-08-01,48.41000061035157,48.41000061035157,96.82000122070313,0.005499999085922572,0
0,0.0,0.0,0.0,0.0,1.0,0,1,1.0,1.0,0.0,1,1,0,1,1,0,0,6,0.0,0.0,317.70001220703125,307.4465637207031,0,14,1,2024-08-01,0.0,0.0,0.0,0.0,0
1,0.0,0.0,0.0,0.0,1.0,0,1,1.0,1.0,0.0,1,1,0,1,1,0,0,6,0.0,0.0,317.70001220703125,294.60308837890625,0,14,1,2024-08-01,0.0,0.0,0.0,0.0,0
2,0.0,0.0,0.0,0.0,1.0,0,1,1.0,1.0,0.0,1,1,0,1,1,0,0,6,0.0,0.0,345.20001220703125,285.198974609375,0,14,1,2024-08-01,0.0,0.0,0.0,0.0,0
3,0.0,0.0,0.0,0.0,1.0,0,1,1.0,1.0,0.0,1,1,0,1,1,0,0,6,0.0,0.0,267.70001220703125,267.70001220703125,0,14,1,2024-08-01,0.0,0.0,0.0,0.0,0
4,0.0,0.0,0.0,0.0,1.0,0,1,1.0,1.0,0.0,1,1,0,1,1,0,0,6,0.0,0.0,267.70001220703125,267.70001220703125,0,14,1,2024-08-01,0.0,0.0,0.0,0.0,0
5,0.0,0.0,0.0,0.0,1.0,0,1,1.0,1.0,0.0,1,1,0,1,1,0,0,6,0.0,0.0,256.70001220703125,247.75657653808594,0,14,1,2024-08-01,0.0,0.0,0.0,0.0,0
6,0.0,0.0,0.0,0.0,1.0,0,1,1.0,1.0,0.0,1,1,0,1,1,0,0,6,0.0,0.0,229.1999969482422,190.71177673339844,0,14,1,2024-08-01,0.0,0.0,0.0,0.0,0
7,0.0,0.0,0.0,0.0,1.0,0,1,1.0,1.0,0.0,1,1,0,1,1,0,0,6,0.0,0.0,229.1999969482422,172.0606689453125,0,14,1,2024-08-01,0.0,0.0,0.0,0.0,0
8,0.0,0.0,0.0,0.0,1.0,0,1,1.0,1.0,0.0,1,1,0,1,1,0,0,6,0.0,0.0,279.20001220703125,201.6999969482422,0,14,1,2024-08-01,0.0,0.0,0.0,0.0,0
9,0.0,0.0,0.0,0.0,1.0,0,1,1.0,1.0,0.0,1,1,0,1,1,0,0,6,0.0,0.0,251.6999969482422,201.6999969482422,0,14,1,2024-08-01,0.0,0.0,0.0,0.0,0
10,0.0,0.0,0.0,0.0,1.0,0,1,1.0,1.0,0.0,1,1,0,1,1,0,0,6,0.0,0.0,251.6999969482422,198.4612274169922,0,14,1,2024-08-01,0.0,0.0,0.0,0.0,0
11,0.0,0.0,0.0,0.0,1.0,0,1,1.0,1.0,0.0,1,1,0,1,1,0,0,6,0.0,0.0,232.5,168.12161254882812,0,14,1,2024-08-01,0.0,0.0,0.0,0.0,0
12,0.0,0.0,0.0,0.0,1.0,0,1,1.0,1.0,0.0,1,1,0,1,1,0,0,6,0.0,0.0,232.5,155.861083984375,0,14,1,2024-08-01,0.0,0.0,0.0,0.0,0
13,0.0,0.0,0.0,0.0,1.0,0,1,1.0,1.0,0.0,1,1,0,1,1,0,0,6,0.0,0.0,232.5,155.0,0,14,1,2024-08-01,0.0,0.0,0.0,0.0,0
14,0.0,0.0,0.0,0.0,1.0,0,1,1.0,1.0,0.0,1,1,0,1,1,0,0,6,0.0,0.0,291.9212951660156,249.09034729003906,0,14,1,2024-08-01,0.0,0.0,0.0,0.0,0
15,0.0,0.0,0.0,0.0,1.0,0,1,1.0,1.0,0.0,1,1,0,1,1,0,0,6,0.0,0.0,338.4066467285156,286.89434814453125,0,14,1,2024-08-01,0.0,0.0,0.0,0.0,0
16,0.0,0.0,0.0,0.0,1.0,0,1,1.0,1.0,0.0,1,1,0,1,1,0,0,6,0.0,0.0,402.77801513671875,326.8437194824219,0,14,1,2024-08-01,0.0,0.0,0.0,0.0,0
17,0.0,0.0,0.0,0.0,1.0,0,1,1.0,1.0,0.0,1,1,0,1,1,0,0,6,0.0,0.0,454.2627868652344,370.1168212890625,0,14,1,2024-08-01,0.0,0.0,0.0,0.0,0
18,-61.56857641737918,284.00000381469727,303.2000045776367,587.200008392334,1.0,0,1,1.0,1.0,1.0,1,1,1,1,1,0,0,6,0.0,0.0,523.8868679185583,579.2418552259729,1,14,1,2024-08-01,28.400000381469727,30.320000457763673,58.7200008392334,6.733054465739358e-10,0
19,-37.406810565043145,408.2000045776367,408.2000045776367,816.4000091552734,1.0,0,1,1.0,1.0,1.0,1,1,1,1,1,0,0,6,0.0,0.0,604.1426889466757,643.8794668150431,1,14,1,2024-08-01,40.820000457763676,40.820000457763676,81.64000091552735,2.3941070535181505e-10,0
20,-53.51000061035154,535.1000061035156,535.1000061035156,1070.2000122070312,1.0,0,1,1.0,1.0,1.0,1,1,1,1,1,6,0,0,0.0,0.0,605.1772552490235,672.0129913330078,1,14,1,2024-08-01,53.51000061035157,53.51000061035157,107.02000122070314,1.4257885550202973e-09,0
21,-73.65500061035152,586.0500061035157,601.1000061035156,1187.1500122070313,1.0,0,1,1.0,1.0,1.0,1,1,1,1,1,0,6,0,0.0,0.0,591.7914715576172,730.1737994384765,1,14,1,2024-08-01,58.60500061035157,60.11000061035156,118.71500122070313,0.08438978659098835,0
22,-144.36359073626033,563.4500076293946,578.5000076293945,1141.950015258789,1.0,0,1,1.0,1.0,1.0,1,1,1,1,1,0,6,0,0.07692520189071736,0.0,520.1065020371772,863.6636395643853,1,14,1,2024-08-01,56.34500076293946,57.85000076293946,114.19500152587892,0.14032532109300166,0
23,-82.8700008392334,608.700008392334,608.700008392334,1217.400016784668,1.0,0,1,1.0,1.0,1.0,1,1,1,1,1,0,6,0,0.0,0.0,643.1667423248291,898.7700252532959,1,14,1,2024-08-01,60.8700008392334,60.8700008392334,121.7400016784668,0.138499997696893,0
24,-65.82000083923333,658.200008392334,658.200008392334,1316.400016784668,1.0,0,1,1.0,1.0,1.0,1,1,1,1,1,0,6,0,0.0,0.0,722.5168521881104,956.2069637298583,1,14,1,2024-08-01,65.8200008392334,65.8200008392334,131.6400016784668,0.052333333394187616,0
25,-73.57000083923333,735.700008392334,735.700008392334,1471.400016784668,1.0,0,1,1.0,1.0,1.0,1,1,1,1,1,6,0,0,0.0,0.0,855.4215763092042,1105.3700496673582,1,14,1,2024-08-01,73.5700008392334,73.5700008392334,147.1400016784668,0.03850000074925076,0
26,-172.25937974309394,835.700008392334,835.700008392334,1671.400016784668,1.0,0,1,1.0,1.0,1.0,1,1,1,1,1,0,6,0,0.06816996705704538,0.0,778.730366350656,1278.2593797430939,1,14,1,2024-08-01,83.5700008392334,83.5700008392334,167.1400016784668,0.09599999985706552,0
27,-15.97193657919371,816.5000076293945,816.5000076293945,1633.000015258789,1.0,0,1,1.0,1.0,1.0,1,1,1,1,1,0,6,0,0.0,0.0,974.7194696708063,1215.2889531807562,1,14,1,2024-08-01,81.65000076293946,81.65000076293946,163.3000015258789,0.0960000008564174,0
28,-47.97552147615833,1048.3000106811523,1048.3000106811523,2096.6000213623047,1.0,0,1,1.0,1.0,1.0,1,1,1,1,1,6,0,0,0.2494237947758176,0.0,786.8290439535292,1222.6755947183458,1,14,1,2024-08-01,104.83000106811524,104.83000106811524,209.66000213623047,0.07999999930524322,0
29,6.1417241408300285,1048.3000106811523,1048.3000106811523,2096.6000213623047,1.0,0,1,1.0,1.0,1.0,1,1,1,1,1,6,0,0,0.27654330727483417,0.0,758.3996587111425,1152.0583491013574,1,14,1,2024-08-01,104.83000106811524,104.83000106811524,209.66000213623047,0.07999999791338601,0
30,57.4442363523806,1064.4333432515461,1067.600009918213,2132.033353169759,0.8333333333333334,1,0,0.8333333333333334,1.0,1.0,0,0,1,0,1,6,0,0,0.20829530027583976,0.0,842.7168803953493,1166.6556171632444,1,14,1,2024-08-01,106.44333432515462,106.7600009918213,213.20333531697588,0.003494801866879927,0
31,130.36000175476067,1111.600009918213,1111.600009918213,2223.200019836426,0.8333333333333334,1,0,0.8333333333333334,1.0,1.0,0,0,1,0,1,6,0,0,0.1789726520697257,0.07666428632442042,912.6540081024169,1026.3799884796144,1,14,1,2024-08-01,111.16000099182129,111.16000099182129,222.32000198364258,0.003499998951610257,0
32,122.99000091552728,1119.9000091552734,1119.9000091552734,2239.800018310547,1.0,0,1,1.0,1.0,1.0,1,1,1,1,1,0,6,0,0.2242998959298547,0.11325397291571089,868.7065536499023,993.0668838500977,1,14,1,2024-08-01,111.99000091552735,111.99000091552735,223.9800018310547,0.015000001975644639,0
33,110.3400009155273,1089.8993375142416,1103.4000091552734,2193.299346669515,1.0,0,1,1.0,1.0,1.0,1,1,1,1,1,0,6,0,0.15234136573528487,0.047709220032635294,923.8625839233398,1050.7576553344727,1,14,1,2024-08-01,108.98993375142416,110.34000091552736,219.32993466695154,0.015092331321536624,0
34,127.07000160217285,1070.529343922933,1078.700008392334,2149.229352315267,1.0,0,1,1.0,1.0,1.0,1,1,1,1,1,0,6,0,0.16471422631639163,0.1085135611567278,894.1979312896729,961.6464290618896,1,14,1,2024-08-01,107.05293439229331,107.8700008392334,214.9229352315267,0.001505704806108223,0
35,145.17000083923335,951.700008392334,951.700008392334,1903.400016784668,0.0,6,0,1.0,0.0,1.0,0,0,1,1,0,0,6,0,0.06472360077500768,0.0845539393799516,890.1025569915771,871.2300235748291,1,14,1,2024-08-01,95.17000083923341,95.17000083923341,190.34000167846682,0.0014999999178299144,0
36,258.9282744085001,944.1000061035156,944.1000061035156,1888.2000122070312,0.6666666666666666,2,0,0.6666666666666666,1.0,1.0,0,0,1,0,1,6,0,0,0.0,0.25669464846642404,961.7526152288126,701.7545869196249,1,14,1,2024-08-01,94.41000061035157,94.41000061035157,188.82000122070315,0.025000003972969902,0
37,131.58000068664546,1040.800006866455,1040.800006866455,2081.60001373291,0.5,3,0,0.5,1.0,1.0,0,0,1,0,1,6,0,0,0.167846419453443,0.21847970592613322,866.1054523468017,813.4063274383545,1,14,1,2024-08-01,104.08000068664552,104.08000068664552,208.16000137329104,0.024999999725113072,0
38,101.07000083923333,1010.700008392334,1010.700008392334,2021.400016784668,1.0,0,1,1.0,1.0,1.0,1,1,1,1,1,6,0,0,0.3035039724615924,0.2571798042613817,703.9485408782958,750.7683780670167,1,14,1,2024-08-01,101.0700008392334,101.0700008392334,202.1400016784668,0.004000001426689938,0
39,158.12000236511233,922.200008392334,922.200008392334,1844.400016784668,1.0,0,1,1.0,1.0,1.0,1,1,1,1,1,6,0,0,0.13012446465231098,0.23923564230713337,802.1992259979248,701.5768970489502,1,14,1,2024-08-01,92.2200008392334,92.2200008392334,184.4400016784668,0.021464524893834304,0
40,89.14000091552737,891.4000091552734,891.4000091552734,1782.8000183105469,1.0,0,1,1.0,1.0,1.0,1,1,1,1,1,0,6,0,0.15661241431716721,0.12295424087088692,751.7957015991211,781.7985977172851,1,14,1,2024-08-01,89.14000091552735,89.14000091552735,178.2800018310547,0.09329338825242034,0
41,86.45000038146975,855.7133344014485,864.5000038146973,1720.2133382161458,0.6666666666666666,2,0,1.0,0.6666666666666666,1.0,0,0,1,1,0,0,6,0,0.030666921655439053,0.07381073327310747,829.4712406158447,800.6906246185303,1,14,1,2024-08-01,85.57133344014485,86.45000038146974,172.02133382161458,0.31593891286698783,0
42,118.69209325926556,787.0000038146973,787.0000038146973,1574.0000076293945,1.0,0,1,1.0,1.0,1.0,1,1,1,1,1,0,6,0,0.0,0.07902426527637761,974.2397006811406,724.8079067407344,1,14,1,2024-08-01,78.70000038146974,78.70000038146974,157.40000076293947,0.012500001647161765,0
43,108.8240005673623,732.0000038146973,732.0000038146973,1464.0000076293945,1.0,0,1,1.0,1.0,1.0,1,1,1,1,1,0,6,0,0.0,0.08684914864024947,885.2948257626748,668.4264266787314,1,14,1,2024-08-01,73.20000038146974,73.20000038146974,146.40000076293947,0.012499999922531878,0
44,129.82500085830685,577.0000038146973,577.0000038146973,1154.0000076293945,0.5,3,0,0.5,1.0,1.0,0,0,1,0,1,6,0,0,0.0,0.049928225347507356,748.2335701942443,548.1914175987245,1,14,1,2024-08-01,57.70000038146973,57.70000038146973,115.40000076293946,0.1053333317653627,0
45,84.53036125763714,511.00000381469727,511.00000381469727,1022.0000076293945,0.8333333333333334,1,0,0.8333333333333334,1.0,1.0,0,0,1,0,1,6,0,0,0.0,0.016672451704959,563.352809988106,502.48038092986286,1,14,1,2024-08-01,51.10000038146973,51.10000038146973,102.20000076293945,0.12449999759816671,0
46,77.45000114440916,472.50000381469727,472.50000381469727,945.0000076293945,1.0,0,1,1.0,1.0,1.0,1,1,1,1,1,4,2,0,0.0,0.004335224580833552,501.26909294128416,470.45161018371584,1,14,1,2024-08-01,47.25000038146973,47.25000038146973,94.50000076293946,0.0748333315719793,0
47,48.410000610351574,484.1000061035156,484.1000061035156,968.2000122070312,0.5,3,0,1.0,0.5,1.0,0,0,1,1,0,0,6,0,0.12494297890517352,0.07288468144307485,423.6151092529297,448.8165313720703,1,14,1,2024-08-01,48.41000061035157,48.41000061035157,96.82000122070313,0.005499999085922572,0
0,0.0,0.0,0.0,0.0,1.0,0,1,1.0,1.0,0.0,1,1,0,1,1,0,0,6,0.0,0.0,315.9000244140625,349.9000244140625,0,14,2,2024-08-01,0.0,0.0,0.0,0.0,0
1,0.0,0.0,0.0,0.0,1.0,0,1,1.0,1.0,0.0,1,1,0,1,1,0,0,6,0.0,0.0,316.22149658203125,349.9000244140625,0,14,2,2024-08-01,0.0,0.0,0.0,0.0,0
2,0.0,0.0,0.0,0.0,1.0,0,1,1.0,1.0,0.0,1,1,0,1,1,0,0,6,0.0,0.0,302.9710693359375,321.6028747558594,0,14,2,2024-08-01,0.0,0.0,0.0,0.0,0
3,0.0,0.0,0.0,0.0,1.0,0,1,1.0,1.0,0.0,1,1,0,1,1,0,0,6,0.0,0.0,288.48382568359375,293.37957763671875,0,14,2,2024-08-01,0.0,0.0,0.0,0.0,0
4,0.0,0.0,0.0,0.0,1.0,0,1,1.0,1.0,0.0,1,1,0,1,1,0,0,6,0.0,0.0,314.1999816894531,308.42315673828125,0,14,2,2024-08-01,0.0,0.0,0.0,0.0,0
5,0.0,0.0,0.0,0.0,1.0,0,1,1.0,1.0,0.0,1,1,0,1,1,0,0,6,0.0,0.0,264.20001220703125,251.14662170410156,0,14,2,2024-08-01,0.0,0.0,0.0,0.0,0
6,0.0,0.0,0.0,0.0,1.0,0,1,1.0,1.0,0.0,1,1,0,1,1,0,0,6,0.0,0.0,264.20001220703125,234.8889923095703,0,14,2,2024-08-01,0.0,0.0,0.0,0.0,0
7,0.0,0.0,0.0,0.0,1.0,0,1,1.0,1.0,0.0,1,1,0,1,1,0,0,6,0.0,0.0,264.20001220703125,209.64242553710938,0,14,2,2024-08-01,0.0,0.0,0.0,0.0,0
8,0.0,0.0,0.0,0.0,1.0,0,1,1.0,1.0,0.0,1,1,0,1,1,0,0,6,0.0,0.0,264.20001220703125,195.0,0,14,2,2024-08-01,0.0,0.0,0.0,0.0,0
9,0.0,0.0,0.0,0.0,1.0,0,1,1.0,1.0,0.0,1,1,0,1,1,0,0,6,0.0,0.0,264.20001220703125,190.93182373046875,0,14,2,2024-08-01,0.0,0.0,0.0,0.0,0
10,0.0,0.0,0.0,0.0,1.0,0,1,1.0,1.0,0.0,1,1,0,1,1,0,0,6,0.0,0.0,275.20001220703125,187.52442932128906,0,14,2,2024-08-01,0.0,0.0,0.0,0.0,0
11,0.0,0.0,0.0,0.0,1.0,0,1,1.0,1.0,0.0,1,1,0,1,1,0,0,6,0.0,0.0,302.70001220703125,191.04652404785156,0,14,2,2024-08-01,0.0,0.0,0.0,0.0,0
12,0.0,0.0,0.0,0.0,1.0,0,1,1.0,1.0,0.0,1,1,0,1,1,0,0,6,0.0,0.0,302.70001220703125,186.8000030517578,0,14,2,2024-08-01,0.0,0.0,0.0,0.0,0
13,0.0,0.0,0.0,0.0,1.0,0,1,1.0,1.0,0.0,1,1,0,1,1,0,0,6,0.0,0.0,380.20001220703125,264.29998779296875,0,14,2,2024-08-01,0.0,0.0,0.0,0.0,0
14,0.0,0.0,0.0,0.0,1.0,0,1,1.0,1.0,0.0,1,1,0,1,1,0,0,6,0.0,0.0,426.6968688964844,295.70355224609375,0,14,2,2024-08-01,0.0,0.0,0.0,0.0,0
15,0.0,0.0,0.0,0.0,1.0,0,1,1.0,1.0,0.0,1,1,0,1,1,0,0,6,0.0,0.0,446.7286682128906,295.0155334472656,0,14,2,2024-08-01,0.0,0.0,0.0,0.0,0
16,0.0,0.0,0.0,0.0,1.0,0,1,1.0,1.0,0.0,1,1,0,1,1,0,0,6,0.0,0.0,551.6903686523438,346.1323547363281,0,14,2,2024-08-01,0.0,0.0,0.0,0.0,0
17,0.0,0.0,0.0,0.0,1.0,0,1,1.0,1.0,0.0,1,1,0,1,1,0,0,6,0.0,0.0,579.4781494140625,352.87799072265625,0,14,2,2024-08-01,0.0,0.0,0.0,0.0,0
18,-61.56857641737918,284.00000381469727,303.2000045776367,587.200008392334,1.0,0,1,1.0,1.0,1.0,1,1,1,1,1,0,0,6,0.0,0.0,498.3792385240271,485.2685581068323,1,14,2,2024-08-01,28.400000381469727,30.320000457763673,58.7200008392334,6.733054465739358e-10,0
19,-37.406810565043145,408.2000045776367,408.2000045776367,816.4000091552734,1.0,0,1,1.0,1.0,1.0,1,1,1,1,1,0,0,6,0.0,0.0,555.7938730287069,585.0620840025431,1,14,2,2024-08-01,40.820000457763676,40.820000457763676,81.64000091552735,2.3941070535181505e-10,0
20,-53.51000061035154,535.1000061035156,535.1000061035156,1070.2000122070312,1.0,0,1,1.0,1.0,1.0,1,1,1,1,1,6,0,0,0.11255292740905647,0.0,474.87293395996096,618.8830474853515,1,14,2,2024-08-01,53.51000061035157,53.51000061035157,107.02000122070314,1.4257885550202973e-09,0
21,-73.65500061035152,586.0500061035157,601.1000061035156,1187.1500122070313,1.0,0,1,1.0,1.0,1.0,1,1,1,1,1,0,6,0,0.2538487406891966,0.0,437.28195007324223,734.4505938720703,1,14,2,2024-08-01,58.60500061035157,60.11000061035156,118.71500122070313,0.08438978659098835,0
22,-144.36359073626033,563.4500076293946,578.5000076293945,1141.950015258789,1.0,0,1,1.0,1.0,1.0,1,1,1,1,1,0,6,0,0.2605434739574114,0.0,416.64678524030217,848.8908734511041,1,14,2,2024-08-01,56.34500076293946,57.85000076293946,114.19500152587892,0.14032532109300166,0
23,-82.8700008392334,608.700008392334,608.700008392334,1217.400016784668,1.0,0,1,1.0,1.0,1.0,1,1,1,1,1,0,6,0,0.13489461530765232,0.0,526.5896549224854,864.4274959564209,1,14,2,2024-08-01,60.8700008392334,60.8700008392334,121.7400016784668,0.138499997696893,0
24,-65.82000083923333,658.200008392334,658.200008392334,1316.400016784668,1.0,0,1,1.0,1.0,1.0,1,1,1,1,1,0,6,0,0.12549547842756548,0.0,575.5988834381104,886.5399715423583,1,14,2,2024-08-01,65.8200008392334,65.8200008392334,131.6400016784668,0.052333333394187616,0
25,-73.57000083923333,735.700008392334,735.700008392334,1471.400016784668,0.6666666666666666,2,0,0.6666666666666666,1.0,1.0,0,0,1,0,1,6,0,0,0.31409915826582474,0.0,504.61725502014167,906.4699642181396,1,14,2,2024-08-01,73.5700008392334,73.5700008392334,147.1400016784668,0.03850000074925076,0
26,-172.25937974309394,835.700008392334,835.700008392334,1671.400016784668,1.0,0,1,1.0,1.0,1.0,1,1,1,1,1,0,6,0,0.5457840460751776,0.0,379.588276506906,996.9594529852815,1,14,2,2024-08-01,83.5700008392334,83.5700008392334,167.1400016784668,0.09599999985706552,0
27,-15.97193657919371,816.5000076293945,816.5000076293945,1633.000015258789,1.0,0,1,1.0,1.0,1.0,1,1,1,1,1,0,6,0,0.244424930223353,0.0,616.9270502372126,917.5719732002874,1,14,2,2024-08-01,81.65000076293946,81.65000076293946,163.3000015258789,0.0960000008564174,0
28,-47.97552147615833,1048.3000106811523,1048.3000106811523,2096.6000213623047,0.16666666666666666,5,0,0.16666666666666666,1.0,1.0,0,0,1,0,1,6,0,0,0.40003716774114895,0.01767099229541042,628.941043465248,1029.775509269127,1,14,2,2024-08-01,104.83000106811524,104.83000106811524,209.66000213623047,0.07999999930524322,0
29,6.1417241408300285,1048.3000106811523,1048.3000106811523,2096.6000213623047,0.0,6,0,0.0,1.0,1.0,0,0,1,0,1,6,0,0,0.48896748248019883,0.15896373585418433,535.7153935744237,881.658324687295,1,14,2,2024-08-01,104.83000106811524,104.83000106811524,209.66000213623047,0.07999999791338601,0
30,57.4442363523806,1064.4333432515461,1067.600009918213,2132.033353169759,0.16666666666666666,5,0,0.16666666666666666,1.0,1.0,0,0,1,0,1,6,0,0,0.5072245080855754,0.27364576540132446,524.5266643308962,775.4557880616819,1,14,2,2024-08-01,106.44333432515462,106.7600009918213,213.20333531697588,0.003494801866879927,0
31,130.36000175476067,1111.600009918213,1111.600009918213,2223.200019836426,1.0,0,1,1.0,1.0,1.0,1,1,1,1,1,6,0,0,0.5005564880046904,0.42232818233558184,555.1814128875732,642.1399982452393,1,14,2,2024-08-01,111.16000099182129,111.16000099182129,222.32000198364258,0.003499998951610257,0
32,122.99000091552728,1119.9000091552734,1119.9000091552734,2239.800018310547,1.0,0,1,1.0,1.0,1.0,1,1,1,1,1,0,6,0,0.4639579039457125,0.4097598056249108,600.3135482788085,661.0099990844727,1,14,2,2024-08-01,111.99000091552735,111.99000091552735,223.9800018310547,0.015000001975644639,0
33,110.3400009155273,1089.8993375142416,1103.4000091552734,2193.299346669515,1.0,0,1,1.0,1.0,1.0,1,1,1,1,1,0,6,0,0.4459749104526136,0.4143918853334509,603.8315780639648,646.1599990844727,1,14,2,2024-08-01,108.98993375142416,110.34000091552736,219.32993466695154,0.015092331321536624,0
34,127.07000160217285,1070.529343922933,1078.700008392334,2149.229352315267,0.3333333333333333,4,0,1.0,0.3333333333333333,1.0,0,0,1,1,0,0,6,0,0.40809058578084023,0.42418651546079605,633.6563968658447,621.1300106048584,1,14,2,2024-08-01,107.05293439229331,107.8700008392334,214.9229352315267,0.001505704806108223,0
35,145.17000083923335,951.700008392334,951.700008392334,1903.400016784668,0.5,3,0,1.0,0.5,1.0,0,0,1,1,0,0,6,0,0.25824583282205826,0.3577493357678987,705.9274471282959,611.2299625396729,1,14,2,2024-08-01,95.17000083923341,95.17000083923341,190.34000167846682,0.0014999999178299144,0
36,258.9282744085001,944.1000061035156,944.1000061035156,1888.2000122070312,1.0,0,1,1.0,1.0,1.0,1,1,1,1,1,6,0,0,0.15387444763239772,0.5428749890886239,798.8271391545939,431.5717255914999,1,14,2,2024-08-01,94.41000061035157,94.41000061035157,188.82000122070315,0.025000003972969902,0
37,131.58000068664546,1040.800006866455,1040.800006866455,2081.60001373291,1.0,0,1,1.0,1.0,1.0,1,1,1,1,1,6,0,0,0.37131785478389556,0.462990011888932,654.3323810577392,558.9199993133545,1,14,2,2024-08-01,104.08000068664552,104.08000068664552,208.16000137329104,0.024999999725113072,0
38,101.07000083923333,1010.700008392334,1010.700008392334,2021.400016784668,1.0,0,1,1.0,1.0,1.0,1,1,1,1,1,6,0,0,0.3833667254902014,0.3869298444417647,623.2312557220458,619.6300113677979,1,14,2,2024-08-01,101.0700008392334,101.0700008392334,202.1400016784668,0.004000001426689938,0
39,158.12000236511233,922.200008392334,922.200008392334,1844.400016784668,1.0,0,1,1.0,1.0,1.0,1,1,1,1,1,6,0,0,0.3041899845136612,0.42097579359508036,641.6760021209717,533.9761280059814,1,14,2,2024-08-01,92.2200008392334,92.2200008392334,184.4400016784668,0.021464524893834304,0
40,89.14000091552737,891.4000091552734,891.4000091552734,1782.8000183105469,1.0,0,1,1.0,1.0,1.0,1,1,1,1,1,0,6,0,0.38445807445758334,0.3714830404484064,548.6940780639649,560.2600234985351,1,14,2,2024-08-01,89.14000091552735,89.14000091552735,178.2800018310547,0.09329338825242034,0
41,86.45000038146975,855.7133344014485,864.5000038146973,1720.2133382161458,0.6666666666666666,2,0,1.0,0.6666666666666666,1.0,0,0,1,1,0,0,6,0,0.3013447056744794,0.3864685972600131,597.8486515045166,530.3979000091553,1,14,2,2024-08-01,85.57133344014485,86.45000038146974,172.02133382161458,0.31593891286698783,1
42,118.69209325926556,787.0000038146973,787.0000038146973,1574.0000076293945,1.0,0,1,1.0,1.0,1.0,1,1,1,1,1,0,6,0,0.16226888820146126,0.4407149544132623,659.2943881811406,440.1573330102657,1,14,2,2024-08-01,78.70000038146974,78.70000038146974,157.40000076293947,0.012500001647161765,0
43,108.8240005673623,732.0000038146973,732.0000038146973,1464.0000076293945,1.0,0,1,1.0,1.0,1.0,1,1,1,1,1,0,6,0,0.090152647222283,0.3333580531520144,666.008265704081,487.9819076357627,1,14,2,2024-08-01,73.20000038146974,73.20000038146974,146.40000076293947,0.012499999922531878,0
44,129.82500085830685,577.0000038146973,577.0000038146973,1154.0000076293945,1.0,0,1,1.0,1.0,1.0,1,1,1,1,1,6,0,0,0.02537927974403913,0.2555025637509128,562.3561593055724,429.57502355575565,1,14,2,2024-08-01,57.70000038146973,57.70000038146973,115.40000076293946,0.1053333317653627,0
45,84.53036125763714,511.00000381469727,511.00000381469727,1022.0000076293945,0.16666666666666666,5,0,0.16666666666666666,1.0,1.0,0,0,1,0,1,6,0,0,0.0,0.0,521.4511071072466,515.3363379611128,1,14,2,2024-08-01,51.10000038146973,51.10000038146973,102.20000076293945,0.12449999759816671,0
46,77.45000114440916,472.50000381469727,472.50000381469727,945.0000076293945,0.6666666666666666,2,0,0.5,1.0,1.0,0,0,1,0,1,4,2,0,0.01975979178486346,0.0,463.16350212097166,485.1500354766846,1,14,2,2024-08-01,47.25000038146973,47.25000038146973,94.50000076293946,0.0748333315719793,0
47,48.410000610351574,484.1000061035156,484.1000061035156,968.2000122070312,1.0,0,1,1.0,1.0,1.0,1,1,1,1,1,0,6,0,0.1009039406129576,0.0,435.2524078369141,496.2520477294922,1,14,2,2024-08-01,48.41000061035157,48.41000061035157,96.82000122070313,0.005499999085922572,0
0,0.0,0.0,0.0,0.0,1.0,0,1,1.0,1.0,0.0,1,1,0,1,1,0,0,6,0.0,0.0,207.60000610351562,239.59999084472656,0,15,0,2024-08-01,0.0,0.0,0.0,0.0,0
1,0.0,0.0,0.0,0.0,1.0,0,1,1.0,1.0,0.0,1,1,0,1,1,0,0,6,0.0,0.0,253.7716522216797,258.79998779296875,0,15,0,2024-08-01,0.0,0.0,0.0,0.0,0
2,0.0,0.0,0.0,0.0,1.0,0,1,1.0,1.0,0.0,1,1,0,1,1,0,0,6,0.0,0.0,224.3671417236328,231.29998779296875,0,15,0,2024-08-01,0.0,0.0,0.0,0.0,0
3,0.0,0.0,0.0,0.0,1.0,0,1,1.0,1.0,0.0,1,1,0,1,1,0,0,6,0.0,0.0,231.29998779296875,231.29998779296875,0,15,0,2024-08-01,0.0,0.0,0.0,0.0,0
4,0.0,0.0,0.0,0.0,1.0,0,1,1.0,1.0,0.0,1,1,0,1,1,0,0,6,0.0,0.0,226.40621948242188,215.3170166015625,0,15,0,2024-08-01,0.0,0.0,0.0,0.0,0
5,0.0,0.0,0.0,0.0,1.0,0,1,1.0,1.0,0.0,1,1,0,1,1,0,0,6,0.0,0.0,196.05958557128906,180.86285400390625,0,15,0,2024-08-01,0.0,0.0,0.0,0.0,0
6,0.0,0.0,0.0,0.0,1.0,0,1,1.0,1.0,0.0,1,1,0,1,1,0,0,6,0.0,0.0,195.80538940429688,170.48455810546875,0,15,0,2024-08-01,0.0,0.0,0.0,0.0,0
7,0.0,0.0,0.0,0.0,1.0,0,1,1.0,1.0,0.0,1,1,0,1,1,0,0,6,0.0,0.0,211.99998474121094,162.68878173828125,0,15,0,2024-08-01,0.0,0.0,0.0,0.0,0
8,0.0,0.0,0.0,0.0,1.0,0,1,1.0,1.0,0.0,1,1,0,1,1,0,0,6,0.0,0.0,222.99998474121094,167.99803161621094,0,15,0,2024-08-01,0.0,0.0,0.0,0.0,0
9,0.0,0.0,0.0,0.0,1.0,0,1,1.0,1.0,0.0,1,1,0,1,1,0,0,6,0.0,0.0,203.79998779296875,150.57144165039062,0,15,0,2024-08-01,0.0,0.0,0.0,0.0,0
10,0.0,0.0,0.0,0.0,1.0,0,1,1.0,1.0,0.0,1,1,0,1,1,0,0,6,0.0,0.0,126.30000305175781,113.35836791992188,0,15,0,2024-08-01,0.0,0.0,0.0,0.0,0
11,0.0,0.0,0.0,0.0,1.0,0,1,1.0,1.0,0.0,1,1,0,1,1,0,0,6,0.0,0.0,126.30000305175781,91.68455505371094,0,15,0,2024-08-01,0.0,0.0,0.0,0.0,0
12,0.0,0.0,0.0,0.0,1.0,0,1,1.0,1.0,0.0,1,1,0,1,1,0,0,6,0.0,0.0,107.10000610351562,87.98170471191406,0,15,0,2024-08-01,0.0,0.0,0.0,0.0,0
13,0.0,0.0,0.0,0.0,1.0,0,1,1.0,1.0,0.0,1,1,0,1,1,0,0,6,0.0,0.0,153.08802795410156,157.10000610351562,0,15,0,2024-08-01,0.0,0.0,0.0,0.0,0
14,0.0,0.0,0.0,0.0,1.0,0,1,1.0,1.0,0.0,1,1,0,1,1,0,0,6,0.0,0.0,200.68505859375,225.7948760986328,0,15,0,2024-08-01,0.0,0.0,0.0,0.0,0
15,0.0,0.0,0.0,0.0,1.0,0,1,1.0,1.0,0.0,1,1,0,1,1,0,0,6,0.0,0.0,238.8999786376953,250.0396728515625,0,15,0,2024-08-01,0.0,0.0,0.0,0.0,0
16,0.0,0.0,0.0,0.0,1.0,0,1,1.0,1.0,0.0,1,1,0,1,1,0,0,6,0.0,0.0,327.3000183105469,318.6882629394531,0,15,0,2024-08-01,0.0,0.0,0.0,0.0,0
17,0.0,0.0,0.0,0.0,1.0,0,1,1.0,1.0,0.0,1,1,0,1,1,0,0,6,0.0,0.0,420.70001220703125,405.07952880859375,0,15,0,2024-08-01,0.0,0.0,0.0,0.0,0
18,-61.56857641737918,284.00000381469727,303.2000045776367,587.200008392334,1.0,0,1,1.0,1.0,1.0,1,1,1,1,1,6,0,0,0.0,0.0,404.98894921738645,581.7685886244104,1,15,0,2024-08-01,28.400000381469727,30.320000457763673,58.7200008392334,7.16972440281522e-09,0
19,-37.406810565043145,408.2000045776367,408.2000045776367,816.4000091552734,1.0,0,1,1.0,1.0,1.0,1,1,1,1,1,5,1,0,0.0,0.0,439.31178684706623,585.1852529478556,1,15,0,2024-08-01,40.820000457763676,40.820000457763676,81.64000091552735,0.0005892293012548442,0
20,-53.51000061035154,535.1000061035156,535.1000061035156,1070.2000122070312,1.0,0,1,1.0,1.0,1.0,1,1,1,1,1,6,0,0,0.05439307404399306,0.0,505.99427185058596,750.1897491455078,1,15,0,2024-08-01,53.51000061035157,53.51000061035157,107.02000122070314,0.04545455336119098,0
21,-73.65500061035152,586.0500061035157,601.1000061035156,1187.1500122070313,1.0,0,1,1.0,1.0,1.0,1,1,1,1,1,6,0,0,0.3321013716189265,0.0,391.42199523925785,788.2529620361328,1,15,0,2024-08-01,58.60500061035157,60.11000061035156,118.71500122070313,0.04487830546768161,0
22,-144.36359073626033,563.4500076293946,578.5000076293945,1141.950015258789,1.0,0,1,1.0,1.0,1.0,1,1,1,1,1,6,0,0,0.5089967988957073,0.0,276.6557574082709,935.6405682753228,1,15,0,2024-08-01,56.34500076293946,57.85000076293946,114.19500152587892,9.587381086237539e-09,0
23,-82.8700008392334,608.700008392334,608.700008392334,1217.400016784668,1.0,0,1,1.0,1.0,1.0,1,1,1,1,1,4,2,0,0.5370652513452729,0.0,281.78838539123535,849.2700252532959,1,15,0,2024-08-01,60.8700008392334,60.8700008392334,121.7400016784668,0.0007575806714403964,0
24,-65.82000083923333,658.200008392334,658.200008392334,1316.400016784668,0.8333333333333334,1,0,0.8,1.0,1.0,0,0,1,0,1,5,1,0,0.4649811363454445,0.0,352.1494205474854,945.4199764251708,1,15,0,2024-08-01,65.8200008392334,65.8200008392334,131.6400016784668,0.00033670450293404305,0
25,-73.57000083923333,735.700008392334,735.700008392334,1471.400016784668,1.0,0,1,1.0,1.0,1.0,1,1,1,1,1,4,2,0,0.5343813563649855,0.0,342.5556400299073,1018.7181941986083,1,15,0,2024-08-01,73.5700008392334,73.5700008392334,147.1400016784668,0.0006734032930241271,0
26,-172.25937974309394,835.700008392334,835.700008392334,1671.400016784668,0.6666666666666666,2,0,0.3333333333333333,1.0,1.0,0,0,1,0,1,3,3,0,0.8128294673970747,0.0,156.4184156670623,1134.3593553290314,1,15,0,2024-08-01,83.5700008392334,83.5700008392334,167.1400016784668,0.0009259271812110014,0
27,-15.97193657919371,816.5000076293945,816.5000076293945,1633.000015258789,1.0,0,1,1.0,1.0,1.0,1,1,1,1,1,1,5,0,0.6077527848136167,0.0,320.26985419229067,1022.2780889229437,1,15,0,2024-08-01,81.65000076293946,81.65000076293946,163.3000015258789,0.0015151523902727075,0
28,-47.97552147615833,1048.3000106811523,1048.3000106811523,2096.6000213623047,1.0,0,1,1.0,1.0,1.0,1,1,1,1,1,0,6,0,0.7661673171175309,0.0442854758350774,245.1268039632948,1001.8755458902208,1,15,0,2024-08-01,104.83000106811524,104.83000106811524,209.66000213623047,0.046380468892322606,0
29,6.1417241408300285,1048.3000106811523,1048.3000106811523,2096.6000213623047,1.0,0,1,1.0,1.0,1.0,1,1,1,1,1,0,6,0,0.6376062520061048,0.0330455839367475,379.89736989278316,1013.658324687295,1,15,0,2024-08-01,104.83000106811524,104.83000106811524,209.66000213623047,0.04688552162912631,0
30,57.4442363523806,1064.4333432515461,1067.600009918213,2132.033353169759,1.0,0,1,1.0,1.0,1.0,1,1,1,1,1,0,6,0,0.507564566010701,0.06195599591798259,524.1646953367556,1001.4557880616819,1,15,0,2024-08-01,106.44333432515462,106.7600009918213,213.20333531697588,0.031865438712078434,0
31,130.36000175476067,1111.600009918213,1111.600009918213,2223.200019836426,1.0,0,1,1.0,1.0,1.0,1,1,1,1,1,0,6,0,0.3521016495466686,0.13994241262228538,720.2038127899169,956.0400226593018,1,15,0,2024-08-01,111.16000099182129,111.16000099182129,222.32000198364258,0.032239058411560766,0
32,122.99000091552728,1119.9000091552734,1119.9000091552734,2239.800018310547,0.5,3,0,0.5,1.0,1.0,0,0,1,0,1,6,0,0,0.4762394645855963,0.22608268219833974,586.5594284057617,866.710011291504,1,15,0,2024-08-01,111.99000091552735,111.99000091552735,223.9800018310547,0.07500000244117004,0
33,110.3400009155273,1089.8993375142416,1103.4000091552734,2193.299346669515,0.6666666666666666,2,0,0.6666666666666666,1.0,1.0,0,0,1,0,1,6,0,0,0.4963118647440908,0.2030451296038026,548.9693649291992,879.360011291504,1,15,0,2024-08-01,108.98993375142416,110.34000091552736,219.32993466695154,0.0746667275282252,0
34,127.07000160217285,1070.529343922933,1078.700008392334,2149.229352315267,0.3333333333333333,4,0,0.0,0.4,1.0,0,0,1,0,0,1,5,0,0.4700627474546271,0.23896357466306176,567.3133792877197,820.9299983978271,1,15,0,2024-08-01,107.05293439229331,107.8700008392334,214.9229352315267,0.032238691253483776,0
35,145.17000083923335,951.700008392334,951.700008392334,1903.400016784668,0.0,6,0,0.0,1.0,1.0,0,0,1,0,1,6,0,0,0.4705403033825462,0.21694860039592279,503.88679771423335,745.2300235748291,1,15,0,2024-08-01,95.17000083923341,95.17000083923341,190.34000167846682,0.15608309182302244,0
36,258.9282744085001,944.1000061035156,944.1000061035156,1888.2000122070312,0.0,6,0,0.0,1.0,1.0,0,0,1,0,1,6,0,0,0.33929480326739686,0.27531861375454586,623.7717802678751,684.1717011774374,1,15,0,2024-08-01,94.41000061035157,94.41000061035157,188.82000122070315,0.16354618203126559,1
37,131.58000068664546,1040.800006866455,1040.800006866455,2081.60001373291,0.0,6,0,0.0,0.0,1.0,0,0,1,0,0,5,1,0,0.5077110498199643,0.24191009829563626,512.3743427276611,789.019974899292,1,15,0,2024-08-01,104.08000068664552,104.08000068664552,208.16000137329104,0.14174769840949372,1
38,101.07000083923333,1010.700008392334,1010.700008392334,2021.400016784668,0.16666666666666666,5,0,1.0,0.16666666666666666,1.0,0,0,1,1,0,0,6,0,0.5277907475932071,0.2631542081675713,477.26189537048333,744.7300479888917,1,15,0,2024-08-01,101.0700008392334,101.0700008392334,202.1400016784668,0.018642320770962055,0
39,158.12000236511233,922.200008392334,922.200008392334,1844.400016784668,1.0,0,1,1.0,1.0,1.0,1,1,1,1,1,0,6,0,0.38700073252362666,0.31687266479836407,565.3079296112061,629.9800342559814,1,15,0,2024-08-01,92.2200008392334,92.2200008392334,184.4400016784668,0.01741687004858837,0
40,89.14000091552737,891.4000091552734,891.4000091552734,1782.8000183105469,0.8333333333333334,1,0,0.0,1.0,1.0,0,0,1,0,1,1,5,0,0.46386139521442676,0.23742425788989713,477.9139572143555,679.7600234985351,1,15,0,2024-08-01,89.14000091552735,89.14000091552735,178.2800018310547,0.045491390775272963,0
41,86.45000038146975,855.7133344014485,864.5000038146973,1720.2133382161458,0.5,3,0,0.0,1.0,1.0,0,0,1,0,1,3,3,0,0.44466492378735967,0.26853667361903516,475.207629776001,632.3500484466553,1,15,0,2024-08-01,85.57133344014485,86.45000038146974,172.02133382161458,0.07621125848156315,1
42,118.69209325926556,787.0000038146973,787.0000038146973,1574.0000076293945,0.6666666666666666,2,0,0.0,1.0,1.0,0,0,1,0,1,2,4,0,0.43923145796067714,0.3350598421801918,441.3248447241093,523.3079067407344,1,15,0,2024-08-01,78.70000038146974,78.70000038146974,157.40000076293947,0.055645033906868695,0
43,108.8240005673623,732.0000038146973,732.0000038146973,1464.0000076293945,1.0,0,1,1.0,1.0,1.0,1,1,1,1,1,0,6,0,0.42281159037427324,0.3467541025400241,422.50191804783105,478.1759994326377,1,15,0,2024-08-01,73.20000038146974,73.20000038146974,146.40000076293947,0.10762254174730415,0
44,129.82500085830685,577.0000038146973,577.0000038146973,1154.0000076293945,1.0,0,1,1.0,1.0,1.0,1,1,1,1,1,0,6,0,0.2522274904748432,0.361048532574893,431.4647408485412,368.67499914169315,1,15,0,2024-08-01,57.70000038146973,57.70000038146973,115.40000076293946,0.07055847910815387,0
45,84.53036125763714,511.00000381469727,511.00000381469727,1022.0000076293945,0.6666666666666666,2,0,1.0,0.6666666666666666,1.0,0,0,1,1,0,0,6,0,0.2753836503231871,0.32002028150989026,370.2789574490434,347.46963874236286,1,15,0,2024-08-01,51.10000038146973,51.10000038146973,102.20000076293945,0.014699347219495564,0
46,77.45000114440916,472.50000381469727,472.50000381469727,945.0000076293945,0.0,6,0,0.0,1.0,1.0,0,0,1,0,1,6,0,0,0.45418936468708215,0.4824338690344281,257.89552726745603,244.54999885559084,1,15,0,2024-08-01,47.25000038146973,47.25000038146973,94.50000076293946,0.07119795767003652,0
47,48.410000610351574,484.1000061035156,484.1000061035156,968.2000122070312,0.8333333333333334,1,0,0.0,1.0,1.0,0,0,1,0,1,1,5,0,0.5835022390799111,0.515500823961991,201.62656860351564,234.54605407714843,1,15,0,2024-08-01,48.41000061035157,48.41000061035157,96.82000122070313,0.04553987711847159,0
0,0.0,0.0,0.0,0.0,1.0,0,1,1.0,1.0,0.0,1,1,0,1,1,0,0,6,0.0,0.0,252.88113403320312,276.29998779296875,0,15,1,2024-08-01,0.0,0.0,0.0,0.0,0
1,0.0,0.0,0.0,0.0,1.0,0,1,1.0,1.0,0.0,1,1,0,1,1,0,0,6,0.0,0.0,241.9435272216797,276.29998779296875,0,15,1,2024-08-01,0.0,0.0,0.0,0.0,0
2,0.0,0.0,0.0,0.0,1.0,0,1,1.0,1.0,0.0,1,1,0,1,1,0,0,6,0.0,0.0,190.7751922607422,226.3000030517578,0,15,1,2024-08-01,0.0,0.0,0.0,0.0,0
3,0.0,0.0,0.0,0.0,1.0,0,1,1.0,1.0,0.0,1,1,0,1,1,0,0,6,0.0,0.0,200.00677490234375,226.3000030517578,0,15,1,2024-08-01,0.0,0.0,0.0,0.0,0
4,0.0,0.0,0.0,0.0,1.0,0,1,1.0,1.0,0.0,1,1,0,1,1,0,0,6,0.0,0.0,206.96917724609375,226.3000030517578,0,15,1,2024-08-01,0.0,0.0,0.0,0.0,0
5,0.0,0.0,0.0,0.0,1.0,0,1,1.0,1.0,0.0,1,1,0,1,1,0,0,6,0.0,0.0,207.8813018798828,226.3000030517578,0,15,1,2024-08-01,0.0,0.0,0.0,0.0,0
6,0.0,0.0,0.0,0.0,1.0,0,1,1.0,1.0,0.0,1,1,0,1,1,0,0,6,0.0,0.0,210.8082733154297,226.3000030517578,0,15,1,2024-08-01,0.0,0.0,0.0,0.0,0
7,0.0,0.0,0.0,0.0,1.0,0,1,1.0,1.0,0.0,1,1,0,1,1,0,0,6,0.0,0.0,217.95433044433594,221.91831970214844,0,15,1,2024-08-01,0.0,0.0,0.0,0.0,0
8,0.0,0.0,0.0,0.0,1.0,0,1,1.0,1.0,0.0,1,1,0,1,1,0,0,6,0.0,0.0,222.92868041992188,217.60992431640625,0,15,1,2024-08-01,0.0,0.0,0.0,0.0,0
9,0.0,0.0,0.0,0.0,1.0,0,1,1.0,1.0,0.0,1,1,0,1,1,0,0,6,0.0,0.0,196.10000610351562,178.503662109375,0,15,1,2024-08-01,0.0,0.0,0.0,0.0,0
10,0.0,0.0,0.0,0.0,1.0,0,1,1.0,1.0,0.0,1,1,0,1,1,0,0,6,0.0,0.0,196.10000610351562,171.51583862304688,0,15,1,2024-08-01,0.0,0.0,0.0,0.0,0
11,0.0,0.0,0.0,0.0,1.0,0,1,1.0,1.0,0.0,1,1,0,1,1,0,0,6,0.0,0.0,168.60000610351562,139.82733154296875,0,15,1,2024-08-01,0.0,0.0,0.0,0.0,0
12,0.0,0.0,0.0,0.0,1.0,0,1,1.0,1.0,0.0,1,1,0,1,1,0,0,6,0.0,0.0,168.60000610351562,139.10543823242188,0,15,1,2024-08-01,0.0,0.0,0.0,0.0,0
13,0.0,0.0,0.0,0.0,1.0,0,1,1.0,1.0,0.0,1,1,0,1,1,0,0,6,0.0,0.0,273.6000061035156,258.5667724609375,0,15,1,2024-08-01,0.0,0.0,0.0,0.0,0
14,0.0,0.0,0.0,0.0,1.0,0,1,1.0,1.0,0.0,1,1,0,1,1,0,0,6,0.0,0.0,410.1512451171875,394.4608154296875,0,15,1,2024-08-01,0.0,0.0,0.0,0.0,0
15,0.0,0.0,0.0,0.0,1.0,0,1,1.0,1.0,0.0,1,1,0,1,1,0,0,6,0.0,0.0,441.8984375,400.1081848144531,0,15,1,2024-08-01,0.0,0.0,0.0,0.0,0
16,0.0,0.0,0.0,0.0,1.0,0,1,1.0,1.0,0.0,1,1,0,1,1,0,0,6,0.0,0.0,517.74658203125,472.19976806640625,0,15,1,2024-08-01,0.0,0.0,0.0,0.0,0
17,0.0,0.0,0.0,0.0,1.0,0,1,1.0,1.0,0.0,1,1,0,1,1,0,0,6,0.0,0.0,601.2742919921875,560.0440673828125,0,15,1,2024-08-01,0.0,0.0,0.0,0.0,0
18,-61.56857641737918,284.00000381469727,303.2000045776367,587.200008392334,1.0,0,1,1.0,1.0,1.0,1,1,1,1,1,6,0,0,0.0,0.0,548.1719631334021,660.0036960462854,1,15,1,2024-08-01,28.400000381469727,30.320000457763673,58.7200008392334,7.16972440281522e-09,0
19,-37.406810565043145,408.2000045776367,408.2000045776367,816.4000091552734,1.0,0,1,1.0,1.0,1.0,1,1,1,1,1,5,1,0,0.0,0.0,688.8149911927694,804.6481435728556,1,15,1,2024-08-01,40.820000457763676,40.820000457763676,81.64000091552735,0.0005892293012548442,0
20,-53.51000061035154,535.1000061035156,535.1000061035156,1070.2000122070312,1.0,0,1,1.0,1.0,1.0,1,1,1,1,1,6,0,0,0.0,0.0,663.5715423583985,824.897573852539,1,15,1,2024-08-01,53.51000061035157,53.51000061035157,107.02000122070314,0.04545455336119098,0
21,-73.65500061035152,586.0500061035157,601.1000061035156,1187.1500122070313,1.0,0,1,1.0,1.0,1.0,1,1,1,1,1,6,0,0,0.0,0.0,612.8842449951172,866.9689654541015,1,15,1,2024-08-01,58.60500061035157,60.11000061035156,118.71500122070313,0.04487830546768161,0
22,-144.36359073626033,563.4500076293946,578.5000076293945,1141.950015258789,0.6666666666666666,2,0,0.6666666666666666,1.0,1.0,0,0,1,0,1,6,0,0,0.051885243673665656,0.0,534.2152666856147,939.2240643690728,1,15,1,2024-08-01,56.34500076293946,57.85000076293946,114.19500152587892,9.587381086237539e-09,0
23,-82.8700008392334,608.700008392334,608.700008392334,1217.400016784668,0.8333333333333334,1,0,0.75,1.0,1.0,0,0,1,0,1,4,2,0,0.11717917899782007,0.0,537.3730411529541,906.0268611907959,1,15,1,2024-08-01,60.8700008392334,60.8700008392334,121.7400016784668,0.0007575806714403964,0
24,-65.82000083923333,658.200008392334,658.200008392334,1316.400016784668,1.0,0,1,1.0,1.0,1.0,1,1,1,1,1,5,1,0,0.10347450991442521,0.0,590.0930850982667,958.2351619720458,1,15,1,2024-08-01,65.8200008392334,65.8200008392334,131.6400016784668,0.00033670450293404305,0
25,-73.57000083923333,735.700008392334,735.700008392334,1471.400016784668,1.0,0,1,1.0,1.0,1.0,1,1,1,1,1,4,2,0,0.07722750201425285,0.0,678.8837345123292,1122.6742488861082,1,15,1,2024-08-01,73.5700008392334,73.5700008392334,147.1400016784668,0.0006734032930241271,0
26,-172.25937974309394,835.700008392334,835.700008392334,1671.400016784668,0.5,3,0,0.3333333333333333,0.6666666666666666,1.0,0,0,1,0,0,3,3,0,0.4097227564298914,0.0,493.2946974053435,1216.0713914618439,1,15,1,2024-08-01,83.5700008392334,83.5700008392334,167.1400016784668,0.0009259271812110014,0
27,-15.97193657919371,816.5000076293945,816.5000076293945,1633.000015258789,1.0,0,1,1.0,1.0,1.0,1,1,1,1,1,1,5,0,0.26986526518638043,0.0,596.1550165458063,1055.4719365791937,1,15,1,2024-08-01,81.65000076293946,81.65000076293946,163.3000015258789,0.0015151523902727075,0
28,-47.97552147615833,1048.3000106811523,1048.3000106811523,2096.6000213623047,1.0,0,1,1.0,1.0,1.0,1,1,1,1,1,0,6,0,0.47777125782094276,0.0,547.4523960043105,1095.6755947183458,1,15,1,2024-08-01,104.83000106811524,104.83000106811524,209.66000213623047,0.046380468892322606,0
29,6.1417241408300285,1048.3000106811523,1048.3000106811523,2096.6000213623047,1.0,0,1,1.0,1.0,1.0,1,1,1,1,1,0,6,0,0.3345348563395005,0.0,697.6071172072362,1196.558227031045,1,15,1,2024-08-01,104.83000106811524,104.83000106811524,209.66000213623047,0.04688552162912631,0
30,57.4442363523806,1064.4333432515461,1067.600009918213,2132.033353169759,0.8333333333333334,1,0,1.0,0.8333333333333334,1.0,0,0,1,1,0,0,6,0,0.2757835957596567,0.0,770.8800884031618,1127.946998999182,1,15,1,2024-08-01,106.44333432515462,106.7600009918213,213.20333531697588,0.031865438712078434,0
31,130.36000175476067,1111.600009918213,1111.600009918213,2223.200019836426,0.6666666666666666,2,0,1.0,0.6666666666666666,1.0,0,0,1,1,0,0,6,0,0.1931626668814648,0.07113707967281013,896.8803874969482,1032.5240314483644,1,15,1,2024-08-01,111.16000099182129,111.16000099182129,222.32000198364258,0.032239058411560766,0
32,122.99000091552728,1119.9000091552734,1119.9000091552734,2239.800018310547,0.0,6,0,0.0,1.0,1.0,0,0,1,0,1,6,0,0,0.06627677660965423,0.02608133876000653,1045.6766464233397,1090.6915176391603,1,15,1,2024-08-01,111.99000091552735,111.99000091552735,223.9800018310547,0.07500000244117004,0
33,110.3400009155273,1089.8993375142416,1103.4000091552734,2193.299346669515,0.0,6,0,0.0,1.0,1.0,0,0,1,0,1,6,0,0,0.08631051545088567,0.003105984984073857,995.8295639038085,1099.9728652954102,1,15,1,2024-08-01,108.98993375142416,110.34000091552736,219.32993466695154,0.0746667275282252,0
34,127.07000160217285,1070.529343922933,1078.700008392334,2149.229352315267,0.0,6,0,0.0,0.0,1.0,0,0,1,0,0,1,5,0,0.15003751229959691,0.06355316538445346,909.9097843170166,1010.1452083587646,1,15,1,2024-08-01,107.05293439229331,107.8700008392334,214.9229352315267,0.032238691253483776,0
35,145.17000083923335,951.700008392334,951.700008392334,1903.400016784668,0.0,6,0,0.0,1.0,1.0,0,0,1,0,1,6,0,0,0.21722991317300977,0.018556959640531296,744.9622982025146,934.0393497467041,1,15,1,2024-08-01,95.17000083923341,95.17000083923341,190.34000167846682,0.15608309182302244,0
36,258.9282744085001,944.1000061035156,944.1000061035156,1888.2000122070312,0.16666666666666666,5,0,0.16666666666666666,1.0,1.0,0,0,1,0,1,6,0,0,0.1556603772802166,0.13158971095763783,797.1410429631876,819.8661591852499,1,15,1,2024-08-01,94.41000061035157,94.41000061035157,188.82000122070315,0.16354618203126559,0
37,131.58000068664546,1040.800006866455,1040.800006866455,2081.60001373291,0.0,6,0,0.0,0.0,1.0,0,0,1,0,0,5,1,0,0.3429194423356852,0.0725371889640442,683.889448928833,965.3033000946045,1,15,1,2024-08-01,104.08000068664552,104.08000068664552,208.16000137329104,0.14174769840949372,1
38,101.07000083923333,1010.700008392334,1010.700008392334,2021.400016784668,0.0,6,0,1.0,0.0,1.0,0,0,1,1,0,0,6,0,0.37637772610400644,0.06537047139682298,630.2950374603271,944.6300724029542,1,15,1,2024-08-01,101.0700008392334,101.0700008392334,202.1400016784668,0.018642320770962055,0
39,158.12000236511233,922.200008392334,922.200008392334,1844.400016784668,0.6666666666666666,2,0,1.0,0.6666666666666666,1.0,0,0,1,1,0,0,6,0,0.2928462943945473,0.13057896791624946,652.1371532440186,801.7800830841064,1,15,1,2024-08-01,92.2200008392334,92.2200008392334,184.4400016784668,0.01741687004858837,0
40,89.14000091552737,891.4000091552734,891.4000091552734,1782.8000183105469,1.0,0,1,1.0,1.0,1.0,1,1,1,1,1,1,5,0,0.3625021253863333,0.023154503488440926,568.2656112670899,870.7600845336914,1,15,1,2024-08-01,89.14000091552735,89.14000091552735,178.2800018310547,0.045491390775272963,0
41,86.45000038146975,855.7133344014485,864.5000038146973,1720.2133382161458,1.0,0,1,1.0,1.0,1.0,1,1,1,1,1,3,3,0,0.371217173004646,0.025274617054369,538.0578495025635,842.6500972747803,1,15,1,2024-08-01,85.57133344014485,86.45000038146974,172.02133382161458,0.07621125848156315,0
42,118.69209325926556,787.0000038146973,787.0000038146973,1574.0000076293945,0.8333333333333334,1,0,0.5,1.0,1.0,0,0,1,0,1,2,4,0,0.2935134742820653,0.0,556.0048984350468,794.0079189477657,1,15,1,2024-08-01,78.70000038146974,78.70000038146974,157.40000076293947,0.055645033906868695,0
43,108.8240005673623,732.0000038146973,732.0000038146973,1464.0000076293945,1.0,0,1,1.0,1.0,1.0,1,1,1,1,1,0,6,0,0.15652287612845467,0.0,617.425257891581,815.4759872256064,1,15,1,2024-08-01,73.20000038146974,73.20000038146974,146.40000076293947,0.10762254174730415,0
44,129.82500085830685,577.0000038146973,577.0000038146973,1154.0000076293945,1.0,0,1,1.0,1.0,1.0,1,1,1,1,1,0,6,0,0.0,0.0,767.6430550575255,794.474986934662,1,15,1,2024-08-01,57.70000038146973,57.70000038146973,115.40000076293946,0.07055847910815387,0
45,84.53036125763714,511.00000381469727,511.00000381469727,1022.0000076293945,0.0,6,0,1.0,0.0,1.0,0,0,1,1,0,0,6,0,0.0,0.0,811.056667409981,852.3235816134566,1,15,1,2024-08-01,51.10000038146973,51.10000038146973,102.20000076293945,0.014699347219495564,0
46,77.45000114440916,472.50000381469727,472.50000381469727,945.0000076293945,0.0,6,0,0.0,1.0,1.0,0,0,1,0,1,6,0,0,0.0,0.0,737.7649425506592,780.3500476837158,1,15,1,2024-08-01,47.25000038146973,47.25000038146973,94.50000076293946,0.07119795767003652,0
47,48.410000610351574,484.1000061035156,484.1000061035156,968.2000122070312,0.0,6,0,0.0,0.0,1.0,0,0,1,0,0,1,5,0,0.0,0.0,630.1910064697265,693.5351287841797,1,15,1,2024-08-01,48.41000061035157,48.41000061035157,96.82000122070313,0.04553987711847159,0
0,0.0,0.0,0.0,0.0,1.0,0,1,1.0,1.0,0.0,1,1,0,1,1,0,0,6,0.0,0.0,251.5,262.6123046875,0,15,2,2024-08-01,0.0,0.0,0.0,0.0,0
1,0.0,0.0,0.0,0.0,1.0,0,1,1.0,1.0,0.0,1,1,0,1,1,0,0,6,0.0,0.0,294.72125244140625,256.1000061035156,0,15,2,2024-08-01,0.0,0.0,0.0,0.0,0
2,0.0,0.0,0.0,0.0,1.0,0,1,1.0,1.0,0.0,1,1,0,1,1,0,0,6,0.0,0.0,232.1023406982422,236.8914337158203,0,15,2,2024-08-01,0.0,0.0,0.0,0.0,0
3,0.0,0.0,0.0,0.0,1.0,0,1,1.0,1.0,0.0,1,1,0,1,1,0,0,6,0.0,0.0,218.41217041015625,196.1947479248047,0,15,2,2024-08-01,0.0,0.0,0.0,0.0,0
4,0.0,0.0,0.0,0.0,1.0,0,1,1.0,1.0,0.0,1,1,0,1,1,0,0,6,0.0,0.0,218.42453002929688,186.8000030517578,0,15,2,2024-08-01,0.0,0.0,0.0,0.0,0
5,0.0,0.0,0.0,0.0,1.0,0,1,1.0,1.0,0.0,1,1,0,1,1,0,0,6,0.0,0.0,229.525634765625,178.24163818359375,0,15,2,2024-08-01,0.0,0.0,0.0,0.0,0
6,0.0,0.0,0.0,0.0,1.0,0,1,1.0,1.0,0.0,1,1,0,1,1,0,0,6,0.0,0.0,231.53506469726562,167.60000610351562,0,15,2,2024-08-01,0.0,0.0,0.0,0.0,0
7,0.0,0.0,0.0,0.0,1.0,0,1,1.0,1.0,0.0,1,1,0,1,1,0,0,6,0.0,0.0,140.10000610351562,140.10000610351562,0,15,2,2024-08-01,0.0,0.0,0.0,0.0,0
8,0.0,0.0,0.0,0.0,1.0,0,1,1.0,1.0,0.0,1,1,0,1,1,0,0,6,0.0,0.0,140.10000610351562,140.10000610351562,0,15,2,2024-08-01,0.0,0.0,0.0,0.0,0
9,0.0,0.0,0.0,0.0,1.0,0,1,1.0,1.0,0.0,1,1,0,1,1,0,0,6,0.0,0.0,190.09999084472656,190.09999084472656,0,15,2,2024-08-01,0.0,0.0,0.0,0.0,0
10,0.0,0.0,0.0,0.0,1.0,0,1,1.0,1.0,0.0,1,1,0,1,1,0,0,6,0.0,0.0,170.89999389648438,165.48545837402344,0,15,2,2024-08-01,0.0,0.0,0.0,0.0,0
11,0.0,0.0,0.0,0.0,1.0,0,1,1.0,1.0,0.0,1,1,0,1,1,0,0,6,0.0,0.0,170.89999389648438,154.814453125,0,15,2,2024-08-01,0.0,0.0,0.0,0.0,0
12,0.0,0.0,0.0,0.0,1.0,0,1,1.0,1.0,0.0,1,1,0,1,1,0,0,6,0.0,0.0,209.29998779296875,184.78363037109375,0,15,2,2024-08-01,0.0,0.0,0.0,0.0,0
13,0.0,0.0,0.0,0.0,1.0,0,1,1.0,1.0,0.0,1,1,0,1,1,0,0,6,0.0,0.0,239.5,201.3875732421875,0,15,2,2024-08-01,0.0,0.0,0.0,0.0,0
14,0.0,0.0,0.0,0.0,1.0,0,1,1.0,1.0,0.0,1,1,0,1,1,0,0,6,0.0,0.0,280.70001220703125,232.81326293945312,0,15,2,2024-08-01,0.0,0.0,0.0,0.0,0
15,0.0,0.0,0.0,0.0,1.0,0,1,1.0,1.0,0.0,1,1,0,1,1,0,0,6,0.0,0.0,280.70001220703125,231.92135620117188,0,15,2,2024-08-01,0.0,0.0,0.0,0.0,0
16,0.0,0.0,0.0,0.0,1.0,0,1,1.0,1.0,0.0,1,1,0,1,1,0,0,6,0.0,0.0,360.8000183105469,294.6740417480469,0,15,2,2024-08-01,0.0,0.0,0.0,0.0,0
17,0.0,0.0,0.0,0.0,1.0,0,1,1.0,1.0,0.0,1,1,0,1,1,0,0,6,0.0,0.0,514.6226806640625,422.0288391113281,0,15,2,2024-08-01,0.0,0.0,0.0,0.0,0
18,-61.56857641737918,284.00000381469727,303.2000045776367,587.200008392334,1.0,0,1,1.0,1.0,1.0,1,1,1,1,1,6,0,0,0.0,0.0,547.9330715318396,600.2323337415979,1,15,2,2024-08-01,28.400000381469727,30.320000457763673,58.7200008392334,7.16972440281522e-09,0
19,-37.406810565043145,408.2000045776367,408.2000045776367,816.4000091552734,1.0,0,1,1.0,1.0,1.0,1,1,1,1,1,5,1,0,0.0,0.0,623.8124277162069,621.0559804869181,1,15,2,2024-08-01,40.820000457763676,40.820000457763676,81.64000091552735,0.0005892293012548442,0
20,-53.51000061035154,535.1000061035156,535.1000061035156,1070.2000122070312,1.0,0,1,1.0,1.0,1.0,1,1,1,1,1,6,0,0,0.0,0.0,607.4030242919922,717.7483428955078,1,15,2,2024-08-01,53.51000061035157,53.51000061035157,107.02000122070314,0.04545455336119098,0
21,-73.65500061035152,586.0500061035157,601.1000061035156,1187.1500122070313,1.0,0,1,1.0,1.0,1.0,1,1,1,1,1,6,0,0,0.0527222549028685,0.0,555.1521282958985,796.6064776611328,1,15,2,2024-08-01,58.60500061035157,60.11000061035156,118.71500122070313,0.04487830546768161,0
22,-144.36359073626033,563.4500076293946,578.5000076293945,1141.950015258789,1.0,0,1,1.0,1.0,1.0,1,1,1,1,1,6,0,0,0.11995625927127301,0.0,495.86065242780217,896.3905072401666,1,15,2,2024-08-01,56.34500076293946,57.85000076293946,114.19500152587892,9.587381086237539e-09,0
23,-82.8700008392334,608.700008392334,608.700008392334,1217.400016784668,1.0,0,1,1.0,1.0,1.0,1,1,1,1,1,4,2,0,0.01465104748596131,0.0,599.7819156646729,1009.3700618743896,1,15,2,2024-08-01,60.8700008392334,60.8700008392334,121.7400016784668,0.0007575806714403964,0
24,-65.82000083923333,658.200008392334,658.200008392334,1316.400016784668,1.0,0,1,1.0,1.0,1.0,1,1,1,1,1,5,1,0,0.02688076816109265,0.0,640.5070865631104,1055.6899349212645,1,15,2,2024-08-01,65.8200008392334,65.8200008392334,131.6400016784668,0.00033670450293404305,0
25,-73.57000083923333,735.700008392334,735.700008392334,1471.400016784668,0.3333333333333333,4,0,0.5,0.0,1.0,0,0,1,0,0,4,2,0,0.14174274823698835,0.0,631.4198673248292,1118.1105281829832,1,15,2,2024-08-01,73.5700008392334,73.5700008392334,147.1400016784668,0.0006734032930241271,0
26,-172.25937974309394,835.700008392334,835.700008392334,1671.400016784668,0.0,6,0,0.0,0.0,1.0,0,0,1,0,0,3,3,0,0.37285473249696394,0.0,524.1053053154998,1232.5131639227814,1,15,2,2024-08-01,83.5700008392334,83.5700008392334,167.1400016784668,0.0009259271812110014,0
27,-15.97193657919371,816.5000076293945,816.5000076293945,1633.000015258789,0.0,6,0,0.0,0.0,1.0,0,0,1,0,0,1,5,0,0.2511132321022612,0.0,611.4660517020563,1073.7719854073187,1,15,2,2024-08-01,81.65000076293946,81.65000076293946,163.3000015258789,0.0015151523902727075,0
28,-47.97552147615833,1048.3000106811523,1048.3000106811523,2096.6000213623047,1.0,0,1,1.0,1.0,1.0,1,1,1,1,1,0,6,0,0.46493064416785207,0.0,560.913211433998,1094.2755703042833,1,15,2,2024-08-01,104.83000106811524,104.83000106811524,209.66000213623047,0.046380468892322606,0
29,6.1417241408300285,1048.3000106811523,1048.3000106811523,2096.6000213623047,1.0,0,1,1.0,1.0,1.0,1,1,1,1,1,0,6,0,0.4300164186156172,0.039872869431460824,597.51379445333,1006.5012812302638,1,15,2,2024-08-01,104.83000106811524,104.83000106811524,209.66000213623047,0.04688552162912631,0
30,57.4442363523806,1064.4333432515461,1067.600009918213,2132.033353169759,1.0,0,1,1.0,1.0,1.0,1,1,1,1,1,0,6,0,0.3519598967376698,0.0873960388055273,689.7954936765993,974.2959980226194,1,15,2,2024-08-01,106.44333432515462,106.7600009918213,213.20333531697588,0.031865438712078434,0
31,130.36000175476067,1111.600009918213,1111.600009918213,2223.200019836426,1.0,0,1,1.0,1.0,1.0,1,1,1,1,1,0,6,0,0.2647018982096088,0.17251001617975892,817.3573772430419,919.8378742218018,1,15,2,2024-08-01,111.16000099182129,111.16000099182129,222.32000198364258,0.032239058411560766,0
32,122.99000091552728,1119.9000091552734,1119.9000091552734,2239.800018310547,1.0,0,1,1.0,1.0,1.0,1,1,1,1,1,6,0,0,0.24122814543638296,0.14062861359875417,849.7486068725585,962.4100234985352,1,15,2,2024-08-01,111.99000091552735,111.99000091552735,223.9800018310547,0.07500000244117004,0
33,110.3400009155273,1089.8993375142416,1103.4000091552734,2193.299346669515,0.5,3,0,0.5,1.0,1.0,0,0,1,0,1,6,0,0,0.3700345633622627,0.15688360076110294,686.5989120483398,930.2946426391602,1,15,2,2024-08-01,108.98993375142416,110.34000091552736,219.32993466695154,0.0746667275282252,0
34,127.07000160217285,1070.529343922933,1078.700008392334,2149.229352315267,0.16666666666666666,5,0,0.0,0.2,1.0,0,0,1,0,0,1,5,0,0.3610853108589513,0.22450163201461404,683.9769229888916,836.5300960540771,1,15,2,2024-08-01,107.05293439229331,107.8700008392334,214.9229352315267,0.032238691253483776,0
35,145.17000083923335,951.700008392334,951.700008392334,1903.400016784668,0.0,6,0,0.0,1.0,1.0,0,0,1,0,1,6,0,0,0.30738051202455946,0.20360404633998153,659.1659725189209,757.9300357818604,1,15,2,2024-08-01,95.17000083923341,95.17000083923341,190.34000167846682,0.15608309182302244,0
36,258.9282744085001,944.1000061035156,944.1000061035156,1888.2000122070312,0.0,6,0,0.0,1.0,1.0,0,0,1,0,1,6,0,0,0.18260564336902646,0.31768694201028996,771.7020170842814,644.1717622125936,1,15,2,2024-08-01,94.41000061035157,94.41000061035157,188.82000122070315,0.16354618203126559,0
37,131.58000068664546,1040.800006866455,1040.800006866455,2081.60001373291,0.16666666666666666,5,0,0.0,1.0,1.0,0,0,1,0,1,5,1,0,0.3894885977222424,0.24440809458082927,635.4202716827392,786.4200603485108,1,15,2,2024-08-01,104.08000068664552,104.08000068664552,208.16000137329104,0.14174769840949372,0
38,101.07000083923333,1010.700008392334,1010.700008392334,2021.400016784668,0.0,6,0,1.0,0.0,1.0,0,0,1,1,0,0,6,0,0.4105868529545333,0.19542378510262629,595.7198726654052,813.1851871490479,1,15,2,2024-08-01,101.0700008392334,101.0700008392334,202.1400016784668,0.018642320770962055,0
39,158.12000236511233,922.200008392334,922.200008392334,1844.400016784668,0.3333333333333333,4,0,1.0,0.3333333333333333,1.0,0,0,1,1,0,0,6,0,0.139754080839788,0.21230386331083564,793.3187938690186,726.4133838653564,1,15,2,2024-08-01,92.2200008392334,92.2200008392334,184.4400016784668,0.01741687004858837,0
40,89.14000091552737,891.4000091552734,891.4000091552734,1782.8000183105469,0.16666666666666666,5,0,0.0,0.2,1.0,0,0,1,0,0,1,5,0,0.2820456161100629,0.18234232372251596,639.9845443725586,728.8600601196289,1,15,2,2024-08-01,89.14000091552735,89.14000091552735,178.2800018310547,0.045491390775272963,0
41,86.45000038146975,855.7133344014485,864.5000038146973,1720.2133382161458,0.5,3,0,0.0,1.0,1.0,0,0,1,0,1,3,3,0,0.3249351713290911,0.2697900653184278,577.661975479126,631.266491317749,1,15,2,2024-08-01,85.57133344014485,86.45000038146974,172.02133382161458,0.07621125848156315,0
42,118.69209325926556,787.0000038146973,787.0000038146973,1574.0000076293945,0.6666666666666666,2,0,0.0,1.0,1.0,0,0,1,0,1,2,4,0,0.3060337856666405,0.32672152473728605,546.1514133276249,529.8701626001094,1,15,2,2024-08-01,78.70000038146974,78.70000038146974,157.40000076293947,0.055645033906868695,0
43,108.8240005673623,732.0000038146973,732.0000038146973,1464.0000076293945,1.0,0,1,1.0,1.0,1.0,1,1,1,1,1,0,6,0,0.2862320045775396,0.30208195494901247,522.4781753720498,510.87601163966895,1,15,2,2024-08-01,73.20000038146974,73.20000038146974,146.40000076293947,0.10762254174730415,0
44,129.82500085830685,577.0000038146973,577.0000038146973,1154.0000076293945,1.0,0,1,1.0,1.0,1.0,1,1,1,1,1,0,6,0,0.0,0.15099651973997721,597.6440011024474,489.8750113487244,1,15,2,2024-08-01,57.70000038146973,57.70000038146973,115.40000076293946,0.07055847910815387,0
45,84.53036125763714,511.00000381469727,511.00000381469727,1022.0000076293945,1.0,0,1,1.0,1.0,1.0,1,1,1,1,1,0,6,0,0.0,0.0,559.1554222927934,533.487033761894,1,15,2,2024-08-01,51.10000038146973,51.10000038146973,102.20000076293945,0.014699347219495564,0
46,77.45000114440916,472.50000381469727,472.50000381469727,945.0000076293945,0.0,6,0,0.0,1.0,1.0,0,0,1,0,1,6,0,0,0.040561929203724346,0.10310405748878711,453.33449211120603,423.7833362579346,1,15,2,2024-08-01,47.25000038146973,47.25000038146973,94.50000076293946,0.07119795767003652,0
47,48.410000610351574,484.1000061035156,484.1000061035156,968.2000122070312,0.8333333333333334,1,0,0.0,1.0,1.0,0,0,1,0,1,1,5,0,0.2485344407664911,0.17978925031089665,363.78448181152345,397.06402893066405,1,15,2,2024-08-01,48.41000061035157,48.41000061035157,96.82000122070313,0.04553987711847159,0
0,0.0,0.0,0.0,0.0,1.0,0,1,1.0,1.0,0.0,1,1,0,1,1,0,0,6,0.0,0.0,123.69999694824219,123.69999694824219,0,16,0,2024-08-01,0.0,0.0,0.0,0.0,0
1,0.0,0.0,0.0,0.0,1.0,0,1,1.0,1.0,0.0,1,1,0,1,1,0,0,6,0.0,0.0,123.69999694824219,123.69999694824219,0,16,0,2024-08-01,0.0,0.0,0.0,0.0,0
2,0.0,0.0,0.0,0.0,1.0,0,1,1.0,1.0,0.0,1,1,0,1,1,0,0,6,0.0,0.0,123.69999694824219,123.69999694824219,0,16,0,2024-08-01,0.0,0.0,0.0,0.0,0
3,0.0,0.0,0.0,0.0,1.0,0,1,1.0,1.0,0.0,1,1,0,1,1,0,0,6,0.0,0.0,123.69999694824219,123.69999694824219,0,16,0,2024-08-01,0.0,0.0,0.0,0.0,0
4,0.0,0.0,0.0,0.0,1.0,0,1,1.0,1.0,0.0,1,1,0,1,1,0,0,6,0.0,0.0,123.69999694824219,123.69999694824219,0,16,0,2024-08-01,0.0,0.0,0.0,0.0,0
5,0.0,0.0,0.0,0.0,1.0,0,1,1.0,1.0,0.0,1,1,0,1,1,0,0,6,0.0,0.0,123.69999694824219,123.69999694824219,0,16,0,2024-08-01,0.0,0.0,0.0,0.0,0
6,0.0,0.0,0.0,0.0,1.0,0,1,1.0,1.0,0.0,1,1,0,1,1,0,0,6,0.0,0.0,104.5,104.5,0,16,0,2024-08-01,0.0,0.0,0.0,0.0,0
7,0.0,0.0,0.0,0.0,1.0,0,1,1.0,1.0,0.0,1,1,0,1,1,0,0,6,0.0,0.0,104.5,104.5,0,16,0,2024-08-01,0.0,0.0,0.0,0.0,0
8,0.0,0.0,0.0,0.0,1.0,0,1,1.0,1.0,0.0,1,1,0,1,1,0,0,6,0.0,0.0,104.5,104.5,0,16,0,2024-08-01,0.0,0.0,0.0,0.0,0
9,0.0,0.0,0.0,0.0,1.0,0,1,1.0,1.0,0.0,1,1,0,1,1,0,0,6,0.0,0.0,104.5,97.87307739257812,0,16,0,2024-08-01,0.0,0.0,0.0,0.0,0
10,0.0,0.0,0.0,0.0,1.0,0,1,1.0,1.0,0.0,1,1,0,1,1,0,0,6,0.0,0.0,123.69999694824219,112.69999694824219,0,16,0,2024-08-01,0.0,0.0,0.0,0.0,0
11,0.0,0.0,0.0,0.0,1.0,0,1,1.0,1.0,0.0,1,1,0,1,1,0,0,6,0.0,0.0,162.6999969482422,162.6999969482422,0,16,0,2024-08-01,0.0,0.0,0.0,0.0,0
12,0.0,0.0,0.0,0.0,1.0,0,1,1.0,1.0,0.0,1,1,0,1,1,0,0,6,0.0,0.0,181.89999389648438,181.89999389648438,0,16,0,2024-08-01,0.0,0.0,0.0,0.0,0
13,0.0,0.0,0.0,0.0,1.0,0,1,1.0,1.0,0.0,1,1,0,1,1,0,0,6,0.0,0.0,192.89999389648438,192.89999389648438,0,16,0,2024-08-01,0.0,0.0,0.0,0.0,0
14,0.0,0.0,0.0,0.0,1.0,0,1,1.0,1.0,0.0,1,1,0,1,1,0,0,6,0.0,0.0,234.6999969482422,234.6999969482422,0,16,0,2024-08-01,0.0,0.0,0.0,0.0,0
15,0.0,0.0,0.0,0.0,1.0,0,1,1.0,1.0,0.0,1,1,0,1,1,0,0,6,0.0,0.0,234.6999969482422,234.6999969482422,0,16,0,2024-08-01,0.0,0.0,0.0,0.0,0
16,0.0,0.0,0.0,0.0,1.0,0,1,1.0,1.0,0.0,1,1,0,1,1,0,0,6,0.0,0.0,262.20001220703125,259.0416564941406,0,16,0,2024-08-01,0.0,0.0,0.0,0.0,0
17,0.0,0.0,0.0,0.0,1.0,0,1,1.0,1.0,0.0,1,1,0,1,1,0,0,6,0.0,0.0,392.8622741699219,390.0723876953125,0,16,0,2024-08-01,0.0,0.0,0.0,0.0,0
18,-61.56857641737918,284.00000381469727,303.2000045776367,587.200008392334,1.0,0,1,1.0,1.0,1.0,1,1,1,1,1,0,6,0,0.0,0.0,423.4685024400427,521.0635104994104,1,16,0,2024-08-01,28.400000381469727,30.320000457763673,58.7200008392334,0.11091434938173014,0
19,-37.406810565043145,408.2000045776367,408.2000045776367,816.4000091552734,1.0,0,1,1.0,1.0,1.0,1,1,1,1,1,0,6,0,0.0,0.0,487.49052830214436,600.2067983580118,1,16,0,2024-08-01,40.820000457763676,40.820000457763676,81.64000091552735,0.10806103003174748,0
20,-53.51000061035154,535.1000061035156,535.1000061035156,1070.2000122070312,1.0,0,1,1.0,1.0,1.0,1,1,1,1,1,2,4,0,0.0,0.0,589.910287475586,764.710073852539,1,16,0,2024-08-01,53.51000061035157,53.51000061035157,107.02000122070314,0.0008707879901687437,0
21,-73.65500061035152,586.0500061035157,601.1000061035156,1187.1500122070313,1.0,0,1,1.0,1.0,1.0,1,1,1,1,1,1,5,0,0.12238908647884307,0.0,514.323881225586,806.7550372314453,1,16,0,2024-08-01,58.60500061035157,60.11000061035156,118.71500122070313,1.1739342548537228e-08,0
22,-144.36359073626033,563.4500076293946,578.5000076293945,1141.950015258789,1.0,0,1,1.0,1.0,1.0,1,1,1,1,1,2,4,0,0.17820997945512362,0.0,463.0375933457709,938.4636273573541,1,16,0,2024-08-01,56.34500076293946,57.85000076293946,114.19500152587892,7.939244950917122e-09,0
23,-82.8700008392334,608.700008392334,608.700008392334,1217.400016784668,1.0,0,1,1.0,1.0,1.0,1,1,1,1,1,3,3,0,0.07454581711744947,0.0,563.3239688873291,900.2494564056396,1,16,0,2024-08-01,60.8700008392334,60.8700008392334,121.7400016784668,3.133478900140132e-09,0
24,-65.82000083923333,658.200008392334,658.200008392334,1316.400016784668,1.0,0,1,1.0,1.0,1.0,1,1,1,1,1,0,6,0,0.12710119819685942,0.0,574.5419986724854,938.0281917572021,1,16,0,2024-08-01,65.8200008392334,65.8200008392334,131.6400016784668,8.693475363747247e-10,0
25,-73.57000083923333,735.700008392334,735.700008392334,1471.400016784668,1.0,0,1,1.0,1.0,1.0,1,1,1,1,1,0,6,0,0.23288913361070604,0.0,564.3634708404542,1036.193963241577,1,16,0,2024-08-01,73.5700008392334,73.5700008392334,147.1400016784668,1.6419565305994533e-09,0
26,-172.25937974309394,835.700008392334,835.700008392334,1671.400016784668,1.0,0,1,1.0,1.0,1.0,1,1,1,1,1,6,0,0,0.5404094905311114,0.0,384.0797926201873,1156.179606793875,1,16,0,2024-08-01,83.5700008392334,83.5700008392334,167.1400016784668,2.63981060701559e-09,0
27,-15.97193657919371,816.5000076293945,816.5000076293945,1633.000015258789,0.6666666666666666,2,0,0.0,0.0,1.0,0,0,1,0,0,1,1,4,0.38210252516985893,0.0,504.5132929129938,1029.85773980185,1,16,0,2024-08-01,81.65000076293946,81.65000076293946,163.3000015258789,3.161575209574823e-09,0
28,-47.97552147615833,1048.3000106811523,1048.3000106811523,2096.6000213623047,1.0,0,1,1.0,1.0,1.0,1,1,1,1,1,0,6,0,0.5431499063852487,0.0,478.91595801602915,1106.5662197183458,1,16,0,2024-08-01,104.83000106811524,104.83000106811524,209.66000213623047,0.04925650727773741,0
29,6.1417241408300285,1048.3000106811523,1048.3000106811523,2096.6000213623047,0.5,3,0,1.0,0.5,1.0,0,0,1,1,0,0,6,0,0.5233557534772504,0.037052082233263034,499.66616872090816,1009.4583124802638,1,16,0,2024-08-01,104.83000106811524,104.83000106811524,209.66000213623047,0.049256506546881615,0
30,57.4442363523806,1064.4333432515461,1067.600009918213,2132.033353169759,0.8333333333333334,1,0,0.5,1.0,1.0,0,0,1,0,1,2,4,0,0.489432491659735,0.13297659683020047,543.46507985824,925.6341938234007,1,16,0,2024-08-01,106.44333432515462,106.7600009918213,213.20333531697588,0.2083581396736529,0
31,130.36000175476067,1111.600009918213,1111.600009918213,2223.200019836426,1.0,0,1,1.0,1.0,1.0,1,1,1,1,1,0,6,0,0.31496244913418164,0.24114788131266196,761.4877483367919,843.5400226593018,1,16,0,2024-08-01,111.16000099182129,111.16000099182129,222.32000198364258,0.14917177407188206,0
32,122.99000091552728,1119.9000091552734,1119.9000091552734,2239.800018310547,0.3333333333333333,4,0,0.0,1.0,1.0,0,0,1,0,1,4,2,0,0.22913921695830117,0.2390148430451866,863.2869979858398,852.2272842407227,1,16,0,2024-08-01,111.99000091552735,111.99000091552735,223.9800018310547,0.033304366693246115,0
33,110.3400009155273,1089.8993375142416,1103.4000091552734,2193.299346669515,0.0,6,0,0.0,1.0,1.0,0,0,1,0,1,6,0,0,0.25079585346968913,0.25695713860950276,816.5571029663085,819.8735000610352,1,16,0,2024-08-01,108.98993375142416,110.34000091552736,219.32993466695154,0.04848447911448297,0
34,127.07000160217285,1070.529343922933,1078.700008392334,2149.229352315267,1.0,0,1,1.0,1.0,1.0,1,1,1,1,1,0,6,0,0.17554882412415382,0.2653574460957412,882.5991764068604,792.4589290618896,1,16,0,2024-08-01,107.05293439229331,107.8700008392334,214.9229352315267,0.0744766128569263,0
35,145.17000083923335,951.700008392334,951.700008392334,1903.400016784668,1.0,0,1,1.0,1.0,1.0,1,1,1,1,1,0,6,0,0.06847575252458547,0.22784135871490785,886.5316341400146,734.8633853912354,1,16,0,2024-08-01,95.17000083923341,95.17000083923341,190.34000167846682,0.15242796747406712,0
36,258.9282744085001,944.1000061035156,944.1000061035156,1888.2000122070312,1.0,0,1,1.0,1.0,1.0,1,1,1,1,1,1,5,0,0.0,0.36505755415488955,1020.9374296819376,599.4491669977499,1,16,0,2024-08-01,94.41000061035157,94.41000061035157,188.82000122070315,0.030222545896773232,0
37,131.58000068664546,1040.800006866455,1040.800006866455,2081.60001373291,0.8333333333333334,1,0,0.75,1.0,1.0,0,0,1,0,1,4,2,0,0.12836890645410529,0.2787285239518326,907.193648147583,750.6993572235108,1,16,0,2024-08-01,104.08000068664552,104.08000068664552,208.16000137329104,0.02029120264244849,0
38,101.07000083923333,1010.700008392334,1010.700008392334,2021.400016784668,1.0,0,1,1.0,1.0,1.0,1,1,1,1,1,2,4,0,0.14980540873492,0.24938273975299452,859.2916805267333,758.6488712310792,1,16,0,2024-08-01,101.0700008392334,101.0700008392334,202.1400016784668,0.08172346715746917,0
39,158.12000236511233,922.200008392334,922.200008392334,1844.400016784668,1.0,0,1,1.0,1.0,1.0,1,1,1,1,1,6,0,0,0.02492214710502513,0.23977226456084352,899.2168041229248,701.0820240020752,1,16,0,2024-08-01,92.2200008392334,92.2200008392334,184.4400016784668,0.03806143303912251,0
40,89.14000091552737,891.4000091552734,891.4000091552734,1782.8000183105469,1.0,0,1,1.0,1.0,1.0,1,1,1,1,1,6,0,0,0.19171700934379143,0.18380075856071723,720.5034652709961,727.5600112915039,1,16,0,2024-08-01,89.14000091552735,89.14000091552735,178.2800018310547,0.13621162131718884,0
41,86.45000038146975,855.7133344014485,864.5000038146973,1720.2133382161458,1.0,0,1,1.0,1.0,1.0,1,1,1,1,1,6,0,0,0.22964556311474443,0.15520099022039152,659.2025638580322,730.328747177124,1,16,0,2024-08-01,85.57133344014485,86.45000038146974,172.02133382161458,0.15577761698473908,0
42,118.69209325926556,787.0000038146973,787.0000038146973,1574.0000076293945,1.0,0,1,1.0,1.0,1.0,1,1,1,1,1,1,5,0,0.18834493710421257,0.08575868429452117,638.7725375952031,719.5079189477657,1,16,0,2024-08-01,78.70000038146974,78.70000038146974,157.40000076293947,0.2339611258706876,0
43,108.8240005673623,732.0000038146973,732.0000038146973,1464.0000076293945,1.0,0,1,1.0,1.0,1.0,1,1,1,1,1,0,6,0,0.0,0.022983612424021922,806.4775650204873,715.1759994326377,1,16,0,2024-08-01,73.20000038146974,73.20000038146974,146.40000076293947,0.005885999320410755,0
44,129.82500085830685,577.0000038146973,577.0000038146973,1154.0000076293945,1.0,0,1,1.0,1.0,1.0,1,1,1,1,1,6,0,0,0.0,0.0,828.5121346473693,694.1749991416932,1,16,0,2024-08-01,57.70000038146973,57.70000038146973,115.40000076293946,0.0364002499468526,0
45,84.53036125763714,511.00000381469727,511.00000381469727,1022.0000076293945,1.0,0,1,1.0,1.0,1.0,1,1,1,1,1,6,0,0,0.0,0.0,767.4120140896684,731.2696875704878,1,16,0,2024-08-01,51.10000038146973,51.10000038146973,102.20000076293945,0.037174704292926755,0
46,77.45000114440916,472.50000381469727,472.50000381469727,945.0000076293945,1.0,0,1,1.0,1.0,1.0,1,1,1,1,1,0,6,0,0.0,0.0,726.7686656951904,686.3046375274658,1,16,0,2024-08-01,47.25000038146973,47.25000038146973,94.50000076293946,0.03252788389610642,0
47,48.410000610351574,484.1000061035156,484.1000061035156,968.2000122070312,0.8333333333333334,1,0,1.0,0.8333333333333334,1.0,0,0,1,1,0,0,6,0,0.0,0.0,653.7761505126953,620.2063934326172,1,16,0,2024-08-01,48.41000061035157,48.41000061035157,96.82000122070313,0.03252788403665075,0
0,0.0,0.0,0.0,0.0,1.0,0,1,1.0,1.0,0.0,1,1,0,1,1,0,0,6,0.0,0.0,190.39999389648438,196.09999084472656,0,16,1,2024-08-01,0.0,0.0,0.0,0.0,0
1,0.0,0.0,0.0,0.0,1.0,0,1,1.0,1.0,0.0,1,1,0,1,1,0,0,6,0.0,0.0,207.09999084472656,198.9886016845703,0,16,1,2024-08-01,0.0,0.0,0.0,0.0,0
2,0.0,0.0,0.0,0.0,1.0,0,1,1.0,1.0,0.0,1,1,0,1,1,0,0,6,0.0,0.0,207.09999084472656,197.48243713378906,0,16,1,2024-08-01,0.0,0.0,0.0,0.0,0
3,0.0,0.0,0.0,0.0,1.0,0,1,1.0,1.0,0.0,1,1,0,1,1,0,0,6,0.0,0.0,234.59999084472656,212.78428649902344,0,16,1,2024-08-01,0.0,0.0,0.0,0.0,0
4,0.0,0.0,0.0,0.0,1.0,0,1,1.0,1.0,0.0,1,1,0,1,1,0,0,6,0.0,0.0,234.59999084472656,200.7332000732422,0,16,1,2024-08-01,0.0,0.0,0.0,0.0,0
5,0.0,0.0,0.0,0.0,1.0,0,1,1.0,1.0,0.0,1,1,0,1,1,0,0,6,0.0,0.0,215.39999389648438,164.8740234375,0,16,1,2024-08-01,0.0,0.0,0.0,0.0,0
6,0.0,0.0,0.0,0.0,1.0,0,1,1.0,1.0,0.0,1,1,0,1,1,0,0,6,0.0,0.0,215.39999389648438,142.31021118164062,0,16,1,2024-08-01,0.0,0.0,0.0,0.0,0
7,0.0,0.0,0.0,0.0,1.0,0,1,1.0,1.0,0.0,1,1,0,1,1,0,0,6,0.0,0.0,215.39999389648438,141.5517578125,0,16,1,2024-08-01,0.0,0.0,0.0,0.0,0
8,0.0,0.0,0.0,0.0,1.0,0,1,1.0,1.0,0.0,1,1,0,1,1,0,0,6,0.0,0.0,215.39999389648438,140.99563598632812,0,16,1,2024-08-01,0.0,0.0,0.0,0.0,0
9,0.0,0.0,0.0,0.0,1.0,0,1,1.0,1.0,0.0,1,1,0,1,1,0,0,6,0.0,0.0,215.39999389648438,135.91339111328125,0,16,1,2024-08-01,0.0,0.0,0.0,0.0,0
10,0.0,0.0,0.0,0.0,1.0,0,1,1.0,1.0,0.0,1,1,0,1,1,0,0,6,0.0,0.0,215.39999389648438,125.5687255859375,0,16,1,2024-08-01,0.0,0.0,0.0,0.0,0
11,0.0,0.0,0.0,0.0,1.0,0,1,1.0,1.0,0.0,1,1,0,1,1,0,0,6,0.0,0.0,215.39999389648438,123.69275665283203,0,16,1,2024-08-01,0.0,0.0,0.0,0.0,0
12,0.0,0.0,0.0,0.0,1.0,0,1,1.0,1.0,0.0,1,1,0,1,1,0,0,6,0.0,0.0,242.89999389648438,135.31103515625,0,16,1,2024-08-01,0.0,0.0,0.0,0.0,0
13,0.0,0.0,0.0,0.0,1.0,0,1,1.0,1.0,0.0,1,1,0,1,1,0,0,6,0.0,0.0,310.4313659667969,208.68511962890625,0,16,1,2024-08-01,0.0,0.0,0.0,0.0,0
14,0.0,0.0,0.0,0.0,1.0,0,1,1.0,1.0,0.0,1,1,0,1,1,0,0,6,0.0,0.0,345.4786682128906,256.66461181640625,0,16,1,2024-08-01,0.0,0.0,0.0,0.0,0
15,0.0,0.0,0.0,0.0,1.0,0,1,1.0,1.0,0.0,1,1,0,1,1,0,0,6,0.0,0.0,433.3430480957031,355.03692626953125,0,16,1,2024-08-01,0.0,0.0,0.0,0.0,0
16,0.0,0.0,0.0,0.0,1.0,0,1,1.0,1.0,0.0,1,1,0,1,1,0,0,6,0.0,0.0,502.637451171875,444.1873779296875,0,16,1,2024-08-01,0.0,0.0,0.0,0.0,0
17,0.0,0.0,0.0,0.0,1.0,0,1,1.0,1.0,0.0,1,1,0,1,1,0,0,6,0.0,0.0,603.0244750976562,522.9949340820312,0,16,1,2024-08-01,0.0,0.0,0.0,0.0,0
18,-61.56857641737918,284.00000381469727,303.2000045776367,587.200008392334,1.0,0,1,1.0,1.0,1.0,1,1,1,1,1,0,6,0,0.0,0.0,536.0080837388708,612.0222507337854,1,16,1,2024-08-01,28.400000381469727,30.320000457763673,58.7200008392334,0.11091434938173014,0
19,-37.406810565043145,408.2000045776367,408.2000045776367,816.4000091552734,1.0,0,1,1.0,1.0,1.0,1,1,1,1,1,0,6,0,0.0,0.0,558.2613412904257,620.3960683775431,1,16,1,2024-08-01,40.820000457763676,40.820000457763676,81.64000091552735,0.10806103003174748,0
20,-53.51000061035154,535.1000061035156,535.1000061035156,1070.2000122070312,1.0,0,1,1.0,1.0,1.0,1,1,1,1,1,2,4,0,0.0,0.0,711.7913299560547,793.042837524414,1,16,1,2024-08-01,53.51000061035157,53.51000061035157,107.02000122070314,0.0008707879901687437,0
21,-73.65500061035152,586.0500061035157,601.1000061035156,1187.1500122070313,1.0,0,1,1.0,1.0,1.0,1,1,1,1,1,1,5,0,0.0,0.0,727.900785522461,896.603364868164,1,16,1,2024-08-01,58.60500061035157,60.11000061035156,118.71500122070313,1.1739342548537228e-08,0
22,-144.36359073626033,563.4500076293946,578.5000076293945,1141.950015258789,1.0,0,1,1.0,1.0,1.0,1,1,1,1,1,2,4,0,0.0,0.0,717.1007036973334,1058.8870892714167,1,16,1,2024-08-01,56.34500076293946,57.85000076293946,114.19500152587892,7.939244950917122e-09,0
23,-82.8700008392334,608.700008392334,608.700008392334,1217.400016784668,1.0,0,1,1.0,1.0,1.0,1,1,1,1,1,3,3,0,0.0,0.0,869.5184268951416,1113.0189266204834,1,16,1,2024-08-01,60.8700008392334,60.8700008392334,121.7400016784668,3.133478900140132e-09,0
24,-65.82000083923333,658.200008392334,658.200008392334,1316.400016784668,1.0,0,1,1.0,1.0,1.0,1,1,1,1,1,0,6,0,0.0,0.0,928.1878116607667,1205.0916072845457,1,16,1,2024-08-01,65.8200008392334,65.8200008392334,131.6400016784668,8.693475363747247e-10,0
25,-73.57000083923333,735.700008392334,735.700008392334,1471.400016784668,1.0,0,1,1.0,1.0,1.0,1,1,1,1,1,0,6,0,0.0,0.0,866.8364322662354,1242.8014461517332,1,16,1,2024-08-01,73.5700008392334,73.5700008392334,147.1400016784668,1.6419565305994533e-09,0
26,-172.25937974309394,835.700008392334,835.700008392334,1671.400016784668,1.0,0,1,1.0,1.0,1.0,1,1,1,1,1,6,0,0,0.1616776951830947,0.0,700.5859571709685,1437.6467088446564,1,16,1,2024-08-01,83.5700008392334,83.5700008392334,167.1400016784668,2.63981060701559e-09,0
27,-15.97193657919371,816.5000076293945,816.5000076293945,1633.000015258789,1.0,0,1,1.0,1.0,1.0,1,1,1,1,1,1,1,4,0.0,0.0,867.4349237723688,1364.5776494698187,1,16,1,2024-08-01,81.65000076293946,81.65000076293946,163.3000015258789,3.161575209574823e-09,0
28,-47.97552147615833,1048.3000106811523,1048.3000106811523,2096.6000213623047,0.6666666666666666,2,0,1.0,0.6666666666666666,1.0,0,0,1,1,0,0,6,0,0.226290812873028,0.0,811.0793491293105,1436.6997646402208,1,16,1,2024-08-01,104.83000106811524,104.83000106811524,209.66000213623047,0.04925650727773741,0
29,6.1417241408300285,1048.3000106811523,1048.3000106811523,2096.6000213623047,0.0,6,0,1.0,0.0,1.0,0,0,1,1,0,0,6,0,0.19816305850271873,0.0,840.5656743361425,1419.45837351542,1,16,1,2024-08-01,104.83000106811524,104.83000106811524,209.66000213623047,0.049256506546881615,0
30,57.4442363523806,1064.4333432515461,1067.600009918213,2132.033353169759,0.8333333333333334,1,0,0.5,1.0,1.0,0,0,1,0,1,2,4,0,0.19438105086837365,0.0,857.5276714109743,1215.7859882569944,1,16,1,2024-08-01,106.44333432515462,106.7600009918213,213.20333531697588,0.2083581396736529,0
31,130.36000175476067,1111.600009918213,1111.600009918213,2223.200019836426,1.0,0,1,1.0,1.0,1.0,1,1,1,1,1,0,6,0,0.03485034329512568,0.02865483229946134,1072.860367965698,1079.747298049927,1,16,1,2024-08-01,111.16000099182129,111.16000099182129,222.32000198364258,0.14917177407188206,0
32,122.99000091552728,1119.9000091552734,1119.9000091552734,2239.800018310547,1.0,0,1,1.0,1.0,1.0,1,1,1,1,1,4,2,0,0.06356254067188037,0.08463312286450685,1048.7163192749022,1025.1193740844728,1,16,1,2024-08-01,111.99000091552735,111.99000091552735,223.9800018310547,0.033304366693246115,0
33,110.3400009155273,1089.8993375142416,1103.4000091552734,2193.299346669515,0.8333333333333334,1,0,0.8333333333333334,1.0,1.0,0,0,1,0,1,6,0,0,0.16817893159566136,0.08232534678031736,906.6012313842773,1012.5622207641602,1,16,1,2024-08-01,108.98993375142416,110.34000091552736,219.32993466695154,0.04848447911448297,0
34,127.07000160217285,1070.529343922933,1078.700008392334,2149.229352315267,1.0,0,1,1.0,1.0,1.0,1,1,1,1,1,0,6,0,0.16996076830080437,0.11765202962704571,888.5813541412354,951.7887630462646,1,16,1,2024-08-01,107.05293439229331,107.8700008392334,214.9229352315267,0.0744766128569263,0
35,145.17000083923335,951.700008392334,951.700008392334,1903.400016784668,1.0,0,1,1.0,1.0,1.0,1,1,1,1,1,0,6,0,0.0,0.0,1035.106219100952,976.9364444732666,1,16,1,2024-08-01,95.17000083923341,95.17000083923341,190.34000167846682,0.15242796747406712,0
36,258.9282744085001,944.1000061035156,944.1000061035156,1888.2000122070312,1.0,0,1,1.0,1.0,1.0,1,1,1,1,1,1,5,0,0.0,0.09536129569528023,1158.081350580375,854.0694062555624,1,16,1,2024-08-01,94.41000061035157,94.41000061035157,188.82000122070315,0.030222545896773232,0
37,131.58000068664546,1040.800006866455,1040.800006866455,2081.60001373291,1.0,0,1,1.0,1.0,1.0,1,1,1,1,1,4,2,0,0.09797969705095136,0.1594575139139414,938.8227375030517,874.836625289917,1,16,1,2024-08-01,104.08000068664552,104.08000068664552,208.16000137329104,0.02029120264244849,0
38,101.07000083923333,1010.700008392334,1010.700008392334,2021.400016784668,1.0,0,1,1.0,1.0,1.0,1,1,1,1,1,2,4,0,0.06288487325650519,0.05576294486292773,947.1422664642333,954.3403995513917,1,16,1,2024-08-01,101.0700008392334,101.0700008392334,202.1400016784668,0.08172346715746917,0
39,158.12000236511233,922.200008392334,922.200008392334,1844.400016784668,1.0,0,1,1.0,1.0,1.0,1,1,1,1,1,6,0,0,0.0,0.027661001267681576,990.9253612518311,896.6910327911377,1,16,1,2024-08-01,92.2200008392334,92.2200008392334,184.4400016784668,0.03806143303912251,0
40,89.14000091552737,891.4000091552734,891.4000091552734,1782.8000183105469,1.0,0,1,1.0,1.0,1.0,1,1,1,1,1,6,0,0,0.14594057415532613,0.002072245897728378,761.3085800170899,889.5528091430664,1,16,1,2024-08-01,89.14000091552735,89.14000091552735,178.2800018310547,0.13621162131718884,0
41,86.45000038146975,855.7133344014485,864.5000038146973,1720.2133382161458,0.5,3,0,0.5,1.0,1.0,0,0,1,0,1,6,0,0,0.2871628656683307,0.0,609.984241104126,886.2055171966553,1,16,1,2024-08-01,85.57133344014485,86.45000038146974,172.02133382161458,0.15577761698473908,0
42,118.69209325926556,787.0000038146973,787.0000038146973,1574.0000076293945,1.0,0,1,1.0,1.0,1.0,1,1,1,1,1,1,5,0,0.21998057521574083,0.09141075688763782,613.8752902807499,715.0597377954219,1,16,1,2024-08-01,78.70000038146974,78.70000038146974,157.40000076293947,0.2339611258706876,0
43,108.8240005673623,732.0000038146973,732.0000038146973,1464.0000076293945,1.0,0,1,1.0,1.0,1.0,1,1,1,1,1,0,6,0,0.1882708711415614,0.09824246112890277,594.1857254208779,660.0865218935752,1,16,1,2024-08-01,73.20000038146974,73.20000038146974,146.40000076293947,0.005885999320410755,0
44,129.82500085830685,577.0000038146973,577.0000038146973,1154.0000076293945,0.0,6,0,0.0,1.0,1.0,0,0,1,0,1,6,0,0,0.04054535239006235,0.008414904937116541,553.605335330963,572.1446036338807,1,16,1,2024-08-01,57.70000038146973,57.70000038146973,115.40000076293946,0.0364002499468526,0
45,84.53036125763714,511.00000381469727,511.00000381469727,1022.0000076293945,0.0,6,0,0.0,1.0,1.0,0,0,1,0,1,6,0,0,0.13066272659313138,0.0,444.2313500271684,562.7696265353316,1,16,1,2024-08-01,51.10000038146973,51.10000038146973,102.20000076293945,0.037174704292926755,0
46,77.45000114440916,472.50000381469727,472.50000381469727,945.0000076293945,0.0,6,0,1.0,0.0,1.0,0,0,1,1,0,0,6,0,0.22315108426895483,0.09873019426351719,367.0611156463623,425.8499866485596,1,16,1,2024-08-01,47.25000038146973,47.25000038146973,94.50000076293946,0.03252788389610642,0
47,48.410000610351574,484.1000061035156,484.1000061035156,968.2000122070312,0.0,6,0,1.0,0.0,1.0,0,0,1,1,0,0,6,0,0.3111825961677209,0.11714525553790653,333.4565093994141,427.3899871826172,1,16,1,2024-08-01,48.41000061035157,48.41000061035157,96.82000122070313,0.03252788403665075,0
0,0.0,0.0,0.0,0.0,1.0,0,1,1.0,1.0,0.0,1,1,0,1,1,0,0,6,0.0,0.0,300.20001220703125,346.2794189453125,0,16,2,2024-08-01,0.0,0.0,0.0,0.0,0
1,0.0,0.0,0.0,0.0,1.0,0,1,1.0,1.0,0.0,1,1,0,1,1,0,0,6,0.0,0.0,331.7825012207031,340.5970153808594,0,16,2,2024-08-01,0.0,0.0,0.0,0.0,0
2,0.0,0.0,0.0,0.0,1.0,0,1,1.0,1.0,0.0,1,1,0,1,1,0,0,6,0.0,0.0,344.2252502441406,320.3999938964844,0,16,2,2024-08-01,0.0,0.0,0.0,0.0,0
3,0.0,0.0,0.0,0.0,1.0,0,1,1.0,1.0,0.0,1,1,0,1,1,0,0,6,0.0,0.0,346.962158203125,320.3999938964844,0,16,2,2024-08-01,0.0,0.0,0.0,0.0,0
4,0.0,0.0,0.0,0.0,1.0,0,1,1.0,1.0,0.0,1,1,0,1,1,0,0,6,0.0,0.0,360.01995849609375,320.01019287109375,0,16,2,2024-08-01,0.0,0.0,0.0,0.0,0
5,0.0,0.0,0.0,0.0,1.0,0,1,1.0,1.0,0.0,1,1,0,1,1,0,0,6,0.0,0.0,361.9810791015625,299.5212097167969,0,16,2,2024-08-01,0.0,0.0,0.0,0.0,0
6,0.0,0.0,0.0,0.0,1.0,0,1,1.0,1.0,0.0,1,1,0,1,1,0,0,6,0.0,0.0,364.3450927734375,238.94830322265625,0,16,2,2024-08-01,0.0,0.0,0.0,0.0,0
7,0.0,0.0,0.0,0.0,1.0,0,1,1.0,1.0,0.0,1,1,0,1,1,0,0,6,0.0,0.0,313.1419982910156,171.6431884765625,0,16,2,2024-08-01,0.0,0.0,0.0,0.0,0
8,0.0,0.0,0.0,0.0,1.0,0,1,1.0,1.0,0.0,1,1,0,1,1,0,0,6,0.0,0.0,312.7923583984375,170.39999389648438,0,16,2,2024-08-01,0.0,0.0,0.0,0.0,0
9,0.0,0.0,0.0,0.0,1.0,0,1,1.0,1.0,0.0,1,1,0,1,1,0,0,6,0.0,0.0,262.86212158203125,170.39999389648438,0,16,2,2024-08-01,0.0,0.0,0.0,0.0,0
10,0.0,0.0,0.0,0.0,1.0,0,1,1.0,1.0,0.0,1,1,0,1,1,0,0,6,0.0,0.0,262.83026123046875,170.39999389648438,0,16,2,2024-08-01,0.0,0.0,0.0,0.0,0
11,0.0,0.0,0.0,0.0,1.0,0,1,1.0,1.0,0.0,1,1,0,1,1,0,0,6,0.0,0.0,263.083251953125,166.59471130371094,0,16,2,2024-08-01,0.0,0.0,0.0,0.0,0
12,0.0,0.0,0.0,0.0,1.0,0,1,1.0,1.0,0.0,1,1,0,1,1,0,0,6,0.0,0.0,315.0614013671875,190.2410888671875,0,16,2,2024-08-01,0.0,0.0,0.0,0.0,0
13,0.0,0.0,0.0,0.0,1.0,0,1,1.0,1.0,0.0,1,1,0,1,1,0,0,6,0.0,0.0,344.05126953125,253.4363250732422,0,16,2,2024-08-01,0.0,0.0,0.0,0.0,0
14,0.0,0.0,0.0,0.0,1.0,0,1,1.0,1.0,0.0,1,1,0,1,1,0,0,6,0.0,0.0,374.79998779296875,298.00665283203125,0,16,2,2024-08-01,0.0,0.0,0.0,0.0,0
15,0.0,0.0,0.0,0.0,1.0,0,1,1.0,1.0,0.0,1,1,0,1,1,0,0,6,0.0,0.0,385.79998779296875,293.50384521484375,0,16,2,2024-08-01,0.0,0.0,0.0,0.0,0
16,0.0,0.0,0.0,0.0,1.0,0,1,1.0,1.0,0.0,1,1,0,1,1,0,0,6,0.0,0.0,476.5,336.7376708984375,0,16,2,2024-08-01,0.0,0.0,0.0,0.0,0
17,0.0,0.0,0.0,0.0,1.0,0,1,1.0,1.0,0.0,1,1,0,1,1,0,0,6,0.0,0.0,588.5337524414062,553.0953369140625,0,16,2,2024-08-01,0.0,0.0,0.0,0.0,0
18,-61.56857641737918,284.00000381469727,303.2000045776367,587.200008392334,1.0,0,1,1.0,1.0,1.0,1,1,1,1,1,0,6,0,0.0,0.0,665.5948146959021,737.8238864759729,1,16,2,2024-08-01,28.400000381469727,30.320000457763673,58.7200008392334,0.11091434938173014,0
19,-37.406810565043145,408.2000045776367,408.2000045776367,816.4000091552734,1.0,0,1,1.0,1.0,1.0,1,1,1,1,1,0,6,0,0.0,0.0,701.5138437318319,786.9067495298868,1,16,2,2024-08-01,40.820000457763676,40.820000457763676,81.64000091552735,0.10806103003174748,0
20,-53.51000061035154,535.1000061035156,535.1000061035156,1070.2000122070312,1.0,0,1,1.0,1.0,1.0,1,1,1,1,1,2,4,0,0.0,0.0,722.648080444336,885.7395538330078,1,16,2,2024-08-01,53.51000061035157,53.51000061035157,107.02000122070314,0.0008707879901687437,0
21,-73.65500061035152,586.0500061035157,601.1000061035156,1187.1500122070313,1.0,0,1,1.0,1.0,1.0,1,1,1,1,1,1,5,0,0.0,0.0,785.850736694336,982.6573809814453,1,16,2,2024-08-01,58.60500061035157,60.11000061035156,118.71500122070313,1.1739342548537228e-08,0
22,-144.36359073626033,563.4500076293946,578.5000076293945,1141.950015258789,0.0,6,0,0.0,0.0,1.0,0,0,1,0,0,2,4,0,0.0,0.0,721.0295977403022,1068.0369916151667,1,16,2,2024-08-01,56.34500076293946,57.85000076293946,114.19500152587892,7.939244950917122e-09,0
23,-82.8700008392334,608.700008392334,608.700008392334,1217.400016784668,0.6666666666666666,2,0,1.0,0.3333333333333333,1.0,0,0,1,1,0,3,3,0,0.0,0.0,784.1935367584229,1045.574956893921,1,16,2,2024-08-01,60.8700008392334,60.8700008392334,121.7400016784668,3.133478900140132e-09,0
24,-65.82000083923333,658.200008392334,658.200008392334,1316.400016784668,0.3333333333333333,4,0,1.0,0.3333333333333333,1.0,0,0,1,1,0,0,6,0,0.0,0.0,896.1828678131104,1174.8442928314207,1,16,2,2024-08-01,65.8200008392334,65.8200008392334,131.6400016784668,8.693475363747247e-10,0
25,-73.57000083923333,735.700008392334,735.700008392334,1471.400016784668,1.0,0,1,1.0,1.0,1.0,1,1,1,1,1,0,6,0,0.0,0.0,850.1490543365479,1248.9274227142332,1,16,2,2024-08-01,73.5700008392334,73.5700008392334,147.1400016784668,1.6419565305994533e-09,0
26,-172.25937974309394,835.700008392334,835.700008392334,1671.400016784668,1.0,0,1,1.0,1.0,1.0,1,1,1,1,1,6,0,0,0.19844478506661398,0.0,669.8596998467498,1436.4531053290314,1,16,2,2024-08-01,83.5700008392334,83.5700008392334,167.1400016784668,2.63981060701559e-09,0
27,-15.97193657919371,816.5000076293945,816.5000076293945,1633.000015258789,1.0,0,1,1.0,1.0,1.0,1,1,1,1,1,1,1,4,0.04483339295886288,0.0,779.8935419364313,1270.0158818916937,1,16,2,2024-08-01,81.65000076293946,81.65000076293946,163.3000015258789,3.161575209574823e-09,0
28,-47.97552147615833,1048.3000106811523,1048.3000106811523,2096.6000213623047,1.0,0,1,1.0,1.0,1.0,1,1,1,1,1,0,6,0,0.26525503207561046,0.0,770.2331577230605,1355.9391445230333,1,16,2,2024-08-01,104.83000106811524,104.83000106811524,209.66000213623047,0.04925650727773741,0
29,6.1417241408300285,1048.3000106811523,1048.3000106811523,2096.6000213623047,1.0,0,1,1.0,1.0,1.0,1,1,1,1,1,0,6,0,0.15943487528307657,0.0,881.164429218955,1365.99597117167,1,16,2,2024-08-01,104.83000106811524,104.83000106811524,209.66000213623047,0.049256506546881615,0
30,57.4442363523806,1064.4333432515461,1067.600009918213,2132.033353169759,1.0,0,1,1.0,1.0,1.0,1,1,1,1,1,2,4,0,0.17002325875473173,0.0,883.4549175047243,1285.1417011476194,1,16,2,2024-08-01,106.44333432515462,106.7600009918213,213.20333531697588,0.2083581396736529,0
31,130.36000175476067,1111.600009918213,1111.600009918213,2223.200019836426,0.8333333333333334,1,0,1.0,0.8333333333333334,1.0,0,0,1,1,0,0,6,0,0.0,0.0,1118.5802165985106,1148.977034378052,1,16,2,2024-08-01,111.16000099182129,111.16000099182129,222.32000198364258,0.14917177407188206,0
32,122.99000091552728,1119.9000091552734,1119.9000091552734,2239.800018310547,0.6666666666666666,2,0,0.75,0.5,1.0,0,0,1,0,0,4,2,0,0.011350640988355481,0.00987004386898397,1107.188426208496,1108.8465469360353,1,16,2,2024-08-01,111.99000091552735,111.99000091552735,223.9800018310547,0.033304366693246115,0
33,110.3400009155273,1089.8993375142416,1103.4000091552734,2193.299346669515,1.0,0,1,1.0,1.0,1.0,1,1,1,1,1,6,0,0,0.08660636729643699,0.007920980603844474,995.5071151733398,1094.6599990844727,1,16,2,2024-08-01,108.98993375142416,110.34000091552736,219.32993466695154,0.04848447911448297,0
34,127.07000160217285,1070.529343922933,1078.700008392334,2149.229352315267,1.0,0,1,1.0,1.0,1.0,1,1,1,1,1,0,6,0,0.06551386341470215,0.0007138314531529842,1000.3948307037354,1077.9299983978271,1,16,2,2024-08-01,107.05293439229331,107.8700008392334,214.9229352315267,0.0744766128569263,0
35,145.17000083923335,951.700008392334,951.700008392334,1903.400016784668,1.0,0,1,1.0,1.0,1.0,1,1,1,1,1,0,6,0,0.0,0.0,1043.1907527923584,1028.9532901763916,1,16,2,2024-08-01,95.17000083923341,95.17000083923341,190.34000167846682,0.15242796747406712,0
36,258.9282744085001,944.1000061035156,944.1000061035156,1888.2000122070312,1.0,0,1,1.0,1.0,1.0,1,1,1,1,1,1,5,0,0.0,0.15054325703651372,1094.8405058538126,801.9721162164999,1,16,2,2024-08-01,94.41000061035157,94.41000061035157,188.82000122070315,0.030222545896773232,0
37,131.58000068664546,1040.800006866455,1040.800006866455,2081.60001373291,1.0,0,1,1.0,1.0,1.0,1,1,1,1,1,4,2,0,0.15023137322609664,0.16387188977055542,884.4391925811767,870.242142868042,1,16,2,2024-08-01,104.08000068664552,104.08000068664552,208.16000137329104,0.02029120264244849,0
38,101.07000083923333,1010.700008392334,1010.700008392334,2021.400016784668,0.6666666666666666,2,0,0.0,1.0,1.0,0,0,1,0,1,2,4,0,0.19199303882484264,0.13127986436239522,816.6526424407958,878.0154483795167,1,16,2,2024-08-01,101.0700008392334,101.0700008392334,202.1400016784668,0.08172346715746917,0
39,158.12000236511233,922.200008392334,922.200008392334,1844.400016784668,0.8333333333333334,1,0,0.8333333333333334,1.0,1.0,0,0,1,0,1,6,0,0,0.283051184380553,0.357399293389179,661.170203781128,592.6063770294189,1,16,2,2024-08-01,92.2200008392334,92.2200008392334,184.4400016784668,0.03806143303912251,0
40,89.14000091552737,891.4000091552734,891.4000091552734,1782.8000183105469,0.3333333333333333,4,0,0.3333333333333333,1.0,1.0,0,0,1,0,1,6,0,0,0.3359509425657234,0.2624926986250024,591.9333358764649,657.4140151977539,1,16,2,2024-08-01,89.14000091552735,89.14000091552735,178.2800018310547,0.13621162131718884,0
41,86.45000038146975,855.7133344014485,864.5000038146973,1720.2133382161458,0.0,6,0,0.0,1.0,1.0,0,0,1,0,1,6,0,0,0.40111159402052665,0.27124453061438836,512.4767948150635,630.0091060638428,1,16,2,2024-08-01,85.57133344014485,86.45000038146974,172.02133382161458,0.15577761698473908,0
42,118.69209325926556,787.0000038146973,787.0000038146973,1574.0000076293945,0.5,3,0,0.0,0.6,1.0,0,0,1,0,0,1,5,0,0.3211459584387479,0.29630507743792717,534.2581332983281,553.8079067407344,1,16,2,2024-08-01,78.70000038146974,78.70000038146974,157.40000076293947,0.2339611258706876,0
43,108.8240005673623,732.0000038146973,732.0000038146973,1464.0000076293945,1.0,0,1,1.0,1.0,1.0,1,1,1,1,1,0,6,0,0.23016412643841838,0.3553606431959495,563.5198623837686,471.87601163966895,1,16,2,2024-08-01,73.20000038146974,73.20000038146974,146.40000076293947,0.005885999320410755,0
44,129.82500085830685,577.0000038146973,577.0000038146973,1154.0000076293945,1.0,0,1,1.0,1.0,1.0,1,1,1,1,1,6,0,0,0.0020577678511320805,0.22344017228177643,575.8126717567443,448.07502355575565,1,16,2,2024-08-01,57.70000038146973,57.70000038146973,115.40000076293946,0.0364002499468526,0
45,84.53036125763714,511.00000381469727,511.00000381469727,1022.0000076293945,1.0,0,1,1.0,1.0,1.0,1,1,1,1,1,6,0,0,0.0303411162623639,0.13234900225714388,495.49569328888714,443.36966315642536,1,16,2,2024-08-01,51.10000038146973,51.10000038146973,102.20000076293945,0.037174704292926755,0
46,77.45000114440916,472.50000381469727,472.50000381469727,945.0000076293945,1.0,0,1,1.0,1.0,1.0,1,1,1,1,1,0,6,0,0.0,0.046666625115396564,490.7813610076904,450.45002326965334,1,16,2,2024-08-01,47.25000038146973,47.25000038146973,94.50000076293946,0.03252788389610642,0
47,48.410000610351574,484.1000061035156,484.1000061035156,968.2000122070312,1.0,0,1,1.0,1.0,1.0,1,1,1,1,1,0,6,0,0.1094866232334902,0.08905181110571282,431.0975311279297,440.9900238037109,1,16,2,2024-08-01,48.41000061035157,48.41000061035157,96.82000122070313,0.03252788403665075,0
0,0.0,0.0,0.0,0.0,1.0,0,1,1.0,1.0,0.0,1,1,0,1,1,0,0,6,0.0,0.0,114.9000015258789,121.0,0,17,0,2024-08-01,0.0,0.0,0.0,0.0,0
1,0.0,0.0,0.0,0.0,1.0,0,1,1.0,1.0,0.0,1,1,0,1,1,0,0,6,0.0,0.0,121.0,121.0,0,17,0,2024-08-01,0.0,0.0,0.0,0.0,0
2,0.0,0.0,0.0,0.0,1.0,0,1,1.0,1.0,0.0,1,1,0,1,1,0,0,6,0.0,0.0,93.5,93.5,0,17,0,2024-08-01,0.0,0.0,0.0,0.0,0
3,0.0,0.0,0.0,0.0,1.0,0,1,1.0,1.0,0.0,1,1,0,1,1,0,0,6,0.0,0.0,93.5,93.5,0,17,0,2024-08-01,0.0,0.0,0.0,0.0,0
4,0.0,0.0,0.0,0.0,1.0,0,1,1.0,1.0,0.0,1,1,0,1,1,0,0,6,0.0,0.0,93.5,93.5,0,17,0,2024-08-01,0.0,0.0,0.0,0.0,0
5,0.0,0.0,0.0,0.0,1.0,0,1,1.0,1.0,0.0,1,1,0,1,1,0,0,6,0.0,0.0,93.5,93.5,0,17,0,2024-08-01,0.0,0.0,0.0,0.0,0
6,0.0,0.0,0.0,0.0,1.0,0,1,1.0,1.0,0.0,1,1,0,1,1,0,0,6,0.0,0.0,66.0,66.0,0,17,0,2024-08-01,0.0,0.0,0.0,0.0,0
7,0.0,0.0,0.0,0.0,1.0,0,1,1.0,1.0,0.0,1,1,0,1,1,0,0,6,0.0,0.0,66.0,66.0,0,17,0,2024-08-01,0.0,0.0,0.0,0.0,0
8,0.0,0.0,0.0,0.0,1.0,0,1,1.0,1.0,0.0,1,1,0,1,1,0,0,6,0.0,0.0,66.0,57.49713134765625,0,17,0,2024-08-01,0.0,0.0,0.0,0.0,0
9,0.0,0.0,0.0,0.0,1.0,0,1,1.0,1.0,0.0,1,1,0,1,1,0,0,6,0.0,0.0,66.0,52.984771728515625,0,17,0,2024-08-01,0.0,0.0,0.0,0.0,0
10,0.0,0.0,0.0,0.0,1.0,0,1,1.0,1.0,0.0,1,1,0,1,1,0,0,6,0.0,0.0,85.19999694824219,57.70000076293945,0,17,0,2024-08-01,0.0,0.0,0.0,0.0,0
11,0.0,0.0,0.0,0.0,1.0,0,1,1.0,1.0,0.0,1,1,0,1,1,0,0,6,0.0,0.0,85.19999694824219,57.70000076293945,0,17,0,2024-08-01,0.0,0.0,0.0,0.0,0
12,0.0,0.0,0.0,0.0,1.0,0,1,1.0,1.0,0.0,1,1,0,1,1,0,0,6,0.0,0.0,85.19999694824219,57.70000076293945,0,17,0,2024-08-01,0.0,0.0,0.0,0.0,0
13,0.0,0.0,0.0,0.0,1.0,0,1,1.0,1.0,0.0,1,1,0,1,1,0,0,6,0.0,0.0,182.71710205078125,162.6999969482422,0,17,0,2024-08-01,0.0,0.0,0.0,0.0,0
14,0.0,0.0,0.0,0.0,1.0,0,1,1.0,1.0,0.0,1,1,0,1,1,0,0,6,0.0,0.0,258.943603515625,231.89999389648438,0,17,0,2024-08-01,0.0,0.0,0.0,0.0,0
15,0.0,0.0,0.0,0.0,1.0,0,1,1.0,1.0,0.0,1,1,0,1,1,0,0,6,0.0,0.0,347.799072265625,306.29998779296875,0,17,0,2024-08-01,0.0,0.0,0.0,0.0,0
16,0.0,0.0,0.0,0.0,1.0,0,1,1.0,1.0,0.0,1,1,0,1,1,0,0,6,0.0,0.0,400.37591552734375,354.723876953125,0,17,0,2024-08-01,0.0,0.0,0.0,0.0,0
17,0.0,0.0,0.0,0.0,1.0,0,1,1.0,1.0,0.0,1,1,0,1,1,0,0,6,0.0,0.0,459.29998779296875,413.4609375,0,17,0,2024-08-01,0.0,0.0,0.0,0.0,0
18,-61.56857641737918,284.00000381469727,303.2000045776367,587.200008392334,1.0,0,1,1.0,1.0,1.0,1,1,1,1,1,6,0,0,0.0,0.0,511.3775295396521,594.4382663587854,1,17,0,2024-08-01,28.400000381469727,30.320000457763673,58.7200008392334,0.14993188236406613,0
19,-37.406810565043145,408.2000045776367,408.2000045776367,816.4000091552734,1.0,0,1,1.0,1.0,1.0,1,1,1,1,1,6,0,0,0.016024652894444692,0.0,401.65874119276936,541.70682887559,1,17,0,2024-08-01,40.820000457763676,40.820000457763676,81.64000091552735,0.09499999597178439,0
20,-53.51000061035154,535.1000061035156,535.1000061035156,1070.2000122070312,1.0,0,1,1.0,1.0,1.0,1,1,1,1,1,1,5,0,0.28638768889773253,0.0,381.8539520263672,557.8100189208984,1,17,0,2024-08-01,53.51000061035157,53.51000061035157,107.02000122070314,0.13000000774678436,0
21,-73.65500061035152,586.0500061035157,601.1000061035156,1187.1500122070313,1.0,0,1,1.0,1.0,1.0,1,1,1,1,1,0,6,0,0.3245240244651774,0.0,395.862699584961,674.6550006103515,1,17,0,2024-08-01,58.60500061035157,60.11000061035156,118.71500122070313,0.15190162105651014,0
22,-144.36359073626033,563.4500076293946,578.5000076293945,1141.950015258789,0.5,3,0,1.0,0.5,1.0,0,0,1,1,0,0,6,0,0.398631870708843,0.0,338.84087703717717,773.4909711073541,1,17,0,2024-08-01,56.34500076293946,57.85000076293946,114.19500152587892,0.10047360598620439,0
23,-82.8700008392334,608.700008392334,608.700008392334,1217.400016784668,1.0,0,1,1.0,1.0,1.0,1,1,1,1,1,0,6,0,0.2480515072487864,0.0,457.7110538482666,836.9210262298584,1,17,0,2024-08-01,60.8700008392334,60.8700008392334,121.7400016784668,0.08833333213216642,0
24,-65.82000083923333,658.200008392334,658.200008392334,1316.400016784668,1.0,0,1,1.0,1.0,1.0,1,1,1,1,1,4,2,0,0.19895789971603794,0.0,527.2459171295167,922.7501155853271,1,17,0,2024-08-01,65.8200008392334,65.8200008392334,131.6400016784668,0.016666666570072507,0
25,-73.57000083923333,735.700008392334,735.700008392334,1471.400016784668,0.0,6,0,0.0,1.0,1.0,0,0,1,0,1,6,0,0,0.2730437451505784,0.0,534.8217227935792,993.5546810150146,1,17,0,2024-08-01,73.5700008392334,73.5700008392334,147.1400016784668,0.011666667608631276,0
26,-172.25937974309394,835.700008392334,835.700008392334,1671.400016784668,1.0,0,1,1.0,1.0,1.0,1,1,1,1,1,6,0,0,0.44026553124339335,0.0,467.7701002373748,1145.1272996649689,1,17,0,2024-08-01,83.5700008392334,83.5700008392334,167.1400016784668,0.004166668108250611,0
27,-15.97193657919371,816.5000076293945,816.5000076293945,1633.000015258789,0.3333333333333333,4,0,1.0,0.0,1.0,0,0,1,1,0,0,4,2,0.1873592648521821,0.0,663.5211664481501,1130.8447393135687,1,17,0,2024-08-01,81.65000076293946,81.65000076293946,163.3000015258789,0.0033333335029650836,0
28,-47.97552147615833,1048.3000106811523,1048.3000106811523,2096.6000213623047,0.8333333333333334,1,0,1.0,0.0,1.0,0,0,1,1,0,0,1,5,0.41754941907632753,0.0,610.5829502035292,1165.3755458902208,1,17,0,2024-08-01,104.83000106811524,104.83000106811524,209.66000213623047,0.0008333336460017703,0
29,6.1417241408300285,1048.3000106811523,1048.3000106811523,2096.6000213623047,0.8333333333333334,1,0,1.0,0.0,1.0,0,0,1,1,0,0,1,5,0.3839970873763269,0.0,645.7558598830175,1103.10095164042,1,17,0,2024-08-01,104.83000106811524,104.83000106811524,209.66000213623047,0.0008333334327051068,0
30,57.4442363523806,1064.4333432515461,1067.600009918213,2132.033353169759,1.0,0,1,1.0,1.0,1.0,1,1,1,1,1,0,4,2,0.3565753494835107,0.03629504647221476,684.8826518797243,1028.8514179444944,1,17,0,2024-08-01,106.44333432515462,106.7600009918213,213.20333531697588,0.003338285207422548,0
31,130.36000175476067,1111.600009918213,1111.600009918213,2223.200019836426,1.0,0,1,1.0,1.0,1.0,1,1,1,1,1,5,1,0,0.247263886276065,0.1031009205709308,836.7414714813232,996.9930255889893,1,17,0,2024-08-01,111.16000099182129,111.16000099182129,222.32000198364258,0.0008333334677422503,0
32,122.99000091552728,1119.9000091552734,1119.9000091552734,2239.800018310547,1.0,0,1,1.0,1.0,1.0,1,1,1,1,1,5,1,0,0.18474253133784513,0.050971626786781334,913.0068466186523,1062.8168838500978,1,17,0,2024-08-01,111.99000091552735,111.99000091552735,223.9800018310547,0.005833334025944353,0
33,110.3400009155273,1089.8993375142416,1103.4000091552734,2193.299346669515,1.0,0,1,1.0,1.0,1.0,1,1,1,1,1,0,6,0,0.18207943227761267,0.04333033205096719,891.4510848999023,1055.5893203735352,1,17,0,2024-08-01,108.98993375142416,110.34000091552736,219.32993466695154,1.3914005229649902e-09,0
34,127.07000160217285,1070.529343922933,1078.700008392334,2149.229352315267,1.0,0,1,1.0,1.0,1.0,1,1,1,1,1,3,3,0,0.20204927177370446,0.04986820869976238,854.2296695709229,1024.9071712493896,1,17,0,2024-08-01,107.05293439229331,107.8700008392334,214.9229352315267,0.002509502981257373,0
35,145.17000083923335,951.700008392334,951.700008392334,1903.400016784668,1.0,0,1,1.0,1.0,1.0,1,1,1,1,1,0,6,0,0.07382987669669606,0.0,881.4361141204834,1010.6299259185791,1,17,0,2024-08-01,95.17000083923341,95.17000083923341,190.34000167846682,0.008333330360512321,0
36,258.9282744085001,944.1000061035156,944.1000061035156,1888.2000122070312,1.0,0,1,1.0,1.0,1.0,1,1,1,1,1,0,6,0,0.0,0.05871020502885242,1017.7166044866251,888.6717011774374,1,17,0,2024-08-01,94.41000061035157,94.41000061035157,188.82000122070315,0.0016666705593296012,0
37,131.58000068664546,1040.800006866455,1040.800006866455,2081.60001373291,1.0,0,1,1.0,1.0,1.0,1,1,1,1,1,0,6,0,0.1260887085632407,0.023808639319448585,909.5668781280517,1016.019974899292,1,17,0,2024-08-01,104.08000068664552,104.08000068664552,208.16000137329104,0.0008333342587859429,0
38,101.07000083923333,1010.700008392334,1010.700008392334,2021.400016784668,1.0,0,1,1.0,1.0,1.0,1,1,1,1,1,0,6,0,0.1263277985600419,0.0,883.0205013275146,1010.7300479888917,1,17,0,2024-08-01,101.0700008392334,101.0700008392334,202.1400016784668,0.15025641317617944,0
39,158.12000236511233,922.200008392334,922.200008392334,1844.400016784668,1.0,0,1,1.0,1.0,1.0,1,1,1,1,1,5,1,0,0.0014761624918558428,0.0,920.8386913299561,925.2132495880127,1,17,0,2024-08-01,92.2200008392334,92.2200008392334,184.4400016784668,0.09620607605836025,0
40,89.14000091552737,891.4000091552734,891.4000091552734,1782.8000183105469,1.0,0,1,1.0,1.0,1.0,1,1,1,1,1,0,6,0,0.01699672114063433,0.0,876.2491317749024,917.9982437133789,1,17,0,2024-08-01,89.14000091552735,89.14000091552735,178.2800018310547,0.08151332234291987,0
41,86.45000038146975,855.7133344014485,864.5000038146973,1720.2133382161458,1.0,0,1,1.0,1.0,1.0,1,1,1,1,1,0,6,0,0.022160506666047162,0.0,836.7502933502197,869.2941402435303,1,17,0,2024-08-01,85.57133344014485,86.45000038146974,172.02133382161458,0.014743554082375354,0
42,118.69209325926556,787.0000038146973,787.0000038146973,1574.0000076293945,1.0,0,1,1.0,1.0,1.0,1,1,1,1,1,6,0,0,0.031518942812948196,0.04818786198020581,762.1945957006718,749.0761562524532,1,17,0,2024-08-01,78.70000038146974,78.70000038146974,157.40000076293947,0.09968278377541767,0
43,108.8240005673623,732.0000038146973,732.0000038146973,1464.0000076293945,1.0,0,1,1.0,1.0,1.0,1,1,1,1,1,6,0,0,0.13125165336909958,0.07153899673916148,635.923793047831,679.6334579287314,1,17,0,2024-08-01,73.20000038146974,73.20000038146974,146.40000076293947,0.0790244817810154,0
44,129.82500085830685,577.0000038146973,577.0000038146973,1154.0000076293945,0.6666666666666666,2,0,1.0,0.5,1.0,0,0,1,1,0,2,4,0,0.0,0.0,612.131214237213,636.2537344932557,1,17,0,2024-08-01,57.70000038146973,57.70000038146973,115.40000076293946,0.03583333756453999,0
45,84.53036125763714,511.00000381469727,511.00000381469727,1022.0000076293945,0.0,6,0,1.0,0.0,1.0,0,0,1,1,0,0,6,0,0.0,0.0,635.6789208279497,627.9029883517378,1,17,0,2024-08-01,51.10000038146973,51.10000038146973,102.20000076293945,0.018333341526887325,0
46,77.45000114440916,472.50000381469727,472.50000381469727,945.0000076293945,0.8333333333333334,1,0,1.0,0.8333333333333334,1.0,0,0,1,1,0,0,6,0,0.0,0.0,562.1095165252685,560.4999500274658,1,17,0,2024-08-01,47.25000038146973,47.25000038146973,94.50000076293946,0.003333337208581342,0
47,48.410000610351574,484.1000061035156,484.1000061035156,968.2000122070312,0.8333333333333334,1,0,1.0,1.0,0.8333333333333334,0,0,0,1,1,0,0,6,0.0,0.0,502.3534210205078,532.3899871826172,1,17,0,2024-08-01,48.41000061035157,48.41000061035157,96.82000122070313,7.879977844190974e-10,0
0,0.0,0.0,0.0,0.0,1.0,0,1,1.0,1.0,0.0,1,1,0,1,1,0,0,6,0.0,0.0,156.0,195.60000610351562,0,17,1,2024-08-01,0.0,0.0,0.0,0.0,0
1,0.0,0.0,0.0,0.0,1.0,0,1,1.0,1.0,0.0,1,1,0,1,1,0,0,6,0.0,0.0,205.0548553466797,223.09999084472656,0,17,1,2024-08-01,0.0,0.0,0.0,0.0,0
2,0.0,0.0,0.0,0.0,1.0,0,1,1.0,1.0,0.0,1,1,0,1,1,0,0,6,0.0,0.0,219.27035522460938,223.09999084472656,0,17,1,2024-08-01,0.0,0.0,0.0,0.0,0
3,0.0,0.0,0.0,0.0,1.0,0,1,1.0,1.0,0.0,1,1,0,1,1,0,0,6,0.0,0.0,220.6261749267578,223.09999084472656,0,17,1,2024-08-01,0.0,0.0,0.0,0.0,0
4,0.0,0.0,0.0,0.0,1.0,0,1,1.0,1.0,0.0,1,1,0,1,1,0,0,6,0.0,0.0,201.09999084472656,201.09999084472656,0,17,1,2024-08-01,0.0,0.0,0.0,0.0,0
5,0.0,0.0,0.0,0.0,1.0,0,1,1.0,1.0,0.0,1,1,0,1,1,0,0,6,0.0,0.0,154.39999389648438,154.39999389648438,0,17,1,2024-08-01,0.0,0.0,0.0,0.0,0
6,0.0,0.0,0.0,0.0,1.0,0,1,1.0,1.0,0.0,1,1,0,1,1,0,0,6,0.0,0.0,154.39999389648438,147.53451538085938,0,17,1,2024-08-01,0.0,0.0,0.0,0.0,0
7,0.0,0.0,0.0,0.0,1.0,0,1,1.0,1.0,0.0,1,1,0,1,1,0,0,6,0.0,0.0,154.39999389648438,113.48921966552734,0,17,1,2024-08-01,0.0,0.0,0.0,0.0,0
8,0.0,0.0,0.0,0.0,1.0,0,1,1.0,1.0,0.0,1,1,0,1,1,0,0,6,0.0,0.0,154.39999389648438,104.4000015258789,0,17,1,2024-08-01,0.0,0.0,0.0,0.0,0
9,0.0,0.0,0.0,0.0,1.0,0,1,1.0,1.0,0.0,1,1,0,1,1,0,0,6,0.0,0.0,154.39999389648438,104.4000015258789,0,17,1,2024-08-01,0.0,0.0,0.0,0.0,0
10,0.0,0.0,0.0,0.0,1.0,0,1,1.0,1.0,0.0,1,1,0,1,1,0,0,6,0.0,0.0,135.1999969482422,85.19999694824219,0,17,1,2024-08-01,0.0,0.0,0.0,0.0,0
11,0.0,0.0,0.0,0.0,1.0,0,1,1.0,1.0,0.0,1,1,0,1,1,0,0,6,0.0,0.0,135.1999969482422,85.19999694824219,0,17,1,2024-08-01,0.0,0.0,0.0,0.0,0
12,0.0,0.0,0.0,0.0,1.0,0,1,1.0,1.0,0.0,1,1,0,1,1,0,0,6,0.0,0.0,173.6999969482422,123.69999694824219,0,17,1,2024-08-01,0.0,0.0,0.0,0.0,0
13,0.0,0.0,0.0,0.0,1.0,0,1,1.0,1.0,0.0,1,1,0,1,1,0,0,6,0.0,0.0,256.20001220703125,206.1999969482422,0,17,1,2024-08-01,0.0,0.0,0.0,0.0,0
14,0.0,0.0,0.0,0.0,1.0,0,1,1.0,1.0,0.0,1,1,0,1,1,0,0,6,0.0,0.0,344.70001220703125,288.7840576171875,0,17,1,2024-08-01,0.0,0.0,0.0,0.0,0
15,0.0,0.0,0.0,0.0,1.0,0,1,1.0,1.0,0.0,1,1,0,1,1,0,0,6,0.0,0.0,344.70001220703125,285.66461181640625,0,17,1,2024-08-01,0.0,0.0,0.0,0.0,0
16,0.0,0.0,0.0,0.0,1.0,0,1,1.0,1.0,0.0,1,1,0,1,1,0,0,6,0.0,0.0,367.12371826171875,289.54296875,0,17,1,2024-08-01,0.0,0.0,0.0,0.0,0
17,0.0,0.0,0.0,0.0,1.0,0,1,1.0,1.0,0.0,1,1,0,1,1,0,0,6,0.0,0.0,412.34735107421875,309.68865966796875,0,17,1,2024-08-01,0.0,0.0,0.0,0.0,0
18,-61.56857641737918,284.00000381469727,303.2000045776367,587.200008392334,1.0,0,1,1.0,1.0,1.0,1,1,1,1,1,6,0,0,0.0,0.0,413.5689968248083,465.2979770521448,1,17,1,2024-08-01,28.400000381469727,30.320000457763673,58.7200008392334,0.14993188236406613,0
19,-37.406810565043145,408.2000045776367,408.2000045776367,816.4000091552734,0.8333333333333334,1,0,0.8333333333333334,1.0,1.0,0,0,1,0,1,6,0,0,0.0,0.0,483.05986423964436,613.7548940611368,1,17,1,2024-08-01,40.820000457763676,40.820000457763676,81.64000091552735,0.09499999597178439,0
20,-53.51000061035154,535.1000061035156,535.1000061035156,1070.2000122070312,0.6666666666666666,2,0,0.0,0.8,1.0,0,0,1,0,0,1,5,0,0.14513424854128998,0.0,457.4386688232422,689.5746368408203,1,17,1,2024-08-01,53.51000061035157,53.51000061035157,107.02000122070314,0.13000000774678436,0
21,-73.65500061035152,586.0500061035157,601.1000061035156,1187.1500122070313,1.0,0,1,1.0,1.0,1.0,1,1,1,1,1,0,6,0,0.1748824447072574,0.0,483.56014831542973,752.0939654541015,1,17,1,2024-08-01,58.60500061035157,60.11000061035156,118.71500122070313,0.15190162105651014,0
22,-144.36359073626033,563.4500076293946,578.5000076293945,1141.950015258789,1.0,0,1,1.0,1.0,1.0,1,1,1,1,1,0,6,0,0.22344997975767256,0.0,437.5471148301459,878.4023480604791,1,17,1,2024-08-01,56.34500076293946,57.85000076293946,114.19500152587892,0.10047360598620439,0
23,-82.8700008392334,608.700008392334,608.700008392334,1217.400016784668,1.0,0,1,1.0,1.0,1.0,1,1,1,1,1,0,6,0,0.09641459197200826,0.0,550.0124454498291,905.4057064056396,1,17,1,2024-08-01,60.8700008392334,60.8700008392334,121.7400016784668,0.08833333213216642,0
24,-65.82000083923333,658.200008392334,658.200008392334,1316.400016784668,1.0,0,1,1.0,1.0,1.0,1,1,1,1,1,4,2,0,0.042932494759876906,0.0,629.9418399810792,940.7566463470458,1,17,1,2024-08-01,65.8200008392334,65.8200008392334,131.6400016784668,0.016666666570072507,0
25,-73.57000083923333,735.700008392334,735.700008392334,1471.400016784668,1.0,0,1,1.0,1.0,1.0,1,1,1,1,1,6,0,0,0.23994845455840833,0.0,559.1699283599854,921.4981014251708,1,17,1,2024-08-01,73.5700008392334,73.5700008392334,147.1400016784668,0.011666667608631276,0
26,-172.25937974309394,835.700008392334,835.700008392334,1671.400016784668,1.0,0,1,1.0,1.0,1.0,1,1,1,1,1,6,0,0,0.5155124493553462,0.0,404.8862501397185,1021.759379743094,1,17,1,2024-08-01,83.5700008392334,83.5700008392334,167.1400016784668,0.004166668108250611,0
27,-15.97193657919371,816.5000076293945,816.5000076293945,1633.000015258789,1.0,0,1,1.0,1.0,1.0,1,1,1,1,1,0,4,2,0.2488184149017582,0.0,613.3397699637751,968.8739141182562,1,17,1,2024-08-01,81.65000076293946,81.65000076293946,163.3000015258789,0.0033333335029650836,0
28,-47.97552147615833,1048.3000106811523,1048.3000106811523,2096.6000213623047,1.0,0,1,1.0,1.0,1.0,1,1,1,1,1,0,1,5,0.45930845802560527,0.07072651310114318,566.8069492269667,974.1574062417833,1,17,1,2024-08-01,104.83000106811524,104.83000106811524,209.66000213623047,0.0008333336460017703,0
29,6.1417241408300285,1048.3000106811523,1048.3000106811523,2096.6000213623047,1.0,0,1,1.0,1.0,1.0,1,1,1,1,1,0,1,5,0.40524312054425865,0.12284021611081729,623.4836430861425,919.5266108201075,1,17,1,2024-08-01,104.83000106811524,104.83000106811524,209.66000213623047,0.0008333334327051068,0
30,57.4442363523806,1064.4333432515461,1067.600009918213,2132.033353169759,1.0,0,1,1.0,1.0,1.0,1,1,1,1,1,0,4,2,0.3393196962364284,0.1489687109120013,703.2501445555056,908.5610126710569,1,17,1,2024-08-01,106.44333432515462,106.7600009918213,213.20333531697588,0.003338285207422548,0
31,130.36000175476067,1111.600009918213,1111.600009918213,2223.200019836426,1.0,0,1,1.0,1.0,1.0,1,1,1,1,1,5,1,0,0.3595288746653806,0.2687407572907705,711.9477092742919,812.8677814483643,1,17,1,2024-08-01,111.16000099182129,111.16000099182129,222.32000198364258,0.0008333334677422503,0
32,122.99000091552728,1119.9000091552734,1119.9000091552734,2239.800018310547,1.0,0,1,1.0,1.0,1.0,1,1,1,1,1,5,1,0,0.36036943436899765,0.28954600054797563,716.3222763061523,795.6374404907227,1,17,1,2024-08-01,111.99000091552735,111.99000091552735,223.9800018310547,0.005833334025944353,0
33,110.3400009155273,1089.8993375142416,1103.4000091552734,2193.299346669515,1.0,0,1,1.0,1.0,1.0,1,1,1,1,1,0,6,0,0.34971884329379294,0.2746213786806728,708.7410018920898,800.3827774047852,1,17,1,2024-08-01,108.98993375142416,110.34000091552736,219.32993466695154,1.3914005229649902e-09,0
34,127.07000160217285,1070.529343922933,1078.700008392334,2149.229352315267,0.5,3,0,1.0,0.0,1.0,0,0,1,1,0,3,3,0,0.21156547792678015,0.1870212821523818,844.0422916412354,876.9601497650146,1,17,1,2024-08-01,107.05293439229331,107.8700008392334,214.9229352315267,0.002509502981257373,0
35,145.17000083923335,951.700008392334,951.700008392334,1903.400016784668,0.5,3,0,1.0,0.5,1.0,0,0,1,1,0,0,6,0,0.08051161330800966,0.09621725291158455,875.0771053314209,860.1300479888916,1,17,1,2024-08-01,95.17000083923341,95.17000083923341,190.34000167846682,0.008333330360512321,0
36,258.9282744085001,944.1000061035156,944.1000061035156,1888.2000122070312,1.0,0,1,1.0,1.0,1.0,1,1,1,1,1,0,6,0,0.0,0.23856408462887788,963.7757475530314,718.8716523493124,1,17,1,2024-08-01,94.41000061035157,94.41000061035157,188.82000122070315,0.0016666705593296012,0
37,131.58000068664546,1040.800006866455,1040.800006866455,2081.60001373291,1.0,0,1,1.0,1.0,1.0,1,1,1,1,1,0,6,0,0.19113313759943915,0.16802460261276628,841.8686359405517,865.9199993133545,1,17,1,2024-08-01,104.08000068664552,104.08000068664552,208.16000137329104,0.0008333342587859429,0
38,101.07000083923333,1010.700008392334,1010.700008392334,2021.400016784668,1.0,0,1,1.0,1.0,1.0,1,1,1,1,1,0,6,0,0.18451494898018905,0.08604923288937213,824.2107479095458,923.7300479888917,1,17,1,2024-08-01,101.0700008392334,101.0700008392334,202.1400016784668,0.15025641317617944,0
39,158.12000236511233,922.200008392334,922.200008392334,1844.400016784668,1.0,0,1,1.0,1.0,1.0,1,1,1,1,1,5,1,0,0.06407432646757184,0.10335796355627225,863.1106639862061,826.8832935333252,1,17,1,2024-08-01,92.2200008392334,92.2200008392334,184.4400016784668,0.09620607605836025,0
40,89.14000091552737,891.4000091552734,891.4000091552734,1782.8000183105469,1.0,0,1,1.0,1.0,1.0,1,1,1,1,1,0,6,0,0.040462663802816434,0.0,855.3315902709961,897.6640762329101,1,17,1,2024-08-01,89.14000091552735,89.14000091552735,178.2800018310547,0.08151332234291987,0
41,86.45000038146975,855.7133344014485,864.5000038146973,1720.2133382161458,1.0,0,1,1.0,1.0,1.0,1,1,1,1,1,0,6,0,0.0,0.0,865.4402347564697,864.9127925872803,1,17,1,2024-08-01,85.57133344014485,86.45000038146974,172.02133382161458,0.014743554082375354,0
42,118.69209325926556,787.0000038146973,787.0000038146973,1574.0000076293945,1.0,0,1,1.0,1.0,1.0,1,1,1,1,1,6,0,0,0.0,0.0,865.4031528295781,834.1044155297969,1,17,1,2024-08-01,78.70000038146974,78.70000038146974,157.40000076293947,0.09968278377541767,0
43,108.8240005673623,732.0000038146973,732.0000038146973,1464.0000076293945,1.0,0,1,1.0,1.0,1.0,1,1,1,1,1,6,0,0,0.0,0.0,808.994837969706,825.814732342794,1,17,1,2024-08-01,73.20000038146974,73.20000038146974,146.40000076293947,0.0790244817810154,0
44,129.82500085830685,577.0000038146973,577.0000038146973,1154.0000076293945,1.0,0,1,1.0,1.0,1.0,1,1,1,1,1,2,4,0,0.0,0.0,713.2277108192443,813.2794913291932,1,17,1,2024-08-01,57.70000038146973,57.70000038146973,115.40000076293946,0.03583333756453999,0
45,84.53036125763714,511.00000381469727,511.00000381469727,1022.0000076293945,1.0,0,1,1.0,1.0,1.0,1,1,1,1,1,0,6,0,0.0,0.0,559.0700035916216,773.6328467501753,1,17,1,2024-08-01,51.10000038146973,51.10000038146973,102.20000076293945,0.018333341526887325,0
46,77.45000114440916,472.50000381469727,472.50000381469727,945.0000076293945,1.0,0,1,1.0,1.0,1.0,1,1,1,1,1,0,6,0,0.0,0.0,508.75883903503416,723.2448230743408,1,17,1,2024-08-01,47.25000038146973,47.25000038146973,94.50000076293946,0.003333337208581342,0
47,48.410000610351574,484.1000061035156,484.1000061035156,968.2000122070312,1.0,0,1,1.0,1.0,1.0,1,1,1,1,1,0,0,6,0.0,0.0,484.3037994384766,749.0899993896485,1,17,1,2024-08-01,48.41000061035157,48.41000061035157,96.82000122070313,7.879977844190974e-10,0
0,0.0,0.0,0.0,0.0,1.0,0,1,1.0,1.0,0.0,1,1,0,1,1,0,0,6,0.0,0.0,159.6999969482422,167.59999084472656,0,17,2,2024-08-01,0.0,0.0,0.0,0.0,0
1,0.0,0.0,0.0,0.0,1.0,0,1,1.0,1.0,0.0,1,1,0,1,1,0,0,6,0.0,0.0,182.4148712158203,186.8000030517578,0,17,2,2024-08-01,0.0,0.0,0.0,0.0,0
2,0.0,0.0,0.0,0.0,1.0,0,1,1.0,1.0,0.0,1,1,0,1,1,0,0,6,0.0,0.0,184.0269317626953,186.8000030517578,0,17,2,2024-08-01,0.0,0.0,0.0,0.0,0
3,0.0,0.0,0.0,0.0,1.0,0,1,1.0,1.0,0.0,1,1,0,1,1,0,0,6,0.0,0.0,185.84629821777344,186.8000030517578,0,17,2,2024-08-01,0.0,0.0,0.0,0.0,0
4,0.0,0.0,0.0,0.0,1.0,0,1,1.0,1.0,0.0,1,1,0,1,1,0,0,6,0.0,0.0,186.8000030517578,186.8000030517578,0,17,2,2024-08-01,0.0,0.0,0.0,0.0,0
5,0.0,0.0,0.0,0.0,1.0,0,1,1.0,1.0,0.0,1,1,0,1,1,0,0,6,0.0,0.0,186.8000030517578,186.8000030517578,0,17,2,2024-08-01,0.0,0.0,0.0,0.0,0
6,0.0,0.0,0.0,0.0,1.0,0,1,1.0,1.0,0.0,1,1,0,1,1,0,0,6,0.0,0.0,186.8000030517578,186.8000030517578,0,17,2,2024-08-01,0.0,0.0,0.0,0.0,0
7,0.0,0.0,0.0,0.0,1.0,0,1,1.0,1.0,0.0,1,1,0,1,1,0,0,6,0.0,0.0,186.8000030517578,186.8000030517578,0,17,2,2024-08-01,0.0,0.0,0.0,0.0,0
8,0.0,0.0,0.0,0.0,1.0,0,1,1.0,1.0,0.0,1,1,0,1,1,0,0,6,0.0,0.0,186.8000030517578,186.8000030517578,0,17,2,2024-08-01,0.0,0.0,0.0,0.0,0
9,0.0,0.0,0.0,0.0,1.0,0,1,1.0,1.0,0.0,1,1,0,1,1,0,0,6,0.0,0.0,186.8000030517578,183.82876586914062,0,17,2,2024-08-01,0.0,0.0,0.0,0.0,0
10,0.0,0.0,0.0,0.0,1.0,0,1,1.0,1.0,0.0,1,1,0,1,1,0,0,6,0.0,0.0,186.8000030517578,175.8230438232422,0,17,2,2024-08-01,0.0,0.0,0.0,0.0,0
11,0.0,0.0,0.0,0.0,1.0,0,1,1.0,1.0,0.0,1,1,0,1,1,0,0,6,0.0,0.0,186.8000030517578,172.08334350585938,0,17,2,2024-08-01,0.0,0.0,0.0,0.0,0
12,0.0,0.0,0.0,0.0,1.0,0,1,1.0,1.0,0.0,1,1,0,1,1,0,0,6,0.0,0.0,236.8000030517578,181.8000030517578,0,17,2,2024-08-01,0.0,0.0,0.0,0.0,0
13,0.0,0.0,0.0,0.0,1.0,0,1,1.0,1.0,0.0,1,1,0,1,1,0,0,6,0.0,0.0,236.8000030517578,181.8000030517578,0,17,2,2024-08-01,0.0,0.0,0.0,0.0,0
14,0.0,0.0,0.0,0.0,1.0,0,1,1.0,1.0,0.0,1,1,0,1,1,0,0,6,0.0,0.0,325.1999816894531,251.99368286132812,0,17,2,2024-08-01,0.0,0.0,0.0,0.0,0
15,0.0,0.0,0.0,0.0,1.0,0,1,1.0,1.0,0.0,1,1,0,1,1,0,0,6,0.0,0.0,319.43218994140625,224.7075653076172,0,17,2,2024-08-01,0.0,0.0,0.0,0.0,0
16,0.0,0.0,0.0,0.0,1.0,0,1,1.0,1.0,0.0,1,1,0,1,1,0,0,6,0.0,0.0,371.3000183105469,262.3760070800781,0,17,2,2024-08-01,0.0,0.0,0.0,0.0,0
17,0.0,0.0,0.0,0.0,1.0,0,1,1.0,1.0,0.0,1,1,0,1,1,0,0,6,0.0,0.0,472.3175354003906,370.8076171875,0,17,2,2024-08-01,0.0,0.0,0.0,0.0,0
18,-61.56857641737918,284.00000381469727,303.2000045776367,587.200008392334,1.0,0,1,1.0,1.0,1.0,1,1,1,1,1,6,0,0,0.0,0.0,515.9785427232458,553.6636691908167,1,17,2,2024-08-01,28.400000381469727,30.320000457763673,58.7200008392334,0.14993188236406613,0
19,-37.406810565043145,408.2000045776367,408.2000045776367,816.4000091552734,1.0,0,1,1.0,1.0,1.0,1,1,1,1,1,6,0,0,0.0,0.0,482.18950291151936,668.4004018736368,1,17,2,2024-08-01,40.820000457763676,40.820000457763676,81.64000091552735,0.09499999597178439,0
20,-53.51000061035154,535.1000061035156,535.1000061035156,1070.2000122070312,1.0,0,1,1.0,1.0,1.0,1,1,1,1,1,1,5,0,0.1823686590692669,0.0,437.51453552246096,713.9979766845703,1,17,2,2024-08-01,53.51000061035157,53.51000061035157,107.02000122070314,0.13000000774678436,0
21,-73.65500061035152,586.0500061035157,601.1000061035156,1187.1500122070313,1.0,0,1,1.0,1.0,1.0,1,1,1,1,1,0,6,0,0.21314790983935344,0.0,461.134672241211,829.9708575439453,1,17,2,2024-08-01,58.60500061035157,60.11000061035156,118.71500122070313,0.15190162105651014,0
22,-144.36359073626033,563.4500076293946,578.5000076293945,1141.950015258789,0.16666666666666666,5,0,1.0,0.16666666666666666,1.0,0,0,1,1,0,0,6,0,0.034364487299848576,0.0,544.0873369981147,1082.8184247206354,1,17,2,2024-08-01,56.34500076293946,57.85000076293946,114.19500152587892,0.10047360598620439,0
23,-82.8700008392334,608.700008392334,608.700008392334,1217.400016784668,1.0,0,1,1.0,1.0,1.0,1,1,1,1,1,0,6,0,0.2909684364357041,0.0,431.5875186920166,921.9700374603271,1,17,2,2024-08-01,60.8700008392334,60.8700008392334,121.7400016784668,0.08833333213216642,0
24,-65.82000083923333,658.200008392334,658.200008392334,1316.400016784668,0.8333333333333334,1,0,0.75,1.0,1.0,0,0,1,0,1,4,2,0,0.29937408364606316,0.0,461.1519840240479,924.1200496673583,1,17,2,2024-08-01,65.8200008392334,65.8200008392334,131.6400016784668,0.016666666570072507,0
25,-73.57000083923333,735.700008392334,735.700008392334,1471.400016784668,0.5,3,0,0.5,1.0,1.0,0,0,1,0,1,6,0,0,0.4103368396313576,0.0,433.8151920318604,1010.9700862884521,1,17,2,2024-08-01,73.5700008392334,73.5700008392334,147.1400016784668,0.011666667608631276,0
26,-172.25937974309394,835.700008392334,835.700008392334,1671.400016784668,0.6666666666666666,2,0,0.6666666666666666,1.0,1.0,0,0,1,0,1,6,0,0,0.6386217167219972,0.0,302.00383436823415,1120.6594651923126,1,17,2,2024-08-01,83.5700008392334,83.5700008392334,167.1400016784668,0.004166668108250611,0
27,-15.97193657919371,816.5000076293945,816.5000076293945,1633.000015258789,1.0,0,1,1.0,1.0,1.0,1,1,1,1,1,0,4,2,0.43250878038002755,0.0,463.3565851493219,1009.0103887276312,1,17,2,2024-08-01,81.65000076293946,81.65000076293946,163.3000015258789,0.0033333335029650836,0
28,-47.97552147615833,1048.3000106811523,1048.3000106811523,2096.6000213623047,1.0,0,1,1.0,1.0,1.0,1,1,1,1,1,0,1,5,0.565566105114388,0.008390423086544562,455.41705664884165,1039.5043300699083,1,17,2,2024-08-01,104.83000106811524,104.83000106811524,209.66000213623047,0.0008333336460017703,0
29,6.1417241408300285,1048.3000106811523,1048.3000106811523,2096.6000213623047,1.0,0,1,1.0,1.0,1.0,1,1,1,1,1,0,1,5,0.4287131553097127,0.0061231590271320635,598.88000539083,1041.8811030076074,1,17,2,2024-08-01,104.83000106811524,104.83000106811524,209.66000213623047,0.0008333334327051068,0
30,57.4442363523806,1064.4333432515461,1067.600009918213,2132.033353169759,1.0,0,1,1.0,1.0,1.0,1,1,1,1,1,0,4,2,0.36369268358658635,0.058224252987999194,677.3067241453493,1005.4397968507444,1,17,2,2024-08-01,106.44333432515462,106.7600009918213,213.20333531697588,0.003338285207422548,0
31,130.36000175476067,1111.600009918213,1111.600009918213,2223.200019836426,1.0,0,1,1.0,1.0,1.0,1,1,1,1,1,5,1,0,0.31060109302331723,0.138143204290012,766.3358318328857,958.0400226593018,1,17,2,2024-08-01,111.16000099182129,111.16000099182129,222.32000198364258,0.0008333334677422503,0
32,122.99000091552728,1119.9000091552734,1119.9000091552734,2239.800018310547,1.0,0,1,1.0,1.0,1.0,1,1,1,1,1,5,1,0,0.3094876203860745,0.10551042706392214,773.3048202514648,1001.7388809204102,1,17,2,2024-08-01,111.99000091552735,111.99000091552735,223.9800018310547,0.005833334025944353,0
33,110.3400009155273,1089.8993375142416,1103.4000091552734,2193.299346669515,1.0,0,1,1.0,1.0,1.0,1,1,1,1,1,0,6,0,0.25072450854233114,0.034928456207310284,816.634861755371,1064.8599502563477,1,17,2,2024-08-01,108.98993375142416,110.34000091552736,219.32993466695154,1.3914005229649902e-09,0
34,127.07000160217285,1070.529343922933,1078.700008392334,2149.229352315267,1.0,0,1,1.0,1.0,1.0,1,1,1,1,1,3,3,0,0.13476420382359794,0.0,926.2603092193604,1125.4286556243896,1,17,2,2024-08-01,107.05293439229331,107.8700008392334,214.9229352315267,0.002509502981257373,0
35,145.17000083923335,951.700008392334,951.700008392334,1903.400016784668,1.0,0,1,1.0,1.0,1.0,1,1,1,1,1,0,6,0,0.0,0.0,1051.9463680267334,1171.1299259185791,1,17,2,2024-08-01,95.17000083923341,95.17000083923341,190.34000167846682,0.008333330360512321,0
36,258.9282744085001,944.1000061035156,944.1000061035156,1888.2000122070312,1.0,0,1,1.0,1.0,1.0,1,1,1,1,1,0,6,0,0.0,0.0,1190.5170805608439,1057.3716523493124,1,17,2,2024-08-01,94.41000061035157,94.41000061035157,188.82000122070315,0.0016666705593296012,0
37,131.58000068664546,1040.800006866455,1040.800006866455,2081.60001373291,1.0,0,1,1.0,1.0,1.0,1,1,1,1,1,0,6,0,0.0,0.0,1138.064741897583,1367.7349407196045,1,17,2,2024-08-01,104.08000068664552,104.08000068664552,208.16000137329104,0.0008333342587859429,0
38,101.07000083923333,1010.700008392334,1010.700008392334,2021.400016784668,1.0,0,1,1.0,1.0,1.0,1,1,1,1,1,0,6,0,0.0,0.0,1144.0665828704832,1455.7997501373293,1,17,2,2024-08-01,101.0700008392334,101.0700008392334,202.1400016784668,0.15025641317617944,0
39,158.12000236511233,922.200008392334,922.200008392334,1844.400016784668,0.3333333333333333,4,0,0.2,1.0,1.0,0,0,1,0,1,5,1,0,0.0,0.0,1094.2275463104247,1239.0424732208253,1,17,2,2024-08-01,92.2200008392334,92.2200008392334,184.4400016784668,0.09620607605836025,0
40,89.14000091552737,891.4000091552734,891.4000091552734,1782.8000183105469,0.5,3,0,1.0,0.5,1.0,0,0,1,1,0,0,6,0,0.0,0.0,969.3964706420899,1188.3495010375977,1,17,2,2024-08-01,89.14000091552735,89.14000091552735,178.2800018310547,0.08151332234291987,0
41,86.45000038146975,855.7133344014485,864.5000038146973,1720.2133382161458,0.0,6,0,1.0,0.0,1.0,0,0,1,1,0,0,6,0,0.0,0.0,885.0658451080322,1106.1643795013429,1,17,2,2024-08-01,85.57133344014485,86.45000038146974,172.02133382161458,0.014743554082375354,0
42,118.69209325926556,787.0000038146973,787.0000038146973,1574.0000076293945,0.0,6,0,0.0,1.0,1.0,0,0,1,0,1,6,0,0,0.0,0.0,798.7835239233281,971.2339321313594,1,17,2,2024-08-01,78.70000038146974,78.70000038146974,157.40000076293947,0.09968278377541767,0
43,108.8240005673623,732.0000038146973,732.0000038146973,1464.0000076293945,0.0,6,0,0.0,1.0,1.0,0,0,1,0,1,6,0,0,0.04155623927774657,0.0,701.5808365048623,943.2760970888877,1,17,2,2024-08-01,73.20000038146974,73.20000038146974,146.40000076293947,0.0790244817810154,0
44,129.82500085830685,577.0000038146973,577.0000038146973,1154.0000076293945,0.0,6,0,0.0,0.0,1.0,0,0,1,0,0,2,4,0,0.0,0.0,643.0088387489318,848.075084590912,1,17,2,2024-08-01,57.70000038146973,57.70000038146973,115.40000076293946,0.03583333756453999,0
45,84.53036125763714,511.00000381469727,511.00000381469727,1022.0000076293945,0.16666666666666666,5,0,1.0,0.16666666666666666,1.0,0,0,1,1,0,0,6,0,0.0,0.0,528.0453453884966,813.1697119845503,1,17,2,2024-08-01,51.10000038146973,51.10000038146973,102.20000076293945,0.018333341526887325,0
46,77.45000114440916,472.50000381469727,472.50000381469727,945.0000076293945,0.8333333333333334,1,0,1.0,0.8333333333333334,1.0,0,0,1,1,0,0,6,0,0.0,0.0,500.41713371276853,770.8500476837158,1,17,2,2024-08-01,47.25000038146973,47.25000038146973,94.50000076293946,0.003333337208581342,0
47,48.410000610351574,484.1000061035156,484.1000061035156,968.2000122070312,1.0,0,1,1.0,1.0,1.0,1,1,1,1,1,0,0,6,0.005841150113638711,0.0,481.2723052978516,765.5785247802735,1,17,2,2024-08-01,48.41000061035157,48.41000061035157,96.82000122070313,7.879977844190974e-10,0
0,0.0,0.0,0.0,0.0,1.0,0,1,1.0,1.0,0.0,1,1,0,1,1,0,0,6,0.0,0.0,251.09999084472656,251.09999084472656,0,18,0,2024-08-01,0.0,0.0,0.0,0.0,0
1,0.0,0.0,0.0,0.0,1.0,0,1,1.0,1.0,0.0,1,1,0,1,1,0,0,6,0.0,0.0,274.4195251464844,278.6000061035156,0,18,0,2024-08-01,0.0,0.0,0.0,0.0,0
2,0.0,0.0,0.0,0.0,1.0,0,1,1.0,1.0,0.0,1,1,0,1,1,0,0,6,0.0,0.0,270.3817443847656,271.6421813964844,0,18,0,2024-08-01,0.0,0.0,0.0,0.0,0
3,0.0,0.0,0.0,0.0,1.0,0,1,1.0,1.0,0.0,1,1,0,1,1,0,0,6,0.0,0.0,268.13177490234375,263.19189453125,0,18,0,2024-08-01,0.0,0.0,0.0,0.0,0
4,0.0,0.0,0.0,0.0,1.0,0,1,1.0,1.0,0.0,1,1,0,1,1,0,0,6,0.0,0.0,267.3749084472656,256.75390625,0,18,0,2024-08-01,0.0,0.0,0.0,0.0,0
5,0.0,0.0,0.0,0.0,1.0,0,1,1.0,1.0,0.0,1,1,0,1,1,0,0,6,0.0,0.0,240.21852111816406,251.09999084472656,0,18,0,2024-08-01,0.0,0.0,0.0,0.0,0
6,0.0,0.0,0.0,0.0,1.0,0,1,1.0,1.0,0.0,1,1,0,1,1,0,0,6,0.0,0.0,246.73545837402344,250.1758575439453,0,18,0,2024-08-01,0.0,0.0,0.0,0.0,0
7,0.0,0.0,0.0,0.0,1.0,0,1,1.0,1.0,0.0,1,1,0,1,1,0,0,6,0.0,0.0,251.09999084472656,235.5379638671875,0,18,0,2024-08-01,0.0,0.0,0.0,0.0,0
8,0.0,0.0,0.0,0.0,1.0,0,1,1.0,1.0,0.0,1,1,0,1,1,0,0,6,0.0,0.0,251.09999084472656,231.89999389648438,0,18,0,2024-08-01,0.0,0.0,0.0,0.0,0
9,0.0,0.0,0.0,0.0,1.0,0,1,1.0,1.0,0.0,1,1,0,1,1,0,0,6,0.0,0.0,231.89999389648438,209.16757202148438,0,18,0,2024-08-01,0.0,0.0,0.0,0.0,0
10,0.0,0.0,0.0,0.0,1.0,0,1,1.0,1.0,0.0,1,1,0,1,1,0,0,6,0.0,0.0,231.89999389648438,191.4185791015625,0,18,0,2024-08-01,0.0,0.0,0.0,0.0,0
11,0.0,0.0,0.0,0.0,1.0,0,1,1.0,1.0,0.0,1,1,0,1,1,0,0,6,0.0,0.0,193.5,166.0,0,18,0,2024-08-01,0.0,0.0,0.0,0.0,0
12,0.0,0.0,0.0,0.0,1.0,0,1,1.0,1.0,0.0,1,1,0,1,1,0,0,6,0.0,0.0,204.5,175.95497131347656,0,18,0,2024-08-01,0.0,0.0,0.0,0.0,0
13,0.0,0.0,0.0,0.0,1.0,0,1,1.0,1.0,0.0,1,1,0,1,1,0,0,6,0.0,0.0,232.0,194.96385192871094,0,18,0,2024-08-01,0.0,0.0,0.0,0.0,0
14,0.0,0.0,0.0,0.0,1.0,0,1,1.0,1.0,0.0,1,1,0,1,1,0,0,6,0.0,0.0,270.5,205.19102478027344,0,18,0,2024-08-01,0.0,0.0,0.0,0.0,0
15,0.0,0.0,0.0,0.0,1.0,0,1,1.0,1.0,0.0,1,1,0,1,1,0,0,6,0.0,0.0,281.5,210.3025665283203,0,18,0,2024-08-01,0.0,0.0,0.0,0.0,0
16,0.0,0.0,0.0,0.0,1.0,0,1,1.0,1.0,0.0,1,1,0,1,1,0,0,6,0.0,0.0,431.6092529296875,385.20428466796875,0,18,0,2024-08-01,0.0,0.0,0.0,0.0,0
17,0.0,0.0,0.0,0.0,1.0,0,1,1.0,1.0,0.0,1,1,0,1,1,0,0,6,0.0,0.0,526.6939086914062,430.778076171875,0,18,0,2024-08-01,0.0,0.0,0.0,0.0,0
18,-61.56857641737918,284.00000381469727,303.2000045776367,587.200008392334,1.0,0,1,1.0,1.0,1.0,1,1,1,1,1,1,5,0,0.0,0.0,599.5108913560583,662.6357150892542,1,18,0,2024-08-01,28.400000381469727,30.320000457763673,58.7200008392334,0.18368399994336615,0
19,-37.406810565043145,408.2000045776367,408.2000045776367,816.4000091552734,1.0,0,1,1.0,1.0,1.0,1,1,1,1,1,2,4,0,0.0,0.0,756.8466074037069,767.5452993345743,1,18,0,2024-08-01,40.820000457763676,40.820000457763676,81.64000091552735,0.11224899013283471,0
20,-53.51000061035154,535.1000061035156,535.1000061035156,1070.2000122070312,1.0,0,1,1.0,1.0,1.0,1,1,1,1,1,0,6,0,0.0,0.0,787.296762084961,883.1135772705078,1,18,0,2024-08-01,53.51000061035157,53.51000061035157,107.02000122070314,0.06672163366622072,0
21,-73.65500061035152,586.0500061035157,601.1000061035156,1187.1500122070313,1.0,0,1,1.0,1.0,1.0,1,1,1,1,1,0,6,0,0.0,0.0,996.9724407958985,1181.4241656494141,1,18,0,2024-08-01,58.60500061035157,60.11000061035156,118.71500122070313,0.23735197430223978,0
22,-144.36359073626033,563.4500076293946,578.5000076293945,1141.950015258789,1.0,0,1,1.0,1.0,1.0,1,1,1,1,1,5,1,0,0.0,0.0,846.4518999863959,1256.9546551893854,1,18,0,2024-08-01,56.34500076293946,57.85000076293946,114.19500152587892,0.019552351461325394,0
23,-82.8700008392334,608.700008392334,608.700008392334,1217.400016784668,1.0,0,1,1.0,1.0,1.0,1,1,1,1,1,6,0,0,0.0,0.0,814.9721622467041,1224.2137508392334,1,18,0,2024-08-01,60.8700008392334,60.8700008392334,121.7400016784668,0.01604421361706943,0
24,-65.82000083923333,658.200008392334,658.200008392334,1316.400016784668,0.5,3,0,0.5,1.0,1.0,0,0,1,0,1,6,0,0,0.0,0.0,768.1690738677979,1202.6200496673582,1,18,0,2024-08-01,65.8200008392334,65.8200008392334,131.6400016784668,0.12358504199303358,0
25,-73.57000083923333,735.700008392334,735.700008392334,1471.400016784668,0.0,6,0,0.0,1.0,1.0,0,0,1,0,1,6,0,0,0.052052429215212984,0.0,697.4050357818604,1265.3700496673582,1,18,0,2024-08-01,73.5700008392334,73.5700008392334,147.1400016784668,0.12709428437352574,0
26,-172.25937974309394,835.700008392334,835.700008392334,1671.400016784668,0.0,6,0,0.0,1.0,1.0,0,0,1,0,1,6,0,0,0.46510012769249864,0.0,447.0158277764373,1314.9096482977814,1,18,0,2024-08-01,83.5700008392334,83.5700008392334,167.1400016784668,0.02657466004485922,0
27,-15.97193657919371,816.5000076293945,816.5000076293945,1633.000015258789,0.6666666666666666,2,0,0.6666666666666666,0.6666666666666666,1.0,0,0,1,0,0,3,3,0,0.27687126383398264,0.0,590.4346185965876,1158.1251348213812,1,18,0,2024-08-01,81.65000076293946,81.65000076293946,163.3000015258789,0.01775839410600958,0
28,-47.97552147615833,1048.3000106811523,1048.3000106811523,2096.6000213623047,1.0,0,1,1.0,1.0,1.0,1,1,1,1,1,2,1,3,0.44702742548549923,0.0,579.6811557699355,1269.4911464761583,1,18,0,2024-08-01,104.83000106811524,104.83000106811524,209.66000213623047,0.009958111061837917,0
29,6.1417241408300285,1048.3000106811523,1048.3000106811523,2096.6000213623047,0.8333333333333334,1,0,0.5,1.0,1.0,0,0,1,0,1,2,2,2,0.38526093372109405,0.0,644.4309697462987,1209.40515085917,1,18,0,2024-08-01,104.83000106811524,104.83000106811524,209.66000213623047,0.031497637562139934,0
30,57.4442363523806,1064.4333432515461,1067.600009918213,2132.033353169759,0.6666666666666666,2,0,0.6666666666666666,1.0,1.0,0,0,1,0,1,6,0,0,0.3958756211223748,0.0,643.0501323484743,1126.574928686682,1,18,0,2024-08-01,106.44333432515462,106.7600009918213,213.20333531697588,0.0404812459784606,0
31,130.36000175476067,1111.600009918213,1111.600009918213,2223.200019836426,0.6666666666666666,2,0,0.6666666666666666,1.0,1.0,0,0,1,0,1,6,0,0,0.3974693948532947,0.09873632491869663,669.7730266571044,1001.8447101593018,1,18,0,2024-08-01,111.16000099182129,111.16000099182129,222.32000198364258,0.013647093587635653,0
32,122.99000091552728,1119.9000091552734,1119.9000091552734,2239.800018310547,0.0,6,0,0.0,0.0,1.0,0,0,1,0,0,4,2,0,0.2940911085814686,0.06795028929363972,790.5473739624023,1043.8024795532228,1,18,0,2024-08-01,111.99000091552735,111.99000091552735,223.9800018310547,0.005872077779211586,0
33,110.3400009155273,1089.8993375142416,1103.4000091552734,2193.299346669515,0.0,6,0,0.0,0.0,1.0,0,0,1,0,0,4,2,0,0.21092479121631874,0.06257029030820882,860.012547302246,1034.3599502563477,1,18,0,2024-08-01,108.98993375142416,110.34000091552736,219.32993466695154,0.008342038051791578,0
34,127.07000160217285,1070.529343922933,1078.700008392334,2149.229352315267,0.0,6,0,1.0,0.0,1.0,0,0,1,1,0,0,6,0,0.09225707666127993,0.052803237531104046,971.7654361724854,1021.7411556243896,1,18,0,2024-08-01,107.05293439229331,107.8700008392334,214.9229352315267,0.022195613428080626,0
35,145.17000083923335,951.700008392334,951.700008392334,1903.400016784668,0.0,6,0,1.0,0.0,1.0,0,0,1,1,0,0,6,0,0.0,0.0,1045.2476375579834,968.9954044342041,1,18,0,2024-08-01,95.17000083923341,95.17000083923341,190.34000167846682,0.016330268384238962,0
36,258.9282744085001,944.1000061035156,944.1000061035156,1888.2000122070312,1.0,0,1,1.0,1.0,1.0,1,1,1,1,1,0,6,0,0.0,0.19683112710901665,1109.474905267875,758.2717377985311,1,18,0,2024-08-01,94.41000061035157,94.41000061035157,188.82000122070315,0.11549014099786244,0
37,131.58000068664546,1040.800006866455,1040.800006866455,2081.60001373291,1.0,0,1,1.0,1.0,1.0,1,1,1,1,1,1,5,0,0.00895082092537515,0.16923574699565924,1031.4839923858642,864.6594402313233,1,18,0,2024-08-01,104.08000068664552,104.08000068664552,208.16000137329104,0.05772074092733535,0
38,101.07000083923333,1010.700008392334,1010.700008392334,2021.400016784668,0.6666666666666666,2,0,0.6666666666666666,1.0,1.0,0,0,1,0,1,6,0,0,0.1061153004864036,0.15183102391165224,903.4492733001708,857.2443912506104,1,18,0,2024-08-01,101.0700008392334,101.0700008392334,202.1400016784668,0.09716447528911254,0
39,158.12000236511233,922.200008392334,922.200008392334,1844.400016784668,1.0,0,1,1.0,1.0,1.0,1,1,1,1,1,6,0,0,0.019078603441411997,0.1730727922701411,904.6057201385498,762.5922779083252,1,18,0,2024-08-01,92.2200008392334,92.2200008392334,184.4400016784668,0.004743661149972771,0
40,89.14000091552737,891.4000091552734,891.4000091552734,1782.8000183105469,1.0,0,1,1.0,1.0,1.0,1,1,1,1,1,0,6,0,0.18402777113275073,0.16977794182697142,727.3576522827149,740.0599502563476,1,18,0,2024-08-01,89.14000091552735,89.14000091552735,178.2800018310547,0.018930849949747607,0
41,86.45000038146975,855.7133344014485,864.5000038146973,1720.2133382161458,1.0,0,1,1.0,1.0,1.0,1,1,1,1,1,0,6,0,0.3352709006337013,0.3105263192731094,568.8175540924072,596.0499996185303,1,18,0,2024-08-01,85.57133344014485,86.45000038146974,172.02133382161458,0.018852908285613732,0
42,118.69209325926556,787.0000038146973,787.0000038146973,1574.0000076293945,1.0,0,1,1.0,1.0,1.0,1,1,1,1,1,4,2,0,0.26801997375790315,0.31854141786381673,576.0682834448124,536.3079067407344,1,18,0,2024-08-01,78.70000038146974,78.70000038146974,157.40000076293947,0.03859891601763124,0
43,108.8240005673623,732.0000038146973,732.0000038146973,1464.0000076293945,1.0,0,1,1.0,1.0,1.0,1,1,1,1,1,2,4,0,0.2824073015685268,0.20057923991381216,525.2778579892373,585.1759994326377,1,18,0,2024-08-01,73.20000038146974,73.20000038146974,146.40000076293947,0.09833002490449187,0
44,129.82500085830685,577.0000038146973,577.0000038146973,1154.0000076293945,1.0,0,1,1.0,1.0,1.0,1,1,1,1,1,0,6,0,0.011200188937921607,0.16035531415654833,570.5374947547912,484.4749869346619,1,18,0,2024-08-01,57.70000038146973,57.70000038146973,115.40000076293946,0.14569607040037647,0
45,84.53036125763714,511.00000381469727,511.00000381469727,1022.0000076293945,1.0,0,1,1.0,1.0,1.0,1,1,1,1,1,0,6,0,0.0,0.0,571.7662011013872,529.7696265353316,1,18,0,2024-08-01,51.10000038146973,51.10000038146973,102.20000076293945,0.041773044818591565,0
46,77.45000114440916,472.50000381469727,472.50000381469727,945.0000076293945,0.6666666666666666,2,0,1.0,0.6666666666666666,1.0,0,0,1,1,0,0,6,0,0.0,0.0,541.361347579956,501.8612171173096,1,18,0,2024-08-01,47.25000038146973,47.25000038146973,94.50000076293946,0.016583684689823415,0
47,48.410000610351574,484.1000061035156,484.1000061035156,968.2000122070312,1.0,0,1,1.0,1.0,1.0,1,1,1,1,1,0,6,0,0.07630914325162803,0.04126359162198249,447.15874938964845,464.1243011474609,1,18,0,2024-08-01,48.41000061035157,48.41000061035157,96.82000122070313,0.008629927552325299,0
0,0.0,0.0,0.0,0.0,1.0,0,1,1.0,1.0,0.0,1,1,0,1,1,0,0,6,0.0,0.0,218.97865295410156,214.95863342285156,0,18,1,2024-08-01,0.0,0.0,0.0,0.0,0
1,0.0,0.0,0.0,0.0,1.0,0,1,1.0,1.0,0.0,1,1,0,1,1,0,0,6,0.0,0.0,213.49659729003906,218.85324096679688,0,18,1,2024-08-01,0.0,0.0,0.0,0.0,0
2,0.0,0.0,0.0,0.0,1.0,0,1,1.0,1.0,0.0,1,1,0,1,1,0,0,6,0.0,0.0,163.1151123046875,178.16262817382812,0,18,1,2024-08-01,0.0,0.0,0.0,0.0,0
3,0.0,0.0,0.0,0.0,1.0,0,1,1.0,1.0,0.0,1,1,0,1,1,0,0,6,0.0,0.0,155.79638671875,154.29998779296875,0,18,1,2024-08-01,0.0,0.0,0.0,0.0,0
4,0.0,0.0,0.0,0.0,1.0,0,1,1.0,1.0,0.0,1,1,0,1,1,0,0,6,0.0,0.0,139.08836364746094,135.09999084472656,0,18,1,2024-08-01,0.0,0.0,0.0,0.0,0
5,0.0,0.0,0.0,0.0,1.0,0,1,1.0,1.0,0.0,1,1,0,1,1,0,0,6,0.0,0.0,146.50135803222656,135.09999084472656,0,18,1,2024-08-01,0.0,0.0,0.0,0.0,0
6,0.0,0.0,0.0,0.0,1.0,0,1,1.0,1.0,0.0,1,1,0,1,1,0,0,6,0.0,0.0,128.64089965820312,135.09999084472656,0,18,1,2024-08-01,0.0,0.0,0.0,0.0,0
7,0.0,0.0,0.0,0.0,1.0,0,1,1.0,1.0,0.0,1,1,0,1,1,0,0,6,0.0,0.0,131.80149841308594,135.09999084472656,0,18,1,2024-08-01,0.0,0.0,0.0,0.0,0
8,0.0,0.0,0.0,0.0,1.0,0,1,1.0,1.0,0.0,1,1,0,1,1,0,0,6,0.0,0.0,135.09999084472656,135.09999084472656,0,18,1,2024-08-01,0.0,0.0,0.0,0.0,0
9,0.0,0.0,0.0,0.0,1.0,0,1,1.0,1.0,0.0,1,1,0,1,1,0,0,6,0.0,0.0,146.09999084472656,146.09999084472656,0,18,1,2024-08-01,0.0,0.0,0.0,0.0,0
10,0.0,0.0,0.0,0.0,1.0,0,1,1.0,1.0,0.0,1,1,0,1,1,0,0,6,0.0,0.0,146.09999084472656,143.55018615722656,0,18,1,2024-08-01,0.0,0.0,0.0,0.0,0
11,0.0,0.0,0.0,0.0,1.0,0,1,1.0,1.0,0.0,1,1,0,1,1,0,0,6,0.0,0.0,126.89999389648438,122.66754150390625,0,18,1,2024-08-01,0.0,0.0,0.0,0.0,0
12,0.0,0.0,0.0,0.0,1.0,0,1,1.0,1.0,0.0,1,1,0,1,1,0,0,6,0.0,0.0,215.3000030517578,189.4239501953125,0,18,1,2024-08-01,0.0,0.0,0.0,0.0,0
13,0.0,0.0,0.0,0.0,1.0,0,1,1.0,1.0,0.0,1,1,0,1,1,0,0,6,0.0,0.0,253.8000030517578,202.0556182861328,0,18,1,2024-08-01,0.0,0.0,0.0,0.0,0
14,0.0,0.0,0.0,0.0,1.0,0,1,1.0,1.0,0.0,1,1,0,1,1,0,0,6,0.0,0.0,308.70001220703125,239.32603454589844,0,18,1,2024-08-01,0.0,0.0,0.0,0.0,0
15,0.0,0.0,0.0,0.0,1.0,0,1,1.0,1.0,0.0,1,1,0,1,1,0,0,6,0.0,0.0,434.23321533203125,370.0303955078125,0,18,1,2024-08-01,0.0,0.0,0.0,0.0,0
16,0.0,0.0,0.0,0.0,1.0,0,1,1.0,1.0,0.0,1,1,0,1,1,0,0,6,0.0,0.0,508.53887939453125,435.0146484375,0,18,1,2024-08-01,0.0,0.0,0.0,0.0,0
17,0.0,0.0,0.0,0.0,1.0,0,1,1.0,1.0,0.0,1,1,0,1,1,0,0,6,0.0,0.0,499.4365539550781,495.6351623535156,0,18,1,2024-08-01,0.0,0.0,0.0,0.0,0
18,-61.56857641737918,284.00000381469727,303.2000045776367,587.200008392334,1.0,0,1,1.0,1.0,1.0,1,1,1,1,1,1,5,0,0.0,0.0,499.9225124498083,622.9759860853479,1,18,1,2024-08-01,28.400000381469727,30.320000457763673,58.7200008392334,0.18368399994336615,0
19,-37.406810565043145,408.2000045776367,408.2000045776367,816.4000091552734,1.0,0,1,1.0,1.0,1.0,1,1,1,1,1,2,4,0,0.0,0.0,649.8919565248007,746.8454091978556,1,18,1,2024-08-01,40.820000457763676,40.820000457763676,81.64000091552735,0.11224899013283471,0
20,-53.51000061035154,535.1000061035156,535.1000061035156,1070.2000122070312,1.0,0,1,1.0,1.0,1.0,1,1,1,1,1,0,6,0,0.0,0.0,675.0595184326172,831.3063262939453,1,18,1,2024-08-01,53.51000061035157,53.51000061035157,107.02000122070314,0.06672163366622072,0
21,-73.65500061035152,586.0500061035157,601.1000061035156,1187.1500122070313,1.0,0,1,1.0,1.0,1.0,1,1,1,1,1,0,6,0,0.0,0.0,646.4187908935547,845.4911212158203,1,18,1,2024-08-01,58.60500061035157,60.11000061035156,118.71500122070313,0.23735197430223978,0
22,-144.36359073626033,563.4500076293946,578.5000076293945,1141.950015258789,1.0,0,1,1.0,1.0,1.0,1,1,1,1,1,5,1,0,0.0,0.0,599.1129717637397,961.2647748182916,1,18,1,2024-08-01,56.34500076293946,57.85000076293946,114.19500152587892,0.019552351461325394,0
23,-82.8700008392334,608.700008392334,608.700008392334,1217.400016784668,1.0,0,1,1.0,1.0,1.0,1,1,1,1,1,6,0,0,0.0,0.0,632.1595401763916,912.1699886322021,1,18,1,2024-08-01,60.8700008392334,60.8700008392334,121.7400016784668,0.01604421361706943,0
24,-65.82000083923333,658.200008392334,658.200008392334,1316.400016784668,1.0,0,1,1.0,1.0,1.0,1,1,1,1,1,6,0,0,0.04972221533666724,0.0,625.4728458404542,906.1199886322021,1,18,1,2024-08-01,65.8200008392334,65.8200008392334,131.6400016784668,0.12358504199303358,0
25,-73.57000083923333,735.700008392334,735.700008392334,1471.400016784668,0.5,3,0,0.5,1.0,1.0,0,0,1,0,1,6,0,0,0.26562154834261764,0.0,540.2822330474854,924.0700618743896,1,18,1,2024-08-01,73.5700008392334,73.5700008392334,147.1400016784668,0.12709428437352574,0
26,-172.25937974309394,835.700008392334,835.700008392334,1671.400016784668,0.0,6,0,0.0,1.0,1.0,0,0,1,0,1,6,0,0,0.5904954198156628,0.0,342.2229810967498,1072.959391950125,1,18,1,2024-08-01,83.5700008392334,83.5700008392334,167.1400016784668,0.02657466004485922,0
27,-15.97193657919371,816.5000076293945,816.5000076293945,1633.000015258789,0.16666666666666666,5,0,0.0,0.3333333333333333,1.0,0,0,1,0,0,3,3,0,0.43263425191561644,0.0,463.2541376395563,897.4719365791937,1,18,1,2024-08-01,81.65000076293946,81.65000076293946,163.3000015258789,0.01775839410600958,0
28,-47.97552147615833,1048.3000106811523,1048.3000106811523,2096.6000213623047,0.6666666666666666,2,0,0.0,1.0,1.0,0,0,1,0,1,2,1,3,0.5536194471796165,0.07395259050093143,467.94073828946665,970.775509269127,1,18,1,2024-08-01,104.83000106811524,104.83000106811524,209.66000213623047,0.009958111061837917,0
29,6.1417241408300285,1048.3000106811523,1048.3000106811523,2096.6000213623047,0.3333333333333333,4,0,0.0,0.0,1.0,0,0,1,0,0,2,2,2,0.4519346361503586,0.07788007742250153,574.5369267775487,966.658324687295,1,18,1,2024-08-01,104.83000106811524,104.83000106811524,209.66000213623047,0.031497637562139934,0
30,57.4442363523806,1064.4333432515461,1067.600009918213,2132.033353169759,0.0,6,0,0.0,1.0,1.0,0,0,1,0,1,6,0,0,0.3625484536066721,0.07001142445492718,678.5246806883181,992.8558124757444,1,18,1,2024-08-01,106.44333432515462,106.7600009918213,213.20333531697588,0.0404812459784606,0
31,130.36000175476067,1111.600009918213,1111.600009918213,2223.200019836426,0.0,6,0,0.0,1.0,1.0,0,0,1,0,1,6,0,0,0.3675697457899973,0.22760819070403096,703.0094768524169,858.5907428741456,1,18,1,2024-08-01,111.16000099182129,111.16000099182129,222.32000198364258,0.013647093587635653,0
32,122.99000091552728,1119.9000091552734,1119.9000091552734,2239.800018310547,0.8333333333333334,1,0,0.75,1.0,1.0,0,0,1,0,1,4,2,0,0.3669734829117029,0.29333765767875075,708.9264022827148,791.391163635254,1,18,1,2024-08-01,111.99000091552735,111.99000091552735,223.9800018310547,0.005872077779211586,0
33,110.3400009155273,1089.8993375142416,1103.4000091552734,2193.299346669515,1.0,0,1,1.0,1.0,1.0,1,1,1,1,1,4,2,0,0.31458908266896735,0.3021063932541715,747.028904724121,770.055812072754,1,18,1,2024-08-01,108.98993375142416,110.34000091552736,219.32993466695154,0.008342038051791578,0
34,127.07000160217285,1070.529343922933,1078.700008392334,2149.229352315267,1.0,0,1,1.0,1.0,1.0,1,1,1,1,1,0,6,0,0.30886476612972086,0.33812609708572444,739.8805484771729,713.9633846282959,1,18,1,2024-08-01,107.05293439229331,107.8700008392334,214.9229352315267,0.022195613428080626,0
35,145.17000083923335,951.700008392334,951.700008392334,1903.400016784668,0.5,3,0,1.0,0.5,1.0,0,0,1,1,0,0,6,0,0.1398219182129475,0.2169577072490394,818.6314876556396,745.2213565826416,1,18,1,2024-08-01,95.17000083923341,95.17000083923341,190.34000167846682,0.016330268384238962,0
36,258.9282744085001,944.1000061035156,944.1000061035156,1888.2000122070312,0.8333333333333334,1,0,1.0,0.8333333333333334,1.0,0,0,1,1,0,0,6,0,0.02176058477453337,0.39783500382084636,923.5558378850626,568.5039765680624,1,18,1,2024-08-01,94.41000061035157,94.41000061035157,188.82000122070315,0.11549014099786244,0
37,131.58000068664546,1040.800006866455,1040.800006866455,2081.60001373291,1.0,0,1,1.0,1.0,1.0,1,1,1,1,1,1,5,0,0.29057845357180484,0.44328776037054196,738.3659503936767,579.4261028289795,1,18,1,2024-08-01,104.08000068664552,104.08000068664552,208.16000137329104,0.05772074092733535,0
38,101.07000083923333,1010.700008392334,1010.700008392334,2021.400016784668,0.8333333333333334,1,0,0.8333333333333334,1.0,1.0,0,0,1,0,1,6,0,0,0.36597077007399126,0.394068850087845,640.8133480072021,612.4146183013917,1,18,1,2024-08-01,101.0700008392334,101.0700008392334,202.1400016784668,0.09716447528911254,1
39,158.12000236511233,922.200008392334,922.200008392334,1844.400016784668,1.0,0,1,1.0,1.0,1.0,1,1,1,1,1,6,0,0,0.2678089746224971,0.4274891884957187,675.2265697479248,527.9694751739502,1,18,1,2024-08-01,92.2200008392334,92.2200008392334,184.4400016784668,0.004743661149972771,0
40,89.14000091552737,891.4000091552734,891.4000091552734,1782.8000183105469,1.0,0,1,1.0,1.0,1.0,1,1,1,1,1,0,6,0,0.2674309350222602,0.24916760259554158,653.0120712280274,669.2920059204101,1,18,1,2024-08-01,89.14000091552735,89.14000091552735,178.2800018310547,0.018930849949747607,0
41,86.45000038146975,855.7133344014485,864.5000038146973,1720.2133382161458,1.0,0,1,1.0,1.0,1.0,1,1,1,1,1,0,6,0,0.23923542975338052,0.20718013877193464,650.9963871002197,685.3927730560303,1,18,1,2024-08-01,85.57133344014485,86.45000038146974,172.02133382161458,0.018852908285613732,0
42,118.69209325926556,787.0000038146973,787.0000038146973,1574.0000076293945,0.8333333333333334,1,0,0.75,1.0,1.0,0,0,1,0,1,4,2,0,0.1898964088892988,0.19215862707115416,637.5515292944218,635.7711635766719,1,18,1,2024-08-01,78.70000038146974,78.70000038146974,157.40000076293947,0.03859891601763124,0
43,108.8240005673623,732.0000038146973,732.0000038146973,1464.0000076293945,0.6666666666666666,2,0,0.0,1.0,1.0,0,0,1,0,1,2,4,0,0.2025552238543263,0.1270819892135403,583.7295791806436,638.9759872256064,1,18,1,2024-08-01,73.20000038146974,73.20000038146974,146.40000076293947,0.09833002490449187,0
44,129.82500085830685,577.0000038146973,577.0000038146973,1154.0000076293945,1.0,0,1,1.0,1.0,1.0,1,1,1,1,1,0,6,0,0.0,0.06649477450276711,577.1067696571349,538.6325186729432,1,18,1,2024-08-01,57.70000038146973,57.70000038146973,115.40000076293946,0.14569607040037647,0
45,84.53036125763714,511.00000381469727,511.00000381469727,1022.0000076293945,1.0,0,1,1.0,1.0,1.0,1,1,1,1,1,0,6,0,0.0,0.0,559.214870534981,544.5591773165816,1,18,1,2024-08-01,51.10000038146973,51.10000038146973,102.20000076293945,0.041773044818591565,0
46,77.45000114440916,472.50000381469727,472.50000381469727,945.0000076293945,1.0,0,1,1.0,1.0,1.0,1,1,1,1,1,0,6,0,0.0,0.0,622.0488170623779,597.0542102813721,1,18,1,2024-08-01,47.25000038146973,47.25000038146973,94.50000076293946,0.016583684689823415,0
47,48.410000610351574,484.1000061035156,484.1000061035156,968.2000122070312,1.0,0,1,1.0,1.0,1.0,1,1,1,1,1,0,6,0,0.0,0.0,606.2400787353515,626.4183074951172,1,18,1,2024-08-01,48.41000061035157,48.41000061035157,96.82000122070313,0.008629927552325299,0
0,0.0,0.0,0.0,0.0,1.0,0,1,1.0,1.0,0.0,1,1,0,1,1,0,0,6,0.0,0.0,299.3999938964844,317.1000061035156,0,18,2,2024-08-01,0.0,0.0,0.0,0.0,0
1,0.0,0.0,0.0,0.0,1.0,0,1,1.0,1.0,0.0,1,1,0,1,1,0,0,6,0.0,0.0,344.6000061035156,344.6000061035156,0,18,2,2024-08-01,0.0,0.0,0.0,0.0,0
2,0.0,0.0,0.0,0.0,1.0,0,1,1.0,1.0,0.0,1,1,0,1,1,0,0,6,0.0,0.0,352.8999938964844,352.8999938964844,0,18,2,2024-08-01,0.0,0.0,0.0,0.0,0
3,0.0,0.0,0.0,0.0,1.0,0,1,1.0,1.0,0.0,1,1,0,1,1,0,0,6,0.0,0.0,352.8999938964844,350.868896484375,0,18,2,2024-08-01,0.0,0.0,0.0,0.0,0
4,0.0,0.0,0.0,0.0,1.0,0,1,1.0,1.0,0.0,1,1,0,1,1,0,0,6,0.0,0.0,352.8999938964844,338.48260498046875,0,18,2,2024-08-01,0.0,0.0,0.0,0.0,0
5,0.0,0.0,0.0,0.0,1.0,0,1,1.0,1.0,0.0,1,1,0,1,1,0,0,6,0.0,0.0,352.8999938964844,314.7020568847656,0,18,2,2024-08-01,0.0,0.0,0.0,0.0,0
6,0.0,0.0,0.0,0.0,1.0,0,1,1.0,1.0,0.0,1,1,0,1,1,0,0,6,0.0,0.0,352.8999938964844,270.7201232910156,0,18,2,2024-08-01,0.0,0.0,0.0,0.0,0
7,0.0,0.0,0.0,0.0,1.0,0,1,1.0,1.0,0.0,1,1,0,1,1,0,0,6,0.0,0.0,352.8999938964844,263.3551940917969,0,18,2,2024-08-01,0.0,0.0,0.0,0.0,0
8,0.0,0.0,0.0,0.0,1.0,0,1,1.0,1.0,0.0,1,1,0,1,1,0,0,6,0.0,0.0,333.70001220703125,261.43414306640625,0,18,2,2024-08-01,0.0,0.0,0.0,0.0,0
9,0.0,0.0,0.0,0.0,1.0,0,1,1.0,1.0,0.0,1,1,0,1,1,0,0,6,0.0,0.0,283.70001220703125,252.46533203125,0,18,2,2024-08-01,0.0,0.0,0.0,0.0,0
10,0.0,0.0,0.0,0.0,1.0,0,1,1.0,1.0,0.0,1,1,0,1,1,0,0,6,0.0,0.0,283.70001220703125,247.2213592529297,0,18,2,2024-08-01,0.0,0.0,0.0,0.0,0
11,0.0,0.0,0.0,0.0,1.0,0,1,1.0,1.0,0.0,1,1,0,1,1,0,0,6,0.0,0.0,283.70001220703125,243.43600463867188,0,18,2,2024-08-01,0.0,0.0,0.0,0.0,0
12,0.0,0.0,0.0,0.0,1.0,0,1,1.0,1.0,0.0,1,1,0,1,1,0,0,6,0.0,0.0,311.20001220703125,234.47726440429688,0,18,2,2024-08-01,0.0,0.0,0.0,0.0,0
13,0.0,0.0,0.0,0.0,1.0,0,1,1.0,1.0,0.0,1,1,0,1,1,0,0,6,0.0,0.0,338.70001220703125,250.11160278320312,0,18,2,2024-08-01,0.0,0.0,0.0,0.0,0
14,0.0,0.0,0.0,0.0,1.0,0,1,1.0,1.0,0.0,1,1,0,1,1,0,0,6,0.0,0.0,454.70001220703125,348.5631103515625,0,18,2,2024-08-01,0.0,0.0,0.0,0.0,0
15,0.0,0.0,0.0,0.0,1.0,0,1,1.0,1.0,0.0,1,1,0,1,1,0,0,6,0.0,0.0,459.2336120605469,346.9704284667969,0,18,2,2024-08-01,0.0,0.0,0.0,0.0,0
16,0.0,0.0,0.0,0.0,1.0,0,1,1.0,1.0,0.0,1,1,0,1,1,0,0,6,0.0,0.0,484.83221435546875,339.9144592285156,0,18,2,2024-08-01,0.0,0.0,0.0,0.0,0
17,0.0,0.0,0.0,0.0,1.0,0,1,1.0,1.0,0.0,1,1,0,1,1,0,0,6,0.0,0.0,537.6719970703125,445.30029296875,0,18,2,2024-08-01,0.0,0.0,0.0,0.0,0
18,-61.56857641737918,284.00000381469727,303.2000045776367,587.200008392334,1.0,0,1,1.0,1.0,1.0,1,1,1,1,1,1,5,0,0.0,0.0,494.1417507310583,559.6298557142542,1,18,2,2024-08-01,28.400000381469727,30.320000457763673,58.7200008392334,0.18368399994336615,0
19,-37.406810565043145,408.2000045776367,408.2000045776367,816.4000091552734,1.0,0,1,1.0,1.0,1.0,1,1,1,1,1,2,4,0,0.0,0.0,580.9123422669882,643.7417104673868,1,18,2,2024-08-01,40.820000457763676,40.820000457763676,81.64000091552735,0.11224899013283471,0
20,-53.51000061035154,535.1000061035156,535.1000061035156,1070.2000122070312,1.0,0,1,1.0,1.0,1.0,1,1,1,1,1,0,6,0,0.0,0.0,583.7639862060547,728.7770904541015,1,18,2,2024-08-01,53.51000061035157,53.51000061035157,107.02000122070314,0.06672163366622072,0
21,-73.65500061035152,586.0500061035157,601.1000061035156,1187.1500122070313,1.0,0,1,1.0,1.0,1.0,1,1,1,1,1,0,6,0,0.0,0.0,605.6266766357422,802.9535845947265,1,18,2,2024-08-01,58.60500061035157,60.11000061035156,118.71500122070313,0.23735197430223978,0
22,-144.36359073626033,563.4500076293946,578.5000076293945,1141.950015258789,1.0,0,1,1.0,1.0,1.0,1,1,1,1,1,5,1,0,0.0,0.0,600.2038531113959,926.8728680800103,1,18,2,2024-08-01,56.34500076293946,57.85000076293946,114.19500152587892,0.019552351461325394,0
23,-82.8700008392334,608.700008392334,608.700008392334,1217.400016784668,1.0,0,1,1.0,1.0,1.0,1,1,1,1,1,6,0,0,0.0,0.0,676.6301212310791,971.9513607025146,1,18,2,2024-08-01,60.8700008392334,60.8700008392334,121.7400016784668,0.01604421361706943,0
24,-65.82000083923333,658.200008392334,658.200008392334,1316.400016784668,1.0,0,1,1.0,1.0,1.0,1,1,1,1,1,6,0,0,0.03878976371961321,0.0,632.6685855865479,1040.1995174407957,1,18,2,2024-08-01,65.8200008392334,65.8200008392334,131.6400016784668,0.12358504199303358,0
25,-73.57000083923333,735.700008392334,735.700008392334,1471.400016784668,0.6666666666666666,2,0,0.6666666666666666,1.0,1.0,0,0,1,0,1,6,0,0,0.2533606748831452,0.0,549.3025577545167,1073.2699520111082,1,18,2,2024-08-01,73.5700008392334,73.5700008392334,147.1400016784668,0.12709428437352574,0
26,-172.25937974309394,835.700008392334,835.700008392334,1671.400016784668,0.3333333333333333,4,0,0.3333333333333333,1.0,1.0,0,0,1,0,1,6,0,0,0.6434777254130981,0.0,297.9456678643279,1255.0594285712189,1,18,2,2024-08-01,83.5700008392334,83.5700008392334,167.1400016784668,0.02657466004485922,0
27,-15.97193657919371,816.5000076293945,816.5000076293945,1633.000015258789,0.0,6,0,0.0,0.0,1.0,0,0,1,0,0,3,3,0,0.48257046541247967,0.0,422.4812189383844,1093.1718877510687,1,18,2,2024-08-01,81.65000076293946,81.65000076293946,163.3000015258789,0.01775839410600958,0
28,-47.97552147615833,1048.3000106811523,1048.3000106811523,2096.6000213623047,0.6666666666666666,2,0,0.0,1.0,1.0,0,0,1,0,1,2,1,3,0.6387611021384292,0.0,378.6867404867323,1097.6754726480333,1,18,2,2024-08-01,104.83000106811524,104.83000106811524,209.66000213623047,0.009958111061837917,0
29,6.1417241408300285,1048.3000106811523,1048.3000106811523,2096.6000213623047,0.8333333333333334,1,0,0.5,1.0,1.0,0,0,1,0,1,2,2,2,0.5930933240688904,0.014921001463783216,426.5602727248144,1032.658324687295,1,18,2,2024-08-01,104.83000106811524,104.83000106811524,209.66000213623047,0.031497637562139934,0
30,57.4442363523806,1064.4333432515461,1067.600009918213,2132.033353169759,0.0,6,0,0.0,1.0,1.0,0,0,1,0,1,6,0,0,0.5125777038993982,0.09623847554135892,518.8285442137087,964.8558124757444,1,18,2,2024-08-01,106.44333432515462,106.7600009918213,213.20333531697588,0.0404812459784606,0
31,130.36000175476067,1111.600009918213,1111.600009918213,2223.200019836426,1.0,0,1,1.0,1.0,1.0,1,1,1,1,1,6,0,0,0.4628478421083776,0.22243607073103433,597.0983440399169,864.3400714874268,1,18,2,2024-08-01,111.16000099182129,111.16000099182129,222.32000198364258,0.013647093587635653,0
32,122.99000091552728,1119.9000091552734,1119.9000091552734,2239.800018310547,1.0,0,1,1.0,1.0,1.0,1,1,1,1,1,4,2,0,0.4942915424957,0.24126255435287844,566.3429061889648,849.7100723266602,1,18,2,2024-08-01,111.99000091552735,111.99000091552735,223.9800018310547,0.005872077779211586,0
33,110.3400009155273,1089.8993375142416,1103.4000091552734,2193.299346669515,0.6666666666666666,2,0,0.75,0.5,1.0,0,0,1,0,0,4,2,0,0.44735653241125817,0.2863562364657591,602.3257492065429,787.4345352172852,1,18,2,2024-08-01,108.98993375142416,110.34000091552736,219.32993466695154,0.008342038051791578,0
34,127.07000160217285,1070.529343922933,1078.700008392334,2149.229352315267,1.0,0,1,1.0,1.0,1.0,1,1,1,1,1,0,6,0,0.4250733164064084,0.3069689712555119,615.4758853912354,747.5725765228271,1,18,2,2024-08-01,107.05293439229331,107.8700008392334,214.9229352315267,0.022195613428080626,0
35,145.17000083923335,951.700008392334,951.700008392334,1903.400016784668,0.16666666666666666,5,0,1.0,0.16666666666666666,1.0,0,0,1,1,0,0,6,0,0.32385160267407515,0.20002191055950316,643.4904354095459,761.3391544342041,1,18,2,2024-08-01,95.17000083923341,95.17000083923341,190.34000167846682,0.016330268384238962,0
36,258.9282744085001,944.1000061035156,944.1000061035156,1888.2000122070312,0.8333333333333334,1,0,1.0,0.8333333333333334,1.0,0,0,1,1,0,0,6,0,0.08578375447221087,0.38802658122146955,863.1115629827189,577.7641084039999,1,18,2,2024-08-01,94.41000061035157,94.41000061035157,188.82000122070315,0.11549014099786244,0
37,131.58000068664546,1040.800006866455,1040.800006866455,2081.60001373291,1.0,0,1,1.0,1.0,1.0,1,1,1,1,1,1,5,0,0.24833940471158436,0.3374324628983217,782.3283527374267,689.600297164917,1,18,2,2024-08-01,104.08000068664552,104.08000068664552,208.16000137329104,0.05772074092733535,0
38,101.07000083923333,1010.700008392334,1010.700008392334,2021.400016784668,0.5,3,0,0.5,1.0,1.0,0,0,1,0,1,6,0,0,0.3162240684991146,0.2871969989327339,691.0923397064208,720.4299991607667,1,18,2,2024-08-01,101.0700008392334,101.0700008392334,202.1400016784668,0.09716447528911254,1
39,158.12000236511233,922.200008392334,922.200008392334,1844.400016784668,1.0,0,1,1.0,1.0,1.0,1,1,1,1,1,6,0,0,0.13952766437087552,0.2867273736034178,793.5275951385498,657.7800220489502,1,18,2,2024-08-01,92.2200008392334,92.2200008392334,184.4400016784668,0.004743661149972771,0
40,89.14000091552737,891.4000091552734,891.4000091552734,1782.8000183105469,1.0,0,1,1.0,1.0,1.0,1,1,1,1,1,0,6,0,0.17354586985547166,0.18535738098380025,736.7012191772461,726.1724380493164,1,18,2,2024-08-01,89.14000091552735,89.14000091552735,178.2800018310547,0.018930849949747607,0
41,86.45000038146975,855.7133344014485,864.5000038146973,1720.2133382161458,1.0,0,1,1.0,1.0,1.0,1,1,1,1,1,0,6,0,0.07531910962558053,0.12154184908873239,791.2617679595947,759.4270748138428,1,18,2,2024-08-01,85.57133344014485,86.45000038146974,172.02133382161458,0.018852908285613732,0
42,118.69209325926556,787.0000038146973,787.0000038146973,1574.0000076293945,1.0,0,1,1.0,1.0,1.0,1,1,1,1,1,4,2,0,0.04850974976581219,0.20558519806805753,748.8228305639531,625.2044521508907,1,18,2,2024-08-01,78.70000038146974,78.70000038146974,157.40000076293947,0.03859891601763124,0
43,108.8240005673623,732.0000038146973,732.0000038146973,1464.0000076293945,0.16666666666666666,5,0,0.0,0.25,1.0,0,0,1,0,0,2,4,0,0.192752077292965,0.2382807057617788,590.905482500956,557.5785262881064,1,18,2,2024-08-01,73.20000038146974,73.20000038146974,146.40000076293947,0.09833002490449187,0
44,129.82500085830685,577.0000038146973,577.0000038146973,1154.0000076293945,0.5,3,0,1.0,0.5,1.0,0,0,1,1,0,0,6,0,0.0,0.15567591694826277,627.6542244911193,487.17499914169315,1,18,2,2024-08-01,57.70000038146973,57.70000038146973,115.40000076293946,0.14569607040037647,0
45,84.53036125763714,511.00000381469727,511.00000381469727,1022.0000076293945,0.6666666666666666,2,0,1.0,0.6666666666666666,1.0,0,0,1,1,0,0,6,0,0.0,0.0,612.8330956326372,531.4353369845503,1,18,2,2024-08-01,51.10000038146973,51.10000038146973,102.20000076293945,0.041773044818591565,0
46,77.45000114440916,472.50000381469727,472.50000381469727,945.0000076293945,1.0,0,1,1.0,1.0,1.0,1,1,1,1,1,0,6,0,0.0,0.0,569.3400157928467,507.3453479766846,1,18,2,2024-08-01,47.25000038146973,47.25000038146973,94.50000076293946,0.016583684689823415,0
47,48.410000610351574,484.1000061035156,484.1000061035156,968.2000122070312,1.0,0,1,1.0,1.0,1.0,1,1,1,1,1,0,6,0,0.05805993435411193,0.08856602623881289,455.9931915283203,441.2251922607422,1,18,2,2024-08-01,48.41000061035157,48.41000061035157,96.82000122070313,0.008629927552325299,0
0,0.0,0.0,0.0,0.0,1.0,0,1,1.0,1.0,0.0,1,1,0,1,1,0,0,6,0.0,0.0,317.8999938964844,366.8999938964844,0,19,0,2024-08-01,0.0,0.0,0.0,0.0,0
1,0.0,0.0,0.0,0.0,1.0,0,1,1.0,1.0,0.0,1,1,0,1,1,0,0,6,0.0,0.0,336.54266357421875,361.6488342285156,0,19,0,2024-08-01,0.0,0.0,0.0,0.0,0
2,0.0,0.0,0.0,0.0,1.0,0,1,1.0,1.0,0.0,1,1,0,1,1,0,0,6,0.0,0.0,339.89398193359375,347.70001220703125,0,19,0,2024-08-01,0.0,0.0,0.0,0.0,0
3,0.0,0.0,0.0,0.0,1.0,0,1,1.0,1.0,0.0,1,1,0,1,1,0,0,6,0.0,0.0,354.6590576171875,351.91943359375,0,19,0,2024-08-01,0.0,0.0,0.0,0.0,0
4,0.0,0.0,0.0,0.0,1.0,0,1,1.0,1.0,0.0,1,1,0,1,1,0,0,6,0.0,0.0,360.2294616699219,320.833251953125,0,19,0,2024-08-01,0.0,0.0,0.0,0.0,0
5,0.0,0.0,0.0,0.0,1.0,0,1,1.0,1.0,0.0,1,1,0,1,1,0,0,6,0.0,0.0,375.47735595703125,286.6651611328125,0,19,0,2024-08-01,0.0,0.0,0.0,0.0,0
6,0.0,0.0,0.0,0.0,1.0,0,1,1.0,1.0,0.0,1,1,0,1,1,0,0,6,0.0,0.0,377.946044921875,264.29998779296875,0,19,0,2024-08-01,0.0,0.0,0.0,0.0,0
7,0.0,0.0,0.0,0.0,1.0,0,1,1.0,1.0,0.0,1,1,0,1,1,0,0,6,0.0,0.0,383.5,264.29998779296875,0,19,0,2024-08-01,0.0,0.0,0.0,0.0,0
8,0.0,0.0,0.0,0.0,1.0,0,1,1.0,1.0,0.0,1,1,0,1,1,0,0,6,0.0,0.0,364.29998779296875,264.29998779296875,0,19,0,2024-08-01,0.0,0.0,0.0,0.0,0
9,0.0,0.0,0.0,0.0,1.0,0,1,1.0,1.0,0.0,1,1,0,1,1,0,0,6,0.0,0.0,295.0999755859375,245.09999084472656,0,19,0,2024-08-01,0.0,0.0,0.0,0.0,0
10,0.0,0.0,0.0,0.0,1.0,0,1,1.0,1.0,0.0,1,1,0,1,1,0,0,6,0.0,0.0,295.0999755859375,241.73655700683594,0,19,0,2024-08-01,0.0,0.0,0.0,0.0,0
11,0.0,0.0,0.0,0.0,1.0,0,1,1.0,1.0,0.0,1,1,0,1,1,0,0,6,0.0,0.0,295.0999755859375,238.58351135253906,0,19,0,2024-08-01,0.0,0.0,0.0,0.0,0
12,0.0,0.0,0.0,0.0,1.0,0,1,1.0,1.0,0.0,1,1,0,1,1,0,0,6,0.0,0.0,322.5999755859375,266.6839599609375,0,19,0,2024-08-01,0.0,0.0,0.0,0.0,0
13,0.0,0.0,0.0,0.0,1.0,0,1,1.0,1.0,0.0,1,1,0,1,1,0,0,6,0.0,0.0,401.75390625,371.8014831542969,0,19,0,2024-08-01,0.0,0.0,0.0,0.0,0
14,0.0,0.0,0.0,0.0,1.0,0,1,1.0,1.0,0.0,1,1,0,1,1,0,0,6,0.0,0.0,436.81353759765625,392.26629638671875,0,19,0,2024-08-01,0.0,0.0,0.0,0.0,0
15,0.0,0.0,0.0,0.0,1.0,0,1,1.0,1.0,0.0,1,1,0,1,1,0,0,6,0.0,0.0,399.8543395996094,365.7895202636719,0,19,0,2024-08-01,0.0,0.0,0.0,0.0,0
16,0.0,0.0,0.0,0.0,1.0,0,1,1.0,1.0,0.0,1,1,0,1,1,0,0,6,0.0,0.0,433.9610900878906,382.57061767578125,0,19,0,2024-08-01,0.0,0.0,0.0,0.0,0
17,0.0,0.0,0.0,0.0,1.0,0,1,1.0,1.0,0.0,1,1,0,1,1,0,0,6,0.0,0.0,487.72210693359375,433.34307861328125,0,19,0,2024-08-01,0.0,0.0,0.0,0.0,0
18,-61.56857641737918,284.00000381469727,303.2000045776367,587.200008392334,1.0,0,1,1.0,1.0,1.0,1,1,1,1,1,0,3,3,0.0,0.0,515.9012111802771,606.2219577650354,1,19,0,2024-08-01,28.400000381469727,30.320000457763673,58.7200008392334,0.0275807209992977,0
19,-37.406810565043145,408.2000045776367,408.2000045776367,816.4000091552734,1.0,0,1,1.0,1.0,1.0,1,1,1,1,1,0,3,3,0.0,0.0,502.88872166151936,708.3527334166056,1,19,0,2024-08-01,40.820000457763676,40.820000457763676,81.64000091552735,0.050486828148911846,0
20,-53.51000061035154,535.1000061035156,535.1000061035156,1070.2000122070312,1.0,0,1,1.0,1.0,1.0,1,1,1,1,1,0,6,0,0.08674912058789021,0.0,488.68055114746096,738.1579498291015,1,19,0,2024-08-01,53.51000061035157,53.51000061035157,107.02000122070314,0.2891061391393572,0
21,-73.65500061035152,586.0500061035157,601.1000061035156,1187.1500122070313,1.0,0,1,1.0,1.0,1.0,1,1,1,1,1,0,6,0,0.07737939547503342,0.0,540.701810913086,779.953950805664,1,19,0,2024-08-01,58.60500061035157,60.11000061035156,118.71500122070313,0.3514669465339646,0
22,-144.36359073626033,563.4500076293946,578.5000076293945,1141.950015258789,1.0,0,1,1.0,1.0,1.0,1,1,1,1,1,0,6,0,0.12198105140043632,0.0,494.71978328717717,834.6636395643853,1,19,0,2024-08-01,56.34500076293946,57.85000076293946,114.19500152587892,0.11568073202357232,0
23,-82.8700008392334,608.700008392334,608.700008392334,1217.400016784668,1.0,0,1,1.0,1.0,1.0,1,1,1,1,1,0,6,0,0.21142349528228116,0.0,480.00652503967285,788.1605892181396,1,19,0,2024-08-01,60.8700008392334,60.8700008392334,121.7400016784668,0.01175511918798025,0
24,-65.82000083923333,658.200008392334,658.200008392334,1316.400016784668,0.0,6,0,0.0,1.0,1.0,0,0,1,0,1,6,0,0,0.28146199957375295,0.0,472.94171791076667,847.4373104095458,1,19,0,2024-08-01,65.8200008392334,65.8200008392334,131.6400016784668,0.5000000078241283,1
25,-73.57000083923333,735.700008392334,735.700008392334,1471.400016784668,0.0,6,0,0.0,1.0,1.0,0,0,1,0,1,6,0,0,0.4419808756685435,0.0,410.5346744537354,939.7699520111083,1,19,0,2024-08-01,73.5700008392334,73.5700008392334,147.1400016784668,0.5000000069999202,1
26,-172.25937974309394,835.700008392334,835.700008392334,1671.400016784668,0.8333333333333334,1,0,1.0,0.8333333333333334,1.0,0,0,1,1,0,0,6,0,0.706171573666743,0.0,245.55241835260918,1063.2593797430939,1,19,0,2024-08-01,83.5700008392334,83.5700008392334,167.1400016784668,0.006517693093356283,0
27,-15.97193657919371,816.5000076293945,816.5000076293945,1633.000015258789,1.0,0,1,1.0,1.0,1.0,1,1,1,1,1,0,6,0,0.4987448937958678,0.0,409.2747980399469,934.4719365791937,1,19,0,2024-08-01,81.65000076293946,81.65000076293946,163.3000015258789,0.007797951666634149,0
28,-47.97552147615833,1048.3000106811523,1048.3000106811523,2096.6000213623047,0.6666666666666666,2,0,1.0,0.6666666666666666,1.0,0,0,1,1,0,0,6,0,0.601087046070029,0.038752661975468346,418.1804538656385,1007.6755947183458,1,19,0,2024-08-01,104.83000106811524,104.83000106811524,209.66000213623047,0.006634078616135646,0
29,6.1417241408300285,1048.3000106811523,1048.3000106811523,2096.6000213623047,0.3333333333333333,4,0,1.0,0.3333333333333333,1.0,0,0,1,1,0,0,6,0,0.5063151083240691,0.032187027793570806,517.5298772170019,1014.5583491013575,1,19,0,2024-08-01,104.83000106811524,104.83000106811524,209.66000213623047,0.00861266307944589,0
30,57.4442363523806,1064.4333432515461,1067.600009918213,2132.033353169759,1.0,0,1,1.0,1.0,1.0,1,1,1,1,1,0,6,0,0.4594425707962998,0.07207218993052515,575.3873515867556,990.6557392335569,1,19,0,2024-08-01,106.44333432515462,106.7600009918213,213.20333531697588,0.006527372330377754,0
31,130.36000175476067,1111.600009918213,1111.600009918213,2223.200019836426,1.0,0,1,1.0,1.0,1.0,1,1,1,1,1,1,5,0,0.4135534981242044,0.18924076485256017,651.8939373016357,901.2399738311768,1,19,0,2024-08-01,111.16000099182129,111.16000099182129,222.32000198364258,0.00803072776826502,0
32,122.99000091552728,1119.9000091552734,1119.9000091552734,2239.800018310547,1.0,0,1,1.0,1.0,1.0,1,1,1,1,1,1,5,0,0.2979404272845132,0.0850879843788368,786.236521911621,1024.6099746704103,1,19,0,2024-08-01,111.99000091552735,111.99000091552735,223.9800018310547,0.005237431243082738,0
33,110.3400009155273,1089.8993375142416,1103.4000091552734,2193.299346669515,0.6666666666666666,2,0,1.0,0.6666666666666666,1.0,0,0,1,1,0,0,6,0,0.22677288521354239,0.039550511258625604,842.7397201538085,1059.7599746704102,1,19,0,2024-08-01,108.98993375142416,110.34000091552736,219.32993466695154,0.009134090004885886,0
34,127.07000160217285,1070.529343922933,1078.700008392334,2149.229352315267,0.3333333333333333,4,0,1.0,0.3333333333333333,1.0,0,0,1,1,0,0,6,0,0.33035527988026564,0.19881492418337868,716.8743228912354,864.2383480072021,1,19,0,2024-08-01,107.05293439229331,107.8700008392334,214.9229352315267,0.0071266172375915576,0
35,145.17000083923335,951.700008392334,951.700008392334,1903.400016784668,1.0,0,1,1.0,1.0,1.0,1,1,1,1,1,0,6,0,0.20459325661496341,0.10228530306182217,756.9886043548584,854.3550846099854,1,19,0,2024-08-01,95.17000083923341,95.17000083923341,190.34000167846682,0.010242085889112696,0
36,258.9282744085001,944.1000061035156,944.1000061035156,1888.2000122070312,1.0,0,1,1.0,1.0,1.0,1,1,1,1,1,0,6,0,0.0,0.20272104227622703,984.8461210881876,752.7110688532186,1,19,0,2024-08-01,94.41000061035157,94.41000061035157,188.82000122070315,0.004073556901484608,0
37,131.58000068664546,1040.800006866455,1040.800006866455,2081.60001373291,1.0,0,1,1.0,1.0,1.0,1,1,1,1,1,0,6,0,0.1850076897046684,0.1736162861065739,848.2440021514892,860.1001750946045,1,19,0,2024-08-01,104.08000068664552,104.08000068664552,208.16000137329104,5.497738362856651e-10,0
38,101.07000083923333,1010.700008392334,1010.700008392334,2021.400016784668,0.5,3,0,0.0,1.0,1.0,0,0,1,0,1,3,3,0,0.2663822542594556,0.18494726095208458,741.4674617767333,823.7738101959229,1,19,0,2024-08-01,101.0700008392334,101.0700008392334,202.1400016784668,0.10926607974176115,0
39,158.12000236511233,922.200008392334,922.200008392334,1844.400016784668,0.0,6,0,0.0,1.0,1.0,0,0,1,0,1,6,0,0,0.20678890894691235,0.18006423632452245,731.4992748260498,756.1447681427002,1,19,0,2024-08-01,92.2200008392334,92.2200008392334,184.4400016784668,0.25486674980324,0
40,89.14000091552737,891.4000091552734,891.4000091552734,1782.8000183105469,0.0,6,0,0.0,1.0,1.0,0,0,1,0,1,6,0,0,0.3027649767692043,0.06466231216596047,621.5153060913086,833.7600234985351,1,19,0,2024-08-01,89.14000091552735,89.14000091552735,178.2800018310547,0.20610888227157365,0
41,86.45000038146975,855.7133344014485,864.5000038146973,1720.2133382161458,0.0,6,0,0.0,1.0,1.0,0,0,1,0,1,6,0,0,0.30182380670989567,0.0515326542342661,597.4386783599854,819.9500240325928,1,19,0,2024-08-01,85.57133344014485,86.45000038146974,172.02133382161458,0.21119675521939027,1
42,118.69209325926556,787.0000038146973,787.0000038146973,1574.0000076293945,1.0,0,1,1.0,1.0,1.0,1,1,1,1,1,0,6,0,0.17974758863095497,0.17509771112085365,645.5386508764531,649.1981044946407,1,19,0,2024-08-01,78.70000038146974,78.70000038146974,157.40000076293947,0.1600282118543716,0
43,108.8240005673623,732.0000038146973,732.0000038146973,1464.0000076293945,1.0,0,1,1.0,1.0,1.0,1,1,1,1,1,0,6,0,0.13946738558806743,0.14771037105404095,629.909877032206,623.876011639669,1,19,0,2024-08-01,73.20000038146974,73.20000038146974,146.40000076293947,0.10482129977429529,0
44,129.82500085830685,577.0000038146973,577.0000038146973,1154.0000076293945,1.0,0,1,1.0,1.0,1.0,1,1,1,1,1,0,6,0,0.0,0.0028162780853198633,662.0345955848693,575.3750113487245,1,19,0,2024-08-01,57.70000038146973,57.70000038146973,115.40000076293946,0.23454814837912605,0
45,84.53036125763714,511.00000381469727,511.00000381469727,1022.0000076293945,1.0,0,1,1.0,1.0,1.0,1,1,1,1,1,0,6,0,0.0,0.0,696.6015282498247,599.1598242892378,1,19,0,2024-08-01,51.10000038146973,51.10000038146973,102.20000076293945,0.2567306953960821,0
46,77.45000114440916,472.50000381469727,472.50000381469727,945.0000076293945,0.16666666666666666,5,0,1.0,0.16666666666666666,1.0,0,0,1,1,0,0,6,0,0.0,0.0,672.8202404022217,590.3292957305908,1,19,0,2024-08-01,47.25000038146973,47.25000038146973,94.50000076293946,0.005996157347156819,0
47,48.410000610351574,484.1000061035156,484.1000061035156,968.2000122070312,0.6666666666666666,2,0,1.0,0.6666666666666666,1.0,0,0,1,1,0,0,6,0,0.0,0.0,529.8394134521484,500.1247283935547,1,19,0,2024-08-01,48.41000061035157,48.41000061035157,96.82000122070313,0.007681563039601163,0
0,0.0,0.0,0.0,0.0,1.0,0,1,1.0,1.0,0.0,1,1,0,1,1,0,0,6,0.0,0.0,363.20001220703125,455.0999755859375,0,19,1,2024-08-01,0.0,0.0,0.0,0.0,0
1,0.0,0.0,0.0,0.0,1.0,0,1,1.0,1.0,0.0,1,1,0,1,1,0,0,6,0.0,0.0,371.65972900390625,455.0999755859375,0,19,1,2024-08-01,0.0,0.0,0.0,0.0,0
2,0.0,0.0,0.0,0.0,1.0,0,1,1.0,1.0,0.0,1,1,0,1,1,0,0,6,0.0,0.0,347.615234375,427.5999755859375,0,19,1,2024-08-01,0.0,0.0,0.0,0.0,0
3,0.0,0.0,0.0,0.0,1.0,0,1,1.0,1.0,0.0,1,1,0,1,1,0,0,6,0.0,0.0,331.9325256347656,427.5999755859375,0,19,1,2024-08-01,0.0,0.0,0.0,0.0,0
4,0.0,0.0,0.0,0.0,1.0,0,1,1.0,1.0,0.0,1,1,0,1,1,0,0,6,0.0,0.0,300.5503845214844,400.0999755859375,0,19,1,2024-08-01,0.0,0.0,0.0,0.0,0
5,0.0,0.0,0.0,0.0,1.0,0,1,1.0,1.0,0.0,1,1,0,1,1,0,0,6,0.0,0.0,298.9857177734375,400.0999755859375,0,19,1,2024-08-01,0.0,0.0,0.0,0.0,0
6,0.0,0.0,0.0,0.0,1.0,0,1,1.0,1.0,0.0,1,1,0,1,1,0,0,6,0.0,0.0,325.6296691894531,422.59112548828125,0,19,1,2024-08-01,0.0,0.0,0.0,0.0,0
7,0.0,0.0,0.0,0.0,1.0,0,1,1.0,1.0,0.0,1,1,0,1,1,0,0,6,0.0,0.0,330.57293701171875,412.9442138671875,0,19,1,2024-08-01,0.0,0.0,0.0,0.0,0
8,0.0,0.0,0.0,0.0,1.0,0,1,1.0,1.0,0.0,1,1,0,1,1,0,0,6,0.0,0.0,349.5796813964844,393.4217224121094,0,19,1,2024-08-01,0.0,0.0,0.0,0.0,0
9,0.0,0.0,0.0,0.0,1.0,0,1,1.0,1.0,0.0,1,1,0,1,1,0,0,6,0.0,0.0,361.7822570800781,389.0999755859375,0,19,1,2024-08-01,0.0,0.0,0.0,0.0,0
10,0.0,0.0,0.0,0.0,1.0,0,1,1.0,1.0,0.0,1,1,0,1,1,0,0,6,0.0,0.0,369.2294616699219,368.920654296875,0,19,1,2024-08-01,0.0,0.0,0.0,0.0,0
11,0.0,0.0,0.0,0.0,1.0,0,1,1.0,1.0,0.0,1,1,0,1,1,0,0,6,0.0,0.0,373.11737060546875,353.3069152832031,0,19,1,2024-08-01,0.0,0.0,0.0,0.0,0
12,0.0,0.0,0.0,0.0,1.0,0,1,1.0,1.0,0.0,1,1,0,1,1,0,0,6,0.0,0.0,378.0999755859375,340.5686950683594,0,19,1,2024-08-01,0.0,0.0,0.0,0.0,0
13,0.0,0.0,0.0,0.0,1.0,0,1,1.0,1.0,0.0,1,1,0,1,1,0,0,6,0.0,0.0,405.5999755859375,299.51727294921875,0,19,1,2024-08-01,0.0,0.0,0.0,0.0,0
14,0.0,0.0,0.0,0.0,1.0,0,1,1.0,1.0,0.0,1,1,0,1,1,0,0,6,0.0,0.0,423.1194152832031,311.69598388671875,0,19,1,2024-08-01,0.0,0.0,0.0,0.0,0
15,0.0,0.0,0.0,0.0,1.0,0,1,1.0,1.0,0.0,1,1,0,1,1,0,0,6,0.0,0.0,449.3066711425781,356.20001220703125,0,19,1,2024-08-01,0.0,0.0,0.0,0.0,0
16,0.0,0.0,0.0,0.0,1.0,0,1,1.0,1.0,0.0,1,1,0,1,1,0,0,6,0.0,0.0,489.07037353515625,394.70001220703125,0,19,1,2024-08-01,0.0,0.0,0.0,0.0,0
17,0.0,0.0,0.0,0.0,1.0,0,1,1.0,1.0,0.0,1,1,0,1,1,0,0,6,0.0,0.0,523.6962890625,438.6000061035156,0,19,1,2024-08-01,0.0,0.0,0.0,0.0,0
18,-61.56857641737918,284.00000381469727,303.2000045776367,587.200008392334,1.0,0,1,1.0,1.0,1.0,1,1,1,1,1,0,3,3,0.0,0.0,592.0216335435583,638.5619846205042,1,19,1,2024-08-01,28.400000381469727,30.320000457763673,58.7200008392334,0.0275807209992977,0
19,-37.406810565043145,408.2000045776367,408.2000045776367,816.4000091552734,1.0,0,1,1.0,1.0,1.0,1,1,1,1,1,0,3,3,0.0,0.0,725.3837167787069,756.9637563658243,1,19,1,2024-08-01,40.820000457763676,40.820000457763676,81.64000091552735,0.050486828148911846,0
20,-53.51000061035154,535.1000061035156,535.1000061035156,1070.2000122070312,0.3333333333333333,4,0,1.0,0.3333333333333333,1.0,0,0,1,1,0,0,6,0,0.0,0.0,648.390023803711,746.0771392822265,1,19,1,2024-08-01,53.51000061035157,53.51000061035157,107.02000122070314,0.2891061391393572,0
21,-73.65500061035152,586.0500061035157,601.1000061035156,1187.1500122070313,0.3333333333333333,4,0,1.0,0.3333333333333333,1.0,0,0,1,1,0,0,6,0,0.0,0.0,667.657621459961,797.6911334228515,1,19,1,2024-08-01,58.60500061035157,60.11000061035156,118.71500122070313,0.3514669465339646,0
22,-144.36359073626033,563.4500076293946,578.5000076293945,1141.950015258789,1.0,0,1,1.0,1.0,1.0,1,1,1,1,1,0,6,0,0.0,0.0,755.5031695176459,1018.9725384901666,1,19,1,2024-08-01,56.34500076293946,57.85000076293946,114.19500152587892,0.11568073202357232,0
23,-82.8700008392334,608.700008392334,608.700008392334,1217.400016784668,1.0,0,1,1.0,1.0,1.0,1,1,1,1,1,0,6,0,0.0,0.0,857.5393009185791,1090.1463069915771,1,19,1,2024-08-01,60.8700008392334,60.8700008392334,121.7400016784668,0.01175511918798025,0
24,-65.82000083923333,658.200008392334,658.200008392334,1316.400016784668,0.5,3,0,0.5,1.0,1.0,0,0,1,0,1,6,0,0,0.0,0.0,671.1384342193604,1087.671502304077,1,19,1,2024-08-01,65.8200008392334,65.8200008392334,131.6400016784668,0.5000000078241283,0
25,-73.57000083923333,735.700008392334,735.700008392334,1471.400016784668,0.0,6,0,0.0,1.0,1.0,0,0,1,0,1,6,0,0,0.28700550587274365,0.0,524.5500553131104,1199.7699520111082,1,19,1,2024-08-01,73.5700008392334,73.5700008392334,147.1400016784668,0.5000000069999202,1
26,-172.25937974309394,835.700008392334,835.700008392334,1671.400016784668,0.0,6,0,1.0,0.0,1.0,0,0,1,1,0,0,6,0,0.521333685540643,0.0,400.0214430108123,1364.4593309149689,1,19,1,2024-08-01,83.5700008392334,83.5700008392334,167.1400016784668,0.006517693093356283,0
27,-15.97193657919371,816.5000076293945,816.5000076293945,1633.000015258789,1.0,0,1,1.0,1.0,1.0,1,1,1,1,1,0,6,0,0.2901381313902831,0.0,579.6022211356501,1229.0490850166937,1,19,1,2024-08-01,81.65000076293946,81.65000076293946,163.3000015258789,0.007797951666634149,0
28,-47.97552147615833,1048.3000106811523,1048.3000106811523,2096.6000213623047,1.0,0,1,1.0,1.0,1.0,1,1,1,1,1,0,6,0,0.46433036518805065,0.0,561.5424838949355,1352.1763271402208,1,19,1,2024-08-01,104.83000106811524,104.83000106811524,209.66000213623047,0.006634078616135646,0
29,6.1417241408300285,1048.3000106811523,1048.3000106811523,2096.6000213623047,1.0,0,1,1.0,1.0,1.0,1,1,1,1,1,0,6,0,0.5245731669911358,0.0,498.3899541212988,1190.3879389451074,1,19,1,2024-08-01,104.83000106811524,104.83000106811524,209.66000213623047,0.00861266307944589,0
30,57.4442363523806,1064.4333432515461,1067.600009918213,2132.033353169759,1.0,0,1,1.0,1.0,1.0,1,1,1,1,1,0,6,0,0.4682151248800917,0.0,566.04955251449,1138.9405292726194,1,19,1,2024-08-01,106.44333432515462,106.7600009918213,213.20333531697588,0.006527372330377754,0
31,130.36000175476067,1111.600009918213,1111.600009918213,2223.200019836426,1.0,0,1,1.0,1.0,1.0,1,1,1,1,1,1,5,0,0.39244277970453284,0.015635280256858952,675.3606121063232,1094.2198322296144,1,19,1,2024-08-01,111.16000099182129,111.16000099182129,222.32000198364258,0.00803072776826502,0
32,122.99000091552728,1119.9000091552734,1119.9000091552734,2239.800018310547,1.0,0,1,1.0,1.0,1.0,1,1,1,1,1,1,5,0,0.34143518345365764,0.0052248537672141574,737.5267440795898,1114.0486953735353,1,19,1,2024-08-01,111.99000091552735,111.99000091552735,223.9800018310547,0.005237431243082738,0
33,110.3400009155273,1089.8993375142416,1103.4000091552734,2193.299346669515,0.6666666666666666,2,0,1.0,0.6666666666666666,1.0,0,0,1,1,0,0,6,0,0.2587440367820304,0.0,807.894383239746,1180.6803848266602,1,19,1,2024-08-01,108.98993375142416,110.34000091552736,219.32993466695154,0.009134090004885886,0
34,127.07000160217285,1070.529343922933,1078.700008392334,2149.229352315267,0.8333333333333334,1,0,1.0,0.8333333333333334,1.0,0,0,1,1,0,0,6,0,0.132625779857488,0.0,928.5495548248291,1201.2384700775146,1,19,1,2024-08-01,107.05293439229331,107.8700008392334,214.9229352315267,0.0071266172375915576,0
35,145.17000083923335,951.700008392334,951.700008392334,1903.400016784668,1.0,0,1,1.0,1.0,1.0,1,1,1,1,1,0,6,0,0.009938247479190438,0.0,942.2417781829834,1177.2299015045166,1,19,1,2024-08-01,95.17000083923341,95.17000083923341,190.34000167846682,0.010242085889112696,0
36,258.9282744085001,944.1000061035156,944.1000061035156,1888.2000122070312,1.0,0,1,1.0,1.0,1.0,1,1,1,1,1,0,6,0,0.0,0.0,1064.5367949163126,1047.454293950875,1,19,1,2024-08-01,94.41000061035157,94.41000061035157,188.82000122070315,0.004073556901484608,0
37,131.58000068664546,1040.800006866455,1040.800006866455,2081.60001373291,1.0,0,1,1.0,1.0,1.0,1,1,1,1,1,0,6,0,0.19287394140548075,0.0,840.0568073272705,1107.8199016571045,1,19,1,2024-08-01,104.08000068664552,104.08000068664552,208.16000137329104,5.497738362856651e-10,0
38,101.07000083923333,1010.700008392334,1010.700008392334,2021.400016784668,0.3333333333333333,4,0,0.0,0.6666666666666666,1.0,0,0,1,0,0,3,3,0,0.37432758016324685,0.0,632.3671199798583,1022.3300235748292,1,19,1,2024-08-01,101.0700008392334,101.0700008392334,202.1400016784668,0.10926607974176115,0
39,158.12000236511233,922.200008392334,922.200008392334,1844.400016784668,0.0,6,0,0.0,1.0,1.0,0,0,1,0,1,6,0,0,0.2887831744170536,0.0,655.8841625213623,926.7800220489502,1,19,1,2024-08-01,92.2200008392334,92.2200008392334,184.4400016784668,0.25486674980324,1
40,89.14000091552737,891.4000091552734,891.4000091552734,1782.8000183105469,0.0,6,0,0.0,1.0,1.0,0,0,1,0,1,6,0,0,0.3757738481784054,0.0,556.4351974487305,949.4596084594726,1,19,1,2024-08-01,89.14000091552735,89.14000091552735,178.2800018310547,0.20610888227157365,1
41,86.45000038146975,855.7133344014485,864.5000038146973,1720.2133382161458,0.0,6,0,0.0,1.0,1.0,0,0,1,0,1,6,0,0,0.45716160061608613,0.0178715362554497,464.5140567779541,849.0500606536865,1,19,1,2024-08-01,85.57133344014485,86.45000038146974,172.02133382161458,0.21119675521939027,1
42,118.69209325926556,787.0000038146973,787.0000038146973,1574.0000076293945,0.8333333333333334,1,0,1.0,0.8333333333333334,1.0,0,0,1,1,0,0,6,0,0.4375071178622214,0.03950706518699058,442.6819003881718,755.9079433618282,1,19,1,2024-08-01,78.70000038146974,78.70000038146974,157.40000076293947,0.1600282118543716,0
43,108.8240005673623,732.0000038146973,732.0000038146973,1464.0000076293945,1.0,0,1,1.0,1.0,1.0,1,1,1,1,1,0,6,0,0.068984871360302,0.0483934150046323,681.5030777157998,696.5760238467002,1,19,1,2024-08-01,73.20000038146974,73.20000038146974,146.40000076293947,0.10482129977429529,0
44,129.82500085830685,577.0000038146973,577.0000038146973,1154.0000076293945,1.0,0,1,1.0,1.0,1.0,1,1,1,1,1,0,6,0,0.0,0.0,729.9388924598693,609.5750235557557,1,19,1,2024-08-01,57.70000038146973,57.70000038146973,115.40000076293946,0.23454814837912605,0
45,84.53036125763714,511.00000381469727,511.00000381469727,1022.0000076293945,1.0,0,1,1.0,1.0,1.0,1,1,1,1,1,0,6,0,0.0,0.0,768.2235375271684,636.475803293144,1,19,1,2024-08-01,51.10000038146973,51.10000038146973,102.20000076293945,0.2567306953960821,0
46,77.45000114440916,472.50000381469727,472.50000381469727,945.0000076293945,1.0,0,1,1.0,1.0,1.0,1,1,1,1,1,0,6,0,0.0,0.0,733.1934703826904,587.3338733673096,1,19,1,2024-08-01,47.25000038146973,47.25000038146973,94.50000076293946,0.005996157347156819,0
47,48.410000610351574,484.1000061035156,484.1000061035156,968.2000122070312,1.0,0,1,1.0,1.0,1.0,1,1,1,1,1,0,6,0,0.0,0.0,604.2027862548828,516.6396209716797,1,19,1,2024-08-01,48.41000061035157,48.41000061035157,96.82000122070313,0.007681563039601163,0
0,0.0,0.0,0.0,0.0,1.0,0,1,1.0,1.0,0.0,1,1,0,1,1,0,0,6,0.0,0.0,220.5,239.0,0,19,2,2024-08-01,0.0,0.0,0.0,0.0,0
1,0.0,0.0,0.0,0.0,1.0,0,1,1.0,1.0,0.0,1,1,0,1,1,0,0,6,0.0,0.0,212.91383361816406,239.0,0,19,2,2024-08-01,0.0,0.0,0.0,0.0,0
2,0.0,0.0,0.0,0.0,1.0,0,1,1.0,1.0,0.0,1,1,0,1,1,0,0,6,0.0,0.0,197.56683349609375,239.0,0,19,2,2024-08-01,0.0,0.0,0.0,0.0,0
3,0.0,0.0,0.0,0.0,1.0,0,1,1.0,1.0,0.0,1,1,0,1,1,0,0,6,0.0,0.0,194.46119689941406,258.20001220703125,0,19,2,2024-08-01,0.0,0.0,0.0,0.0,0
4,0.0,0.0,0.0,0.0,1.0,0,1,1.0,1.0,0.0,1,1,0,1,1,0,0,6,0.0,0.0,189.9276123046875,258.20001220703125,0,19,2,2024-08-01,0.0,0.0,0.0,0.0,0
5,0.0,0.0,0.0,0.0,1.0,0,1,1.0,1.0,0.0,1,1,0,1,1,0,0,6,0.0,0.0,162.81788635253906,228.0,0,19,2,2024-08-01,0.0,0.0,0.0,0.0,0
6,0.0,0.0,0.0,0.0,1.0,0,1,1.0,1.0,0.0,1,1,0,1,1,0,0,6,0.0,0.0,148.49911499023438,208.79998779296875,0,19,2,2024-08-01,0.0,0.0,0.0,0.0,0
7,0.0,0.0,0.0,0.0,1.0,0,1,1.0,1.0,0.0,1,1,0,1,1,0,0,6,0.0,0.0,134.59999084472656,189.59999084472656,0,19,2,2024-08-01,0.0,0.0,0.0,0.0,0
8,0.0,0.0,0.0,0.0,1.0,0,1,1.0,1.0,0.0,1,1,0,1,1,0,0,6,0.0,0.0,138.43312072753906,189.59999084472656,0,19,2,2024-08-01,0.0,0.0,0.0,0.0,0
9,0.0,0.0,0.0,0.0,1.0,0,1,1.0,1.0,0.0,1,1,0,1,1,0,0,6,0.0,0.0,145.9276885986328,189.59999084472656,0,19,2,2024-08-01,0.0,0.0,0.0,0.0,0
10,0.0,0.0,0.0,0.0,1.0,0,1,1.0,1.0,0.0,1,1,0,1,1,0,0,6,0.0,0.0,169.62997436523438,184.2318115234375,0,19,2,2024-08-01,0.0,0.0,0.0,0.0,0
11,0.0,0.0,0.0,0.0,1.0,0,1,1.0,1.0,0.0,1,1,0,1,1,0,0,6,0.0,0.0,184.97499084472656,182.90896606445312,0,19,2,2024-08-01,0.0,0.0,0.0,0.0,0
12,0.0,0.0,0.0,0.0,1.0,0,1,1.0,1.0,0.0,1,1,0,1,1,0,0,6,0.0,0.0,189.59999084472656,178.59999084472656,0,19,2,2024-08-01,0.0,0.0,0.0,0.0,0
13,0.0,0.0,0.0,0.0,1.0,0,1,1.0,1.0,0.0,1,1,0,1,1,0,0,6,0.0,0.0,189.59999084472656,178.59999084472656,0,19,2,2024-08-01,0.0,0.0,0.0,0.0,0
14,0.0,0.0,0.0,0.0,1.0,0,1,1.0,1.0,0.0,1,1,0,1,1,0,0,6,0.0,0.0,302.94439697265625,317.277099609375,0,19,2,2024-08-01,0.0,0.0,0.0,0.0,0
15,0.0,0.0,0.0,0.0,1.0,0,1,1.0,1.0,0.0,1,1,0,1,1,0,0,6,0.0,0.0,361.1197509765625,354.01513671875,0,19,2,2024-08-01,0.0,0.0,0.0,0.0,0
16,0.0,0.0,0.0,0.0,1.0,0,1,1.0,1.0,0.0,1,1,0,1,1,0,0,6,0.0,0.0,420.1216735839844,416.5902404785156,0,19,2,2024-08-01,0.0,0.0,0.0,0.0,0
17,0.0,0.0,0.0,0.0,1.0,0,1,1.0,1.0,0.0,1,1,0,1,1,0,0,6,0.0,0.0,413.83770751953125,439.3272705078125,0,19,2,2024-08-01,0.0,0.0,0.0,0.0,0
18,-61.56857641737918,284.00000381469727,303.2000045776367,587.200008392334,1.0,0,1,1.0,1.0,1.0,1,1,1,1,1,0,3,3,0.0,0.0,366.74663964707395,509.6588474134729,1,19,2,2024-08-01,28.400000381469727,30.320000457763673,58.7200008392334,0.0275807209992977,0
19,-37.406810565043145,408.2000045776367,408.2000045776367,816.4000091552734,1.0,0,1,1.0,1.0,1.0,1,1,1,1,1,0,3,3,0.12226238187229965,0.0,358.29249973769123,588.0329702330118,1,19,2,2024-08-01,40.820000457763676,40.820000457763676,81.64000091552735,0.050486828148911846,0
20,-53.51000061035154,535.1000061035156,535.1000061035156,1070.2000122070312,0.3333333333333333,4,0,1.0,0.3333333333333333,1.0,0,0,1,1,0,0,6,0,0.35970504313381013,0.0,342.62183532714846,629.203970336914,1,19,2,2024-08-01,53.51000061035157,53.51000061035157,107.02000122070314,0.2891061391393572,0
21,-73.65500061035152,586.0500061035157,601.1000061035156,1187.1500122070313,0.0,6,0,1.0,0.0,1.0,0,0,1,1,0,0,6,0,0.23562182378044014,0.0,447.96383483886723,706.457612915039,1,19,2,2024-08-01,58.60500061035157,60.11000061035156,118.71500122070313,0.3514669465339646,0
22,-144.36359073626033,563.4500076293946,578.5000076293945,1141.950015258789,1.0,0,1,1.0,1.0,1.0,1,1,1,1,1,0,6,0,0.37468230183333623,0.0,352.33526180280217,751.0664715956353,1,19,2,2024-08-01,56.34500076293946,57.85000076293946,114.19500152587892,0.11568073202357232,0
23,-82.8700008392334,608.700008392334,608.700008392334,1217.400016784668,0.8333333333333334,1,0,1.0,0.8333333333333334,1.0,0,0,1,1,0,0,6,0,0.2533620771530815,0.0,454.4785099029541,770.7299251556396,1,19,2,2024-08-01,60.8700008392334,60.8700008392334,121.7400016784668,0.01175511918798025,0
24,-65.82000083923333,658.200008392334,658.200008392334,1316.400016784668,0.0,6,0,0.0,1.0,1.0,0,0,1,0,1,6,0,0,0.3193846568832568,0.0,447.98102455139167,831.2513973236083,1,19,2,2024-08-01,65.8200008392334,65.8200008392334,131.6400016784668,0.5000000078241283,1
25,-73.57000083923333,735.700008392334,735.700008392334,1471.400016784668,0.0,6,0,0.0,1.0,1.0,0,0,1,0,1,6,0,0,0.5602867437954508,0.0,323.4970462799073,868.3699886322021,1,19,2,2024-08-01,73.5700008392334,73.5700008392334,147.1400016784668,0.5000000069999202,1
26,-172.25937974309394,835.700008392334,835.700008392334,1671.400016784668,0.3333333333333333,4,0,1.0,0.3333333333333333,1.0,0,0,1,1,0,0,6,0,0.6252289296183414,0.0,313.196186663156,1121.459391950125,1,19,2,2024-08-01,83.5700008392334,83.5700008392334,167.1400016784668,0.006517693093356283,0
27,-15.97193657919371,816.5000076293945,816.5000076293945,1633.000015258789,0.5,3,0,1.0,0.5,1.0,0,0,1,1,0,0,6,0,0.30858667062007344,0.0,564.5389887137751,1061.3718389229437,1,19,2,2024-08-01,81.65000076293946,81.65000076293946,163.3000015258789,0.007797951666634149,0
28,-47.97552147615833,1048.3000106811523,1048.3000106811523,2096.6000213623047,0.0,6,0,1.0,0.0,1.0,0,0,1,1,0,0,6,0,0.4556282995624348,0.0,570.6648593832167,1135.0756191324083,1,19,2,2024-08-01,104.83000106811524,104.83000106811524,209.66000213623047,0.006634078616135646,0
29,6.1417241408300285,1048.3000106811523,1048.3000106811523,2096.6000213623047,0.8333333333333334,1,0,1.0,0.8333333333333334,1.0,0,0,1,1,0,0,6,0,0.4279289499189324,0.0008028590643489232,599.7020879103612,1047.45837351542,1,19,2,2024-08-01,104.83000106811524,104.83000106811524,209.66000213623047,0.00861266307944589,0
30,57.4442363523806,1064.4333432515461,1067.600009918213,2132.033353169759,1.0,0,1,1.0,1.0,1.0,1,1,1,1,1,0,6,0,0.4306948461829208,0.12789683222932088,605.9873882078493,931.0573505616819,1,19,2,2024-08-01,106.44333432515462,106.7600009918213,213.20333531697588,0.006527372330377754,0
31,130.36000175476067,1111.600009918213,1111.600009918213,2223.200019836426,1.0,0,1,1.0,1.0,1.0,1,1,1,1,1,1,5,0,0.3966933874265363,0.2649269934863564,670.6356365203857,817.1071613311768,1,19,2,2024-08-01,111.16000099182129,111.16000099182129,222.32000198364258,0.00803072776826502,0
32,122.99000091552728,1119.9000091552734,1119.9000091552734,2239.800018310547,1.0,0,1,1.0,1.0,1.0,1,1,1,1,1,1,5,0,0.3906725526160826,0.24952200232480226,682.3858139038085,840.4603164672852,1,19,2,2024-08-01,111.99000091552735,111.99000091552735,223.9800018310547,0.005237431243082738,0
33,110.3400009155273,1089.8993375142416,1103.4000091552734,2193.299346669515,1.0,0,1,1.0,1.0,1.0,1,1,1,1,1,0,6,0,0.39493696704951636,0.23496379453361696,659.4577987670898,844.1409561157227,1,19,2,2024-08-01,108.98993375142416,110.34000091552736,219.32993466695154,0.009134090004885886,0
34,127.07000160217285,1070.529343922933,1078.700008392334,2149.229352315267,1.0,0,1,1.0,1.0,1.0,1,1,1,1,1,0,6,0,0.3417057403282114,0.21346992509779913,704.7233219146729,848.4299983978271,1,19,2,2024-08-01,107.05293439229331,107.8700008392334,214.9229352315267,0.0071266172375915576,0
35,145.17000083923335,951.700008392334,951.700008392334,1903.400016784668,1.0,0,1,1.0,1.0,1.0,1,1,1,1,1,0,6,0,0.2457371852697918,0.1683591779905862,717.8319271087646,791.4725772857666,1,19,2,2024-08-01,95.17000083923341,95.17000083923341,190.34000167846682,0.010242085889112696,0
36,258.9282744085001,944.1000061035156,944.1000061035156,1888.2000122070312,1.0,0,1,1.0,1.0,1.0,1,1,1,1,1,0,6,0,0.0748771386808884,0.1909981677434254,873.4084990178751,763.7786347711874,1,19,2,2024-08-01,94.41000061035157,94.41000061035157,188.82000122070315,0.004073556901484608,0
37,131.58000068664546,1040.800006866455,1040.800006866455,2081.60001373291,1.0,0,1,1.0,1.0,1.0,1,1,1,1,1,0,6,0,0.22542342470477617,0.1674776436402566,806.1793048858642,866.4892742156983,1,19,2,2024-08-01,104.08000068664552,104.08000068664552,208.16000137329104,5.497738362856651e-10,0
38,101.07000083923333,1010.700008392334,1010.700008392334,2021.400016784668,0.5,3,0,0.0,1.0,1.0,0,0,1,0,1,3,3,0,0.33752507818081773,0.1780045799239138,669.5634090423583,830.7907779693604,1,19,2,2024-08-01,101.0700008392334,101.0700008392334,202.1400016784668,0.10926607974176115,0
39,158.12000236511233,922.200008392334,922.200008392334,1844.400016784668,0.0,6,0,0.0,1.0,1.0,0,0,1,0,1,6,0,0,0.43280645202882345,0.29883592251323243,523.0658946990967,646.6135181427002,1,19,2,2024-08-01,92.2200008392334,92.2200008392334,184.4400016784668,0.25486674980324,1
40,89.14000091552737,891.4000091552734,891.4000091552734,1782.8000183105469,0.0,6,0,0.0,1.0,1.0,0,0,1,0,1,6,0,0,0.5057538404038522,0.1691048022544664,440.57103118896487,740.6599868774414,1,19,2,2024-08-01,89.14000091552735,89.14000091552735,178.2800018310547,0.20610888227157365,1
41,86.45000038146975,855.7133344014485,864.5000038146973,1720.2133382161458,0.0,6,0,0.0,1.0,1.0,0,0,1,0,1,6,0,0,0.5723273397494032,0.2519953344289038,365.965198135376,646.650036239624,1,19,2,2024-08-01,85.57133344014485,86.45000038146974,172.02133382161458,0.21119675521939027,1
42,118.69209325926556,787.0000038146973,787.0000038146973,1574.0000076293945,0.6666666666666666,2,0,1.0,0.6666666666666666,1.0,0,0,1,1,0,0,6,0,0.5507059853634336,0.28220091538947173,353.5943912328984,564.9078823266719,1,19,2,2024-08-01,78.70000038146974,78.70000038146974,157.40000076293947,0.1600282118543716,0
43,108.8240005673623,732.0000038146973,732.0000038146973,1464.0000076293945,0.8333333333333334,1,0,1.0,0.8333333333333334,1.0,0,0,1,1,0,0,6,0,0.4049193261899586,0.2822732952642041,435.59905549900293,525.3759506045127,1,19,2,2024-08-01,73.20000038146974,73.20000038146974,146.40000076293947,0.10482129977429529,0
44,129.82500085830685,577.0000038146973,577.0000038146973,1154.0000076293945,0.16666666666666666,5,0,1.0,0.16666666666666666,1.0,0,0,1,1,0,0,6,0,0.013915407131761103,0.15972306610369838,568.970813846588,484.83979406356815,1,19,2,2024-08-01,57.70000038146973,57.70000038146973,115.40000076293946,0.23454814837912605,0
45,84.53036125763714,511.00000381469727,511.00000381469727,1022.0000076293945,0.0,6,0,1.0,0.0,1.0,0,0,1,1,0,0,6,0,0.0,0.061492919623485874,522.8750878201372,479.5771216525191,1,19,2,2024-08-01,51.10000038146973,51.10000038146973,102.20000076293945,0.2567306953960821,0
46,77.45000114440916,472.50000381469727,472.50000381469727,945.0000076293945,0.8333333333333334,1,0,1.0,0.8333333333333334,1.0,0,0,1,1,0,0,6,0,0.1119635670821291,0.14275133209429272,419.59721794128416,405.04999885559084,1,19,2,2024-08-01,47.25000038146973,47.25000038146973,94.50000076293946,0.005996157347156819,0
47,48.410000610351574,484.1000061035156,484.1000061035156,968.2000122070312,1.0,0,1,1.0,1.0,1.0,1,1,1,1,1,0,6,0,0.24248747193861128,0.11706910343315502,366.7118194580078,427.4268524169922,1,19,2,2024-08-01,48.41000061035157,48.41000061035157,96.82000122070313,0.007681563039601163,0
0,0.0,0.0,0.0,0.0,1.0,0,1,1.0,1.0,0.0,1,1,0,1,1,0,0,6,0.0,0.0,237.45449829101562,272.5,0,20,0,2024-08-01,0.0,0.0,0.0,0.0,0
1,0.0,0.0,0.0,0.0,1.0,0,1,1.0,1.0,0.0,1,1,0,1,1,0,0,6,0.0,0.0,216.52516174316406,258.5865478515625,0,20,0,2024-08-01,0.0,0.0,0.0,0.0,0
2,0.0,0.0,0.0,0.0,1.0,0,1,1.0,1.0,0.0,1,1,0,1,1,0,0,6,0.0,0.0,215.10910034179688,232.0331573486328,0,20,0,2024-08-01,0.0,0.0,0.0,0.0,0
3,0.0,0.0,0.0,0.0,1.0,0,1,1.0,1.0,0.0,1,1,0,1,1,0,0,6,0.0,0.0,198.18507385253906,203.29998779296875,0,20,0,2024-08-01,0.0,0.0,0.0,0.0,0
4,0.0,0.0,0.0,0.0,1.0,0,1,1.0,1.0,0.0,1,1,0,1,1,0,0,6,0.0,0.0,202.9600067138672,203.29998779296875,0,20,0,2024-08-01,0.0,0.0,0.0,0.0,0
5,0.0,0.0,0.0,0.0,1.0,0,1,1.0,1.0,0.0,1,1,0,1,1,0,0,6,0.0,0.0,212.6090545654297,203.29998779296875,0,20,0,2024-08-01,0.0,0.0,0.0,0.0,0
6,0.0,0.0,0.0,0.0,1.0,0,1,1.0,1.0,0.0,1,1,0,1,1,0,0,6,0.0,0.0,220.10191345214844,203.29998779296875,0,20,0,2024-08-01,0.0,0.0,0.0,0.0,0
7,0.0,0.0,0.0,0.0,1.0,0,1,1.0,1.0,0.0,1,1,0,1,1,0,0,6,0.0,0.0,192.7516632080078,188.1920623779297,0,20,0,2024-08-01,0.0,0.0,0.0,0.0,0
8,0.0,0.0,0.0,0.0,1.0,0,1,1.0,1.0,0.0,1,1,0,1,1,0,0,6,0.0,0.0,194.68014526367188,184.09999084472656,0,20,0,2024-08-01,0.0,0.0,0.0,0.0,0
9,0.0,0.0,0.0,0.0,1.0,0,1,1.0,1.0,0.0,1,1,0,1,1,0,0,6,0.0,0.0,176.27166748046875,182.94532775878906,0,20,0,2024-08-01,0.0,0.0,0.0,0.0,0
10,0.0,0.0,0.0,0.0,1.0,0,1,1.0,1.0,0.0,1,1,0,1,1,0,0,6,0.0,0.0,178.81690979003906,181.82388305664062,0,20,0,2024-08-01,0.0,0.0,0.0,0.0,0
11,0.0,0.0,0.0,0.0,1.0,0,1,1.0,1.0,0.0,1,1,0,1,1,0,0,6,0.0,0.0,217.0718536376953,218.48776245117188,0,20,0,2024-08-01,0.0,0.0,0.0,0.0,0
12,0.0,0.0,0.0,0.0,1.0,0,1,1.0,1.0,0.0,1,1,0,1,1,0,0,6,0.0,0.0,215.23292541503906,210.66737365722656,0,20,0,2024-08-01,0.0,0.0,0.0,0.0,0
13,0.0,0.0,0.0,0.0,1.0,0,1,1.0,1.0,0.0,1,1,0,1,1,0,0,6,0.0,0.0,230.090087890625,235.05662536621094,0,20,0,2024-08-01,0.0,0.0,0.0,0.0,0
14,0.0,0.0,0.0,0.0,1.0,0,1,1.0,1.0,0.0,1,1,0,1,1,0,0,6,0.0,0.0,309.7603454589844,304.4241027832031,0,20,0,2024-08-01,0.0,0.0,0.0,0.0,0
15,0.0,0.0,0.0,0.0,1.0,0,1,1.0,1.0,0.0,1,1,0,1,1,0,0,6,0.0,0.0,380.19000244140625,371.8944396972656,0,20,0,2024-08-01,0.0,0.0,0.0,0.0,0
16,0.0,0.0,0.0,0.0,1.0,0,1,1.0,1.0,0.0,1,1,0,1,1,0,0,6,0.0,0.0,439.3469543457031,437.32635498046875,0,20,0,2024-08-01,0.0,0.0,0.0,0.0,0
17,0.0,0.0,0.0,0.0,1.0,0,1,1.0,1.0,0.0,1,1,0,1,1,0,0,6,0.0,0.0,438.998046875,430.0440673828125,0,20,0,2024-08-01,0.0,0.0,0.0,0.0,0
18,-61.56857641737918,284.00000381469727,303.2000045776367,587.200008392334,1.0,0,1,1.0,1.0,1.0,1,1,1,1,1,0,6,0,0.0,0.0,404.2222561021521,551.7301364759729,1,20,0,2024-08-01,28.400000381469727,30.320000457763673,58.7200008392334,0.051936318496035055,0
19,-37.406810565043145,408.2000045776367,408.2000045776367,816.4000091552734,1.0,0,1,1.0,1.0,1.0,1,1,1,1,1,0,6,0,0.107690873952392,0.0,364.2405893373006,517.3878896666056,1,20,0,2024-08-01,40.820000457763676,40.820000457763676,81.64000091552735,0.06148018333096248,0
20,-53.51000061035154,535.1000061035156,535.1000061035156,1070.2000122070312,1.0,0,1,1.0,1.0,1.0,1,1,1,1,1,2,4,0,0.5148700162773722,0.08669406233787007,259.5930572509766,488.7100128173828,1,20,0,2024-08-01,53.51000061035157,53.51000061035157,107.02000122070314,0.030782164444328096,0
21,-73.65500061035152,586.0500061035157,601.1000061035156,1187.1500122070313,1.0,0,1,1.0,1.0,1.0,1,1,1,1,1,0,6,0,0.4748316221740465,0.0024039352495286094,307.7749310302735,599.6550006103515,1,20,0,2024-08-01,58.60500061035157,60.11000061035156,118.71500122070313,0.01630098753800403,0
22,-144.36359073626033,563.4500076293946,578.5000076293945,1141.950015258789,1.0,0,1,1.0,1.0,1.0,1,1,1,1,1,5,1,0,0.35599733331484856,0.0,362.86330745709904,857.7636151503228,1,20,0,2024-08-01,56.34500076293946,57.85000076293946,114.19500152587892,0.0003044472562089601,0
23,-82.8700008392334,608.700008392334,608.700008392334,1217.400016784668,1.0,0,1,1.0,1.0,1.0,1,1,1,1,1,4,2,0,0.28234450087456964,0.0,436.8369083404541,844.3871517181396,1,20,0,2024-08-01,60.8700008392334,60.8700008392334,121.7400016784668,0.0002157656123523326,0
24,-65.82000083923333,658.200008392334,658.200008392334,1316.400016784668,1.0,0,1,1.0,1.0,1.0,1,1,1,1,1,1,5,0,0.24052208020295987,0.0,499.88837318420417,911.9535457611083,1,20,0,2024-08-01,65.8200008392334,65.8200008392334,131.6400016784668,0.044797604473696656,0
25,-73.57000083923333,735.700008392334,735.700008392334,1471.400016784668,0.8333333333333334,1,0,1.0,0.8333333333333334,1.0,0,0,1,1,0,0,6,0,0.15618593754101912,0.0,620.7940128326417,1051.766228866577,1,20,0,2024-08-01,73.5700008392334,73.5700008392334,147.1400016784668,0.06444410577505696,0
26,-172.25937974309394,835.700008392334,835.700008392334,1671.400016784668,1.0,0,1,1.0,1.0,1.0,1,1,1,1,1,0,6,0,0.2971022677207539,0.0,587.4116407647185,1217.4488328680939,1,20,0,2024-08-01,83.5700008392334,83.5700008392334,167.1400016784668,0.23605228714403023,0
27,-15.97193657919371,816.5000076293945,816.5000076293945,1633.000015258789,1.0,0,1,1.0,1.0,1.0,1,1,1,1,1,0,6,0,0.0,0.0,827.9958368583063,1107.8719609932562,1,20,0,2024-08-01,81.65000076293946,81.65000076293946,163.3000015258789,0.26154466999231685,0
28,-47.97552147615833,1048.3000106811523,1048.3000106811523,2096.6000213623047,1.0,0,1,1.0,1.0,1.0,1,1,1,1,1,0,6,0,0.2067221256923997,0.0,831.5932041097792,1170.0754970620958,1,20,0,2024-08-01,104.83000106811524,104.83000106811524,209.66000213623047,0.03418623935609419,0
29,6.1417241408300285,1048.3000106811523,1048.3000106811523,2096.6000213623047,1.0,0,1,1.0,1.0,1.0,1,1,1,1,1,1,5,0,0.1694679765786479,0.0,870.6467290236425,1126.9582514451074,1,20,0,2024-08-01,104.83000106811524,104.83000106811524,209.66000213623047,0.008560846181498088,0
30,57.4442363523806,1064.4333432515461,1067.600009918213,2132.033353169759,0.16666666666666666,5,0,0.16666666666666666,1.0,1.0,0,0,1,0,1,6,0,0,0.24777992167092652,0.0025704359469598584,800.6881328367556,1064.8558124757444,1,20,0,2024-08-01,106.44333432515462,106.7600009918213,213.20333531697588,0.0772279515089922,0
31,130.36000175476067,1111.600009918213,1111.600009918213,2223.200019836426,0.3333333333333333,4,0,0.3333333333333333,1.0,1.0,0,0,1,0,1,6,0,0,0.2537184802791187,0.10521771377240184,829.5665447235107,994.6399982452393,1,20,0,2024-08-01,111.16000099182129,111.16000099182129,222.32000198364258,0.08249581717384721,0
32,122.99000091552728,1119.9000091552734,1119.9000091552734,2239.800018310547,1.0,0,1,1.0,1.0,1.0,1,1,1,1,1,3,3,0,0.3116476948240033,0.16274874813279439,770.8857528686523,937.6376846313477,1,20,0,2024-08-01,111.99000091552735,111.99000091552735,223.9800018310547,0.0038559899098788595,0
33,110.3400009155273,1089.8993375142416,1103.4000091552734,2193.299346669515,1.0,0,1,1.0,1.0,1.0,1,1,1,1,1,0,6,0,0.37163741619651786,0.22065582424198393,684.8519638061523,859.928370666504,1,20,0,2024-08-01,108.98993375142416,110.34000091552736,219.32993466695154,0.059912087195404536,0
34,127.07000160217285,1070.529343922933,1078.700008392334,2149.229352315267,1.0,0,1,1.0,1.0,1.0,1,1,1,1,1,0,6,0,0.30251124038958277,0.21008733152910566,746.6821842193604,852.0788021087646,1,20,0,2024-08-01,107.05293439229331,107.8700008392334,214.9229352315267,0.1989389853421792,0
35,145.17000083923335,951.700008392334,951.700008392334,1903.400016784668,1.0,0,1,1.0,1.0,1.0,1,1,1,1,1,0,6,0,0.07956706589461988,0.19864113205527437,875.9760311126709,762.6532413482666,1,20,0,2024-08-01,95.17000083923341,95.17000083923341,190.34000167846682,0.12334722016201273,0
36,258.9282744085001,944.1000061035156,944.1000061035156,1888.2000122070312,1.0,0,1,1.0,1.0,1.0,1,1,1,1,1,0,6,0,0.0,0.368505158001365,972.2832548772501,596.1942841852499,1,20,0,2024-08-01,94.41000061035157,94.41000061035157,188.82000122070315,0.07441473422100343,0
37,131.58000068664546,1040.800006866455,1040.800006866455,2081.60001373291,1.0,0,1,1.0,1.0,1.0,1,1,1,1,1,0,6,0,0.18260023750155485,0.33443506674072676,850.7496784210205,692.7199871063233,1,20,0,2024-08-01,104.08000068664552,104.08000068664552,208.16000137329104,0.06314693046905868,0
38,101.07000083923333,1010.700008392334,1010.700008392334,2021.400016784668,0.5,3,0,0.5,1.0,1.0,0,0,1,0,1,6,0,0,0.19215198265576783,0.28442665385534294,816.4919979095458,723.2299869537354,1,20,0,2024-08-01,101.0700008392334,101.0700008392334,202.1400016784668,0.07576417037577433,0
39,158.12000236511233,922.200008392334,922.200008392334,1844.400016784668,0.8333333333333334,1,0,0.8333333333333334,1.0,1.0,0,0,1,0,1,6,0,0,0.15236278445745746,0.2912300234756931,781.6910472869873,653.6276782989502,1,20,0,2024-08-01,92.2200008392334,92.2200008392334,184.4400016784668,0.06614786458144585,0
40,89.14000091552737,891.4000091552734,891.4000091552734,1782.8000183105469,1.0,0,1,1.0,1.0,1.0,1,1,1,1,1,3,3,0,0.3502855425405842,0.3300875244063165,579.1554733276367,597.1599868774414,1,20,0,2024-08-01,89.14000091552735,89.14000091552735,178.2800018310547,0.00836241487206859,0
41,86.45000038146975,855.7133344014485,864.5000038146973,1720.2133382161458,1.0,0,1,1.0,1.0,1.0,1,1,1,1,1,1,5,0,0.3338759655511293,0.2993069350370826,570.0112186431885,605.749157333374,1,20,0,2024-08-01,85.57133344014485,86.45000038146974,172.02133382161458,0.0026435228690118696,0
42,118.69209325926556,787.0000038146973,787.0000038146973,1574.0000076293945,0.6666666666666666,2,0,0.6666666666666666,1.0,1.0,0,0,1,0,1,6,0,0,0.36773462810253865,0.32845237938860095,497.59285009520306,528.5079799829219,1,20,0,2024-08-01,78.70000038146974,78.70000038146974,157.40000076293947,0.1799181394941062,0
43,108.8240005673623,732.0000038146973,732.0000038146973,1464.0000076293945,0.5,3,0,0.5,1.0,1.0,0,0,1,0,1,6,0,0,0.47226720154872837,0.22243716329717095,386.3004104794717,569.1759994326377,1,20,0,2024-08-01,73.20000038146974,73.20000038146974,146.40000076293947,0.21300812422134244,0
44,129.82500085830685,577.0000038146973,577.0000038146973,1154.0000076293945,0.8333333333333334,1,0,1.0,0.8333333333333334,1.0,0,0,1,1,0,0,6,0,0.35099392911759664,0.08323215862629735,374.4765053749084,528.9750479698182,1,20,0,2024-08-01,57.70000038146973,57.70000038146973,115.40000076293946,0.16908815529410773,0
45,84.53036125763714,511.00000381469727,511.00000381469727,1022.0000076293945,1.0,0,1,1.0,1.0,1.0,1,1,1,1,1,0,6,0,0.10318788857126017,0.0,458.27099236115276,560.3787573947066,1,20,0,2024-08-01,51.10000038146973,51.10000038146973,102.20000076293945,0.14179187195446646,0
46,77.45000114440916,472.50000381469727,472.50000381469727,945.0000076293945,1.0,0,1,1.0,1.0,1.0,1,1,1,1,1,0,6,0,0.0,0.0,479.2787975311279,562.1601673126221,1,20,0,2024-08-01,47.25000038146973,47.25000038146973,94.50000076293946,0.04045120112409751,0
47,48.410000610351574,484.1000061035156,484.1000061035156,968.2000122070312,1.0,0,1,1.0,1.0,1.0,1,1,1,1,1,0,6,0,0.13059159909900964,0.0,420.8806121826172,550.9627410888672,1,20,0,2024-08-01,48.41000061035157,48.41000061035157,96.82000122070313,0.035061078863090255,0
0,0.0,0.0,0.0,0.0,1.0,0,1,1.0,1.0,0.0,1,1,0,1,1,0,0,6,0.0,0.0,154.39999389648438,154.39999389648438,0,20,1,2024-08-01,0.0,0.0,0.0,0.0,0
1,0.0,0.0,0.0,0.0,1.0,0,1,1.0,1.0,0.0,1,1,0,1,1,0,0,6,0.0,0.0,173.59999084472656,173.59999084472656,0,20,1,2024-08-01,0.0,0.0,0.0,0.0,0
2,0.0,0.0,0.0,0.0,1.0,0,1,1.0,1.0,0.0,1,1,0,1,1,0,0,6,0.0,0.0,173.59999084472656,170.58926391601562,0,20,1,2024-08-01,0.0,0.0,0.0,0.0,0
3,0.0,0.0,0.0,0.0,1.0,0,1,1.0,1.0,0.0,1,1,0,1,1,0,0,6,0.0,0.0,223.59999084472656,201.11451721191406,0,20,1,2024-08-01,0.0,0.0,0.0,0.0,0
4,0.0,0.0,0.0,0.0,1.0,0,1,1.0,1.0,0.0,1,1,0,1,1,0,0,6,0.0,0.0,223.59999084472656,189.1798553466797,0,20,1,2024-08-01,0.0,0.0,0.0,0.0,0
5,0.0,0.0,0.0,0.0,1.0,0,1,1.0,1.0,0.0,1,1,0,1,1,0,0,6,0.0,0.0,223.59999084472656,173.59999084472656,0,20,1,2024-08-01,0.0,0.0,0.0,0.0,0
6,0.0,0.0,0.0,0.0,1.0,0,1,1.0,1.0,0.0,1,1,0,1,1,0,0,6,0.0,0.0,223.59999084472656,173.59999084472656,0,20,1,2024-08-01,0.0,0.0,0.0,0.0,0
7,0.0,0.0,0.0,0.0,1.0,0,1,1.0,1.0,0.0,1,1,0,1,1,0,0,6,0.0,0.0,223.59999084472656,173.59999084472656,0,20,1,2024-08-01,0.0,0.0,0.0,0.0,0
8,0.0,0.0,0.0,0.0,1.0,0,1,1.0,1.0,0.0,1,1,0,1,1,0,0,6,0.0,0.0,223.59999084472656,172.8467559814453,0,20,1,2024-08-01,0.0,0.0,0.0,0.0,0
9,0.0,0.0,0.0,0.0,1.0,0,1,1.0,1.0,0.0,1,1,0,1,1,0,0,6,0.0,0.0,223.59999084472656,162.9430694580078,0,20,1,2024-08-01,0.0,0.0,0.0,0.0,0
10,0.0,0.0,0.0,0.0,1.0,0,1,1.0,1.0,0.0,1,1,0,1,1,0,0,6,0.0,0.0,173.59999084472656,98.20547485351562,0,20,1,2024-08-01,0.0,0.0,0.0,0.0,0
11,0.0,0.0,0.0,0.0,1.0,0,1,1.0,1.0,0.0,1,1,0,1,1,0,0,6,0.0,0.0,173.59999084472656,94.59185791015625,0,20,1,2024-08-01,0.0,0.0,0.0,0.0,0
12,0.0,0.0,0.0,0.0,1.0,0,1,1.0,1.0,0.0,1,1,0,1,1,0,0,6,0.0,0.0,228.59999084472656,148.39999389648438,0,20,1,2024-08-01,0.0,0.0,0.0,0.0,0
13,0.0,0.0,0.0,0.0,1.0,0,1,1.0,1.0,0.0,1,1,0,1,1,0,0,6,0.0,0.0,228.59999084472656,148.39999389648438,0,20,1,2024-08-01,0.0,0.0,0.0,0.0,0
14,0.0,0.0,0.0,0.0,1.0,0,1,1.0,1.0,0.0,1,1,0,1,1,0,0,6,0.0,0.0,360.6000061035156,280.8999938964844,0,20,1,2024-08-01,0.0,0.0,0.0,0.0,0
15,0.0,0.0,0.0,0.0,1.0,0,1,1.0,1.0,0.0,1,1,0,1,1,0,0,6,0.0,0.0,393.8773498535156,343.87945556640625,0,20,1,2024-08-01,0.0,0.0,0.0,0.0,0
16,0.0,0.0,0.0,0.0,1.0,0,1,1.0,1.0,0.0,1,1,0,1,1,0,0,6,0.0,0.0,479.3447570800781,426.4955139160156,0,20,1,2024-08-01,0.0,0.0,0.0,0.0,0
17,0.0,0.0,0.0,0.0,1.0,0,1,1.0,1.0,0.0,1,1,0,1,1,0,0,6,0.0,0.0,517.2481689453125,460.4097595214844,0,20,1,2024-08-01,0.0,0.0,0.0,0.0,0
18,-61.56857641737918,284.00000381469727,303.2000045776367,587.200008392334,1.0,0,1,1.0,1.0,1.0,1,1,1,1,1,0,6,0,0.0,0.0,475.1615871568396,509.5922885755823,1,20,1,2024-08-01,28.400000381469727,30.320000457763673,58.7200008392334,0.051936318496035055,0
19,-37.406810565043145,408.2000045776367,408.2000045776367,816.4000091552734,1.0,0,1,1.0,1.0,1.0,1,1,1,1,1,0,6,0,0.0,0.0,549.7448007630819,587.8437002134806,1,20,1,2024-08-01,40.820000457763676,40.820000457763676,81.64000091552735,0.06148018333096248,0
20,-53.51000061035154,535.1000061035156,535.1000061035156,1070.2000122070312,1.0,0,1,1.0,1.0,1.0,1,1,1,1,1,2,4,0,0.03827310888113978,0.0,514.6200653076172,740.003042602539,1,20,1,2024-08-01,53.51000061035157,53.51000061035157,107.02000122070314,0.030782164444328096,0
21,-73.65500061035152,586.0500061035157,601.1000061035156,1187.1500122070313,1.0,0,1,1.0,1.0,1.0,1,1,1,1,1,0,6,0,0.1648694714690876,0.0,489.4282513427735,825.1506060791015,1,20,1,2024-08-01,58.60500061035157,60.11000061035156,118.71500122070313,0.01630098753800403,0
22,-144.36359073626033,563.4500076293946,578.5000076293945,1141.950015258789,1.0,0,1,1.0,1.0,1.0,1,1,1,1,1,5,1,0,0.26048671218362146,0.0,416.67876766217717,1008.1591229628228,1,20,1,2024-08-01,56.34500076293946,57.85000076293946,114.19500152587892,0.0003044472562089601,0
23,-82.8700008392334,608.700008392334,608.700008392334,1217.400016784668,1.0,0,1,1.0,1.0,1.0,1,1,1,1,1,4,2,0,0.39625272585246374,0.0,367.5009708404541,963.5042781829834,1,20,1,2024-08-01,60.8700008392334,60.8700008392334,121.7400016784668,0.0002157656123523326,0
24,-65.82000083923333,658.200008392334,658.200008392334,1316.400016784668,1.0,0,1,1.0,1.0,1.0,1,1,1,1,1,1,5,0,0.43052576177408286,0.0,374.82794837951667,943.8993465423583,1,20,1,2024-08-01,65.8200008392334,65.8200008392334,131.6400016784668,0.044797604473696656,0
25,-73.57000083923333,735.700008392334,735.700008392334,1471.400016784668,0.3333333333333333,4,0,1.0,0.3333333333333333,1.0,0,0,1,1,0,0,6,0,0.39906114011805993,0.0,442.1107242584229,1053.9699642181395,1,20,1,2024-08-01,73.5700008392334,73.5700008392334,147.1400016784668,0.06444410577505696,0
26,-172.25937974309394,835.700008392334,835.700008392334,1671.400016784668,0.16666666666666666,5,0,1.0,0.16666666666666666,1.0,0,0,1,1,0,0,6,0,0.5793231452816033,0.0,351.5596510186248,1086.659343122,1,20,1,2024-08-01,83.5700008392334,83.5700008392334,167.1400016784668,0.23605228714403023,0
27,-15.97193657919371,816.5000076293945,816.5000076293945,1633.000015258789,1.0,0,1,1.0,1.0,1.0,1,1,1,1,1,0,6,0,0.43514756974080004,0.0,461.2020136161188,830.3719609932562,1,20,1,2024-08-01,81.65000076293946,81.65000076293946,163.3000015258789,0.26154466999231685,0
28,-47.97552147615833,1048.3000106811523,1048.3000106811523,2096.6000213623047,1.0,0,1,1.0,1.0,1.0,1,1,1,1,1,0,6,0,0.5721039350370273,0.2507150124603883,448.5634494711073,785.475460441002,1,20,1,2024-08-01,104.83000106811524,104.83000106811524,209.66000213623047,0.03418623935609419,0
29,6.1417241408300285,1048.3000106811523,1048.3000106811523,2096.6000213623047,1.0,0,1,1.0,1.0,1.0,1,1,1,1,1,1,5,0,0.5470799897970995,0.31016102714041077,474.79605153340816,723.1582026169825,1,20,1,2024-08-01,104.83000106811524,104.83000106811524,209.66000213623047,0.008560846181498088,0
30,57.4442363523806,1064.4333432515461,1067.600009918213,2132.033353169759,0.6666666666666666,2,0,0.6666666666666666,1.0,1.0,0,0,1,0,1,6,0,0,0.4875501458984905,0.2869707643811002,545.4687114500368,761.2300190187132,1,20,1,2024-08-01,106.44333432515462,106.7600009918213,213.20333531697588,0.0772279515089922,0
31,130.36000175476067,1111.600009918213,1111.600009918213,2223.200019836426,1.0,0,1,1.0,1.0,1.0,1,1,1,1,1,6,0,0,0.510571749779211,0.3114969929935274,544.0484477996825,765.3399494171143,1,20,1,2024-08-01,111.16000099182129,111.16000099182129,222.32000198364258,0.08249581717384721,0
32,122.99000091552728,1119.9000091552734,1119.9000091552734,2239.800018310547,1.0,0,1,1.0,1.0,1.0,1,1,1,1,1,3,3,0,0.5222214619396768,0.2366622726968081,535.0641891479492,854.8619277954102,1,20,1,2024-08-01,111.99000091552735,111.99000091552735,223.9800018310547,0.0038559899098788595,0
33,110.3400009155273,1089.8993375142416,1103.4000091552734,2193.299346669515,1.0,0,1,1.0,1.0,1.0,1,1,1,1,1,0,6,0,0.43467805161340645,0.17640091108549905,616.1440170288085,908.7592422485352,1,20,1,2024-08-01,108.98993375142416,110.34000091552736,219.32993466695154,0.059912087195404536,0
34,127.07000160217285,1070.529343922933,1078.700008392334,2149.229352315267,1.0,0,1,1.0,1.0,1.0,1,1,1,1,1,0,6,0,0.3162666082232027,0.21346222992658803,731.9566593170166,848.4382991790771,1,20,1,2024-08-01,107.05293439229331,107.8700008392334,214.9229352315267,0.1989389853421792,0
35,145.17000083923335,951.700008392334,951.700008392334,1903.400016784668,1.0,0,1,1.0,1.0,1.0,1,1,1,1,1,0,6,0,0.05680390933475176,0.11893000111546921,897.6397274017334,838.5143253326416,1,20,1,2024-08-01,95.17000083923341,95.17000083923341,190.34000167846682,0.12334722016201273,0
36,258.9282744085001,944.1000061035156,944.1000061035156,1888.2000122070312,1.0,0,1,1.0,1.0,1.0,1,1,1,1,1,0,6,0,0.0,0.22411289143554225,1074.9940092717814,732.5150239313436,1,20,1,2024-08-01,94.41000061035157,94.41000061035157,188.82000122070315,0.07441473422100343,0
37,131.58000068664546,1040.800006866455,1040.800006866455,2081.60001373291,1.0,0,1,1.0,1.0,1.0,1,1,1,1,1,0,6,0,0.0680012199994065,0.18283700455854485,970.0243366241455,850.5032512664795,1,20,1,2024-08-01,104.08000068664552,104.08000068664552,208.16000137329104,0.06314693046905868,0
38,101.07000083923333,1010.700008392334,1010.700008392334,2021.400016784668,1.0,0,1,1.0,1.0,1.0,1,1,1,1,1,6,0,0,0.15579792933916334,0.1654228954595225,853.2350399017333,843.5070865631104,1,20,1,2024-08-01,101.0700008392334,101.0700008392334,202.1400016784668,0.07576417037577433,0
39,158.12000236511233,922.200008392334,922.200008392334,1844.400016784668,1.0,0,1,1.0,1.0,1.0,1,1,1,1,1,6,0,0,0.0,0.09360815669134856,928.6256786346436,835.8745655059814,1,20,1,2024-08-01,92.2200008392334,92.2200008392334,184.4400016784668,0.06614786458144585,0
40,89.14000091552737,891.4000091552734,891.4000091552734,1782.8000183105469,1.0,0,1,1.0,1.0,1.0,1,1,1,1,1,3,3,0,0.10879177386604934,0.017993082054710813,794.4230209350586,875.3609756469726,1,20,1,2024-08-01,89.14000091552735,89.14000091552735,178.2800018310547,0.00836241487206859,0
41,86.45000038146975,855.7133344014485,864.5000038146973,1720.2133382161458,1.0,0,1,1.0,1.0,1.0,1,1,1,1,1,1,5,0,0.17734858595658498,0.106514774821069,703.9537845611572,772.4179805755615,1,20,1,2024-08-01,85.57133344014485,86.45000038146974,172.02133382161458,0.0026435228690118696,0
42,118.69209325926556,787.0000038146973,787.0000038146973,1574.0000076293945,0.6666666666666666,2,0,0.6666666666666666,1.0,1.0,0,0,1,0,1,6,0,0,0.06412172058435738,0.0625715293679989,736.5362094702031,737.7562099633907,1,20,1,2024-08-01,78.70000038146974,78.70000038146974,157.40000076293947,0.1799181394941062,0
43,108.8240005673623,732.0000038146973,732.0000038146973,1464.0000076293945,0.3333333333333333,4,0,0.3333333333333333,1.0,1.0,0,0,1,0,1,6,0,0,0.04326013738084615,0.0,700.3335830868936,800.5558822451377,1,20,1,2024-08-01,73.20000038146974,73.20000038146974,146.40000076293947,0.21300812422134244,0
44,129.82500085830685,577.0000038146973,577.0000038146973,1154.0000076293945,1.0,0,1,1.0,1.0,1.0,1,1,1,1,1,0,6,0,0.0,0.0,713.1323128700255,725.4134024620057,1,20,1,2024-08-01,57.70000038146973,57.70000038146973,115.40000076293946,0.16908815529410773,0
45,84.53036125763714,511.00000381469727,511.00000381469727,1022.0000076293945,1.0,0,1,1.0,1.0,1.0,1,1,1,1,1,0,6,0,0.0,0.0,751.5900536404497,692.166477121269,1,20,1,2024-08-01,51.10000038146973,51.10000038146973,102.20000076293945,0.14179187195446646,0
46,77.45000114440916,472.50000381469727,472.50000381469727,945.0000076293945,1.0,0,1,1.0,1.0,1.0,1,1,1,1,1,0,6,0,0.0,0.0,676.1138195037842,686.9737049102783,1,20,1,2024-08-01,47.25000038146973,47.25000038146973,94.50000076293946,0.04045120112409751,0
47,48.410000610351574,484.1000061035156,484.1000061035156,968.2000122070312,0.0,6,0,1.0,0.0,1.0,0,0,1,1,0,0,6,0,0.0,0.0,594.1804473876953,660.9837371826172,1,20,1,2024-08-01,48.41000061035157,48.41000061035157,96.82000122070313,0.035061078863090255,0
0,0.0,0.0,0.0,0.0,1.0,0,1,1.0,1.0,0.0,1,1,0,1,1,0,0,6,0.0,0.0,20.5,49.5,0,20,2,2024-08-01,0.0,0.0,0.0,0.0,0
1,0.0,0.0,0.0,0.0,1.0,0,1,1.0,1.0,0.0,1,1,0,1,1,0,0,6,0.0,0.0,22.0,49.5,0,20,2,2024-08-01,0.0,0.0,0.0,0.0,0
2,0.0,0.0,0.0,0.0,1.0,0,1,1.0,1.0,0.0,1,1,0,1,1,0,0,6,0.0,0.0,22.0,49.5,0,20,2,2024-08-01,0.0,0.0,0.0,0.0,0
3,0.0,0.0,0.0,0.0,1.0,0,1,1.0,1.0,0.0,1,1,0,1,1,0,0,6,0.0,0.0,22.0,49.5,0,20,2,2024-08-01,0.0,0.0,0.0,0.0,0
4,0.0,0.0,0.0,0.0,1.0,0,1,1.0,1.0,0.0,1,1,0,1,1,0,0,6,0.0,0.0,25.461719512939453,49.5,0,20,2,2024-08-01,0.0,0.0,0.0,0.0,0
5,0.0,0.0,0.0,0.0,1.0,0,1,1.0,1.0,0.0,1,1,0,1,1,0,0,6,0.0,0.0,40.23516082763672,49.5,0,20,2,2024-08-01,0.0,0.0,0.0,0.0,0
6,0.0,0.0,0.0,0.0,1.0,0,1,1.0,1.0,0.0,1,1,0,1,1,0,0,6,0.0,0.0,49.5,49.5,0,20,2,2024-08-01,0.0,0.0,0.0,0.0,0
7,0.0,0.0,0.0,0.0,1.0,0,1,1.0,1.0,0.0,1,1,0,1,1,0,0,6,0.0,0.0,49.5,49.5,0,20,2,2024-08-01,0.0,0.0,0.0,0.0,0
8,0.0,0.0,0.0,0.0,1.0,0,1,1.0,1.0,0.0,1,1,0,1,1,0,0,6,0.0,0.0,49.5,49.5,0,20,2,2024-08-01,0.0,0.0,0.0,0.0,0
9,0.0,0.0,0.0,0.0,1.0,0,1,1.0,1.0,0.0,1,1,0,1,1,0,0,6,0.0,0.0,49.5,49.5,0,20,2,2024-08-01,0.0,0.0,0.0,0.0,0
10,0.0,0.0,0.0,0.0,1.0,0,1,1.0,1.0,0.0,1,1,0,1,1,0,0,6,0.0,0.0,49.5,49.5,0,20,2,2024-08-01,0.0,0.0,0.0,0.0,0
11,0.0,0.0,0.0,0.0,1.0,0,1,1.0,1.0,0.0,1,1,0,1,1,0,0,6,0.0,0.0,49.5,49.5,0,20,2,2024-08-01,0.0,0.0,0.0,0.0,0
12,0.0,0.0,0.0,0.0,1.0,0,1,1.0,1.0,0.0,1,1,0,1,1,0,0,6,0.0,0.0,99.5,99.5,0,20,2,2024-08-01,0.0,0.0,0.0,0.0,0
13,0.0,0.0,0.0,0.0,1.0,0,1,1.0,1.0,0.0,1,1,0,1,1,0,0,6,0.0,0.0,164.81072998046875,164.77154541015625,0,20,2,2024-08-01,0.0,0.0,0.0,0.0,0
14,0.0,0.0,0.0,0.0,1.0,0,1,1.0,1.0,0.0,1,1,0,1,1,0,0,6,0.0,0.0,265.9775085449219,257.2160949707031,0,20,2,2024-08-01,0.0,0.0,0.0,0.0,0
15,0.0,0.0,0.0,0.0,1.0,0,1,1.0,1.0,0.0,1,1,0,1,1,0,0,6,0.0,0.0,296.9994812011719,286.29998779296875,0,20,2,2024-08-01,0.0,0.0,0.0,0.0,0
16,0.0,0.0,0.0,0.0,1.0,0,1,1.0,1.0,0.0,1,1,0,1,1,0,0,6,0.0,0.0,291.984619140625,286.29998779296875,0,20,2,2024-08-01,0.0,0.0,0.0,0.0,0
17,0.0,0.0,0.0,0.0,1.0,0,1,1.0,1.0,0.0,1,1,0,1,1,0,0,6,0.0,0.0,275.099365234375,323.3764343261719,0,20,2,2024-08-01,0.0,0.0,0.0,0.0,0
18,-61.56857641737918,284.00000381469727,303.2000045776367,587.200008392334,1.0,0,1,1.0,1.0,1.0,1,1,1,1,1,0,6,0,0.0,0.0,337.2274440904333,514.6600070814417,1,20,2,2024-08-01,28.400000381469727,30.320000457763673,58.7200008392334,0.051936318496035055,0
19,-37.406810565043145,408.2000045776367,408.2000045776367,816.4000091552734,1.0,0,1,1.0,1.0,1.0,1,1,1,1,1,0,6,0,0.0,0.0,645.6725961732382,809.4021718931681,1,20,2,2024-08-01,40.820000457763676,40.820000457763676,81.64000091552735,0.06148018333096248,0
20,-53.51000061035154,535.1000061035156,535.1000061035156,1070.2000122070312,1.0,0,1,1.0,1.0,1.0,1,1,1,1,1,2,4,0,0.0,0.0,674.7837615966797,918.533560180664,1,20,2,2024-08-01,53.51000061035157,53.51000061035157,107.02000122070314,0.030782164444328096,0
21,-73.65500061035152,586.0500061035157,601.1000061035156,1187.1500122070313,1.0,0,1,1.0,1.0,1.0,1,1,1,1,1,0,6,0,0.06754899134835912,0.0,546.4629193115235,939.2438677978515,1,20,2,2024-08-01,58.60500061035157,60.11000061035156,118.71500122070313,0.01630098753800403,0
22,-144.36359073626033,563.4500076293946,578.5000076293945,1141.950015258789,1.0,0,1,1.0,1.0,1.0,1,1,1,1,1,5,1,0,0.32712124327315933,0.0,379.1335406113959,974.2282147596978,1,20,2,2024-08-01,56.34500076293946,57.85000076293946,114.19500152587892,0.0003044472562089601,0
23,-82.8700008392334,608.700008392334,608.700008392334,1217.400016784668,1.0,0,1,1.0,1.0,1.0,1,1,1,1,1,4,2,0,0.3238436436644143,0.0,411.576379776001,935.6700496673584,1,20,2,2024-08-01,60.8700008392334,60.8700008392334,121.7400016784668,0.0002157656123523326,0
24,-65.82000083923333,658.200008392334,658.200008392334,1316.400016784668,1.0,0,1,1.0,1.0,1.0,1,1,1,1,1,1,5,0,0.2588558094468443,0.0,487.82111244201667,1018.1200496673583,1,20,2,2024-08-01,65.8200008392334,65.8200008392334,131.6400016784668,0.044797604473696656,0
25,-73.57000083923333,735.700008392334,735.700008392334,1471.400016784668,0.6666666666666666,2,0,1.0,0.6666666666666666,1.0,0,0,1,1,0,0,6,0,0.2728731752446133,0.0,534.9472110748292,1097.8700496673582,1,20,2,2024-08-01,73.5700008392334,73.5700008392334,147.1400016784668,0.06444410577505696,0
26,-172.25937974309394,835.700008392334,835.700008392334,1671.400016784668,1.0,0,1,1.0,1.0,1.0,1,1,1,1,1,0,6,0,0.464050983249844,0.0,447.8925977959685,1226.7593797430939,1,20,2,2024-08-01,83.5700008392334,83.5700008392334,167.1400016784668,0.23605228714403023,0
27,-15.97193657919371,816.5000076293945,816.5000076293945,1633.000015258789,1.0,0,1,1.0,1.0,1.0,1,1,1,1,1,0,6,0,0.14649292034062877,0.0,696.8885370536188,1146.7061895088812,1,20,2,2024-08-01,81.65000076293946,81.65000076293946,163.3000015258789,0.26154466999231685,0
28,-47.97552147615833,1048.3000106811523,1048.3000106811523,2096.6000213623047,1.0,0,1,1.0,1.0,1.0,1,1,1,1,1,0,6,0,0.26048744291353104,0.0,775.2310214925917,1169.3508876870958,1,20,2,2024-08-01,104.83000106811524,104.83000106811524,209.66000213623047,0.03418623935609419,0
29,6.1417241408300285,1048.3000106811523,1048.3000106811523,2096.6000213623047,0.6666666666666666,2,0,0.0,0.8,1.0,0,0,1,0,0,1,5,0,0.2669017555562914,0.0,768.5068974806737,1080.5280756638574,1,20,2,2024-08-01,104.83000106811524,104.83000106811524,209.66000213623047,0.008560846181498088,0
30,57.4442363523806,1064.4333432515461,1067.600009918213,2132.033353169759,0.0,6,0,0.0,1.0,1.0,0,0,1,0,1,6,0,0,0.18342195959044094,0.017549318421258522,869.1928935789431,1048.8643573976194,1,20,2,2024-08-01,106.44333432515462,106.7600009918213,213.20333531697588,0.0772279515089922,0
31,130.36000175476067,1111.600009918213,1111.600009918213,2223.200019836426,0.0,6,0,0.0,1.0,1.0,0,0,1,0,1,6,0,0,0.15591178465294256,0.10563709711108299,938.2884685516357,994.1738117218018,1,20,2,2024-08-01,111.16000099182129,111.16000099182129,222.32000198364258,0.08249581717384721,0
32,122.99000091552728,1119.9000091552734,1119.9000091552734,2239.800018310547,1.0,0,1,1.0,1.0,1.0,1,1,1,1,1,3,3,0,0.2213428055818419,0.15411019439838802,872.0181991577148,947.3120010375977,1,20,2,2024-08-01,111.99000091552735,111.99000091552735,223.9800018310547,0.0038559899098788595,0
33,110.3400009155273,1089.8993375142416,1103.4000091552734,2193.299346669515,1.0,0,1,1.0,1.0,1.0,1,1,1,1,1,0,6,0,0.1961152307181958,0.14608246912152284,876.1534774780273,942.2126113891602,1,20,2,2024-08-01,108.98993375142416,110.34000091552736,219.32993466695154,0.059912087195404536,0
34,127.07000160217285,1070.529343922933,1078.700008392334,2149.229352315267,1.0,0,1,1.0,1.0,1.0,1,1,1,1,1,0,6,0,0.13926842357379438,0.13002280949887549,921.4384098052979,938.4444026947021,1,20,2,2024-08-01,107.05293439229331,107.8700008392334,214.9229352315267,0.1989389853421792,0
35,145.17000083923335,951.700008392334,951.700008392334,1903.400016784668,1.0,0,1,1.0,1.0,1.0,1,1,1,1,1,0,6,0,0.0,0.03086057473213732,1000.3721492767334,922.3299991607666,1,20,2,2024-08-01,95.17000083923341,95.17000083923341,190.34000167846682,0.12334722016201273,0
36,258.9282744085001,944.1000061035156,944.1000061035156,1888.2000122070312,1.0,0,1,1.0,1.0,1.0,1,1,1,1,1,0,6,0,0.0,0.22866295531040706,1089.6956694280314,728.2193085993124,1,20,2,2024-08-01,94.41000061035157,94.41000061035157,188.82000122070315,0.07441473422100343,0
37,131.58000068664546,1040.800006866455,1040.800006866455,2081.60001373291,1.0,0,1,1.0,1.0,1.0,1,1,1,1,1,0,6,0,0.16213838915986492,0.2703603507493895,872.0463703155517,759.4089519500733,1,20,2,2024-08-01,104.08000068664552,104.08000068664552,208.16000137329104,0.06314693046905868,0
38,101.07000083923333,1010.700008392334,1010.700008392334,2021.400016784668,0.3333333333333333,4,0,0.3333333333333333,1.0,1.0,0,0,1,0,1,6,0,0,0.20193125548721294,0.24491920807549694,806.6080867767333,763.1601627349854,1,20,2,2024-08-01,101.0700008392334,101.0700008392334,202.1400016784668,0.07576417037577433,0
39,158.12000236511233,922.200008392334,922.200008392334,1844.400016784668,1.0,0,1,1.0,1.0,1.0,1,1,1,1,1,6,0,0,0.21744352129166722,0.31213625200057027,721.6735912322998,634.3479541778564,1,20,2,2024-08-01,92.2200008392334,92.2200008392334,184.4400016784668,0.06614786458144585,0
40,89.14000091552737,891.4000091552734,891.4000091552734,1782.8000183105469,1.0,0,1,1.0,1.0,1.0,1,1,1,1,1,3,3,0,0.36468186922937174,0.2968812911585247,566.3225875854492,626.7600234985351,1,20,2,2024-08-01,89.14000091552735,89.14000091552735,178.2800018310547,0.00836241487206859,0
41,86.45000038146975,855.7133344014485,864.5000038146973,1720.2133382161458,1.0,0,1,1.0,1.0,1.0,1,1,1,1,1,1,5,0,0.31633970503067477,0.24968185844142576,585.0172306060791,648.650036239624,1,20,2,2024-08-01,85.57133344014485,86.45000038146974,172.02133382161458,0.0026435228690118696,0
42,118.69209325926556,787.0000038146973,787.0000038146973,1574.0000076293945,0.0,6,0,0.0,1.0,1.0,0,0,1,0,1,6,0,0,0.3939649710875908,0.3826667209450272,476.9495700659062,485.8412929712032,1,20,2,2024-08-01,78.70000038146974,78.70000038146974,157.40000076293947,0.1799181394941062,1
43,108.8240005673623,732.0000038146973,732.0000038146973,1464.0000076293945,0.0,6,0,0.0,1.0,1.0,0,0,1,0,1,6,0,0,0.545197667450575,0.5026283853150573,332.9153091611123,364.0760238467002,1,20,2,2024-08-01,73.20000038146974,73.20000038146974,146.40000076293947,0.21300812422134244,1
44,129.82500085830685,577.0000038146973,577.0000038146973,1154.0000076293945,1.0,0,1,1.0,1.0,1.0,1,1,1,1,1,0,6,0,0.3871902359234218,0.43869149184141704,353.59123620986935,323.8750113487244,1,20,2,2024-08-01,57.70000038146973,57.70000038146973,115.40000076293946,0.16908815529410773,0
45,84.53036125763714,511.00000381469727,511.00000381469727,1022.0000076293945,1.0,0,1,1.0,1.0,1.0,1,1,1,1,1,0,6,0,0.18344159355862594,0.3313705510787178,417.26134880646526,341.6696509493941,1,20,2,2024-08-01,51.10000038146973,51.10000038146973,102.20000076293945,0.14179187195446646,0
46,77.45000114440916,472.50000381469727,472.50000381469727,945.0000076293945,1.0,0,1,1.0,1.0,1.0,1,1,1,1,1,0,6,0,0.09058705332448608,0.30259123139080685,429.6976207733154,329.5256458282471,1,20,2,2024-08-01,47.25000038146973,47.25000038146973,94.50000076293946,0.04045120112409751,0
47,48.410000610351574,484.1000061035156,484.1000061035156,968.2000122070312,1.0,0,1,1.0,1.0,1.0,1,1,1,1,1,0,6,0,0.1425955789290404,0.2251807588090744,415.0694854736328,375.0899993896484,1,20,2,2024-08-01,48.41000061035157,48.41000061035157,96.82000122070313,0.035061078863090255,0
0,0.0,0.0,0.0,0.0,1.0,0,1,1.0,1.0,0.0,1,1,0,1,1,0,0,6,0.0,0.0,158.59999084472656,162.09999084472656,0,21,0,2024-08-01,0.0,0.0,0.0,0.0,0
1,0.0,0.0,0.0,0.0,1.0,0,1,1.0,1.0,0.0,1,1,0,1,1,0,0,6,0.0,0.0,161.90298461914062,162.09999084472656,0,21,0,2024-08-01,0.0,0.0,0.0,0.0,0
2,0.0,0.0,0.0,0.0,1.0,0,1,1.0,1.0,0.0,1,1,0,1,1,0,0,6,0.0,0.0,160.92562866210938,162.09999084472656,0,21,0,2024-08-01,0.0,0.0,0.0,0.0,0
3,0.0,0.0,0.0,0.0,1.0,0,1,1.0,1.0,0.0,1,1,0,1,1,0,0,6,0.0,0.0,160.93128967285156,162.09999084472656,0,21,0,2024-08-01,0.0,0.0,0.0,0.0,0
4,0.0,0.0,0.0,0.0,1.0,0,1,1.0,1.0,0.0,1,1,0,1,1,0,0,6,0.0,0.0,162.09999084472656,156.00088500976562,0,21,0,2024-08-01,0.0,0.0,0.0,0.0,0
5,0.0,0.0,0.0,0.0,1.0,0,1,1.0,1.0,0.0,1,1,0,1,1,0,0,6,0.0,0.0,162.09999084472656,141.23072814941406,0,21,0,2024-08-01,0.0,0.0,0.0,0.0,0
6,0.0,0.0,0.0,0.0,1.0,0,1,1.0,1.0,0.0,1,1,0,1,1,0,0,6,0.0,0.0,134.59999084472656,134.59999084472656,0,21,0,2024-08-01,0.0,0.0,0.0,0.0,0
7,0.0,0.0,0.0,0.0,1.0,0,1,1.0,1.0,0.0,1,1,0,1,1,0,0,6,0.0,0.0,134.59999084472656,134.59999084472656,0,21,0,2024-08-01,0.0,0.0,0.0,0.0,0
8,0.0,0.0,0.0,0.0,1.0,0,1,1.0,1.0,0.0,1,1,0,1,1,0,0,6,0.0,0.0,115.39999389648438,115.39999389648438,0,21,0,2024-08-01,0.0,0.0,0.0,0.0,0
9,0.0,0.0,0.0,0.0,1.0,0,1,1.0,1.0,0.0,1,1,0,1,1,0,0,6,0.0,0.0,115.39999389648438,112.26115417480469,0,21,0,2024-08-01,0.0,0.0,0.0,0.0,0
10,0.0,0.0,0.0,0.0,1.0,0,1,1.0,1.0,0.0,1,1,0,1,1,0,0,6,0.0,0.0,115.39999389648438,104.39999389648438,0,21,0,2024-08-01,0.0,0.0,0.0,0.0,0
11,0.0,0.0,0.0,0.0,1.0,0,1,1.0,1.0,0.0,1,1,0,1,1,0,0,6,0.0,0.0,115.39999389648438,104.39999389648438,0,21,0,2024-08-01,0.0,0.0,0.0,0.0,0
12,0.0,0.0,0.0,0.0,1.0,0,1,1.0,1.0,0.0,1,1,0,1,1,0,0,6,0.0,0.0,115.39999389648438,104.29537963867188,0,21,0,2024-08-01,0.0,0.0,0.0,0.0,0
13,0.0,0.0,0.0,0.0,1.0,0,1,1.0,1.0,0.0,1,1,0,1,1,0,0,6,0.0,0.0,197.89999389648438,182.17367553710938,0,21,0,2024-08-01,0.0,0.0,0.0,0.0,0
14,0.0,0.0,0.0,0.0,1.0,0,1,1.0,1.0,0.0,1,1,0,1,1,0,0,6,0.0,0.0,292.3861999511719,267.58929443359375,0,21,0,2024-08-01,0.0,0.0,0.0,0.0,0
15,0.0,0.0,0.0,0.0,1.0,0,1,1.0,1.0,0.0,1,1,0,1,1,0,0,6,0.0,0.0,316.7814636230469,272.7200927734375,0,21,0,2024-08-01,0.0,0.0,0.0,0.0,0
16,0.0,0.0,0.0,0.0,1.0,0,1,1.0,1.0,0.0,1,1,0,1,1,0,0,6,0.0,0.0,321.15087890625,281.52655029296875,0,21,0,2024-08-01,0.0,0.0,0.0,0.0,0
17,0.0,0.0,0.0,0.0,1.0,0,1,1.0,1.0,0.0,1,1,0,1,1,0,0,6,0.0,0.0,452.2437744140625,425.671142578125,0,21,0,2024-08-01,0.0,0.0,0.0,0.0,0
18,-61.56857641737918,284.00000381469727,303.2000045776367,587.200008392334,1.0,0,1,1.0,1.0,1.0,1,1,1,1,1,3,0,3,0.0,0.0,415.05218163926145,513.4685703138636,1,21,0,2024-08-01,28.400000381469727,30.320000457763673,58.7200008392334,3.595835222824209e-05,0
19,-37.406810565043145,408.2000045776367,408.2000045776367,816.4000091552734,1.0,0,1,1.0,1.0,1.0,1,1,1,1,1,4,0,2,0.0,0.0,436.69307346816,500.30683497910564,1,21,0,2024-08-01,40.820000457763676,40.820000457763676,81.64000091552735,5.4234138091138475e-05,0
20,-53.51000061035154,535.1000061035156,535.1000061035156,1070.2000122070312,1.0,0,1,1.0,1.0,1.0,1,1,1,1,1,6,0,0,0.07508845164326972,0.0,494.92017517089846,637.3099884033203,1,21,0,2024-08-01,53.51000061035157,53.51000061035157,107.02000122070314,8.732681493234637e-05,0
21,-73.65500061035152,586.0500061035157,601.1000061035156,1187.1500122070313,1.0,0,1,1.0,1.0,1.0,1,1,1,1,1,2,4,0,0.18864886391137,0.0,475.492338256836,668.9534014892578,1,21,0,2024-08-01,58.60500061035157,60.11000061035156,118.71500122070313,3.0040806263246187e-05,0
22,-144.36359073626033,563.4500076293946,578.5000076293945,1141.950015258789,1.0,0,1,1.0,1.0,1.0,1,1,1,1,1,4,2,0,0.26128657656847815,0.0,416.22808406842717,848.4304852675103,1,21,0,2024-08-01,56.34500076293946,57.85000076293946,114.19500152587892,6.650387359730526e-05,0
23,-82.8700008392334,608.700008392334,608.700008392334,1217.400016784668,1.0,0,1,1.0,1.0,1.0,1,1,1,1,1,6,0,0,0.1922006801466631,0.0,491.70745277404785,868.3303279876709,1,21,0,2024-08-01,60.8700008392334,60.8700008392334,121.7400016784668,8.046512692318181e-05,0
24,-65.82000083923333,658.200008392334,658.200008392334,1316.400016784668,1.0,0,1,1.0,1.0,1.0,1,1,1,1,1,6,0,0,0.15644397437596813,0.0,555.2285831451417,1032.920037460327,1,21,0,2024-08-01,65.8200008392334,65.8200008392334,131.6400016784668,9.990841925453298e-05,0
25,-73.57000083923333,735.700008392334,735.700008392334,1471.400016784668,1.0,0,1,1.0,1.0,1.0,1,1,1,1,1,4,2,0,0.29083735549176887,0.0,521.7309635162354,1062.670037460327,1,21,0,2024-08-01,73.5700008392334,73.5700008392334,147.1400016784668,0.04122404438900671,0
26,-172.25937974309394,835.700008392334,835.700008392334,1671.400016784668,1.0,0,1,1.0,1.0,1.0,1,1,1,1,1,6,0,0,0.4592233120487361,0.0,451.9270826592498,1230.9568895087189,1,21,0,2024-08-01,83.5700008392334,83.5700008392334,167.1400016784668,2.63981060701559e-09,0
27,-15.97193657919371,816.5000076293945,816.5000076293945,1633.000015258789,1.0,0,1,1.0,1.0,1.0,1,1,1,1,1,1,0,5,0.2498415480013147,0.0,612.5043817801813,1092.6742070870062,1,21,0,2024-08-01,81.65000076293946,81.65000076293946,163.3000015258789,2.7680156542023765e-05,0
28,-47.97552147615833,1048.3000106811523,1048.3000106811523,2096.6000213623047,1.0,0,1,1.0,1.0,1.0,1,1,1,1,1,2,0,4,0.36976872608175576,0.0,660.6714511800917,1251.9816249917833,1,21,0,2024-08-01,104.83000106811524,104.83000106811524,209.66000213623047,5.22366932658913e-05,0
29,6.1417241408300285,1048.3000106811523,1048.3000106811523,2096.6000213623047,1.0,0,1,1.0,1.0,1.0,1,1,1,1,1,1,0,5,0.35931182245894117,0.0,671.63342335958,1166.3120112107324,1,21,0,2024-08-01,104.83000106811524,104.83000106811524,209.66000213623047,2.7150651444272562e-05,0
30,57.4442363523806,1064.4333432515461,1067.600009918213,2132.033353169759,0.5,3,0,0.0,1.0,1.0,0,0,1,0,1,3,0,3,0.32515876793276627,0.06808695329475466,718.3235088133181,994.9103779054319,1,21,0,2024-08-01,106.44333432515462,106.7600009918213,213.20333531697588,8.529883916796925e-05,0
31,130.36000175476067,1111.600009918213,1111.600009918213,2223.200019836426,0.8333333333333334,1,0,0.8333333333333334,1.0,1.0,0,0,1,0,1,6,0,0,0.27565154803938036,0.23314138227105316,805.1857463836669,852.4400470733643,1,21,0,2024-08-01,111.16000099182129,111.16000099182129,222.32000198364258,2.470430551368509e-05,0
32,122.99000091552728,1119.9000091552734,1119.9000091552734,2239.800018310547,1.0,0,1,1.0,1.0,1.0,1,1,1,1,1,6,0,0,0.23517384384971007,0.207688150139507,856.5288192749023,887.3100479125977,1,21,0,2024-08-01,111.99000091552735,111.99000091552735,223.9800018310547,0.00010049808907248346,0
33,110.3400009155273,1089.8993375142416,1103.4000091552734,2193.299346669515,1.0,0,1,1.0,1.0,1.0,1,1,1,1,1,3,3,0,0.20946989230520321,0.12592371991186074,861.598240661621,964.4557754516602,1,21,0,2024-08-01,108.98993375142416,110.34000091552736,219.32993466695154,7.332332796634485e-05,0
34,127.07000160217285,1070.529343922933,1078.700008392334,2149.229352315267,1.0,0,1,1.0,1.0,1.0,1,1,1,1,1,6,0,0,0.30341844710162963,0.21487135157248047,745.7109928131104,846.9182796478271,1,21,0,2024-08-01,107.05293439229331,107.8700008392334,214.9229352315267,8.511333847645824e-05,0
35,145.17000083923335,951.700008392334,951.700008392334,1903.400016784668,1.0,0,1,1.0,1.0,1.0,1,1,1,1,1,6,0,0,0.24268350350115017,0.19007286592791833,720.7381160736084,770.8076602935791,1,21,0,2024-08-01,95.17000083923341,95.17000083923341,190.34000167846682,2.1421747558833426e-05,0
36,258.9282744085001,944.1000061035156,944.1000061035156,1888.2000122070312,1.0,0,1,1.0,1.0,1.0,1,1,1,1,1,6,0,0,0.13242460828687094,0.3259487656969149,819.0779326116251,636.3717744196249,1,21,0,2024-08-01,94.41000061035157,94.41000061035157,188.82000122070315,9.985898996198692e-05,0
37,131.58000068664546,1040.800006866455,1040.800006866455,2081.60001373291,1.0,0,1,1.0,1.0,1.0,1,1,1,1,1,6,0,0,0.2745917347583833,0.26621825220695605,755.004927444458,763.7200481414795,1,21,0,2024-08-01,104.08000068664552,104.08000068664552,208.16000137329104,9.885855581910791e-05,0
38,101.07000083923333,1010.700008392334,1010.700008392334,2021.400016784668,1.0,0,1,1.0,1.0,1.0,1,1,1,1,1,6,0,0,0.27108540946321125,0.21913190006574204,736.7139827728271,789.2233951568604,1,21,0,2024-08-01,101.0700008392334,101.0700008392334,202.1400016784668,9.37223969223046e-05,0
39,158.12000236511233,922.200008392334,922.200008392334,1844.400016784668,1.0,0,1,1.0,1.0,1.0,1,1,1,1,1,6,0,0,0.2585539615376347,0.3253008375014306,683.7615428924561,622.2075733184814,1,21,0,2024-08-01,92.2200008392334,92.2200008392334,184.4400016784668,3.82129497769421e-05,0
40,89.14000091552737,891.4000091552734,891.4000091552734,1782.8000183105469,1.0,0,1,1.0,1.0,1.0,1,1,1,1,1,6,0,0,0.3186152876734474,0.27097763971185235,607.3863388061524,649.8505386352539,1,21,0,2024-08-01,89.14000091552735,89.14000091552735,178.2800018310547,3.557017581324837e-05,0
41,86.45000038146975,855.7133344014485,864.5000038146973,1720.2133382161458,0.16666666666666666,5,0,0.0,0.5,1.0,0,0,1,0,0,4,2,0,0.3873067866291182,0.29000770480592153,524.2897525787354,613.7883419036865,1,21,0,2024-08-01,85.57133344014485,86.45000038146974,172.02133382161458,0.16352026453247206,1
42,118.69209325926556,787.0000038146973,787.0000038146973,1574.0000076293945,0.0,6,0,1.0,0.0,1.0,0,0,1,1,0,0,6,0,0.28160669417926054,0.307613798322002,565.3755344213749,544.9079433618282,1,21,0,2024-08-01,78.70000038146974,78.70000038146974,157.40000076293947,6.670688363286869e-05,0
43,108.8240005673623,732.0000038146973,732.0000038146973,1464.0000076293945,0.16666666666666666,5,0,1.0,0.16666666666666666,1.0,0,0,1,1,0,0,6,0,0.08208099799436756,0.1886939773978387,671.916712969706,593.876011639669,1,21,0,2024-08-01,73.20000038146974,73.20000038146974,146.40000076293947,7.019892884250507e-05,0
44,129.82500085830685,577.0000038146973,577.0000038146973,1154.0000076293945,0.8333333333333334,1,0,1.0,0.8333333333333334,1.0,0,0,1,1,0,0,6,0,0.02412171223921957,0.2700606648922087,563.0817757606505,421.17499914169315,1,21,0,2024-08-01,57.70000038146973,57.70000038146973,115.40000076293946,7.313698533497805e-05,0
45,84.53036125763714,511.00000381469727,511.00000381469727,1022.0000076293945,1.0,0,1,1.0,1.0,1.0,1,1,1,1,1,0,6,0,0.0,0.08714357091958524,531.618923269356,466.46963874236286,1,21,0,2024-08-01,51.10000038146973,51.10000038146973,102.20000076293945,7.24094923377144e-05,0
46,77.45000114440916,472.50000381469727,472.50000381469727,945.0000076293945,1.0,0,1,1.0,1.0,1.0,1,1,1,1,1,0,6,0,0.0,0.0034919706193875383,526.4510997772217,470.85004768371584,1,21,0,2024-08-01,47.25000038146973,47.25000038146973,94.50000076293946,7.125302750050878e-05,0
47,48.410000610351574,484.1000061035156,484.1000061035156,968.2000122070312,1.0,0,1,1.0,1.0,1.0,1,1,1,1,1,0,6,0,0.001741229222311106,0.0,483.2570770263672,499.8900482177734,1,21,0,2024-08-01,48.41000061035157,48.41000061035157,96.82000122070313,7.494765015595823e-05,0
0,0.0,0.0,0.0,0.0,1.0,0,1,1.0,1.0,0.0,1,1,0,1,1,0,0,6,0.0,0.0,274.8999938964844,298.7869567871094,0,21,1,2024-08-01,0.0,0.0,0.0,0.0,0
1,0.0,0.0,0.0,0.0,1.0,0,1,1.0,1.0,0.0,1,1,0,1,1,0,0,6,0.0,0.0,299.180419921875,289.1000061035156,0,21,1,2024-08-01,0.0,0.0,0.0,0.0,0
2,0.0,0.0,0.0,0.0,1.0,0,1,1.0,1.0,0.0,1,1,0,1,1,0,0,6,0.0,0.0,298.56103515625,297.3999938964844,0,21,1,2024-08-01,0.0,0.0,0.0,0.0,0
3,0.0,0.0,0.0,0.0,1.0,0,1,1.0,1.0,0.0,1,1,0,1,1,0,0,6,0.0,0.0,293.99884033203125,280.8962097167969,0,21,1,2024-08-01,0.0,0.0,0.0,0.0,0
4,0.0,0.0,0.0,0.0,1.0,0,1,1.0,1.0,0.0,1,1,0,1,1,0,0,6,0.0,0.0,247.649169921875,261.4684753417969,0,21,1,2024-08-01,0.0,0.0,0.0,0.0,0
5,0.0,0.0,0.0,0.0,1.0,0,1,1.0,1.0,0.0,1,1,0,1,1,0,0,6,0.0,0.0,227.96334838867188,230.96044921875,0,21,1,2024-08-01,0.0,0.0,0.0,0.0,0
6,0.0,0.0,0.0,0.0,1.0,0,1,1.0,1.0,0.0,1,1,0,1,1,0,0,6,0.0,0.0,235.64601135253906,226.08143615722656,0,21,1,2024-08-01,0.0,0.0,0.0,0.0,0
7,0.0,0.0,0.0,0.0,1.0,0,1,1.0,1.0,0.0,1,1,0,1,1,0,0,6,0.0,0.0,235.05020141601562,211.24169921875,0,21,1,2024-08-01,0.0,0.0,0.0,0.0,0
8,0.0,0.0,0.0,0.0,1.0,0,1,1.0,1.0,0.0,1,1,0,1,1,0,0,6,0.0,0.0,237.0845489501953,201.5166015625,0,21,1,2024-08-01,0.0,0.0,0.0,0.0,0
9,0.0,0.0,0.0,0.0,1.0,0,1,1.0,1.0,0.0,1,1,0,1,1,0,0,6,0.0,0.0,239.59999084472656,184.36380004882812,0,21,1,2024-08-01,0.0,0.0,0.0,0.0,0
10,0.0,0.0,0.0,0.0,1.0,0,1,1.0,1.0,0.0,1,1,0,1,1,0,0,6,0.0,0.0,212.10000610351562,155.35281372070312,0,21,1,2024-08-01,0.0,0.0,0.0,0.0,0
11,0.0,0.0,0.0,0.0,1.0,0,1,1.0,1.0,0.0,1,1,0,1,1,0,0,6,0.0,0.0,201.10000610351562,135.73614501953125,0,21,1,2024-08-01,0.0,0.0,0.0,0.0,0
12,0.0,0.0,0.0,0.0,1.0,0,1,1.0,1.0,0.0,1,1,0,1,1,0,0,6,0.0,0.0,251.09999084472656,176.03244018554688,0,21,1,2024-08-01,0.0,0.0,0.0,0.0,0
13,0.0,0.0,0.0,0.0,1.0,0,1,1.0,1.0,0.0,1,1,0,1,1,0,0,6,0.0,0.0,308.79998779296875,232.3519287109375,0,21,1,2024-08-01,0.0,0.0,0.0,0.0,0
14,0.0,0.0,0.0,0.0,1.0,0,1,1.0,1.0,0.0,1,1,0,1,1,0,0,6,0.0,0.0,377.4000244140625,297.05413818359375,0,21,1,2024-08-01,0.0,0.0,0.0,0.0,0
15,0.0,0.0,0.0,0.0,1.0,0,1,1.0,1.0,0.0,1,1,0,1,1,0,0,6,0.0,0.0,424.1000061035156,340.9657897949219,0,21,1,2024-08-01,0.0,0.0,0.0,0.0,0
16,0.0,0.0,0.0,0.0,1.0,0,1,1.0,1.0,0.0,1,1,0,1,1,0,0,6,0.0,0.0,454.2999572753906,364.2780456542969,0,21,1,2024-08-01,0.0,0.0,0.0,0.0,0
17,0.0,0.0,0.0,0.0,1.0,0,1,1.0,1.0,0.0,1,1,0,1,1,0,0,6,0.0,0.0,492.7999572753906,383.0060729980469,0,21,1,2024-08-01,0.0,0.0,0.0,0.0,0
18,-61.56857641737918,284.00000381469727,303.2000045776367,587.200008392334,1.0,0,1,1.0,1.0,1.0,1,1,1,1,1,3,0,3,0.0,0.0,492.2313503404333,499.95843847792605,1,21,1,2024-08-01,28.400000381469727,30.320000457763673,58.7200008392334,3.595835222824209e-05,0
19,-37.406810565043145,408.2000045776367,408.2000045776367,816.4000091552734,1.0,0,1,1.0,1.0,1.0,1,1,1,1,1,4,0,2,0.0,0.0,576.7931406068319,557.3114126158243,1,21,1,2024-08-01,40.820000457763676,40.820000457763676,81.64000091552735,5.4234138091138475e-05,0
20,-53.51000061035154,535.1000061035156,535.1000061035156,1070.2000122070312,1.0,0,1,1.0,1.0,1.0,1,1,1,1,1,6,0,0,0.0,0.0,674.1311126708985,720.973257446289,1,21,1,2024-08-01,53.51000061035157,53.51000061035157,107.02000122070314,8.732681493234637e-05,0
21,-73.65500061035152,586.0500061035157,601.1000061035156,1187.1500122070313,0.8333333333333334,1,0,0.5,1.0,1.0,0,0,1,0,1,2,4,0,0.0,0.0,702.2107220458985,859.097993774414,1,21,1,2024-08-01,58.60500061035157,60.11000061035156,118.71500122070313,3.0040806263246187e-05,0
22,-144.36359073626033,563.4500076293946,578.5000076293945,1141.950015258789,0.5,3,0,0.25,1.0,1.0,0,0,1,0,1,4,2,0,0.0,0.0,636.1047320176459,1029.363712806573,1,21,1,2024-08-01,56.34500076293946,57.85000076293946,114.19500152587892,6.650387359730526e-05,0
23,-82.8700008392334,608.700008392334,608.700008392334,1217.400016784668,1.0,0,1,1.0,1.0,1.0,1,1,1,1,1,6,0,0,0.0,0.0,667.3109073638916,1067.8700618743896,1,21,1,2024-08-01,60.8700008392334,60.8700008392334,121.7400016784668,8.046512692318181e-05,0
24,-65.82000083923333,658.200008392334,658.200008392334,1316.400016784668,0.3333333333333333,4,0,0.3333333333333333,1.0,1.0,0,0,1,0,1,6,0,0,0.0,0.0,676.2178409576417,1216.2200252532957,1,21,1,2024-08-01,65.8200008392334,65.8200008392334,131.6400016784668,9.990841925453298e-05,0
25,-73.57000083923333,735.700008392334,735.700008392334,1471.400016784668,0.5,3,0,0.5,0.5,1.0,0,0,1,0,0,4,2,0,0.19045124145217057,0.0,595.5850284576417,1207.5701229095457,1,21,1,2024-08-01,73.5700008392334,73.5700008392334,147.1400016784668,0.04122404438900671,0
26,-172.25937974309394,835.700008392334,835.700008392334,1671.400016784668,1.0,0,1,1.0,1.0,1.0,1,1,1,1,1,6,0,0,0.5712785116533734,0.0,358.2825514092498,1235.5848191962189,1,21,1,2024-08-01,83.5700008392334,83.5700008392334,167.1400016784668,2.63981060701559e-09,0
27,-15.97193657919371,816.5000076293945,816.5000076293945,1633.000015258789,1.0,0,1,1.0,1.0,1.0,1,1,1,1,1,1,0,5,0.34342058888766475,0.0,536.0970941825251,1128.0081914620062,1,21,1,2024-08-01,81.65000076293946,81.65000076293946,163.3000015258789,2.7680156542023765e-05,0
28,-47.97552147615833,1048.3000106811523,1048.3000106811523,2096.6000213623047,1.0,0,1,1.0,1.0,1.0,1,1,1,1,1,2,0,4,0.5313578886997841,0.0,491.27753028165415,1142.3705410074083,1,21,1,2024-08-01,104.83000106811524,104.83000106811524,209.66000213623047,5.22366932658913e-05,0
29,6.1417241408300285,1048.3000106811523,1048.3000106811523,2096.6000213623047,0.8333333333333334,1,0,0.0,1.0,1.0,0,0,1,0,1,1,0,5,0.533532170651462,0.018499968378273352,488.9982304884863,1028.9064936326074,1,21,1,2024-08-01,104.83000106811524,104.83000106811524,209.66000213623047,2.7150651444272562e-05,0
30,57.4442363523806,1064.4333432515461,1067.600009918213,2132.033353169759,1.0,0,1,1.0,1.0,1.0,1,1,1,1,1,3,0,3,0.5033029902541379,0.07441389092038513,528.7008586668337,988.1557392335569,1,21,1,2024-08-01,106.44333432515462,106.7600009918213,213.20333531697588,8.529883916796925e-05,0
31,130.36000175476067,1111.600009918213,1111.600009918213,2223.200019836426,1.0,0,1,1.0,1.0,1.0,1,1,1,1,1,6,0,0,0.43601804284528883,0.15199713041150922,626.92234916687,942.6399982452393,1,21,1,2024-08-01,111.16000099182129,111.16000099182129,222.32000198364258,2.470430551368509e-05,0
32,122.99000091552728,1119.9000091552734,1119.9000091552734,2239.800018310547,0.8333333333333334,1,0,0.8333333333333334,1.0,1.0,0,0,1,0,1,6,0,0,0.42417763214143245,0.157058673660939,644.863475036621,944.0099990844727,1,21,1,2024-08-01,111.99000091552735,111.99000091552735,223.9800018310547,0.00010049808907248346,0
33,110.3400009155273,1089.8993375142416,1103.4000091552734,2193.299346669515,1.0,0,1,1.0,1.0,1.0,1,1,1,1,1,3,3,0,0.46989923342654594,0.17830343342249777,577.7564743041992,906.6599990844727,1,21,1,2024-08-01,108.98993375142416,110.34000091552736,219.32993466695154,7.332332796634485e-05,0
34,127.07000160217285,1070.529343922933,1078.700008392334,2149.229352315267,1.0,0,1,1.0,1.0,1.0,1,1,1,1,1,6,0,0,0.4735313364656974,0.2232965455700984,563.6001529693604,837.8300228118896,1,21,1,2024-08-01,107.05293439229331,107.8700008392334,214.9229352315267,8.511333847645824e-05,0
35,145.17000083923335,951.700008392334,951.700008392334,1903.400016784668,1.0,0,1,1.0,1.0,1.0,1,1,1,1,1,6,0,0,0.3568790805551142,0.15884213168712422,612.0581844329834,800.5299503326416,1,21,1,2024-08-01,95.17000083923341,95.17000083923341,190.34000167846682,2.1421747558833426e-05,0
36,258.9282744085001,944.1000061035156,944.1000061035156,1888.2000122070312,1.0,0,1,1.0,1.0,1.0,1,1,1,1,1,6,0,0,0.047496138082529234,0.20509295079564155,899.2589018499064,750.4717500055624,1,21,1,2024-08-01,94.41000061035157,94.41000061035157,188.82000122070315,9.985898996198692e-05,0
37,131.58000068664546,1040.800006866455,1040.800006866455,2081.60001373291,0.6666666666666666,2,0,0.6666666666666666,1.0,1.0,0,0,1,0,1,6,0,0,0.21285797032956494,0.1861837343281522,819.2574298858642,847.019974899292,1,21,1,2024-08-01,104.08000068664552,104.08000068664552,208.16000137329104,9.885855581910791e-05,0
38,101.07000083923333,1010.700008392334,1010.700008392334,2021.400016784668,0.8333333333333334,1,0,0.8333333333333334,1.0,1.0,0,0,1,0,1,6,0,0,0.340493136822969,0.24873669830039663,666.5635921478271,759.3018253326417,1,21,1,2024-08-01,101.0700008392334,101.0700008392334,202.1400016784668,9.37223969223046e-05,0
39,158.12000236511233,922.200008392334,922.200008392334,1844.400016784668,0.8333333333333334,1,0,0.8333333333333334,1.0,1.0,0,0,1,0,1,6,0,0,0.2178281182226378,0.2843418269195589,721.3189159393311,659.9799732208252,1,21,1,2024-08-01,92.2200008392334,92.2200008392334,184.4400016784668,3.82129497769421e-05,0
40,89.14000091552737,891.4000091552734,891.4000091552734,1782.8000183105469,0.6666666666666666,2,0,0.6666666666666666,1.0,1.0,0,0,1,0,1,6,0,0,0.2432737079409945,0.21969941315629077,674.5458236694336,695.5599502563476,1,21,1,2024-08-01,89.14000091552735,89.14000091552735,178.2800018310547,3.557017581324837e-05,0
41,86.45000038146975,855.7133344014485,864.5000038146973,1720.2133382161458,0.3333333333333333,4,0,0.0,1.0,1.0,0,0,1,0,1,4,2,0,0.27910823361154663,0.17009836919420124,616.8766971588135,717.4499629974365,1,21,1,2024-08-01,85.57133344014485,86.45000038146974,172.02133382161458,0.16352026453247206,0
42,118.69209325926556,787.0000038146973,787.0000038146973,1574.0000076293945,0.0,6,0,1.0,0.0,1.0,0,0,1,1,0,0,6,0,0.20509307696307333,0.17813481117462826,625.5917514623906,646.8079067407344,1,21,1,2024-08-01,78.70000038146974,78.70000038146974,157.40000076293947,6.670688363286869e-05,0
43,108.8240005673623,732.0000038146973,732.0000038146973,1464.0000076293945,0.0,6,0,1.0,0.0,1.0,0,0,1,1,0,0,6,0,0.05143092704647069,0.09470492352566798,694.3525650204873,662.6759994326377,1,21,1,2024-08-01,73.20000038146974,73.20000038146974,146.40000076293947,7.019892884250507e-05,0
44,129.82500085830685,577.0000038146973,577.0000038146973,1154.0000076293945,0.3333333333333333,4,0,1.0,0.3333333333333333,1.0,0,0,1,1,0,0,6,0,0.0,0.030892555554867092,661.7421761512755,559.1749991416932,1,21,1,2024-08-01,57.70000038146973,57.70000038146973,115.40000076293946,7.313698533497805e-05,0
45,84.53036125763714,511.00000381469727,511.00000381469727,1022.0000076293945,0.16666666666666666,5,0,1.0,0.16666666666666666,1.0,0,0,1,1,0,0,6,0,0.0,0.0,652.0596581326372,654.4696387423628,1,21,1,2024-08-01,51.10000038146973,51.10000038146973,102.20000076293945,7.24094923377144e-05,0
46,77.45000114440916,472.50000381469727,472.50000381469727,945.0000076293945,0.0,6,0,1.0,0.0,1.0,0,0,1,1,0,0,6,0,0.0,0.0,526.0978588104248,573.1500354766846,1,21,1,2024-08-01,47.25000038146973,47.25000038146973,94.50000076293946,7.125302750050878e-05,0
47,48.410000610351574,484.1000061035156,484.1000061035156,968.2000122070312,0.16666666666666666,5,0,1.0,0.16666666666666666,1.0,0,0,1,1,0,0,6,0,0.0,0.0,499.70940856933595,613.1900360107422,1,21,1,2024-08-01,48.41000061035157,48.41000061035157,96.82000122070313,7.494765015595823e-05,0
0,0.0,0.0,0.0,0.0,1.0,0,1,1.0,1.0,0.0,1,1,0,1,1,0,0,6,0.0,0.0,133.4967498779297,168.1999969482422,0,21,2,2024-08-01,0.0,0.0,0.0,0.0,0
1,0.0,0.0,0.0,0.0,1.0,0,1,1.0,1.0,0.0,1,1,0,1,1,0,0,6,0.0,0.0,130.08966064453125,168.1999969482422,0,21,2,2024-08-01,0.0,0.0,0.0,0.0,0
2,0.0,0.0,0.0,0.0,1.0,0,1,1.0,1.0,0.0,1,1,0,1,1,0,0,6,0.0,0.0,129.7339324951172,168.1999969482422,0,21,2,2024-08-01,0.0,0.0,0.0,0.0,0
3,0.0,0.0,0.0,0.0,1.0,0,1,1.0,1.0,0.0,1,1,0,1,1,0,0,6,0.0,0.0,130.11886596679688,168.1999969482422,0,21,2,2024-08-01,0.0,0.0,0.0,0.0,0
4,0.0,0.0,0.0,0.0,1.0,0,1,1.0,1.0,0.0,1,1,0,1,1,0,0,6,0.0,0.0,133.46633911132812,168.1999969482422,0,21,2,2024-08-01,0.0,0.0,0.0,0.0,0
5,0.0,0.0,0.0,0.0,1.0,0,1,1.0,1.0,0.0,1,1,0,1,1,0,0,6,0.0,0.0,134.817626953125,168.1999969482422,0,21,2,2024-08-01,0.0,0.0,0.0,0.0,0
6,0.0,0.0,0.0,0.0,1.0,0,1,1.0,1.0,0.0,1,1,0,1,1,0,0,6,0.0,0.0,135.49981689453125,166.50035095214844,0,21,2,2024-08-01,0.0,0.0,0.0,0.0,0
7,0.0,0.0,0.0,0.0,1.0,0,1,1.0,1.0,0.0,1,1,0,1,1,0,0,6,0.0,0.0,108.11457824707031,140.6999969482422,0,21,2,2024-08-01,0.0,0.0,0.0,0.0,0
8,0.0,0.0,0.0,0.0,1.0,0,1,1.0,1.0,0.0,1,1,0,1,1,0,0,6,0.0,0.0,113.89322662353516,140.6999969482422,0,21,2,2024-08-01,0.0,0.0,0.0,0.0,0
9,0.0,0.0,0.0,0.0,1.0,0,1,1.0,1.0,0.0,1,1,0,1,1,0,0,6,0.0,0.0,181.95175170898438,186.82176208496094,0,21,2,2024-08-01,0.0,0.0,0.0,0.0,0
10,0.0,0.0,0.0,0.0,1.0,0,1,1.0,1.0,0.0,1,1,0,1,1,0,0,6,0.0,0.0,190.6999969482422,176.4678497314453,0,21,2,2024-08-01,0.0,0.0,0.0,0.0,0
11,0.0,0.0,0.0,0.0,1.0,0,1,1.0,1.0,0.0,1,1,0,1,1,0,0,6,0.0,0.0,201.6999969482422,172.77120971679688,0,21,2,2024-08-01,0.0,0.0,0.0,0.0,0
12,0.0,0.0,0.0,0.0,1.0,0,1,1.0,1.0,0.0,1,1,0,1,1,0,0,6,0.0,0.0,201.6999969482422,154.01486206054688,0,21,2,2024-08-01,0.0,0.0,0.0,0.0,0
13,0.0,0.0,0.0,0.0,1.0,0,1,1.0,1.0,0.0,1,1,0,1,1,0,0,6,0.0,0.0,201.6999969482422,134.41961669921875,0,21,2,2024-08-01,0.0,0.0,0.0,0.0,0
14,0.0,0.0,0.0,0.0,1.0,0,1,1.0,1.0,0.0,1,1,0,1,1,0,0,6,0.0,0.0,219.91819763183594,129.4424591064453,0,21,2,2024-08-01,0.0,0.0,0.0,0.0,0
15,0.0,0.0,0.0,0.0,1.0,0,1,1.0,1.0,0.0,1,1,0,1,1,0,0,6,0.0,0.0,311.8489990234375,228.66824340820312,0,21,2,2024-08-01,0.0,0.0,0.0,0.0,0
16,0.0,0.0,0.0,0.0,1.0,0,1,1.0,1.0,0.0,1,1,0,1,1,0,0,6,0.0,0.0,400.8606872558594,297.73095703125,0,21,2,2024-08-01,0.0,0.0,0.0,0.0,0
17,0.0,0.0,0.0,0.0,1.0,0,1,1.0,1.0,0.0,1,1,0,1,1,0,0,6,0.0,0.0,459.0011291503906,414.2774963378906,0,21,2,2024-08-01,0.0,0.0,0.0,0.0,0
18,-61.56857641737918,284.00000381469727,303.2000045776367,587.200008392334,0.6666666666666666,2,0,0.3333333333333333,1.0,1.0,0,0,1,0,1,3,0,3,0.0,0.0,444.9585842271521,556.0408664564417,1,21,2,2024-08-01,28.400000381469727,30.320000457763673,58.7200008392334,3.595835222824209e-05,0
19,-37.406810565043145,408.2000045776367,408.2000045776367,816.4000091552734,0.8333333333333334,1,0,0.75,1.0,1.0,0,0,1,0,1,4,0,2,0.0,0.0,450.4418832826131,588.0937612486368,1,21,2,2024-08-01,40.820000457763676,40.820000457763676,81.64000091552735,5.4234138091138475e-05,0
20,-53.51000061035154,535.1000061035156,535.1000061035156,1070.2000122070312,1.0,0,1,1.0,1.0,1.0,1,1,1,1,1,6,0,0,0.1349998577063043,0.0,462.86158142089846,663.2620147705078,1,21,2,2024-08-01,53.51000061035157,53.51000061035157,107.02000122070314,8.732681493234637e-05,0
21,-73.65500061035152,586.0500061035157,601.1000061035156,1187.1500122070313,1.0,0,1,1.0,1.0,1.0,1,1,1,1,1,2,4,0,0.33268881090779723,0.0,391.07772644042973,699.419282836914,1,21,2,2024-08-01,58.60500061035157,60.11000061035156,118.71500122070313,3.0040806263246187e-05,0
22,-144.36359073626033,563.4500076293946,578.5000076293945,1141.950015258789,0.8333333333333334,1,0,0.75,1.0,1.0,0,0,1,0,1,4,2,0,0.44204542011850606,0.0,314.3795122910834,836.0612225721978,1,21,2,2024-08-01,56.34500076293946,57.85000076293946,114.19500152587892,6.650387359730526e-05,0
23,-82.8700008392334,608.700008392334,608.700008392334,1217.400016784668,1.0,0,1,1.0,1.0,1.0,1,1,1,1,1,6,0,0,0.30129001566144087,0.0,425.3047733306885,931.7291927337646,1,21,2,2024-08-01,60.8700008392334,60.8700008392334,121.7400016784668,8.046512692318181e-05,0
24,-65.82000083923333,658.200008392334,658.200008392334,1316.400016784668,0.3333333333333333,4,0,0.3333333333333333,1.0,1.0,0,0,1,0,1,6,0,0,0.32942314098842135,0.0,441.37369422912604,971.9366390228271,1,21,2,2024-08-01,65.8200008392334,65.8200008392334,131.6400016784668,9.990841925453298e-05,0
25,-73.57000083923333,735.700008392334,735.700008392334,1471.400016784668,1.0,0,1,1.0,1.0,1.0,1,1,1,1,1,4,2,0,0.38681644425180883,0.0,451.1191471099854,1029.1132747650145,1,21,2,2024-08-01,73.5700008392334,73.5700008392334,147.1400016784668,0.04122404438900671,0
26,-172.25937974309394,835.700008392334,835.700008392334,1671.400016784668,1.0,0,1,1.0,1.0,1.0,1,1,1,1,1,6,0,0,0.5772994979292139,0.0,353.2508131279998,1191.3813279852814,1,21,2,2024-08-01,83.5700008392334,83.5700008392334,167.1400016784668,2.63981060701559e-09,0
27,-15.97193657919371,816.5000076293945,816.5000076293945,1633.000015258789,1.0,0,1,1.0,1.0,1.0,1,1,1,1,1,1,0,5,0.2625019511142235,0.0,602.1671625419001,1196.2666143135687,1,21,2,2024-08-01,81.65000076293946,81.65000076293946,163.3000015258789,2.7680156542023765e-05,0
28,-47.97552147615833,1048.3000106811523,1048.3000106811523,2096.6000213623047,1.0,0,1,1.0,1.0,1.0,1,1,1,1,1,2,0,4,0.5125899422377987,0.0,510.95196875821665,1171.4983486245958,1,21,2,2024-08-01,104.83000106811524,104.83000106811524,209.66000213623047,5.22366932658913e-05,0
29,6.1417241408300285,1048.3000106811523,1048.3000106811523,2096.6000213623047,1.0,0,1,1.0,1.0,1.0,1,1,1,1,1,1,0,5,0.46904165550693216,0.0,556.60363820333,1106.026000468545,1,21,2,2024-08-01,104.83000106811524,104.83000106811524,209.66000213623047,2.7150651444272562e-05,0
30,57.4442363523806,1064.4333432515461,1067.600009918213,2132.033353169759,0.8333333333333334,1,0,0.6666666666666666,1.0,1.0,0,0,1,0,1,3,0,3,0.3682323321713926,0.019731170876752083,672.4745708250368,1046.5350116944944,1,21,2,2024-08-01,106.44333432515462,106.7600009918213,213.20333531697588,8.529883916796925e-05,0
31,130.36000175476067,1111.600009918213,1111.600009918213,2223.200019836426,1.0,0,1,1.0,1.0,1.0,1,1,1,1,1,6,0,0,0.3051619579709796,0.14054024527370726,772.3819744110107,955.3754718780518,1,21,2,2024-08-01,111.16000099182129,111.16000099182129,222.32000198364258,2.470430551368509e-05,0
32,122.99000091552728,1119.9000091552734,1119.9000091552734,2239.800018310547,1.0,0,1,1.0,1.0,1.0,1,1,1,1,1,6,0,0,0.20464405785303272,0.04402095480396841,890.7191268920898,1070.6009414672853,1,21,2,2024-08-01,111.99000091552735,111.99000091552735,223.9800018310547,0.00010049808907248346,0
33,110.3400009155273,1089.8993375142416,1103.4000091552734,2193.299346669515,1.0,0,1,1.0,1.0,1.0,1,1,1,1,1,3,3,0,0.08644340517821736,0.0,995.6847274780273,1114.0480606079102,1,21,2,2024-08-01,108.98993375142416,110.34000091552736,219.32993466695154,7.332332796634485e-05,0
34,127.07000160217285,1070.529343922933,1078.700008392334,2149.229352315267,0.8333333333333334,1,0,0.8333333333333334,1.0,1.0,0,0,1,0,1,6,0,0,0.0,0.0,1084.1726627349854,1097.3301448822021,1,21,2,2024-08-01,107.05293439229331,107.8700008392334,214.9229352315267,8.511333847645824e-05,0
35,145.17000083923335,951.700008392334,951.700008392334,1903.400016784668,1.0,0,1,1.0,1.0,1.0,1,1,1,1,1,6,0,0,0.0,0.0,992.6209896087646,956.7627384185791,1,21,2,2024-08-01,95.17000083923341,95.17000083923341,190.34000167846682,2.1421747558833426e-05,0
36,258.9282744085001,944.1000061035156,944.1000061035156,1888.2000122070312,1.0,0,1,1.0,1.0,1.0,1,1,1,1,1,6,0,0,0.0,0.11212349801515274,1105.9357206975626,838.2442109430624,1,21,2,2024-08-01,94.41000061035157,94.41000061035157,188.82000122070315,9.985898996198692e-05,0
37,131.58000068664546,1040.800006866455,1040.800006866455,2081.60001373291,1.0,0,1,1.0,1.0,1.0,1,1,1,1,1,6,0,0,0.12182727245148624,0.0920253952106791,914.0021808624267,945.019974899292,1,21,2,2024-08-01,104.08000068664552,104.08000068664552,208.16000137329104,9.885855581910791e-05,0
38,101.07000083923333,1010.700008392334,1010.700008392334,2021.400016784668,1.0,0,1,1.0,1.0,1.0,1,1,1,1,1,6,0,0,0.09245724260164351,0.0,917.2534725189208,1072.3300235748293,1,21,2,2024-08-01,101.0700008392334,101.0700008392334,202.1400016784668,9.37223969223046e-05,0
39,158.12000236511233,922.200008392334,922.200008392334,1844.400016784668,1.0,0,1,1.0,1.0,1.0,1,1,1,1,1,6,0,0,0.0,0.0,923.4014965057373,943.2797779083252,1,21,2,2024-08-01,92.2200008392334,92.2200008392334,184.4400016784668,3.82129497769421e-05,0
40,89.14000091552737,891.4000091552734,891.4000091552734,1782.8000183105469,1.0,0,1,1.0,1.0,1.0,1,1,1,1,1,6,0,0,0.18364433286543022,0.0,727.6994491577149,909.2798599243164,1,21,2,2024-08-01,89.14000091552735,89.14000091552735,178.2800018310547,3.557017581324837e-05,0
41,86.45000038146975,855.7133344014485,864.5000038146973,1720.2133382161458,0.5,3,0,0.25,1.0,1.0,0,0,1,0,1,4,2,0,0.24239256078369625,0.0,648.294787979126,928.0847286224365,1,21,2,2024-08-01,85.57133344014485,86.45000038146974,172.02133382161458,0.16352026453247206,0
42,118.69209325926556,787.0000038146973,787.0000038146973,1574.0000076293945,1.0,0,1,1.0,1.0,1.0,1,1,1,1,1,0,6,0,0.17334983239806806,0.0,650.5736850561406,854.8575283227657,1,21,2,2024-08-01,78.70000038146974,78.70000038146974,157.40000076293947,6.670688363286869e-05,0
43,108.8240005673623,732.0000038146973,732.0000038146973,1464.0000076293945,1.0,0,1,1.0,1.0,1.0,1,1,1,1,1,0,6,0,0.061317955256558095,0.0,687.1152603329873,890.501988202169,1,21,2,2024-08-01,73.20000038146974,73.20000038146974,146.40000076293947,7.019892884250507e-05,0
44,129.82500085830685,577.0000038146973,577.0000038146973,1154.0000076293945,0.6666666666666666,2,0,1.0,0.6666666666666666,1.0,0,0,1,1,0,0,6,0,0.0,0.0,752.1887703895568,884.3254508018495,1,21,2,2024-08-01,57.70000038146973,57.70000038146973,115.40000076293946,7.313698533497805e-05,0
45,84.53036125763714,511.00000381469727,511.00000381469727,1022.0000076293945,0.0,6,0,1.0,0.0,1.0,0,0,1,1,0,0,6,0,0.0,0.0,746.5542870388872,925.266086496269,1,21,2,2024-08-01,51.10000038146973,51.10000038146973,102.20000076293945,7.24094923377144e-05,0
46,77.45000114440916,472.50000381469727,472.50000381469727,945.0000076293945,0.0,6,0,1.0,0.0,1.0,0,0,1,1,0,0,6,0,0.0,0.0,644.5513805389404,784.2370716094971,1,21,2,2024-08-01,47.25000038146973,47.25000038146973,94.50000076293946,7.125302750050878e-05,0
47,48.410000610351574,484.1000061035156,484.1000061035156,968.2000122070312,0.0,6,0,1.0,0.0,1.0,0,0,1,1,0,0,6,0,0.0,0.0,595.3813751220703,761.960971069336,1,21,2,2024-08-01,48.41000061035157,48.41000061035157,96.82000122070313,7.494765015595823e-05,0
0,0.0,0.0,0.0,0.0,1.0,0,1,1.0,1.0,0.0,1,1,0,1,1,0,0,6,0.0,0.0,178.48516845703125,209.79319763183594,0,22,0,2024-08-01,0.0,0.0,0.0,0.0,0
1,0.0,0.0,0.0,0.0,1.0,0,1,1.0,1.0,0.0,1,1,0,1,1,0,0,6,0.0,0.0,178.27609252929688,206.43775939941406,0,22,0,2024-08-01,0.0,0.0,0.0,0.0,0
2,0.0,0.0,0.0,0.0,1.0,0,1,1.0,1.0,0.0,1,1,0,1,1,0,0,6,0.0,0.0,183.48048400878906,195.75677490234375,0,22,0,2024-08-01,0.0,0.0,0.0,0.0,0
3,0.0,0.0,0.0,0.0,1.0,0,1,1.0,1.0,0.0,1,1,0,1,1,0,0,6,0.0,0.0,215.13784790039062,188.22805786132812,0,22,0,2024-08-01,0.0,0.0,0.0,0.0,0
4,0.0,0.0,0.0,0.0,1.0,0,1,1.0,1.0,0.0,1,1,0,1,1,0,0,6,0.0,0.0,220.89999389648438,163.05413818359375,0,22,0,2024-08-01,0.0,0.0,0.0,0.0,0
5,0.0,0.0,0.0,0.0,1.0,0,1,1.0,1.0,0.0,1,1,0,1,1,0,0,6,0.0,0.0,193.39999389648438,143.98385620117188,0,22,0,2024-08-01,0.0,0.0,0.0,0.0,0
6,0.0,0.0,0.0,0.0,1.0,0,1,1.0,1.0,0.0,1,1,0,1,1,0,0,6,0.0,0.0,115.89999389648438,65.9000015258789,0,22,0,2024-08-01,0.0,0.0,0.0,0.0,0
7,0.0,0.0,0.0,0.0,1.0,0,1,1.0,1.0,0.0,1,1,0,1,1,0,0,6,0.0,0.0,115.89999389648438,60.16243362426758,0,22,0,2024-08-01,0.0,0.0,0.0,0.0,0
8,0.0,0.0,0.0,0.0,1.0,0,1,1.0,1.0,0.0,1,1,0,1,1,0,0,6,0.0,0.0,115.89999389648438,53.96278762817383,0,22,0,2024-08-01,0.0,0.0,0.0,0.0,0
9,0.0,0.0,0.0,0.0,1.0,0,1,1.0,1.0,0.0,1,1,0,1,1,0,0,6,0.0,0.0,115.89999389648438,46.70000076293945,0,22,0,2024-08-01,0.0,0.0,0.0,0.0,0
10,0.0,0.0,0.0,0.0,1.0,0,1,1.0,1.0,0.0,1,1,0,1,1,0,0,6,0.0,0.0,115.89999389648438,46.70000076293945,0,22,0,2024-08-01,0.0,0.0,0.0,0.0,0
11,0.0,0.0,0.0,0.0,1.0,0,1,1.0,1.0,0.0,1,1,0,1,1,0,0,6,0.0,0.0,146.09999084472656,76.9000015258789,0,22,0,2024-08-01,0.0,0.0,0.0,0.0,0
12,0.0,0.0,0.0,0.0,1.0,0,1,1.0,1.0,0.0,1,1,0,1,1,0,0,6,0.0,0.0,184.59999084472656,115.39999389648438,0,22,0,2024-08-01,0.0,0.0,0.0,0.0,0
13,0.0,0.0,0.0,0.0,1.0,0,1,1.0,1.0,0.0,1,1,0,1,1,0,0,6,0.0,0.0,267.0999755859375,197.89999389648438,0,22,0,2024-08-01,0.0,0.0,0.0,0.0,0
14,0.0,0.0,0.0,0.0,1.0,0,1,1.0,1.0,0.0,1,1,0,1,1,0,0,6,0.0,0.0,383.0,279.39007568359375,0,22,0,2024-08-01,0.0,0.0,0.0,0.0,0
15,0.0,0.0,0.0,0.0,1.0,0,1,1.0,1.0,0.0,1,1,0,1,1,0,0,6,0.0,0.0,432.5,313.29998779296875,0,22,0,2024-08-01,0.0,0.0,0.0,0.0,0
16,0.0,0.0,0.0,0.0,1.0,0,1,1.0,1.0,0.0,1,1,0,1,1,0,0,6,0.0,0.0,439.61492919921875,324.29998779296875,0,22,0,2024-08-01,0.0,0.0,0.0,0.0,0
17,0.0,0.0,0.0,0.0,1.0,0,1,1.0,1.0,0.0,1,1,0,1,1,0,0,6,0.0,0.0,519.3456420898438,384.3579406738281,0,22,0,2024-08-01,0.0,0.0,0.0,0.0,0
18,-61.56857641737918,284.00000381469727,303.2000045776367,587.200008392334,1.0,0,1,1.0,1.0,1.0,1,1,1,1,1,0,6,0,0.0,0.0,597.7466091294958,582.0781589369104,1,22,0,2024-08-01,28.400000381469727,30.320000457763673,58.7200008392334,0.1144437532415043,0
19,-37.406810565043145,408.2000045776367,408.2000045776367,816.4000091552734,1.0,0,1,1.0,1.0,1.0,1,1,1,1,1,0,6,0,0.0,0.0,596.0145761537069,653.5398061705118,1,22,0,2024-08-01,40.820000457763676,40.820000457763676,81.64000091552735,0.11072041617151768,0
20,-53.51000061035154,535.1000061035156,535.1000061035156,1070.2000122070312,1.0,0,1,1.0,1.0,1.0,1,1,1,1,1,0,6,0,0.0,0.0,552.6972747802735,641.3998931884765,1,22,0,2024-08-01,53.51000061035157,53.51000061035157,107.02000122070314,0.006915235740541521,0
21,-73.65500061035152,586.0500061035157,601.1000061035156,1187.1500122070313,1.0,0,1,1.0,1.0,1.0,1,1,1,1,1,0,6,0,0.0982016473857681,0.0,528.498930053711,681.638032836914,1,22,0,2024-08-01,58.60500061035157,60.11000061035156,118.71500122070313,0.006466568055846277,0
22,-144.36359073626033,563.4500076293946,578.5000076293945,1141.950015258789,0.5,3,0,0.4,1.0,1.0,0,0,1,0,1,5,1,0,0.0,0.0,564.2438921738959,910.3560223768853,1,22,0,2024-08-01,56.34500076293946,57.85000076293946,114.19500152587892,0.06342553504779062,0
23,-82.8700008392334,608.700008392334,608.700008392334,1217.400016784668,1.0,0,1,1.0,1.0,1.0,1,1,1,1,1,3,3,0,0.0,0.0,674.7681827545166,961.3964900970459,1,22,0,2024-08-01,60.8700008392334,60.8700008392334,121.7400016784668,0.03742558575139461,0
24,-65.82000083923333,658.200008392334,658.200008392334,1316.400016784668,1.0,0,1,1.0,1.0,1.0,1,1,1,1,1,0,6,0,0.0,0.0,715.1743228912354,1052.3102962493895,1,22,0,2024-08-01,65.8200008392334,65.8200008392334,131.6400016784668,8.693475363747247e-10,0
25,-73.57000083923333,735.700008392334,735.700008392334,1471.400016784668,1.0,0,1,1.0,1.0,1.0,1,1,1,1,1,0,6,0,0.0,0.0,777.4749210357667,1144.2667781829832,1,22,0,2024-08-01,73.5700008392334,73.5700008392334,147.1400016784668,7.777688585162466e-10,0
26,-172.25937974309394,835.700008392334,835.700008392334,1671.400016784668,0.3333333333333333,4,0,0.3333333333333333,1.0,1.0,0,0,1,0,1,6,0,0,0.10949742089070723,0.0,744.193012835031,1373.9535936102814,1,22,0,2024-08-01,83.5700008392334,83.5700008392334,167.1400016784668,0.003054926783169342,0
27,-15.97193657919371,816.5000076293945,816.5000076293945,1633.000015258789,0.8333333333333334,1,0,0.8333333333333334,1.0,1.0,0,0,1,0,1,6,0,0,0.0,0.0,893.5604120536188,1300.3718389229437,1,22,0,2024-08-01,81.65000076293946,81.65000076293946,163.3000015258789,0.0032154249369727244,0
28,-47.97552147615833,1048.3000106811523,1048.3000106811523,2096.6000213623047,1.0,0,1,1.0,1.0,1.0,1,1,1,1,1,5,0,1,0.16058006039981929,0.0,879.9639316488417,1382.3754238199083,1,22,0,2024-08-01,104.83000106811524,104.83000106811524,209.66000213623047,0.000293783357120639,0
29,6.1417241408300285,1048.3000106811523,1048.3000106811523,2096.6000213623047,1.0,0,1,1.0,1.0,1.0,1,1,1,1,1,3,0,3,0.11623842726945961,0.0,926.4472661330175,1361.6005854294824,1,22,0,2024-08-01,104.83000106811524,104.83000106811524,209.66000213623047,0.000498910597465209,0
30,57.4442363523806,1064.4333432515461,1067.600009918213,2132.033353169759,0.3333333333333333,4,0,0.3333333333333333,1.0,1.0,0,0,1,0,1,6,0,0,0.18126475206980186,0.0,871.4890971922243,1271.759254858557,1,22,0,2024-08-01,106.44333432515462,106.7600009918213,213.20333531697588,0.03485225960688319,0
31,130.36000175476067,1111.600009918213,1111.600009918213,2223.200019836426,0.16666666666666666,5,0,0.16666666666666666,1.0,1.0,0,0,1,0,1,6,0,0,0.1676676410239363,0.0,925.2206584930419,1188.6646564483644,1,22,0,2024-08-01,111.16000099182129,111.16000099182129,222.32000198364258,0.035037541600180966,0
32,122.99000091552728,1119.9000091552734,1119.9000091552734,2239.800018310547,0.0,6,0,1.0,0.0,1.0,0,0,1,1,0,0,6,0,0.15029617297065573,0.0,951.5833236694335,1138.4391983032228,1,22,0,2024-08-01,111.99000091552735,111.99000091552735,223.9800018310547,0.006552318218884567,0
33,110.3400009155273,1089.8993375142416,1103.4000091552734,2193.299346669515,0.5,3,0,1.0,0.25,1.0,0,0,1,1,0,2,4,0,0.2225324540954293,0.0,847.3613632202148,1104.3941299438477,1,22,0,2024-08-01,108.98993375142416,110.34000091552736,219.32993466695154,0.02309134005917916,0
34,127.07000160217285,1070.529343922933,1078.700008392334,2149.229352315267,0.16666666666666666,5,0,0.16666666666666666,1.0,1.0,0,0,1,0,1,6,0,0,0.2034040383581475,0.0,852.7793521881104,1085.9059505462646,1,22,0,2024-08-01,107.05293439229331,107.8700008392334,214.9229352315267,0.04613862066621896,0
35,145.17000083923335,951.700008392334,951.700008392334,1903.400016784668,0.0,6,0,0.0,1.0,1.0,0,0,1,0,1,6,0,0,0.034985300188273415,0.0,918.4044979095459,1106.3184024810791,1,22,0,2024-08-01,95.17000083923341,95.17000083923341,190.34000167846682,0.02483309082929855,0
36,258.9282744085001,944.1000061035156,944.1000061035156,1888.2000122070312,1.0,0,1,1.0,1.0,1.0,1,1,1,1,1,2,4,0,0.0,0.07810103719416622,989.2838652288126,870.3648164118124,1,22,0,2024-08-01,94.41000061035157,94.41000061035157,188.82000122070315,0.20126280582500256,0
37,131.58000068664546,1040.800006866455,1040.800006866455,2081.60001373291,0.6666666666666666,2,0,0.6666666666666666,1.0,1.0,0,0,1,0,1,6,0,0,0.1573420157963432,0.06819764098873415,877.0384357452392,969.8199016571045,1,22,0,2024-08-01,104.08000068664552,104.08000068664552,208.16000137329104,0.0020202019739247413,0
38,101.07000083923333,1010.700008392334,1010.700008392334,2021.400016784668,0.8333333333333334,1,0,0.0,1.0,1.0,0,0,1,0,1,1,5,0,0.23078318413974583,0.030096052506236953,777.4474422454833,980.2819278717042,1,22,0,2024-08-01,101.0700008392334,101.0700008392334,202.1400016784668,0.027188206471413148,0
39,158.12000236511233,922.200008392334,922.200008392334,1844.400016784668,1.0,0,1,1.0,1.0,1.0,1,1,1,1,1,0,6,0,0.1159326989124791,0.010661830155639962,815.2868724822998,912.3676685333252,1,22,0,2024-08-01,92.2200008392334,92.2200008392334,184.4400016784668,0.04841263493355634,0
40,89.14000091552737,891.4000091552734,891.4000091552734,1782.8000183105469,1.0,0,1,1.0,1.0,1.0,1,1,1,1,1,1,5,0,0.11378475634663508,0.0,789.9722763061524,935.5464004516601,1,22,0,2024-08-01,89.14000091552735,89.14000091552735,178.2800018310547,0.0021994066087399774,0
41,86.45000038146975,855.7133344014485,864.5000038146973,1720.2133382161458,1.0,0,1,1.0,1.0,1.0,1,1,1,1,1,0,6,0,0.14940537648229246,0.03337185361222643,727.8651615142822,835.650036239624,1,22,0,2024-08-01,85.57133344014485,86.45000038146974,172.02133382161458,0.002639353168016526,0
42,118.69209325926556,787.0000038146973,787.0000038146973,1574.0000076293945,1.0,0,1,1.0,1.0,1.0,1,1,1,1,1,0,6,0,0.0,0.0,834.9439243139531,869.9079433618282,1,22,0,2024-08-01,78.70000038146974,78.70000038146974,157.40000076293947,0.0014164311098623693,0
43,108.8240005673623,732.0000038146973,732.0000038146973,1464.0000076293945,1.0,0,1,1.0,1.0,1.0,1,1,1,1,1,0,6,0,0.0,0.0,801.1374771298623,841.5600326357627,1,22,0,2024-08-01,73.20000038146974,73.20000038146974,146.40000076293947,0.0011232368968386091,0
44,129.82500085830685,577.0000038146973,577.0000038146973,1154.0000076293945,0.8333333333333334,1,0,1.0,0.8333333333333334,1.0,0,0,1,1,0,0,6,0,0.0,0.0,738.0779305458068,736.467906856537,1,22,0,2024-08-01,57.70000038146973,57.70000038146973,115.40000076293946,0.0010502614360111378,0
45,84.53036125763714,511.00000381469727,511.00000381469727,1022.0000076293945,0.6666666666666666,2,0,1.0,0.6666666666666666,1.0,0,0,1,1,0,0,6,0,0.0,0.0,716.5251122341997,775.1938819064253,1,22,0,2024-08-01,51.10000038146973,51.10000038146973,102.20000076293945,0.0005280045315441798,0
46,77.45000114440916,472.50000381469727,472.50000381469727,945.0000076293945,0.0,6,0,0.0,0.0,1.0,0,0,1,0,0,3,3,0,0.0,0.0,592.6176647186279,680.2668567657471,1,22,0,2024-08-01,47.25000038146973,47.25000038146973,94.50000076293946,0.0001424960977665646,0
47,48.410000610351574,484.1000061035156,484.1000061035156,968.2000122070312,0.0,6,0,0.0,0.0,1.0,0,0,1,0,0,5,1,0,0.35917809058557626,0.0,310.2218902587891,489.0722991943359,1,22,0,2024-08-01,48.41000061035157,48.41000061035157,96.82000122070313,3.640076911104989e-05,0
0,0.0,0.0,0.0,0.0,1.0,0,1,1.0,1.0,0.0,1,1,0,1,1,0,0,6,0.0,0.0,249.89999389648438,249.89999389648438,0,22,1,2024-08-01,0.0,0.0,0.0,0.0,0
1,0.0,0.0,0.0,0.0,1.0,0,1,1.0,1.0,0.0,1,1,0,1,1,0,0,6,0.0,0.0,249.89999389648438,249.89999389648438,0,22,1,2024-08-01,0.0,0.0,0.0,0.0,0
2,0.0,0.0,0.0,0.0,1.0,0,1,1.0,1.0,0.0,1,1,0,1,1,0,0,6,0.0,0.0,222.39999389648438,222.39999389648438,0,22,1,2024-08-01,0.0,0.0,0.0,0.0,0
3,0.0,0.0,0.0,0.0,1.0,0,1,1.0,1.0,0.0,1,1,0,1,1,0,0,6,0.0,0.0,249.89999389648438,249.89999389648438,0,22,1,2024-08-01,0.0,0.0,0.0,0.0,0
4,0.0,0.0,0.0,0.0,1.0,0,1,1.0,1.0,0.0,1,1,0,1,1,0,0,6,0.0,0.0,230.69998168945312,230.69998168945312,0,22,1,2024-08-01,0.0,0.0,0.0,0.0,0
5,0.0,0.0,0.0,0.0,1.0,0,1,1.0,1.0,0.0,1,1,0,1,1,0,0,6,0.0,0.0,230.69998168945312,230.69998168945312,0,22,1,2024-08-01,0.0,0.0,0.0,0.0,0
6,0.0,0.0,0.0,0.0,1.0,0,1,1.0,1.0,0.0,1,1,0,1,1,0,0,6,0.0,0.0,230.6999969482422,230.6999969482422,0,22,1,2024-08-01,0.0,0.0,0.0,0.0,0
7,0.0,0.0,0.0,0.0,1.0,0,1,1.0,1.0,0.0,1,1,0,1,1,0,0,6,0.0,0.0,238.89999389648438,238.89999389648438,0,22,1,2024-08-01,0.0,0.0,0.0,0.0,0
8,0.0,0.0,0.0,0.0,1.0,0,1,1.0,1.0,0.0,1,1,0,1,1,0,0,6,0.0,0.0,238.89999389648438,238.89999389648438,0,22,1,2024-08-01,0.0,0.0,0.0,0.0,0
9,0.0,0.0,0.0,0.0,1.0,0,1,1.0,1.0,0.0,1,1,0,1,1,0,0,6,0.0,0.0,258.1000061035156,258.1000061035156,0,22,1,2024-08-01,0.0,0.0,0.0,0.0,0
10,0.0,0.0,0.0,0.0,1.0,0,1,1.0,1.0,0.0,1,1,0,1,1,0,0,6,0.0,0.0,258.1000061035156,256.4651794433594,0,22,1,2024-08-01,0.0,0.0,0.0,0.0,0
11,0.0,0.0,0.0,0.0,1.0,0,1,1.0,1.0,0.0,1,1,0,1,1,0,0,6,0.0,0.0,258.1000061035156,234.09188842773438,0,22,1,2024-08-01,0.0,0.0,0.0,0.0,0
12,0.0,0.0,0.0,0.0,1.0,0,1,1.0,1.0,0.0,1,1,0,1,1,0,0,6,0.0,0.0,258.1000061035156,215.99835205078125,0,22,1,2024-08-01,0.0,0.0,0.0,0.0,0
13,0.0,0.0,0.0,0.0,1.0,0,1,1.0,1.0,0.0,1,1,0,1,1,0,0,6,0.0,0.0,288.29998779296875,237.54513549804688,0,22,1,2024-08-01,0.0,0.0,0.0,0.0,0
14,0.0,0.0,0.0,0.0,1.0,0,1,1.0,1.0,0.0,1,1,0,1,1,0,0,6,0.0,0.0,358.1766662597656,329.1497802734375,0,22,1,2024-08-01,0.0,0.0,0.0,0.0,0
15,0.0,0.0,0.0,0.0,1.0,0,1,1.0,1.0,0.0,1,1,0,1,1,0,0,6,0.0,0.0,355.3060607910156,319.348876953125,0,22,1,2024-08-01,0.0,0.0,0.0,0.0,0
16,0.0,0.0,0.0,0.0,1.0,0,1,1.0,1.0,0.0,1,1,0,1,1,0,0,6,0.0,0.0,460.5029602050781,416.73333740234375,0,22,1,2024-08-01,0.0,0.0,0.0,0.0,0
17,0.0,0.0,0.0,0.0,1.0,0,1,1.0,1.0,0.0,1,1,0,1,1,0,0,6,0.0,0.0,477.3318786621094,421.13287353515625,0,22,1,2024-08-01,0.0,0.0,0.0,0.0,0
18,-61.56857641737918,284.00000381469727,303.2000045776367,587.200008392334,0.16666666666666666,5,0,1.0,0.16666666666666666,1.0,0,0,1,1,0,0,6,0,0.0,0.0,412.56243554551145,552.3716770033167,1,22,1,2024-08-01,28.400000381469727,30.320000457763673,58.7200008392334,0.1144437532415043,0
19,-37.406810565043145,408.2000045776367,408.2000045776367,816.4000091552734,0.6666666666666666,2,0,1.0,0.6666666666666666,1.0,0,0,1,1,0,0,6,0,0.0,0.0,460.2932016419881,554.4632680845743,1,22,1,2024-08-01,40.820000457763676,40.820000457763676,81.64000091552735,0.11072041617151768,0
20,-53.51000061035154,535.1000061035156,535.1000061035156,1070.2000122070312,0.8333333333333334,1,0,1.0,0.8333333333333334,1.0,0,0,1,1,0,0,6,0,0.11868803843834633,0.0,471.5900360107422,584.400503540039,1,22,1,2024-08-01,53.51000061035157,53.51000061035157,107.02000122070314,0.006915235740541521,0
21,-73.65500061035152,586.0500061035157,601.1000061035156,1187.1500122070313,1.0,0,1,1.0,1.0,1.0,1,1,1,1,1,0,6,0,0.18020496439470116,0.0,480.44088562011723,653.0267657470703,1,22,1,2024-08-01,58.60500061035157,60.11000061035156,118.71500122070313,0.006466568055846277,0
22,-144.36359073626033,563.4500076293946,578.5000076293945,1141.950015258789,1.0,0,1,1.0,1.0,1.0,1,1,1,1,1,5,1,0,0.180300415925731,0.0,461.8597369004584,855.6177411268853,1,22,1,2024-08-01,56.34500076293946,57.85000076293946,114.19500152587892,0.06342553504779062,0
23,-82.8700008392334,608.700008392334,608.700008392334,1217.400016784668,0.6666666666666666,2,0,1.0,0.3333333333333333,1.0,0,0,1,1,0,3,3,0,0.21303696116971013,0.0,479.0244083404541,835.6070003509521,1,22,1,2024-08-01,60.8700008392334,60.8700008392334,121.7400016784668,0.03742558575139461,0
24,-65.82000083923333,658.200008392334,658.200008392334,1316.400016784668,1.0,0,1,1.0,1.0,1.0,1,1,1,1,1,0,6,0,0.3434273801474961,0.0,432.1561038970948,897.7189876556396,1,22,1,2024-08-01,65.8200008392334,65.8200008392334,131.6400016784668,8.693475363747247e-10,0
25,-73.57000083923333,735.700008392334,735.700008392334,1471.400016784668,1.0,0,1,1.0,1.0,1.0,1,1,1,1,1,0,6,0,0.4981181196909915,0.0,369.2345035552979,943.4700252532958,1,22,1,2024-08-01,73.5700008392334,73.5700008392334,147.1400016784668,7.777688585162466e-10,0
26,-172.25937974309394,835.700008392334,835.700008392334,1671.400016784668,1.0,0,1,1.0,1.0,1.0,1,1,1,1,1,6,0,0,0.8671370253776767,0.0,111.03358900690606,1025.5594285712189,1,22,1,2024-08-01,83.5700008392334,83.5700008392334,167.1400016784668,0.003054926783169342,0
27,-15.97193657919371,816.5000076293945,816.5000076293945,1633.000015258789,1.0,0,1,1.0,1.0,1.0,1,1,1,1,1,6,0,0,0.7554814271834761,0.0,199.64941657022035,830.7719854073187,1,22,1,2024-08-01,81.65000076293946,81.65000076293946,163.3000015258789,0.0032154249369727244,0
28,-47.97552147615833,1048.3000106811523,1048.3000106811523,2096.6000213623047,0.8333333333333334,1,0,0.8,1.0,1.0,0,0,1,0,1,5,0,1,0.8608900155572765,0.17697647475584885,145.828998177162,862.7755703042833,1,22,1,2024-08-01,104.83000106811524,104.83000106811524,209.66000213623047,0.000293783357120639,0
29,6.1417241408300285,1048.3000106811523,1048.3000106811523,2096.6000213623047,1.0,0,1,1.0,1.0,1.0,1,1,1,1,1,3,0,3,0.7959521468878961,0.2181071102396471,213.90336659688472,819.658324687295,1,22,1,2024-08-01,104.83000106811524,104.83000106811524,209.66000213623047,0.000498910597465209,0
30,57.4442363523806,1064.4333432515461,1067.600009918213,2132.033353169759,0.0,6,0,0.0,1.0,1.0,0,0,1,0,1,6,0,0,0.685547976857321,0.2571601561304497,334.71321828597434,793.0558246827757,1,22,1,2024-08-01,106.44333432515462,106.7600009918213,213.20333531697588,0.03485225960688319,0
31,130.36000175476067,1111.600009918213,1111.600009918213,2223.200019836426,0.8333333333333334,1,0,0.8333333333333334,1.0,1.0,0,0,1,0,1,6,0,0,0.5438457655314741,0.2651673235300075,507.0610515594482,816.8400104522706,1,22,1,2024-08-01,111.16000099182129,111.16000099182129,222.32000198364258,0.035037541600180966,0
32,122.99000091552728,1119.9000091552734,1119.9000091552734,2239.800018310547,1.0,0,1,1.0,1.0,1.0,1,1,1,1,1,0,6,0,0.5164461486218578,0.24929904061199087,541.5319625854492,840.710011291504,1,22,1,2024-08-01,111.99000091552735,111.99000091552735,223.9800018310547,0.006552318218884567,0
33,110.3400009155273,1089.8993375142416,1103.4000091552734,2193.299346669515,1.0,0,1,1.0,1.0,1.0,1,1,1,1,1,2,4,0,0.4923394811101214,0.268932342372209,553.2988632202148,806.660060119629,1,22,1,2024-08-01,108.98993375142416,110.34000091552736,219.32993466695154,0.02309134005917916,0
34,127.07000160217285,1070.529343922933,1078.700008392334,2149.229352315267,0.5,3,0,0.5,1.0,1.0,0,0,1,0,1,6,0,0,0.45538269811903814,0.2243162689198524,583.0288028717041,836.7300472259521,1,22,1,2024-08-01,107.05293439229331,107.8700008392334,214.9229352315267,0.04613862066621896,0
35,145.17000083923335,951.700008392334,951.700008392334,1903.400016784668,0.16666666666666666,5,0,0.16666666666666666,1.0,1.0,0,0,1,0,1,6,0,0,0.38523387699496153,0.16871909108699734,585.0729244232177,791.1300479888916,1,22,1,2024-08-01,95.17000083923341,95.17000083923341,190.34000167846682,0.02483309082929855,0
36,258.9282744085001,944.1000061035156,944.1000061035156,1888.2000122070312,1.0,0,1,1.0,1.0,1.0,1,1,1,1,1,2,4,0,0.1498911618651321,0.32743168530819705,802.5877592717814,634.9717500055624,1,22,1,2024-08-01,94.41000061035157,94.41000061035157,188.82000122070315,0.20126280582500256,0
37,131.58000068664546,1040.800006866455,1040.800006866455,2081.60001373291,1.0,0,1,1.0,1.0,1.0,1,1,1,1,1,6,0,0,0.16634863033401875,0.2721752200837124,867.664351272583,757.5200359344483,1,22,1,2024-08-01,104.08000068664552,104.08000068664552,208.16000137329104,0.0020202019739247413,0
38,101.07000083923333,1010.700008392334,1010.700008392334,2021.400016784668,0.8333333333333334,1,0,0.0,1.0,1.0,0,0,1,0,1,1,5,0,0.19931224522756452,0.24752149058394238,809.2551204681396,760.5300357818604,1,22,1,2024-08-01,101.0700008392334,101.0700008392334,202.1400016784668,0.027188206471413148,0
39,158.12000236511233,922.200008392334,922.200008392334,1844.400016784668,0.6666666666666666,2,0,1.0,0.6666666666666666,1.0,0,0,1,1,0,0,6,0,0.07427445126715805,0.2668835353617863,853.7041088104248,676.0800098419189,1,22,1,2024-08-01,92.2200008392334,92.2200008392334,184.4400016784668,0.04841263493355634,0
40,89.14000091552737,891.4000091552734,891.4000091552734,1782.8000183105469,0.16666666666666666,5,0,1.0,0.0,1.0,0,0,1,1,0,1,5,0,0.09569016756954109,0.19501906672460922,806.1017929077149,717.5600112915039,1,22,1,2024-08-01,89.14000091552735,89.14000091552735,178.2800018310547,0.0021994066087399774,0
41,86.45000038146975,855.7133344014485,864.5000038146973,1720.2133382161458,0.5,3,0,1.0,0.5,1.0,0,0,1,1,0,0,6,0,0.12468762895865641,0.17619044731943037,749.016467666626,712.1833614349365,1,22,1,2024-08-01,85.57133344014485,86.45000038146974,172.02133382161458,0.002639353168016526,0
42,118.69209325926556,787.0000038146973,787.0000038146973,1574.0000076293945,1.0,0,1,1.0,1.0,1.0,1,1,1,1,1,0,6,0,0.22435777308058255,0.33439838240238623,610.4304355444218,523.8284755883907,1,22,1,2024-08-01,78.70000038146974,78.70000038146974,157.40000076293947,0.0014164311098623693,0
43,108.8240005673623,732.0000038146973,732.0000038146973,1464.0000076293945,1.0,0,1,1.0,1.0,1.0,1,1,1,1,1,0,6,0,0.33512770991581603,0.3732567846135303,486.6865188779092,458.77603605373145,1,22,1,2024-08-01,73.20000038146974,73.20000038146974,146.40000076293947,0.0011232368968386091,0
44,129.82500085830685,577.0000038146973,577.0000038146973,1154.0000076293945,1.0,0,1,1.0,1.0,1.0,1,1,1,1,1,0,6,0,0.20184381556490227,0.3120065204018305,460.5361214637756,396.97224035263065,1,22,1,2024-08-01,57.70000038146973,57.70000038146973,115.40000076293946,0.0010502614360111378,0
45,84.53036125763714,511.00000381469727,511.00000381469727,1022.0000076293945,1.0,0,1,1.0,1.0,1.0,1,1,1,1,1,0,6,0,0.1924786187785897,0.1398384100336095,412.64342888459026,439.5425757540816,1,22,1,2024-08-01,51.10000038146973,51.10000038146973,102.20000076293945,0.0005280045315441798,0
46,77.45000114440916,472.50000381469727,472.50000381469727,945.0000076293945,1.0,0,1,1.0,1.0,1.0,1,1,1,1,1,3,3,0,0.1492056690260011,0.05629222440937805,402.0003246307373,445.90192756652834,1,22,1,2024-08-01,47.25000038146973,47.25000038146973,94.50000076293946,0.0001424960977665646,0
47,48.410000610351574,484.1000061035156,484.1000061035156,968.2000122070312,1.0,0,1,1.0,1.0,1.0,1,1,1,1,1,5,1,0,0.293367542523039,0.06111609230769815,342.0807769775391,454.5137054443359,1,22,1,2024-08-01,48.41000061035157,48.41000061035157,96.82000122070313,3.640076911104989e-05,0
0,0.0,0.0,0.0,0.0,1.0,0,1,1.0,1.0,0.0,1,1,0,1,1,0,0,6,0.0,0.0,235.4906463623047,218.31056213378906,0,22,2,2024-08-01,0.0,0.0,0.0,0.0,0
1,0.0,0.0,0.0,0.0,1.0,0,1,1.0,1.0,0.0,1,1,0,1,1,0,0,6,0.0,0.0,222.9273681640625,184.85275268554688,0,22,2,2024-08-01,0.0,0.0,0.0,0.0,0
2,0.0,0.0,0.0,0.0,1.0,0,1,1.0,1.0,0.0,1,1,0,1,1,0,0,6,0.0,0.0,162.7286376953125,101.69999694824219,0,22,2,2024-08-01,0.0,0.0,0.0,0.0,0
3,0.0,0.0,0.0,0.0,1.0,0,1,1.0,1.0,0.0,1,1,0,1,1,0,0,6,0.0,0.0,162.77267456054688,101.69999694824219,0,22,2,2024-08-01,0.0,0.0,0.0,0.0,0
4,0.0,0.0,0.0,0.0,1.0,0,1,1.0,1.0,0.0,1,1,0,1,1,0,0,6,0.0,0.0,167.00953674316406,101.69999694824219,0,22,2,2024-08-01,0.0,0.0,0.0,0.0,0
5,0.0,0.0,0.0,0.0,1.0,0,1,1.0,1.0,0.0,1,1,0,1,1,0,0,6,0.0,0.0,151.6999969482422,101.69999694824219,0,22,2,2024-08-01,0.0,0.0,0.0,0.0,0
6,0.0,0.0,0.0,0.0,1.0,0,1,1.0,1.0,0.0,1,1,0,1,1,0,0,6,0.0,0.0,151.6999969482422,99.56867980957031,0,22,2,2024-08-01,0.0,0.0,0.0,0.0,0
7,0.0,0.0,0.0,0.0,1.0,0,1,1.0,1.0,0.0,1,1,0,1,1,0,0,6,0.0,0.0,151.6999969482422,95.22305297851562,0,22,2,2024-08-01,0.0,0.0,0.0,0.0,0
8,0.0,0.0,0.0,0.0,1.0,0,1,1.0,1.0,0.0,1,1,0,1,1,0,0,6,0.0,0.0,151.6999969482422,92.04774475097656,0,22,2,2024-08-01,0.0,0.0,0.0,0.0,0
9,0.0,0.0,0.0,0.0,1.0,0,1,1.0,1.0,0.0,1,1,0,1,1,0,0,6,0.0,0.0,120.89999389648438,105.5417709350586,0,22,2,2024-08-01,0.0,0.0,0.0,0.0,0
10,0.0,0.0,0.0,0.0,1.0,0,1,1.0,1.0,0.0,1,1,0,1,1,0,0,6,0.0,0.0,120.89999389648438,101.47618865966797,0,22,2,2024-08-01,0.0,0.0,0.0,0.0,0
11,0.0,0.0,0.0,0.0,1.0,0,1,1.0,1.0,0.0,1,1,0,1,1,0,0,6,0.0,0.0,120.89999389648438,100.8487777709961,0,22,2,2024-08-01,0.0,0.0,0.0,0.0,0
12,0.0,0.0,0.0,0.0,1.0,0,1,1.0,1.0,0.0,1,1,0,1,1,0,0,6,0.0,0.0,131.89999389648438,105.99041748046875,0,22,2,2024-08-01,0.0,0.0,0.0,0.0,0
13,0.0,0.0,0.0,0.0,1.0,0,1,1.0,1.0,0.0,1,1,0,1,1,0,0,6,0.0,0.0,172.25274658203125,151.27996826171875,0,22,2,2024-08-01,0.0,0.0,0.0,0.0,0
14,0.0,0.0,0.0,0.0,1.0,0,1,1.0,1.0,0.0,1,1,0,1,1,0,0,6,0.0,0.0,250.0,196.442626953125,0,22,2,2024-08-01,0.0,0.0,0.0,0.0,0
15,0.0,0.0,0.0,0.0,1.0,0,1,1.0,1.0,0.0,1,1,0,1,1,0,0,6,0.0,0.0,250.0,188.80947875976562,0,22,2,2024-08-01,0.0,0.0,0.0,0.0,0
16,0.0,0.0,0.0,0.0,1.0,0,1,1.0,1.0,0.0,1,1,0,1,1,0,0,6,0.0,0.0,322.1000061035156,261.24786376953125,0,22,2,2024-08-01,0.0,0.0,0.0,0.0,0
17,0.0,0.0,0.0,0.0,1.0,0,1,1.0,1.0,0.0,1,1,0,1,1,0,0,6,0.0,0.0,393.5,323.53411865234375,0,22,2,2024-08-01,0.0,0.0,0.0,0.0,0
18,-61.56857641737918,284.00000381469727,303.2000045776367,587.200008392334,1.0,0,1,1.0,1.0,1.0,1,1,1,1,1,0,6,0,0.0,0.0,556.8838161607458,681.2685886244104,1,22,2,2024-08-01,28.400000381469727,30.320000457763673,58.7200008392334,0.1144437532415043,0
19,-37.406810565043145,408.2000045776367,408.2000045776367,816.4000091552734,1.0,0,1,1.0,1.0,1.0,1,1,1,1,1,0,6,0,0.0,0.0,729.7312509583944,792.8747060728556,1,22,2,2024-08-01,40.820000457763676,40.820000457763676,81.64000091552735,0.11072041617151768,0
20,-53.51000061035154,535.1000061035156,535.1000061035156,1070.2000122070312,1.0,0,1,1.0,1.0,1.0,1,1,1,1,1,0,6,0,0.0,0.0,571.5927825927735,747.531851196289,1,22,2,2024-08-01,53.51000061035157,53.51000061035157,107.02000122070314,0.006915235740541521,0
21,-73.65500061035152,586.0500061035157,601.1000061035156,1187.1500122070313,0.8333333333333334,1,0,1.0,0.8333333333333334,1.0,0,0,1,1,0,0,6,0,0.08197028480979272,0.0,538.0113201904297,770.8535479736328,1,22,2,2024-08-01,58.60500061035157,60.11000061035156,118.71500122070313,0.006466568055846277,0
22,-144.36359073626033,563.4500076293946,578.5000076293945,1141.950015258789,0.0,6,0,0.0,0.0,1.0,0,0,1,0,0,5,1,0,0.2838452653381398,0.0,403.51739070905217,899.2636151503228,1,22,2,2024-08-01,56.34500076293946,57.85000076293946,114.19500152587892,0.06342553504779062,0
23,-82.8700008392334,608.700008392334,608.700008392334,1217.400016784668,0.0,6,0,0.0,0.0,1.0,0,0,1,0,0,3,3,0,0.344833690764049,0.0,398.79973793029785,782.7700252532959,1,22,2,2024-08-01,60.8700008392334,60.8700008392334,121.7400016784668,0.03742558575139461,0
24,-65.82000083923333,658.200008392334,658.200008392334,1316.400016784668,1.0,0,1,1.0,1.0,1.0,1,1,1,1,1,0,6,0,0.3761211551313504,0.0,410.6370609283448,789.1254207611083,1,22,2,2024-08-01,65.8200008392334,65.8200008392334,131.6400016784668,8.693475363747247e-10,0
25,-73.57000083923333,735.700008392334,735.700008392334,1471.400016784668,1.0,0,1,1.0,1.0,1.0,1,1,1,1,1,0,6,0,0.51406802365805,0.0,357.50015907287604,778.9700252532958,1,22,2,2024-08-01,73.5700008392334,73.5700008392334,147.1400016784668,7.777688585162466e-10,0
26,-172.25937974309394,835.700008392334,835.700008392334,1671.400016784668,0.0,6,0,0.0,1.0,1.0,0,0,1,0,1,6,0,0,0.8347333611923252,0.0,138.11333143854668,858.459330914969,1,22,2,2024-08-01,83.5700008392334,83.5700008392334,167.1400016784668,0.003054926783169342,0
27,-15.97193657919371,816.5000076293945,816.5000076293945,1633.000015258789,1.0,0,1,1.0,1.0,1.0,1,1,1,1,1,6,0,0,0.6417325099104159,0.10303503598922191,292.5254083915094,732.3718999580999,1,22,2,2024-08-01,81.65000076293946,81.65000076293946,163.3000015258789,0.0032154249369727244,0
28,-47.97552147615833,1048.3000106811523,1048.3000106811523,2096.6000213623047,0.6666666666666666,2,0,0.6,1.0,1.0,0,0,1,0,1,5,0,1,0.7018933914788071,0.17068064867215663,312.5051608968885,869.3754848550645,1,22,2,2024-08-01,104.83000106811524,104.83000106811524,209.66000213623047,0.000293783357120639,0
29,6.1417241408300285,1048.3000106811523,1048.3000106811523,2096.6000213623047,0.8333333333333334,1,0,0.6666666666666666,1.0,1.0,0,0,1,0,1,3,0,3,0.6458098415419466,0.19616688441641247,371.2975468947363,842.6582636521388,1,22,2,2024-08-01,104.83000106811524,104.83000106811524,209.66000213623047,0.000498910597465209,0
30,57.4442363523806,1064.4333432515461,1067.600009918213,2132.033353169759,1.0,0,1,1.0,1.0,1.0,1,1,1,1,1,6,0,0,0.5292290741275215,0.1961644480471609,501.1042705320681,858.1748432374632,1,22,2,2024-08-01,106.44333432515462,106.7600009918213,213.20333531697588,0.03485225960688319,0
31,130.36000175476067,1111.600009918213,1111.600009918213,2223.200019836426,1.0,0,1,1.0,1.0,1.0,1,1,1,1,1,6,0,0,0.46080975878069547,0.25740812778211697,599.3638774871825,825.4651325225831,1,22,2,2024-08-01,111.16000099182129,111.16000099182129,222.32000198364258,0.035037541600180966,0
32,122.99000091552728,1119.9000091552734,1119.9000091552734,2239.800018310547,1.0,0,1,1.0,1.0,1.0,1,1,1,1,1,0,6,0,0.41378356148417894,0.2136156834680525,656.5037948608398,880.6718032836915,1,22,2,2024-08-01,111.99000091552735,111.99000091552735,223.9800018310547,0.006552318218884567,0
33,110.3400009155273,1089.8993375142416,1103.4000091552734,2193.299346669515,1.0,0,1,1.0,1.0,1.0,1,1,1,1,1,2,4,0,0.29801415522419294,0.10947719591694496,765.0939071655273,982.6028701782227,1,22,2,2024-08-01,108.98993375142416,110.34000091552736,219.32993466695154,0.02309134005917916,0
34,127.07000160217285,1070.529343922933,1078.700008392334,2149.229352315267,0.5,3,0,0.5,1.0,1.0,0,0,1,0,1,6,0,0,0.2235317465507451,0.03429714291837282,831.2320499420166,1041.7036800384521,1,22,2,2024-08-01,107.05293439229331,107.8700008392334,214.9229352315267,0.04613862066621896,0
35,145.17000083923335,951.700008392334,951.700008392334,1903.400016784668,0.0,6,0,0.0,1.0,1.0,0,0,1,0,1,6,0,0,0.013505376191856945,0.0,938.8469417572021,1042.0437442779541,1,22,2,2024-08-01,95.17000083923341,95.17000083923341,190.34000167846682,0.02483309082929855,0
36,258.9282744085001,944.1000061035156,944.1000061035156,1888.2000122070312,1.0,0,1,1.0,1.0,1.0,1,1,1,1,1,2,4,0,0.0,0.14122681360889808,1027.569875971,810.7677705133749,1,22,2,2024-08-01,94.41000061035157,94.41000061035157,188.82000122070315,0.20126280582500256,0
37,131.58000068664546,1040.800006866455,1040.800006866455,2081.60001373291,1.0,0,1,1.0,1.0,1.0,1,1,1,1,1,6,0,0,0.03665566805055858,0.1186690469282786,1002.6487873077392,917.289262008667,1,22,2,2024-08-01,104.08000068664552,104.08000068664552,208.16000137329104,0.0020202019739247413,0
38,101.07000083923333,1010.700008392334,1010.700008392334,2021.400016784668,1.0,0,1,1.0,1.0,1.0,1,1,1,1,1,1,5,0,0.061629506859365045,0.041803183566578646,948.4110652923583,968.4495304107667,1,22,2,2024-08-01,101.0700008392334,101.0700008392334,202.1400016784668,0.027188206471413148,0
39,158.12000236511233,922.200008392334,922.200008392334,1844.400016784668,1.0,0,1,1.0,1.0,1.0,1,1,1,1,1,0,6,0,0.0,0.0,984.6373973846436,991.1523365020752,1,22,2,2024-08-01,92.2200008392334,92.2200008392334,184.4400016784668,0.04841263493355634,0
40,89.14000091552737,891.4000091552734,891.4000091552734,1782.8000183105469,1.0,0,1,1.0,1.0,1.0,1,1,1,1,1,1,5,0,0.1137503153736954,0.0,790.0029769897461,922.7877944946289,1,22,2,2024-08-01,89.14000091552735,89.14000091552735,178.2800018310547,0.0021994066087399774,0
41,86.45000038146975,855.7133344014485,864.5000038146973,1720.2133382161458,1.0,0,1,1.0,1.0,1.0,1,1,1,1,1,0,6,0,0.18438324707300094,0.0,697.9341312408447,870.624401473999,1,22,2,2024-08-01,85.57133344014485,86.45000038146974,172.02133382161458,0.002639353168016526,0
42,118.69209325926556,787.0000038146973,787.0000038146973,1574.0000076293945,1.0,0,1,1.0,1.0,1.0,1,1,1,1,1,0,6,0,0.19031396070588985,0.025797498911717825,637.2229160131718,766.6973720727657,1,22,2,2024-08-01,78.70000038146974,78.70000038146974,157.40000076293947,0.0014164311098623693,0
43,108.8240005673623,732.0000038146973,732.0000038146973,1464.0000076293945,1.0,0,1,1.0,1.0,1.0,1,1,1,1,1,0,6,0,0.1564389527890483,0.0,617.4866897763467,755.6883285342002,1,22,2,2024-08-01,73.20000038146974,73.20000038146974,146.40000076293947,0.0011232368968386091,0
44,129.82500085830685,577.0000038146973,577.0000038146973,1154.0000076293945,0.16666666666666666,5,0,1.0,0.16666666666666666,1.0,0,0,1,1,0,0,6,0,0.0,0.0,662.7917977333068,689.6749991416932,1,22,2,2024-08-01,57.70000038146973,57.70000038146973,115.40000076293946,0.0010502614360111378,0
45,84.53036125763714,511.00000381469727,511.00000381469727,1022.0000076293945,0.0,6,0,1.0,0.0,1.0,0,0,1,1,0,0,6,0,0.0,0.0,592.4615746365434,688.2696265353316,1,22,2,2024-08-01,51.10000038146973,51.10000038146973,102.20000076293945,0.0005280045315441798,0
46,77.45000114440916,472.50000381469727,472.50000381469727,945.0000076293945,0.3333333333333333,4,0,0.6666666666666666,0.0,1.0,0,0,1,0,0,3,3,0,0.0,0.0,498.5870250701904,590.3499866485596,1,22,2,2024-08-01,47.25000038146973,47.25000038146973,94.50000076293946,0.0001424960977665646,0
47,48.410000610351574,484.1000061035156,484.1000061035156,968.2000122070312,0.0,6,0,0.0,0.0,1.0,0,0,1,0,0,5,1,0,0.06069499890594387,0.0,454.7175567626953,569.3899871826172,1,22,2,2024-08-01,48.41000061035157,48.41000061035157,96.82000122070313,3.640076911104989e-05,0
0,0.0,0.0,0.0,0.0,1.0,0,1,1.0,1.0,0.0,1,1,0,1,1,0,0,6,0.0,0.0,170.3000030517578,170.3000030517578,0,23,0,2024-08-01,0.0,0.0,0.0,0.0,0
1,0.0,0.0,0.0,0.0,1.0,0,1,1.0,1.0,0.0,1,1,0,1,1,0,0,6,0.0,0.0,170.3000030517578,170.3000030517578,0,23,0,2024-08-01,0.0,0.0,0.0,0.0,0
2,0.0,0.0,0.0,0.0,1.0,0,1,1.0,1.0,0.0,1,1,0,1,1,0,0,6,0.0,0.0,140.10000610351562,140.10000610351562,0,23,0,2024-08-01,0.0,0.0,0.0,0.0,0
3,0.0,0.0,0.0,0.0,1.0,0,1,1.0,1.0,0.0,1,1,0,1,1,0,0,6,0.0,0.0,120.9000015258789,120.9000015258789,0,23,0,2024-08-01,0.0,0.0,0.0,0.0,0
4,0.0,0.0,0.0,0.0,1.0,0,1,1.0,1.0,0.0,1,1,0,1,1,0,0,6,0.0,0.0,101.69999694824219,101.69999694824219,0,23,0,2024-08-01,0.0,0.0,0.0,0.0,0
5,0.0,0.0,0.0,0.0,1.0,0,1,1.0,1.0,0.0,1,1,0,1,1,0,0,6,0.0,0.0,101.69999694824219,101.69999694824219,0,23,0,2024-08-01,0.0,0.0,0.0,0.0,0
6,0.0,0.0,0.0,0.0,1.0,0,1,1.0,1.0,0.0,1,1,0,1,1,0,0,6,0.0,0.0,101.69999694824219,101.69999694824219,0,23,0,2024-08-01,0.0,0.0,0.0,0.0,0
7,0.0,0.0,0.0,0.0,1.0,0,1,1.0,1.0,0.0,1,1,0,1,1,0,0,6,0.0,0.0,101.69999694824219,101.69999694824219,0,23,0,2024-08-01,0.0,0.0,0.0,0.0,0
8,0.0,0.0,0.0,0.0,1.0,0,1,1.0,1.0,0.0,1,1,0,1,1,0,0,6,0.0,0.0,101.69999694824219,101.69999694824219,0,23,0,2024-08-01,0.0,0.0,0.0,0.0,0
9,0.0,0.0,0.0,0.0,1.0,0,1,1.0,1.0,0.0,1,1,0,1,1,0,0,6,0.0,0.0,101.69999694824219,82.4173583984375,0,23,0,2024-08-01,0.0,0.0,0.0,0.0,0
10,0.0,0.0,0.0,0.0,1.0,0,1,1.0,1.0,0.0,1,1,0,1,1,0,0,6,0.0,0.0,101.69999694824219,74.77410888671875,0,23,0,2024-08-01,0.0,0.0,0.0,0.0,0
11,0.0,0.0,0.0,0.0,1.0,0,1,1.0,1.0,0.0,1,1,0,1,1,0,0,6,0.0,0.0,129.1999969482422,86.04792785644531,0,23,0,2024-08-01,0.0,0.0,0.0,0.0,0
12,0.0,0.0,0.0,0.0,1.0,0,1,1.0,1.0,0.0,1,1,0,1,1,0,0,6,0.0,0.0,137.90548706054688,93.5,0,23,0,2024-08-01,0.0,0.0,0.0,0.0,0
13,0.0,0.0,0.0,0.0,1.0,0,1,1.0,1.0,0.0,1,1,0,1,1,0,0,6,0.0,0.0,125.29999542236328,85.19999694824219,0,23,0,2024-08-01,0.0,0.0,0.0,0.0,0
14,0.0,0.0,0.0,0.0,1.0,0,1,1.0,1.0,0.0,1,1,0,1,1,0,0,6,0.0,0.0,160.85118103027344,115.39999389648438,0,23,0,2024-08-01,0.0,0.0,0.0,0.0,0
15,0.0,0.0,0.0,0.0,1.0,0,1,1.0,1.0,0.0,1,1,0,1,1,0,0,6,0.0,0.0,198.37879943847656,153.77574157714844,0,23,0,2024-08-01,0.0,0.0,0.0,0.0,0
16,0.0,0.0,0.0,0.0,1.0,0,1,1.0,1.0,0.0,1,1,0,1,1,0,0,6,0.0,0.0,394.0000305175781,332.2088928222656,0,23,0,2024-08-01,0.0,0.0,0.0,0.0,0
17,0.0,0.0,0.0,0.0,1.0,0,1,1.0,1.0,0.0,1,1,0,1,1,0,0,6,0.0,0.0,495.70001220703125,421.5484924316406,0,23,0,2024-08-01,0.0,0.0,0.0,0.0,0
18,-61.56857641737918,284.00000381469727,303.2000045776367,587.200008392334,1.0,0,1,1.0,1.0,1.0,1,1,1,1,1,3,1,2,0.0,0.0,535.9253200669958,616.9581638197229,1,23,0,2024-08-01,28.400000381469727,30.320000457763673,58.7200008392334,0.010465571142374088,0
19,-37.406810565043145,408.2000045776367,408.2000045776367,816.4000091552734,1.0,0,1,1.0,1.0,1.0,1,1,1,1,1,0,5,1,0.0,0.0,752.2394296693319,807.1359365416056,1,23,0,2024-08-01,40.820000457763676,40.820000457763676,81.64000091552735,0.04205441133871796,0
20,-53.51000061035154,535.1000061035156,535.1000061035156,1070.2000122070312,1.0,0,1,1.0,1.0,1.0,1,1,1,1,1,6,0,0,0.0,0.0,689.864633178711,877.415884399414,1,23,0,2024-08-01,53.51000061035157,53.51000061035157,107.02000122070314,0.010714193920662038,0
21,-73.65500061035152,586.0500061035157,601.1000061035156,1187.1500122070313,1.0,0,1,1.0,1.0,1.0,1,1,1,1,1,6,0,0,0.0,0.0,632.7061444091797,907.087984008789,1,23,0,2024-08-01,58.60500061035157,60.11000061035156,118.71500122070313,0.035595683821794726,0
22,-144.36359073626033,563.4500076293946,578.5000076293945,1141.950015258789,1.0,0,1,1.0,1.0,1.0,1,1,1,1,1,0,6,0,0.0,0.0,577.7491411973334,1081.9653973768854,1,23,0,2024-08-01,56.34500076293946,57.85000076293946,114.19500152587892,0.1074087926945639,0
23,-82.8700008392334,608.700008392334,608.700008392334,1217.400016784668,1.0,0,1,1.0,1.0,1.0,1,1,1,1,1,0,6,0,0.0,0.0,621.4020938873291,1021.0249080657959,1,23,0,2024-08-01,60.8700008392334,60.8700008392334,121.7400016784668,0.1212458585723308,0
24,-65.82000083923333,658.200008392334,658.200008392334,1316.400016784668,1.0,0,1,1.0,1.0,1.0,1,1,1,1,1,0,6,0,0.0,0.0,670.2855289459229,1059.3648006439207,1,23,0,2024-08-01,65.8200008392334,65.8200008392334,131.6400016784668,0.2129940855636894,0
25,-73.57000083923333,735.700008392334,735.700008392334,1471.400016784668,1.0,0,1,1.0,1.0,1.0,1,1,1,1,1,0,6,0,0.16609823927482725,0.0,613.5015323638917,1010.8444149017333,1,23,0,2024-08-01,73.5700008392334,73.5700008392334,147.1400016784668,0.17341862362699562,0
26,-172.25937974309394,835.700008392334,835.700008392334,1671.400016784668,1.0,0,1,1.0,1.0,1.0,1,1,1,1,1,0,6,0,0.31896741657156796,0.0,569.1389356865935,1138.3202928290314,1,23,0,2024-08-01,83.5700008392334,83.5700008392334,167.1400016784668,0.09275521325169402,0
27,-15.97193657919371,816.5000076293945,816.5000076293945,1633.000015258789,1.0,0,1,1.0,1.0,1.0,1,1,1,1,1,0,6,0,0.047540991702125474,0.0,777.6827875419001,1056.6020635323187,1,23,0,2024-08-01,81.65000076293946,81.65000076293946,163.3000015258789,0.09848925938072084,0
28,-47.97552147615833,1048.3000106811523,1048.3000106811523,2096.6000213623047,1.0,0,1,1.0,1.0,1.0,1,1,1,1,1,0,2,4,0.39115647399622844,0.009361815375488004,638.2506748129042,1038.4860195230333,1,23,0,2024-08-01,104.83000106811524,104.83000106811524,209.66000213623047,0.005051071605047465,0
29,6.1417241408300285,1048.3000106811523,1048.3000106811523,2096.6000213623047,1.0,0,1,1.0,1.0,1.0,1,1,1,1,1,0,0,6,0.3457869722810565,0.06448424938033362,685.8115239455175,980.7011713669825,1,23,0,2024-08-01,104.83000106811524,104.83000106811524,209.66000213623047,1.4871873494234966e-11,0
30,57.4442363523806,1064.4333432515461,1067.600009918213,2132.033353169759,0.0,6,0,0.0,1.0,1.0,0,0,1,0,1,6,0,0,0.3298125814832458,0.09479492207470941,713.3698344969118,966.3969501710569,1,23,0,2024-08-01,106.44333432515462,106.7600009918213,213.20333531697588,0.11430808311379818,0
31,130.36000175476067,1111.600009918213,1111.600009918213,2223.200019836426,0.16666666666666666,5,0,0.16666666666666666,1.0,1.0,0,0,1,0,1,6,0,0,0.38636924361853164,0.2628957461400392,682.1119548797607,819.3650959014893,1,23,0,2024-08-01,111.16000099182129,111.16000099182129,222.32000198364258,0.08248662617631165,0
32,122.99000091552728,1119.9000091552734,1119.9000091552734,2239.800018310547,0.3333333333333333,4,0,1.0,0.3333333333333333,1.0,0,0,1,1,0,0,6,0,0.34473807973366466,0.23652078929263837,733.827830505371,855.0203750610352,1,23,0,2024-08-01,111.99000091552735,111.99000091552735,223.9800018310547,0.037044570374302616,0
33,110.3400009155273,1089.8993375142416,1103.4000091552734,2193.299346669515,0.3333333333333333,4,0,1.0,0.3333333333333333,1.0,0,0,1,1,0,0,6,0,0.3636092638447203,0.37868405128673394,693.6018417358398,685.5600234985352,1,23,0,2024-08-01,108.98993375142416,110.34000091552736,219.32993466695154,0.016950469005738763,0
34,127.07000160217285,1070.529343922933,1078.700008392334,2149.229352315267,1.0,0,1,1.0,1.0,1.0,1,1,1,1,1,6,0,0,0.3650790272846337,0.4186242646465569,679.7015323638916,627.1300106048584,1,23,0,2024-08-01,107.05293439229331,107.8700008392334,214.9229352315267,8.874569997649622e-10,0
35,145.17000083923335,951.700008392334,951.700008392334,1903.400016784668,1.0,0,1,1.0,1.0,1.0,1,1,1,1,1,3,3,0,0.20998079395942437,0.3022696169883246,751.8612850189209,664.0300113677979,1,23,0,2024-08-01,95.17000083923341,95.17000083923341,190.34000167846682,0.012639149719418938,0
36,258.9282744085001,944.1000061035156,944.1000061035156,1888.2000122070312,0.6666666666666666,2,0,0.6666666666666666,1.0,1.0,0,0,1,0,1,6,0,0,0.0921401770905945,0.4535982893030097,857.1104643499064,515.8578584039999,1,23,0,2024-08-01,94.41000061035157,94.41000061035157,188.82000122070315,0.12111947016035582,0
37,131.58000068664546,1040.800006866455,1040.800006866455,2081.60001373291,0.0,6,0,0.0,1.0,1.0,0,0,1,0,1,6,0,0,0.27626832498289833,0.38826569331094263,753.2599323272705,636.693070602417,1,23,0,2024-08-01,104.08000068664552,104.08000068664552,208.16000137329104,0.104354101190667,0
38,101.07000083923333,1010.700008392334,1010.700008392334,2021.400016784668,0.6666666666666666,2,0,0.6666666666666666,1.0,1.0,0,0,1,0,1,6,0,0,0.26907065147265,0.31598890092571524,738.7502986907958,691.3300235748292,1,23,0,2024-08-01,101.0700008392334,101.0700008392334,202.1400016784668,0.02020201926225458,0
39,158.12000236511233,922.200008392334,922.200008392334,1844.400016784668,1.0,0,1,1.0,1.0,1.0,1,1,1,1,1,6,0,0,0.14336787564702538,0.29963125917120415,789.9861522674561,645.8800586700439,1,23,0,2024-08-01,92.2200008392334,92.2200008392334,184.4400016784668,0.03401875090942219,0
40,89.14000091552737,891.4000091552734,891.4000091552734,1782.8000183105469,1.0,0,1,1.0,1.0,1.0,1,1,1,1,1,0,6,0,0.19507195724060772,0.22889830260266772,717.5128646850586,687.3600601196289,1,23,0,2024-08-01,89.14000091552735,89.14000091552735,178.2800018310547,0.2880360553279281,0
41,86.45000038146975,855.7133344014485,864.5000038146973,1720.2133382161458,1.0,0,1,1.0,1.0,1.0,1,1,1,1,1,0,6,0,0.0637831669633777,0.26402833247351515,801.1332279205322,636.2475093841553,1,23,0,2024-08-01,85.57133344014485,86.45000038146974,172.02133382161458,0.2947323350298372,0
42,118.69209325926556,787.0000038146973,787.0000038146973,1574.0000076293945,0.8333333333333334,1,0,0.8333333333333334,1.0,1.0,0,0,1,0,1,6,0,0,0.11063066452982429,0.3746586292887196,699.9336704077031,492.1436611352657,1,23,0,2024-08-01,78.70000038146974,78.70000038146974,157.40000076293947,0.2357346278409647,0
43,108.8240005673623,732.0000038146973,732.0000038146973,1464.0000076293945,1.0,0,1,1.0,1.0,1.0,1,1,1,1,1,6,0,0,0.1257323075880096,0.3087106897323897,639.9639541806436,506.0237777529502,1,23,0,2024-08-01,73.20000038146974,73.20000038146974,146.40000076293947,0.2679331930665959,0
44,129.82500085830685,577.0000038146973,577.0000038146973,1154.0000076293945,1.0,0,1,1.0,1.0,1.0,1,1,1,1,1,6,0,0,0.0,0.10402938552519661,658.9203377723693,516.9750479698182,1,23,0,2024-08-01,57.70000038146973,57.70000038146973,115.40000076293946,0.06040425381869758,0
45,84.53036125763714,511.00000381469727,511.00000381469727,1022.0000076293945,1.0,0,1,1.0,1.0,1.0,1,1,1,1,1,6,0,0,0.0,0.0,586.8546715603716,588.310520090019,1,23,0,2024-08-01,51.10000038146973,51.10000038146973,102.20000076293945,0.03456615435203901,0
46,77.45000114440916,472.50000381469727,472.50000381469727,945.0000076293945,1.0,0,1,1.0,1.0,1.0,1,1,1,1,1,6,0,0,0.0,0.0,563.6547130584717,610.6076770782471,1,23,0,2024-08-01,47.25000038146973,47.25000038146973,94.50000076293946,0.06090947904306658,0
47,48.410000610351574,484.1000061035156,484.1000061035156,968.2000122070312,0.8333333333333334,1,0,0.8333333333333334,1.0,1.0,0,0,1,0,1,6,0,0,0.0,0.0,509.8269012451172,631.752230834961,1,23,0,2024-08-01,48.41000061035157,48.41000061035157,96.82000122070313,0.05353981429075253,0
0,0.0,0.0,0.0,0.0,1.0,0,1,1.0,1.0,0.0,1,1,0,1,1,0,0,6,0.0,0.0,204.99998474121094,234.49998474121094,0,23,1,2024-08-01,0.0,0.0,0.0,0.0,0
1,0.0,0.0,0.0,0.0,1.0,0,1,1.0,1.0,0.0,1,1,0,1,1,0,0,6,0.0,0.0,234.49998474121094,234.49998474121094,0,23,1,2024-08-01,0.0,0.0,0.0,0.0,0
2,0.0,0.0,0.0,0.0,1.0,0,1,1.0,1.0,0.0,1,1,0,1,1,0,0,6,0.0,0.0,215.29998779296875,215.29998779296875,0,23,1,2024-08-01,0.0,0.0,0.0,0.0,0
3,0.0,0.0,0.0,0.0,1.0,0,1,1.0,1.0,0.0,1,1,0,1,1,0,0,6,0.0,0.0,215.29998779296875,202.56460571289062,0,23,1,2024-08-01,0.0,0.0,0.0,0.0,0
4,0.0,0.0,0.0,0.0,1.0,0,1,1.0,1.0,0.0,1,1,0,1,1,0,0,6,0.0,0.0,215.29998779296875,185.10206604003906,0,23,1,2024-08-01,0.0,0.0,0.0,0.0,0
5,0.0,0.0,0.0,0.0,1.0,0,1,1.0,1.0,0.0,1,1,0,1,1,0,0,6,0.0,0.0,215.29998779296875,161.63412475585938,0,23,1,2024-08-01,0.0,0.0,0.0,0.0,0
6,0.0,0.0,0.0,0.0,1.0,0,1,1.0,1.0,0.0,1,1,0,1,1,0,0,6,0.0,0.0,215.29998779296875,152.6236572265625,0,23,1,2024-08-01,0.0,0.0,0.0,0.0,0
7,0.0,0.0,0.0,0.0,1.0,0,1,1.0,1.0,0.0,1,1,0,1,1,0,0,6,0.0,0.0,215.29998779296875,146.09999084472656,0,23,1,2024-08-01,0.0,0.0,0.0,0.0,0
8,0.0,0.0,0.0,0.0,1.0,0,1,1.0,1.0,0.0,1,1,0,1,1,0,0,6,0.0,0.0,196.09999084472656,123.81340026855469,0,23,1,2024-08-01,0.0,0.0,0.0,0.0,0
9,0.0,0.0,0.0,0.0,1.0,0,1,1.0,1.0,0.0,1,1,0,1,1,0,0,6,0.0,0.0,196.09999084472656,118.689697265625,0,23,1,2024-08-01,0.0,0.0,0.0,0.0,0
10,0.0,0.0,0.0,0.0,1.0,0,1,1.0,1.0,0.0,1,1,0,1,1,0,0,6,0.0,0.0,212.59999084472656,124.732666015625,0,23,1,2024-08-01,0.0,0.0,0.0,0.0,0
11,0.0,0.0,0.0,0.0,1.0,0,1,1.0,1.0,0.0,1,1,0,1,1,0,0,6,0.0,0.0,231.79998779296875,133.58018493652344,0,23,1,2024-08-01,0.0,0.0,0.0,0.0,0
12,0.0,0.0,0.0,0.0,1.0,0,1,1.0,1.0,0.0,1,1,0,1,1,0,0,6,0.0,0.0,263.4044189453125,183.0738525390625,0,23,1,2024-08-01,0.0,0.0,0.0,0.0,0
13,0.0,0.0,0.0,0.0,1.0,0,1,1.0,1.0,0.0,1,1,0,1,1,0,0,6,0.0,0.0,372.57989501953125,274.3465881347656,0,23,1,2024-08-01,0.0,0.0,0.0,0.0,0
14,0.0,0.0,0.0,0.0,1.0,0,1,1.0,1.0,0.0,1,1,0,1,1,0,0,6,0.0,0.0,312.64385986328125,230.2366943359375,0,23,1,2024-08-01,0.0,0.0,0.0,0.0,0
15,0.0,0.0,0.0,0.0,1.0,0,1,1.0,1.0,0.0,1,1,0,1,1,0,0,6,0.0,0.0,318.40509033203125,218.91287231445312,0,23,1,2024-08-01,0.0,0.0,0.0,0.0,0
16,0.0,0.0,0.0,0.0,1.0,0,1,1.0,1.0,0.0,1,1,0,1,1,0,0,6,0.0,0.0,408.4217529296875,275.29998779296875,0,23,1,2024-08-01,0.0,0.0,0.0,0.0,0
17,0.0,0.0,0.0,0.0,1.0,0,1,1.0,1.0,0.0,1,1,0,1,1,0,0,6,0.0,0.0,450.8538818359375,331.9177551269531,0,23,1,2024-08-01,0.0,0.0,0.0,0.0,0
18,-61.56857641737918,284.00000381469727,303.2000045776367,587.200008392334,1.0,0,1,1.0,1.0,1.0,1,1,1,1,1,3,1,2,0.0,0.0,361.1300930162146,424.8802829603479,1,23,1,2024-08-01,28.400000381469727,30.320000457763673,58.7200008392334,0.010465571142374088,0
19,-37.406810565043145,408.2000045776367,408.2000045776367,816.4000091552734,1.0,0,1,1.0,1.0,1.0,1,1,1,1,1,0,5,1,0.0,0.0,409.44011326308186,443.15095119004314,1,23,1,2024-08-01,40.820000457763676,40.820000457763676,81.64000091552735,0.04205441133871796,0
20,-53.51000061035154,535.1000061035156,535.1000061035156,1070.2000122070312,1.0,0,1,1.0,1.0,1.0,1,1,1,1,1,6,0,0,0.0,0.0,538.7505584716797,651.910025024414,1,23,1,2024-08-01,53.51000061035157,53.51000061035157,107.02000122070314,0.010714193920662038,0
21,-73.65500061035152,586.0500061035157,601.1000061035156,1187.1500122070313,1.0,0,1,1.0,1.0,1.0,1,1,1,1,1,6,0,0,0.25160562972320116,0.0,438.59652526855473,647.2320880126953,1,23,1,2024-08-01,58.60500061035157,60.11000061035156,118.71500122070313,0.035595683821794726,0
22,-144.36359073626033,563.4500076293946,578.5000076293945,1141.950015258789,1.0,0,1,1.0,1.0,1.0,1,1,1,1,1,0,6,0,0.3539421563048683,0.0,364.02129695905217,719.5866742323541,1,23,1,2024-08-01,56.34500076293946,57.85000076293946,114.19500152587892,0.1074087926945639,0
23,-82.8700008392334,608.700008392334,608.700008392334,1217.400016784668,1.0,0,1,1.0,1.0,1.0,1,1,1,1,1,0,6,0,0.1332261004629057,0.0,527.6052799224854,786.7959651947021,1,23,1,2024-08-01,60.8700008392334,60.8700008392334,121.7400016784668,0.1212458585723308,0
24,-65.82000083923333,658.200008392334,658.200008392334,1316.400016784668,0.8333333333333334,1,0,1.0,0.8333333333333334,1.0,0,0,1,1,0,0,6,0,0.1657818338728571,0.0,549.0824039459229,782.0958797454833,1,23,1,2024-08-01,65.8200008392334,65.8200008392334,131.6400016784668,0.2129940855636894,0
25,-73.57000083923333,735.700008392334,735.700008392334,1471.400016784668,1.0,0,1,1.0,1.0,1.0,1,1,1,1,1,0,6,0,0.18633931206537388,0.0,598.6101749420167,829.3059017181396,1,23,1,2024-08-01,73.5700008392334,73.5700008392334,147.1400016784668,0.17341862362699562,0
26,-172.25937974309394,835.700008392334,835.700008392334,1671.400016784668,1.0,0,1,1.0,1.0,1.0,1,1,1,1,1,0,6,0,0.32726007627200504,0.0,562.2087599053435,1000.4933274970002,1,23,1,2024-08-01,83.5700008392334,83.5700008392334,167.1400016784668,0.09275521325169402,0
27,-15.97193657919371,816.5000076293945,816.5000076293945,1633.000015258789,1.0,0,1,1.0,1.0,1.0,1,1,1,1,1,0,6,0,0.19514081737630207,0.0,657.1675287528376,827.3842290596624,1,23,1,2024-08-01,81.65000076293946,81.65000076293946,163.3000015258789,0.09848925938072084,0
28,-47.97552147615833,1048.3000106811523,1048.3000106811523,2096.6000213623047,1.0,0,1,1.0,1.0,1.0,1,1,1,1,1,0,2,4,0.43806877116308557,0.1486641507380064,589.0725131918105,892.4553798745958,1,23,1,2024-08-01,104.83000106811524,104.83000106811524,209.66000213623047,0.005051071605047465,0
29,6.1417241408300285,1048.3000106811523,1048.3000106811523,2096.6000213623047,1.0,0,1,1.0,1.0,1.0,1,1,1,1,1,0,0,6,0.411959025467841,0.20610624670543867,616.4433598830175,832.2388300583888,1,23,1,2024-08-01,104.83000106811524,104.83000106811524,209.66000213623047,1.4871873494234966e-11,0
30,57.4442363523806,1064.4333432515461,1067.600009918213,2132.033353169759,0.5,3,0,0.5,1.0,1.0,0,0,1,0,1,6,0,0,0.40073127328619923,0.2702447534338982,637.8816142820681,779.0867084718382,1,23,1,2024-08-01,106.44333432515462,106.7600009918213,213.20333531697588,0.11430808311379818,0
31,130.36000175476067,1111.600009918213,1111.600009918213,2223.200019836426,0.8333333333333334,1,0,0.8333333333333334,1.0,1.0,0,0,1,0,1,6,0,0,0.3617256680664403,0.31533645349897627,709.5057537078857,761.0720050811768,1,23,1,2024-08-01,111.16000099182129,111.16000099182129,222.32000198364258,0.08248662617631165,0
32,122.99000091552728,1119.9000091552734,1119.9000091552734,2239.800018310547,1.0,0,1,1.0,1.0,1.0,1,1,1,1,1,0,6,0,0.3451202920269783,0.3041253312423655,733.3997909545898,779.3100479125977,1,23,1,2024-08-01,111.99000091552735,111.99000091552735,223.9800018310547,0.037044570374302616,0
33,110.3400009155273,1089.8993375142416,1103.4000091552734,2193.299346669515,1.0,0,1,1.0,1.0,1.0,1,1,1,1,1,0,6,0,0.2624902054756052,0.21953955684765253,803.8114364624023,861.160060119629,1,23,1,2024-08-01,108.98993375142416,110.34000091552736,219.32993466695154,0.016950469005738763,0
34,127.07000160217285,1070.529343922933,1078.700008392334,2149.229352315267,1.0,0,1,1.0,1.0,1.0,1,1,1,1,1,6,0,0,0.16443514280360447,0.13725389398738186,894.4966983795166,930.6442317962646,1,23,1,2024-08-01,107.05293439229331,107.8700008392334,214.9229352315267,8.874569997649622e-10,0
35,145.17000083923335,951.700008392334,951.700008392334,1903.400016784668,1.0,0,1,1.0,1.0,1.0,1,1,1,1,1,3,3,0,0.018267105982009275,0.10032970255418405,934.3152034759521,856.2162296295166,1,23,1,2024-08-01,95.17000083923341,95.17000083923341,190.34000167846682,0.012639149719418938,0
36,258.9282744085001,944.1000061035156,944.1000061035156,1888.2000122070312,1.0,0,1,1.0,1.0,1.0,1,1,1,1,1,6,0,0,0.0,0.24470742402122672,1035.9996855413126,713.0717255914999,1,23,1,2024-08-01,94.41000061035157,94.41000061035157,188.82000122070315,0.12111947016035582,0
37,131.58000068664546,1040.800006866455,1040.800006866455,2081.60001373291,0.6666666666666666,2,0,0.6666666666666666,1.0,1.0,0,0,1,0,1,6,0,0,0.1062729837295503,0.16671722582139384,930.1910846710205,867.280717086792,1,23,1,2024-08-01,104.08000068664552,104.08000068664552,208.16000137329104,0.104354101190667,0
38,101.07000083923333,1010.700008392334,1010.700008392334,2021.400016784668,1.0,0,1,1.0,1.0,1.0,1,1,1,1,1,6,0,0,0.24256048721054915,0.16702700829419795,765.5441219329833,841.8858097076417,1,23,1,2024-08-01,101.0700008392334,101.0700008392334,202.1400016784668,0.02020201926225458,0
39,158.12000236511233,922.200008392334,922.200008392334,1844.400016784668,1.0,0,1,1.0,1.0,1.0,1,1,1,1,1,6,0,0,0.09208173260586479,0.16464236930108714,837.2822338104248,770.3668140411377,1,23,1,2024-08-01,92.2200008392334,92.2200008392334,184.4400016784668,0.03401875090942219,0
40,89.14000091552737,891.4000091552734,891.4000091552734,1782.8000183105469,1.0,0,1,1.0,1.0,1.0,1,1,1,1,1,0,6,0,0.1506520718650271,0.15732105958851497,757.1087509155274,751.1640151977539,1,23,1,2024-08-01,89.14000091552735,89.14000091552735,178.2800018310547,0.2880360553279281,0
41,86.45000038146975,855.7133344014485,864.5000038146973,1720.2133382161458,1.0,0,1,1.0,1.0,1.0,1,1,1,1,1,0,6,0,0.01553832750404723,0.2142724309570576,842.4169803619385,679.2614864349365,1,23,1,2024-08-01,85.57133344014485,86.45000038146974,172.02133382161458,0.2947323350298372,0
42,118.69209325926556,787.0000038146973,787.0000038146973,1574.0000076293945,0.8333333333333334,1,0,0.8333333333333334,1.0,1.0,0,0,1,0,1,6,0,0,0.0,0.2212097326671168,829.8080600561406,612.9079433618282,1,23,1,2024-08-01,78.70000038146974,78.70000038146974,157.40000076293947,0.2357346278409647,0
43,108.8240005673623,732.0000038146973,732.0000038146973,1464.0000076293945,0.5,3,0,0.5,1.0,1.0,0,0,1,0,1,6,0,0,0.07992508953565737,0.1044945623066181,673.494837969706,655.5099838076377,1,23,1,2024-08-01,73.20000038146974,73.20000038146974,146.40000076293947,0.2679331930665959,0
44,129.82500085830685,577.0000038146973,577.0000038146973,1154.0000076293945,0.8333333333333334,1,0,0.8333333333333334,1.0,1.0,0,0,1,0,1,6,0,0,0.0,0.0,644.6071663856505,660.0750235557557,1,23,1,2024-08-01,57.70000038146973,57.70000038146973,115.40000076293946,0.06040425381869758,0
45,84.53036125763714,511.00000381469727,511.00000381469727,1022.0000076293945,0.5,3,0,0.5,1.0,1.0,0,0,1,0,1,6,0,0,0.0,0.0,627.9347191677934,705.3696631564253,1,23,1,2024-08-01,51.10000038146973,51.10000038146973,102.20000076293945,0.03456615435203901,0
46,77.45000114440916,472.50000381469727,472.50000381469727,945.0000076293945,0.5,3,0,0.5,1.0,1.0,0,0,1,0,1,6,0,0,0.0,0.0,509.3615612030029,646.5499988555908,1,23,1,2024-08-01,47.25000038146973,47.25000038146973,94.50000076293946,0.06090947904306658,0
47,48.410000610351574,484.1000061035156,484.1000061035156,968.2000122070312,0.0,6,0,0.0,1.0,1.0,0,0,1,0,1,6,0,0,0.09111347804628747,0.0,439.9919708251953,628.8900482177735,1,23,1,2024-08-01,48.41000061035157,48.41000061035157,96.82000122070313,0.05353981429075253,0
0,0.0,0.0,0.0,0.0,1.0,0,1,1.0,1.0,0.0,1,1,0,1,1,0,0,6,0.0,0.0,154.39999389648438,154.39999389648438,0,23,2,2024-08-01,0.0,0.0,0.0,0.0,0
1,0.0,0.0,0.0,0.0,1.0,0,1,1.0,1.0,0.0,1,1,0,1,1,0,0,6,0.0,0.0,154.39999389648438,154.39999389648438,0,23,2,2024-08-01,0.0,0.0,0.0,0.0,0
2,0.0,0.0,0.0,0.0,1.0,0,1,1.0,1.0,0.0,1,1,0,1,1,0,0,6,0.0,0.0,143.39999389648438,143.39999389648438,0,23,2,2024-08-01,0.0,0.0,0.0,0.0,0
3,0.0,0.0,0.0,0.0,1.0,0,1,1.0,1.0,0.0,1,1,0,1,1,0,0,6,0.0,0.0,143.39999389648438,143.39999389648438,0,23,2,2024-08-01,0.0,0.0,0.0,0.0,0
4,0.0,0.0,0.0,0.0,1.0,0,1,1.0,1.0,0.0,1,1,0,1,1,0,0,6,0.0,0.0,143.39999389648438,138.9732666015625,0,23,2,2024-08-01,0.0,0.0,0.0,0.0,0
5,0.0,0.0,0.0,0.0,1.0,0,1,1.0,1.0,0.0,1,1,0,1,1,0,0,6,0.0,0.0,143.39999389648438,121.0794448852539,0,23,2,2024-08-01,0.0,0.0,0.0,0.0,0
6,0.0,0.0,0.0,0.0,1.0,0,1,1.0,1.0,0.0,1,1,0,1,1,0,0,6,0.0,0.0,143.39999389648438,102.29024505615234,0,23,2,2024-08-01,0.0,0.0,0.0,0.0,0
7,0.0,0.0,0.0,0.0,1.0,0,1,1.0,1.0,0.0,1,1,0,1,1,0,0,6,0.0,0.0,143.39999389648438,93.03108215332031,0,23,2,2024-08-01,0.0,0.0,0.0,0.0,0
8,0.0,0.0,0.0,0.0,1.0,0,1,1.0,1.0,0.0,1,1,0,1,1,0,0,6,0.0,0.0,143.39999389648438,83.5299072265625,0,23,2,2024-08-01,0.0,0.0,0.0,0.0,0
9,0.0,0.0,0.0,0.0,1.0,0,1,1.0,1.0,0.0,1,1,0,1,1,0,0,6,0.0,0.0,143.39999389648438,74.19999694824219,0,23,2,2024-08-01,0.0,0.0,0.0,0.0,0
10,0.0,0.0,0.0,0.0,1.0,0,1,1.0,1.0,0.0,1,1,0,1,1,0,0,6,0.0,0.0,65.9000015258789,46.70000076293945,0,23,2,2024-08-01,0.0,0.0,0.0,0.0,0
11,0.0,0.0,0.0,0.0,1.0,0,1,1.0,1.0,0.0,1,1,0,1,1,0,0,6,0.0,0.0,65.9000015258789,46.70000076293945,0,23,2,2024-08-01,0.0,0.0,0.0,0.0,0
12,0.0,0.0,0.0,0.0,1.0,0,1,1.0,1.0,0.0,1,1,0,1,1,0,0,6,0.0,0.0,108.62200927734375,93.39999389648438,0,23,2,2024-08-01,0.0,0.0,0.0,0.0,0
13,0.0,0.0,0.0,0.0,1.0,0,1,1.0,1.0,0.0,1,1,0,1,1,0,0,6,0.0,0.0,151.10000610351562,131.89999389648438,0,23,2,2024-08-01,0.0,0.0,0.0,0.0,0
14,0.0,0.0,0.0,0.0,1.0,0,1,1.0,1.0,0.0,1,1,0,1,1,0,0,6,0.0,0.0,236.3000030517578,217.09999084472656,0,23,2,2024-08-01,0.0,0.0,0.0,0.0,0
15,0.0,0.0,0.0,0.0,1.0,0,1,1.0,1.0,0.0,1,1,0,1,1,0,0,6,0.0,0.0,236.3000030517578,217.09999084472656,0,23,2,2024-08-01,0.0,0.0,0.0,0.0,0
16,0.0,0.0,0.0,0.0,1.0,0,1,1.0,1.0,0.0,1,1,0,1,1,0,0,6,0.0,0.0,228.10000610351562,208.89999389648438,0,23,2,2024-08-01,0.0,0.0,0.0,0.0,0
17,0.0,0.0,0.0,0.0,1.0,0,1,1.0,1.0,0.0,1,1,0,1,1,0,0,6,0.0,0.0,239.10000610351562,219.89999389648438,0,23,2,2024-08-01,0.0,0.0,0.0,0.0,0
18,-61.56857641737918,284.00000381469727,303.2000045776367,587.200008392334,1.0,0,1,1.0,1.0,1.0,1,1,1,1,1,3,1,2,0.0026954582867419366,0.0,283.2344936509802,427.5686069349573,1,23,2,2024-08-01,28.400000381469727,30.320000457763673,58.7200008392334,0.010465571142374088,0
19,-37.406810565043145,408.2000045776367,408.2000045776367,816.4000091552734,1.0,0,1,1.0,1.0,1.0,1,1,1,1,1,0,5,1,0.0,0.0,468.33906956191,573.8068349791056,1,23,2,2024-08-01,40.820000457763676,40.820000457763676,81.64000091552735,0.04205441133871796,0
20,-53.51000061035154,535.1000061035156,535.1000061035156,1070.2000122070312,1.0,0,1,1.0,1.0,1.0,1,1,1,1,1,6,0,0,0.1574633271505439,0.0,450.8413787841797,610.2966217041015,1,23,2,2024-08-01,53.51000061035157,53.51000061035157,107.02000122070314,0.010714193920662038,0
21,-73.65500061035152,586.0500061035157,601.1000061035156,1187.1500122070313,1.0,0,1,1.0,1.0,1.0,1,1,1,1,1,6,0,0,0.2961648863817638,0.0,412.482572631836,626.1011065673828,1,23,2,2024-08-01,58.60500061035157,60.11000061035156,118.71500122070313,0.035595683821794726,0
22,-144.36359073626033,563.4500076293946,578.5000076293945,1141.950015258789,0.8333333333333334,1,0,1.0,0.8333333333333334,1.0,0,0,1,1,0,0,6,0,0.32383350167716984,0.0,380.98601863873967,763.1636395643853,1,23,2,2024-08-01,56.34500076293946,57.85000076293946,114.19500152587892,0.1074087926945639,0
23,-82.8700008392334,608.700008392334,608.700008392334,1217.400016784668,1.0,0,1,1.0,1.0,1.0,1,1,1,1,1,0,6,0,0.21684927693877662,0.0,476.7038516998291,751.1700496673584,1,23,2,2024-08-01,60.8700008392334,60.8700008392334,121.7400016784668,0.1212458585723308,0
24,-65.82000083923333,658.200008392334,658.200008392334,1316.400016784668,1.0,0,1,1.0,1.0,1.0,1,1,1,1,1,0,6,0,0.11155837608490149,0.0,584.7722843170167,796.5174495697021,1,23,2,2024-08-01,65.8200008392334,65.8200008392334,131.6400016784668,0.2129940855636894,0
25,-73.57000083923333,735.700008392334,735.700008392334,1471.400016784668,1.0,0,1,1.0,1.0,1.0,1,1,1,1,1,0,6,0,0.12731980166498846,0.0,642.0308292388917,852.7319881439208,1,23,2,2024-08-01,73.5700008392334,73.5700008392334,147.1400016784668,0.17341862362699562,0
26,-172.25937974309394,835.700008392334,835.700008392334,1671.400016784668,1.0,0,1,1.0,1.0,1.0,1,1,1,1,1,0,6,0,0.245447478584294,0.0,630.5795484795623,1012.8805345282502,1,23,2,2024-08-01,83.5700008392334,83.5700008392334,167.1400016784668,0.09275521325169402,0
27,-15.97193657919371,816.5000076293945,816.5000076293945,1633.000015258789,1.0,0,1,1.0,1.0,1.0,1,1,1,1,1,0,6,0,0.0,0.0,877.4938837333063,956.1385015205999,1,23,2,2024-08-01,81.65000076293946,81.65000076293946,163.3000015258789,0.09848925938072084,0
28,-47.97552147615833,1048.3000106811523,1048.3000106811523,2096.6000213623047,1.0,0,1,1.0,1.0,1.0,1,1,1,1,1,0,2,4,0.19514506726914904,0.06435371623071015,843.7294345785292,980.838009269127,1,23,2,2024-08-01,104.83000106811524,104.83000106811524,209.66000213623047,0.005051071605047465,0
29,6.1417241408300285,1048.3000106811523,1048.3000106811523,2096.6000213623047,1.0,0,1,1.0,1.0,1.0,1,1,1,1,1,0,0,6,0.10967029228290305,0.07355253758431529,933.33264210958,971.1948847458888,1,23,2,2024-08-01,104.83000106811524,104.83000106811524,209.66000213623047,1.4871873494234966e-11,0
30,57.4442363523806,1064.4333432515461,1067.600009918213,2132.033353169759,0.8333333333333334,1,0,0.8333333333333334,1.0,1.0,0,0,1,0,1,6,0,0,0.08574193330010145,0.07860539848319212,973.1667705320681,983.6808857179319,1,23,2,2024-08-01,106.44333432515462,106.7600009918213,213.20333531697588,0.11430808311379818,0
31,130.36000175476067,1111.600009918213,1111.600009918213,2223.200019836426,1.0,0,1,1.0,1.0,1.0,1,1,1,1,1,6,0,0,0.1075097970474347,0.17688207924938776,992.0921184539794,914.9778888702393,1,23,2,2024-08-01,111.16000099182129,111.16000099182129,222.32000198364258,0.08248662617631165,0
32,122.99000091552728,1119.9000091552734,1119.9000091552734,2239.800018310547,1.0,0,1,1.0,1.0,1.0,1,1,1,1,1,0,6,0,0.12344800751268162,0.1504535351074158,981.650584411621,951.4070938110352,1,23,2,2024-08-01,111.99000091552735,111.99000091552735,223.9800018310547,0.037044570374302616,0
33,110.3400009155273,1089.8993375142416,1103.4000091552734,2193.299346669515,1.0,0,1,1.0,1.0,1.0,1,1,1,1,1,0,6,0,0.11048418166583966,0.14159870289507512,969.4827011108398,947.1599990844727,1,23,2,2024-08-01,108.98993375142416,110.34000091552736,219.32993466695154,0.016950469005738763,0
34,127.07000160217285,1070.529343922933,1078.700008392334,2149.229352315267,1.0,0,1,1.0,1.0,1.0,1,1,1,1,1,6,0,0,0.056046176172633994,0.12985079978945077,1010.5302677154541,938.6299495697021,1,23,2,2024-08-01,107.05293439229331,107.8700008392334,214.9229352315267,8.874569997649622e-10,0
35,145.17000083923335,951.700008392334,951.700008392334,1903.400016784668,1.0,0,1,1.0,1.0,1.0,1,1,1,1,1,3,3,0,0.0364946007604295,0.14591777552991528,916.9680965423584,812.8300601959229,1,23,2,2024-08-01,95.17000083923341,95.17000083923341,190.34000167846682,0.012639149719418938,0
36,258.9282744085001,944.1000061035156,944.1000061035156,1888.2000122070312,0.8333333333333334,1,0,0.8333333333333334,1.0,1.0,0,0,1,0,1,6,0,0,0.0,0.29152451111081723,987.8307402288126,668.8717133844686,1,23,2,2024-08-01,94.41000061035157,94.41000061035157,188.82000122070315,0.12111947016035582,0
37,131.58000068664546,1040.800006866455,1040.800006866455,2081.60001373291,0.3333333333333333,4,0,0.3333333333333333,1.0,1.0,0,0,1,0,1,6,0,0,0.1396577713715527,0.16625617817028723,895.4441974639892,867.7605754852295,1,23,2,2024-08-01,104.08000068664552,104.08000068664552,208.16000137329104,0.104354101190667,0
38,101.07000083923333,1010.700008392334,1010.700008392334,2021.400016784668,0.6666666666666666,2,0,0.6666666666666666,1.0,1.0,0,0,1,0,1,6,0,0,0.19941098123195766,0.12252937842443094,809.1553279876708,886.8595645904542,1,23,2,2024-08-01,101.0700008392334,101.0700008392334,202.1400016784668,0.02020201926225458,0
39,158.12000236511233,922.200008392334,922.200008392334,1844.400016784668,0.5,3,0,0.5,1.0,1.0,0,0,1,0,1,6,0,0,0.08508228025193992,0.17363602060993802,843.7371288299561,762.0728687286377,1,23,2,2024-08-01,92.2200008392334,92.2200008392334,184.4400016784668,0.03401875090942219,0
40,89.14000091552737,891.4000091552734,891.4000091552734,1782.8000183105469,1.0,0,1,1.0,1.0,1.0,1,1,1,1,1,0,6,0,0.14271907646976123,0.15503035829687065,764.1802230834961,753.2059463500976,1,23,2,2024-08-01,89.14000091552735,89.14000091552735,178.2800018310547,0.2880360553279281,0
41,86.45000038146975,855.7133344014485,864.5000038146973,1720.2133382161458,1.0,0,1,1.0,1.0,1.0,1,1,1,1,1,0,6,0,0.0,0.2047932370329009,868.7192874908447,687.4562496185303,1,23,2,2024-08-01,85.57133344014485,86.45000038146974,172.02133382161458,0.2947323350298372,0
42,118.69209325926556,787.0000038146973,787.0000038146973,1574.0000076293945,1.0,0,1,1.0,1.0,1.0,1,1,1,1,1,6,0,0,0.0,0.1897923708534703,851.4380039037968,637.6334072290157,1,23,2,2024-08-01,78.70000038146974,78.70000038146974,157.40000076293947,0.2357346278409647,0
43,108.8240005673623,732.0000038146973,732.0000038146973,1464.0000076293945,0.5,3,0,0.5,1.0,1.0,0,0,1,0,1,6,0,0,0.13082782591335917,0.27002015418542785,636.2340347470498,534.345249920919,1,23,2,2024-08-01,73.20000038146974,73.20000038146974,146.40000076293947,0.2679331930665959,0
44,129.82500085830685,577.0000038146973,577.0000038146973,1154.0000076293945,0.3333333333333333,4,0,0.3333333333333333,1.0,1.0,0,0,1,0,1,6,0,0,0.0,0.13877605448958488,624.8484078407287,496.92621984481815,1,23,2,2024-08-01,57.70000038146973,57.70000038146973,115.40000076293946,0.06040425381869758,0
45,84.53036125763714,511.00000381469727,511.00000381469727,1022.0000076293945,1.0,0,1,1.0,1.0,1.0,1,1,1,1,1,6,0,0,0.0,0.0,646.3075829373247,587.2137793673628,1,23,2,2024-08-01,51.10000038146973,51.10000038146973,102.20000076293945,0.03456615435203901,0
46,77.45000114440916,472.50000381469727,472.50000381469727,945.0000076293945,0.0,6,0,0.0,1.0,1.0,0,0,1,0,1,6,0,0,0.0,0.0,609.1862682342529,586.6844593048096,1,23,2,2024-08-01,47.25000038146973,47.25000038146973,94.50000076293946,0.06090947904306658,0
47,48.410000610351574,484.1000061035156,484.1000061035156,968.2000122070312,0.5,3,0,0.5,1.0,1.0,0,0,1,0,1,6,0,0,0.0,0.0,500.8506744384766,533.2531463623047,1,23,2,2024-08-01,48.41000061035157,48.41000061035157,96.82000122070313,0.05353981429075253,0
