block,baseline_kw,up_kw,down_kw,offered_capacity_kw,precision_stay_rate,precision_failed_steps,precision_pass_II,up_stay_rate,down_stay_rate,idle_stay_rate,up_pass_II,down_pass_II,idle_pass_II,active_up_pass_II,active_down_pass_II,up_active_steps,down_active_steps,idle_active_steps,up_assessment_i_unmet_ratio,down_assessment_i_unmet_ratio,up_supply_capacity_30min_kw,down_supply_capacity_30min_kw,participating,scenario,seed,service_date,band_up_kw,band_down_kw,band_idle_kw,utilization,has_unreachable_step
0,0.0,0.0,0.0,0.0,1.0,0,1,1.0,1.0,0.8333333333333334,1,1,0,1,1,0,0,6,0.0,0.0,155.6999969482422,198.39999389648438,0,0,0,2024-08-01,0.0,0.0,0.0,0.0,0
1,0.0,0.0,0.0,0.0,1.0,0,1,1.0,1.0,0.0,1,1,0,1,1,0,0,6,0.0,0.0,157.19998168945312,198.39999389648438,0,0,0,2024-08-01,0.0,0.0,0.0,0.0,0
2,0.0,0.0,0.0,0.0,1.0,0,1,1.0,1.0,1.0,1,1,1,1,1,0,0,6,0.0,0.0,134.09999084472656,170.89999389648438,0,0,0,2024-08-01,0.0,0.0,0.0,0.0,0
3,0.0,0.0,0.0,0.0,1.0,0,1,1.0,1.0,1.0,1,1,1,1,1,0,0,6,0.0,0.0,134.09999084472656,170.89999389648438,0,0,0,2024-08-01,0.0,0.0,0.0,0.0,0
4,0.0,0.0,0.0,0.0,1.0,0,1,1.0,1.0,1.0,1,1,1,1,1,0,0,6,0.0,0.0,184.09999084472656,200.89999389648438,0,0,0,2024-08-01,0.0,0.0,0.0,0.0,0
5,0.0,0.0,0.0,0.0,1.0,0,1,1.0,1.0,1.0,1,1,1,1,1,0,0,6,0.0,0.0,184.09999084472656,200.89999389648438,0,0,0,2024-08-01,0.0,0.0,0.0,0.0,0
6,0.0,0.0,0.0,0.0,1.0,0,1,1.0,1.0,0.8333333333333334,1,1,0,1,1,0,0,6,0.0,0.0,184.09999084472656,200.89999389648438,0,0,0,2024-08-01,0.0,0.0,0.0,0.0,0
7,0.0,0.0,0.0,0.0,1.0,0,1,1.0,1.0,0.0,1,1,0,1,1,0,0,6,0.0,0.0,184.09999084472656,200.89999389648438,0,0,0,2024-08-01,0.0,0.0,0.0,0.0,0
8,0.0,0.0,0.0,0.0,1.0,0,1,1.0,1.0,0.8333333333333334,1,1,0,1,1,0,0,6,0.0,0.0,156.59999084472656,173.39999389648438,0,0,0,2024-08-01,0.0,0.0,0.0,0.0,0
9,0.0,0.0,0.0,0.0,1.0,0,1,1.0,1.0,1.0,1,1,1,1,1,0,0,6,0.0,0.0,184.09999084472656,200.89999389648438,0,0,0,2024-08-01,0.0,0.0,0.0,0.0,0
10,0.0,0.0,0.0,0.0,1.0,0,1,1.0,1.0,0.16666666666666666,1,1,0,1,1,0,0,6,0.0,0.0,184.09999084472656,200.89999389648438,0,0,0,2024-08-01,0.0,0.0,0.0,0.0,0
11,0.0,0.0,0.0,0.0,1.0,0,1,1.0,1.0,0.0,1,1,0,1,1,0,0,6,0.0,0.0,156.59999084472656,173.39999389648438,0,0,0,2024-08-01,0.0,0.0,0.0,0.0,0
12,0.0,0.0,0.0,0.0,1.0,0,1,1.0,1.0,0.0,1,1,0,1,1,0,0,6,0.0,0.0,175.79998779296875,192.59999084472656,0,0,0,2024-08-01,0.0,0.0,0.0,0.0,0
13,0.0,0.0,0.0,0.0,1.0,0,1,1.0,1.0,0.0,1,1,0,1,1,0,0,6,0.0,0.0,257.0,289.3000183105469,0,0,0,2024-08-01,0.0,0.0,0.0,0.0,0
14,0.0,0.0,0.0,0.0,1.0,0,1,1.0,1.0,0.0,1,1,0,1,1,0,0,6,0.0,0.0,381.20001220703125,399.5000305175781,0,0,0,2024-08-01,0.0,0.0,0.0,0.0,0
15,0.0,0.0,0.0,0.0,1.0,0,1,1.0,1.0,0.0,1,1,0,1,1,0,0,6,0.0,0.0,400.4000244140625,418.70001220703125,0,0,0,2024-08-01,0.0,0.0,0.0,0.0,0
16,0.0,0.0,0.0,0.0,1.0,0,1,1.0,1.0,0.5,1,1,0,1,1,0,0,6,0.0,0.0,383.4000244140625,415.70001220703125,0,0,0,2024-08-01,0.0,0.0,0.0,0.0,0
17,0.0,0.0,0.0,0.0,1.0,0,1,1.0,1.0,0.5,1,1,0,1,1,0,0,6,0.0,0.0,449.29998779296875,481.5999755859375,0,0,0,2024-08-01,0.0,0.0,0.0,0.0,0
18,41.32000045776364,284.00000381469727,303.2000045776367,587.200008392334,1.0,0,1,1.0,1.0,1.0,1,1,1,1,1,0,5,1,0.0,0.0,633.5289237976074,583.2800361633301,1,0,0,2024-08-01,28.400000381469727,30.320000457763673,58.7200008392334,0.2320063819433924,0
19,36.041425100823,408.2000045776367,408.2000045776367,816.4000091552734,1.0,0,1,1.0,1.0,1.0,1,1,1,1,1,0,6,0,0.0,0.0,708.153485647698,662.758623727302,1,0,0,2024-08-01,40.820000457763676,40.820000457763676,81.64000091552735,0.15276916409079525,0
20,31.99227210225591,535.1000061035156,535.1000061035156,1070.2000122070312,1.0,0,1,1.0,1.0,1.0,1,1,1,1,1,0,5,1,0.0,0.0,728.7002188795997,688.7077401047753,1,0,0,2024-08-01,53.51000061035157,53.51000061035157,107.02000122070314,0.14602935031803502,0
21,47.543323060875316,586.0500061035157,601.1000061035156,1187.1500122070313,1.0,0,1,1.0,1.0,1.0,1,1,1,1,1,0,0,6,0.0,0.0,777.3138919085316,701.3338742047497,1,0,0,2024-08-01,58.60500061035157,60.11000061035156,118.71500122070313,3.840882635662456e-10,0
22,68.28386863584784,563.4500076293946,578.5000076293945,1141.950015258789,1.0,0,1,1.0,1.0,1.0,1,1,1,1,1,6,0,0,0.0,0.0,779.0574892413166,661.3263608563396,1,0,0,2024-08-01,56.34500076293946,57.85000076293946,114.19500152587892,1.5355519910768503e-09,0
23,-21.492823499714575,250.0,608.700008392334,858.700008392334,1.0,0,1,1.0,1.0,1.0,1,1,1,1,1,0,2,4,0.0,0.0,773.7029772815354,831.3324231090896,1,0,0,2024-08-01,25.0,60.8700008392334,85.8700008392334,0.031850675639101586,0
24,65.82000083923339,658.200008392334,658.200008392334,1316.400016784668,1.0,0,1,1.0,1.0,1.0,1,1,1,1,1,6,0,0,0.0,0.0,935.328179550171,815.1821964263916,1,0,0,2024-08-01,65.8200008392334,65.8200008392334,131.6400016784668,0.05391853016103606,0
25,37.2858175377095,735.700008392334,735.700008392334,1471.400016784668,1.0,0,1,1.0,1.0,1.0,1,1,1,1,1,6,0,0,0.0,0.0,979.8331808189595,920.1106668372905,1,0,0,2024-08-01,73.5700008392334,73.5700008392334,147.1400016784668,0.05391853037148076,0
26,83.57000083923327,835.700008392334,835.700008392334,1671.400016784668,1.0,0,1,1.0,1.0,1.0,1,1,1,1,1,5,1,0,0.0,0.0,1017.4540950775145,866.5300968170168,1,0,0,2024-08-01,83.5700008392334,83.5700008392334,167.1400016784668,0.017972843699788594,0
27,0.0,0.0,0.0,0.0,1.0,0,1,1.0,1.0,0.0,1,1,0,1,1,0,0,6,0.0,0.0,872.5972290039062,922.60009765625,0,0,0,2024-08-01,0.0,0.0,0.0,0.0,0
28,104.83000126491089,0.0,1048.3000104624905,1048.3000104624905,1.0,0,1,1.0,1.0,1.0,1,1,1,1,1,0,0,6,0.0,0.10627570276566135,1101.627181440692,936.8911901413392,1,0,0,2024-08-01,0.0,104.83000104624905,104.83000104624905,5.40058944082381e-10,0
29,151.23721568931654,1048.3000106811523,1048.3000106811523,2096.6000213623047,1.0,0,1,1.0,1.0,1.0,1,1,1,1,1,6,0,0,0.0,0.11022716894852691,1135.1102625643166,932.7488682950584,1,0,0,2024-08-01,104.83000106811524,104.83000106811524,209.66000213623047,1.2184254943422121e-09,0
30,164.24384023877218,1064.4333432515461,1067.600009918213,2132.033353169759,1.0,0,1,1.0,1.0,1.0,1,1,1,1,1,6,0,0,0.0,0.12055092937759727,1168.8889818403347,938.8998365190403,1,0,0,2024-08-01,106.44333432515462,106.7600009918213,213.20333531697588,0.05383844452205983,0
31,186.50143905794783,1111.600009918213,1111.5999832424695,2223.1999931606824,1.0,0,1,1.0,1.0,1.0,1,1,1,1,1,6,0,0,0.0,0.06164077038918182,1333.457737886073,1043.080103910802,1,0,0,2024-08-01,111.16000099182129,111.15999832424696,222.31999931606825,2.1283627087331176e-09,0
32,225.5816375585725,1119.9000091552734,1119.9000091552734,2239.800018310547,1.0,0,1,1.0,1.0,1.0,1,1,1,1,1,6,0,0,0.0,0.1025737948433497,1365.8765594335725,1005.027615371115,1,0,0,2024-08-01,111.99000091552735,111.99000091552735,223.9800018310547,0.12356329556594779,0
33,110.34000089407598,0.0,1103.4000091552734,1103.4000091552734,1.0,0,1,1.0,1.0,1.0,1,1,1,1,1,0,6,0,0.0,0.0,1229.3076522612635,1105.076991293424,1,0,0,2024-08-01,0.0,110.34000091552736,110.34000091552736,2.7852176419155454e-09,0
34,160.07000160217277,0.0,1078.700008392334,1078.700008392334,1.0,0,1,1.0,1.0,1.0,1,1,1,1,1,0,6,0,0.0,0.032457544341788526,1279.4154605865479,1043.6880550384521,1,0,0,2024-08-01,0.0,107.8700008392334,107.8700008392334,0.08087780131182284,0
35,281.85319635310356,951.700008392334,951.700008392334,1903.400016784668,1.0,0,1,1.0,1.0,1.0,1,1,1,1,1,0,6,0,0.0,0.06926016444270323,1368.585252017166,885.7851093109589,1,0,0,2024-08-01,95.17000083923341,95.17000083923341,190.34000167846682,7.405755526900996e-09,0
36,230.88600345563984,944.1000061035156,813.793337123128,1757.8933432266435,1.0,0,1,1.0,1.0,1.0,1,1,1,1,1,4,2,0,0.0,0.0,1417.7805347056399,1041.1144848256101,1,0,0,2024-08-01,94.41000061035157,81.37933371231281,175.78933432266436,0.09984346113441463,0
37,131.58000068664532,1040.800006866455,1040.800006866455,2081.60001373291,1.0,0,1,1.0,1.0,1.0,1,1,1,1,1,0,6,0,0.0,0.0,1397.6703327178952,1072.0464641571048,1,0,0,2024-08-01,104.08000068664552,104.08000068664552,208.16000137329104,0.23589356590798635,0
38,593.2219898482723,1010.700008392334,463.86446504895736,1474.5644734412913,1.0,0,1,1.0,1.0,1.0,1,1,1,1,1,2,4,0,0.0,0.08255475781069584,1834.5015308638972,425.5702464798527,1,0,0,2024-08-01,101.0700008392334,46.38644650489574,147.45644734412915,0.15419880981397835,0
39,158.12000236511233,0.0,922.200008392334,922.200008392334,1.0,0,1,1.0,1.0,1.0,1,1,1,1,1,6,0,0,0.0,0.2126306813533641,1316.2534252166747,726.1119922637939,1,0,0,2024-08-01,0.0,92.2200008392334,92.2200008392334,7.859384907250364e-09,0
40,927.0600036621094,891.4000091552734,0.0,891.4000091552734,0.5,3,0,0.5,1.0,1.0,0,1,1,0,1,6,0,0,0.0,0.0,2034.460028076172,0.0,1,0,0,2024-08-01,89.14000091552735,0.0,89.14000091552735,6.847111890930503e-09,1
41,95.18232365231643,855.7133344014485,864.5000038146973,1720.2133382161458,1.0,0,1,1.0,1.0,1.0,1,1,1,1,1,0,6,0,0.0,0.7520483106299402,1144.882396894504,214.35423640627732,1,0,0,2024-08-01,85.57133344014485,86.45000038146974,172.02133382161458,0.08129090906623869,0
42,78.70000038146975,787.0000038146973,787.0000038146973,1574.0000076293945,1.0,0,1,1.0,1.0,1.0,1,1,1,1,1,5,1,0,0.0,0.771110627388327,1128.4000736236571,180.13593711853025,1,0,0,2024-08-01,78.70000038146974,78.70000038146974,157.40000076293947,0.0022466068894075432,0
43,73.2000003814697,732.0000038146973,732.0000038146973,1464.0000076293945,0.5,3,0,1.0,0.0,1.0,0,0,1,1,0,3,3,0,0.0,0.776493745415621,1142.1000247955321,163.60657920837406,1,0,0,2024-08-01,73.20000038146974,73.20000038146974,146.40000076293947,0.15501577265267413,1
44,73.52135589548948,577.0000038146973,559.4207199102309,1136.4207237249282,1.0,0,1,1.0,1.0,1.0,1,1,1,1,1,4,2,0,0.0,0.823019756728904,1018.221429137677,99.00641510060427,1,0,0,2024-08-01,57.70000038146973,55.94207199102309,113.64207237249282,0.004423706347384758,0
45,70.30000114440918,511.00000381469727,511.00000381469727,1022.0000076293945,1.0,0,1,1.0,1.0,1.0,1,1,1,1,1,3,3,0,0.0,0.7484390329824621,1045.2000255584717,128.54765510559082,1,0,0,2024-08-01,51.10000038146973,51.10000038146973,102.20000076293945,0.09211081965541663,0
46,62.596194997098124,472.50000381469727,472.50000381469727,945.0000076293945,1.0,0,1,1.0,1.0,1.0,1,1,1,1,1,4,0,2,0.0,0.6378954149956587,1037.4962194111606,171.09441779587064,1,0,0,2024-08-01,47.25000038146973,47.25000038146973,94.50000076293946,0.2875654919820127,0
47,48.41000061035155,484.1000061035156,484.1000061035156,968.2000122070312,1.0,0,1,1.0,1.0,1.0,1,1,1,1,1,5,0,1,0.0,0.2095894979187088,973.3099639892578,382.6377288818359,1,0,0,2024-08-01,48.41000061035157,48.41000061035157,96.82000122070313,0.3931559363591565,0
0,0.0,0.0,0.0,0.0,1.0,0,1,1.0,1.0,1.0,1,1,1,1,1,0,0,6,0.0,0.0,165.6999969482422,189.59999084472656,0,0,1,2024-08-01,0.0,0.0,0.0,0.0,0
1,0.0,0.0,0.0,0.0,1.0,0,1,1.0,1.0,1.0,1,1,1,1,1,0,0,6,0.0,0.0,184.89999389648438,208.79998779296875,0,0,1,2024-08-01,0.0,0.0,0.0,0.0,0
2,0.0,0.0,0.0,0.0,1.0,0,1,1.0,1.0,1.0,1,1,1,1,1,0,0,6,0.0,0.0,204.09999084472656,228.0,0,0,1,2024-08-01,0.0,0.0,0.0,0.0,0
3,0.0,0.0,0.0,0.0,1.0,0,1,1.0,1.0,0.16666666666666666,1,1,0,1,1,0,0,6,0.0,0.0,219.6999969482422,219.6999969482422,0,0,1,2024-08-01,0.0,0.0,0.0,0.0,0
4,0.0,0.0,0.0,0.0,1.0,0,1,1.0,1.0,0.0,1,1,0,1,1,0,0,6,0.0,0.0,219.6999969482422,219.6999969482422,0,0,1,2024-08-01,0.0,0.0,0.0,0.0,0
5,0.0,0.0,0.0,0.0,1.0,0,1,1.0,1.0,0.0,1,1,0,1,1,0,0,6,0.0,0.0,219.6999969482422,219.6999969482422,0,0,1,2024-08-01,0.0,0.0,0.0,0.0,0
6,0.0,0.0,0.0,0.0,1.0,0,1,1.0,1.0,0.8333333333333334,1,1,0,1,1,0,0,6,0.0,0.0,192.1999969482422,192.1999969482422,0,0,1,2024-08-01,0.0,0.0,0.0,0.0,0
7,0.0,0.0,0.0,0.0,1.0,0,1,1.0,1.0,0.3333333333333333,1,1,0,1,1,0,0,6,0.0,0.0,184.0,184.0,0,0,1,2024-08-01,0.0,0.0,0.0,0.0,0
8,0.0,0.0,0.0,0.0,1.0,0,1,1.0,1.0,0.0,1,1,0,1,1,0,0,6,0.0,0.0,184.0,184.0,0,0,1,2024-08-01,0.0,0.0,0.0,0.0,0
9,0.0,0.0,0.0,0.0,1.0,0,1,1.0,1.0,0.0,1,1,0,1,1,0,0,6,0.0,0.0,156.5,156.5,0,0,1,2024-08-01,0.0,0.0,0.0,0.0,0
10,0.0,0.0,0.0,0.0,1.0,0,1,1.0,1.0,0.0,1,1,0,1,1,0,0,6,0.0,0.0,137.3000030517578,137.3000030517578,0,0,1,2024-08-01,0.0,0.0,0.0,0.0,0
11,0.0,0.0,0.0,0.0,1.0,0,1,1.0,1.0,0.0,1,1,0,1,1,0,0,6,0.0,0.0,118.10000610351562,118.10000610351562,0,0,1,2024-08-01,0.0,0.0,0.0,0.0,0
12,0.0,0.0,0.0,0.0,1.0,0,1,1.0,1.0,0.0,1,1,0,1,1,0,0,6,0.0,0.0,129.10000610351562,129.10000610351562,0,0,1,2024-08-01,0.0,0.0,0.0,0.0,0
13,0.0,0.0,0.0,0.0,1.0,0,1,1.0,1.0,0.0,1,1,0,1,1,0,0,6,0.0,0.0,129.10000610351562,129.10000610351562,0,0,1,2024-08-01,0.0,0.0,0.0,0.0,0
14,0.0,0.0,0.0,0.0,1.0,0,1,1.0,1.0,0.0,1,1,0,1,1,0,0,6,0.0,0.0,240.59999084472656,241.8000030517578,0,0,1,2024-08-01,0.0,0.0,0.0,0.0,0
15,0.0,0.0,0.0,0.0,1.0,0,1,1.0,1.0,0.0,1,1,0,1,1,0,0,6,0.0,0.0,240.59999084472656,241.8000030517578,0,0,1,2024-08-01,0.0,0.0,0.0,0.0,0
16,0.0,0.0,0.0,0.0,1.0,0,1,1.0,1.0,0.0,1,1,0,1,1,0,0,6,0.0,0.0,384.1000061035156,385.3000183105469,0,0,1,2024-08-01,0.0,0.0,0.0,0.0,0
17,0.0,0.0,0.0,0.0,1.0,0,1,1.0,1.0,0.0,1,1,0,1,1,0,0,6,0.0,0.0,510.5,511.70001220703125,0,0,1,2024-08-01,0.0,0.0,0.0,0.0,0
18,41.32000045776364,284.00000381469727,303.2000045776367,587.200008392334,1.0,0,1,1.0,1.0,1.0,1,1,1,1,1,0,5,1,0.0,0.0,813.4200370788574,732.9800483703614,1,0,1,2024-08-01,28.400000381469727,30.320000457763673,58.7200008392334,0.2320063819433924,0
19,36.041425100823,408.2000045776367,408.2000045776367,816.4000091552734,1.0,0,1,1.0,1.0,1.0,1,1,1,1,1,0,6,0,0.0,0.0,893.7692693391042,839.4199396452708,1,0,1,2024-08-01,40.820000457763676,40.820000457763676,81.64000091552735,0.15276916409079525,0
20,31.99227210225591,535.1000061035156,535.1000061035156,1070.2000122070312,1.0,0,1,1.0,1.0,1.0,1,1,1,1,1,0,5,1,0.0,0.0,892.2638785475684,843.4020760422753,1,0,1,2024-08-01,53.51000061035157,53.51000061035157,107.02000122070314,0.14602935031803502,0
21,47.543323060875316,586.0500061035157,601.1000061035156,1187.1500122070313,1.0,0,1,1.0,1.0,1.0,1,1,1,1,1,0,0,6,0.0,0.0,953.8323245257191,866.6448483258434,1,0,1,2024-08-01,58.60500061035157,60.11000061035156,118.71500122070313,3.840882635662456e-10,0
22,68.28386863584784,563.4500076293946,578.5000076293945,1141.950015258789,1.0,0,1,1.0,1.0,1.0,1,1,1,1,1,6,0,0,0.0,0.0,974.4583681475666,845.9075376141521,1,0,1,2024-08-01,56.34500076293946,57.85000076293946,114.19500152587892,1.5355519910768503e-09,0
23,-21.492823499714575,250.0,608.700008392334,858.700008392334,1.0,0,1,1.0,1.0,1.0,1,1,1,1,1,0,2,4,0.0,0.0,907.6736804065354,957.6403454723709,1,0,1,2024-08-01,25.0,60.8700008392334,85.8700008392334,0.031850675639101586,0
24,65.82000083923339,658.200008392334,658.200008392334,1316.400016784668,1.0,0,1,1.0,1.0,1.0,1,1,1,1,1,6,0,0,0.0,0.0,1109.2059871673584,1031.321722793579,1,0,1,2024-08-01,65.8200008392334,65.8200008392334,131.6400016784668,0.05391853016103606,0
25,37.2858175377095,735.700008392334,735.700008392334,1471.400016784668,1.0,0,1,1.0,1.0,1.0,1,1,1,1,1,6,0,0,0.0,0.0,1116.457326326772,1100.4141336341654,1,0,1,2024-08-01,73.5700008392334,73.5700008392334,147.1400016784668,0.05391853037148076,0
26,83.57000083923327,835.700008392334,835.700008392334,1671.400016784668,1.0,0,1,1.0,1.0,1.0,1,1,1,1,1,5,1,0,0.0,0.0,1285.4138729095457,1187.5299747467043,1,0,1,2024-08-01,83.5700008392334,83.5700008392334,167.1400016784668,0.017972843699788594,0
27,0.0,0.0,0.0,0.0,1.0,0,1,1.0,1.0,0.0,1,1,0,1,1,0,0,6,0.0,0.0,1205.507080078125,1271.199951171875,0,0,1,2024-08-01,0.0,0.0,0.0,0.0,0
28,104.83000126491089,0.0,1048.3000104624905,1048.3000104624905,1.0,0,1,1.0,1.0,1.0,1,1,1,1,1,0,0,6,0.0,0.0,1284.1310266555358,1138.8699499069642,1,0,1,2024-08-01,0.0,104.83000104624905,104.83000104624905,5.40058944082381e-10,0
29,151.23721568931654,1048.3000106811523,1048.3000106811523,2096.6000213623047,1.0,0,1,1.0,1.0,1.0,1,1,1,1,1,6,0,0,0.0,0.0077624000227106416,1306.3526942049416,1040.1626866544334,1,0,1,2024-08-01,104.83000106811524,104.83000106811524,209.66000213623047,1.2184254943422121e-09,0
30,164.24384023877218,1064.4333432515461,1067.600009918213,2132.033353169759,1.0,0,1,1.0,1.0,1.0,1,1,1,1,1,6,0,0,0.0,0.04256645503095913,1296.8468675825222,1022.1560621049778,1,0,1,2024-08-01,106.44333432515462,106.7600009918213,213.20333531697588,0.05383844452205983,0
31,186.50143905794783,1111.600009918213,1111.5999832424695,2223.1999931606824,1.0,0,1,1.0,1.0,1.0,1,1,1,1,1,6,0,0,0.0,0.09059150906329382,1327.948704682948,1010.8984632858021,1,0,1,2024-08-01,111.16000099182129,111.15999832424696,222.31999931606825,2.1283627087331176e-09,0
32,225.5816375585725,1119.9000091552734,1119.9000091552734,2239.800018310547,1.0,0,1,1.0,1.0,1.0,1,1,1,1,1,6,0,0,0.0,0.12490550047715374,1366.3953582616975,980.018338027365,1,0,1,2024-08-01,111.99000091552735,111.99000091552735,223.9800018310547,0.12356329556594779,0
33,110.34000089407598,0.0,1103.4000091552734,1103.4000091552734,1.0,0,1,1.0,1.0,1.0,1,1,1,1,1,0,6,0,0.0,0.03420338022132327,1183.233311440951,1065.659999105924,1,0,1,2024-08-01,0.0,110.34000091552736,110.34000091552736,2.7852176419155454e-09,0
34,160.07000160217277,0.0,1078.700008392334,1078.700008392334,1.0,0,1,1.0,1.0,1.0,1,1,1,1,1,0,6,0,0.0,0.053647895735805286,1229.2799625396729,1020.8300228118898,1,0,1,2024-08-01,0.0,107.8700008392334,107.8700008392334,0.08087780131182284,0
35,281.85319635310356,951.700008392334,951.700008392334,1903.400016784668,1.0,0,1,1.0,1.0,1.0,1,1,1,1,1,0,6,0,0.0,0.18582878219399537,1262.1805278960724,774.8467548187714,1,0,1,2024-08-01,95.17000083923341,95.17000083923341,190.34000167846682,7.405755526900996e-09,0
36,230.88600345563984,944.1000061035156,813.793337123128,1757.8933432266435,1.0,0,1,1.0,1.0,1.0,1,1,1,1,1,4,2,0,0.0,0.04261443169510844,1169.9170093150149,779.1139965443601,1,0,1,2024-08-01,94.41000061035157,81.37933371231281,175.78933432266436,0.09984346113441463,0
37,131.58000068664532,1040.800006866455,1040.800006866455,2081.60001373291,1.0,0,1,1.0,1.0,1.0,1,1,1,1,1,0,6,0,0.0,0.15378730805879665,1185.0800006866452,880.7381755828859,1,0,1,2024-08-01,104.08000068664552,104.08000068664552,208.16000137329104,0.23589356590798635,0
38,593.2219898482723,1010.700008392334,463.86446504895736,1474.5644734412913,1.0,0,1,1.0,1.0,1.0,1,1,1,1,1,2,4,0,0.0,0.6431363373552168,1547.3219654342097,165.53637196813395,1,0,1,2024-08-01,101.0700008392334,46.38644650489574,147.45644734412915,0.15419880981397835,0
39,158.12000236511233,0.0,922.200008392334,922.200008392334,1.0,0,1,1.0,1.0,1.0,1,1,1,1,1,6,0,0,0.0,0.4509100230772637,1043.0200267791747,506.3707813262939,1,0,1,2024-08-01,0.0,92.2200008392334,92.2200008392334,7.859384907250364e-09,0
40,927.0600036621094,891.4000091552734,0.0,891.4000091552734,0.16666666666666666,5,0,0.16666666666666666,1.0,1.0,0,1,1,0,1,6,0,0,0.0,0.0,1765.159979248047,0.0,1,0,1,2024-08-01,89.14000091552735,0.0,89.14000091552735,6.847111890930503e-09,1
41,95.18232365231643,855.7133344014485,864.5000038146973,1720.2133382161458,0.6666666666666666,2,0,1.0,0.6666666666666666,1.0,0,0,1,1,0,0,6,0,0.0,0.7626819479930999,867.2822992382539,205.1614568652617,1,0,1,2024-08-01,85.57133344014485,86.45000038146974,172.02133382161458,0.08129090906623869,1
42,78.70000038146975,787.0000038146973,787.0000038146973,1574.0000076293945,1.0,0,1,1.0,1.0,1.0,1,1,1,1,1,5,1,0,0.0,0.7741902271440876,820.6000247955322,177.712292098999,1,0,1,2024-08-01,78.70000038146974,78.70000038146974,157.40000076293947,0.0022466068894075432,0
43,73.2000003814697,732.0000038146973,732.0000038146973,1464.0000076293945,0.5,3,0,1.0,0.0,1.0,0,0,1,1,0,3,3,0,0.18825136982937915,0.8421812894321854,594.2000003814697,115.52329673767092,1,0,1,2024-08-01,73.20000038146974,73.20000038146974,146.40000076293947,0.15501577265267413,1
44,73.52135589548948,577.0000038146973,559.4207199102309,1136.4207237249282,1.0,0,1,1.0,1.0,1.0,1,1,1,1,1,4,2,0,0.0,0.8154522341034328,597.8214047236145,103.2398440556824,1,0,1,2024-08-01,57.70000038146973,55.94207199102309,113.64207237249282,0.004423706347384758,0
45,70.30000114440918,511.00000381469727,511.00000381469727,1022.0000076293945,1.0,0,1,1.0,1.0,1.0,1,1,1,1,1,3,3,0,0.0,0.7705789086733487,586.3000011444092,117.23417854309082,1,0,1,2024-08-01,51.10000038146973,51.10000038146973,102.20000076293945,0.09211081965541663,0
46,62.596194997098124,472.50000381469727,472.50000381469727,945.0000076293945,1.0,0,1,1.0,1.0,1.0,1,1,1,1,1,4,0,2,0.0,0.7727248836181835,520.8961827900669,107.38749335739406,1,0,1,2024-08-01,47.25000038146973,47.25000038146973,94.50000076293946,0.2875654919820127,0
47,48.41000061035155,484.1000061035156,484.1000061035156,968.2000122070312,1.0,0,1,1.0,1.0,1.0,1,1,1,1,1,5,0,1,0.0,0.4248885188031083,506.7099884033203,278.4114715576172,1,0,1,2024-08-01,48.41000061035157,48.41000061035157,96.82000122070313,0.3931559363591565,0
0,0.0,0.0,0.0,0.0,1.0,0,1,1.0,1.0,0.8333333333333334,1,1,0,1,1,0,0,6,0.0,0.0,106.5,154.5,0,0,2,2024-08-01,0.0,0.0,0.0,0.0,0
1,0.0,0.0,0.0,0.0,1.0,0,1,1.0,1.0,0.0,1,1,0,1,1,0,0,6,0.0,0.0,134.0,182.0,0,0,2,2024-08-01,0.0,0.0,0.0,0.0,0
2,0.0,0.0,0.0,0.0,1.0,0,1,1.0,1.0,0.0,1,1,0,1,1,0,0,6,0.0,0.0,134.0,182.0,0,0,2,2024-08-01,0.0,0.0,0.0,0.0,0
3,0.0,0.0,0.0,0.0,1.0,0,1,1.0,1.0,0.0,1,1,0,1,1,0,0,6,0.0,0.0,145.0,193.0,0,0,2,2024-08-01,0.0,0.0,0.0,0.0,0
4,0.0,0.0,0.0,0.0,1.0,0,1,1.0,1.0,0.0,1,1,0,1,1,0,0,6,0.0,0.0,164.1999969482422,212.1999969482422,0,0,2,2024-08-01,0.0,0.0,0.0,0.0,0
5,0.0,0.0,0.0,0.0,1.0,0,1,1.0,1.0,0.16666666666666666,1,1,0,1,1,0,0,6,0.0,0.0,153.1999969482422,201.1999969482422,0,0,2,2024-08-01,0.0,0.0,0.0,0.0,0
6,0.0,0.0,0.0,0.0,1.0,0,1,1.0,1.0,0.0,1,1,0,1,1,0,0,6,0.0,0.0,153.1999969482422,201.1999969482422,0,0,2,2024-08-01,0.0,0.0,0.0,0.0,0
7,0.0,0.0,0.0,0.0,1.0,0,1,1.0,1.0,0.0,1,1,0,1,1,0,0,6,0.0,0.0,114.69999694824219,162.6999969482422,0,0,2,2024-08-01,0.0,0.0,0.0,0.0,0
8,0.0,0.0,0.0,0.0,1.0,0,1,1.0,1.0,0.0,1,1,0,1,1,0,0,6,0.0,0.0,95.5,143.5,0,0,2,2024-08-01,0.0,0.0,0.0,0.0,0
9,0.0,0.0,0.0,0.0,1.0,0,1,1.0,1.0,0.0,1,1,0,1,1,0,0,6,0.0,0.0,73.5,121.5,0,0,2,2024-08-01,0.0,0.0,0.0,0.0,0
10,0.0,0.0,0.0,0.0,1.0,0,1,1.0,1.0,1.0,1,1,1,1,1,0,0,6,0.0,0.0,62.5,110.5,0,0,2,2024-08-01,0.0,0.0,0.0,0.0,0
11,0.0,0.0,0.0,0.0,1.0,0,1,1.0,1.0,1.0,1,1,1,1,1,0,0,6,0.0,0.0,90.0,138.0,0,0,2,2024-08-01,0.0,0.0,0.0,0.0,0
12,0.0,0.0,0.0,0.0,1.0,0,1,1.0,1.0,1.0,1,1,1,1,1,0,0,6,0.0,0.0,120.19999694824219,168.1999969482422,0,0,2,2024-08-01,0.0,0.0,0.0,0.0,0
13,0.0,0.0,0.0,0.0,1.0,0,1,1.0,1.0,1.0,1,1,1,1,1,0,0,6,0.0,0.0,159.1999969482422,218.1999969482422,0,0,2,2024-08-01,0.0,0.0,0.0,0.0,0
14,0.0,0.0,0.0,0.0,1.0,0,1,1.0,1.0,0.5,1,1,0,1,1,0,0,6,0.0,0.0,189.39999389648438,248.39999389648438,0,0,2,2024-08-01,0.0,0.0,0.0,0.0,0
15,0.0,0.0,0.0,0.0,1.0,0,1,1.0,1.0,0.0,1,1,0,1,1,0,0,6,0.0,0.0,265.3999938964844,333.6000061035156,0,0,2,2024-08-01,0.0,0.0,0.0,0.0,0
16,0.0,0.0,0.0,0.0,1.0,0,1,1.0,1.0,0.0,1,1,0,1,1,0,0,6,0.0,0.0,346.5999755859375,421.5,0,0,2,2024-08-01,0.0,0.0,0.0,0.0,0
17,0.0,0.0,0.0,0.0,1.0,0,1,1.0,1.0,0.0,1,1,0,1,1,0,0,6,0.0,0.0,395.5533447265625,457.20001220703125,0,0,2,2024-08-01,0.0,0.0,0.0,0.0,0
18,41.32000045776364,284.00000381469727,303.2000045776367,587.200008392334,1.0,0,1,1.0,1.0,1.0,1,1,1,1,1,0,5,1,0.0,0.0,504.8045890808105,454.3800117492676,1,0,2,2024-08-01,28.400000381469727,30.320000457763673,58.7200008392334,0.2320063819433924,0
19,36.041425100823,408.2000045776367,408.2000045776367,816.4000091552734,1.0,0,1,1.0,1.0,1.0,1,1,1,1,1,0,6,0,0.0,0.0,506.83945976879176,451.25856269214574,1,0,2,2024-08-01,40.820000457763676,40.820000457763676,81.64000091552735,0.15276916409079525,0
20,31.99227210225591,535.1000061035156,535.1000061035156,1070.2000122070312,1.0,0,1,1.0,1.0,1.0,1,1,1,1,1,0,5,1,0.03380705600806916,0.13379233300162205,517.0098502272559,463.5077278977441,1,0,2,2024-08-01,53.51000061035157,53.51000061035157,107.02000122070314,0.14602935031803502,0
21,47.543323060875316,586.0500061035157,601.1000061035156,1187.1500122070313,1.0,0,1,1.0,1.0,1.0,1,1,1,1,1,0,0,6,0.0,0.12216538283459925,620.3691287249378,527.6663937359997,1,0,2,2024-08-01,58.60500061035157,60.11000061035156,118.71500122070313,3.840882635662456e-10,0
22,68.28386863584784,563.4500076293946,578.5000076293945,1141.950015258789,1.0,0,1,1.0,1.0,1.0,1,1,1,1,1,6,0,0,0.0,0.0,729.5836733233479,593.8299008954021,1,0,2,2024-08-01,56.34500076293946,57.85000076293946,114.19500152587892,1.5355519910768503e-09,0
23,-21.492823499714575,250.0,608.700008392334,858.700008392334,1.0,0,1,1.0,1.0,1.0,1,1,1,1,1,0,2,4,0.0,0.0,703.4821520862229,770.4267224254959,1,0,2,2024-08-01,25.0,60.8700008392334,85.8700008392334,0.031850675639101586,0
24,65.82000083923339,658.200008392334,658.200008392334,1316.400016784668,1.0,0,1,1.0,1.0,1.0,1,1,1,1,1,6,0,0,0.0,0.0,913.292535018921,801.559759902954,1,0,2,2024-08-01,65.8200008392334,65.8200008392334,131.6400016784668,0.05391853016103606,0
25,37.2858175377095,735.700008392334,735.700008392334,1471.400016784668,1.0,0,1,1.0,1.0,1.0,1,1,1,1,1,6,0,0,0.0,0.0,884.410939608022,831.0612893958843,1,0,2,2024-08-01,73.5700008392334,73.5700008392334,147.1400016784668,0.05391853037148076,0
26,83.57000083923327,835.700008392334,835.700008392334,1671.400016784668,1.0,0,1,1.0,1.0,1.0,1,1,1,1,1,5,1,0,0.0,0.0,1060.8656551361082,918.7744815826418,1,0,2,2024-08-01,83.5700008392334,83.5700008392334,167.1400016784668,0.017972843699788594,0
27,0.0,0.0,0.0,0.0,1.0,0,1,1.0,1.0,0.3333333333333333,1,1,0,1,1,0,0,6,0.0,0.0,1117.5799560546875,1148.3751220703125,0,0,2,2024-08-01,0.0,0.0,0.0,0.0,0
28,104.83000126491089,0.0,1048.3000104624905,1048.3000104624905,1.0,0,1,1.0,1.0,1.0,1,1,1,1,1,0,0,6,0.0,0.0,1268.5592493117858,1087.6702428757142,1,0,2,2024-08-01,0.0,104.83000104624905,104.83000104624905,5.40058944082381e-10,0
29,151.23721568931654,1048.3000106811523,1048.3000106811523,2096.6000213623047,1.0,0,1,1.0,1.0,1.0,1,1,1,1,1,6,0,0,0.0,0.0070010762652049805,1319.068392447129,1040.9607823575584,1,0,2,2024-08-01,104.83000106811524,104.83000106811524,209.66000213623047,1.2184254943422121e-09,0
30,164.24384023877218,1064.4333432515461,1067.600009918213,2132.033353169759,1.0,0,1,1.0,1.0,1.0,1,1,1,1,1,6,0,0,0.0,0.006129793442301452,1377.4580736372097,1061.0558423784153,1,0,2,2024-08-01,106.44333432515462,106.7600009918213,213.20333531697588,0.05383844452205983,0
31,186.50143905794783,1111.600009918213,1111.5999832424695,2223.1999931606824,1.0,0,1,1.0,1.0,1.0,1,1,1,1,1,6,0,0,0.0,0.09718403081643062,1375.537083589198,1003.5702162154896,1,0,2,2024-08-01,111.16000099182129,111.15999832424696,222.31999931606825,2.1283627087331176e-09,0
32,225.5816375585725,1119.9000091552734,1119.9000091552734,2239.800018310547,1.0,0,1,1.0,1.0,1.0,1,1,1,1,1,6,0,0,0.0,0.14905774217909554,1405.63522642576,952.97024232424,1,0,2,2024-08-01,111.99000091552735,111.99000091552735,223.9800018310547,0.12356329556594779,0
33,110.34000089407598,0.0,1103.4000091552734,1103.4000091552734,1.0,0,1,1.0,1.0,1.0,1,1,1,1,1,0,6,0,0.0,0.0,1355.9751327300135,1156.2475235199865,1,0,2,2024-08-01,0.0,110.34000091552736,110.34000091552736,2.7852176419155454e-09,0
34,160.07000160217277,0.0,1078.700008392334,1078.700008392334,1.0,0,1,1.0,1.0,1.0,1,1,1,1,1,0,6,0,0.0,0.0,1479.3430728912354,1180.7051448822021,1,0,2,2024-08-01,0.0,107.8700008392334,107.8700008392334,0.08087780131182284,0
35,281.85319635310356,951.700008392334,951.700008392334,1903.400016784668,1.0,0,1,1.0,1.0,1.0,1,1,1,1,1,0,6,0,0.0,0.0,1526.541794985916,967.5167987640839,1,0,2,2024-08-01,95.17000083923341,95.17000083923341,190.34000167846682,7.405755526900996e-09,0
36,230.88600345563984,944.1000061035156,813.793337123128,1757.8933432266435,1.0,0,1,1.0,1.0,1.0,1,1,1,1,1,4,2,0,0.0,0.0,1438.9464282603274,955.3958568959226,1,0,2,2024-08-01,94.41000061035157,81.37933371231281,175.78933432266436,0.09984346113441463,0
37,131.58000068664532,1040.800006866455,1040.800006866455,2081.60001373291,1.0,0,1,1.0,1.0,1.0,1,1,1,1,1,0,6,0,0.0,0.10013905978862421,1317.3799274444577,936.5752727508547,1,0,2,2024-08-01,104.08000068664552,104.08000068664552,208.16000137329104,0.23589356590798635,0
38,593.2219898482723,1010.700008392334,463.86446504895736,1474.5644734412913,1.0,0,1,1.0,1.0,1.0,1,1,1,1,1,2,4,0,0.0,0.4080596945251473,1710.8219654342097,274.58007314000895,1,0,2,2024-08-01,101.0700008392334,46.38644650489574,147.45644734412915,0.15419880981397835,0
39,158.12000236511233,0.0,922.200008392334,922.200008392334,1.0,0,1,1.0,1.0,1.0,1,1,1,1,1,6,0,0,0.0,0.2841062770181092,1192.2199779510497,660.1971973419189,1,0,2,2024-08-01,0.0,92.2200008392334,92.2200008392334,7.859384907250364e-09,0
40,927.0600036621094,891.4000091552734,0.0,891.4000091552734,0.5,3,0,0.5,1.0,1.0,0,1,1,0,1,6,0,0,0.0,0.0,1961.159979248047,0.0,1,0,2,2024-08-01,89.14000091552735,0.0,89.14000091552735,6.847111890930503e-09,1
41,95.18232365231643,855.7133344014485,864.5000038146973,1720.2133382161458,1.0,0,1,1.0,1.0,1.0,1,1,1,1,1,0,6,0,0.0,0.37186798430904416,1164.9823724804414,543.0201299609648,1,0,2,2024-08-01,85.57133344014485,86.45000038146974,172.02133382161458,0.08129090906623869,0
42,78.70000038146975,787.0000038146973,787.0000038146973,1574.0000076293945,1.0,0,1,1.0,1.0,1.0,1,1,1,1,1,5,1,0,0.0,0.3101633577932658,1173.2000003814696,542.9014400482178,1,0,2,2024-08-01,78.70000038146974,78.70000038146974,157.40000076293947,0.0022466068894075432,0
43,73.2000003814697,732.0000038146973,732.0000038146973,1464.0000076293945,1.0,0,1,1.0,1.0,1.0,1,1,1,1,1,3,3,0,0.0,0.4427105296884832,1044.4000125885009,407.93589439392093,1,0,2,2024-08-01,73.20000038146974,73.20000038146974,146.40000076293947,0.15501577265267413,0
44,73.52135589548948,577.0000038146973,559.4207199102309,1136.4207237249282,1.0,0,1,1.0,1.0,1.0,1,1,1,1,1,4,2,0,0.0,0.40579527091749057,895.0213558954895,332.41043731740115,1,0,2,2024-08-01,57.70000038146973,55.94207199102309,113.64207237249282,0.004423706347384758,0
45,70.30000114440918,511.00000381469727,511.00000381469727,1022.0000076293945,1.0,0,1,1.0,1.0,1.0,1,1,1,1,1,3,3,0,0.0,0.35539174047875643,891.8000011444092,329.3948230743408,1,0,2,2024-08-01,51.10000038146973,51.10000038146973,102.20000076293945,0.09211081965541663,0
46,62.596194997098124,472.50000381469727,472.50000381469727,945.0000076293945,1.0,0,1,1.0,1.0,1.0,1,1,1,1,1,4,0,2,0.0,0.29457111376200823,853.8961827900669,333.31515143844877,1,0,2,2024-08-01,47.25000038146973,47.25000038146973,94.50000076293946,0.2875654919820127,0
47,48.41000061035155,484.1000061035156,484.1000061035156,968.2000122070312,1.0,0,1,1.0,1.0,1.0,1,1,1,1,1,5,0,1,0.0,0.007069531473545142,812.2099884033203,480.6776458740234,1,0,2,2024-08-01,48.41000061035157,48.41000061035157,96.82000122070313,0.3931559363591565,0
0,0.0,0.0,0.0,0.0,1.0,0,1,1.0,1.0,0.8333333333333334,1,1,0,1,1,0,0,6,0.0,0.0,214.8000030517578,256.3999938964844,0,1,0,2024-08-01,0.0,0.0,0.0,0.0,0
1,0.0,0.0,0.0,0.0,1.0,0,1,1.0,1.0,0.0,1,1,0,1,1,0,0,6,0.0,0.0,214.8000030517578,256.3999938964844,0,1,0,2024-08-01,0.0,0.0,0.0,0.0,0
2,0.0,0.0,0.0,0.0,1.0,0,1,1.0,1.0,0.0,1,1,0,1,1,0,0,6,0.0,0.0,214.8000030517578,256.3999938964844,0,1,0,2024-08-01,0.0,0.0,0.0,0.0,0
3,0.0,0.0,0.0,0.0,1.0,0,1,1.0,1.0,0.0,1,1,0,1,1,0,0,6,0.0,0.0,164.8000030517578,206.39999389648438,0,1,0,2024-08-01,0.0,0.0,0.0,0.0,0
4,0.0,0.0,0.0,0.0,1.0,0,1,1.0,1.0,0.0,1,1,0,1,1,0,0,6,0.0,0.0,164.8000030517578,206.39999389648438,0,1,0,2024-08-01,0.0,0.0,0.0,0.0,0
5,0.0,0.0,0.0,0.0,1.0,0,1,1.0,1.0,0.0,1,1,0,1,1,0,0,6,0.0,0.0,164.8000030517578,206.39999389648438,0,1,0,2024-08-01,0.0,0.0,0.0,0.0,0
6,0.0,0.0,0.0,0.0,1.0,0,1,1.0,1.0,0.0,1,1,0,1,1,0,0,6,0.0,0.0,164.8000030517578,206.39999389648438,0,1,0,2024-08-01,0.0,0.0,0.0,0.0,0
7,0.0,0.0,0.0,0.0,1.0,0,1,1.0,1.0,0.0,1,1,0,1,1,0,0,6,0.0,0.0,173.09999084472656,214.69998168945312,0,1,0,2024-08-01,0.0,0.0,0.0,0.0,0
8,0.0,0.0,0.0,0.0,1.0,0,1,1.0,1.0,0.0,1,1,0,1,1,0,0,6,0.0,0.0,162.09999084472656,203.69998168945312,0,1,0,2024-08-01,0.0,0.0,0.0,0.0,0
9,0.0,0.0,0.0,0.0,1.0,0,1,1.0,1.0,0.0,1,1,0,1,1,0,0,6,0.0,0.0,162.09999084472656,203.69998168945312,0,1,0,2024-08-01,0.0,0.0,0.0,0.0,0
10,0.0,0.0,0.0,0.0,1.0,0,1,1.0,1.0,0.0,1,1,0,1,1,0,0,6,0.0,0.0,131.89999389648438,173.49998474121094,0,1,0,2024-08-01,0.0,0.0,0.0,0.0,0
11,0.0,0.0,0.0,0.0,1.0,0,1,1.0,1.0,1.0,1,1,1,1,1,0,0,6,0.0,0.0,112.69999694824219,154.29998779296875,0,1,0,2024-08-01,0.0,0.0,0.0,0.0,0
12,0.0,0.0,0.0,0.0,1.0,0,1,1.0,1.0,1.0,1,1,1,1,1,0,0,6,0.0,0.0,131.89999389648438,173.49998474121094,0,1,0,2024-08-01,0.0,0.0,0.0,0.0,0
13,0.0,0.0,0.0,0.0,1.0,0,1,1.0,1.0,0.3333333333333333,1,1,0,1,1,0,0,6,0.0,0.0,231.3000030517578,268.8999938964844,0,1,0,2024-08-01,0.0,0.0,0.0,0.0,0
14,0.0,0.0,0.0,0.0,1.0,0,1,1.0,1.0,0.8333333333333334,1,1,0,1,1,0,0,6,0.0,0.0,226.6999969482422,229.90000915527344,0,1,0,2024-08-01,0.0,0.0,0.0,0.0,0
15,0.0,0.0,0.0,0.0,1.0,0,1,1.0,1.0,0.6666666666666666,1,1,0,1,1,0,0,6,0.0,0.0,315.20001220703125,318.3999938964844,0,1,0,2024-08-01,0.0,0.0,0.0,0.0,0
16,0.0,0.0,0.0,0.0,1.0,0,1,1.0,1.0,0.0,1,1,0,1,1,0,0,6,0.0,0.0,392.1000061035156,395.3000183105469,0,1,0,2024-08-01,0.0,0.0,0.0,0.0,0
17,0.0,0.0,0.0,0.0,1.0,0,1,1.0,1.0,0.0,1,1,0,1,1,0,0,6,0.0,0.0,418.5000305175781,414.5000305175781,0,1,0,2024-08-01,0.0,0.0,0.0,0.0,0
18,41.32000045776364,284.00000381469727,303.2000045776367,587.200008392334,1.0,0,1,1.0,1.0,1.0,1,1,1,1,1,6,0,0,0.0,0.0,496.7670829772949,461.6799995422364,1,1,0,2024-08-01,28.400000381469727,30.320000457763673,58.7200008392334,0.3022820154932792,0
19,36.041425100823,408.2000045776367,408.2000045776367,816.4000091552734,1.0,0,1,1.0,1.0,1.0,1,1,1,1,1,6,0,0,0.0,0.0,463.97727715160426,468.3585993132395,1,1,0,2024-08-01,40.820000457763676,40.820000457763676,81.64000091552735,0.2166666657709175,0
20,31.99227210225591,535.1000061035156,535.1000061035156,1070.2000122070312,1.0,0,1,1.0,1.0,1.0,1,1,1,1,1,0,0,6,0.0,0.0,622.0090567702247,676.8077767258691,1,1,0,2024-08-01,53.51000061035157,53.51000061035157,107.02000122070314,6.343824133177961e-10,0
21,47.543323060875316,586.0500061035157,601.1000061035156,1187.1500122070313,1.0,0,1,1.0,1.0,1.0,1,1,1,1,1,0,0,6,0.0,0.0,675.5057254046253,699.7567257672497,1,1,0,2024-08-01,58.60500061035157,60.11000061035156,118.71500122070313,3.840882635662456e-10,0
22,68.28386863584784,563.4500076293946,578.5000076293945,1141.950015258789,1.0,0,1,1.0,1.0,1.0,1,1,1,1,1,6,0,0,0.0,0.0,720.9470766436604,712.5161801922771,1,1,0,2024-08-01,56.34500076293946,57.85000076293946,114.19500152587892,1.5355519910768503e-09,0
23,-21.492823499714575,250.0,608.700008392334,858.700008392334,1.0,0,1,1.0,1.0,1.0,1,1,1,1,1,0,0,6,0.0,0.0,652.4957629260666,803.9928234997146,1,1,0,2024-08-01,25.0,60.8700008392334,85.8700008392334,9.929193433895184e-10,0
24,65.82000083923339,658.200008392334,658.200008392334,1316.400016784668,1.0,0,1,1.0,1.0,1.0,1,1,1,1,1,6,0,0,0.0,0.0,789.0045711517334,766.6799991607666,1,1,0,2024-08-01,65.8200008392334,65.8200008392334,131.6400016784668,8.693475795556865e-10,0
25,37.2858175377095,735.700008392334,735.700008392334,1471.400016784668,1.0,0,1,1.0,1.0,1.0,1,1,1,1,1,6,0,0,0.0,0.0,926.5054830650532,940.6668191810405,1,1,0,2024-08-01,73.5700008392334,73.5700008392334,147.1400016784668,9.141515084664664e-10,0
26,83.57000083923327,835.700008392334,835.700008392334,1671.400016784668,1.0,0,1,1.0,1.0,1.0,1,1,1,1,1,6,0,0,0.0,0.0,1090.9878475189207,997.8393009185793,1,1,0,2024-08-01,83.5700008392334,83.5700008392334,167.1400016784668,6.847008753975718e-10,0
27,0.0,0.0,0.0,0.0,1.0,0,1,1.0,1.0,0.0,1,1,0,1,1,0,0,6,0.0,0.0,1077.0843505859375,1136.0914306640625,0,1,0,2024-08-01,0.0,0.0,0.0,0.0,0
28,104.83000126491089,0.0,1048.3000104624905,1048.3000104624905,1.0,0,1,1.0,1.0,1.0,1,1,1,1,1,0,0,6,0.0,0.0,1242.6822961867858,1078.1597448288392,1,1,0,2024-08-01,0.0,104.83000104624905,104.83000104624905,5.40058944082381e-10,0
29,151.23721568931654,1048.3000106811523,1048.3000106811523,2096.6000213623047,1.0,0,1,1.0,1.0,1.0,1,1,1,1,1,6,0,0,0.0,0.0,1323.892855337754,1059.241910287246,1,1,0,2024-08-01,104.83000106811524,104.83000106811524,209.66000213623047,1.2184254943422121e-09,0
30,164.24384023877218,1064.4333432515461,1067.600009918213,2132.033353169759,1.0,0,1,1.0,1.0,1.0,1,1,1,1,1,6,0,0,0.0,0.027524342056299497,1342.7915697309597,1038.2150220659153,1,1,0,2024-08-01,106.44333432515462,106.7600009918213,213.20333531697588,2.2464720930831933e-09,0
31,186.50143905794783,1111.600009918213,1111.5999832424695,2223.1999931606824,1.0,0,1,1.0,1.0,1.0,1,1,1,1,1,6,0,0,0.0,0.009216204571548448,1479.923069917323,1101.355250395177,1,1,0,2024-08-01,111.16000099182129,111.15999832424696,222.31999931606825,2.1283627087331176e-09,0
32,225.5816375585725,1119.9000091552734,1119.9000091552734,2239.800018310547,1.0,0,1,1.0,1.0,1.0,1,1,1,1,1,6,0,0,0.0,0.10330987914871041,1485.3599578710725,1004.2032745508025,1,1,0,2024-08-01,111.99000091552735,111.99000091552735,223.9800018310547,1.3559639744317964e-09,0
33,110.34000089407598,0.0,1103.4000091552734,1103.4000091552734,1.0,0,1,1.0,1.0,1.0,1,1,1,1,1,0,6,0,0.0,0.033792164571696925,1300.311192300326,1066.1137344574865,1,1,0,2024-08-01,0.0,110.34000091552736,110.34000091552736,2.7852176419155454e-09,0
34,160.07000160217277,0.0,1078.700008392334,1078.700008392334,1.0,0,1,1.0,1.0,1.0,1,1,1,1,1,0,6,0,0.0,0.06495346021630953,1333.7523746490479,1008.6347103118898,1,1,0,2024-08-01,0.0,107.8700008392334,107.8700008392334,5.304575821993934e-09,0
35,281.85319635310356,951.700008392334,951.700008392334,1903.400016784668,0.8333333333333334,1,0,1.0,0.8,1.0,0,0,1,1,0,1,5,0,0.0,0.2013559667578056,1344.245408267166,760.0695331390839,1,1,0,2024-08-01,95.17000083923341,95.17000083923341,190.34000167846682,0.11250000645698334,1
36,230.88600345563984,944.1000061035156,813.793337123128,1757.8933432266435,1.0,0,1,1.0,1.0,1.0,1,1,1,1,1,6,0,0,0.0,0.04154327018296815,1239.3534106822024,779.9857006459226,1,1,0,2024-08-01,94.41000061035157,81.37933371231281,175.78933432266436,0.20139873914997397,0
37,131.58000068664532,1040.800006866455,1040.800006866455,2081.60001373291,1.0,0,1,1.0,1.0,1.0,1,1,1,1,1,5,1,0,0.0,0.1795892047542664,1054.9639118194577,853.8835613250734,1,1,0,2024-08-01,104.08000068664552,104.08000068664552,208.16000137329104,0.17083332934747314,0
38,593.2219898482723,1010.700008392334,463.86446504895736,1474.5644734412913,1.0,0,1,1.0,1.0,1.0,1,1,1,1,1,6,0,0,0.0,0.38409481703242593,1420.5069019576472,285.69652821813395,1,1,0,2024-08-01,101.0700008392334,46.38644650489574,147.45644734412915,3.380653162914195e-09,0
39,158.12000236511233,0.0,922.200008392334,922.200008392334,1.0,0,1,1.0,1.0,1.0,1,1,1,1,1,6,0,0,0.0,0.23202367218598316,999.6151195526123,708.2277759552002,1,1,0,2024-08-01,0.0,92.2200008392334,92.2200008392334,7.859384907250364e-09,0
40,927.0600036621094,891.4000091552734,0.0,891.4000091552734,1.0,0,1,1.0,1.0,1.0,1,1,1,1,1,6,0,0,0.0,0.0,1739.260076904297,0.0,1,1,0,2024-08-01,89.14000091552735,0.0,89.14000091552735,0.0500000145501128,0
41,95.18232365231643,855.7133344014485,864.5000038146973,1720.2133382161458,1.0,0,1,1.0,1.0,1.0,1,1,1,1,1,4,2,0,0.0038927283744936187,0.3486850034839629,852.3822748241914,563.0618169726836,1,1,0,2024-08-01,85.57133344014485,86.45000038146974,172.02133382161458,0.024872303434809426,0
42,78.70000038146975,787.0000038146973,787.0000038146973,1574.0000076293945,1.0,0,1,1.0,1.0,1.0,1,1,1,1,1,6,0,0,0.032147399378138396,0.35837577975719903,761.7000003814697,504.9582637786865,1,1,0,2024-08-01,78.70000038146974,78.70000038146974,157.40000076293947,0.016666668120807946,0
43,73.2000003814697,732.0000038146973,732.0000038146973,1464.0000076293945,1.0,0,1,1.0,1.0,1.0,1,1,1,1,1,6,0,0,0.05710382952922636,0.3936489788240475,690.2000003814697,443.8489498138428,1,1,0,2024-08-01,73.20000038146974,73.20000038146974,146.40000076293947,2.345100752237435e-09,0
44,73.52135589548948,577.0000038146973,559.4207199102309,1136.4207237249282,1.0,0,1,1.0,1.0,1.0,1,1,1,1,1,6,0,0,0.0,0.25368556220387517,593.8213436884582,417.5037600713074,1,1,0,2024-08-01,57.70000038146973,55.94207199102309,113.64207237249282,1.0737189877765916e-09,0
45,70.30000114440918,511.00000381469727,511.00000381469727,1022.0000076293945,1.0,0,1,1.0,1.0,1.0,1,1,1,1,1,0,6,0,0.049510839730945146,0.3785356504545891,485.69996452331543,317.5682849884033,1,1,0,2024-08-01,51.10000038146973,51.10000038146973,102.20000076293945,1.866290233438195e-09,0
46,62.596194997098124,472.50000381469727,472.50000381469727,945.0000076293945,1.0,0,1,1.0,1.0,1.0,1,1,1,1,1,0,2,4,0.06984940777193346,0.4018644588365894,439.49615837600436,282.6190454814175,1,1,0,2024-08-01,47.25000038146973,47.25000038146973,94.50000076293946,0.0749999982857977,0
47,48.41000061035155,484.1000061035156,484.1000061035156,968.2000122070312,1.0,0,1,1.0,1.0,1.0,1,1,1,1,1,3,0,3,0.17824838055425743,0.45053910710018147,397.8099639892578,265.9940216064453,1,1,0,2024-08-01,48.41000061035157,48.41000061035157,96.82000122070313,0.17499999409001668,0
0,0.0,0.0,0.0,0.0,1.0,0,1,1.0,1.0,1.0,1,1,1,1,1,0,0,6,0.0,0.0,353.79998779296875,369.29998779296875,0,1,1,2024-08-01,0.0,0.0,0.0,0.0,0
1,0.0,0.0,0.0,0.0,1.0,0,1,1.0,1.0,1.0,1,1,1,1,1,0,0,6,0.0,0.0,401.29998779296875,418.79998779296875,0,1,1,2024-08-01,0.0,0.0,0.0,0.0,0
2,0.0,0.0,0.0,0.0,1.0,0,1,1.0,1.0,0.16666666666666666,1,1,0,1,1,0,0,6,0.0,0.0,401.29998779296875,418.79998779296875,0,1,1,2024-08-01,0.0,0.0,0.0,0.0,0
3,0.0,0.0,0.0,0.0,1.0,0,1,1.0,1.0,0.0,1,1,0,1,1,0,0,6,0.0,0.0,401.29998779296875,418.79998779296875,0,1,1,2024-08-01,0.0,0.0,0.0,0.0,0
4,0.0,0.0,0.0,0.0,1.0,0,1,1.0,1.0,0.16666666666666666,1,1,0,1,1,0,0,6,0.0,0.0,362.79998779296875,380.29998779296875,0,1,1,2024-08-01,0.0,0.0,0.0,0.0,0
5,0.0,0.0,0.0,0.0,1.0,0,1,1.0,1.0,1.0,1,1,1,1,1,0,0,6,0.0,0.0,362.79998779296875,380.29998779296875,0,1,1,2024-08-01,0.0,0.0,0.0,0.0,0
6,0.0,0.0,0.0,0.0,1.0,0,1,1.0,1.0,0.16666666666666666,1,1,0,1,1,0,0,6,0.0,0.0,362.79998779296875,380.29998779296875,0,1,1,2024-08-01,0.0,0.0,0.0,0.0,0
7,0.0,0.0,0.0,0.0,1.0,0,1,1.0,1.0,0.8333333333333334,1,1,0,1,1,0,0,6,0.0,0.0,337.29998779296875,352.79998779296875,0,1,1,2024-08-01,0.0,0.0,0.0,0.0,0
8,0.0,0.0,0.0,0.0,1.0,0,1,1.0,1.0,0.3333333333333333,1,1,0,1,1,0,0,6,0.0,0.0,337.29998779296875,352.79998779296875,0,1,1,2024-08-01,0.0,0.0,0.0,0.0,0
9,0.0,0.0,0.0,0.0,1.0,0,1,1.0,1.0,0.3333333333333333,1,1,0,1,1,0,0,6,0.0,0.0,309.79998779296875,325.29998779296875,0,1,1,2024-08-01,0.0,0.0,0.0,0.0,0
10,0.0,0.0,0.0,0.0,1.0,0,1,1.0,1.0,0.16666666666666666,1,1,0,1,1,0,0,6,0.0,0.0,235.59999084472656,251.09999084472656,0,1,1,2024-08-01,0.0,0.0,0.0,0.0,0
11,0.0,0.0,0.0,0.0,1.0,0,1,1.0,1.0,1.0,1,1,1,1,1,0,0,6,0.0,0.0,235.59999084472656,251.09999084472656,0,1,1,2024-08-01,0.0,0.0,0.0,0.0,0
12,0.0,0.0,0.0,0.0,1.0,0,1,1.0,1.0,1.0,1,1,1,1,1,0,0,6,0.0,0.0,263.0999755859375,278.5999755859375,0,1,1,2024-08-01,0.0,0.0,0.0,0.0,0
13,0.0,0.0,0.0,0.0,1.0,0,1,1.0,1.0,1.0,1,1,1,1,1,0,0,6,0.0,0.0,313.0999755859375,328.5999755859375,0,1,1,2024-08-01,0.0,0.0,0.0,0.0,0
14,0.0,0.0,0.0,0.0,1.0,0,1,1.0,1.0,0.3333333333333333,1,1,0,1,1,0,0,6,0.0,0.0,379.0,394.5,0,1,1,2024-08-01,0.0,0.0,0.0,0.0,0
15,0.0,0.0,0.0,0.0,1.0,0,1,1.0,1.0,0.0,1,1,0,1,1,0,0,6,0.0,0.0,407.79998779296875,444.5,0,1,1,2024-08-01,0.0,0.0,0.0,0.0,0
16,0.0,0.0,0.0,0.0,1.0,0,1,1.0,1.0,0.0,1,1,0,1,1,0,0,6,0.0,0.0,479.70001220703125,532.8999633789062,0,1,1,2024-08-01,0.0,0.0,0.0,0.0,0
17,0.0,0.0,0.0,0.0,1.0,0,1,1.0,1.0,0.0,1,1,0,1,1,0,0,6,0.0,0.0,471.5,524.699951171875,0,1,1,2024-08-01,0.0,0.0,0.0,0.0,0
18,41.32000045776364,284.00000381469727,303.2000045776367,587.200008392334,0.8333333333333334,1,0,0.8333333333333334,1.0,1.0,0,0,1,0,1,6,0,0,0.0,0.0,551.2199638366699,521.7799751281739,1,1,1,2024-08-01,28.400000381469727,30.320000457763673,58.7200008392334,0.3022820154932792,1
19,36.041425100823,408.2000045776367,408.2000045776367,816.4000091552734,1.0,0,1,1.0,1.0,1.0,1,1,1,1,1,6,0,0,0.0,0.0,437.31821953441676,583.758623727302,1,1,1,2024-08-01,40.820000457763676,40.820000457763676,81.64000091552735,0.2166666657709175,0
20,31.99227210225591,535.1000061035156,535.1000061035156,1070.2000122070312,1.0,0,1,1.0,1.0,1.0,1,1,1,1,1,0,0,6,0.19492019078837253,0.0,430.79821082295905,634.5077278977441,1,1,1,2024-08-01,53.51000061035157,53.51000061035157,107.02000122070314,6.343824133177961e-10,0
21,47.543323060875316,586.0500061035157,601.1000061035156,1187.1500122070313,1.0,0,1,1.0,1.0,1.0,1,1,1,1,1,0,0,6,0.11131305329369617,0.0,520.8149905413441,684.8567013531872,1,1,1,2024-08-01,58.60500061035157,60.11000061035156,118.71500122070313,3.840882635662456e-10,0
22,68.28386863584784,563.4500076293946,578.5000076293945,1141.950015258789,1.0,0,1,1.0,1.0,1.0,1,1,1,1,1,6,0,0,0.02124136296103334,0.0,551.4815615069416,664.1161557782146,1,1,1,2024-08-01,56.34500076293946,57.85000076293946,114.19500152587892,1.5355519910768503e-09,0
23,-21.492823499714575,250.0,608.700008392334,858.700008392334,1.0,0,1,1.0,1.0,1.0,1,1,1,1,1,0,0,6,0.0,0.0,504.9729968127854,789.5929211559646,1,1,1,2024-08-01,25.0,60.8700008392334,85.8700008392334,9.929193433895184e-10,0
24,65.82000083923339,658.200008392334,658.200008392334,1316.400016784668,1.0,0,1,1.0,1.0,1.0,1,1,1,1,1,6,0,0,0.0,0.0,714.6549617767334,782.427923965454,1,1,1,2024-08-01,65.8200008392334,65.8200008392334,131.6400016784668,8.693475795556865e-10,0
25,37.2858175377095,735.700008392334,735.700008392334,1471.400016784668,1.0,0,1,1.0,1.0,1.0,1,1,1,1,1,6,0,0,0.01987654623190688,0.0,721.0768331627095,838.4329324622905,1,1,1,2024-08-01,73.5700008392334,73.5700008392334,147.1400016784668,9.141515084664664e-10,0
26,83.57000083923327,835.700008392334,835.700008392334,1671.400016784668,1.0,0,1,1.0,1.0,1.0,1,1,1,1,1,6,0,0,0.032387490179505665,0.00654828497635133,808.6337825775145,830.2276065826418,1,1,1,2024-08-01,83.5700008392334,83.5700008392334,167.1400016784668,6.847008753975718e-10,0
27,0.0,0.0,0.0,0.0,1.0,0,1,1.0,1.0,0.0,1,1,0,1,1,0,0,6,0.0,0.0,824.5228881835938,1029.1021728515625,0,1,1,2024-08-01,0.0,0.0,0.0,0.0,0
28,104.83000126491089,0.0,1048.3000104624905,1048.3000104624905,1.0,0,1,1.0,1.0,1.0,1,1,1,1,1,0,0,6,0.0,0.04486104970569543,1006.3528894485046,1001.2721715866517,1,1,1,2024-08-01,0.0,104.83000104624905,104.83000104624905,5.40058944082381e-10,0
29,151.23721568931654,1048.3000106811523,1048.3000106811523,2096.6000213623047,1.0,0,1,1.0,1.0,1.0,1,1,1,1,1,6,0,0,0.0,0.049932726141078305,1097.7633387361916,995.9555333341209,1,1,1,2024-08-01,104.83000106811524,104.83000106811524,209.66000213623047,1.2184254943422121e-09,0
30,164.24384023877218,1064.4333432515461,1067.600009918213,2132.033353169759,1.0,0,1,1.0,1.0,1.0,1,1,1,1,1,6,0,0,0.0,0.05379884460321912,1150.6428880903347,1010.1643628862278,1,1,1,2024-08-01,106.44333432515462,106.7600009918213,213.20333531697588,2.2464720930831933e-09,0
31,186.50143905794783,1111.600009918213,1111.5999832424695,2223.1999931606824,1.0,0,1,1.0,1.0,1.0,1,1,1,1,1,6,0,0,0.0,0.12372125620467582,1192.974095307948,974.0714369186146,1,1,1,2024-08-01,111.16000099182129,111.15999832424696,222.31999931606825,2.1283627087331176e-09,0
32,225.5816375585725,1119.9000091552734,1119.9000091552734,2239.800018310547,1.0,0,1,1.0,1.0,1.0,1,1,1,1,1,6,0,0,0.0,0.25003394633005566,1187.2918426366975,839.886990371115,1,1,1,2024-08-01,111.99000091552735,111.99000091552735,223.9800018310547,1.3559639744317964e-09,0
33,110.34000089407598,0.0,1103.4000091552734,1103.4000091552734,1.0,0,1,1.0,1.0,1.0,1,1,1,1,1,0,6,0,0.0,0.15222039093606587,1047.334873940951,935.440028402799,1,1,1,2024-08-01,0.0,110.34000091552736,110.34000091552736,2.7852176419155454e-09,0
34,160.07000160217277,0.0,1078.700008392334,1078.700008392334,1.0,0,1,1.0,1.0,1.0,1,1,1,1,1,0,6,0,0.0,0.19715389884460494,1096.6140689849854,866.0300960540773,1,1,1,2024-08-01,0.0,107.8700008392334,107.8700008392334,5.304575821993934e-09,0
35,281.85319635310356,951.700008392334,951.700008392334,1903.400016784668,0.8333333333333334,1,0,1.0,0.8,1.0,0,0,1,1,0,1,5,0,0.0,0.2612726469882187,1202.308640689041,703.0468280609589,1,1,1,2024-08-01,95.17000083923341,95.17000083923341,190.34000167846682,0.11250000645698334,1
36,230.88600345563984,944.1000061035156,813.793337123128,1757.8933432266435,1.0,0,1,1.0,1.0,1.0,1,1,1,1,1,6,0,0,0.0,0.19842785627544204,1037.1682300181399,652.3140697865476,1,1,1,2024-08-01,94.41000061035157,81.37933371231281,175.78933432266436,0.20139873914997397,0
37,131.58000068664532,1040.800006866455,1040.800006866455,2081.60001373291,1.0,0,1,1.0,1.0,1.0,1,1,1,1,1,5,1,0,0.1735912186197309,0.28841269439905853,860.1262653350828,740.6200725555422,1,1,1,2024-08-01,104.08000068664552,104.08000068664552,208.16000137329104,0.17083332934747314,0
38,593.2219898482723,1010.700008392334,463.86446504895736,1474.5644734412913,1.0,0,1,1.0,1.0,1.0,1,1,1,1,1,6,0,0,0.0,0.4636837051947333,1317.546635844366,248.77807118688395,1,1,1,2024-08-01,101.0700008392334,46.38644650489574,147.45644734412915,3.380653162914195e-09,0
39,158.12000236511233,0.0,922.200008392334,922.200008392334,1.0,0,1,1.0,1.0,1.0,1,1,1,1,1,6,0,0,0.0,0.27924517301089385,962.6575389862061,664.6801074981689,1,1,1,2024-08-01,0.0,92.2200008392334,92.2200008392334,7.859384907250364e-09,0
40,927.0600036621094,891.4000091552734,0.0,891.4000091552734,0.8333333333333334,1,0,0.8333333333333334,1.0,1.0,0,1,1,0,1,6,0,0,0.0,0.0,1719.6601013183595,0.0,1,1,1,2024-08-01,89.14000091552735,0.0,89.14000091552735,0.0500000145501128,1
41,95.18232365231643,855.7133344014485,864.5000038146973,1720.2133382161458,1.0,0,1,1.0,1.0,1.0,1,1,1,1,1,4,2,0,0.10708140524555844,0.42690545661625057,764.0823480663789,495.4402349414336,1,1,1,2024-08-01,85.57133344014485,86.45000038146974,172.02133382161458,0.024872303434809426,0
42,78.70000038146975,787.0000038146973,787.0000038146973,1574.0000076293945,1.0,0,1,1.0,1.0,1.0,1,1,1,1,1,6,0,0,0.05006350549960343,0.35130888588063686,747.6000247955322,510.519909286499,1,1,1,2024-08-01,78.70000038146974,78.70000038146974,157.40000076293947,0.016666668120807946,0
43,73.2000003814697,732.0000038146973,732.0000038146973,1464.0000076293945,1.0,0,1,1.0,1.0,1.0,1,1,1,1,1,6,0,0,0.0,0.2982481951361891,742.1000247955322,513.6823238372803,1,1,1,2024-08-01,73.20000038146974,73.20000038146974,146.40000076293947,2.345100752237435e-09,0
44,73.52135589548948,577.0000038146973,559.4207199102309,1136.4207237249282,1.0,0,1,1.0,1.0,1.0,1,1,1,1,1,6,0,0,0.0,0.08786958243416663,742.421380309552,510.264654846698,1,1,1,2024-08-01,57.70000038146973,55.94207199102309,113.64207237249282,1.0737189877765916e-09,0
45,70.30000114440918,511.00000381469727,511.00000381469727,1022.0000076293945,1.0,0,1,1.0,1.0,1.0,1,1,1,1,1,0,6,0,0.0,0.07367161660336895,700.7000255584717,473.3538074493408,1,1,1,2024-08-01,51.10000038146973,51.10000038146973,102.20000076293945,1.866290233438195e-09,0
46,62.596194997098124,472.50000381469727,472.50000381469727,945.0000076293945,1.0,0,1,1.0,1.0,1.0,1,1,1,1,1,0,2,4,0.0,0.0996963891861761,637.9962194111606,425.3934595439175,1,1,1,2024-08-01,47.25000038146973,47.25000038146973,94.50000076293946,0.0749999982857977,0
47,48.41000061035155,484.1000061035156,484.1000061035156,968.2000122070312,1.0,0,1,1.0,1.0,1.0,1,1,1,1,1,3,0,3,0.0,0.20282885526807087,577.1100128173828,385.9105560302734,1,1,1,2024-08-01,48.41000061035157,48.41000061035157,96.82000122070313,0.17499999409001668,0
0,0.0,0.0,0.0,0.0,1.0,0,1,1.0,1.0,0.5,1,1,0,1,1,0,0,6,0.0,0.0,570.2999877929688,595.7000122070312,0,1,2,2024-08-01,0.0,0.0,0.0,0.0,0
1,0.0,0.0,0.0,0.0,1.0,0,1,1.0,1.0,0.0,1,1,0,1,1,0,0,6,0.0,0.0,620.800048828125,635.7000122070312,0,1,2,2024-08-01,0.0,0.0,0.0,0.0,0
2,0.0,0.0,0.0,0.0,1.0,0,1,1.0,1.0,0.0,1,1,0,1,1,0,0,6,0.0,0.0,609.300048828125,624.2000122070312,0,1,2,2024-08-01,0.0,0.0,0.0,0.0,0
3,0.0,0.0,0.0,0.0,1.0,0,1,1.0,1.0,0.0,1,1,0,1,1,0,0,6,0.0,0.0,598.300048828125,613.2000122070312,0,1,2,2024-08-01,0.0,0.0,0.0,0.0,0
4,0.0,0.0,0.0,0.0,1.0,0,1,1.0,1.0,0.0,1,1,0,1,1,0,0,6,0.0,0.0,533.5999755859375,547.2999877929688,0,1,2,2024-08-01,0.0,0.0,0.0,0.0,0
5,0.0,0.0,0.0,0.0,1.0,0,1,1.0,1.0,0.0,1,1,0,1,1,0,0,6,0.0,0.0,506.1000061035156,519.7999877929688,0,1,2,2024-08-01,0.0,0.0,0.0,0.0,0
6,0.0,0.0,0.0,0.0,1.0,0,1,1.0,1.0,0.0,1,1,0,1,1,0,0,6,0.0,0.0,506.1000061035156,519.7999877929688,0,1,2,2024-08-01,0.0,0.0,0.0,0.0,0
7,0.0,0.0,0.0,0.0,1.0,0,1,1.0,1.0,0.0,1,1,0,1,1,0,0,6,0.0,0.0,478.6000061035156,492.29998779296875,0,1,2,2024-08-01,0.0,0.0,0.0,0.0,0
8,0.0,0.0,0.0,0.0,1.0,0,1,1.0,1.0,0.0,1,1,0,1,1,0,0,6,0.0,0.0,442.6000061035156,442.29998779296875,0,1,2,2024-08-01,0.0,0.0,0.0,0.0,0
9,0.0,0.0,0.0,0.0,1.0,0,1,1.0,1.0,0.0,1,1,0,1,1,0,0,6,0.0,0.0,392.6000061035156,392.29998779296875,0,1,2,2024-08-01,0.0,0.0,0.0,0.0,0
10,0.0,0.0,0.0,0.0,1.0,0,1,1.0,1.0,0.16666666666666666,1,1,0,1,1,0,0,6,0.0,0.0,354.1000061035156,353.79998779296875,0,1,2,2024-08-01,0.0,0.0,0.0,0.0,0
11,0.0,0.0,0.0,0.0,1.0,0,1,1.0,1.0,0.0,1,1,0,1,1,0,0,6,0.0,0.0,354.1000061035156,353.79998779296875,0,1,2,2024-08-01,0.0,0.0,0.0,0.0,0
12,0.0,0.0,0.0,0.0,1.0,0,1,1.0,1.0,0.0,1,1,0,1,1,0,0,6,0.0,0.0,400.79998779296875,400.5,0,1,2,2024-08-01,0.0,0.0,0.0,0.0,0
13,0.0,0.0,0.0,0.0,1.0,0,1,1.0,1.0,0.0,1,1,0,1,1,0,0,6,0.0,0.0,411.79998779296875,411.5,0,1,2,2024-08-01,0.0,0.0,0.0,0.0,0
14,0.0,0.0,0.0,0.0,1.0,0,1,1.0,1.0,0.0,1,1,0,1,1,0,0,6,0.0,0.0,462.8999938964844,516.5,0,1,2,2024-08-01,0.0,0.0,0.0,0.0,0
15,0.0,0.0,0.0,0.0,1.0,0,1,1.0,1.0,0.0,1,1,0,1,1,0,0,6,0.0,0.0,490.39996337890625,544.0,0,1,2,2024-08-01,0.0,0.0,0.0,0.0,0
16,0.0,0.0,0.0,0.0,1.0,0,1,1.0,1.0,0.0,1,1,0,1,1,0,0,6,0.0,0.0,563.5999755859375,640.2000122070312,0,1,2,2024-08-01,0.0,0.0,0.0,0.0,0
17,0.0,0.0,0.0,0.0,1.0,0,1,1.0,1.0,0.0,1,1,0,1,1,0,0,6,0.0,0.0,587.2999877929688,673.2000122070312,0,1,2,2024-08-01,0.0,0.0,0.0,0.0,0
18,41.32000045776364,284.00000381469727,303.2000045776367,587.200008392334,1.0,0,1,1.0,1.0,1.0,1,1,1,1,1,6,0,0,0.0,0.0,592.7358329772949,644.3048774719239,1,1,2,2024-08-01,28.400000381469727,30.320000457763673,58.7200008392334,0.3022820154932792,0
19,36.041425100823,408.2000045776367,408.2000045776367,816.4000091552734,1.0,0,1,1.0,1.0,1.0,1,1,1,1,1,6,0,0,0.0,0.0,662.7050603547292,743.958574899177,1,1,2,2024-08-01,40.820000457763676,40.820000457763676,81.64000091552735,0.2166666657709175,0
20,31.99227210225591,535.1000061035156,535.1000061035156,1070.2000122070312,1.0,0,1,1.0,1.0,1.0,1,1,1,1,1,0,0,6,0.0,0.0,546.6192862624122,659.5077278977441,1,1,2,2024-08-01,53.51000061035157,53.51000061035157,107.02000122070314,6.343824133177961e-10,0
21,47.543323060875316,586.0500061035157,601.1000061035156,1187.1500122070313,1.0,0,1,1.0,1.0,1.0,1,1,1,1,1,0,0,6,0.02835950207296339,0.0,569.4299197405628,665.8567013531872,1,1,2,2024-08-01,58.60500061035157,60.11000061035156,118.71500122070313,3.840882635662456e-10,0
22,68.28386863584784,563.4500076293946,578.5000076293945,1141.950015258789,1.0,0,1,1.0,1.0,1.0,1,1,1,1,1,6,0,0,0.0,0.0,687.9898622881916,827.0161801922771,1,1,2,2024-08-01,56.34500076293946,57.85000076293946,114.19500152587892,1.5355519910768503e-09,0
23,-21.492823499714575,250.0,608.700008392334,858.700008392334,1.0,0,1,1.0,1.0,1.0,1,1,1,1,1,0,0,6,0.0,0.0,634.1755724963791,1029.3928479137771,1,1,2,2024-08-01,25.0,60.8700008392334,85.8700008392334,9.929193433895184e-10,0
24,65.82000083923339,658.200008392334,658.200008392334,1316.400016784668,1.0,0,1,1.0,1.0,1.0,1,1,1,1,1,6,0,0,0.0,0.0,758.6722957611084,992.0799015045166,1,1,2,2024-08-01,65.8200008392334,65.8200008392334,131.6400016784668,8.693475795556865e-10,0
25,37.2858175377095,735.700008392334,735.700008392334,1471.400016784668,1.0,0,1,1.0,1.0,1.0,1,1,1,1,1,6,0,0,0.0,0.0,802.3177389244282,1089.2891336341654,1,1,2,2024-08-01,73.5700008392334,73.5700008392334,147.1400016784668,9.141515084664664e-10,0
26,83.57000083923327,835.700008392334,835.700008392334,1671.400016784668,1.0,0,1,1.0,1.0,1.0,1,1,1,1,1,6,0,0,0.0,0.0,844.929314804077,1051.4304874420168,1,1,2,2024-08-01,83.5700008392334,83.5700008392334,167.1400016784668,6.847008753975718e-10,0
27,0.0,0.0,0.0,0.0,1.0,0,1,1.0,1.0,0.0,1,1,0,1,1,0,0,6,0.0,0.0,807.4581909179688,1173.3433837890625,0,1,2,2024-08-01,0.0,0.0,0.0,0.0,0
28,104.83000126491089,0.0,1048.3000104624905,1048.3000104624905,1.0,0,1,1.0,1.0,1.0,1,1,1,1,1,0,0,6,0.0,0.0,979.7740930617858,1114.4366002975892,1,1,2,2024-08-01,0.0,104.83000104624905,104.83000104624905,5.40058944082381e-10,0
29,151.23721568931654,1048.3000106811523,1048.3000106811523,2096.6000213623047,1.0,0,1,1.0,1.0,1.0,1,1,1,1,1,6,0,0,0.04952242388903862,0.0008940673232679326,996.3856531893166,1047.362759896621,1,1,2,2024-08-01,104.83000106811524,104.83000106811524,209.66000213623047,1.2184254943422121e-09,0
30,164.24384023877218,1064.4333432515461,1067.600009918213,2132.033353169759,1.0,0,1,1.0,1.0,1.0,1,1,1,1,1,6,0,0,0.07950857720312185,0.12480692519032031,979.8017626020535,934.3561353471653,1,1,2,2024-08-01,106.44333432515462,106.7600009918213,213.20333531697588,2.2464720930831933e-09,0
31,186.50143905794783,1111.600009918213,1111.5999832424695,2223.1999931606824,1.0,0,1,1.0,1.0,1.0,1,1,1,1,1,6,0,0,0.1605126851486459,0.25359968904560154,933.1741075149791,829.6985731490834,1,1,2,2024-08-01,111.16000099182129,111.15999832424696,222.31999931606825,2.1283627087331176e-09,0
32,225.5816375585725,1119.9000091552734,1119.9000091552734,2239.800018310547,1.0,0,1,1.0,1.0,1.0,1,1,1,1,1,6,0,0,0.06256510584831257,0.22232489032806574,1049.8333465429475,870.9183624414275,1,1,2,2024-08-01,111.99000091552735,111.99000091552735,223.9800018310547,1.3559639744317964e-09,0
33,110.34000089407598,0.0,1103.4000091552734,1103.4000091552734,1.0,0,1,1.0,1.0,1.0,1,1,1,1,1,0,6,0,0.0,0.13117637198513127,954.6038558745447,958.659999105924,1,1,2,2024-08-01,0.0,110.34000091552736,110.34000091552736,2.7852176419155454e-09,0
34,160.07000160217277,0.0,1078.700008392334,1078.700008392334,1.0,0,1,1.0,1.0,1.0,1,1,1,1,1,0,6,0,0.0,0.11399829443744318,1042.9917545318604,955.7300472259523,1,1,2,2024-08-01,0.0,107.8700008392334,107.8700008392334,5.304575821993934e-09,0
35,281.85319635310356,951.700008392334,951.700008392334,1903.400016784668,0.8333333333333334,1,0,1.0,0.8,1.0,0,0,1,1,0,1,5,0,0.0,0.29281269357113526,1079.2037212554474,673.0301654633026,1,1,2,2024-08-01,95.17000083923341,95.17000083923341,190.34000167846682,0.11250000645698334,1
36,230.88600345563984,944.1000061035156,813.793337123128,1757.8933432266435,1.0,0,1,1.0,1.0,1.0,1,1,1,1,1,6,0,0,0.0,0.174097444788162,957.0382861704836,672.1139965443601,1,1,2,2024-08-01,94.41000061035157,81.37933371231281,175.78933432266436,0.20139873914997397,0
37,131.58000068664532,1040.800006866455,1040.800006866455,2081.60001373291,0.6666666666666666,2,0,0.6,1.0,1.0,0,0,1,0,1,5,1,0,0.3337490391832119,0.28533818330109156,693.4340045928953,743.8200237274172,1,1,2,2024-08-01,104.08000068664552,104.08000068664552,208.16000137329104,0.17083332934747314,1
38,593.2219898482723,1010.700008392334,463.86446504895736,1474.5644734412913,1.0,0,1,1.0,1.0,1.0,1,1,1,1,1,6,0,0,0.0,0.3347725538743091,1187.1880543013972,308.5753734329777,1,1,2,2024-08-01,101.0700008392334,46.38644650489574,147.45644734412915,3.380653162914195e-09,0
39,158.12000236511233,0.0,922.200008392334,922.200008392334,1.0,0,1,1.0,1.0,1.0,1,1,1,1,1,6,0,0,0.0,0.31168732393607645,785.4931102752686,634.7619556427002,1,1,2,2024-08-01,0.0,92.2200008392334,92.2200008392334,7.859384907250364e-09,0
40,927.0600036621094,891.4000091552734,0.0,891.4000091552734,0.3333333333333333,4,0,0.3333333333333333,1.0,1.0,0,1,1,0,1,6,0,0,0.0,0.0,1586.8537658691407,0.0,1,1,2,2024-08-01,89.14000091552735,0.0,89.14000091552735,0.0500000145501128,1
41,95.18232365231643,855.7133344014485,864.5000038146973,1720.2133382161458,1.0,0,1,1.0,1.0,1.0,1,1,1,1,1,4,2,0,0.08663063125798134,0.47727841685251277,781.5823480663789,451.8928106250273,1,1,2,2024-08-01,85.57133344014485,86.45000038146974,172.02133382161458,0.024872303434809426,0
42,78.70000038146975,787.0000038146973,787.0000038146973,1574.0000076293945,1.0,0,1,1.0,1.0,1.0,1,1,1,1,1,6,0,0,0.132655627081479,0.469803328702879,682.6000247955322,417.264782333374,1,1,2,2024-08-01,78.70000038146974,78.70000038146974,157.40000076293947,0.016666668120807946,0
43,73.2000003814697,732.0000038146973,732.0000038146973,1464.0000076293945,1.0,0,1,1.0,1.0,1.0,1,1,1,1,1,6,0,0,0.07499997094680715,0.4226002379318391,677.1000247955322,422.65662803649906,1,1,2,2024-08-01,73.20000038146974,73.20000038146974,146.40000076293947,2.345100752237435e-09,0
44,73.52135589548948,577.0000038146973,559.4207199102309,1136.4207237249282,1.0,0,1,1.0,1.0,1.0,1,1,1,1,1,6,0,0,0.0,0.28052536176053755,680.7213681025207,402.489020081073,1,1,2,2024-08-01,57.70000038146973,55.94207199102309,113.64207237249282,1.0737189877765916e-09,0
45,70.30000114440918,511.00000381469727,511.00000381469727,1022.0000076293945,1.0,0,1,1.0,1.0,1.0,1,1,1,1,1,0,6,0,0.0,0.32234138277997143,597.3000011444092,346.28355598449707,1,1,2,2024-08-01,51.10000038146973,51.10000038146973,102.20000076293945,1.866290233438195e-09,0
46,62.596194997098124,472.50000381469727,472.50000381469727,945.0000076293945,1.0,0,1,1.0,1.0,1.0,1,1,1,1,1,0,2,4,0.0,0.38791175764301866,523.1320836689731,289.211696848605,1,1,2,2024-08-01,47.25000038146973,47.25000038146973,94.50000076293946,0.0749999982857977,0
47,48.41000061035155,484.1000061035156,484.1000061035156,968.2000122070312,1.0,0,1,1.0,1.0,1.0,1,1,1,1,1,3,0,3,0.0,0.29909526508528755,548.4100006103515,339.3079864501953,1,1,2,2024-08-01,48.41000061035157,48.41000061035157,96.82000122070313,0.17499999409001668,0
0,0.0,0.0,0.0,0.0,1.0,0,1,1.0,1.0,1.0,1,1,1,1,1,0,0,6,0.0,0.0,273.9000244140625,306.1000061035156,0,2,0,2024-08-01,0.0,0.0,0.0,0.0,0
1,0.0,0.0,0.0,0.0,1.0,0,1,1.0,1.0,1.0,1,1,1,1,1,0,0,6,0.0,0.0,273.9000244140625,306.1000061035156,0,2,0,2024-08-01,0.0,0.0,0.0,0.0,0
2,0.0,0.0,0.0,0.0,1.0,0,1,1.0,1.0,1.0,1,1,1,1,1,0,0,6,0.0,0.0,273.9000244140625,306.1000061035156,0,2,0,2024-08-01,0.0,0.0,0.0,0.0,0
3,0.0,0.0,0.0,0.0,1.0,0,1,1.0,1.0,1.0,1,1,1,1,1,0,0,6,0.0,0.0,273.9000244140625,306.1000061035156,0,2,0,2024-08-01,0.0,0.0,0.0,0.0,0
4,0.0,0.0,0.0,0.0,1.0,0,1,1.0,1.0,1.0,1,1,1,1,1,0,0,6,0.0,0.0,293.1000061035156,325.29998779296875,0,2,0,2024-08-01,0.0,0.0,0.0,0.0,0
5,0.0,0.0,0.0,0.0,1.0,0,1,1.0,1.0,1.0,1,1,1,1,1,0,0,6,0.0,0.0,293.1000061035156,325.29998779296875,0,2,0,2024-08-01,0.0,0.0,0.0,0.0,0
6,0.0,0.0,0.0,0.0,1.0,0,1,1.0,1.0,0.5,1,1,0,1,1,0,0,6,0.0,0.0,293.1000061035156,325.29998779296875,0,2,0,2024-08-01,0.0,0.0,0.0,0.0,0
7,0.0,0.0,0.0,0.0,1.0,0,1,1.0,1.0,0.0,1,1,0,1,1,0,0,6,0.0,0.0,302.80865478515625,325.29998779296875,0,2,0,2024-08-01,0.0,0.0,0.0,0.0,0
8,0.0,0.0,0.0,0.0,1.0,0,1,1.0,1.0,0.0,1,1,0,1,1,0,0,6,0.0,0.0,318.79998779296875,325.29998779296875,0,2,0,2024-08-01,0.0,0.0,0.0,0.0,0
9,0.0,0.0,0.0,0.0,1.0,0,1,1.0,1.0,0.0,1,1,0,1,1,0,0,6,0.0,0.0,318.79998779296875,325.29998779296875,0,2,0,2024-08-01,0.0,0.0,0.0,0.0,0
10,0.0,0.0,0.0,0.0,1.0,0,1,1.0,1.0,0.0,1,1,0,1,1,0,0,6,0.0,0.0,318.79998779296875,325.29998779296875,0,2,0,2024-08-01,0.0,0.0,0.0,0.0,0
11,0.0,0.0,0.0,0.0,1.0,0,1,1.0,1.0,0.0,1,1,0,1,1,0,0,6,0.0,0.0,247.8000030517578,247.8000030517578,0,2,0,2024-08-01,0.0,0.0,0.0,0.0,0
12,0.0,0.0,0.0,0.0,1.0,0,1,1.0,1.0,0.0,1,1,0,1,1,0,0,6,0.0,0.0,325.29998779296875,325.29998779296875,0,2,0,2024-08-01,0.0,0.0,0.0,0.0,0
13,0.0,0.0,0.0,0.0,1.0,0,1,1.0,1.0,0.0,1,1,0,1,1,0,0,6,0.0,0.0,380.3000183105469,380.3000183105469,0,2,0,2024-08-01,0.0,0.0,0.0,0.0,0
14,0.0,0.0,0.0,0.0,1.0,0,1,1.0,1.0,0.0,1,1,0,1,1,0,0,6,0.0,0.0,438.0000305175781,468.70001220703125,0,2,0,2024-08-01,0.0,0.0,0.0,0.0,0
15,0.0,0.0,0.0,0.0,1.0,0,1,1.0,1.0,0.0,1,1,0,1,1,0,0,6,0.0,0.0,457.20001220703125,487.9000244140625,0,2,0,2024-08-01,0.0,0.0,0.0,0.0,0
16,0.0,0.0,0.0,0.0,1.0,0,1,1.0,1.0,0.0,1,1,0,1,1,0,0,6,0.0,0.0,525.9000244140625,556.6000366210938,0,2,0,2024-08-01,0.0,0.0,0.0,0.0,0
17,0.0,0.0,0.0,0.0,1.0,0,1,1.0,1.0,0.0,1,1,0,1,1,0,0,6,0.0,0.0,649.5,680.2000122070312,0,2,0,2024-08-01,0.0,0.0,0.0,0.0,0
18,41.32000045776364,284.00000381469727,303.2000045776367,587.200008392334,1.0,0,1,1.0,1.0,1.0,1,1,1,1,1,0,0,6,0.0,0.0,710.8923881530761,677.2800971984864,1,2,0,2024-08-01,28.400000381469727,30.320000457763673,58.7200008392334,1.2992837380059546e-09,0
19,36.041425100823,408.2000045776367,408.2000045776367,816.4000091552734,1.0,0,1,1.0,1.0,1.0,1,1,1,1,1,6,0,0,0.0,0.0,668.325604788323,688.5585504851146,1,2,0,2024-08-01,40.820000457763676,40.820000457763676,81.64000091552735,1.5962953965312201e-09,0
20,31.99227210225591,535.1000061035156,535.1000061035156,1070.2000122070312,1.0,0,1,1.0,1.0,1.0,1,1,1,1,1,0,0,6,0.0,0.0,662.6128775710059,692.6077034836816,1,2,0,2024-08-01,53.51000061035157,53.51000061035157,107.02000122070314,6.343824133177961e-10,0
21,47.543323060875316,586.0500061035157,601.1000061035156,1187.1500122070313,1.0,0,1,1.0,1.0,1.0,1,1,1,1,1,0,0,6,0.0,0.0,738.2524295061878,712.7567257672497,1,2,0,2024-08-01,58.60500061035157,60.11000061035156,118.71500122070313,3.840882635662456e-10,0
22,68.28386863584784,563.4500076293946,578.5000076293945,1141.950015258789,1.0,0,1,1.0,1.0,1.0,1,1,1,1,1,5,1,0,0.0,0.0,766.6245058428791,711.3161069500896,1,2,0,2024-08-01,56.34500076293946,57.85000076293946,114.19500152587892,0.01688632164948002,0
23,-21.492823499714575,250.0,608.700008392334,858.700008392334,1.0,0,1,1.0,1.0,1.0,1,1,1,1,1,0,0,6,0.0,0.0,650.1966296252854,773.5927990856521,1,2,0,2024-08-01,25.0,60.8700008392334,85.8700008392334,9.929193433895184e-10,0
24,65.82000083923339,658.200008392334,658.200008392334,1316.400016784668,1.0,0,1,1.0,1.0,1.0,1,1,1,1,1,6,0,0,0.0,0.0,839.8331233978272,833.080023574829,1,2,0,2024-08-01,65.8200008392334,65.8200008392334,131.6400016784668,0.004166667463568614,0
25,37.2858175377095,735.700008392334,735.700008392334,1471.400016784668,1.0,0,1,1.0,1.0,1.0,1,1,1,1,1,6,0,0,0.0,0.0,1055.9462179283346,1127.0142312904154,1,2,0,2024-08-01,73.5700008392334,73.5700008392334,147.1400016784668,0.06666666524751146,0
26,83.57000083923327,835.700008392334,835.700008392334,1671.400016784668,1.0,0,1,1.0,1.0,1.0,1,1,1,1,1,6,0,0,0.0,0.0,1059.3549739837645,1046.7300479888918,1,2,0,2024-08-01,83.5700008392334,83.5700008392334,167.1400016784668,0.05833333474077409,0
27,0.0,0.0,0.0,0.0,1.0,0,1,1.0,1.0,0.0,1,1,0,1,1,0,0,6,0.0,0.0,901.8349609375,1083.5999755859375,0,2,0,2024-08-01,0.0,0.0,0.0,0.0,0
28,104.83000126491089,0.0,1048.3000104624905,1048.3000104624905,1.0,0,1,1.0,1.0,1.0,1,1,1,1,1,0,0,6,0.0,0.06632646708721147,1033.7955774367858,978.7699743210267,1,2,0,2024-08-01,0.0,104.83000104624905,104.83000104624905,5.40058944082381e-10,0
29,151.23721568931654,1048.3000106811523,1048.3000106811523,2096.6000213623047,1.0,0,1,1.0,1.0,1.0,1,1,1,1,1,6,0,0,0.0,0.03981415350289316,1066.669466665879,1006.5628331388084,1,2,0,2024-08-01,104.83000106811524,104.83000106811524,209.66000213623047,0.15000000018739348,0
30,164.24384023877218,1064.4333432515461,1067.600009918213,2132.033353169759,1.0,0,1,1.0,1.0,1.0,1,1,1,1,1,6,0,0,0.1262710861437177,0.06167464363552162,930.0261888715847,1001.7561597612278,1,2,0,2024-08-01,106.44333432515462,106.7600009918213,213.20333531697588,0.21218438006572773,0
31,186.50143905794783,1111.600009918213,1111.5999832424695,2223.1999931606824,1.0,0,1,1.0,1.0,1.0,1,1,1,1,1,6,0,0,0.15602959915275186,0.09913730958682432,938.1575059524791,1001.3989515670521,1,2,0,2024-08-01,111.16000099182129,111.15999832424696,222.31999931606825,0.06666666662079447,0
32,225.5816375585725,1119.9000091552734,1119.9000091552734,2239.800018310547,0.3333333333333333,4,0,0.3333333333333333,1.0,1.0,0,0,1,0,1,6,0,0,0.27409173317076624,0.17008808389735072,812.9446746679475,929.4183624414275,1,2,0,2024-08-01,111.99000091552735,111.99000091552735,223.9800018310547,0.28750000118564983,1
33,110.34000089407598,0.0,1103.4000091552734,1103.4000091552734,1.0,0,1,1.0,1.0,1.0,1,1,1,1,1,0,6,0,0.0,0.12048222058046876,530.5153548979822,970.4599258637365,1,2,0,2024-08-01,0.0,110.34000091552736,110.34000091552736,2.7852176419155454e-09,0
34,160.07000160217277,0.0,1078.700008392334,1078.700008392334,1.0,0,1,1.0,1.0,1.0,1,1,1,1,1,0,6,0,0.0,0.1464448706847872,572.420404434204,920.7299251556398,1,2,0,2024-08-01,0.0,107.8700008392334,107.8700008392334,5.304575821993934e-09,0
35,281.85319635310356,951.700008392334,951.700008392334,1903.400016784668,0.0,6,0,0.0,1.0,1.0,0,0,1,0,1,6,0,0,0.2979759561810455,0.20095962624892802,668.1162883941192,760.4467304047089,1,2,0,2024-08-01,95.17000083923341,95.17000083923341,190.34000167846682,0.24583333172290872,1
36,230.88600345563984,944.1000061035156,813.793337123128,1757.8933432266435,1.0,0,1,1.0,1.0,1.0,1,1,1,1,1,6,0,0,0.4011746031418848,0.10237574897048932,565.3510608286867,730.4806347279539,1,2,0,2024-08-01,94.41000061035157,81.37933371231281,175.78933432266436,1.0630484393220056e-09,0
37,131.58000068664532,1040.800006866455,1040.800006866455,2081.60001373291,1.0,0,1,1.0,1.0,1.0,1,1,1,1,1,0,6,0,0.6356342828644259,0.2842812687989428,379.2318408966063,744.9200603485109,1,2,0,2024-08-01,104.08000068664552,104.08000068664552,208.16000137329104,5.497739045545669e-10,0
38,593.2219898482723,1010.700008392334,463.86446504895736,1474.5644734412913,1.0,0,1,1.0,1.0,1.0,1,1,1,1,1,6,0,0,0.13216353798857958,0.28755477675169727,877.122319438116,330.47802235875895,1,2,0,2024-08-01,101.0700008392334,46.38644650489574,147.45644734412915,3.380653162914195e-09,0
39,158.12000236511233,0.0,922.200008392334,922.200008392334,1.0,0,1,1.0,1.0,1.0,1,1,1,1,1,6,0,0,0.0,0.14001300951570064,854.6020580291748,793.0800098419189,1,2,0,2024-08-01,0.0,92.2200008392334,92.2200008392334,7.859384907250364e-09,0
40,927.0600036621094,891.4000091552734,0.0,891.4000091552734,1.0,0,1,1.0,1.0,1.0,1,1,1,1,1,6,0,0,0.0,0.0,1672.8551086425782,26.406182861328148,1,2,0,2024-08-01,89.14000091552735,0.0,89.14000091552735,6.847111890930503e-09,0
41,95.18232365231643,855.7133344014485,864.5000038146973,1720.2133382161458,1.0,0,1,1.0,1.0,1.0,1,1,1,1,1,6,0,0,0.0,0.022270189527939167,1074.3422967968477,845.2474248828398,1,2,0,2024-08-01,85.57133344014485,86.45000038146974,172.02133382161458,0.04974460505971984,0
42,78.70000038146975,787.0000038146973,787.0000038146973,1574.0000076293945,1.0,0,1,1.0,1.0,1.0,1,1,1,1,1,6,0,0,0.0,0.0,923.0927005767822,833.3684810638428,1,2,0,2024-08-01,78.70000038146974,78.70000038146974,157.40000076293947,0.020833334605706955,0
43,73.2000003814697,732.0000038146973,732.0000038146973,1464.0000076293945,1.0,0,1,1.0,1.0,1.0,1,1,1,1,1,6,0,0,0.0,0.0,847.8423343658447,791.6507076263428,1,2,0,2024-08-01,73.20000038146974,73.20000038146974,146.40000076293947,2.345100752237435e-09,0
44,73.52135589548948,577.0000038146973,559.4207199102309,1136.4207237249282,1.0,0,1,1.0,1.0,1.0,1,1,1,1,1,6,0,0,0.0,0.0,694.1956723017395,684.9589297490418,1,2,0,2024-08-01,57.70000038146973,55.94207199102309,113.64207237249282,0.0761601743530036,0
45,70.30000114440918,511.00000381469727,511.00000381469727,1022.0000076293945,1.0,0,1,1.0,1.0,1.0,1,1,1,1,1,5,1,0,0.0,0.0,667.2476940155029,688.6887073516846,1,2,0,2024-08-01,51.10000038146973,51.10000038146973,102.20000076293945,0.10416666775533596,0
46,62.596194997098124,472.50000381469727,472.50000381469727,945.0000076293945,1.0,0,1,1.0,1.0,1.0,1,1,1,1,1,6,0,0,0.0,0.0,576.5487706806919,666.6945764872769,1,2,0,2024-08-01,47.25000038146973,47.25000038146973,94.50000076293946,0.06666666639614996,0
47,48.41000061035155,484.1000061035156,484.1000061035156,968.2000122070312,1.0,0,1,1.0,1.0,1.0,1,1,1,1,1,5,0,1,0.0,0.0,575.619351196289,689.0447723388672,1,2,0,2024-08-01,48.41000061035157,48.41000061035157,96.82000122070313,0.020833333792998687,0
0,0.0,0.0,0.0,0.0,1.0,0,1,1.0,1.0,1.0,1,1,1,1,1,0,0,6,0.0,0.0,286.5999755859375,349.5,0,2,1,2024-08-01,0.0,0.0,0.0,0.0,0
1,0.0,0.0,0.0,0.0,1.0,0,1,1.0,1.0,1.0,1,1,1,1,1,0,0,6,0.0,0.0,305.79998779296875,368.6999816894531,0,2,1,2024-08-01,0.0,0.0,0.0,0.0,0
2,0.0,0.0,0.0,0.0,1.0,0,1,1.0,1.0,1.0,1,1,1,1,1,0,0,6,0.0,0.0,305.79998779296875,368.6999816894531,0,2,1,2024-08-01,0.0,0.0,0.0,0.0,0
3,0.0,0.0,0.0,0.0,1.0,0,1,1.0,1.0,0.8333333333333334,1,1,0,1,1,0,0,6,0.0,0.0,305.79998779296875,368.6999816894531,0,2,1,2024-08-01,0.0,0.0,0.0,0.0,0
4,0.0,0.0,0.0,0.0,1.0,0,1,1.0,1.0,0.16666666666666666,1,1,0,1,1,0,0,6,0.0,0.0,286.5999755859375,349.5,0,2,1,2024-08-01,0.0,0.0,0.0,0.0,0
5,0.0,0.0,0.0,0.0,1.0,0,1,1.0,1.0,0.0,1,1,0,1,1,0,0,6,0.0,0.0,286.5999755859375,349.5,0,2,1,2024-08-01,0.0,0.0,0.0,0.0,0
6,0.0,0.0,0.0,0.0,1.0,0,1,1.0,1.0,0.3333333333333333,1,1,0,1,1,0,0,6,0.0,0.0,239.89999389648438,302.79998779296875,0,2,1,2024-08-01,0.0,0.0,0.0,0.0,0
7,0.0,0.0,0.0,0.0,1.0,0,1,1.0,1.0,0.5,1,1,0,1,1,0,0,6,0.0,0.0,237.89999389648438,275.29998779296875,0,2,1,2024-08-01,0.0,0.0,0.0,0.0,0
8,0.0,0.0,0.0,0.0,1.0,0,1,1.0,1.0,0.0,1,1,0,1,1,0,0,6,0.0,0.0,237.89999389648438,272.183349609375,0,2,1,2024-08-01,0.0,0.0,0.0,0.0,0
9,0.0,0.0,0.0,0.0,1.0,0,1,1.0,1.0,0.0,1,1,0,1,1,0,0,6,0.0,0.0,187.89999389648438,226.3000030517578,0,2,1,2024-08-01,0.0,0.0,0.0,0.0,0
10,0.0,0.0,0.0,0.0,1.0,0,1,1.0,1.0,0.16666666666666666,1,1,0,1,1,0,0,6,0.0,0.0,168.70001220703125,207.10000610351562,0,2,1,2024-08-01,0.0,0.0,0.0,0.0,0
11,0.0,0.0,0.0,0.0,1.0,0,1,1.0,1.0,0.5,1,1,0,1,1,0,0,6,0.0,0.0,123.10000610351562,157.10000610351562,0,2,1,2024-08-01,0.0,0.0,0.0,0.0,0
12,0.0,0.0,0.0,0.0,1.0,0,1,1.0,1.0,1.0,1,1,1,1,1,0,0,6,0.0,0.0,223.09999084472656,245.09999084472656,0,2,1,2024-08-01,0.0,0.0,0.0,0.0,0
13,0.0,0.0,0.0,0.0,1.0,0,1,1.0,1.0,0.6666666666666666,1,1,0,1,1,0,0,6,0.0,0.0,303.29998779296875,350.0999755859375,0,2,1,2024-08-01,0.0,0.0,0.0,0.0,0
14,0.0,0.0,0.0,0.0,1.0,0,1,1.0,1.0,0.0,1,1,0,1,1,0,0,6,0.0,0.0,314.29998779296875,361.0999755859375,0,2,1,2024-08-01,0.0,0.0,0.0,0.0,0
15,0.0,0.0,0.0,0.0,1.0,0,1,1.0,1.0,0.0,1,1,0,1,1,0,0,6,0.0,0.0,341.79998779296875,388.5999755859375,0,2,1,2024-08-01,0.0,0.0,0.0,0.0,0
16,0.0,0.0,0.0,0.0,1.0,0,1,1.0,1.0,0.0,1,1,0,1,1,0,0,6,0.0,0.0,432.20001220703125,482.0,0,2,1,2024-08-01,0.0,0.0,0.0,0.0,0
17,0.0,0.0,0.0,0.0,1.0,0,1,1.0,1.0,0.0,1,1,0,1,1,0,0,6,0.0,0.0,497.70001220703125,548.0,0,2,1,2024-08-01,0.0,0.0,0.0,0.0,0
18,41.32000045776364,284.00000381469727,303.2000045776367,587.200008392334,1.0,0,1,1.0,1.0,1.0,1,1,1,1,1,0,0,6,0.0,0.0,545.5884330749511,515.1489326477051,1,2,1,2024-08-01,28.400000381469727,30.320000457763673,58.7200008392334,1.2992837380059546e-09,0
19,36.041425100823,408.2000045776367,408.2000045776367,816.4000091552734,1.0,0,1,1.0,1.0,1.0,1,1,1,1,1,6,0,0,0.0,0.0,698.424237600823,717.280108102302,1,2,1,2024-08-01,40.820000457763676,40.820000457763676,81.64000091552735,1.5962953965312201e-09,0
20,31.99227210225591,535.1000061035156,535.1000061035156,1070.2000122070312,1.0,0,1,1.0,1.0,1.0,1,1,1,1,1,0,0,6,0.0,0.0,811.2748648756934,826.1617806321191,1,2,1,2024-08-01,53.51000061035157,53.51000061035157,107.02000122070314,6.343824133177961e-10,0
21,47.543323060875316,586.0500061035157,601.1000061035156,1187.1500122070313,1.0,0,1,1.0,1.0,1.0,1,1,1,1,1,0,0,6,0.0,0.0,902.1203494280628,915.0697140484997,1,2,1,2024-08-01,58.60500061035157,60.11000061035156,118.71500122070313,3.840882635662456e-10,0
22,68.28386863584784,563.4500076293946,578.5000076293945,1141.950015258789,1.0,0,1,1.0,1.0,1.0,1,1,1,1,1,5,1,0,0.0,0.0,930.2438906085041,894.0171567547771,1,2,1,2024-08-01,56.34500076293946,57.85000076293946,114.19500152587892,0.01688632164948002,0
23,-21.492823499714575,250.0,608.700008392334,858.700008392334,1.0,0,1,1.0,1.0,1.0,1,1,1,1,1,0,0,6,0.0,0.0,1028.5862780627854,1146.5466565075271,1,2,1,2024-08-01,25.0,60.8700008392334,85.8700008392334,9.929193433895184e-10,0
24,65.82000083923339,658.200008392334,658.200008392334,1316.400016784668,1.0,0,1,1.0,1.0,1.0,1,1,1,1,1,6,0,0,0.0,0.0,1172.547906112671,1148.379095840454,1,2,1,2024-08-01,65.8200008392334,65.8200008392334,131.6400016784668,0.004166667463568614,0
25,37.2858175377095,735.700008392334,735.700008392334,1471.400016784668,1.0,0,1,1.0,1.0,1.0,1,1,1,1,1,6,0,0,0.0,0.0,1153.964406404897,1176.8838601966654,1,2,1,2024-08-01,73.5700008392334,73.5700008392334,147.1400016784668,0.06666666524751146,0
26,83.57000083923327,835.700008392334,835.700008392334,1671.400016784668,1.0,0,1,1.0,1.0,1.0,1,1,1,1,1,6,0,0,0.0,0.0,1201.0859920501707,1130.2284610748293,1,2,1,2024-08-01,83.5700008392334,83.5700008392334,167.1400016784668,0.05833333474077409,0
27,0.0,0.0,0.0,0.0,1.0,0,1,1.0,1.0,0.0,1,1,0,1,1,0,0,6,0.0,0.0,1189.9144287109375,1314.73046875,0,2,1,2024-08-01,0.0,0.0,0.0,0.0,0
28,104.83000126491089,0.0,1048.3000104624905,1048.3000104624905,1.0,0,1,1.0,1.0,1.0,1,1,1,1,1,0,0,6,0.0,0.0,1146.2379602492858,1079.9430700241517,1,2,1,2024-08-01,0.0,104.83000104624905,104.83000104624905,5.40058944082381e-10,0
29,151.23721568931654,1048.3000106811523,1048.3000106811523,2096.6000213623047,1.0,0,1,1.0,1.0,1.0,1,1,1,1,1,6,0,0,0.0,0.04554329526937811,1123.2082239900978,1000.5569737638084,1,2,1,2024-08-01,104.83000106811524,104.83000106811524,209.66000213623047,0.15000000018739348,0
30,164.24384023877218,1064.4333432515461,1067.600009918213,2132.033353169759,1.0,0,1,1.0,1.0,1.0,1,1,1,1,1,6,0,0,0.08940159362329632,0.08078294658095275,969.2713060590847,981.3561353471653,1,2,1,2024-08-01,106.44333432515462,106.7600009918213,213.20333531697588,0.21218438006572773,0
31,186.50143905794783,1111.600009918213,1111.5999832424695,2223.1999931606824,1.0,0,1,1.0,1.0,1.0,1,1,1,1,1,6,0,0,0.17405072853285158,0.14015967784395017,918.1252183548229,955.7984876998646,1,2,1,2024-08-01,111.16000099182129,111.15999832424696,222.31999931606825,0.06666666662079447,0
32,225.5816375585725,1119.9000091552734,1119.9000091552734,2239.800018310547,0.3333333333333333,4,0,0.3333333333333333,1.0,1.0,0,0,1,0,1,6,0,0,0.30869554360060836,0.17651729470485703,774.19186705076,922.21828919924,1,2,1,2024-08-01,111.99000091552735,111.99000091552735,223.9800018310547,0.28750000118564983,1
33,110.34000089407598,0.0,1103.4000091552734,1103.4000091552734,1.0,0,1,1.0,1.0,1.0,1,1,1,1,1,0,6,0,0.0,0.07716153140925953,588.4562728667322,1018.2599746918615,1,2,1,2024-08-01,0.0,110.34000091552736,110.34000091552736,2.7852176419155454e-09,0
34,160.07000160217277,0.0,1078.700008392334,1078.700008392334,1.0,0,1,1.0,1.0,1.0,1,1,1,1,1,0,6,0,0.0,0.10213222726563591,625.6244449615477,968.5299739837648,1,2,1,2024-08-01,0.0,107.8700008392334,107.8700008392334,5.304575821993934e-09,0
35,281.85319635310356,951.700008392334,951.700008392334,1903.400016784668,0.0,6,0,0.0,1.0,1.0,0,0,1,0,1,6,0,0,0.23089785829787057,0.1269867106313415,731.9545147124786,830.8467548187714,1,2,1,2024-08-01,95.17000083923341,95.17000083923341,190.34000167846682,0.24583333172290872,1
36,230.88600345563984,944.1000061035156,813.793337123128,1757.8933432266435,1.0,0,1,1.0,1.0,1.0,1,1,1,1,1,6,0,0,0.25091818405010613,0.0,707.2081470103274,859.0473461537351,1,2,1,2024-08-01,94.41000061035157,81.37933371231281,175.78933432266436,1.0630484393220056e-09,0
37,131.58000068664532,1040.800006866455,1040.800006866455,2081.60001373291,0.8333333333333334,1,0,1.0,0.8333333333333334,1.0,0,0,1,1,0,0,6,0,0.5081623334881266,0.1717717436469062,511.9046466827391,862.0199748992922,1,2,1,2024-08-01,104.08000068664552,104.08000068664552,208.16000137329104,5.497739045545669e-10,1
38,593.2219898482723,1010.700008392334,463.86446504895736,1474.5644734412913,1.0,0,1,1.0,1.0,1.0,1,1,1,1,1,6,0,0,0.054016979766605466,0.7208710041087248,956.1050464888973,129.47802235875895,1,2,1,2024-08-01,101.0700008392334,46.38644650489574,147.45644734412915,3.380653162914195e-09,0
39,158.12000236511233,0.0,922.200008392334,922.200008392334,1.0,0,1,1.0,1.0,1.0,1,1,1,1,1,6,0,0,0.0,0.3877900621296371,669.511024093628,564.5800098419189,1,2,1,2024-08-01,0.0,92.2200008392334,92.2200008392334,7.859384907250364e-09,0
40,927.0600036621094,891.4000091552734,0.0,891.4000091552734,0.0,6,0,0.0,1.0,1.0,0,1,1,0,1,6,0,0,0.0,0.0,1435.790838623047,0.0,1,2,1,2024-08-01,89.14000091552735,0.0,89.14000091552735,6.847111890930503e-09,1
41,95.18232365231643,855.7133344014485,864.5000038146973,1720.2133382161458,1.0,0,1,1.0,1.0,1.0,1,1,1,1,1,6,0,0,0.19309156035500902,0.4284221925976651,690.4823114452852,494.1290166797148,1,2,1,2024-08-01,85.57133344014485,86.45000038146974,172.02133382161458,0.04974460505971984,0
42,78.70000038146975,787.0000038146973,787.0000038146973,1574.0000076293945,1.0,0,1,1.0,1.0,1.0,1,1,1,1,1,6,0,0,0.15412960971444692,0.3774867634489127,665.7000003814697,489.91791954040525,1,2,1,2024-08-01,78.70000038146974,78.70000038146974,157.40000076293947,0.020833334605706955,0
43,73.2000003814697,732.0000038146973,732.0000038146973,1464.0000076293945,1.0,0,1,1.0,1.0,1.0,1,1,1,1,1,6,0,0,0.17021856636183602,0.38115811748630685,607.400012588501,452.9922603607178,1,2,1,2024-08-01,73.20000038146974,73.20000038146974,146.40000076293947,2.345100752237435e-09,0
44,73.52135589548948,577.0000038146973,559.4207199102309,1136.4207237249282,1.0,0,1,1.0,1.0,1.0,1,1,1,1,1,6,0,0,0.0,0.19085217434168422,607.7213681025207,452.654059143573,1,2,1,2024-08-01,57.70000038146973,55.94207199102309,113.64207237249282,0.0761601743530036,0
45,70.30000114440918,511.00000381469727,511.00000381469727,1022.0000076293945,1.0,0,1,1.0,1.0,1.0,1,1,1,1,1,5,1,0,0.0,0.09923280541083823,604.5000133514404,460.2920398712158,1,2,1,2024-08-01,51.10000038146973,51.10000038146973,102.20000076293945,0.10416666775533596,0
46,62.596194997098124,472.50000381469727,472.50000381469727,945.0000076293945,1.0,0,1,1.0,1.0,1.0,1,1,1,1,1,6,0,0,0.0,0.0,606.2081334736606,518.3037683818081,1,2,1,2024-08-01,47.25000038146973,47.25000038146973,94.50000076293946,0.06666666639614996,0
47,48.41000061035155,484.1000061035156,484.1000061035156,968.2000122070312,1.0,0,1,1.0,1.0,1.0,1,1,1,1,1,5,0,1,0.0,0.0,561.8641021728515,504.9899627685547,1,2,1,2024-08-01,48.41000061035157,48.41000061035157,96.82000122070313,0.020833333792998687,0
0,0.0,0.0,0.0,0.0,1.0,0,1,1.0,1.0,1.0,1,1,1,1,1,0,0,6,0.0,0.0,360.70001220703125,425.20001220703125,0,2,2,2024-08-01,0.0,0.0,0.0,0.0,0
1,0.0,0.0,0.0,0.0,1.0,0,1,1.0,1.0,1.0,1,1,1,1,1,0,0,6,0.0,0.0,388.20001220703125,452.70001220703125,0,2,2,2024-08-01,0.0,0.0,0.0,0.0,0
2,0.0,0.0,0.0,0.0,1.0,0,1,1.0,1.0,1.0,1,1,1,1,1,0,0,6,0.0,0.0,388.20001220703125,452.70001220703125,0,2,2,2024-08-01,0.0,0.0,0.0,0.0,0
3,0.0,0.0,0.0,0.0,1.0,0,1,1.0,1.0,1.0,1,1,1,1,1,0,0,6,0.0,0.0,388.20001220703125,452.70001220703125,0,2,2,2024-08-01,0.0,0.0,0.0,0.0,0
4,0.0,0.0,0.0,0.0,1.0,0,1,1.0,1.0,1.0,1,1,1,1,1,0,0,6,0.0,0.0,388.20001220703125,452.70001220703125,0,2,2,2024-08-01,0.0,0.0,0.0,0.0,0
5,0.0,0.0,0.0,0.0,1.0,0,1,1.0,1.0,0.6666666666666666,1,1,0,1,1,0,0,6,0.0,0.0,388.20001220703125,452.70001220703125,0,2,2,2024-08-01,0.0,0.0,0.0,0.0,0
6,0.0,0.0,0.0,0.0,1.0,0,1,1.0,1.0,0.0,1,1,0,1,1,0,0,6,0.0,0.0,388.20001220703125,452.70001220703125,0,2,2,2024-08-01,0.0,0.0,0.0,0.0,0
7,0.0,0.0,0.0,0.0,1.0,0,1,1.0,1.0,0.6666666666666666,1,1,0,1,1,0,0,6,0.0,0.0,369.0,433.5,0,2,2,2024-08-01,0.0,0.0,0.0,0.0,0
8,0.0,0.0,0.0,0.0,1.0,0,1,1.0,1.0,0.6666666666666666,1,1,0,1,1,0,0,6,0.0,0.0,369.0,433.5,0,2,2,2024-08-01,0.0,0.0,0.0,0.0,0
9,0.0,0.0,0.0,0.0,1.0,0,1,1.0,1.0,0.0,1,1,0,1,1,0,0,6,0.0,0.0,369.0,433.5,0,2,2,2024-08-01,0.0,0.0,0.0,0.0,0
10,0.0,0.0,0.0,0.0,1.0,0,1,1.0,1.0,0.0,1,1,0,1,1,0,0,6,0.0,0.0,264.0,328.5,0,2,2,2024-08-01,0.0,0.0,0.0,0.0,0
11,0.0,0.0,0.0,0.0,1.0,0,1,1.0,1.0,0.0,1,1,0,1,1,0,0,6,0.0,0.0,264.0,328.5,0,2,2,2024-08-01,0.0,0.0,0.0,0.0,0
12,0.0,0.0,0.0,0.0,1.0,0,1,1.0,1.0,0.0,1,1,0,1,1,0,0,6,0.0,0.0,333.5000305175781,406.0000305175781,0,2,2,2024-08-01,0.0,0.0,0.0,0.0,0
13,0.0,0.0,0.0,0.0,1.0,0,1,1.0,1.0,0.0,1,1,0,1,1,0,0,6,0.0,0.0,417.6000061035156,474.6000061035156,0,2,2,2024-08-01,0.0,0.0,0.0,0.0,0
14,0.0,0.0,0.0,0.0,1.0,0,1,1.0,1.0,0.0,1,1,0,1,1,0,0,6,0.0,0.0,420.29998779296875,477.29998779296875,0,2,2,2024-08-01,0.0,0.0,0.0,0.0,0
15,0.0,0.0,0.0,0.0,1.0,0,1,1.0,1.0,0.0,1,1,0,1,1,0,0,6,0.0,0.0,401.0999755859375,458.1000061035156,0,2,2,2024-08-01,0.0,0.0,0.0,0.0,0
16,0.0,0.0,0.0,0.0,1.0,0,1,1.0,1.0,0.0,1,1,0,1,1,0,0,6,0.0,0.0,487.0999755859375,558.1000366210938,0,2,2,2024-08-01,0.0,0.0,0.0,0.0,0
17,0.0,0.0,0.0,0.0,1.0,0,1,1.0,1.0,0.0,1,1,0,1,1,0,0,6,0.0,0.0,535.1000366210938,608.1000366210938,0,2,2,2024-08-01,0.0,0.0,0.0,0.0,0
18,41.32000045776364,284.00000381469727,303.2000045776367,587.200008392334,1.0,0,1,1.0,1.0,1.0,1,1,1,1,1,0,0,6,0.0,0.0,664.2477958679199,662.7799751281739,1,2,2,2024-08-01,28.400000381469727,30.320000457763673,58.7200008392334,1.2992837380059546e-09,0
19,36.041425100823,408.2000045776367,408.2000045776367,816.4000091552734,1.0,0,1,1.0,1.0,1.0,1,1,1,1,1,6,0,0,0.0,0.0,697.3784612336354,667.4586359343333,1,2,2,2024-08-01,40.820000457763676,40.820000457763676,81.64000091552735,1.5962953965312201e-09,0
20,31.99227210225591,535.1000061035156,535.1000061035156,1070.2000122070312,1.0,0,1,1.0,1.0,1.0,1,1,1,1,1,0,0,6,0.0,0.0,686.0541617506934,663.2077401047753,1,2,2,2024-08-01,53.51000061035157,53.51000061035157,107.02000122070314,6.343824133177961e-10,0
21,47.543323060875316,586.0500061035157,601.1000061035156,1187.1500122070313,1.0,0,1,1.0,1.0,1.0,1,1,1,1,1,0,0,6,0.0,0.0,756.5898318499378,733.4567379742809,1,2,2,2024-08-01,58.60500061035157,60.11000061035156,118.71500122070313,3.840882635662456e-10,0
22,68.28386863584784,563.4500076293946,578.5000076293945,1141.950015258789,1.0,0,1,1.0,1.0,1.0,1,1,1,1,1,5,1,0,0.0,0.0,830.8507021319416,762.7161923993084,1,2,2,2024-08-01,56.34500076293946,57.85000076293946,114.19500152587892,0.01688632164948002,0
23,-21.492823499714575,250.0,608.700008392334,858.700008392334,1.0,0,1,1.0,1.0,1.0,1,1,1,1,1,0,0,6,0.0,0.0,848.2688952502854,940.8928479137771,1,2,2,2024-08-01,25.0,60.8700008392334,85.8700008392334,9.929193433895184e-10,0
24,65.82000083923339,658.200008392334,658.200008392334,1316.400016784668,1.0,0,1,1.0,1.0,1.0,1,1,1,1,1,6,0,0,0.0,0.0,1076.328423690796,1068.979925918579,1,2,2,2024-08-01,65.8200008392334,65.8200008392334,131.6400016784668,0.004166667463568614,0
25,37.2858175377095,735.700008392334,735.700008392334,1471.400016784668,1.0,0,1,1.0,1.0,1.0,1,1,1,1,1,6,0,0,0.0,0.0,911.557423983022,986.014109220103,1,2,2,2024-08-01,73.5700008392334,73.5700008392334,147.1400016784668,0.06666666524751146,0
26,83.57000083923327,835.700008392334,835.700008392334,1671.400016784668,1.0,0,1,1.0,1.0,1.0,1,1,1,1,1,6,0,0,0.0,0.0,961.7037899017332,939.7300479888918,1,2,2,2024-08-01,83.5700008392334,83.5700008392334,167.1400016784668,0.05833333474077409,0
27,0.0,0.0,0.0,0.0,1.0,0,1,1.0,1.0,0.0,1,1,0,1,1,0,0,6,0.0,0.0,955.3274536132812,1089.300048828125,0,2,2,2024-08-01,0.0,0.0,0.0,0.0,0
28,104.83000126491089,0.0,1048.3000104624905,1048.3000104624905,1.0,0,1,1.0,1.0,1.0,1,1,1,1,1,0,0,6,0.0,0.15942956220487556,978.8236536086608,881.1699987350892,1,2,2,2024-08-01,0.0,104.83000104624905,104.83000104624905,5.40058944082381e-10,0
29,151.23721568931654,1048.3000106811523,1048.3000106811523,2096.6000213623047,1.0,0,1,1.0,1.0,1.0,1,1,1,1,1,6,0,0,0.08867307309097362,0.22993153096874486,955.3440272127541,807.2627843106834,1,2,2,2024-08-01,104.83000106811524,104.83000106811524,209.66000213623047,0.15000000018739348,0
30,164.24384023877218,1064.4333432515461,1067.600009918213,2132.033353169759,1.0,0,1,1.0,1.0,1.0,1,1,1,1,1,6,0,0,0.13062804784724075,0.191217588130923,925.3884935590847,863.4561109331028,1,2,2,2024-08-01,106.44333432515462,106.7600009918213,213.20333531697588,0.21218438006572773,0
31,186.50143905794783,1111.600009918213,1111.5999832424695,2223.1999931606824,1.0,0,1,1.0,1.0,1.0,1,1,1,1,1,6,0,0,0.13708805567127585,0.16067058743510226,959.2129258743541,932.9985609420521,1,2,2,2024-08-01,111.16000099182129,111.15999832424696,222.31999931606825,0.06666666662079447,0
32,225.5816375585725,1119.9000091552734,1119.9000091552734,2239.800018310547,0.5,3,0,0.5,1.0,1.0,0,0,1,0,1,6,0,0,0.16054661427804068,0.20178734250060512,940.1038543554475,893.9183624414275,1,2,2,2024-08-01,111.99000091552735,111.99000091552735,223.9800018310547,0.28750000118564983,1
33,110.34000089407598,0.0,1103.4000091552734,1103.4000091552734,1.0,0,1,1.0,1.0,1.0,1,1,1,1,1,0,6,0,0.0,0.08540874503118451,701.401524331576,1009.159999105924,1,2,2,2024-08-01,0.0,110.34000091552736,110.34000091552736,2.7852176419155454e-09,0
34,160.07000160217277,0.0,1078.700008392334,1078.700008392334,1.0,0,1,1.0,1.0,1.0,1,1,1,1,1,0,6,0,0.0,0.12836744237422756,725.4707584381102,940.2300472259523,1,2,2,2024-08-01,0.0,107.8700008392334,107.8700008392334,5.304575821993934e-09,0
35,281.85319635310356,951.700008392334,951.700008392334,1903.400016784668,0.3333333333333333,4,0,0.3333333333333333,1.0,1.0,0,0,1,0,1,6,0,0,0.21060737269108157,0.17164363994228418,751.2649700347442,788.3467548187714,1,2,2,2024-08-01,95.17000083923341,95.17000083923341,190.34000167846682,0.24583333172290872,1
36,230.88600345563984,944.1000061035156,813.793337123128,1757.8933432266435,1.0,0,1,1.0,1.0,1.0,1,1,1,1,1,6,0,0,0.3506239695150567,0.01594909511358731,613.0759143443117,800.8140697865476,1,2,2,2024-08-01,94.41000061035157,81.37933371231281,175.78933432266436,1.0630484393220056e-09,0
37,131.58000068664532,1040.800006866455,1040.800006866455,2081.60001373291,1.0,0,1,1.0,1.0,1.0,1,1,1,1,1,0,6,0,0.5049740851834283,0.185703275996237,515.222975540161,847.5200359344484,1,2,2,2024-08-01,104.08000068664552,104.08000068664552,208.16000137329104,5.497739045545669e-10,0
38,593.2219898482723,1010.700008392334,463.86446504895736,1474.5644734412913,1.0,0,1,1.0,1.0,1.0,1,1,1,1,1,6,0,0,0.02546983436433074,0.16812328633085752,984.9576465865536,385.87804677282145,1,2,2,2024-08-01,101.0700008392334,46.38644650489574,147.45644734412915,3.380653162914195e-09,0
39,158.12000236511233,0.0,922.200008392334,922.200008392334,1.0,0,1,1.0,1.0,1.0,1,1,1,1,1,6,0,0,0.0,0.07093904331819526,945.7237621307373,856.7800220489502,1,2,2,2024-08-01,0.0,92.2200008392334,92.2200008392334,7.859384907250364e-09,0
40,927.0600036621094,891.4000091552734,0.0,891.4000091552734,1.0,0,1,1.0,1.0,1.0,1,1,1,1,1,6,0,0,0.0,0.0,1742.974676513672,7.040093994140648,1,2,2,2024-08-01,89.14000091552735,0.0,89.14000091552735,6.847111890930503e-09,0
41,95.18232365231643,855.7133344014485,864.5000038146973,1720.2133382161458,1.0,0,1,1.0,1.0,1.0,1,1,1,1,1,6,0,0,0.0,0.10003730924605453,930.2771722851289,778.0177495898711,1,2,2,2024-08-01,85.57133344014485,86.45000038146974,172.02133382161458,0.04974460505971984,0
42,78.70000038146975,787.0000038146973,787.0000038146973,1574.0000076293945,1.0,0,1,1.0,1.0,1.0,1,1,1,1,1,6,0,0,0.0,0.02884363793009024,840.5934329986572,764.3000606536865,1,2,2,2024-08-01,78.70000038146974,78.70000038146974,157.40000076293947,0.020833334605706955,0
43,73.2000003814697,732.0000038146973,732.0000038146973,1464.0000076293945,1.0,0,1,1.0,1.0,1.0,1,1,1,1,1,6,0,0,0.0,0.06174855590909661,740.929065322876,686.8000606536865,1,2,2,2024-08-01,73.20000038146974,73.20000038146974,146.40000076293947,2.345100752237435e-09,0
44,73.52135589548948,577.0000038146973,559.4207199102309,1136.4207237249282,1.0,0,1,1.0,1.0,1.0,1,1,1,1,1,6,0,0,0.0,0.0,655.2974179072082,631.5786807256043,1,2,2,2024-08-01,57.70000038146973,55.94207199102309,113.64207237249282,0.0761601743530036,0
45,70.30000114440918,511.00000381469727,511.00000381469727,1022.0000076293945,1.0,0,1,1.0,1.0,1.0,1,1,1,1,1,5,1,0,0.0,0.0,624.2777233123779,623.8000354766846,1,2,2,2024-08-01,51.10000038146973,51.10000038146973,102.20000076293945,0.10416666775533596,0
46,62.596194997098124,472.50000381469727,472.50000381469727,945.0000076293945,1.0,0,1,1.0,1.0,1.0,1,1,1,1,1,6,0,0,0.0,0.0,577.9743688252231,623.2038538310269,1,2,2,2024-08-01,47.25000038146973,47.25000038146973,94.50000076293946,0.06666666639614996,0
47,48.41000061035155,484.1000061035156,484.1000061035156,968.2000122070312,1.0,0,1,1.0,1.0,1.0,1,1,1,1,1,5,0,1,0.0,0.0,515.9275787353515,609.8900482177735,1,2,2,2024-08-01,48.41000061035157,48.41000061035157,96.82000122070313,0.020833333792998687,0
0,0.0,0.0,0.0,0.0,1.0,0,1,1.0,1.0,0.6666666666666666,1,1,0,1,1,0,0,6,0.0,0.0,299.9000244140625,319.20001220703125,0,3,0,2024-08-01,0.0,0.0,0.0,0.0,0
1,0.0,0.0,0.0,0.0,1.0,0,1,1.0,1.0,0.0,1,1,0,1,1,0,0,6,0.0,0.0,299.9000244140625,319.20001220703125,0,3,0,2024-08-01,0.0,0.0,0.0,0.0,0
2,0.0,0.0,0.0,0.0,1.0,0,1,1.0,1.0,0.0,1,1,0,1,1,0,0,6,0.0,0.0,299.9000244140625,319.20001220703125,0,3,0,2024-08-01,0.0,0.0,0.0,0.0,0
3,0.0,0.0,0.0,0.0,1.0,0,1,1.0,1.0,0.3333333333333333,1,1,0,1,1,0,0,6,0.0,0.0,253.1999969482422,272.5,0,3,0,2024-08-01,0.0,0.0,0.0,0.0,0
4,0.0,0.0,0.0,0.0,1.0,0,1,1.0,1.0,1.0,1,1,1,1,1,0,0,6,0.0,0.0,253.1999969482422,272.5,0,3,0,2024-08-01,0.0,0.0,0.0,0.0,0
5,0.0,0.0,0.0,0.0,1.0,0,1,1.0,1.0,0.6666666666666666,1,1,0,1,1,0,0,6,0.0,0.0,253.1999969482422,272.5,0,3,0,2024-08-01,0.0,0.0,0.0,0.0,0
6,0.0,0.0,0.0,0.0,1.0,0,1,1.0,1.0,0.0,1,1,0,1,1,0,0,6,0.0,0.0,311.20001220703125,322.5,0,3,0,2024-08-01,0.0,0.0,0.0,0.0,0
7,0.0,0.0,0.0,0.0,1.0,0,1,1.0,1.0,0.8333333333333334,1,1,0,1,1,0,0,6,0.0,0.0,261.20001220703125,272.5,0,3,0,2024-08-01,0.0,0.0,0.0,0.0,0
8,0.0,0.0,0.0,0.0,1.0,0,1,1.0,1.0,0.6666666666666666,1,1,0,1,1,0,0,6,0.0,0.0,261.20001220703125,272.5,0,3,0,2024-08-01,0.0,0.0,0.0,0.0,0
9,0.0,0.0,0.0,0.0,1.0,0,1,1.0,1.0,0.0,1,1,0,1,1,0,0,6,0.0,0.0,261.20001220703125,272.5,0,3,0,2024-08-01,0.0,0.0,0.0,0.0,0
10,0.0,0.0,0.0,0.0,1.0,0,1,1.0,1.0,0.0,1,1,0,1,1,0,0,6,0.0,0.0,241.99998474121094,253.29998779296875,0,3,0,2024-08-01,0.0,0.0,0.0,0.0,0
11,0.0,0.0,0.0,0.0,1.0,0,1,1.0,1.0,0.0,1,1,0,1,1,0,0,6,0.0,0.0,241.99998474121094,253.29998779296875,0,3,0,2024-08-01,0.0,0.0,0.0,0.0,0
12,0.0,0.0,0.0,0.0,1.0,0,1,1.0,1.0,0.0,1,1,0,1,1,0,0,6,0.0,0.0,325.8999938964844,338.3999938964844,0,3,0,2024-08-01,0.0,0.0,0.0,0.0,0
13,0.0,0.0,0.0,0.0,1.0,0,1,1.0,1.0,0.0,1,1,0,1,1,0,0,6,0.0,0.0,346.3999938964844,357.6999816894531,0,3,0,2024-08-01,0.0,0.0,0.0,0.0,0
14,0.0,0.0,0.0,0.0,1.0,0,1,1.0,1.0,0.0,1,1,0,1,1,0,0,6,0.0,0.0,346.3999938964844,357.6999816894531,0,3,0,2024-08-01,0.0,0.0,0.0,0.0,0
15,0.0,0.0,0.0,0.0,1.0,0,1,1.0,1.0,0.0,1,1,0,1,1,0,0,6,0.0,0.0,382.1999816894531,393.5,0,3,0,2024-08-01,0.0,0.0,0.0,0.0,0
16,0.0,0.0,0.0,0.0,1.0,0,1,1.0,1.0,0.0,1,1,0,1,1,0,0,6,0.0,0.0,423.5,468.3000183105469,0,3,0,2024-08-01,0.0,0.0,0.0,0.0,0
17,0.0,0.0,0.0,0.0,1.0,0,1,1.0,1.0,0.0,1,1,0,1,1,0,0,6,0.0,0.0,514.8499755859375,556.2000122070312,0,3,0,2024-08-01,0.0,0.0,0.0,0.0,0
18,41.32000045776364,284.00000381469727,303.2000045776367,587.200008392334,1.0,0,1,1.0,1.0,1.0,1,1,1,1,1,6,0,0,0.0,0.0,624.3547294616699,602.8800117492676,1,3,0,2024-08-01,28.400000381469727,30.320000457763673,58.7200008392334,0.09692409374257188,0
19,36.041425100823,408.2000045776367,408.2000045776367,816.4000091552734,1.0,0,1,1.0,1.0,1.0,1,1,1,1,1,6,0,0,0.0,0.0,623.2150701203542,674.6586481413646,1,3,0,2024-08-01,40.820000457763676,40.820000457763676,81.64000091552735,1.5962953965312201e-09,0
20,31.99227210225591,535.1000061035156,535.1000061035156,1070.2000122070312,1.0,0,1,1.0,1.0,1.0,1,1,1,1,1,0,0,6,0.0,0.0,543.4280631178809,612.7077401047753,1,3,0,2024-08-01,53.51000061035157,53.51000061035157,107.02000122070314,6.343824133177961e-10,0
21,47.543323060875316,586.0500061035157,601.1000061035156,1187.1500122070313,1.0,0,1,1.0,1.0,1.0,1,1,1,1,1,0,0,6,0.09373247061536816,0.05230962674777418,531.1180911272816,569.6566891461559,1,3,0,2024-08-01,58.60500061035157,60.11000061035156,118.71500122070313,3.840882635662456e-10,0
22,68.28386863584784,563.4500076293946,578.5000076293945,1141.950015258789,1.0,0,1,1.0,1.0,1.0,1,1,1,1,1,6,0,0,0.0,0.0,612.5506533038166,603.8161679852459,1,3,0,2024-08-01,56.34500076293946,57.85000076293946,114.19500152587892,0.13348778184125376,0
23,-21.492823499714575,250.0,608.700008392334,858.700008392334,1.0,0,1,1.0,1.0,1.0,1,1,1,1,1,6,0,0,0.0,0.0,549.8060046252854,806.7928723278396,1,3,0,2024-08-01,25.0,60.8700008392334,85.8700008392334,0.019448079872383294,0
24,65.82000083923339,658.200008392334,658.200008392334,1316.400016784668,0.8333333333333334,1,0,0.8333333333333334,1.0,1.0,0,0,1,0,1,6,0,0,0.20749254811185433,0.0,521.6284114837647,851.9800479888916,1,3,0,2024-08-01,65.8200008392334,65.8200008392334,131.6400016784668,0.42251168982240617,1
25,37.2858175377095,735.700008392334,735.700008392334,1471.400016784668,0.6666666666666666,2,0,0.6666666666666666,1.0,1.0,0,0,1,0,1,6,0,0,0.47399295375280154,0.0,386.9833883384907,883.3142801185405,1,3,0,2024-08-01,73.5700008392334,73.5700008392334,147.1400016784668,0.11022044362646888,1
26,83.57000083923327,835.700008392334,835.700008392334,1671.400016784668,1.0,0,1,1.0,1.0,1.0,1,1,1,1,1,5,1,0,0.4658080849972059,0.0,446.424187850952,853.5299747467043,1,3,0,2024-08-01,83.5700008392334,83.5700008392334,167.1400016784668,0.030060119680035424,0
27,0.0,0.0,0.0,0.0,1.0,0,1,1.0,1.0,0.0,1,1,0,1,1,0,0,6,0.0,0.0,375.7310791015625,917.300048828125,0,3,0,2024-08-01,0.0,0.0,0.0,0.0,0
28,104.83000126491089,0.0,1048.3000104624905,1048.3000104624905,1.0,0,1,1.0,1.0,1.0,1,1,1,1,1,0,6,0,0.0,0.1484594201794773,567.9990686477233,892.6699987350892,1,3,0,2024-08-01,0.0,104.83000104624905,104.83000104624905,0.20040079451340048,0
29,151.23721568931654,1048.3000106811523,1048.3000106811523,2096.6000213623047,1.0,0,1,1.0,1.0,1.0,1,1,1,1,1,6,0,0,0.31795274435584664,0.21236519048010016,714.9901453768166,825.6775792325584,1,3,0,2024-08-01,104.83000106811524,104.83000106811524,209.66000213623047,1.2184254943422121e-09,0
30,164.24384023877218,1064.4333432515461,1067.600009918213,2132.033353169759,1.0,0,1,1.0,1.0,1.0,1,1,1,1,1,6,0,0,0.3096529344706176,0.259688730694952,734.8284349653347,790.356318452634,1,3,0,2024-08-01,106.44333432515462,106.7600009918213,213.20333531697588,2.2464720930831933e-09,0
31,186.50143905794783,1111.600009918213,1111.5999832424695,2223.1999931606824,1.0,0,1,1.0,1.0,1.0,1,1,1,1,1,6,0,0,0.2735732280279001,0.3190810344911806,807.4960069290416,756.9095106490834,1,3,0,2024-08-01,111.16000099182129,111.15999832424696,222.31999931606825,2.1283627087331176e-09,0
32,225.5816375585725,1119.9000091552734,1119.9000091552734,2239.800018310547,1.0,0,1,1.0,1.0,1.0,1,1,1,1,1,6,0,0,0.21234665337400369,0.35913100357743744,882.092990097635,717.7091949609587,1,3,0,2024-08-01,111.99000091552735,111.99000091552735,223.9800018310547,1.3559639744317964e-09,0
33,110.34000089407598,0.0,1103.4000091552734,1103.4000091552734,1.0,0,1,1.0,1.0,1.0,1,1,1,1,1,0,6,0,0.0,0.2247116141937902,827.331944253451,855.453211996549,1,3,0,2024-08-01,0.0,110.34000091552736,110.34000091552736,2.7852176419155454e-09,0
34,160.07000160217277,0.0,1078.700008392334,1078.700008392334,1.0,0,1,1.0,1.0,1.0,1,1,1,1,1,0,6,0,0.0,0.27954213625202395,838.8571109771727,777.1579036712648,1,3,0,2024-08-01,0.0,107.8700008392334,107.8700008392334,5.304575821993934e-09,0
35,281.85319635310356,951.700008392334,951.700008392334,1903.400016784668,1.0,0,1,1.0,1.0,1.0,1,1,1,1,1,5,1,0,0.0,0.2744859853999588,981.5587017241974,690.4716937836151,1,3,0,2024-08-01,95.17000083923341,95.17000083923341,190.34000167846682,0.20875083355368348,0
36,230.88600345563984,944.1000061035156,813.793337123128,1757.8933432266435,1.0,0,1,1.0,1.0,1.0,1,1,1,1,1,6,0,0,0.06827702586777976,0.0721059486505597,879.6396655650149,755.1139965443601,1,3,0,2024-08-01,94.41000061035157,81.37933371231281,175.78933432266436,0.26906978778303475,0
37,131.58000068664532,1040.800006866455,1040.800006866455,2081.60001373291,1.0,0,1,1.0,1.0,1.0,1,1,1,1,1,0,6,0,0.24103946402155008,0.12622982963715312,789.9261310577391,909.4199993133547,1,3,0,2024-08-01,104.08000068664552,104.08000068664552,208.16000137329104,5.497739045545669e-10,0
38,593.2219898482723,1010.700008392334,463.86446504895736,1474.5644734412913,1.0,0,1,1.0,1.0,1.0,1,1,1,1,1,6,0,0,0.0,0.009671698478791983,1334.262456156866,459.3781078079777,1,3,0,2024-08-01,101.0700008392334,46.38644650489574,147.45644734412915,0.02747185603542199,0
39,158.12000236511233,0.0,922.200008392334,922.200008392334,1.0,0,1,1.0,1.0,1.0,1,1,1,1,1,6,0,0,0.0,0.053914457437354346,995.7149730682373,872.4800952911377,1,3,0,2024-08-01,0.0,92.2200008392334,92.2200008392334,7.859384907250364e-09,0
40,927.0600036621094,891.4000091552734,0.0,891.4000091552734,1.0,0,1,1.0,1.0,1.0,1,1,1,1,1,6,0,0,0.0,0.0,1740.675848388672,0.0,1,3,0,2024-08-01,89.14000091552735,0.0,89.14000091552735,6.847111890930503e-09,0
41,95.18232365231643,855.7133344014485,864.5000038146973,1720.2133382161458,1.0,0,1,1.0,1.0,1.0,1,1,1,1,1,0,6,0,0.0,0.16615416264954264,1067.6086542187227,720.8597295703398,1,3,0,2024-08-01,85.57133344014485,86.45000038146974,172.02133382161458,0.34410007174574997,0
42,78.70000038146975,787.0000038146973,787.0000038146973,1574.0000076293945,1.0,0,1,1.0,1.0,1.0,1,1,1,1,1,5,1,0,0.0,0.29979901441116524,935.6000247955322,551.0581783294678,1,3,0,2024-08-01,78.70000038146974,78.70000038146974,157.40000076293947,0.06680026686465092,0
43,73.2000003814697,732.0000038146973,732.0000038146973,1464.0000076293945,1.0,0,1,1.0,1.0,1.0,1,1,1,1,1,1,5,0,0.0,0.23967462373079698,930.1000247955322,556.5581783294678,1,3,0,2024-08-01,73.20000038146974,73.20000038146974,146.40000076293947,0.016700068979141357,0
44,73.52135589548948,577.0000038146973,559.4207199102309,1136.4207237249282,1.0,0,1,1.0,1.0,1.0,1,1,1,1,1,5,1,0,0.0,0.11026376725825406,875.421380309552,497.7368838506043,1,3,0,2024-08-01,57.70000038146973,55.94207199102309,113.64207237249282,0.014797561674183144,0
45,70.30000114440918,511.00000381469727,511.00000381469727,1022.0000076293945,1.0,0,1,1.0,1.0,1.0,1,1,1,1,1,0,6,0,0.0,0.0036043327346149843,880.3999767303467,509.15818977355957,1,3,0,2024-08-01,51.10000038146973,51.10000038146973,102.20000076293945,1.866290233438195e-09,0
46,62.596194997098124,472.50000381469727,472.50000381469727,945.0000076293945,1.0,0,1,1.0,1.0,1.0,1,1,1,1,1,0,4,2,0.0,0.12365162212769576,845.1961705830356,414.0746118876675,1,3,0,2024-08-01,47.25000038146973,47.25000038146973,94.50000076293946,0.2672010695211363,0
47,48.41000061035155,484.1000061035156,484.1000061035156,968.2000122070312,0.6666666666666666,2,0,1.0,0.6,1.0,0,0,1,1,0,0,5,1,0.0,0.5053364091723193,765.1100128173828,239.4666473388672,1,3,0,2024-08-01,48.41000061035157,48.41000061035157,96.82000122070313,0.4091516397330079,1
0,0.0,0.0,0.0,0.0,1.0,0,1,1.0,1.0,1.0,1,1,1,1,1,0,0,6,0.0,0.0,356.70001220703125,353.20001220703125,0,3,1,2024-08-01,0.0,0.0,0.0,0.0,0
1,0.0,0.0,0.0,0.0,1.0,0,1,1.0,1.0,1.0,1,1,1,1,1,0,0,6,0.0,0.0,395.20001220703125,391.70001220703125,0,3,1,2024-08-01,0.0,0.0,0.0,0.0,0
2,0.0,0.0,0.0,0.0,1.0,0,1,1.0,1.0,0.5,1,1,0,1,1,0,0,6,0.0,0.0,422.70001220703125,419.20001220703125,0,3,1,2024-08-01,0.0,0.0,0.0,0.0,0
3,0.0,0.0,0.0,0.0,1.0,0,1,1.0,1.0,0.0,1,1,0,1,1,0,0,6,0.0,0.0,395.20001220703125,395.20001220703125,0,3,1,2024-08-01,0.0,0.0,0.0,0.0,0
4,0.0,0.0,0.0,0.0,1.0,0,1,1.0,1.0,0.0,1,1,0,1,1,0,0,6,0.0,0.0,395.20001220703125,395.20001220703125,0,3,1,2024-08-01,0.0,0.0,0.0,0.0,0
5,0.0,0.0,0.0,0.0,1.0,0,1,1.0,1.0,0.0,1,1,0,1,1,0,0,6,0.0,0.0,395.20001220703125,395.20001220703125,0,3,1,2024-08-01,0.0,0.0,0.0,0.0,0
6,0.0,0.0,0.0,0.0,1.0,0,1,1.0,1.0,0.0,1,1,0,1,1,0,0,6,0.0,0.0,384.20001220703125,384.20001220703125,0,3,1,2024-08-01,0.0,0.0,0.0,0.0,0
7,0.0,0.0,0.0,0.0,1.0,0,1,1.0,1.0,0.0,1,1,0,1,1,0,0,6,0.0,0.0,373.20001220703125,373.20001220703125,0,3,1,2024-08-01,0.0,0.0,0.0,0.0,0
8,0.0,0.0,0.0,0.0,1.0,0,1,1.0,1.0,0.0,1,1,0,1,1,0,0,6,0.0,0.0,345.70001220703125,345.70001220703125,0,3,1,2024-08-01,0.0,0.0,0.0,0.0,0
9,0.0,0.0,0.0,0.0,1.0,0,1,1.0,1.0,0.0,1,1,0,1,1,0,0,6,0.0,0.0,334.70001220703125,334.70001220703125,0,3,1,2024-08-01,0.0,0.0,0.0,0.0,0
10,0.0,0.0,0.0,0.0,1.0,0,1,1.0,1.0,0.0,1,1,0,1,1,0,0,6,0.0,0.0,334.70001220703125,322.8333435058594,0,3,1,2024-08-01,0.0,0.0,0.0,0.0,0
11,0.0,0.0,0.0,0.0,1.0,0,1,1.0,1.0,0.0,1,1,0,1,1,0,0,6,0.0,0.0,284.70001220703125,284.70001220703125,0,3,1,2024-08-01,0.0,0.0,0.0,0.0,0
12,0.0,0.0,0.0,0.0,1.0,0,1,1.0,1.0,0.0,1,1,0,1,1,0,0,6,0.0,0.0,303.8999938964844,303.8999938964844,0,3,1,2024-08-01,0.0,0.0,0.0,0.0,0
13,0.0,0.0,0.0,0.0,1.0,0,1,1.0,1.0,0.0,1,1,0,1,1,0,0,6,0.0,0.0,284.1000061035156,284.1000061035156,0,3,1,2024-08-01,0.0,0.0,0.0,0.0,0
14,0.0,0.0,0.0,0.0,1.0,0,1,1.0,1.0,0.0,1,1,0,1,1,0,0,6,0.0,0.0,331.4000244140625,331.4000244140625,0,3,1,2024-08-01,0.0,0.0,0.0,0.0,0
15,0.0,0.0,0.0,0.0,1.0,0,1,1.0,1.0,0.0,1,1,0,1,1,0,0,6,0.0,0.0,425.300048828125,447.300048828125,0,3,1,2024-08-01,0.0,0.0,0.0,0.0,0
16,0.0,0.0,0.0,0.0,1.0,0,1,1.0,1.0,0.0,1,1,0,1,1,0,0,6,0.0,0.0,436.300048828125,458.300048828125,0,3,1,2024-08-01,0.0,0.0,0.0,0.0,0
17,0.0,0.0,0.0,0.0,1.0,0,1,1.0,1.0,0.0,1,1,0,1,1,0,0,6,0.0,0.0,526.4000244140625,538.0000610351562,0,3,1,2024-08-01,0.0,0.0,0.0,0.0,0
18,41.32000045776364,284.00000381469727,303.2000045776367,587.200008392334,1.0,0,1,1.0,1.0,1.0,1,1,1,1,1,6,0,0,0.0,0.0,604.5604179382324,535.1800605773926,1,3,1,2024-08-01,28.400000381469727,30.320000457763673,58.7200008392334,0.09692409374257188,0
19,36.041425100823,408.2000045776367,408.2000045776367,816.4000091552734,1.0,0,1,1.0,1.0,1.0,1,1,1,1,1,6,0,0,0.0,0.0,578.4175237336354,510.258623727302,1,3,1,2024-08-01,40.820000457763676,40.820000457763676,81.64000091552735,1.5962953965312201e-09,0
20,31.99227210225591,535.1000061035156,535.1000061035156,1070.2000122070312,1.0,0,1,1.0,1.0,1.0,1,1,1,1,1,0,0,6,0.0,0.0,667.8670279616309,604.3077767258691,1,3,1,2024-08-01,53.51000061035157,53.51000061035157,107.02000122070314,6.343824133177961e-10,0
21,47.543323060875316,586.0500061035157,601.1000061035156,1187.1500122070313,1.0,0,1,1.0,1.0,1.0,1,1,1,1,1,0,0,6,0.0,0.0,765.6492190569691,671.8303952008434,1,3,1,2024-08-01,58.60500061035157,60.11000061035156,118.71500122070313,3.840882635662456e-10,0
22,68.28386863584784,563.4500076293946,578.5000076293945,1141.950015258789,1.0,0,1,1.0,1.0,1.0,1,1,1,1,1,6,0,0,0.0,0.0,809.2880190264729,681.8609677899334,1,3,1,2024-08-01,56.34500076293946,57.85000076293946,114.19500152587892,0.13348778184125376,0
23,-21.492823499714575,250.0,608.700008392334,858.700008392334,1.0,0,1,1.0,1.0,1.0,1,1,1,1,1,6,0,0,0.0,0.0,734.5741931018479,789.9928845348709,1,3,1,2024-08-01,25.0,60.8700008392334,85.8700008392334,0.019448079872383294,0
24,65.82000083923339,658.200008392334,658.200008392334,1316.400016784668,1.0,0,1,1.0,1.0,1.0,1,1,1,1,1,6,0,0,0.0,0.0,752.113579940796,792.779974746704,1,3,1,2024-08-01,65.8200008392334,65.8200008392334,131.6400016784668,0.42251168982240617,0
25,37.2858175377095,735.700008392334,735.700008392334,1471.400016784668,1.0,0,1,1.0,1.0,1.0,1,1,1,1,1,6,0,0,0.04215027138920974,0.0,704.6900533775532,848.8142190833843,1,3,1,2024-08-01,73.5700008392334,73.5700008392334,147.1400016784668,0.11022044362646888,0
26,83.57000083923327,835.700008392334,835.700008392334,1671.400016784668,1.0,0,1,1.0,1.0,1.0,1,1,1,1,1,5,1,0,0.06350599806933525,0.0,782.628045272827,860.2300479888918,1,3,1,2024-08-01,83.5700008392334,83.5700008392334,167.1400016784668,0.030060119680035424,0
27,0.0,0.0,0.0,0.0,1.0,0,1,1.0,1.0,0.0,1,1,0,1,1,0,0,6,0.0,0.0,791.0103759765625,1013.1000366210938,0,3,1,2024-08-01,0.0,0.0,0.0,0.0,0
28,104.83000126491089,0.0,1048.3000104624905,1048.3000104624905,1.0,0,1,1.0,1.0,1.0,1,1,1,1,1,0,6,0,0.0,0.17030427675713125,889.2035974563171,869.7700353561829,1,3,1,2024-08-01,0.0,104.83000104624905,104.83000104624905,0.20040079451340048,0
29,151.23721568931654,1048.3000106811523,1048.3000106811523,2096.6000213623047,1.0,0,1,1.0,1.0,1.0,1,1,1,1,1,6,0,0,0.09409415704153913,0.23288867639882382,949.6611048494728,804.1628087247459,1,3,1,2024-08-01,104.83000106811524,104.83000106811524,209.66000213623047,1.2184254943422121e-09,0
30,164.24384023877218,1064.4333432515461,1067.600009918213,2132.033353169759,1.0,0,1,1.0,1.0,1.0,1,1,1,1,1,6,0,0,0.1404969812510502,0.32332039599355994,914.883671781741,722.4231519487278,1,3,1,2024-08-01,106.44333432515462,106.7600009918213,213.20333531697588,2.2464720930831933e-09,0
31,186.50143905794783,1111.600009918213,1111.5999832424695,2223.1999931606824,1.0,0,1,1.0,1.0,1.0,1,1,1,1,1,6,0,0,0.1876186964941169,0.4057418430307035,903.0430650345104,660.5773573287709,1,3,1,2024-08-01,111.16000099182129,111.15999832424696,222.31999931606825,2.1283627087331176e-09,0
32,225.5816375585725,1119.9000091552734,1119.9000091552734,2239.800018310547,1.0,0,1,1.0,1.0,1.0,1,1,1,1,1,6,0,0,0.19553192849416476,0.4819015925294938,900.92380064451,580.2184112695525,1,3,1,2024-08-01,111.99000091552735,111.99000091552735,223.9800018310547,1.3559639744317964e-09,0
33,110.34000089407598,0.0,1103.4000091552734,1103.4000091552734,1.0,0,1,1.0,1.0,1.0,1,1,1,1,1,0,6,0,0.0,0.34433565168455443,831.2051131987635,723.460047934049,1,3,1,2024-08-01,0.0,110.34000091552736,110.34000091552736,2.7852176419155454e-09,0
34,160.07000160217277,0.0,1078.700008392334,1078.700008392334,1.0,0,1,1.0,1.0,1.0,1,1,1,1,1,0,6,0,0.0,0.3525261954537769,913.4719791412352,698.4299983978273,1,3,1,2024-08-01,0.0,107.8700008392334,107.8700008392334,5.304575821993934e-09,0
35,281.85319635310356,951.700008392334,951.700008392334,1903.400016784668,1.0,0,1,1.0,1.0,1.0,1,1,1,1,1,5,1,0,0.0,0.3652971517663044,1081.8846904937286,604.0467059906464,1,3,1,2024-08-01,95.17000083923341,95.17000083923341,190.34000167846682,0.20875083355368348,0
36,230.88600345563984,944.1000061035156,813.793337123128,1757.8933432266435,1.0,0,1,1.0,1.0,1.0,1,1,1,1,1,6,0,0,0.0,0.21882627550425218,971.3139819712649,635.7139721302976,1,3,1,2024-08-01,94.41000061035157,81.37933371231281,175.78933432266436,0.26906978778303475,0
37,131.58000068664532,1040.800006866455,1040.800006866455,2081.60001373291,1.0,0,1,1.0,1.0,1.0,1,1,1,1,1,0,6,0,0.14815143961003868,0.24575329581063504,886.6039875030516,785.0199748992922,1,3,1,2024-08-01,104.08000068664552,104.08000068664552,208.16000137329104,5.497739045545669e-10,0
38,593.2219898482723,1010.700008392334,463.86446504895736,1474.5644734412913,1.0,0,1,1.0,1.0,1.0,1,1,1,1,1,6,0,0,0.0,0.34554577499741795,1382.5962574263972,303.5780589798527,1,3,1,2024-08-01,101.0700008392334,46.38644650489574,147.45644734412915,0.02747185603542199,0
39,158.12000236511233,0.0,922.200008392334,922.200008392334,1.0,0,1,1.0,1.0,1.0,1,1,1,1,1,6,0,0,0.0,0.32131859473089713,899.2304759979248,625.8799976348877,1,3,1,2024-08-01,0.0,92.2200008392334,92.2200008392334,7.859384907250364e-09,0
40,927.0600036621094,891.4000091552734,0.0,891.4000091552734,0.0,6,0,0.0,1.0,1.0,0,1,1,0,1,6,0,0,0.0,0.0,1620.3930114746095,0.0,1,3,1,2024-08-01,89.14000091552735,0.0,89.14000091552735,6.847111890930503e-09,1
41,95.18232365231643,855.7133344014485,864.5000038146973,1720.2133382161458,0.3333333333333333,4,0,1.0,0.3333333333333333,1.0,0,0,1,1,0,0,6,0,0.10112149392840593,0.40148934452029744,769.1823236523164,517.4124639453398,1,3,1,2024-08-01,85.57133344014485,86.45000038146974,172.02133382161458,0.34410007174574997,1
42,78.70000038146975,787.0000038146973,787.0000038146973,1574.0000076293945,1.0,0,1,1.0,1.0,1.0,1,1,1,1,1,5,1,0,0.11689963811222623,0.4519777283336357,694.9999881744385,431.29352989196775,1,3,1,2024-08-01,78.70000038146974,78.70000038146974,157.40000076293947,0.06680026686465092,0
43,73.2000003814697,732.0000038146973,732.0000038146973,1464.0000076293945,1.0,0,1,1.0,1.0,1.0,1,1,1,1,1,1,5,0,0.18565570807506107,0.5304315982337513,596.1000247955322,343.7240718841553,1,3,1,2024-08-01,73.20000038146974,73.20000038146974,146.40000076293947,0.016700068979141357,0
44,73.52135589548948,577.0000038146973,559.4207199102309,1136.4207237249282,1.0,0,1,1.0,1.0,1.0,1,1,1,1,1,5,1,0,0.0,0.4204671142407303,577.2213375849426,324.2027041631043,1,3,1,2024-08-01,57.70000038146973,55.94207199102309,113.64207237249282,0.014797561674183144,0
45,70.30000114440918,511.00000381469727,511.00000381469727,1022.0000076293945,1.0,0,1,1.0,1.0,1.0,1,1,1,1,1,0,6,0,0.0,0.3805791337479509,563.0999584197998,316.5240650177002,1,3,1,2024-08-01,51.10000038146973,51.10000038146973,102.20000076293945,1.866290233438195e-09,0
46,62.596194997098124,472.50000381469727,472.50000381469727,945.0000076293945,0.5,3,0,1.0,0.25,1.0,0,0,1,1,0,0,4,2,0.0,0.5795672491305884,478.4961888935825,198.65447638962064,1,3,1,2024-08-01,47.25000038146973,47.25000038146973,94.50000076293946,0.2672010695211363,1
47,48.41000061035155,484.1000061035156,484.1000061035156,968.2000122070312,0.16666666666666666,5,0,1.0,0.0,1.0,0,0,1,1,0,0,5,1,0.14416438793470762,0.7137678088284621,414.3100250244141,138.56500549316408,1,3,1,2024-08-01,48.41000061035157,48.41000061035157,96.82000122070313,0.4091516397330079,1
0,0.0,0.0,0.0,0.0,1.0,0,1,1.0,1.0,1.0,1,1,1,1,1,0,0,6,0.0,0.0,180.3000030517578,188.89999389648438,0,3,2,2024-08-01,0.0,0.0,0.0,0.0,0
1,0.0,0.0,0.0,0.0,1.0,0,1,1.0,1.0,1.0,1,1,1,1,1,0,0,6,0.0,0.0,207.79998779296875,216.39999389648438,0,3,2,2024-08-01,0.0,0.0,0.0,0.0,0
2,0.0,0.0,0.0,0.0,1.0,0,1,1.0,1.0,1.0,1,1,1,1,1,0,0,6,0.0,0.0,207.79998779296875,216.39999389648438,0,3,2,2024-08-01,0.0,0.0,0.0,0.0,0
3,0.0,0.0,0.0,0.0,1.0,0,1,1.0,1.0,0.3333333333333333,1,1,0,1,1,0,0,6,0.0,0.0,180.3000030517578,188.89999389648438,0,3,2,2024-08-01,0.0,0.0,0.0,0.0,0
4,0.0,0.0,0.0,0.0,1.0,0,1,1.0,1.0,1.0,1,1,1,1,1,0,0,6,0.0,0.0,180.3000030517578,188.89999389648438,0,3,2,2024-08-01,0.0,0.0,0.0,0.0,0
5,0.0,0.0,0.0,0.0,1.0,0,1,1.0,1.0,1.0,1,1,1,1,1,0,0,6,0.0,0.0,180.3000030517578,188.89999389648438,0,3,2,2024-08-01,0.0,0.0,0.0,0.0,0
6,0.0,0.0,0.0,0.0,1.0,0,1,1.0,1.0,0.8333333333333334,1,1,0,1,1,0,0,6,0.0,0.0,157.79998779296875,181.89999389648438,0,3,2,2024-08-01,0.0,0.0,0.0,0.0,0
7,0.0,0.0,0.0,0.0,1.0,0,1,1.0,1.0,0.5,1,1,0,1,1,0,0,6,0.0,0.0,157.79998779296875,181.89999389648438,0,3,2,2024-08-01,0.0,0.0,0.0,0.0,0
8,0.0,0.0,0.0,0.0,1.0,0,1,1.0,1.0,0.0,1,1,0,1,1,0,0,6,0.0,0.0,157.79998779296875,181.89999389648438,0,3,2,2024-08-01,0.0,0.0,0.0,0.0,0
9,0.0,0.0,0.0,0.0,1.0,0,1,1.0,1.0,0.0,1,1,0,1,1,0,0,6,0.0,0.0,160.59999084472656,162.6999969482422,0,3,2,2024-08-01,0.0,0.0,0.0,0.0,0
10,0.0,0.0,0.0,0.0,1.0,0,1,1.0,1.0,0.0,1,1,0,1,1,0,0,6,0.0,0.0,83.0999984741211,85.19999694824219,0,3,2,2024-08-01,0.0,0.0,0.0,0.0,0
11,0.0,0.0,0.0,0.0,1.0,0,1,1.0,1.0,0.0,1,1,0,1,1,0,0,6,0.0,0.0,83.0999984741211,85.19999694824219,0,3,2,2024-08-01,0.0,0.0,0.0,0.0,0
12,0.0,0.0,0.0,0.0,1.0,0,1,1.0,1.0,0.6666666666666666,1,1,0,1,1,0,0,6,0.0,0.0,121.5999984741211,123.69999694824219,0,3,2,2024-08-01,0.0,0.0,0.0,0.0,0
13,0.0,0.0,0.0,0.0,1.0,0,1,1.0,1.0,1.0,1,1,1,1,1,0,0,6,0.0,0.0,140.8000030517578,142.89999389648438,0,3,2,2024-08-01,0.0,0.0,0.0,0.0,0
14,0.0,0.0,0.0,0.0,1.0,0,1,1.0,1.0,1.0,1,1,1,1,1,0,0,6,0.0,0.0,206.6999969482422,208.8000030517578,0,3,2,2024-08-01,0.0,0.0,0.0,0.0,0
15,0.0,0.0,0.0,0.0,1.0,0,1,1.0,1.0,0.0,1,1,0,1,1,0,0,6,0.0,0.0,294.6000061035156,296.70001220703125,0,3,2,2024-08-01,0.0,0.0,0.0,0.0,0
16,0.0,0.0,0.0,0.0,1.0,0,1,1.0,1.0,0.0,1,1,0,1,1,0,0,6,0.0,0.0,302.1000061035156,324.20001220703125,0,3,2,2024-08-01,0.0,0.0,0.0,0.0,0
17,0.0,0.0,0.0,0.0,1.0,0,1,1.0,1.0,0.0,1,1,0,1,1,0,0,6,0.0,0.0,368.6000061035156,398.4000244140625,0,3,2,2024-08-01,0.0,0.0,0.0,0.0,0
18,41.32000045776364,284.00000381469727,303.2000045776367,587.200008392334,1.0,0,1,1.0,1.0,1.0,1,1,1,1,1,6,0,0,0.0,0.0,619.1200492858886,564.1800605773926,1,3,2,2024-08-01,28.400000381469727,30.320000457763673,58.7200008392334,0.09692409374257188,0
19,36.041425100823,408.2000045776367,408.2000045776367,816.4000091552734,1.0,0,1,1.0,1.0,1.0,1,1,1,1,1,6,0,0,0.0,0.0,757.5052312531667,754.758623727302,1,3,2,2024-08-01,40.820000457763676,40.820000457763676,81.64000091552735,1.5962953965312201e-09,0
20,31.99227210225591,535.1000061035156,535.1000061035156,1070.2000122070312,1.0,0,1,1.0,1.0,1.0,1,1,1,1,1,0,0,6,0.0,0.0,785.5383536452247,808.7078011399316,1,3,2,2024-08-01,53.51000061035157,53.51000061035157,107.02000122070314,6.343824133177961e-10,0
21,47.543323060875316,586.0500061035157,601.1000061035156,1187.1500122070313,1.0,0,1,1.0,1.0,1.0,1,1,1,1,1,0,0,6,0.0,0.0,804.8754763811878,820.6567501813122,1,3,2,2024-08-01,58.60500061035157,60.11000061035156,118.71500122070313,3.840882635662456e-10,0
22,68.28386863584784,563.4500076293946,578.5000076293945,1141.950015258789,1.0,0,1,1.0,1.0,1.0,1,1,1,1,1,6,0,0,0.0,0.0,819.2617128741291,849.9162046063396,1,3,2,2024-08-01,56.34500076293946,57.85000076293946,114.19500152587892,0.13348778184125376,0
23,-21.492823499714575,250.0,608.700008392334,858.700008392334,1.0,0,1,1.0,1.0,1.0,1,1,1,1,1,6,0,0,0.0,0.0,701.4037219104416,939.5928601208084,1,3,2,2024-08-01,25.0,60.8700008392334,85.8700008392334,0.019448079872383294,0
24,65.82000083923339,658.200008392334,658.200008392334,1316.400016784668,1.0,0,1,1.0,1.0,1.0,1,1,1,1,1,6,0,0,0.0,0.0,699.722222518921,901.6799991607666,1,3,2,2024-08-01,65.8200008392334,65.8200008392334,131.6400016784668,0.42251168982240617,0
25,37.2858175377095,735.700008392334,735.700008392334,1471.400016784668,1.0,0,1,1.0,1.0,1.0,1,1,1,1,1,6,0,0,0.1634131131899308,0.0,615.4769796470845,1018.614206876353,1,3,2,2024-08-01,73.5700008392334,73.5700008392334,147.1400016784668,0.11022044362646888,0
26,83.57000083923327,835.700008392334,835.700008392334,1671.400016784668,1.0,0,1,1.0,1.0,1.0,1,1,1,1,1,5,1,0,0.28222986403258765,0.0,599.8405086517332,971.8300235748293,1,3,2,2024-08-01,83.5700008392334,83.5700008392334,167.1400016784668,0.030060119680035424,0
27,0.0,0.0,0.0,0.0,1.0,0,1,1.0,1.0,0.0,1,1,0,1,1,0,0,6,0.0,0.0,446.1883850097656,975.2000732421875,0,3,2,2024-08-01,0.0,0.0,0.0,0.0,0
28,104.83000126491089,0.0,1048.3000104624905,1048.3000104624905,1.0,0,1,1.0,1.0,1.0,1,1,1,1,1,0,6,0,0.0,0.1880473240102623,552.0042566360046,851.1699987350892,1,3,2,2024-08-01,0.0,104.83000104624905,104.83000104624905,0.20040079451340048,0
29,151.23721568931654,1048.3000106811523,1048.3000106811523,2096.6000213623047,1.0,0,1,1.0,1.0,1.0,1,1,1,1,1,6,0,0,0.17732397293922195,0.1112631887512996,862.4112879549416,931.6628087247459,1,3,2,2024-08-01,104.83000106811524,104.83000106811524,209.66000213623047,1.2184254943422121e-09,0
30,164.24384023877218,1064.4333432515461,1067.600009918213,2132.033353169759,1.0,0,1,1.0,1.0,1.0,1,1,1,1,1,6,0,0,0.11659911740946502,0.10607331727144051,940.3213548872097,954.3561353471653,1,3,2,2024-08-01,106.44333432515462,106.7600009918213,213.20333531697588,2.2464720930831933e-09,0
31,186.50143905794783,1111.600009918213,1111.5999832424695,2223.1999931606824,1.0,0,1,1.0,1.0,1.0,1,1,1,1,1,6,0,0,0.14157075731480398,0.12855465204434008,954.2299546829479,968.6986341842396,1,3,2,2024-08-01,111.16000099182129,111.15999832424696,222.31999931606825,2.1283627087331176e-09,0
32,225.5816375585725,1119.9000091552734,1119.9000091552734,2239.800018310547,1.0,0,1,1.0,1.0,1.0,1,1,1,1,1,6,0,0,0.21705609961349157,0.2488451805320009,876.8188812109163,841.21828919924,1,3,2,2024-08-01,111.99000091552735,111.99000091552735,223.9800018310547,1.3559639744317964e-09,0
33,110.34000089407598,0.0,1103.4000091552734,1103.4000091552734,1.0,0,1,1.0,1.0,1.0,1,1,1,1,1,0,6,0,0.0,0.25560992885820133,611.3945968413416,821.3600113129553,1,3,2,2024-08-01,0.0,110.34000091552736,110.34000091552736,2.7852176419155454e-09,0
34,160.07000160217277,0.0,1078.700008392334,1078.700008392334,1.0,0,1,1.0,1.0,1.0,1,1,1,1,1,0,6,0,0.0,0.4098174241061528,508.5124759674071,636.6299495697023,1,3,2,2024-08-01,0.0,107.8700008392334,107.8700008392334,5.304575821993934e-09,0
35,281.85319635310356,951.700008392334,951.700008392334,1903.400016784668,0.16666666666666666,5,0,0.0,1.0,1.0,0,0,1,0,1,5,1,0,0.34520823300731857,0.47058237850612383,623.1653301421661,503.84675481877144,1,3,2,2024-08-01,95.17000083923341,95.17000083923341,190.34000167846682,0.20875083355368348,1
36,230.88600345563984,944.1000061035156,813.793337123128,1757.8933432266435,0.0,6,0,0.0,1.0,1.0,0,0,1,0,1,6,0,0,0.4481935891741048,0.4032711077961479,520.9604358286867,485.61399654436013,1,3,2,2024-08-01,94.41000061035157,81.37933371231281,175.78933432266436,0.26906978778303475,1
37,131.58000068664532,1040.800006866455,1040.800006866455,2081.60001373291,1.0,0,1,1.0,1.0,1.0,1,1,1,1,1,0,6,0,0.6045619025284968,0.5519600109041404,411.5719745635985,466.32002372741715,1,3,2,2024-08-01,104.08000068664552,104.08000068664552,208.16000137329104,5.497739045545669e-10,0
38,593.2219898482723,1010.700008392334,463.86446504895736,1474.5644734412913,1.0,0,1,1.0,1.0,1.0,1,1,1,1,1,6,0,0,0.12579853807235045,1.0,883.555424906866,0.0,1,3,2,2024-08-01,101.0700008392334,46.38644650489574,147.45644734412915,0.02747185603542199,0
39,158.12000236511233,0.0,922.200008392334,922.200008392334,1.0,0,1,1.0,1.0,1.0,1,1,1,1,1,6,0,0,0.0,0.5827586005776176,675.3548656463623,384.7800220489502,1,3,2,2024-08-01,0.0,92.2200008392334,92.2200008392334,7.859384907250364e-09,0
40,927.0600036621094,891.4000091552734,0.0,891.4000091552734,0.0,6,0,0.0,1.0,1.0,0,1,1,0,1,6,0,0,0.0,0.0,1489.1600402832032,0.0,1,3,2,2024-08-01,89.14000091552735,0.0,89.14000091552735,6.847111890930503e-09,1
41,95.18232365231643,855.7133344014485,864.5000038146973,1720.2133382161458,0.3333333333333333,4,0,1.0,0.3333333333333333,1.0,0,0,1,1,0,0,6,0,0.2993186807287831,0.5729864129464216,599.5823480663789,369.1532476367461,1,3,2,2024-08-01,85.57133344014485,86.45000038146974,172.02133382161458,0.34410007174574997,1
42,78.70000038146975,787.0000038146973,787.0000038146973,1574.0000076293945,0.8333333333333334,1,0,1.0,0.0,1.0,0,0,1,1,0,5,1,0,0.25908510550296543,0.5748720924015259,583.1000247955322,334.5756649017334,1,3,2,2024-08-01,78.70000038146974,78.70000038146974,157.40000076293947,0.06680026686465092,1
43,73.2000003814697,732.0000038146973,732.0000038146973,1464.0000076293945,1.0,0,1,1.0,1.0,1.0,1,1,1,1,1,1,5,0,0.19972672957682616,0.4916697299328281,585.8000370025635,372.09775962829593,1,3,2,2024-08-01,73.20000038146974,73.20000038146974,146.40000076293947,0.016700068979141357,0
44,73.52135589548948,577.0000038146973,559.4207199102309,1136.4207237249282,1.0,0,1,1.0,1.0,1.0,1,1,1,1,1,5,1,0,0.0,0.2313898984823,644.3213436884582,429.9764163213074,1,3,2,2024-08-01,57.70000038146973,55.94207199102309,113.64207237249282,0.014797561674183144,0
45,70.30000114440918,511.00000381469727,511.00000381469727,1022.0000076293945,1.0,0,1,1.0,1.0,1.0,1,1,1,1,1,0,6,0,0.0,0.23405522434917514,599.3000011444092,391.39778327941895,1,3,2,2024-08-01,51.10000038146973,51.10000038146973,102.20000076293945,1.866290233438195e-09,0
46,62.596194997098124,472.50000381469727,472.50000381469727,945.0000076293945,1.0,0,1,1.0,1.0,1.0,1,1,1,1,1,0,4,2,0.0,0.23462541938817155,610.8961827900669,361.63949225876127,1,3,2,2024-08-01,47.25000038146973,47.25000038146973,94.50000076293946,0.2672010695211363,0
47,48.41000061035155,484.1000061035156,484.1000061035156,968.2000122070312,0.3333333333333333,4,0,1.0,0.2,1.0,0,0,1,1,0,0,5,1,0.0,0.6074710699225725,550.0100067138671,190.02325744628908,1,3,2,2024-08-01,48.41000061035157,48.41000061035157,96.82000122070313,0.4091516397330079,1
0,0.0,0.0,0.0,0.0,1.0,0,1,1.0,1.0,1.0,1,1,1,1,1,0,0,6,0.0,0.0,196.1999969482422,173.6999969482422,0,4,0,2024-08-01,0.0,0.0,0.0,0.0,0
1,0.0,0.0,0.0,0.0,1.0,0,1,1.0,1.0,0.8333333333333334,1,1,0,1,1,0,0,6,0.0,0.0,196.1999969482422,173.6999969482422,0,4,0,2024-08-01,0.0,0.0,0.0,0.0,0
2,0.0,0.0,0.0,0.0,1.0,0,1,1.0,1.0,1.0,1,1,1,1,1,0,0,6,0.0,0.0,177.0,154.5,0,4,0,2024-08-01,0.0,0.0,0.0,0.0,0
3,0.0,0.0,0.0,0.0,1.0,0,1,1.0,1.0,1.0,1,1,1,1,1,0,0,6,0.0,0.0,177.0,154.5,0,4,0,2024-08-01,0.0,0.0,0.0,0.0,0
4,0.0,0.0,0.0,0.0,1.0,0,1,1.0,1.0,1.0,1,1,1,1,1,0,0,6,0.0,0.0,177.0,154.5,0,4,0,2024-08-01,0.0,0.0,0.0,0.0,0
5,0.0,0.0,0.0,0.0,1.0,0,1,1.0,1.0,1.0,1,1,1,1,1,0,0,6,0.0,0.0,177.0,154.5,0,4,0,2024-08-01,0.0,0.0,0.0,0.0,0
6,0.0,0.0,0.0,0.0,1.0,0,1,1.0,1.0,1.0,1,1,1,1,1,0,0,6,0.0,0.0,177.0,154.5,0,4,0,2024-08-01,0.0,0.0,0.0,0.0,0
7,0.0,0.0,0.0,0.0,1.0,0,1,1.0,1.0,1.0,1,1,1,1,1,0,0,6,0.0,0.0,177.0,154.5,0,4,0,2024-08-01,0.0,0.0,0.0,0.0,0
8,0.0,0.0,0.0,0.0,1.0,0,1,1.0,1.0,1.0,1,1,1,1,1,0,0,6,0.0,0.0,177.0,154.5,0,4,0,2024-08-01,0.0,0.0,0.0,0.0,0
9,0.0,0.0,0.0,0.0,1.0,0,1,1.0,1.0,1.0,1,1,1,1,1,0,0,6,0.0,0.0,177.0,154.5,0,4,0,2024-08-01,0.0,0.0,0.0,0.0,0
10,0.0,0.0,0.0,0.0,1.0,0,1,1.0,1.0,0.0,1,1,0,1,1,0,0,6,0.0,0.0,227.0,204.5,0,4,0,2024-08-01,0.0,0.0,0.0,0.0,0
11,0.0,0.0,0.0,0.0,1.0,0,1,1.0,1.0,0.0,1,1,0,1,1,0,0,6,0.0,0.0,248.60000610351562,232.0,0,4,0,2024-08-01,0.0,0.0,0.0,0.0,0
12,0.0,0.0,0.0,0.0,1.0,0,1,1.0,1.0,0.0,1,1,0,1,1,0,0,6,0.0,0.0,226.10000610351562,209.5,0,4,0,2024-08-01,0.0,0.0,0.0,0.0,0
13,0.0,0.0,0.0,0.0,1.0,0,1,1.0,1.0,0.0,1,1,0,1,1,0,0,6,0.0,0.0,265.5,243.0,0,4,0,2024-08-01,0.0,0.0,0.0,0.0,0
14,0.0,0.0,0.0,0.0,1.0,0,1,1.0,1.0,0.0,1,1,0,1,1,0,0,6,0.0,0.0,339.5,343.0,0,4,0,2024-08-01,0.0,0.0,0.0,0.0,0
15,0.0,0.0,0.0,0.0,1.0,0,1,1.0,1.0,0.0,1,1,0,1,1,0,0,6,0.0,0.0,367.0,387.0,0,4,0,2024-08-01,0.0,0.0,0.0,0.0,0
16,0.0,0.0,0.0,0.0,1.0,0,1,1.0,1.0,0.0,1,1,0,1,1,0,0,6,0.0,0.0,386.20001220703125,409.70001220703125,0,4,0,2024-08-01,0.0,0.0,0.0,0.0,0
17,0.0,0.0,0.0,0.0,1.0,0,1,1.0,1.0,0.0,1,1,0,1,1,0,0,6,0.0,0.0,452.20001220703125,475.70001220703125,0,4,0,2024-08-01,0.0,0.0,0.0,0.0,0
18,41.32000045776364,284.00000381469727,303.2000045776367,587.200008392334,1.0,0,1,1.0,1.0,1.0,1,1,1,1,1,0,1,5,0.0,0.0,561.4200370788574,478.2800361633301,1,4,0,2024-08-01,28.400000381469727,30.320000457763673,58.7200008392334,0.0050622443879747925,0
19,36.041425100823,408.2000045776367,408.2000045776367,816.4000091552734,1.0,0,1,1.0,1.0,1.0,1,1,1,1,1,2,4,0,0.0,0.0,572.5723699250417,532.6180597624583,1,4,0,2024-08-01,40.820000457763676,40.820000457763676,81.64000091552735,0.01552287499476726,0
20,31.99227210225591,535.1000061035156,535.1000061035156,1070.2000122070312,1.0,0,1,1.0,1.0,1.0,1,1,1,1,1,0,1,5,0.0,0.0,633.9368521803809,601.0788948899316,1,4,0,2024-08-01,53.51000061035157,53.51000061035157,107.02000122070314,0.004901961207235334,0
21,47.543323060875316,586.0500061035157,601.1000061035156,1187.1500122070313,1.0,0,1,1.0,1.0,1.0,1,1,1,1,1,0,4,2,0.0,0.0,693.1038699358753,658.2404904156872,1,4,0,2024-08-01,58.60500061035157,60.11000061035156,118.71500122070313,0.0033094024592002654,0
22,68.28386863584784,563.4500076293946,578.5000076293945,1141.950015258789,1.0,0,1,1.0,1.0,1.0,1,1,1,1,1,2,4,0,0.0,0.0,680.1393984210041,601.1161557782146,1,4,0,2024-08-01,56.34500076293946,57.85000076293946,114.19500152587892,0.030627151553171247,0
23,-21.492823499714575,250.0,608.700008392334,858.700008392334,1.0,0,1,1.0,1.0,1.0,1,1,1,1,1,0,2,4,0.0,0.0,588.9852038440354,721.6928357067459,1,4,0,2024-08-01,25.0,60.8700008392334,85.8700008392334,0.00231654403879967,0
24,65.82000083923339,658.200008392334,658.200008392334,1316.400016784668,1.0,0,1,1.0,1.0,1.0,1,1,1,1,1,3,3,0,0.0,0.03618960303983735,660.5998470306397,634.3800113677978,1,4,0,2024-08-01,65.8200008392334,65.8200008392334,131.6400016784668,0.011437909623664085,0
25,37.2858175377095,735.700008392334,735.700008392334,1471.400016784668,1.0,0,1,1.0,1.0,1.0,1,1,1,1,1,1,5,0,0.02473289379293741,0.0,717.5040182213032,737.114206876353,1,4,0,2024-08-01,73.5700008392334,73.5700008392334,147.1400016784668,0.036764705590634654,0
26,83.57000083923327,835.700008392334,835.700008392334,1671.400016784668,1.0,0,1,1.0,1.0,1.0,1,1,1,1,1,3,3,0,0.020909638176036676,0.11747042318987516,818.2258235931395,737.5299747467043,1,4,0,2024-08-01,83.5700008392334,83.5700008392334,167.1400016784668,0.030228759546049297,0
27,0.0,0.0,0.0,0.0,1.0,0,1,1.0,1.0,0.0,1,1,0,1,1,0,0,6,0.0,0.0,839.1663208007812,917.199951171875,0,4,0,2024-08-01,0.0,0.0,0.0,0.0,0
28,104.83000126491089,0.0,1048.3000104624905,1048.3000104624905,1.0,0,1,1.0,1.0,1.0,1,1,1,1,1,0,0,6,0.0,0.1008586361999607,1074.1963342727233,942.5699010788392,1,4,0,2024-08-01,0.0,104.83000104624905,104.83000104624905,5.40058944082381e-10,0
29,151.23721568931654,1048.3000106811523,1048.3000106811523,2096.6000213623047,1.0,0,1,1.0,1.0,1.0,1,1,1,1,1,6,0,0,0.0,0.09914849928057208,1181.3150965486916,944.3626378263084,1,4,0,2024-08-01,104.83000106811524,104.83000106811524,209.66000213623047,1.2184254943422121e-09,0
30,164.24384023877218,1064.4333432515461,1067.600009918213,2132.033353169759,1.0,0,1,1.0,1.0,1.0,1,1,1,1,1,6,0,0,0.0,0.1755750712550058,1189.9655199262722,880.1560621049778,1,4,0,2024-08-01,106.44333432515462,106.7600009918213,213.20333531697588,2.2464720930831933e-09,0
31,186.50143905794783,1111.600009918213,1111.5999832424695,2223.1999931606824,1.0,0,1,1.0,1.0,1.0,1,1,1,1,1,6,0,0,0.0,0.2114082855857869,1203.938939057948,876.5985365279896,1,4,0,2024-08-01,111.16000099182129,111.15999832424696,222.31999931606825,2.1283627087331176e-09,0
32,225.5816375585725,1119.9000091552734,1119.9000091552734,2239.800018310547,1.0,0,1,1.0,1.0,1.0,1,1,1,1,1,6,0,0,0.0,0.3399246859619375,1144.8103362890413,739.2183502343962,1,4,0,2024-08-01,111.99000091552735,111.99000091552735,223.9800018310547,1.3559639744317964e-09,0
33,110.34000089407598,0.0,1103.4000091552734,1103.4000091552734,1.0,0,1,1.0,1.0,1.0,1,1,1,1,1,0,6,0,0.0,0.19099143308466046,1094.7323959136072,892.6600601410803,1,4,0,2024-08-01,0.0,110.34000091552736,110.34000091552736,2.7852176419155454e-09,0
34,160.07000160217277,0.0,1078.700008392334,1078.700008392334,1.0,0,1,1.0,1.0,1.0,1,1,1,1,1,0,6,0,0.0,0.24097501320264686,1113.728509902954,818.760259628296,1,4,0,2024-08-01,0.0,107.8700008392334,107.8700008392334,5.304575821993934e-09,0
35,281.85319635310356,951.700008392334,951.700008392334,1903.400016784668,1.0,0,1,1.0,1.0,1.0,1,1,1,1,1,0,6,0,0.0,0.259128816805248,1246.474412173416,705.0871112640839,1,4,0,2024-08-01,95.17000083923341,95.17000083923341,190.34000167846682,7.405755526900996e-09,0
36,230.88600345563984,944.1000061035156,813.793337123128,1757.8933432266435,1.0,0,1,1.0,1.0,1.0,1,1,1,1,1,6,0,0,0.0,0.0,1343.9631518931399,888.0140209584226,1,4,0,2024-08-01,94.41000061035157,81.37933371231281,175.78933432266436,1.0630484393220056e-09,0
37,131.58000068664532,1040.800006866455,1040.800006866455,2081.60001373291,1.0,0,1,1.0,1.0,1.0,1,1,1,1,1,0,6,0,0.0,0.09625281864911345,1209.5102985382077,940.6200725555422,1,4,0,2024-08-01,104.08000068664552,104.08000068664552,208.16000137329104,5.497739045545669e-10,0
38,593.2219898482723,1010.700008392334,463.86446504895736,1474.5644734412913,1.0,0,1,1.0,1.0,1.0,1,1,1,1,1,6,0,0,0.0,0.0,1673.1124927779597,471.9325511673527,1,4,0,2024-08-01,101.0700008392334,46.38644650489574,147.45644734412915,3.380653162914195e-09,0
39,158.12000236511233,0.0,922.200008392334,922.200008392334,1.0,0,1,1.0,1.0,1.0,1,1,1,1,1,6,0,0,0.0,0.03938409285070684,1233.9874340057372,885.8799976348877,1,4,0,2024-08-01,0.0,92.2200008392334,92.2200008392334,7.859384907250364e-09,0
40,927.0600036621094,891.4000091552734,0.0,891.4000091552734,1.0,0,1,1.0,1.0,1.0,1,1,1,1,1,6,0,0,0.0,0.0,1911.159979248047,0.0,1,4,0,2024-08-01,89.14000091552735,0.0,89.14000091552735,6.847111890930503e-09,0
41,95.18232365231643,855.7133344014485,864.5000038146973,1720.2133382161458,1.0,0,1,1.0,1.0,1.0,1,1,1,1,1,0,6,0,0.0,0.251996985411838,1029.782299238254,646.6486089648711,1,4,0,2024-08-01,85.57133344014485,86.45000038146974,172.02133382161458,2.103338757601217e-09,0
42,78.70000038146975,787.0000038146973,787.0000038146973,1574.0000076293945,1.0,0,1,1.0,1.0,1.0,1,1,1,1,1,6,0,0,0.0,0.12709837322357076,1040.7999759674071,686.9735836029053,1,4,0,2024-08-01,78.70000038146974,78.70000038146974,157.40000076293947,2.181211909249391e-09,0
43,73.2000003814697,732.0000038146973,732.0000038146973,1464.0000076293945,1.0,0,1,1.0,1.0,1.0,1,1,1,1,1,6,0,0,0.0,0.08625108590542381,1005.1000247955322,668.8642086029053,1,4,0,2024-08-01,73.20000038146974,73.20000038146974,146.40000076293947,2.345100752237435e-09,0
44,73.52135589548948,577.0000038146973,559.4207199102309,1136.4207237249282,1.0,0,1,1.0,1.0,1.0,1,1,1,1,1,6,0,0,0.0,0.0,931.121331481427,588.6727359013855,1,4,0,2024-08-01,57.70000038146973,55.94207199102309,113.64207237249282,1.0737189877765916e-09,0
45,70.30000114440918,511.00000381469727,511.00000381469727,1022.0000076293945,1.0,0,1,1.0,1.0,1.0,1,1,1,1,1,0,6,0,0.0,0.007265008771377468,845.3999767303467,507.28758430480957,1,4,0,2024-08-01,51.10000038146973,51.10000038146973,102.20000076293945,1.866290233438195e-09,0
46,62.596194997098124,472.50000381469727,472.50000381469727,945.0000076293945,1.0,0,1,1.0,1.0,1.0,1,1,1,1,1,0,0,6,0.0,0.0,787.6961705830356,484.65337775680814,1,4,0,2024-08-01,47.25000038146973,47.25000038146973,94.50000076293946,2.3687739691227587e-10,0
47,48.41000061035155,484.1000061035156,484.1000061035156,968.2000122070312,1.0,0,1,1.0,1.0,1.0,1,1,1,1,1,0,0,6,0.0,0.2692373360405155,635.1100128173828,353.7622100830078,1,4,0,2024-08-01,48.41000061035157,48.41000061035157,96.82000122070313,7.879977624026941e-10,0
0,0.0,0.0,0.0,0.0,1.0,0,1,1.0,1.0,1.0,1,1,1,1,1,0,0,6,0.0,0.0,299.0,311.20001220703125,0,4,1,2024-08-01,0.0,0.0,0.0,0.0,0
1,0.0,0.0,0.0,0.0,1.0,0,1,1.0,1.0,0.8333333333333334,1,1,0,1,1,0,0,6,0.0,0.0,299.0,311.20001220703125,0,4,1,2024-08-01,0.0,0.0,0.0,0.0,0
2,0.0,0.0,0.0,0.0,1.0,0,1,1.0,1.0,0.6666666666666666,1,1,0,1,1,0,0,6,0.0,0.0,250.1999969482422,250.1999969482422,0,4,1,2024-08-01,0.0,0.0,0.0,0.0,0
3,0.0,0.0,0.0,0.0,1.0,0,1,1.0,1.0,1.0,1,1,1,1,1,0,0,6,0.0,0.0,250.1999969482422,250.1999969482422,0,4,1,2024-08-01,0.0,0.0,0.0,0.0,0
4,0.0,0.0,0.0,0.0,1.0,0,1,1.0,1.0,0.0,1,1,0,1,1,0,0,6,0.0,0.0,250.1999969482422,250.1999969482422,0,4,1,2024-08-01,0.0,0.0,0.0,0.0,0
5,0.0,0.0,0.0,0.0,1.0,0,1,1.0,1.0,0.0,1,1,0,1,1,0,0,6,0.0,0.0,222.6999969482422,222.6999969482422,0,4,1,2024-08-01,0.0,0.0,0.0,0.0,0
6,0.0,0.0,0.0,0.0,1.0,0,1,1.0,1.0,0.0,1,1,0,1,1,0,0,6,0.0,0.0,167.6999969482422,167.6999969482422,0,4,1,2024-08-01,0.0,0.0,0.0,0.0,0
7,0.0,0.0,0.0,0.0,1.0,0,1,1.0,1.0,0.0,1,1,0,1,1,0,0,6,0.0,0.0,140.1999969482422,140.1999969482422,0,4,1,2024-08-01,0.0,0.0,0.0,0.0,0
8,0.0,0.0,0.0,0.0,1.0,0,1,1.0,1.0,0.0,1,1,0,1,1,0,0,6,0.0,0.0,140.1999969482422,140.1999969482422,0,4,1,2024-08-01,0.0,0.0,0.0,0.0,0
9,0.0,0.0,0.0,0.0,1.0,0,1,1.0,1.0,0.0,1,1,0,1,1,0,0,6,0.0,0.0,140.1999969482422,140.1999969482422,0,4,1,2024-08-01,0.0,0.0,0.0,0.0,0
10,0.0,0.0,0.0,0.0,1.0,0,1,1.0,1.0,0.5,1,1,0,1,1,0,0,6,0.0,0.0,120.69999694824219,124.19999694824219,0,4,1,2024-08-01,0.0,0.0,0.0,0.0,0
11,0.0,0.0,0.0,0.0,1.0,0,1,1.0,1.0,0.3333333333333333,1,1,0,1,1,0,0,6,0.0,0.0,120.69999694824219,124.19999694824219,0,4,1,2024-08-01,0.0,0.0,0.0,0.0,0
12,0.0,0.0,0.0,0.0,1.0,0,1,1.0,1.0,0.0,1,1,0,1,1,0,0,6,0.0,0.0,120.69999694824219,124.19999694824219,0,4,1,2024-08-01,0.0,0.0,0.0,0.0,0
13,0.0,0.0,0.0,0.0,1.0,0,1,1.0,1.0,0.8333333333333334,1,1,0,1,1,0,0,6,0.0,0.0,151.5,155.0,0,4,1,2024-08-01,0.0,0.0,0.0,0.0,0
14,0.0,0.0,0.0,0.0,1.0,0,1,1.0,1.0,1.0,1,1,1,1,1,0,0,6,0.0,0.0,245.0,248.5,0,4,1,2024-08-01,0.0,0.0,0.0,0.0,0
15,0.0,0.0,0.0,0.0,1.0,0,1,1.0,1.0,0.0,1,1,0,1,1,0,0,6,0.0,0.0,264.20001220703125,267.70001220703125,0,4,1,2024-08-01,0.0,0.0,0.0,0.0,0
16,0.0,0.0,0.0,0.0,1.0,0,1,1.0,1.0,0.0,1,1,0,1,1,0,0,6,0.0,0.0,349.60003662109375,367.10003662109375,0,4,1,2024-08-01,0.0,0.0,0.0,0.0,0
17,0.0,0.0,0.0,0.0,1.0,0,1,1.0,1.0,0.0,1,1,0,1,1,0,0,6,0.0,0.0,360.60003662109375,378.10003662109375,0,4,1,2024-08-01,0.0,0.0,0.0,0.0,0
18,41.32000045776364,284.00000381469727,303.2000045776367,587.200008392334,1.0,0,1,1.0,1.0,1.0,1,1,1,1,1,0,1,5,0.0,0.0,441.706810760498,377.98001785278325,1,4,1,2024-08-01,28.400000381469727,30.320000457763673,58.7200008392334,0.0050622443879747925,0
19,36.041425100823,408.2000045776367,408.2000045776367,816.4000091552734,1.0,0,1,1.0,1.0,1.0,1,1,1,1,1,2,4,0,0.0,0.014065236683180255,448.5037969269949,402.458574899177,1,4,1,2024-08-01,40.820000457763676,40.820000457763676,81.64000091552735,0.01552287499476726,0
20,31.99227210225591,535.1000061035156,535.1000061035156,1070.2000122070312,1.0,0,1,1.0,1.0,1.0,1,1,1,1,1,0,1,5,0.10176082190625291,0.08445582939896809,480.6477896803809,489.9076912766503,1,4,1,2024-08-01,53.51000061035157,53.51000061035157,107.02000122070314,0.004901961207235334,0
21,47.543323060875316,586.0500061035157,601.1000061035156,1187.1500122070313,1.0,0,1,1.0,1.0,1.0,1,1,1,1,1,0,4,2,0.14084858008155784,0.18889261757701611,503.5056948870472,487.5566525250622,1,4,1,2024-08-01,58.60500061035157,60.11000061035156,118.71500122070313,0.0033094024592002654,0
22,68.28386863584784,563.4500076293946,578.5000076293945,1141.950015258789,1.0,0,1,1.0,1.0,1.0,1,1,1,1,1,2,4,0,0.04534984313835279,0.11233169855704545,537.8976381670979,513.5161191571209,1,4,1,2024-08-01,56.34500076293946,57.85000076293946,114.19500152587892,0.030627151553171247,0
23,-21.492823499714575,250.0,608.700008392334,858.700008392334,1.0,0,1,1.0,1.0,1.0,1,1,1,1,1,0,2,4,0.0,0.04141150738472179,427.9928332385667,583.4928234997146,1,4,1,2024-08-01,25.0,60.8700008392334,85.8700008392334,0.00231654403879967,0
24,65.82000083923339,658.200008392334,658.200008392334,1316.400016784668,1.0,0,1,1.0,1.0,1.0,1,1,1,1,1,3,3,0,0.18455735049236913,0.18766333585024922,536.7243587493897,534.6799991607666,1,4,1,2024-08-01,65.8200008392334,65.8200008392334,131.6400016784668,0.011437909623664085,0
25,37.2858175377095,735.700008392334,735.700008392334,1471.400016784668,1.0,0,1,1.0,1.0,1.0,1,1,1,1,1,1,5,0,0.25409146834745094,0.16635284479116635,548.7649129966939,613.3142190833843,1,4,1,2024-08-01,73.5700008392334,73.5700008392334,147.1400016784668,0.036764705590634654,0
26,83.57000083923327,835.700008392334,835.700008392334,1671.400016784668,1.0,0,1,1.0,1.0,1.0,1,1,1,1,1,3,3,0,0.18797645092502047,0.27290885927849395,678.6080867767332,607.6300724029543,1,4,1,2024-08-01,83.5700008392334,83.5700008392334,167.1400016784668,0.030228759546049297,0
27,0.0,0.0,0.0,0.0,1.0,0,1,1.0,1.0,0.16666666666666666,1,1,0,1,1,0,0,6,0.0,0.0,693.3963623046875,757.0999755859375,0,4,1,2024-08-01,0.0,0.0,0.0,0.0,0
28,104.83000126491089,0.0,1048.3000104624905,1048.3000104624905,1.0,0,1,1.0,1.0,1.0,1,1,1,1,1,0,0,6,0.0,0.2274444893407331,955.8263391555358,809.8699499069642,1,4,1,2024-08-01,0.0,104.83000104624905,104.83000104624905,5.40058944082381e-10,0
29,151.23721568931654,1048.3000106811523,1048.3000106811523,2096.6000213623047,1.0,0,1,1.0,1.0,1.0,1,1,1,1,1,6,0,0,0.0,0.2245895720553811,1059.1383997713478,812.8627598966209,1,4,1,2024-08-01,104.83000106811524,104.83000106811524,209.66000213623047,1.2184254943422121e-09,0
30,164.24384023877218,1064.4333432515461,1067.600009918213,2132.033353169759,1.0,0,1,1.0,1.0,1.0,1,1,1,1,1,6,0,0,0.0,0.22503172755632733,1114.4559984418972,827.3561353471653,1,4,1,2024-08-01,106.44333432515462,106.7600009918213,213.20333531697588,2.2464720930831933e-09,0
31,186.50143905794783,1111.600009918213,1111.5999832424695,2223.1999931606824,1.0,0,1,1.0,1.0,1.0,1,1,1,1,1,6,0,0,0.0,0.2959710792319398,1122.593724214198,782.5985365279896,1,4,1,2024-08-01,111.16000099182129,111.15999832424696,222.31999931606825,2.1283627087331176e-09,0
32,225.5816375585725,1119.9000091552734,1119.9000091552734,2239.800018310547,1.0,0,1,1.0,1.0,1.0,1,1,1,1,1,6,0,0,0.0,0.3630518269901395,1137.6009246679475,713.3182647851775,1,4,1,2024-08-01,111.99000091552735,111.99000091552735,223.9800018310547,1.3559639744317964e-09,0
33,110.34000089407598,0.0,1103.4000091552734,1103.4000091552734,1.0,0,1,1.0,1.0,1.0,1,1,1,1,1,0,6,0,0.0,0.2694762046432072,1002.8120467925135,806.0599624848303,1,4,1,2024-08-01,0.0,110.34000091552736,110.34000091552736,2.7852176419155454e-09,0
34,160.07000160217277,0.0,1078.700008392334,1078.700008392334,1.0,0,1,1.0,1.0,1.0,1,1,1,1,1,0,6,0,0.0,0.34214331595076897,1006.4871768951415,709.6300106048585,1,4,1,2024-08-01,0.0,107.8700008392334,107.8700008392334,5.304575821993934e-09,0
35,281.85319635310356,951.700008392334,951.700008392334,1903.400016784668,1.0,0,1,1.0,1.0,1.0,1,1,1,1,1,0,6,0,0.0,0.3304121323805518,1178.599168032791,637.2467792328339,1,4,1,2024-08-01,95.17000083923341,95.17000083923341,190.34000167846682,7.405755526900996e-09,0
36,230.88600345563984,944.1000061035156,813.793337123128,1757.8933432266435,1.0,0,1,1.0,1.0,1.0,1,1,1,1,1,6,0,0,0.0,0.1643897904566702,1125.7956714243899,680.0140209584226,1,4,1,2024-08-01,94.41000061035157,81.37933371231281,175.78933432266436,1.0630484393220056e-09,0
37,131.58000068664532,1040.800006866455,1040.800006866455,2081.60001373291,1.0,0,1,1.0,1.0,1.0,1,1,1,1,1,0,6,0,0.0,0.22211759590786767,1048.6169879913327,809.6200115203859,1,4,1,2024-08-01,104.08000068664552,104.08000068664552,208.16000137329104,5.497739045545669e-10,0
38,593.2219898482723,1010.700008392334,463.86446504895736,1474.5644734412913,1.0,0,1,1.0,1.0,1.0,1,1,1,1,1,6,0,0,0.0,0.1892501208512264,1541.2811939498347,376.0780589798527,1,4,1,2024-08-01,101.0700008392334,46.38644650489574,147.45644734412915,3.380653162914195e-09,0
39,158.12000236511233,0.0,922.200008392334,922.200008392334,1.0,0,1,1.0,1.0,1.0,1,1,1,1,1,6,0,0,0.0,0.18733259546394612,1045.1792064666747,749.4418872833252,1,4,1,2024-08-01,0.0,92.2200008392334,92.2200008392334,7.859384907250364e-09,0
40,927.0600036621094,891.4000091552734,0.0,891.4000091552734,1.0,0,1,1.0,1.0,1.0,1,1,1,1,1,6,0,0,0.0,0.0,1814.119207763672,0.0,1,4,1,2024-08-01,89.14000091552735,0.0,89.14000091552735,6.847111890930503e-09,0
41,95.18232365231643,855.7133344014485,864.5000038146973,1720.2133382161458,1.0,0,1,1.0,1.0,1.0,1,1,1,1,1,0,6,0,0.0,0.31163366323211467,967.6823236523164,595.0927007617461,1,4,1,2024-08-01,85.57133344014485,86.45000038146974,172.02133382161458,2.103338757601217e-09,0
42,78.70000038146975,787.0000038146973,787.0000038146973,1574.0000076293945,1.0,0,1,1.0,1.0,1.0,1,1,1,1,1,6,0,0,0.0,0.3066389846964671,885.3000370025635,545.6751216888428,1,4,1,2024-08-01,78.70000038146974,78.70000038146974,157.40000076293947,2.181211909249391e-09,0
43,73.2000003814697,732.0000038146973,732.0000038146973,1464.0000076293945,1.0,0,1,1.0,1.0,1.0,1,1,1,1,1,6,0,0,0.0,0.2892013175151319,835.3000370025635,520.3046382904053,1,4,1,2024-08-01,73.20000038146974,73.20000038146974,146.40000076293947,2.345100752237435e-09,0
44,73.52135589548948,577.0000038146973,559.4207199102309,1136.4207237249282,1.0,0,1,1.0,1.0,1.0,1,1,1,1,1,6,0,0,0.0,0.11788666027079621,805.421380309552,493.4724795537293,1,4,1,2024-08-01,57.70000038146973,55.94207199102309,113.64207237249282,1.0737189877765916e-09,0
45,70.30000114440918,511.00000381469727,511.00000381469727,1022.0000076293945,1.0,0,1,1.0,1.0,1.0,1,1,1,1,1,0,6,0,0.0,0.0,785.6000499725342,527.4686145782471,1,4,1,2024-08-01,51.10000038146973,51.10000038146973,102.20000076293945,1.866290233438195e-09,0
46,62.596194997098124,472.50000381469727,472.50000381469727,945.0000076293945,1.0,0,1,1.0,1.0,1.0,1,1,1,1,1,0,0,6,0.0,0.03397560650330946,642.7962072041294,456.4465296122769,1,4,1,2024-08-01,47.25000038146973,47.25000038146973,94.50000076293946,2.3687739691227587e-10,0
47,48.41000061035155,484.1000061035156,484.1000061035156,968.2000122070312,1.0,0,1,1.0,1.0,1.0,1,1,1,1,1,0,0,6,0.0,0.18879379541900965,554.4100006103515,392.7049285888672,1,4,1,2024-08-01,48.41000061035157,48.41000061035157,96.82000122070313,7.879977624026941e-10,0
0,0.0,0.0,0.0,0.0,1.0,0,1,1.0,1.0,1.0,1,1,1,1,1,0,0,6,0.0,0.0,327.5,327.5,0,4,2,2024-08-01,0.0,0.0,0.0,0.0,0
1,0.0,0.0,0.0,0.0,1.0,0,1,1.0,1.0,1.0,1,1,1,1,1,0,0,6,0.0,0.0,327.5,327.5,0,4,2,2024-08-01,0.0,0.0,0.0,0.0,0
2,0.0,0.0,0.0,0.0,1.0,0,1,1.0,1.0,1.0,1,1,1,1,1,0,0,6,0.0,0.0,355.0,355.0,0,4,2,2024-08-01,0.0,0.0,0.0,0.0,0
3,0.0,0.0,0.0,0.0,1.0,0,1,1.0,1.0,0.8333333333333334,1,1,0,1,1,0,0,6,0.0,0.0,393.5,393.5,0,4,2,2024-08-01,0.0,0.0,0.0,0.0,0
4,0.0,0.0,0.0,0.0,1.0,0,1,1.0,1.0,0.0,1,1,0,1,1,0,0,6,0.0,0.0,393.5,393.5,0,4,2,2024-08-01,0.0,0.0,0.0,0.0,0
5,0.0,0.0,0.0,0.0,1.0,0,1,1.0,1.0,0.0,1,1,0,1,1,0,0,6,0.0,0.0,393.5,393.5,0,4,2,2024-08-01,0.0,0.0,0.0,0.0,0
6,0.0,0.0,0.0,0.0,1.0,0,1,1.0,1.0,0.0,1,1,0,1,1,0,0,6,0.0,0.0,393.5,393.5,0,4,2,2024-08-01,0.0,0.0,0.0,0.0,0
7,0.0,0.0,0.0,0.0,1.0,0,1,1.0,1.0,0.0,1,1,0,1,1,0,0,6,0.0,0.0,393.5,393.5,0,4,2,2024-08-01,0.0,0.0,0.0,0.0,0
8,0.0,0.0,0.0,0.0,1.0,0,1,1.0,1.0,0.0,1,1,0,1,1,0,0,6,0.0,0.0,335.79998779296875,335.79998779296875,0,4,2,2024-08-01,0.0,0.0,0.0,0.0,0
9,0.0,0.0,0.0,0.0,1.0,0,1,1.0,1.0,0.0,1,1,0,1,1,0,0,6,0.0,0.0,335.79998779296875,335.79998779296875,0,4,2,2024-08-01,0.0,0.0,0.0,0.0,0
10,0.0,0.0,0.0,0.0,1.0,0,1,1.0,1.0,0.0,1,1,0,1,1,0,0,6,0.0,0.0,335.79998779296875,335.79998779296875,0,4,2,2024-08-01,0.0,0.0,0.0,0.0,0
11,0.0,0.0,0.0,0.0,1.0,0,1,1.0,1.0,0.0,1,1,0,1,1,0,0,6,0.0,0.0,355.0,355.0,0,4,2,2024-08-01,0.0,0.0,0.0,0.0,0
12,0.0,0.0,0.0,0.0,1.0,0,1,1.0,1.0,0.0,1,1,0,1,1,0,0,6,0.0,0.0,382.5,382.5,0,4,2,2024-08-01,0.0,0.0,0.0,0.0,0
13,0.0,0.0,0.0,0.0,1.0,0,1,1.0,1.0,0.0,1,1,0,1,1,0,0,6,0.0,0.0,394.5,410.0,0,4,2,2024-08-01,0.0,0.0,0.0,0.0,0
14,0.0,0.0,0.0,0.0,1.0,0,1,1.0,1.0,0.0,1,1,0,1,1,0,0,6,0.0,0.0,523.7000122070312,539.2000122070312,0,4,2,2024-08-01,0.0,0.0,0.0,0.0,0
15,0.0,0.0,0.0,0.0,1.0,0,1,1.0,1.0,0.0,1,1,0,1,1,0,0,6,0.0,0.0,531.9000244140625,547.4000244140625,0,4,2,2024-08-01,0.0,0.0,0.0,0.0,0
16,0.0,0.0,0.0,0.0,1.0,0,1,1.0,1.0,0.0,1,1,0,1,1,0,0,6,0.0,0.0,586.9000244140625,605.0999755859375,0,4,2,2024-08-01,0.0,0.0,0.0,0.0,0
17,0.0,0.0,0.0,0.0,1.0,0,1,1.0,1.0,0.0,1,1,0,1,1,0,0,6,0.0,0.0,673.5,701.2000122070312,0,4,2,2024-08-01,0.0,0.0,0.0,0.0,0
18,41.32000045776364,284.00000381469727,303.2000045776367,587.200008392334,1.0,0,1,1.0,1.0,1.0,1,1,1,1,1,0,1,5,0.0,0.0,760.7206352233886,707.1800605773926,1,4,2,2024-08-01,28.400000381469727,30.320000457763673,58.7200008392334,0.0050622443879747925,0
19,36.041425100823,408.2000045776367,408.2000045776367,816.4000091552734,1.0,0,1,1.0,1.0,1.0,1,1,1,1,1,2,4,0,0.0,0.0,746.2919744172292,728.458574899177,1,4,2,2024-08-01,40.820000457763676,40.820000457763676,81.64000091552735,0.01552287499476726,0
20,31.99227210225591,535.1000061035156,535.1000061035156,1070.2000122070312,1.0,0,1,1.0,1.0,1.0,1,1,1,1,1,0,1,5,0.0,0.0,792.1695181960059,782.5077278977441,1,4,2,2024-08-01,53.51000061035157,53.51000061035157,107.02000122070314,0.004901961207235334,0
21,47.543323060875316,586.0500061035157,601.1000061035156,1187.1500122070313,1.0,0,1,1.0,1.0,1.0,1,1,1,1,1,0,4,2,0.0,0.0,837.4751467913441,803.1567501813122,1,4,2,2024-08-01,58.60500061035157,60.11000061035156,118.71500122070313,0.0033094024592002654,0
22,68.28386863584784,563.4500076293946,578.5000076293945,1141.950015258789,1.0,0,1,1.0,1.0,1.0,1,1,1,1,1,2,4,0,0.0,0.0,816.8302553545979,735.7161313641521,1,4,2,2024-08-01,56.34500076293946,57.85000076293946,114.19500152587892,0.030627151553171247,0
23,-21.492823499714575,250.0,608.700008392334,858.700008392334,1.0,0,1,1.0,1.0,1.0,1,1,1,1,1,0,2,4,0.0,0.0,786.2737780627854,880.4928234997146,1,4,2,2024-08-01,25.0,60.8700008392334,85.8700008392334,0.00231654403879967,0
24,65.82000083923339,658.200008392334,658.200008392334,1316.400016784668,1.0,0,1,1.0,1.0,1.0,1,1,1,1,1,3,3,0,0.0,0.0,869.6249324798584,820.6799991607666,1,4,2,2024-08-01,65.8200008392334,65.8200008392334,131.6400016784668,0.011437909623664085,0
25,37.2858175377095,735.700008392334,735.700008392334,1471.400016784668,1.0,0,1,1.0,1.0,1.0,1,1,1,1,1,1,5,0,0.0,0.0,834.896291170522,863.0142312904155,1,4,2,2024-08-01,73.5700008392334,73.5700008392334,147.1400016784668,0.036764705590634654,0
26,83.57000083923327,835.700008392334,835.700008392334,1671.400016784668,1.0,0,1,1.0,1.0,1.0,1,1,1,1,1,3,3,0,0.0,0.0,1008.1271297454832,966.1300724029543,1,4,2,2024-08-01,83.5700008392334,83.5700008392334,167.1400016784668,0.030228759546049297,0
27,0.0,0.0,0.0,0.0,1.0,0,1,1.0,1.0,0.3333333333333333,1,1,0,1,1,0,0,6,0.0,0.0,938.861572265625,1055.2000732421875,0,4,2,2024-08-01,0.0,0.0,0.0,0.0,0
28,104.83000126491089,0.0,1048.3000104624905,1048.3000104624905,1.0,0,1,1.0,1.0,1.0,1,1,1,1,1,0,0,6,0.0,0.0934178551062009,1043.6915735305358,950.3700719772767,1,4,2,2024-08-01,0.0,104.83000104624905,104.83000104624905,5.40058944082381e-10,0
29,151.23721568931654,1048.3000106811523,1048.3000106811523,2096.6000213623047,1.0,0,1,1.0,1.0,1.0,1,1,1,1,1,6,0,0,0.0,0.05898814706527956,1175.540072134629,986.4627354825584,1,4,2,2024-08-01,104.83000106811524,104.83000106811524,209.66000213623047,1.2184254943422121e-09,0
30,164.24384023877218,1064.4333432515461,1067.600009918213,2132.033353169759,1.0,0,1,1.0,1.0,1.0,1,1,1,1,1,6,0,0,0.0,0.015590013891424738,1275.6229906293972,1050.9561109331028,1,4,2,2024-08-01,106.44333432515462,106.7600009918213,213.20333531697588,2.2464720930831933e-09,0
31,186.50143905794783,1111.600009918213,1111.5999832424695,2223.1999931606824,1.0,0,1,1.0,1.0,1.0,1,1,1,1,1,6,0,0,0.0,0.17893259637190614,1229.4898423782604,912.6985121139271,1,4,2,2024-08-01,111.16000099182129,111.15999832424696,222.31999931606825,2.1283627087331176e-09,0
32,225.5816375585725,1119.9000091552734,1119.9000091552734,2239.800018310547,1.0,0,1,1.0,1.0,1.0,1,1,1,1,1,6,0,0,0.0,0.22250354310112752,1275.9476043554475,870.71828919924,1,4,2,2024-08-01,111.99000091552735,111.99000091552735,223.9800018310547,1.3559639744317964e-09,0
33,110.34000089407598,0.0,1103.4000091552734,1103.4000091552734,1.0,0,1,1.0,1.0,1.0,1,1,1,1,1,0,6,0,0.0,0.10145013808476812,1172.4380233550135,991.4599258637365,1,4,2,2024-08-01,0.0,110.34000091552736,110.34000091552736,2.7852176419155454e-09,0
34,160.07000160217277,0.0,1078.700008392334,1078.700008392334,1.0,0,1,1.0,1.0,1.0,1,1,1,1,1,0,6,0,0.0,0.29059981437167637,1042.0327701568604,765.229986190796,1,4,2,2024-08-01,0.0,107.8700008392334,107.8700008392334,5.304575821993934e-09,0
35,281.85319635310356,951.700008392334,951.700008392334,1903.400016784668,1.0,0,1,1.0,1.0,1.0,1,1,1,1,1,0,6,0,0.0,0.32389746163099,1165.0350811187286,643.4467914398651,1,4,2,2024-08-01,95.17000083923341,95.17000083923341,190.34000167846682,7.405755526900996e-09,0
36,230.88600345563984,944.1000061035156,813.793337123128,1757.8933432266435,1.0,0,1,1.0,1.0,1.0,1,1,1,1,1,6,0,0,0.0,0.12382627950670068,1150.1548022837649,713.0243358998289,1,4,2,2024-08-01,94.41000061035157,81.37933371231281,175.78933432266436,1.0630484393220056e-09,0
37,131.58000068664532,1040.800006866455,1040.800006866455,2081.60001373291,1.0,0,1,1.0,1.0,1.0,1,1,1,1,1,0,6,0,0.0,0.22182127515220226,1044.0343463897702,809.9284221649172,1,4,2,2024-08-01,104.08000068664552,104.08000068664552,208.16000137329104,5.497739045545669e-10,0
38,593.2219898482723,1010.700008392334,463.86446504895736,1474.5644734412913,1.0,0,1,1.0,1.0,1.0,1,1,1,1,1,6,0,0,0.0,0.33773651863833215,1505.810063578741,307.2004955032902,1,4,2,2024-08-01,101.0700008392334,46.38644650489574,147.45644734412915,3.380653162914195e-09,0
39,158.12000236511233,0.0,922.200008392334,922.200008392334,1.0,0,1,1.0,1.0,1.0,1,1,1,1,1,6,0,0,0.0,0.1960592593318169,1082.208076095581,741.3941577911377,1,4,2,2024-08-01,0.0,92.2200008392334,92.2200008392334,7.859384907250364e-09,0
40,927.0600036621094,891.4000091552734,0.0,891.4000091552734,1.0,0,1,1.0,1.0,1.0,1,1,1,1,1,6,0,0,0.0,0.0,1905.8960021972657,0.0,1,4,2,2024-08-01,89.14000091552735,0.0,89.14000091552735,6.847111890930503e-09,0
41,95.18232365231643,855.7133344014485,864.5000038146973,1720.2133382161458,1.0,0,1,1.0,1.0,1.0,1,1,1,1,1,0,6,0,0.0,0.19554797363265747,1067.6823846874727,695.4487798633086,1,4,2,2024-08-01,85.57133344014485,86.45000038146974,172.02133382161458,2.103338757601217e-09,0
42,78.70000038146975,787.0000038146973,787.0000038146973,1574.0000076293945,1.0,0,1,1.0,1.0,1.0,1,1,1,1,1,6,0,0,0.0,0.08305099960845311,1051.2000614166259,721.6388668060303,1,4,2,2024-08-01,78.70000038146974,78.70000038146974,157.40000076293947,2.181211909249391e-09,0
43,73.2000003814697,732.0000038146973,732.0000038146973,1464.0000076293945,1.0,0,1,1.0,1.0,1.0,1,1,1,1,1,6,0,0,0.0,0.21423238580092768,896.8000370025635,575.1818965911865,1,4,2,2024-08-01,73.20000038146974,73.20000038146974,146.40000076293947,2.345100752237435e-09,0
44,73.52135589548948,577.0000038146973,559.4207199102309,1136.4207237249282,1.0,0,1,1.0,1.0,1.0,1,1,1,1,1,6,0,0,0.0,0.0,897.1213925165832,573.2280947881043,1,4,2,2024-08-01,57.70000038146973,55.94207199102309,113.64207237249282,1.0737189877765916e-09,0
45,70.30000114440918,511.00000381469727,511.00000381469727,1022.0000076293945,1.0,0,1,1.0,1.0,1.0,1,1,1,1,1,0,6,0,0.0,0.0,921.4000377655029,639.9780750274658,1,4,2,2024-08-01,51.10000038146973,51.10000038146973,102.20000076293945,1.866290233438195e-09,0
46,62.596194997098124,472.50000381469727,472.50000381469727,945.0000076293945,1.0,0,1,1.0,1.0,1.0,1,1,1,1,1,0,0,6,0.0,0.0,783.4962194111606,557.1131555888394,1,4,2,2024-08-01,47.25000038146973,47.25000038146973,94.50000076293946,2.3687739691227587e-10,0
47,48.41000061035155,484.1000061035156,484.1000061035156,968.2000122070312,1.0,0,1,1.0,1.0,1.0,1,1,1,1,1,0,0,6,0.0,0.0,733.509976196289,550.675082397461,1,4,2,2024-08-01,48.41000061035157,48.41000061035157,96.82000122070313,7.879977624026941e-10,0
0,0.0,0.0,0.0,0.0,1.0,0,1,1.0,1.0,1.0,1,1,1,1,1,0,0,6,0.0,0.0,141.10000610351562,190.10000610351562,0,5,0,2024-08-01,0.0,0.0,0.0,0.0,0
1,0.0,0.0,0.0,0.0,1.0,0,1,1.0,1.0,1.0,1,1,1,1,1,0,0,6,0.0,0.0,141.10000610351562,190.10000610351562,0,5,0,2024-08-01,0.0,0.0,0.0,0.0,0
2,0.0,0.0,0.0,0.0,1.0,0,1,1.0,1.0,1.0,1,1,1,1,1,0,0,6,0.0,0.0,168.60000610351562,217.60000610351562,0,5,0,2024-08-01,0.0,0.0,0.0,0.0,0
3,0.0,0.0,0.0,0.0,1.0,0,1,1.0,1.0,1.0,1,1,1,1,1,0,0,6,0.0,0.0,196.10000610351562,245.10000610351562,0,5,0,2024-08-01,0.0,0.0,0.0,0.0,0
4,0.0,0.0,0.0,0.0,1.0,0,1,1.0,1.0,0.8333333333333334,1,1,0,1,1,0,0,6,0.0,0.0,196.10000610351562,245.10000610351562,0,5,0,2024-08-01,0.0,0.0,0.0,0.0,0
5,0.0,0.0,0.0,0.0,1.0,0,1,1.0,1.0,0.0,1,1,0,1,1,0,0,6,0.0,0.0,196.10000610351562,245.10000610351562,0,5,0,2024-08-01,0.0,0.0,0.0,0.0,0
6,0.0,0.0,0.0,0.0,1.0,0,1,1.0,1.0,1.0,1,1,1,1,1,0,0,6,0.0,0.0,176.89999389648438,225.89999389648438,0,5,0,2024-08-01,0.0,0.0,0.0,0.0,0
7,0.0,0.0,0.0,0.0,1.0,0,1,1.0,1.0,1.0,1,1,1,1,1,0,0,6,0.0,0.0,176.89999389648438,225.89999389648438,0,5,0,2024-08-01,0.0,0.0,0.0,0.0,0
8,0.0,0.0,0.0,0.0,1.0,0,1,1.0,1.0,1.0,1,1,1,1,1,0,0,6,0.0,0.0,176.89999389648438,225.89999389648438,0,5,0,2024-08-01,0.0,0.0,0.0,0.0,0
9,0.0,0.0,0.0,0.0,1.0,0,1,1.0,1.0,1.0,1,1,1,1,1,0,0,6,0.0,0.0,204.39999389648438,253.39999389648438,0,5,0,2024-08-01,0.0,0.0,0.0,0.0,0
10,0.0,0.0,0.0,0.0,1.0,0,1,1.0,1.0,1.0,1,1,1,1,1,0,0,6,0.0,0.0,204.39999389648438,253.39999389648438,0,5,0,2024-08-01,0.0,0.0,0.0,0.0,0
11,0.0,0.0,0.0,0.0,1.0,0,1,1.0,1.0,1.0,1,1,1,1,1,0,0,6,0.0,0.0,204.39999389648438,253.39999389648438,0,5,0,2024-08-01,0.0,0.0,0.0,0.0,0
12,0.0,0.0,0.0,0.0,1.0,0,1,1.0,1.0,1.0,1,1,1,1,1,0,0,6,0.0,0.0,204.39999389648438,253.39999389648438,0,5,0,2024-08-01,0.0,0.0,0.0,0.0,0
13,0.0,0.0,0.0,0.0,1.0,0,1,1.0,1.0,1.0,1,1,1,1,1,0,0,6,0.0,0.0,204.39999389648438,253.39999389648438,0,5,0,2024-08-01,0.0,0.0,0.0,0.0,0
14,0.0,0.0,0.0,0.0,1.0,0,1,1.0,1.0,1.0,1,1,1,1,1,0,0,6,0.0,0.0,232.1999969482422,314.3999938964844,0,5,0,2024-08-01,0.0,0.0,0.0,0.0,0
15,0.0,0.0,0.0,0.0,1.0,0,1,1.0,1.0,1.0,1,1,1,1,1,0,0,6,0.0,0.0,326.70001220703125,446.8999938964844,0,5,0,2024-08-01,0.0,0.0,0.0,0.0,0
16,0.0,0.0,0.0,0.0,1.0,0,1,1.0,1.0,0.5,1,1,0,1,1,0,0,6,0.0,0.0,392.5999755859375,512.7999877929688,0,5,0,2024-08-01,0.0,0.0,0.0,0.0,0
17,0.0,0.0,0.0,0.0,1.0,0,1,1.0,1.0,0.0,1,1,0,1,1,0,0,6,0.0,0.0,510.79998779296875,626.7000122070312,0,5,0,2024-08-01,0.0,0.0,0.0,0.0,0
18,41.32000045776364,284.00000381469727,303.2000045776367,587.200008392334,1.0,0,1,1.0,1.0,1.0,1,1,1,1,1,1,4,1,0.0,0.0,762.8200004577636,757.0354072570801,1,5,0,2024-08-01,28.400000381469727,30.320000457763673,58.7200008392334,0.1647286707715936,0
19,36.041425100823,408.2000045776367,408.2000045776367,816.4000091552734,1.0,0,1,1.0,1.0,1.0,1,1,1,1,1,6,0,0,0.0,0.0,738.7099431672292,732.338213571052,1,5,0,2024-08-01,40.820000457763676,40.820000457763676,81.64000091552735,1.5962953965312201e-09,0
20,31.99227210225591,535.1000061035156,535.1000061035156,1070.2000122070312,1.0,0,1,1.0,1.0,1.0,1,1,1,1,1,0,0,6,0.0,0.0,743.4197623366309,733.6363900071191,1,5,0,2024-08-01,53.51000061035157,53.51000061035157,107.02000122070314,6.343824133177961e-10,0
21,47.543323060875316,586.0500061035157,601.1000061035156,1187.1500122070313,1.0,0,1,1.0,1.0,1.0,1,1,1,1,1,0,0,6,0.0,0.0,799.1900515765003,758.0207638531872,1,5,0,2024-08-01,58.60500061035157,60.11000061035156,118.71500122070313,3.840882635662456e-10,0
22,68.28386863584784,563.4500076293946,578.5000076293945,1141.950015258789,1.0,0,1,1.0,1.0,1.0,1,1,1,1,1,6,0,0,0.0,0.0,840.3137758624104,758.1536313641521,1,5,0,2024-08-01,56.34500076293946,57.85000076293946,114.19500152587892,1.5355519910768503e-09,0
23,-21.492823499714575,250.0,608.700008392334,858.700008392334,1.0,0,1,1.0,1.0,1.0,1,1,1,1,1,0,6,0,0.0,0.0,763.3549548205979,865.9939221325271,1,5,0,2024-08-01,25.0,60.8700008392334,85.8700008392334,0.16797019802112054,0
24,65.82000083923339,658.200008392334,658.200008392334,1316.400016784668,1.0,0,1,1.0,1.0,1.0,1,1,1,1,1,0,6,0,0.0,0.0,961.063042831421,908.8379581451416,1,5,0,2024-08-01,65.8200008392334,65.8200008392334,131.6400016784668,0.05923936647210224,0
25,37.2858175377095,735.700008392334,735.700008392334,1471.400016784668,1.0,0,1,1.0,1.0,1.0,1,1,1,1,1,0,6,0,0.0,0.0,1040.7491964439596,1055.7957254310404,1,5,0,2024-08-01,73.5700008392334,73.5700008392334,147.1400016784668,0.04936613998367371,0
26,83.57000083923327,835.700008392334,835.700008392334,1671.400016784668,1.0,0,1,1.0,1.0,1.0,1,1,1,1,1,0,6,0,0.0,0.0,1163.2230770111082,1137.3892276763918,1,5,0,2024-08-01,83.5700008392334,83.5700008392334,167.1400016784668,0.04936613900827,0
27,0.0,0.0,0.0,0.0,1.0,0,1,1.0,1.0,0.0,1,1,0,1,1,0,0,6,0.0,0.0,1159.333251953125,1299.0069580078125,0,5,0,2024-08-01,0.0,0.0,0.0,0.0,0
28,104.83000126491089,0.0,1048.3000104624905,1048.3000104624905,1.0,0,1,1.0,1.0,1.0,1,1,1,1,1,0,0,6,0.0,0.0,1215.5037073195983,1146.0436559616517,1,5,0,2024-08-01,0.0,104.83000104624905,104.83000104624905,5.40058944082381e-10,0
29,151.23721568931654,1048.3000106811523,1048.3000106811523,2096.6000213623047,1.0,0,1,1.0,1.0,1.0,1,1,1,1,1,6,0,0,0.0,0.0,1412.4234949861916,1240.707974740371,1,5,0,2024-08-01,104.83000106811524,104.83000106811524,209.66000213623047,1.2184254943422121e-09,0
30,164.24384023877218,1064.4333432515461,1067.600009918213,2132.033353169759,1.0,0,1,1.0,1.0,1.0,1,1,1,1,1,6,0,0,0.0,0.0,1420.0523119184597,1209.5228833940403,1,5,0,2024-08-01,106.44333432515462,106.7600009918213,213.20333531697588,2.2464720930831933e-09,0
31,186.50143905794783,1111.600009918213,1111.5999832424695,2223.1999931606824,1.0,0,1,1.0,1.0,1.0,1,1,1,1,1,6,0,0,0.0,0.0,1431.819554292323,1156.9979505904896,1,5,0,2024-08-01,111.16000099182129,111.15999832424696,222.31999931606825,2.1283627087331176e-09,0
32,225.5816375585725,1119.9000091552734,1119.9000091552734,2239.800018310547,1.0,0,1,1.0,1.0,1.0,1,1,1,1,1,1,5,0,0.0,0.10677393352815111,1373.737033066385,1000.3238800195525,1,5,0,2024-08-01,111.99000091552735,111.99000091552735,223.9800018310547,0.07404920275660189,0
33,110.34000089407598,0.0,1103.4000091552734,1103.4000091552734,1.0,0,1,1.0,1.0,1.0,1,1,1,1,1,0,6,0,0.0,0.1108505698750291,1177.6084335112635,981.087489340299,1,5,0,2024-08-01,0.0,110.34000091552736,110.34000091552736,2.7852176419155454e-09,0
34,160.07000160217277,0.0,1078.700008392334,1078.700008392334,1.0,0,1,1.0,1.0,1.0,1,1,1,1,1,0,6,0,0.0,0.13674488104462362,1227.5728092193604,931.1933040618898,1,5,0,2024-08-01,0.0,107.8700008392334,107.8700008392334,0.019746460611718687,0
35,281.85319635310356,951.700008392334,951.700008392334,1903.400016784668,1.0,0,1,1.0,1.0,1.0,1,1,1,1,1,3,3,0,0.0,0.16417807263525835,1321.4176494781036,795.4517352875214,1,5,0,2024-08-01,95.17000083923341,95.17000083923341,190.34000167846682,0.16619933853168703,0
36,230.88600345563984,944.1000061035156,813.793337123128,1757.8933432266435,1.0,0,1,1.0,1.0,1.0,1,1,1,1,1,6,0,0,0.0,0.013737321342895736,1204.7979907603274,802.6139965443601,1,5,0,2024-08-01,94.41000061035157,81.37933371231281,175.78933432266436,0.21740448306751461,0
37,131.58000068664532,1040.800006866455,1040.800006866455,2081.60001373291,1.0,0,1,1.0,1.0,1.0,1,1,1,1,1,0,6,0,0.0,0.13343582497777606,1107.9119098663327,901.9199993133547,1,5,0,2024-08-01,104.08000068664552,104.08000068664552,208.16000137329104,0.06582151654688895,0
38,593.2219898482723,1010.700008392334,463.86446504895736,1474.5644734412913,1.0,0,1,1.0,1.0,1.0,1,1,1,1,1,2,4,0,0.0,0.18278271447276329,1549.4855396529597,379.0780589798527,1,5,0,2024-08-01,101.0700008392334,46.38644650489574,147.45644734412915,0.04348250392209619,0
39,158.12000236511233,0.0,922.200008392334,922.200008392334,1.0,0,1,1.0,1.0,1.0,1,1,1,1,1,3,3,0,0.0,0.26598528212703615,1042.8199535369872,676.9083789825439,1,5,0,2024-08-01,0.0,92.2200008392334,92.2200008392334,0.21721102786363317,0
40,927.0600036621094,891.4000091552734,0.0,891.4000091552734,0.6666666666666666,2,0,0.6666666666666666,1.0,1.0,0,1,1,0,1,6,0,0,0.0,0.0,1792.5600036621095,0.0,1,5,0,2024-08-01,89.14000091552735,0.0,89.14000091552735,6.847111890930503e-09,1
41,95.18232365231643,855.7133344014485,864.5000038146973,1720.2133382161458,0.5,3,0,1.0,0.5,1.0,0,0,1,1,0,0,6,0,0.0,0.7011739019317316,928.2822992382539,258.3351629199492,1,5,0,2024-08-01,85.57133344014485,86.45000038146974,172.02133382161458,0.2811703491277223,1
42,78.70000038146975,787.0000038146973,787.0000038146973,1574.0000076293945,0.3333333333333333,4,0,1.0,0.2,1.0,0,0,1,1,0,1,5,0,0.0,0.6676996622839317,911.7999759674072,261.5203670501709,1,5,0,2024-08-01,78.70000038146974,78.70000038146974,157.40000076293947,0.2517673170011328,1
43,73.2000003814697,732.0000038146973,732.0000038146973,1464.0000076293945,1.0,0,1,1.0,1.0,1.0,1,1,1,1,1,6,0,0,0.0,0.70606226058052,948.6000247955322,215.1624263763428,1,5,0,2024-08-01,73.20000038146974,73.20000038146974,146.40000076293947,2.345100752237435e-09,0
44,73.52135589548948,577.0000038146973,559.4207199102309,1136.4207237249282,1.0,0,1,1.0,1.0,1.0,1,1,1,1,1,5,1,0,0.0,0.6900098311889251,855.5213558954895,173.41492340138552,1,5,0,2024-08-01,57.70000038146973,55.94207199102309,113.64207237249282,0.09579756678694364,0
45,70.30000114440918,511.00000381469727,511.00000381469727,1022.0000076293945,1.0,0,1,1.0,1.0,1.0,1,1,1,1,1,0,6,0,0.0,0.6055980159393877,894.0000743865967,201.53941535949707,1,5,0,2024-08-01,51.10000038146973,51.10000038146973,102.20000076293945,0.009873229623087384,0
46,62.596194997098124,472.50000381469727,472.50000381469727,945.0000076293945,1.0,0,1,1.0,1.0,1.0,1,1,1,1,1,0,4,2,0.0,0.7826581776021411,806.0961949970981,102.69401191208156,1,5,0,2024-08-01,47.25000038146973,47.25000038146973,94.50000076293946,0.0855679704274365,0
47,48.41000061035155,484.1000061035156,484.1000061035156,968.2000122070312,1.0,0,1,1.0,1.0,1.0,1,1,1,1,1,0,6,0,0.0,0.8821600487776925,772.6099517822265,57.04632110595704,1,5,0,2024-08-01,48.41000061035157,48.41000061035157,96.82000122070313,0.06746706043230567,0
0,0.0,0.0,0.0,0.0,1.0,0,1,1.0,1.0,1.0,1,1,1,1,1,0,0,6,0.0,0.0,202.59999084472656,223.09999084472656,0,5,1,2024-08-01,0.0,0.0,0.0,0.0,0
1,0.0,0.0,0.0,0.0,1.0,0,1,1.0,1.0,0.16666666666666666,1,1,0,1,1,0,0,6,0.0,0.0,202.59999084472656,223.09999084472656,0,5,1,2024-08-01,0.0,0.0,0.0,0.0,0
2,0.0,0.0,0.0,0.0,1.0,0,1,1.0,1.0,0.0,1,1,0,1,1,0,0,6,0.0,0.0,191.59999084472656,212.09999084472656,0,5,1,2024-08-01,0.0,0.0,0.0,0.0,0
3,0.0,0.0,0.0,0.0,1.0,0,1,1.0,1.0,0.0,1,1,0,1,1,0,0,6,0.0,0.0,191.59999084472656,212.09999084472656,0,5,1,2024-08-01,0.0,0.0,0.0,0.0,0
4,0.0,0.0,0.0,0.0,1.0,0,1,1.0,1.0,0.0,1,1,0,1,1,0,0,6,0.0,0.0,191.59999084472656,212.09999084472656,0,5,1,2024-08-01,0.0,0.0,0.0,0.0,0
5,0.0,0.0,0.0,0.0,1.0,0,1,1.0,1.0,0.0,1,1,0,1,1,0,0,6,0.0,0.0,172.39999389648438,192.89999389648438,0,5,1,2024-08-01,0.0,0.0,0.0,0.0,0
6,0.0,0.0,0.0,0.0,1.0,0,1,1.0,1.0,0.8333333333333334,1,1,0,1,1,0,0,6,0.0,0.0,153.1999969482422,173.6999969482422,0,5,1,2024-08-01,0.0,0.0,0.0,0.0,0
7,0.0,0.0,0.0,0.0,1.0,0,1,1.0,1.0,1.0,1,1,1,1,1,0,0,6,0.0,0.0,153.1999969482422,173.6999969482422,0,5,1,2024-08-01,0.0,0.0,0.0,0.0,0
8,0.0,0.0,0.0,0.0,1.0,0,1,1.0,1.0,1.0,1,1,1,1,1,0,0,6,0.0,0.0,153.1999969482422,173.6999969482422,0,5,1,2024-08-01,0.0,0.0,0.0,0.0,0
9,0.0,0.0,0.0,0.0,1.0,0,1,1.0,1.0,1.0,1,1,1,1,1,0,0,6,0.0,0.0,153.1999969482422,173.6999969482422,0,5,1,2024-08-01,0.0,0.0,0.0,0.0,0
10,0.0,0.0,0.0,0.0,1.0,0,1,1.0,1.0,1.0,1,1,1,1,1,0,0,6,0.0,0.0,153.1999969482422,173.6999969482422,0,5,1,2024-08-01,0.0,0.0,0.0,0.0,0
11,0.0,0.0,0.0,0.0,1.0,0,1,1.0,1.0,1.0,1,1,1,1,1,0,0,6,0.0,0.0,153.1999969482422,173.6999969482422,0,5,1,2024-08-01,0.0,0.0,0.0,0.0,0
12,0.0,0.0,0.0,0.0,1.0,0,1,1.0,1.0,1.0,1,1,1,1,1,0,0,6,0.0,0.0,168.79998779296875,223.6999969482422,0,5,1,2024-08-01,0.0,0.0,0.0,0.0,0
13,0.0,0.0,0.0,0.0,1.0,0,1,1.0,1.0,1.0,1,1,1,1,1,0,0,6,0.0,0.0,196.29998779296875,251.1999969482422,0,5,1,2024-08-01,0.0,0.0,0.0,0.0,0
14,0.0,0.0,0.0,0.0,1.0,0,1,1.0,1.0,1.0,1,1,1,1,1,0,0,6,0.0,0.0,302.8999938964844,402.8999938964844,0,5,1,2024-08-01,0.0,0.0,0.0,0.0,0
15,0.0,0.0,0.0,0.0,1.0,0,1,1.0,1.0,1.0,1,1,1,1,1,0,0,6,0.0,0.0,341.3000183105469,441.29998779296875,0,5,1,2024-08-01,0.0,0.0,0.0,0.0,0
16,0.0,0.0,0.0,0.0,1.0,0,1,1.0,1.0,0.3333333333333333,1,1,0,1,1,0,0,6,0.0,0.0,445.3000183105469,570.5,0,5,1,2024-08-01,0.0,0.0,0.0,0.0,0
17,0.0,0.0,0.0,0.0,1.0,0,1,1.0,1.0,0.0,1,1,0,1,1,0,0,6,0.0,0.0,507.5,639.2000122070312,0,5,1,2024-08-01,0.0,0.0,0.0,0.0,0
18,41.32000045776364,284.00000381469727,303.2000045776367,587.200008392334,1.0,0,1,1.0,1.0,1.0,1,1,1,1,1,1,4,1,0.0,0.0,606.0505302429199,631.3800117492676,1,5,1,2024-08-01,28.400000381469727,30.320000457763673,58.7200008392334,0.1647286707715936,0
19,36.041425100823,408.2000045776367,408.2000045776367,816.4000091552734,1.0,0,1,1.0,1.0,1.0,1,1,1,1,1,6,0,0,0.0,0.0,659.9738591828542,711.958574899177,1,5,1,2024-08-01,40.820000457763676,40.820000457763676,81.64000091552735,1.5962953965312201e-09,0
20,31.99227210225591,535.1000061035156,535.1000061035156,1070.2000122070312,1.0,0,1,1.0,1.0,1.0,1,1,1,1,1,0,0,6,0.0,0.0,728.0261466139747,817.7077401047753,1,5,1,2024-08-01,53.51000061035157,53.51000061035157,107.02000122070314,6.343824133177961e-10,0
21,47.543323060875316,586.0500061035157,601.1000061035156,1187.1500122070313,1.0,0,1,1.0,1.0,1.0,1,1,1,1,1,0,0,6,0.0,0.0,682.2868533343128,741.1566891461559,1,5,1,2024-08-01,58.60500061035157,60.11000061035156,118.71500122070313,3.840882635662456e-10,0
22,68.28386863584784,563.4500076293946,578.5000076293945,1141.950015258789,1.0,0,1,1.0,1.0,1.0,1,1,1,1,1,6,0,0,0.0,0.0,687.8676088702229,701.2161313641521,1,5,1,2024-08-01,56.34500076293946,57.85000076293946,114.19500152587892,1.5355519910768503e-09,0
23,-21.492823499714575,250.0,608.700008392334,858.700008392334,1.0,0,1,1.0,1.0,1.0,1,1,1,1,1,0,6,0,0.0,0.0,623.9850817737229,835.4928234997146,1,5,1,2024-08-01,25.0,60.8700008392334,85.8700008392334,0.16797019802112054,0
24,65.82000083923339,658.200008392334,658.200008392334,1316.400016784668,1.0,0,1,1.0,1.0,1.0,1,1,1,1,1,0,6,0,0.0,0.0,849.644829940796,875.080023574829,1,5,1,2024-08-01,65.8200008392334,65.8200008392334,131.6400016784668,0.05923936647210224,0
25,37.2858175377095,735.700008392334,735.700008392334,1471.400016784668,1.0,0,1,1.0,1.0,1.0,1,1,1,1,1,0,6,0,0.0,0.0,814.5975240806782,895.4141946693218,1,5,1,2024-08-01,73.5700008392334,73.5700008392334,147.1400016784668,0.04936613998367371,0
26,83.57000083923327,835.700008392334,835.700008392334,1671.400016784668,1.0,0,1,1.0,1.0,1.0,1,1,1,1,1,0,6,0,0.0,0.0,885.5734188079832,871.6299503326418,1,5,1,2024-08-01,83.5700008392334,83.5700008392334,167.1400016784668,0.04936613900827,0
27,0.0,0.0,0.0,0.0,1.0,0,1,1.0,1.0,0.5,1,1,0,1,1,0,0,6,0.0,0.0,908.6651611328125,1043.5999755859375,0,5,1,2024-08-01,0.0,0.0,0.0,0.0,0
28,104.83000126491089,0.0,1048.3000104624905,1048.3000104624905,1.0,0,1,1.0,1.0,1.0,1,1,1,1,1,0,0,6,0.0,0.06575413514029792,1054.095199018817,979.3699499069642,1,5,1,2024-08-01,0.0,104.83000104624905,104.83000104624905,5.40058944082381e-10,0
29,151.23721568931654,1048.3000106811523,1048.3000106811523,2096.6000213623047,1.0,0,1,1.0,1.0,1.0,1,1,1,1,1,6,0,0,0.0,0.1656369361701928,1087.211214712754,874.6628087247459,1,5,1,2024-08-01,104.83000106811524,104.83000106811524,209.66000213623047,1.2184254943422121e-09,0
30,164.24384023877218,1064.4333432515461,1067.600009918213,2132.033353169759,1.0,0,1,1.0,1.0,1.0,1,1,1,1,1,6,0,0,0.0,0.21397885314784076,1082.819462797366,839.1561841752903,1,5,1,2024-08-01,106.44333432515462,106.7600009918213,213.20333531697588,2.2464720930831933e-09,0
31,186.50143905794783,1111.600009918213,1111.5999832424695,2223.1999931606824,1.0,0,1,1.0,1.0,1.0,1,1,1,1,1,6,0,0,0.0,0.2552189656020102,1126.334446870448,827.8985853561146,1,5,1,2024-08-01,111.16000099182129,111.15999832424696,222.31999931606825,2.1283627087331176e-09,0
32,225.5816375585725,1119.9000091552734,1119.9000091552734,2239.800018310547,1.0,0,1,1.0,1.0,1.0,1,1,1,1,1,1,5,0,0.0,0.2784906407520765,1187.2193328710725,808.018338027365,1,5,1,2024-08-01,111.99000091552735,111.99000091552735,223.9800018310547,0.07404920275660189,0
33,110.34000089407598,0.0,1103.4000091552734,1103.4000091552734,1.0,0,1,1.0,1.0,1.0,1,1,1,1,1,0,6,0,0.0,0.1618995023662001,1103.884190347201,924.760096762174,1,5,1,2024-08-01,0.0,110.34000091552736,110.34000091552736,2.7852176419155454e-09,0
34,160.07000160217277,0.0,1078.700008392334,1078.700008392334,1.0,0,1,1.0,1.0,1.0,1,1,1,1,1,0,6,0,0.0,0.11280022417844356,1240.5830631256104,957.0224056243898,1,5,1,2024-08-01,0.0,107.8700008392334,107.8700008392334,0.019746460611718687,0
35,281.85319635310356,951.700008392334,951.700008392334,1903.400016784668,1.0,0,1,1.0,1.0,1.0,1,1,1,1,1,3,3,0,0.0,0.1946850044515877,1295.8832256499786,766.4182880218964,1,5,1,2024-08-01,95.17000083923341,95.17000083923341,190.34000167846682,0.16619933853168703,0
36,230.88600345563984,944.1000061035156,813.793337123128,1757.8933432266435,1.0,0,1,1.0,1.0,1.0,1,1,1,1,1,6,0,0,0.0,0.03339825764572386,1181.2151050181399,786.6140575795164,1,5,1,2024-08-01,94.41000061035157,81.37933371231281,175.78933432266436,0.21740448306751461,0
37,131.58000068664532,1040.800006866455,1040.800006866455,2081.60001373291,1.0,0,1,1.0,1.0,1.0,1,1,1,1,1,0,6,0,0.0,0.20741737714150493,1063.093123245239,824.9199993133547,1,5,1,2024-08-01,104.08000068664552,104.08000068664552,208.16000137329104,0.06582151654688895,0
38,593.2219898482723,1010.700008392334,463.86446504895736,1474.5644734412913,1.0,0,1,1.0,1.0,1.0,1,1,1,1,1,2,4,0,0.0,0.48432448423084834,1453.6220142623347,239.2035472611027,1,5,1,2024-08-01,101.0700008392334,46.38644650489574,147.45644734412915,0.04348250392209619,0
39,158.12000236511233,0.0,922.200008392334,922.200008392334,1.0,0,1,1.0,1.0,1.0,1,1,1,1,1,3,3,0,0.0,0.3143536243940151,1018.5200267791748,632.3030933380127,1,5,1,2024-08-01,0.0,92.2200008392334,92.2200008392334,0.21721102786363317,0
40,927.0600036621094,891.4000091552734,0.0,891.4000091552734,0.5,3,0,0.5,1.0,1.0,0,1,1,0,1,6,0,0,0.0,0.0,1776.460028076172,0.0,1,5,1,2024-08-01,89.14000091552735,0.0,89.14000091552735,6.847111890930503e-09,1
41,95.18232365231643,855.7133344014485,864.5000038146973,1720.2133382161458,0.3333333333333333,4,0,1.0,0.3333333333333333,1.0,0,0,1,1,0,0,6,0,0.0,0.7123738354037645,900.1823846874727,248.65282039065232,1,5,1,2024-08-01,85.57133344014485,86.45000038146974,172.02133382161458,0.2811703491277223,1
42,78.70000038146975,787.0000038146973,787.0000038146973,1574.0000076293945,0.3333333333333333,4,0,1.0,0.2,1.0,0,0,1,1,0,1,5,0,0.0,0.7209619096954137,852.900012588501,219.60297813415525,1,5,1,2024-08-01,78.70000038146974,78.70000038146974,157.40000076293947,0.2517673170011328,1
43,73.2000003814697,732.0000038146973,732.0000038146973,1464.0000076293945,1.0,0,1,1.0,1.0,1.0,1,1,1,1,1,6,0,0,0.0,0.6883194574850141,831.4999881744385,228.15015830993656,1,5,1,2024-08-01,73.20000038146974,73.20000038146974,146.40000076293947,2.345100752237435e-09,0
44,73.52135589548948,577.0000038146973,559.4207199102309,1136.4207237249282,1.0,0,1,1.0,1.0,1.0,1,1,1,1,1,5,1,0,0.0,0.5856589633715448,770.8213436884582,231.79096099904177,1,5,1,2024-08-01,57.70000038146973,55.94207199102309,113.64207237249282,0.09579756678694364,0
45,70.30000114440918,511.00000381469727,511.00000381469727,1022.0000076293945,1.0,0,1,1.0,1.0,1.0,1,1,1,1,1,0,6,0,0.0,0.58509378686973,740.0999889373779,212.01707649230957,1,5,1,2024-08-01,51.10000038146973,51.10000038146973,102.20000076293945,0.009873229623087384,0
46,62.596194997098124,472.50000381469727,472.50000381469727,945.0000076293945,1.0,0,1,1.0,1.0,1.0,1,1,1,1,1,0,4,2,0.0,0.6015945784935095,702.1962316181919,188.24656318161283,1,5,1,2024-08-01,47.25000038146973,47.25000038146973,94.50000076293946,0.0855679704274365,0
47,48.41000061035155,484.1000061035156,484.1000061035156,968.2000122070312,1.0,0,1,1.0,1.0,1.0,1,1,1,1,1,0,6,0,0.0,0.7029539893143719,588.009976196289,143.79997558593752,1,5,1,2024-08-01,48.41000061035157,48.41000061035157,96.82000122070313,0.06746706043230567,0
0,0.0,0.0,0.0,0.0,1.0,0,1,1.0,1.0,1.0,1,1,1,1,1,0,0,6,0.0,0.0,308.70001220703125,308.70001220703125,0,5,2,2024-08-01,0.0,0.0,0.0,0.0,0
1,0.0,0.0,0.0,0.0,1.0,0,1,1.0,1.0,0.0,1,1,0,1,1,0,0,6,0.0,0.0,336.20001220703125,336.20001220703125,0,5,2,2024-08-01,0.0,0.0,0.0,0.0,0
2,0.0,0.0,0.0,0.0,1.0,0,1,1.0,1.0,0.0,1,1,0,1,1,0,0,6,0.0,0.0,336.20001220703125,336.20001220703125,0,5,2,2024-08-01,0.0,0.0,0.0,0.0,0
3,0.0,0.0,0.0,0.0,1.0,0,1,1.0,1.0,0.0,1,1,0,1,1,0,0,6,0.0,0.0,347.20001220703125,347.20001220703125,0,5,2,2024-08-01,0.0,0.0,0.0,0.0,0
4,0.0,0.0,0.0,0.0,1.0,0,1,1.0,1.0,0.0,1,1,0,1,1,0,0,6,0.0,0.0,347.20001220703125,347.20001220703125,0,5,2,2024-08-01,0.0,0.0,0.0,0.0,0
5,0.0,0.0,0.0,0.0,1.0,0,1,1.0,1.0,0.16666666666666666,1,1,0,1,1,0,0,6,0.0,0.0,355.5,355.5,0,5,2,2024-08-01,0.0,0.0,0.0,0.0,0
6,0.0,0.0,0.0,0.0,1.0,0,1,1.0,1.0,0.0,1,1,0,1,1,0,0,6,0.0,0.0,355.5,355.5,0,5,2,2024-08-01,0.0,0.0,0.0,0.0,0
7,0.0,0.0,0.0,0.0,1.0,0,1,1.0,1.0,0.0,1,1,0,1,1,0,0,6,0.0,0.0,305.5,305.5,0,5,2,2024-08-01,0.0,0.0,0.0,0.0,0
8,0.0,0.0,0.0,0.0,1.0,0,1,1.0,1.0,0.0,1,1,0,1,1,0,0,6,0.0,0.0,305.5,305.5,0,5,2,2024-08-01,0.0,0.0,0.0,0.0,0
9,0.0,0.0,0.0,0.0,1.0,0,1,1.0,1.0,0.16666666666666666,1,1,0,1,1,0,0,6,0.0,0.0,286.29998779296875,286.29998779296875,0,5,2,2024-08-01,0.0,0.0,0.0,0.0,0
10,0.0,0.0,0.0,0.0,1.0,0,1,1.0,1.0,0.0,1,1,0,1,1,0,0,6,0.0,0.0,286.29998779296875,286.29998779296875,0,5,2,2024-08-01,0.0,0.0,0.0,0.0,0
11,0.0,0.0,0.0,0.0,1.0,0,1,1.0,1.0,0.8333333333333334,1,1,0,1,1,0,0,6,0.0,0.0,286.29998779296875,286.29998779296875,0,5,2,2024-08-01,0.0,0.0,0.0,0.0,0
12,0.0,0.0,0.0,0.0,1.0,0,1,1.0,1.0,1.0,1,1,1,1,1,0,0,6,0.0,0.0,344.6000061035156,344.6000061035156,0,5,2,2024-08-01,0.0,0.0,0.0,0.0,0
13,0.0,0.0,0.0,0.0,1.0,0,1,1.0,1.0,1.0,1,1,1,1,1,0,0,6,0.0,0.0,372.1000061035156,372.1000061035156,0,5,2,2024-08-01,0.0,0.0,0.0,0.0,0
14,0.0,0.0,0.0,0.0,1.0,0,1,1.0,1.0,0.5,1,1,0,1,1,0,0,6,0.0,0.0,440.70001220703125,440.70001220703125,0,5,2,2024-08-01,0.0,0.0,0.0,0.0,0
15,0.0,0.0,0.0,0.0,1.0,0,1,1.0,1.0,0.0,1,1,0,1,1,0,0,6,0.0,0.0,466.70001220703125,495.70001220703125,0,5,2,2024-08-01,0.0,0.0,0.0,0.0,0
16,0.0,0.0,0.0,0.0,1.0,0,1,1.0,1.0,0.0,1,1,0,1,1,0,0,6,0.0,0.0,573.2000122070312,601.9000244140625,0,5,2,2024-08-01,0.0,0.0,0.0,0.0,0
17,0.0,0.0,0.0,0.0,1.0,0,1,1.0,1.0,0.0,1,1,0,1,1,0,0,6,0.0,0.0,611.6000366210938,640.300048828125,0,5,2,2024-08-01,0.0,0.0,0.0,0.0,0
18,41.32000045776364,284.00000381469727,303.2000045776367,587.200008392334,1.0,0,1,1.0,1.0,1.0,1,1,1,1,1,1,4,1,0.0,0.0,767.5200126647949,736.7825996398926,1,5,2,2024-08-01,28.400000381469727,30.320000457763673,58.7200008392334,0.1647286707715936,0
19,36.041425100823,408.2000045776367,408.2000045776367,816.4000091552734,1.0,0,1,1.0,1.0,1.0,1,1,1,1,1,6,0,0,0.0,0.0,799.8533147492604,827.258623727302,1,5,2,2024-08-01,40.820000457763676,40.820000457763676,81.64000091552735,1.5962953965312201e-09,0
20,31.99227210225591,535.1000061035156,535.1000061035156,1070.2000122070312,1.0,0,1,1.0,1.0,1.0,1,1,1,1,1,0,0,6,0.0,0.0,711.4969718092872,759.3077767258691,1,5,2,2024-08-01,53.51000061035157,53.51000061035157,107.02000122070314,6.343824133177961e-10,0
21,47.543323060875316,586.0500061035157,601.1000061035156,1187.1500122070313,1.0,0,1,1.0,1.0,1.0,1,1,1,1,1,0,0,6,0.0,0.0,747.3782839983753,762.9566769391247,1,5,2,2024-08-01,58.60500061035157,60.11000061035156,118.71500122070313,3.840882635662456e-10,0
22,68.28386863584784,563.4500076293946,578.5000076293945,1141.950015258789,1.0,0,1,1.0,1.0,1.0,1,1,1,1,1,6,0,0,0.0,0.0,818.0802553545979,811.4162046063396,1,5,2,2024-08-01,56.34500076293946,57.85000076293946,114.19500152587892,1.5355519910768503e-09,0
23,-21.492823499714575,250.0,608.700008392334,858.700008392334,1.0,0,1,1.0,1.0,1.0,1,1,1,1,1,0,6,0,0.0,0.0,752.4073840198166,928.6928967419021,1,5,2,2024-08-01,25.0,60.8700008392334,85.8700008392334,0.16797019802112054,0
24,65.82000083923339,658.200008392334,658.200008392334,1316.400016784668,1.0,0,1,1.0,1.0,1.0,1,1,1,1,1,0,6,0,0.0,0.0,855.701958847046,852.979925918579,1,5,2,2024-08-01,65.8200008392334,65.8200008392334,131.6400016784668,0.05923936647210224,0
25,37.2858175377095,735.700008392334,735.700008392334,1471.400016784668,1.0,0,1,1.0,1.0,1.0,1,1,1,1,1,0,6,0,0.0,0.0,923.802785311147,955.474802579478,1,5,2,2024-08-01,73.5700008392334,73.5700008392334,147.1400016784668,0.04936613998367371,0
26,83.57000083923327,835.700008392334,835.700008392334,1671.400016784668,1.0,0,1,1.0,1.0,1.0,1,1,1,1,1,0,6,0,0.0,0.0,1028.4404842376707,965.8755558013918,1,5,2,2024-08-01,83.5700008392334,83.5700008392334,167.1400016784668,0.04936613900827,0
27,0.0,0.0,0.0,0.0,1.0,0,1,1.0,1.0,0.0,1,1,0,1,1,0,0,6,0.0,0.0,958.2695922851562,1045.392822265625,0,5,2,2024-08-01,0.0,0.0,0.0,0.0,0
28,104.83000126491089,0.0,1048.3000104624905,1048.3000104624905,1.0,0,1,1.0,1.0,1.0,1,1,1,1,1,0,0,6,0.0,0.0,1210.9701379836608,1089.7794958054017,1,5,2,2024-08-01,0.0,104.83000104624905,104.83000104624905,5.40058944082381e-10,0
29,151.23721568931654,1048.3000106811523,1048.3000106811523,2096.6000213623047,1.0,0,1,1.0,1.0,1.0,1,1,1,1,1,6,0,0,0.0,0.0,1304.8067957674416,1145.562711068496,1,5,2,2024-08-01,104.83000106811524,104.83000106811524,209.66000213623047,1.2184254943422121e-09,0
30,164.24384023877218,1064.4333432515461,1067.600009918213,2132.033353169759,1.0,0,1,1.0,1.0,1.0,1,1,1,1,1,6,0,0,0.0,0.030283615898452864,1236.1707201215847,1035.2692212846653,1,5,2,2024-08-01,106.44333432515462,106.7600009918213,213.20333531697588,2.2464720930831933e-09,0
31,186.50143905794783,1111.600009918213,1111.5999832424695,2223.1999931606824,1.0,0,1,1.0,1.0,1.0,1,1,1,1,1,6,0,0,0.0,0.09668327457912275,1251.9568833938854,1004.1268568404896,1,5,2,2024-08-01,111.16000099182129,111.15999832424696,222.31999931606825,2.1283627087331176e-09,0
32,225.5816375585725,1119.9000091552734,1119.9000091552734,2239.800018310547,1.0,0,1,1.0,1.0,1.0,1,1,1,1,1,1,5,0,0.0,0.11879457282848842,1341.47897642576,986.8619659570525,1,5,2,2024-08-01,111.99000091552735,111.99000091552735,223.9800018310547,0.07404920275660189,0
33,110.34000089407598,0.0,1103.4000091552734,1103.4000091552734,1.0,0,1,1.0,1.0,1.0,1,1,1,1,1,0,6,0,0.0,0.0,1247.0874374175135,1117.672938559049,1,5,2,2024-08-01,0.0,110.34000091552736,110.34000091552736,2.7852176419155454e-09,0
34,160.07000160217277,0.0,1078.700008392334,1078.700008392334,1.0,0,1,1.0,1.0,1.0,1,1,1,1,1,0,6,0,0.0,0.07069168148986142,1244.2146549224854,1002.4448909759523,1,5,2,2024-08-01,0.0,107.8700008392334,107.8700008392334,0.019746460611718687,0
35,281.85319635310356,951.700008392334,951.700008392334,1903.400016784668,1.0,0,1,1.0,1.0,1.0,1,1,1,1,1,3,3,0,0.0,0.06798777031711571,1384.1901104156036,886.9960468109589,1,5,2,2024-08-01,95.17000083923341,95.17000083923341,190.34000167846682,0.16619933853168703,0
36,230.88600345563984,944.1000061035156,813.793337123128,1757.8933432266435,1.0,0,1,1.0,1.0,1.0,1,1,1,1,1,6,0,0,0.0,0.0,1301.2534350962649,963.3553295521726,1,5,2,2024-08-01,94.41000061035157,81.37933371231281,175.78933432266436,0.21740448306751461,0
37,131.58000068664532,1040.800006866455,1040.800006866455,2081.60001373291,1.0,0,1,1.0,1.0,1.0,1,1,1,1,1,0,6,0,0.0,0.07223295146545072,1159.2207477569577,965.6199504852297,1,5,2,2024-08-01,104.08000068664552,104.08000068664552,208.16000137329104,0.06582151654688895,0
38,593.2219898482723,1010.700008392334,463.86446504895736,1474.5644734412913,1.0,0,1,1.0,1.0,1.0,1,1,1,1,1,2,4,0,0.0,0.10409593686812892,1590.1527759810847,415.5780589798527,1,5,2,2024-08-01,101.0700008392334,46.38644650489574,147.45644734412915,0.04348250392209619,0
39,158.12000236511233,0.0,922.200008392334,922.200008392334,1.0,0,1,1.0,1.0,1.0,1,1,1,1,1,3,3,0,0.0,0.06855343045004259,1175.220038986206,858.9800342559814,1,5,2,2024-08-01,0.0,92.2200008392334,92.2200008392334,0.21721102786363317,0
40,927.0600036621094,891.4000091552734,0.0,891.4000091552734,1.0,0,1,1.0,1.0,1.0,1,1,1,1,1,6,0,0,0.0,0.0,1897.4600891113282,0.0,1,5,2,2024-08-01,89.14000091552735,0.0,89.14000091552735,6.847111890930503e-09,0
41,95.18232365231643,855.7133344014485,864.5000038146973,1720.2133382161458,1.0,0,1,1.0,1.0,1.0,1,1,1,1,1,0,6,0,0.0,0.5407120885492714,1065.5822870312227,397.0544012011992,1,5,2,2024-08-01,85.57133344014485,86.45000038146974,172.02133382161458,0.2811703491277223,0
42,78.70000038146975,787.0000038146973,787.0000038146973,1574.0000076293945,0.6666666666666666,2,0,1.0,0.6,1.0,0,0,1,1,0,1,5,0,0.0,0.7886630236970399,1033.1999393463134,166.3222011566162,1,5,2,2024-08-01,78.70000038146974,78.70000038146974,157.40000076293947,0.2517673170011328,1
43,73.2000003814697,732.0000038146973,732.0000038146973,1464.0000076293945,1.0,0,1,1.0,1.0,1.0,1,1,1,1,1,6,0,0,0.0,0.8436663531544881,1000.1999393463135,114.4362300872803,1,5,2,2024-08-01,73.20000038146974,73.20000038146974,146.40000076293947,2.345100752237435e-09,0
44,73.52135589548948,577.0000038146973,559.4207199102309,1136.4207237249282,0.8333333333333334,1,0,1.0,0.0,1.0,0,0,1,1,0,5,1,0,0.0,0.8506755466794635,912.1213925165832,83.53519317677615,1,5,2,2024-08-01,57.70000038146973,55.94207199102309,113.64207237249282,0.09579756678694364,1
45,70.30000114440918,511.00000381469727,511.00000381469727,1022.0000076293945,1.0,0,1,1.0,1.0,1.0,1,1,1,1,1,0,6,0,0.0,0.9251313448409038,809.4999523162842,38.257883071899414,1,5,2,2024-08-01,51.10000038146973,51.10000038146973,102.20000076293945,0.009873229623087384,0
46,62.596194997098124,472.50000381469727,472.50000381469727,945.0000076293945,0.5,3,0,1.0,0.25,1.0,0,0,1,1,0,0,4,2,0.0,1.0,757.7961461689731,0.0,1,5,2,2024-08-01,47.25000038146973,47.25000038146973,94.50000076293946,0.0855679704274365,1
47,48.41000061035155,484.1000061035156,484.1000061035156,968.2000122070312,0.8333333333333334,1,0,1.0,0.8333333333333334,1.0,0,0,1,1,0,0,6,0,0.0,1.0,716.1099517822265,0.0,1,5,2,2024-08-01,48.41000061035157,48.41000061035157,96.82000122070313,0.06746706043230567,1
0,0.0,0.0,0.0,0.0,1.0,0,1,1.0,1.0,1.0,1,1,1,1,1,0,0,6,0.0,0.0,342.9000244140625,327.3000183105469,0,6,0,2024-08-01,0.0,0.0,0.0,0.0,0
1,0.0,0.0,0.0,0.0,1.0,0,1,1.0,1.0,1.0,1,1,1,1,1,0,0,6,0.0,0.0,342.9000244140625,327.3000183105469,0,6,0,2024-08-01,0.0,0.0,0.0,0.0,0
2,0.0,0.0,0.0,0.0,1.0,0,1,1.0,1.0,1.0,1,1,1,1,1,0,0,6,0.0,0.0,342.9000244140625,327.3000183105469,0,6,0,2024-08-01,0.0,0.0,0.0,0.0,0
3,0.0,0.0,0.0,0.0,1.0,0,1,1.0,1.0,1.0,1,1,1,1,1,0,0,6,0.0,0.0,342.9000244140625,327.3000183105469,0,6,0,2024-08-01,0.0,0.0,0.0,0.0,0
4,0.0,0.0,0.0,0.0,1.0,0,1,1.0,1.0,0.6666666666666666,1,1,0,1,1,0,0,6,0.0,0.0,342.9000244140625,327.3000183105469,0,6,0,2024-08-01,0.0,0.0,0.0,0.0,0
5,0.0,0.0,0.0,0.0,1.0,0,1,1.0,1.0,0.0,1,1,0,1,1,0,0,6,0.0,0.0,342.9000244140625,327.3000183105469,0,6,0,2024-08-01,0.0,0.0,0.0,0.0,0
6,0.0,0.0,0.0,0.0,1.0,0,1,1.0,1.0,0.0,1,1,0,1,1,0,0,6,0.0,0.0,342.9000244140625,327.3000183105469,0,6,0,2024-08-01,0.0,0.0,0.0,0.0,0
7,0.0,0.0,0.0,0.0,1.0,0,1,1.0,1.0,0.0,1,1,0,1,1,0,0,6,0.0,0.0,297.3000183105469,277.3000183105469,0,6,0,2024-08-01,0.0,0.0,0.0,0.0,0
8,0.0,0.0,0.0,0.0,1.0,0,1,1.0,1.0,0.0,1,1,0,1,1,0,0,6,0.0,0.0,297.3000183105469,277.3000183105469,0,6,0,2024-08-01,0.0,0.0,0.0,0.0,0
9,0.0,0.0,0.0,0.0,1.0,0,1,1.0,1.0,0.0,1,1,0,1,1,0,0,6,0.0,0.0,258.79998779296875,238.79998779296875,0,6,0,2024-08-01,0.0,0.0,0.0,0.0,0
10,0.0,0.0,0.0,0.0,1.0,0,1,1.0,1.0,0.0,1,1,0,1,1,0,0,6,0.0,0.0,212.09999084472656,192.09999084472656,0,6,0,2024-08-01,0.0,0.0,0.0,0.0,0
11,0.0,0.0,0.0,0.0,1.0,0,1,1.0,1.0,0.16666666666666666,1,1,0,1,1,0,0,6,0.0,0.0,151.09999084472656,151.09999084472656,0,6,0,2024-08-01,0.0,0.0,0.0,0.0,0
12,0.0,0.0,0.0,0.0,1.0,0,1,1.0,1.0,1.0,1,1,1,1,1,0,0,6,0.0,0.0,151.09999084472656,151.09999084472656,0,6,0,2024-08-01,0.0,0.0,0.0,0.0,0
13,0.0,0.0,0.0,0.0,1.0,0,1,1.0,1.0,0.0,1,1,0,1,1,0,0,6,0.0,0.0,162.09999084472656,162.09999084472656,0,6,0,2024-08-01,0.0,0.0,0.0,0.0,0
14,0.0,0.0,0.0,0.0,1.0,0,1,1.0,1.0,0.0,1,1,0,1,1,0,0,6,0.0,0.0,208.3000030517578,231.29998779296875,0,6,0,2024-08-01,0.0,0.0,0.0,0.0,0
15,0.0,0.0,0.0,0.0,1.0,0,1,1.0,1.0,0.0,1,1,0,1,1,0,0,6,0.0,0.0,208.3000030517578,231.29998779296875,0,6,0,2024-08-01,0.0,0.0,0.0,0.0,0
16,0.0,0.0,0.0,0.0,1.0,0,1,1.0,1.0,0.0,1,1,0,1,1,0,0,6,0.0,0.0,271.20001220703125,297.20001220703125,0,6,0,2024-08-01,0.0,0.0,0.0,0.0,0
17,0.0,0.0,0.0,0.0,1.0,0,1,1.0,1.0,0.0,1,1,0,1,1,0,0,6,0.0,0.0,341.6000061035156,402.20001220703125,0,6,0,2024-08-01,0.0,0.0,0.0,0.0,0
18,41.32000045776364,284.00000381469727,303.2000045776367,587.200008392334,1.0,0,1,1.0,1.0,1.0,1,1,1,1,1,0,2,4,0.0,0.0,526.4199760437011,542.7800361633301,1,6,0,2024-08-01,28.400000381469727,30.320000457763673,58.7200008392334,0.06496178632049361,0
19,36.041425100823,408.2000045776367,408.2000045776367,816.4000091552734,1.0,0,1,1.0,1.0,1.0,1,1,1,1,1,4,2,0,0.0,0.0,503.7004522004324,592.5586115202708,1,6,0,2024-08-01,40.820000457763676,40.820000457763676,81.64000091552735,0.08312440084882987,0
20,31.99227210225591,535.1000061035156,535.1000061035156,1070.2000122070312,1.0,0,1,1.0,1.0,1.0,1,1,1,1,1,0,0,6,0.05134938781221577,0.0,507.6229483717872,649.4077523118066,1,6,0,2024-08-01,53.51000061035157,53.51000061035157,107.02000122070314,6.343824133177961e-10,0
21,47.543323060875316,586.0500061035157,601.1000061035156,1187.1500122070313,1.0,0,1,1.0,1.0,1.0,1,1,1,1,1,0,1,5,0.08281508769994399,0.0,537.5162234515003,642.0567745953747,1,6,0,2024-08-01,58.60500061035157,60.11000061035156,118.71500122070313,0.002275087116664775,0
22,68.28386863584784,563.4500076293946,578.5000076293945,1141.950015258789,1.0,0,1,1.0,1.0,1.0,1,1,1,1,1,3,3,0,0.0,0.0,602.4264467608479,684.1162168133709,1,6,0,2024-08-01,56.34500076293946,57.85000076293946,114.19500152587892,0.05462913540959989,0
23,-21.492823499714575,250.0,608.700008392334,858.700008392334,1.0,0,1,1.0,1.0,1.0,1,1,1,1,1,0,4,2,0.0,0.0,609.3910876330979,847.9928845348709,1,6,0,2024-08-01,25.0,60.8700008392334,85.8700008392334,0.203844314286076,0
24,65.82000083923339,658.200008392334,658.200008392334,1316.400016784668,1.0,0,1,1.0,1.0,1.0,1,1,1,1,1,1,5,0,0.0,0.0,687.8782894134522,733.1800601959228,1,6,0,2024-08-01,65.8200008392334,65.8200008392334,131.6400016784668,0.1954546729325145,0
25,37.2858175377095,735.700008392334,735.700008392334,1471.400016784668,1.0,0,1,1.0,1.0,1.0,1,1,1,1,1,3,3,0,0.0,0.0,747.8856710533345,761.7141214271343,1,6,0,2024-08-01,73.5700008392334,73.5700008392334,147.1400016784668,0.10109724413679731,0
26,83.57000083923327,835.700008392334,835.700008392334,1671.400016784668,1.0,0,1,1.0,1.0,1.0,1,1,1,1,1,1,5,0,0.0,0.0,928.658562850952,865.8300846099855,1,6,0,2024-08-01,83.5700008392334,83.5700008392334,167.1400016784668,0.10559045894727181,0
27,0.0,0.0,0.0,0.0,1.0,0,1,1.0,1.0,0.0,1,1,0,1,1,0,0,6,0.0,0.0,872.6809692382812,948.1882934570312,0,6,0,2024-08-01,0.0,0.0,0.0,0.0,0
28,104.83000126491089,0.0,1048.3000104624905,1048.3000104624905,1.0,0,1,1.0,1.0,1.0,1,1,1,1,1,0,4,2,0.0,0.14968233576574103,1073.875472456317,891.3880163132142,1,6,0,2024-08-01,0.0,104.83000104624905,104.83000104624905,0.4583074947900016,0
29,151.23721568931654,1048.3000106811523,1048.3000106811523,2096.6000213623047,1.0,0,1,1.0,1.0,1.0,1,1,1,1,1,1,5,0,0.0,0.23509195061353239,1213.941195181504,801.8531163419334,1,6,0,2024-08-01,104.83000106811524,104.83000106811524,209.66000213623047,0.1887148504353756,0
30,164.24384023877218,1064.4333432515461,1067.600009918213,2132.033353169759,1.0,0,1,1.0,1.0,1.0,1,1,1,1,1,2,4,0,0.0,0.3828277861601245,1237.9678392622097,658.8930616166965,1,6,0,2024-08-01,106.44333432515462,106.7600009918213,213.20333531697588,0.20699468787647432,0
31,186.50143905794783,1111.600009918213,1111.5999832424695,2223.1999931606824,0.16666666666666666,5,0,1.0,0.0,1.0,0,0,1,1,0,1,5,0,0.0,0.7233167815953764,1254.6014146438854,307.56106094205217,1,6,0,2024-08-01,111.16000099182129,111.15999832424696,222.31999931606825,0.41666666881737796,1
32,225.5816375585725,1119.9000091552734,1119.9000091552734,2239.800018310547,1.0,0,1,1.0,1.0,1.0,1,1,1,1,1,4,2,0,0.0,0.8660693107500342,1274.481661972635,149.98898011720874,1,6,0,2024-08-01,111.99000091552735,111.99000091552735,223.9800018310547,0.02695926526258152,0
33,110.34000089407598,0.0,1103.4000091552734,1103.4000091552734,1.0,0,1,1.0,1.0,1.0,1,1,1,1,1,0,6,0,0.0,0.7849326981975719,1167.539952065951,237.30526277779902,1,6,0,2024-08-01,0.0,110.34000091552736,110.34000091552736,0.022466058398741568,0
34,160.07000160217277,0.0,1078.700008392334,1078.700008392334,1.0,0,1,1.0,1.0,1.0,1,1,1,1,1,0,6,0,0.0,0.8475990809433522,1114.570062637329,164.39487266540536,1,6,0,2024-08-01,0.0,107.8700008392334,107.8700008392334,0.05391853283262155,0
35,281.85319635310356,951.700008392334,951.700008392334,1903.400016784668,0.5,3,0,1.0,0.5,1.0,0,0,1,1,0,0,6,0,0.0,0.9961949239049591,1202.3532573882599,3.621290951583944,1,6,0,2024-08-01,95.17000083923341,95.17000083923341,190.34000167846682,0.19545467199785002,1
36,230.88600345563984,944.1000061035156,813.793337123128,1757.8933432266435,0.6666666666666666,2,0,1.0,0.6666666666666666,1.0,0,0,1,1,0,0,6,0,0.0,1.0,1082.0860766978274,0.0,1,6,0,2024-08-01,94.41000061035157,81.37933371231281,175.78933432266436,0.0499217394538332,1
37,131.58000068664532,1040.800006866455,1040.800006866455,2081.60001373291,0.3333333333333333,4,0,1.0,0.3333333333333333,1.0,0,0,1,1,0,0,6,0,0.04517672235532119,1.0,993.7800739288328,0.0,1,6,0,2024-08-01,104.08000068664552,104.08000068664552,208.16000137329104,0.1572623725683705,1
38,593.2219898482723,1010.700008392334,463.86446504895736,1474.5644734412913,0.0,6,0,0.0,0.0,1.0,0,0,1,0,0,2,4,0,0.0,1.0,1338.9220020553034,0.0,1,6,0,2024-08-01,101.0700008392334,46.38644650489574,147.45644734412915,0.08763463476943607,1
39,158.12000236511233,0.0,922.200008392334,922.200008392334,1.0,0,1,1.0,1.0,1.0,1,1,1,1,1,6,0,0,0.0,1.0,865.3200145721436,0.0,1,6,0,2024-08-01,0.0,92.2200008392334,92.2200008392334,7.859384907250364e-09,0
40,927.0600036621094,891.4000091552734,0.0,891.4000091552734,0.0,6,0,0.0,1.0,1.0,0,1,1,0,1,6,0,0,0.0,0.0,1606.7600158691407,0.0,1,6,0,2024-08-01,89.14000091552735,0.0,89.14000091552735,6.847111890930503e-09,1
41,95.18232365231643,855.7133344014485,864.5000038146973,1720.2133382161458,0.0,6,0,1.0,0.0,1.0,0,0,1,1,0,0,6,0,0.08172243123563501,0.9967407484910482,785.7823602734102,2.8176229419218544,1,6,0,2024-08-01,85.57133344014485,86.45000038146974,172.02133382161458,0.11290403577372493,1
42,78.70000038146975,787.0000038146973,787.0000038146973,1574.0000076293945,1.0,0,1,1.0,1.0,1.0,1,1,1,1,1,6,0,0,0.004320099069287034,0.9038119527978572,783.6000858306885,75.69999351501463,1,6,0,2024-08-01,78.70000038146974,78.70000038146974,157.40000076293947,2.181211909249391e-09,0
43,73.2000003814697,732.0000038146973,732.0000038146973,1464.0000076293945,1.0,0,1,1.0,1.0,1.0,1,1,1,1,1,6,0,0,0.0008196601408053429,0.8890710476887237,731.400012588501,81.19999351501467,1,6,0,2024-08-01,73.20000038146974,73.20000038146974,146.40000076293947,2.345100752237435e-09,0
44,73.52135589548948,577.0000038146973,559.4207199102309,1136.4207237249282,1.0,0,1,1.0,1.0,1.0,1,1,1,1,1,6,0,0,0.0,0.8014094311085811,707.5214169306457,111.0956790166199,1,6,0,2024-08-01,57.70000038146973,55.94207199102309,113.64207237249282,1.0737189877765916e-09,0
45,70.30000114440918,511.00000381469727,511.00000381469727,1022.0000076293945,1.0,0,1,1.0,1.0,1.0,1,1,1,1,1,0,6,0,0.0,0.8658083834279847,635.5999889373779,68.5719165802002,1,6,0,2024-08-01,51.10000038146973,51.10000038146973,102.20000076293945,1.866290233438195e-09,0
46,62.596194997098124,472.50000381469727,472.50000381469727,945.0000076293945,0.8333333333333334,1,0,1.0,0.5,1.0,0,0,1,1,0,3,2,1,0.0,0.8640086427501751,531.1962316181919,64.25591681930813,1,6,0,2024-08-01,47.25000038146973,47.25000038146973,94.50000076293946,0.3212645684733888,1
47,48.41000061035155,484.1000061035156,484.1000061035156,968.2000122070312,1.0,0,1,1.0,1.0,1.0,1,1,1,1,1,0,0,6,0.1090476769541982,0.6561114932374976,431.3100250244141,166.47642822265627,1,6,0,2024-08-01,48.41000061035157,48.41000061035157,96.82000122070313,7.879977624026941e-10,0
0,0.0,0.0,0.0,0.0,1.0,0,1,1.0,1.0,1.0,1,1,1,1,1,0,0,6,0.0,0.0,246.39999389648438,291.8999938964844,0,6,1,2024-08-01,0.0,0.0,0.0,0.0,0
1,0.0,0.0,0.0,0.0,1.0,0,1,1.0,1.0,0.8333333333333334,1,1,0,1,1,0,0,6,0.0,0.0,246.39999389648438,291.8999938964844,0,6,1,2024-08-01,0.0,0.0,0.0,0.0,0
2,0.0,0.0,0.0,0.0,1.0,0,1,1.0,1.0,1.0,1,1,1,1,1,0,0,6,0.0,0.0,227.1999969482422,272.70001220703125,0,6,1,2024-08-01,0.0,0.0,0.0,0.0,0
3,0.0,0.0,0.0,0.0,1.0,0,1,1.0,1.0,0.3333333333333333,1,1,0,1,1,0,0,6,0.0,0.0,227.1999969482422,272.70001220703125,0,6,1,2024-08-01,0.0,0.0,0.0,0.0,0
4,0.0,0.0,0.0,0.0,1.0,0,1,1.0,1.0,0.6666666666666666,1,1,0,1,1,0,0,6,0.0,0.0,199.6999969482422,245.1999969482422,0,6,1,2024-08-01,0.0,0.0,0.0,0.0,0
5,0.0,0.0,0.0,0.0,1.0,0,1,1.0,1.0,0.8333333333333334,1,1,0,1,1,0,0,6,0.0,0.0,199.6999969482422,245.1999969482422,0,6,1,2024-08-01,0.0,0.0,0.0,0.0,0
6,0.0,0.0,0.0,0.0,1.0,0,1,1.0,1.0,0.0,1,1,0,1,1,0,0,6,0.0,0.0,200.22999572753906,245.1999969482422,0,6,1,2024-08-01,0.0,0.0,0.0,0.0,0
7,0.0,0.0,0.0,0.0,1.0,0,1,1.0,1.0,0.5,1,1,0,1,1,0,0,6,0.0,0.0,198.1999969482422,217.6999969482422,0,6,1,2024-08-01,0.0,0.0,0.0,0.0,0
8,0.0,0.0,0.0,0.0,1.0,0,1,1.0,1.0,1.0,1,1,1,1,1,0,0,6,0.0,0.0,198.1999969482422,217.6999969482422,0,6,1,2024-08-01,0.0,0.0,0.0,0.0,0
9,0.0,0.0,0.0,0.0,1.0,0,1,1.0,1.0,0.0,1,1,0,1,1,0,0,6,0.0,0.0,198.1999969482422,217.6999969482422,0,6,1,2024-08-01,0.0,0.0,0.0,0.0,0
10,0.0,0.0,0.0,0.0,1.0,0,1,1.0,1.0,0.0,1,1,0,1,1,0,0,6,0.0,0.0,198.1999969482422,217.6999969482422,0,6,1,2024-08-01,0.0,0.0,0.0,0.0,0
11,0.0,0.0,0.0,0.0,1.0,0,1,1.0,1.0,0.8333333333333334,1,1,0,1,1,0,0,6,0.0,0.0,198.1999969482422,217.6999969482422,0,6,1,2024-08-01,0.0,0.0,0.0,0.0,0
12,0.0,0.0,0.0,0.0,1.0,0,1,1.0,1.0,1.0,1,1,1,1,1,0,0,6,0.0,0.0,258.29998779296875,297.79998779296875,0,6,1,2024-08-01,0.0,0.0,0.0,0.0,0
13,0.0,0.0,0.0,0.0,1.0,0,1,1.0,1.0,1.0,1,1,1,1,1,0,0,6,0.0,0.0,290.29998779296875,347.8000183105469,0,6,1,2024-08-01,0.0,0.0,0.0,0.0,0
14,0.0,0.0,0.0,0.0,1.0,0,1,1.0,1.0,1.0,1,1,1,1,1,0,0,6,0.0,0.0,347.9000244140625,405.4000244140625,0,6,1,2024-08-01,0.0,0.0,0.0,0.0,0
15,0.0,0.0,0.0,0.0,1.0,0,1,1.0,1.0,1.0,1,1,1,1,1,0,0,6,0.0,0.0,375.4000244140625,432.9000244140625,0,6,1,2024-08-01,0.0,0.0,0.0,0.0,0
16,0.0,0.0,0.0,0.0,1.0,0,1,1.0,1.0,0.0,1,1,0,1,1,0,0,6,0.0,0.0,460.60003662109375,518.1000366210938,0,6,1,2024-08-01,0.0,0.0,0.0,0.0,0
17,0.0,0.0,0.0,0.0,1.0,0,1,1.0,1.0,0.0,1,1,0,1,1,0,0,6,0.0,0.0,483.60003662109375,529.1000366210938,0,6,1,2024-08-01,0.0,0.0,0.0,0.0,0
18,41.32000045776364,284.00000381469727,303.2000045776367,587.200008392334,1.0,0,1,1.0,1.0,1.0,1,1,1,1,1,0,2,4,0.0,0.0,669.6199882507324,639.4799873352051,1,6,1,2024-08-01,28.400000381469727,30.320000457763673,58.7200008392334,0.06496178632049361,0
19,36.041425100823,408.2000045776367,408.2000045776367,816.4000091552734,1.0,0,1,1.0,1.0,1.0,1,1,1,1,1,4,2,0,0.0,0.0,661.6708806672292,633.2585626921458,1,6,1,2024-08-01,40.820000457763676,40.820000457763676,81.64000091552735,0.08312440084882987,0
20,31.99227210225591,535.1000061035156,535.1000061035156,1070.2000122070312,1.0,0,1,1.0,1.0,1.0,1,1,1,1,1,0,0,6,0.0,0.0,657.6936881178809,637.3077156907128,1,6,1,2024-08-01,53.51000061035157,53.51000061035157,107.02000122070314,6.343824133177961e-10,0
21,47.543323060875316,586.0500061035157,601.1000061035156,1187.1500122070313,1.0,0,1,1.0,1.0,1.0,1,1,1,1,1,0,1,5,0.0,0.0,681.5742068499378,651.9566769391247,1,6,1,2024-08-01,58.60500061035157,60.11000061035156,118.71500122070313,0.002275087116664775,0
22,68.28386863584784,563.4500076293946,578.5000076293945,1141.950015258789,1.0,0,1,1.0,1.0,1.0,1,1,1,1,1,3,3,0,0.0,0.0,747.5971010577229,700.4160825360271,1,6,1,2024-08-01,56.34500076293946,57.85000076293946,114.19500152587892,0.05462913540959989,0
23,-21.492823499714575,250.0,608.700008392334,858.700008392334,1.0,0,1,1.0,1.0,1.0,1,1,1,1,1,0,4,2,0.0,0.0,703.0663806018479,825.9928234997146,1,6,1,2024-08-01,25.0,60.8700008392334,85.8700008392334,0.203844314286076,0
24,65.82000083923339,658.200008392334,658.200008392334,1316.400016784668,1.0,0,1,1.0,1.0,1.0,1,1,1,1,1,1,5,0,0.0,0.0,922.903619003296,859.6799991607666,1,6,1,2024-08-01,65.8200008392334,65.8200008392334,131.6400016784668,0.1954546729325145,0
25,37.2858175377095,735.700008392334,735.700008392334,1471.400016784668,1.0,0,1,1.0,1.0,1.0,1,1,1,1,1,3,3,0,0.0,0.0,994.067922029897,962.7893777747905,1,6,1,2024-08-01,73.5700008392334,73.5700008392334,147.1400016784668,0.10109724413679731,0
26,83.57000083923327,835.700008392334,835.700008392334,1671.400016784668,1.0,0,1,1.0,1.0,1.0,1,1,1,1,1,1,5,0,0.0,0.0,1092.4546443939207,951.6300724029543,1,6,1,2024-08-01,83.5700008392334,83.5700008392334,167.1400016784668,0.10559045894727181,0
27,0.0,0.0,0.0,0.0,1.0,0,1,1.0,1.0,0.0,1,1,0,1,1,0,0,6,0.0,0.0,992.2290649414062,1004.5000610351562,0,6,1,2024-08-01,0.0,0.0,0.0,0.0,0
28,104.83000126491089,0.0,1048.3000104624905,1048.3000104624905,1.0,0,1,1.0,1.0,1.0,1,1,1,1,1,0,4,2,0.0,0.24512337486390498,1048.0096277297546,791.3371740280579,1,6,1,2024-08-01,0.0,104.83000104624905,104.83000104624905,0.4583074947900016,0
29,151.23721568931654,1048.3000106811523,1048.3000106811523,2096.6000213623047,1.0,0,1,1.0,1.0,1.0,1,1,1,1,1,1,5,0,0.0,0.36230300214546685,1057.5372645174416,668.4977696622459,1,6,1,2024-08-01,104.83000106811524,104.83000106811524,209.66000213623047,0.1887148504353756,0
30,164.24384023877218,1064.4333432515461,1067.600009918213,2132.033353169759,1.0,0,1,1.0,1.0,1.0,1,1,1,1,1,2,4,0,0.0,0.40977952967203146,1092.5438890668972,630.1193799760715,1,6,1,2024-08-01,106.44333432515462,106.7600009918213,213.20333531697588,0.20699468787647432,0
31,186.50143905794783,1111.600009918213,1111.5999832424695,2223.1999931606824,0.16666666666666666,5,0,1.0,0.0,1.0,0,0,1,1,0,1,5,0,0.0,0.6457627084171403,1141.9014634720104,393.77016738736467,1,6,1,2024-08-01,111.16000099182129,111.15999832424696,222.31999931606825,0.41666666881737796,1
32,225.5816375585725,1119.9000091552734,1119.9000091552734,2239.800018310547,1.0,0,1,1.0,1.0,1.0,1,1,1,1,1,4,2,0,0.0,0.7610484852077236,1230.8816253515413,267.60180360353684,1,6,1,2024-08-01,111.99000091552735,111.99000091552735,223.9800018310547,0.02695926526258152,0
33,110.34000089407598,0.0,1103.4000091552734,1103.4000091552734,1.0,0,1,1.0,1.0,1.0,1,1,1,1,1,0,6,0,0.0,0.7130372785129073,967.2400253081385,316.6346695160803,1,6,1,2024-08-01,0.0,110.34000091552736,110.34000091552736,0.022466058398741568,0
34,160.07000160217277,0.0,1078.700008392334,1078.700008392334,1.0,0,1,1.0,1.0,1.0,1,1,1,1,1,0,6,0,0.0,0.7378169676297281,1012.0700016021727,282.81683921813976,1,6,1,2024-08-01,0.0,107.8700008392334,107.8700008392334,0.05391853283262155,0
35,281.85319635310356,951.700008392334,951.700008392334,1903.400016784668,0.5,3,0,1.0,0.5,1.0,0,0,1,1,0,0,6,0,0.0,0.9691373730384647,1126.0532085601349,29.371962338302694,1,6,1,2024-08-01,95.17000083923341,95.17000083923341,190.34000167846682,0.19545467199785002,1
36,230.88600345563984,944.1000061035156,813.793337123128,1757.8933432266435,1.0,0,1,1.0,1.0,1.0,1,1,1,1,1,0,6,0,0.0,0.9976572396178406,1079.4859790415774,1.90652278947735,1,6,1,2024-08-01,94.41000061035157,81.37933371231281,175.78933432266436,0.0499217394538332,0
37,131.58000068664532,1040.800006866455,1040.800006866455,2081.60001373291,0.3333333333333333,4,0,1.0,0.3333333333333333,1.0,0,0,1,1,0,0,6,0,0.16662178728630256,0.9744288166187914,867.3800495147703,26.614487838745305,1,6,1,2024-08-01,104.08000068664552,104.08000068664552,208.16000137329104,0.1572623725683705,1
38,593.2219898482723,1010.700008392334,463.86446504895736,1474.5644734412913,0.0,6,0,0.0,0.0,1.0,0,0,1,0,0,2,4,0,0.0,1.0,1329.0220386763972,0.0,1,6,1,2024-08-01,101.0700008392334,46.38644650489574,147.45644734412915,0.08763463476943607,1
39,158.12000236511233,0.0,922.200008392334,922.200008392334,1.0,0,1,1.0,1.0,1.0,1,1,1,1,1,6,0,0,0.0,0.9377588750562934,935.6200634002686,57.39876594543455,1,6,1,2024-08-01,0.0,92.2200008392334,92.2200008392334,7.859384907250364e-09,0
40,927.0600036621094,891.4000091552734,0.0,891.4000091552734,0.0,6,0,0.0,1.0,1.0,0,1,1,0,1,6,0,0,0.0,0.0,1685.3599914550782,0.0,1,6,1,2024-08-01,89.14000091552735,0.0,89.14000091552735,6.847111890930503e-09,1
41,95.18232365231643,855.7133344014485,864.5000038146973,1720.2133382161458,0.3333333333333333,4,0,1.0,0.3333333333333333,1.0,0,0,1,1,0,0,6,0,0.015345076215569766,0.9606504648400009,842.5823480663789,34.01767329592576,1,6,1,2024-08-01,85.57133344014485,86.45000038146974,172.02133382161458,0.11290403577372493,1
42,78.70000038146975,787.0000038146973,787.0000038146973,1574.0000076293945,1.0,0,1,1.0,1.0,1.0,1,1,1,1,1,6,0,0,0.0,0.8769165243761166,839.400012588501,96.86669578552244,1,6,1,2024-08-01,78.70000038146974,78.70000038146974,157.40000076293947,2.181211909249391e-09,0
43,73.2000003814697,732.0000038146973,732.0000038146973,1464.0000076293945,1.0,0,1,1.0,1.0,1.0,1,1,1,1,1,6,0,0,0.022404342805600042,0.8188979616900064,715.6000247955322,132.56669273376468,1,6,1,2024-08-01,73.20000038146974,73.20000038146974,146.40000076293947,2.345100752237435e-09,0
44,73.52135589548948,577.0000038146973,559.4207199102309,1136.4207237249282,1.0,0,1,1.0,1.0,1.0,1,1,1,1,1,6,0,0,0.0,0.7668463081131721,654.921380309552,130.4310061650574,1,6,1,2024-08-01,57.70000038146973,55.94207199102309,113.64207237249282,1.0737189877765916e-09,0
45,70.30000114440918,511.00000381469727,511.00000381469727,1022.0000076293945,1.0,0,1,1.0,1.0,1.0,1,1,1,1,1,0,6,0,0.0,0.763954265139449,596.7000255584717,120.61937141418457,1,6,1,2024-08-01,51.10000038146973,51.10000038146973,102.20000076293945,1.866290233438195e-09,0
46,62.596194997098124,472.50000381469727,472.50000381469727,945.0000076293945,0.8333333333333334,1,0,1.0,0.5,1.0,0,0,1,1,0,3,2,1,0.0,0.782332204659171,588.9962194111606,102.84803412887844,1,6,1,2024-08-01,47.25000038146973,47.25000038146973,94.50000076293946,0.3212645684733888,1
47,48.41000061035155,484.1000061035156,484.1000061035156,968.2000122070312,1.0,0,1,1.0,1.0,1.0,1,1,1,1,1,0,0,6,0.0,0.49819878838723264,574.810025024414,242.9219696044922,1,6,1,2024-08-01,48.41000061035157,48.41000061035157,96.82000122070313,7.879977624026941e-10,0
0,0.0,0.0,0.0,0.0,1.0,0,1,1.0,1.0,1.0,1,1,1,1,1,0,0,6,0.0,0.0,262.20001220703125,262.20001220703125,0,6,2,2024-08-01,0.0,0.0,0.0,0.0,0
1,0.0,0.0,0.0,0.0,1.0,0,1,1.0,1.0,1.0,1,1,1,1,1,0,0,6,0.0,0.0,262.20001220703125,262.20001220703125,0,6,2,2024-08-01,0.0,0.0,0.0,0.0,0
2,0.0,0.0,0.0,0.0,1.0,0,1,1.0,1.0,1.0,1,1,1,1,1,0,0,6,0.0,0.0,262.20001220703125,262.20001220703125,0,6,2,2024-08-01,0.0,0.0,0.0,0.0,0
3,0.0,0.0,0.0,0.0,1.0,0,1,1.0,1.0,1.0,1,1,1,1,1,0,0,6,0.0,0.0,262.20001220703125,262.20001220703125,0,6,2,2024-08-01,0.0,0.0,0.0,0.0,0
4,0.0,0.0,0.0,0.0,1.0,0,1,1.0,1.0,1.0,1,1,1,1,1,0,0,6,0.0,0.0,262.20001220703125,262.20001220703125,0,6,2,2024-08-01,0.0,0.0,0.0,0.0,0
5,0.0,0.0,0.0,0.0,1.0,0,1,1.0,1.0,0.3333333333333333,1,1,0,1,1,0,0,6,0.0,0.0,262.20001220703125,262.20001220703125,0,6,2,2024-08-01,0.0,0.0,0.0,0.0,0
6,0.0,0.0,0.0,0.0,1.0,0,1,1.0,1.0,0.0,1,1,0,1,1,0,0,6,0.0,0.0,234.6999969482422,234.6999969482422,0,6,2,2024-08-01,0.0,0.0,0.0,0.0,0
7,0.0,0.0,0.0,0.0,1.0,0,1,1.0,1.0,0.0,1,1,0,1,1,0,0,6,0.0,0.0,234.6999969482422,234.6999969482422,0,6,2,2024-08-01,0.0,0.0,0.0,0.0,0
8,0.0,0.0,0.0,0.0,1.0,0,1,1.0,1.0,0.6666666666666666,1,1,0,1,1,0,0,6,0.0,0.0,207.1999969482422,207.1999969482422,0,6,2,2024-08-01,0.0,0.0,0.0,0.0,0
9,0.0,0.0,0.0,0.0,1.0,0,1,1.0,1.0,0.0,1,1,0,1,1,0,0,6,0.0,0.0,207.1999969482422,207.1999969482422,0,6,2,2024-08-01,0.0,0.0,0.0,0.0,0
10,0.0,0.0,0.0,0.0,1.0,0,1,1.0,1.0,0.5,1,1,0,1,1,0,0,6,0.0,0.0,196.1999969482422,196.1999969482422,0,6,2,2024-08-01,0.0,0.0,0.0,0.0,0
11,0.0,0.0,0.0,0.0,1.0,0,1,1.0,1.0,0.0,1,1,0,1,1,0,0,6,0.0,0.0,196.1999969482422,196.1999969482422,0,6,2,2024-08-01,0.0,0.0,0.0,0.0,0
12,0.0,0.0,0.0,0.0,1.0,0,1,1.0,1.0,0.0,1,1,0,1,1,0,0,6,0.0,0.0,146.1999969482422,146.1999969482422,0,6,2,2024-08-01,0.0,0.0,0.0,0.0,0
13,0.0,0.0,0.0,0.0,1.0,0,1,1.0,1.0,0.0,1,1,0,1,1,0,0,6,0.0,0.0,165.39999389648438,165.39999389648438,0,6,2,2024-08-01,0.0,0.0,0.0,0.0,0
14,0.0,0.0,0.0,0.0,1.0,0,1,1.0,1.0,0.0,1,1,0,1,1,0,0,6,0.0,0.0,214.89999389648438,214.89999389648438,0,6,2,2024-08-01,0.0,0.0,0.0,0.0,0
15,0.0,0.0,0.0,0.0,1.0,0,1,1.0,1.0,0.0,1,1,0,1,1,0,0,6,0.0,0.0,225.89999389648438,225.89999389648438,0,6,2,2024-08-01,0.0,0.0,0.0,0.0,0
16,0.0,0.0,0.0,0.0,1.0,0,1,1.0,1.0,0.0,1,1,0,1,1,0,0,6,0.0,0.0,396.70001220703125,424.3000183105469,0,6,2,2024-08-01,0.0,0.0,0.0,0.0,0
17,0.0,0.0,0.0,0.0,1.0,0,1,1.0,1.0,0.0,1,1,0,1,1,0,0,6,0.0,0.0,456.3000183105469,489.60003662109375,0,6,2,2024-08-01,0.0,0.0,0.0,0.0,0
18,41.32000045776364,284.00000381469727,303.2000045776367,587.200008392334,1.0,0,1,1.0,1.0,1.0,1,1,1,1,1,0,2,4,0.0,0.0,497.6200187683105,448.2800361633301,1,6,2,2024-08-01,28.400000381469727,30.320000457763673,58.7200008392334,0.06496178632049361,0
19,36.041425100823,408.2000045776367,408.2000045776367,816.4000091552734,1.0,0,1,1.0,1.0,1.0,1,1,1,1,1,4,2,0,0.0,0.0,634.4192937531667,603.0586115202708,1,6,2,2024-08-01,40.820000457763676,40.820000457763676,81.64000091552735,0.08312440084882987,0
20,31.99227210225591,535.1000061035156,535.1000061035156,1070.2000122070312,1.0,0,1,1.0,1.0,1.0,1,1,1,1,1,0,0,6,0.0,0.0,675.5988394850684,631.2076790696191,1,6,2,2024-08-01,53.51000061035157,53.51000061035157,107.02000122070314,6.343824133177961e-10,0
21,47.543323060875316,586.0500061035157,601.1000061035156,1187.1500122070313,1.0,0,1,1.0,1.0,1.0,1,1,1,1,1,0,1,5,0.0,0.0,724.9005618304066,682.6702389508434,1,6,2,2024-08-01,58.60500061035157,60.11000061035156,118.71500122070313,0.002275087116664775,0
22,68.28386863584784,563.4500076293946,578.5000076293945,1141.950015258789,1.0,0,1,1.0,1.0,1.0,1,1,1,1,1,3,3,0,0.0,0.0,779.0353334795979,700.0535947430584,1,6,2,2024-08-01,56.34500076293946,57.85000076293946,114.19500152587892,0.05462913540959989,0
23,-21.492823499714575,250.0,608.700008392334,858.700008392334,1.0,0,1,1.0,1.0,1.0,1,1,1,1,1,0,4,2,0.0,0.0,739.5844470080979,845.7927502575271,1,6,2,2024-08-01,25.0,60.8700008392334,85.8700008392334,0.203844314286076,0
24,65.82000083923339,658.200008392334,658.200008392334,1316.400016784668,1.0,0,1,1.0,1.0,1.0,1,1,1,1,1,1,5,0,0.0,0.0,944.6467220306397,850.8831851959228,1,6,2,2024-08-01,65.8200008392334,65.8200008392334,131.6400016784668,0.1954546729325145,0
25,37.2858175377095,735.700008392334,735.700008392334,1471.400016784668,1.0,0,1,1.0,1.0,1.0,1,1,1,1,1,3,3,0,0.0,0.0,966.1483663658345,890.614206876353,1,6,2,2024-08-01,73.5700008392334,73.5700008392334,147.1400016784668,0.10109724413679731,0
26,83.57000083923327,835.700008392334,835.700008392334,1671.400016784668,1.0,0,1,1.0,1.0,1.0,1,1,1,1,1,1,5,0,0.0,0.0,1024.7139217376707,847.3251407623293,1,6,2,2024-08-01,83.5700008392334,83.5700008392334,167.1400016784668,0.10559045894727181,0
27,0.0,0.0,0.0,0.0,1.0,0,1,1.0,1.0,0.3333333333333333,1,1,0,1,1,0,0,6,0.0,0.0,940.8759765625,930.7000732421875,0,6,2,2024-08-01,0.0,0.0,0.0,0.0,0
28,104.83000126491089,0.0,1048.3000104624905,1048.3000104624905,1.0,0,1,1.0,1.0,1.0,1,1,1,1,1,0,4,2,0.0,0.22686738310901314,1045.7059778274108,810.4749303757142,1,6,2,2024-08-01,0.0,104.83000104624905,104.83000104624905,0.4583074947900016,0
29,151.23721568931654,1048.3000106811523,1048.3000106811523,2096.6000213623047,1.0,0,1,1.0,1.0,1.0,1,1,1,1,1,1,5,0,0.0,0.3087860641801874,1106.658480337754,724.5995763028709,1,6,2,2024-08-01,104.83000106811524,104.83000106811524,209.66000213623047,0.1887148504353756,0
30,164.24384023877218,1064.4333432515461,1067.600009918213,2132.033353169759,1.0,0,1,1.0,1.0,1.0,1,1,1,1,1,2,4,0,0.0,0.49639325220491165,1192.9439134809597,537.6505689409153,1,6,2,2024-08-01,106.44333432515462,106.7600009918213,213.20333531697588,0.20699468787647432,0
31,186.50143905794783,1111.600009918213,1111.5999832424695,2223.1999931606824,0.16666666666666666,5,0,1.0,0.0,1.0,0,0,1,1,0,1,5,0,0.0,0.7373672493817299,1184.4014634720104,291.9425611861928,1,6,2,2024-08-01,111.16000099182129,111.15999832424696,222.31999931606825,0.41666666881737796,1
32,225.5816375585725,1119.9000091552734,1119.9000091552734,2239.800018310547,1.0,0,1,1.0,1.0,1.0,1,1,1,1,1,4,2,0,0.0,0.8104263295143116,1192.5816375585725,212.30355531252124,1,6,2,2024-08-01,111.99000091552735,111.99000091552735,223.9800018310547,0.02695926526258152,0
33,110.34000089407598,0.0,1103.4000091552734,1103.4000091552734,1.0,0,1,1.0,1.0,1.0,1,1,1,1,1,0,6,0,0.0,0.7122081816922959,922.340000894076,317.5494949555334,1,6,2,2024-08-01,0.0,110.34000091552736,110.34000091552736,0.022466058398741568,0
34,160.07000160217277,0.0,1078.700008392334,1078.700008392334,1.0,0,1,1.0,1.0,1.0,1,1,1,1,1,0,6,0,0.0,0.7559314855338826,972.0700016021727,263.2767086029054,1,6,2,2024-08-01,0.0,107.8700008392334,107.8700008392334,0.05391853283262155,0
35,281.85319635310356,951.700008392334,951.700008392334,1903.400016784668,0.5,3,0,1.0,0.5,1.0,0,0,1,1,0,0,6,0,0.0,0.817352105355885,1121.3531963531036,173.82600286564644,1,6,2,2024-08-01,95.17000083923341,95.17000083923341,190.34000167846682,0.19545467199785002,1
36,230.88600345563984,944.1000061035156,813.793337123128,1757.8933432266435,1.0,0,1,1.0,1.0,1.0,1,1,1,1,1,0,6,0,0.0,0.7391133172076,1128.5859546275149,212.30784420061016,1,6,2,2024-08-01,94.41000061035157,81.37933371231281,175.78933432266436,0.0499217394538332,0
37,131.58000068664532,1040.800006866455,1040.800006866455,2081.60001373291,0.8333333333333334,1,0,1.0,0.8333333333333334,1.0,0,0,1,1,0,0,6,0,0.0,0.6879176971153627,1042.5800006866452,324.81526298522965,1,6,2,2024-08-01,104.08000068664552,104.08000068664552,208.16000137329104,0.1572623725683705,1
38,593.2219898482723,1010.700008392334,463.86446504895736,1474.5644734412913,0.3333333333333333,4,0,1.0,0.0,1.0,0,0,1,1,0,2,4,0,0.0,1.0,1631.6218921920222,0.0,1,6,2,2024-08-01,101.0700008392334,46.38644650489574,147.45644734412915,0.08763463476943607,1
39,158.12000236511233,0.0,922.200008392334,922.200008392334,1.0,0,1,1.0,1.0,1.0,1,1,1,1,1,6,0,0,0.0,0.8170392527339874,1119.6200023651122,168.72640266418455,1,6,2,2024-08-01,0.0,92.2200008392334,92.2200008392334,7.859384907250364e-09,0
40,927.0600036621094,891.4000091552734,0.0,891.4000091552734,0.0,6,0,0.0,1.0,1.0,0,1,1,0,1,6,0,0,0.0,0.0,1811.0600036621095,0.0,1,6,2,2024-08-01,89.14000091552735,0.0,89.14000091552735,6.847111890930503e-09,1
41,95.18232365231643,855.7133344014485,864.5000038146973,1720.2133382161458,0.5,3,0,1.0,0.5,1.0,0,0,1,1,0,0,6,0,0.0,0.8897438519778188,904.9823724804414,95.31644038576951,1,6,2,2024-08-01,85.57133344014485,86.45000038146974,172.02133382161458,0.11290403577372493,1
42,78.70000038146975,787.0000038146973,787.0000038146973,1574.0000076293945,1.0,0,1,1.0,1.0,1.0,1,1,1,1,1,6,0,0,0.028843745536543657,0.8762471540698392,764.2999759674072,97.39349021911619,1,6,2,2024-08-01,78.70000038146974,78.70000038146974,157.40000076293947,2.181211909249391e-09,0
43,73.2000003814697,732.0000038146973,732.0000038146973,1464.0000076293945,1.0,0,1,1.0,1.0,1.0,1,1,1,1,1,6,0,0,0.0,0.7748547597017196,766.9999881744385,164.80631675720218,1,6,2,2024-08-01,73.20000038146974,73.20000038146974,146.40000076293947,2.345100752237435e-09,0
44,73.52135589548948,577.0000038146973,559.4207199102309,1136.4207237249282,1.0,0,1,1.0,1.0,1.0,1,1,1,1,1,6,0,0,0.0,0.7235146160618042,720.621331481427,154.67165252736208,1,6,2,2024-08-01,57.70000038146973,55.94207199102309,113.64207237249282,1.0737189877765916e-09,0
45,70.30000114440918,511.00000381469727,511.00000381469727,1022.0000076293945,1.0,0,1,1.0,1.0,1.0,1,1,1,1,1,0,6,0,0.0,0.7140569204337393,728.2999401092529,146.1169147491455,1,6,2,2024-08-01,51.10000038146973,51.10000038146973,102.20000076293945,1.866290233438195e-09,0
46,62.596194997098124,472.50000381469727,472.50000381469727,945.0000076293945,0.8333333333333334,1,0,1.0,0.5,1.0,0,0,1,1,0,3,2,1,0.0,0.8044785041352189,701.3961217549106,92.38390754196438,1,6,2,2024-08-01,47.25000038146973,47.25000038146973,94.50000076293946,0.3212645684733888,1
47,48.41000061035155,484.1000061035156,484.1000061035156,968.2000122070312,1.0,0,1,1.0,1.0,1.0,1,1,1,1,1,0,0,6,0.0,0.4968304460149345,657.0099151611328,243.58438415527345,1,6,2,2024-08-01,48.41000061035157,48.41000061035157,96.82000122070313,7.879977624026941e-10,0
0,0.0,0.0,0.0,0.0,1.0,0,1,1.0,1.0,1.0,1,1,1,1,1,0,0,6,0.0,0.0,148.39999389648438,148.39999389648438,0,7,0,2024-08-01,0.0,0.0,0.0,0.0,0
1,0.0,0.0,0.0,0.0,1.0,0,1,1.0,1.0,1.0,1,1,1,1,1,0,0,6,0.0,0.0,167.59999084472656,167.59999084472656,0,7,0,2024-08-01,0.0,0.0,0.0,0.0,0
2,0.0,0.0,0.0,0.0,1.0,0,1,1.0,1.0,1.0,1,1,1,1,1,0,0,6,0.0,0.0,167.59999084472656,167.59999084472656,0,7,0,2024-08-01,0.0,0.0,0.0,0.0,0
3,0.0,0.0,0.0,0.0,1.0,0,1,1.0,1.0,1.0,1,1,1,1,1,0,0,6,0.0,0.0,195.09999084472656,195.09999084472656,0,7,0,2024-08-01,0.0,0.0,0.0,0.0,0
4,0.0,0.0,0.0,0.0,1.0,0,1,1.0,1.0,0.3333333333333333,1,1,0,1,1,0,0,6,0.0,0.0,167.59999084472656,167.59999084472656,0,7,0,2024-08-01,0.0,0.0,0.0,0.0,0
5,0.0,0.0,0.0,0.0,1.0,0,1,1.0,1.0,1.0,1,1,1,1,1,0,0,6,0.0,0.0,167.59999084472656,167.59999084472656,0,7,0,2024-08-01,0.0,0.0,0.0,0.0,0
6,0.0,0.0,0.0,0.0,1.0,0,1,1.0,1.0,1.0,1,1,1,1,1,0,0,6,0.0,0.0,167.59999084472656,167.59999084472656,0,7,0,2024-08-01,0.0,0.0,0.0,0.0,0
7,0.0,0.0,0.0,0.0,1.0,0,1,1.0,1.0,1.0,1,1,1,1,1,0,0,6,0.0,0.0,167.59999084472656,167.59999084472656,0,7,0,2024-08-01,0.0,0.0,0.0,0.0,0
8,0.0,0.0,0.0,0.0,1.0,0,1,1.0,1.0,0.6666666666666666,1,1,0,1,1,0,0,6,0.0,0.0,167.59999084472656,167.59999084472656,0,7,0,2024-08-01,0.0,0.0,0.0,0.0,0
9,0.0,0.0,0.0,0.0,1.0,0,1,1.0,1.0,0.0,1,1,0,1,1,0,0,6,0.0,0.0,167.59999084472656,167.59999084472656,0,7,0,2024-08-01,0.0,0.0,0.0,0.0,0
10,0.0,0.0,0.0,0.0,1.0,0,1,1.0,1.0,0.0,1,1,0,1,1,0,0,6,0.0,0.0,167.59999084472656,167.59999084472656,0,7,0,2024-08-01,0.0,0.0,0.0,0.0,0
11,0.0,0.0,0.0,0.0,1.0,0,1,1.0,1.0,0.3333333333333333,1,1,0,1,1,0,0,6,0.0,0.0,140.09999084472656,140.09999084472656,0,7,0,2024-08-01,0.0,0.0,0.0,0.0,0
12,0.0,0.0,0.0,0.0,1.0,0,1,1.0,1.0,1.0,1,1,1,1,1,0,0,6,0.0,0.0,167.59999084472656,167.59999084472656,0,7,0,2024-08-01,0.0,0.0,0.0,0.0,0
13,0.0,0.0,0.0,0.0,1.0,0,1,1.0,1.0,1.0,1,1,1,1,1,0,0,6,0.0,0.0,274.0,283.5,0,7,0,2024-08-01,0.0,0.0,0.0,0.0,0
14,0.0,0.0,0.0,0.0,1.0,0,1,1.0,1.0,1.0,1,1,1,1,1,0,0,6,0.0,0.0,414.20001220703125,457.70001220703125,0,7,0,2024-08-01,0.0,0.0,0.0,0.0,0
15,0.0,0.0,0.0,0.0,1.0,0,1,1.0,1.0,0.8333333333333334,1,1,0,1,1,0,0,6,0.0,0.0,425.20001220703125,468.70001220703125,0,7,0,2024-08-01,0.0,0.0,0.0,0.0,0
16,0.0,0.0,0.0,0.0,1.0,0,1,1.0,1.0,0.0,1,1,0,1,1,0,0,6,0.0,0.0,425.20001220703125,468.70001220703125,0,7,0,2024-08-01,0.0,0.0,0.0,0.0,0
17,0.0,0.0,0.0,0.0,1.0,0,1,1.0,1.0,0.0,1,1,0,1,1,0,0,6,0.0,0.0,464.20001220703125,515.4000244140625,0,7,0,2024-08-01,0.0,0.0,0.0,0.0,0
18,41.32000045776364,284.00000381469727,303.2000045776367,587.200008392334,1.0,0,1,1.0,1.0,1.0,1,1,1,1,1,0,0,6,0.0,0.0,744.1765068054199,719.2800361633301,1,7,0,2024-08-01,28.400000381469727,30.320000457763673,58.7200008392334,1.2992837380059546e-09,0
19,36.041425100823,408.2000045776367,408.2000045776367,816.4000091552734,1.0,0,1,1.0,1.0,1.0,1,1,1,1,1,6,0,0,0.0,0.0,753.600751272698,741.1586481413646,1,7,0,2024-08-01,40.820000457763676,40.820000457763676,81.64000091552735,0.14583333609777466,0
20,31.99227210225591,535.1000061035156,535.1000061035156,1070.2000122070312,1.0,0,1,1.0,1.0,1.0,1,1,1,1,1,1,0,5,0.0,0.0,712.1867911452247,714.4077523118066,1,7,0,2024-08-01,53.51000061035157,53.51000061035157,107.02000122070314,0.012500000396750992,0
21,47.543323060875316,586.0500061035157,601.1000061035156,1187.1500122070313,1.0,0,1,1.0,1.0,1.0,1,1,1,1,1,0,0,6,0.0,0.0,796.2520632952503,768.0567135602184,1,7,0,2024-08-01,58.60500061035157,60.11000061035156,118.71500122070313,3.840882635662456e-10,0
22,68.28386863584784,563.4500076293946,578.5000076293945,1141.950015258789,1.0,0,1,1.0,1.0,1.0,1,1,1,1,1,6,0,0,0.0,0.0,863.5693300616291,827.0161191571209,1,7,0,2024-08-01,56.34500076293946,57.85000076293946,114.19500152587892,1.5355519910768503e-09,0
23,-21.492823499714575,250.0,608.700008392334,858.700008392334,1.0,0,1,1.0,1.0,1.0,1,1,1,1,1,0,0,6,0.0,0.0,813.3186389026291,955.1928967419021,1,7,0,2024-08-01,25.0,60.8700008392334,85.8700008392334,9.929193433895184e-10,0
24,65.82000083923339,658.200008392334,658.200008392334,1316.400016784668,1.0,0,1,1.0,1.0,1.0,1,1,1,1,1,6,0,0,0.0,0.0,911.6520320892334,928.880072402954,1,7,0,2024-08-01,65.8200008392334,65.8200008392334,131.6400016784668,0.25416666746356864,0
25,37.2858175377095,735.700008392334,735.700008392334,1471.400016784668,1.0,0,1,1.0,1.0,1.0,1,1,1,1,1,6,0,0,0.0,0.0,843.008107576772,984.914255704478,1,7,0,2024-08-01,73.5700008392334,73.5700008392334,147.1400016784668,0.09166666874747154,0
26,83.57000083923327,835.700008392334,835.700008392334,1671.400016784668,1.0,0,1,1.0,1.0,1.0,1,1,1,1,1,6,0,0,0.14522832478376949,0.0,714.3326961517332,1051.7299259185793,1,7,0,2024-08-01,83.5700008392334,83.5700008392334,167.1400016784668,0.21666666894900305,0
27,0.0,0.0,0.0,0.0,1.0,0,1,1.0,1.0,0.0,1,1,0,1,1,0,0,6,0.0,0.0,610.179931640625,1125.9033203125,0,7,0,2024-08-01,0.0,0.0,0.0,0.0,0
28,104.83000126491089,0.0,1048.3000104624905,1048.3000104624905,1.0,0,1,1.0,1.0,1.0,1,1,1,1,1,0,0,6,0.0,0.10925299334932073,661.5493005813171,933.7700963913392,1,7,0,2024-08-01,0.0,104.83000104624905,104.83000104624905,5.40058944082381e-10,0
29,151.23721568931654,1048.3000106811523,1048.3000106811523,2096.6000213623047,1.0,0,1,1.0,1.0,1.0,1,1,1,1,1,6,0,0,0.32086331139758023,0.16868956729637982,711.9389979158791,871.4627354825584,1,7,0,2024-08-01,104.83000106811524,104.83000106811524,209.66000213623047,1.2184254943422121e-09,0
30,164.24384023877218,1064.4333432515461,1067.600009918213,2132.033353169759,1.0,0,1,1.0,1.0,1.0,1,1,1,1,1,6,0,0,0.3165400464053466,0.20620447446602683,727.4975633833035,847.4561109331028,1,7,0,2024-08-01,106.44333432515462,106.7600009918213,213.20333531697588,2.2464720930831933e-09,0
31,186.50143905794783,1111.600009918213,1111.5999832424695,2223.1999931606824,1.0,0,1,1.0,1.0,1.0,1,1,1,1,1,6,0,0,0.33353922526633517,0.2749203192761812,740.8378038040416,805.9985609420521,1,7,0,2024-08-01,111.16000099182129,111.15999832424696,222.31999931606825,2.1283627087331176e-09,0
32,225.5816375585725,1119.9000091552734,1119.9000091552734,2239.800018310547,1.0,0,1,1.0,1.0,1.0,1,1,1,1,1,6,0,0,0.3045000374617832,0.30536801849997164,778.8904144140413,777.9183624414275,1,7,0,2024-08-01,111.99000091552735,111.99000091552735,223.9800018310547,1.3559639744317964e-09,0
33,110.34000089407598,0.0,1103.4000091552734,1103.4000091552734,1.0,0,1,1.0,1.0,1.0,1,1,1,1,1,0,6,0,0.0,0.174678274832447,567.3955428862635,910.659999105924,1,7,0,2024-08-01,0.0,110.34000091552736,110.34000091552736,2.7852176419155454e-09,0
34,160.07000160217277,0.0,1078.700008392334,1078.700008392334,1.0,0,1,1.0,1.0,1.0,1,1,1,1,1,0,6,0,0.0,0.25852413406027935,566.6410465240477,799.8300228118898,1,7,0,2024-08-01,0.0,107.8700008392334,107.8700008392334,5.304575821993934e-09,0
35,281.85319635310356,951.700008392334,951.700008392334,1903.400016784668,1.0,0,1,1.0,1.0,1.0,1,1,1,1,1,0,6,0,0.19350024531069318,0.2578051805976875,767.5458233062286,706.3468158539276,1,7,0,2024-08-01,95.17000083923341,95.17000083923341,190.34000167846682,7.405755526900996e-09,0
36,230.88600345563984,944.1000061035156,813.793337123128,1757.8933432266435,1.0,0,1,1.0,1.0,1.0,1,1,1,1,1,6,0,0,0.1615142549596266,0.055885599324900295,791.6143970103274,768.3140087513914,1,7,0,2024-08-01,94.41000061035157,81.37933371231281,175.78933432266436,1.0630484393220056e-09,0
37,131.58000068664532,1040.800006866455,1040.800006866455,2081.60001373291,1.0,0,1,1.0,1.0,1.0,1,1,1,1,1,0,6,0,0.3478523941753489,0.21317367024567327,678.7552326202391,818.9288494110109,1,7,0,2024-08-01,104.08000068664552,104.08000068664552,208.16000137329104,5.497739045545669e-10,0
38,593.2219898482723,1010.700008392334,463.86446504895736,1474.5644734412913,1.0,0,1,1.0,1.0,1.0,1,1,1,1,1,6,0,0,0.0,0.3529104234839283,1140.1846363326472,300.16186024938395,1,7,0,2024-08-01,101.0700008392334,46.38644650489574,147.45644734412915,3.380653162914195e-09,0
39,158.12000236511233,0.0,922.200008392334,922.200008392334,1.0,0,1,1.0,1.0,1.0,1,1,1,1,1,6,0,0,0.0,0.14580380429719647,925.0507884979248,787.7397388458252,1,7,0,2024-08-01,0.0,92.2200008392334,92.2200008392334,7.859384907250364e-09,0
40,927.0600036621094,891.4000091552734,0.0,891.4000091552734,1.0,0,1,1.0,1.0,1.0,1,1,1,1,1,6,0,0,0.0,0.0,1674.5046447753907,0.0,1,7,0,2024-08-01,89.14000091552735,0.0,89.14000091552735,6.847111890930503e-09,0
41,95.18232365231643,855.7133344014485,864.5000038146973,1720.2133382161458,1.0,0,1,1.0,1.0,1.0,1,1,1,1,1,0,6,0,0.0,0.20932448026829575,971.6823236523164,683.5389898242461,1,7,0,2024-08-01,85.57133344014485,86.45000038146974,172.02133382161458,2.103338757601217e-09,0
42,78.70000038146975,787.0000038146973,787.0000038146973,1574.0000076293945,1.0,0,1,1.0,1.0,1.0,1,1,1,1,1,6,0,0,0.0,0.1662927151754265,900.3000370025635,656.1276363372803,1,7,0,2024-08-01,78.70000038146974,78.70000038146974,157.40000076293947,0.008333335151009928,0
43,73.2000003814697,732.0000038146973,732.0000038146973,1464.0000076293945,1.0,0,1,1.0,1.0,1.0,1,1,1,1,1,6,0,0,0.0,0.03068733147226487,912.9114261627197,709.5368770599365,1,7,0,2024-08-01,73.20000038146974,73.20000038146974,146.40000076293947,0.20000000338736776,0
44,73.52135589548948,577.0000038146973,559.4207199102309,1136.4207237249282,1.0,0,1,1.0,1.0,1.0,1,1,1,1,1,6,0,0,0.0,0.0,906.954827575177,740.3570010381043,1,7,0,2024-08-01,57.70000038146973,55.94207199102309,113.64207237249282,1.0737189877765916e-09,0
45,70.30000114440918,511.00000381469727,511.00000381469727,1022.0000076293945,1.0,0,1,1.0,1.0,1.0,1,1,1,1,1,3,3,0,0.0,0.0,758.8529186248779,619.4490833282471,1,7,0,2024-08-01,51.10000038146973,51.10000038146973,102.20000076293945,0.05000000093314512,0
46,62.596194997098124,472.50000381469727,472.50000381469727,945.0000076293945,1.0,0,1,1.0,1.0,1.0,1,1,1,1,1,0,0,6,0.0,0.0,753.0916783955356,627.1528894755581,1,7,0,2024-08-01,47.25000038146973,47.25000038146973,94.50000076293946,2.3687739691227587e-10,0
47,48.41000061035155,484.1000061035156,484.1000061035156,968.2000122070312,1.0,0,1,1.0,1.0,1.0,1,1,1,1,1,0,0,6,0.0,0.0,751.2021759033203,650.1390716552735,1,7,0,2024-08-01,48.41000061035157,48.41000061035157,96.82000122070313,7.879977624026941e-10,0
0,0.0,0.0,0.0,0.0,1.0,0,1,1.0,1.0,1.0,1,1,1,1,1,0,0,6,0.0,0.0,316.5999755859375,330.5999755859375,0,7,1,2024-08-01,0.0,0.0,0.0,0.0,0
1,0.0,0.0,0.0,0.0,1.0,0,1,1.0,1.0,1.0,1,1,1,1,1,0,0,6,0.0,0.0,316.5999755859375,330.5999755859375,0,7,1,2024-08-01,0.0,0.0,0.0,0.0,0
2,0.0,0.0,0.0,0.0,1.0,0,1,1.0,1.0,0.5,1,1,0,1,1,0,0,6,0.0,0.0,289.0999755859375,303.0999755859375,0,7,1,2024-08-01,0.0,0.0,0.0,0.0,0
3,0.0,0.0,0.0,0.0,1.0,0,1,1.0,1.0,0.0,1,1,0,1,1,0,0,6,0.0,0.0,289.0999755859375,303.0999755859375,0,7,1,2024-08-01,0.0,0.0,0.0,0.0,0
4,0.0,0.0,0.0,0.0,1.0,0,1,1.0,1.0,0.0,1,1,0,1,1,0,0,6,0.0,0.0,269.8999938964844,283.8999938964844,0,7,1,2024-08-01,0.0,0.0,0.0,0.0,0
5,0.0,0.0,0.0,0.0,1.0,0,1,1.0,1.0,0.0,1,1,0,1,1,0,0,6,0.0,0.0,266.5816650390625,272.8999938964844,0,7,1,2024-08-01,0.0,0.0,0.0,0.0,0
6,0.0,0.0,0.0,0.0,1.0,0,1,1.0,1.0,0.16666666666666666,1,1,0,1,1,0,0,6,0.0,0.0,211.89999389648438,217.89999389648438,0,7,1,2024-08-01,0.0,0.0,0.0,0.0,0
7,0.0,0.0,0.0,0.0,1.0,0,1,1.0,1.0,0.0,1,1,0,1,1,0,0,6,0.0,0.0,214.39999389648438,206.89999389648438,0,7,1,2024-08-01,0.0,0.0,0.0,0.0,0
8,0.0,0.0,0.0,0.0,1.0,0,1,1.0,1.0,0.0,1,1,0,1,1,0,0,6,0.0,0.0,214.39999389648438,206.89999389648438,0,7,1,2024-08-01,0.0,0.0,0.0,0.0,0
9,0.0,0.0,0.0,0.0,1.0,0,1,1.0,1.0,0.8333333333333334,1,1,0,1,1,0,0,6,0.0,0.0,186.89999389648438,179.39999389648438,0,7,1,2024-08-01,0.0,0.0,0.0,0.0,0
10,0.0,0.0,0.0,0.0,1.0,0,1,1.0,1.0,0.8333333333333334,1,1,0,1,1,0,0,6,0.0,0.0,186.89999389648438,179.39999389648438,0,7,1,2024-08-01,0.0,0.0,0.0,0.0,0
11,0.0,0.0,0.0,0.0,1.0,0,1,1.0,1.0,0.0,1,1,0,1,1,0,0,6,0.0,0.0,186.89999389648438,179.39999389648438,0,7,1,2024-08-01,0.0,0.0,0.0,0.0,0
12,0.0,0.0,0.0,0.0,1.0,0,1,1.0,1.0,0.0,1,1,0,1,1,0,0,6,0.0,0.0,289.6000061035156,284.3999938964844,0,7,1,2024-08-01,0.0,0.0,0.0,0.0,0
13,0.0,0.0,0.0,0.0,1.0,0,1,1.0,1.0,0.0,1,1,0,1,1,0,0,6,0.0,0.0,369.29998779296875,369.5999755859375,0,7,1,2024-08-01,0.0,0.0,0.0,0.0,0
14,0.0,0.0,0.0,0.0,1.0,0,1,1.0,1.0,0.0,1,1,0,1,1,0,0,6,0.0,0.0,481.79998779296875,502.0999755859375,0,7,1,2024-08-01,0.0,0.0,0.0,0.0,0
15,0.0,0.0,0.0,0.0,1.0,0,1,1.0,1.0,0.0,1,1,0,1,1,0,0,6,0.0,0.0,481.79998779296875,502.0999755859375,0,7,1,2024-08-01,0.0,0.0,0.0,0.0,0
16,0.0,0.0,0.0,0.0,1.0,0,1,1.0,1.0,0.0,1,1,0,1,1,0,0,6,0.0,0.0,500.4999694824219,521.2999877929688,0,7,1,2024-08-01,0.0,0.0,0.0,0.0,0
17,0.0,0.0,0.0,0.0,1.0,0,1,1.0,1.0,0.0,1,1,0,1,1,0,0,6,0.0,0.0,592.0,614.7999877929688,0,7,1,2024-08-01,0.0,0.0,0.0,0.0,0
18,41.32000045776364,284.00000381469727,303.2000045776367,587.200008392334,1.0,0,1,1.0,1.0,1.0,1,1,1,1,1,0,0,6,0.0,0.0,770.7748344421386,735.7799751281739,1,7,1,2024-08-01,28.400000381469727,30.320000457763673,58.7200008392334,1.2992837380059546e-09,0
19,36.041425100823,408.2000045776367,408.2000045776367,816.4000091552734,1.0,0,1,1.0,1.0,1.0,1,1,1,1,1,6,0,0,0.0,0.0,677.4629338898854,675.1585871062083,1,7,1,2024-08-01,40.820000457763676,40.820000457763676,81.64000091552735,0.14583333609777466,0
20,31.99227210225591,535.1000061035156,535.1000061035156,1070.2000122070312,1.0,0,1,1.0,1.0,1.0,1,1,1,1,1,1,0,5,0.0,0.0,669.9973380202247,679.2077401047753,1,7,1,2024-08-01,53.51000061035157,53.51000061035157,107.02000122070314,0.012500000396750992,0
21,47.543323060875316,586.0500061035157,601.1000061035156,1187.1500122070313,1.0,0,1,1.0,1.0,1.0,1,1,1,1,1,0,0,6,0.0,0.0,693.4063601702503,693.8567013531872,1,7,1,2024-08-01,58.60500061035157,60.11000061035156,118.71500122070313,3.840882635662456e-10,0
22,68.28386863584784,563.4500076293946,578.5000076293945,1141.950015258789,1.0,0,1,1.0,1.0,1.0,1,1,1,1,1,6,0,0,0.0,0.0,788.8723696124104,747.3161069500896,1,7,1,2024-08-01,56.34500076293946,57.85000076293946,114.19500152587892,1.5355519910768503e-09,0
23,-21.492823499714575,250.0,608.700008392334,858.700008392334,1.0,0,1,1.0,1.0,1.0,1,1,1,1,1,0,0,6,0.0,0.0,836.2541247424729,975.5927990856521,1,7,1,2024-08-01,25.0,60.8700008392334,85.8700008392334,9.929193433895184e-10,0
24,65.82000083923339,658.200008392334,658.200008392334,1316.400016784668,1.0,0,1,1.0,1.0,1.0,1,1,1,1,1,6,0,0,0.0,0.0,882.3243953704834,890.9799869537353,1,7,1,2024-08-01,65.8200008392334,65.8200008392334,131.6400016784668,0.25416666746356864,0
25,37.2858175377095,735.700008392334,735.700008392334,1471.400016784668,1.0,0,1,1.0,1.0,1.0,1,1,1,1,1,6,0,0,0.0,0.0,759.221242342397,927.7142434974468,1,7,1,2024-08-01,73.5700008392334,73.5700008392334,147.1400016784668,0.09166666874747154,0
26,83.57000083923327,835.700008392334,835.700008392334,1671.400016784668,1.0,0,1,1.0,1.0,1.0,1,1,1,1,1,6,0,0,0.07349759254353018,0.0,774.2780696868895,989.1300724029543,1,7,1,2024-08-01,83.5700008392334,83.5700008392334,167.1400016784668,0.21666666894900305,0
27,0.0,0.0,0.0,0.0,1.0,0,1,1.0,1.0,0.0,1,1,0,1,1,0,0,6,0.0,0.0,644.590576171875,1064.5,0,7,1,2024-08-01,0.0,0.0,0.0,0.0,0
28,104.83000126491089,0.0,1048.3000104624905,1048.3000104624905,1.0,0,1,1.0,1.0,1.0,1,1,1,1,1,0,0,6,0.0,0.0478202911638672,834.6997522414733,998.1699987350892,1,7,1,2024-08-01,0.0,104.83000104624905,104.83000104624905,5.40058944082381e-10,0
29,151.23721568931654,1048.3000106811523,1048.3000106811523,2096.6000213623047,1.0,0,1,1.0,1.0,1.0,1,1,1,1,1,6,0,0,0.20188941495258908,0.08216846425522518,836.6593348299416,962.1628087247459,1,7,1,2024-08-01,104.83000106811524,104.83000106811524,209.66000213623047,1.2184254943422121e-09,0
30,164.24384023877218,1064.4333432515461,1067.600009918213,2132.033353169759,1.0,0,1,1.0,1.0,1.0,1,1,1,1,1,6,0,0,0.36347297135698253,0.22990241987888863,677.5405931684597,822.1561841752903,1,7,1,2024-08-01,106.44333432515462,106.7600009918213,213.20333531697588,2.2464720930831933e-09,0
31,186.50143905794783,1111.600009918213,1111.5999832424695,2223.1999931606824,1.0,0,1,1.0,1.0,1.0,1,1,1,1,1,6,0,0,0.3585581483574714,0.2705122367933357,713.0267686477916,810.8985853561146,1,7,1,2024-08-01,111.16000099182129,111.15999832424696,222.31999931606825,2.1283627087331176e-09,0
32,225.5816375585725,1119.9000091552734,1119.9000091552734,2239.800018310547,1.0,0,1,1.0,1.0,1.0,1,1,1,1,1,6,0,0,0.30870170216172976,0.32063721704104126,774.1849700781038,760.81838685549,1,7,1,2024-08-01,111.99000091552735,111.99000091552735,223.9800018310547,1.3559639744317964e-09,0
33,110.34000089407598,0.0,1103.4000091552734,1103.4000091552734,1.0,0,1,1.0,1.0,1.0,1,1,1,1,1,0,6,0,0.0,0.2792640664052173,576.8729903960291,795.2600357270178,1,7,1,2024-08-01,0.0,110.34000091552736,110.34000091552736,2.7852176419155454e-09,0
34,160.07000160217277,0.0,1078.700008392334,1078.700008392334,1.0,0,1,1.0,1.0,1.0,1,1,1,1,1,0,6,0,0.0,0.3598498483253816,566.9973697662352,690.5299739837648,1,7,1,2024-08-01,0.0,107.8700008392334,107.8700008392334,5.304575821993934e-09,0
35,281.85319635310356,951.700008392334,951.700008392334,1903.400016784668,1.0,0,1,1.0,1.0,1.0,1,1,1,1,1,0,6,0,0.24040669560697392,0.3734928706418692,722.9049541656036,596.2468402679901,1,7,1,2024-08-01,95.17000083923341,95.17000083923341,190.34000167846682,7.405755526900996e-09,0
36,230.88600345563984,944.1000061035156,813.793337123128,1757.8933432266435,1.0,0,1,1.0,1.0,1.0,1,1,1,1,1,6,0,0,0.1776965554173838,0.17422022110768123,776.3366870493899,672.0140819935789,1,7,1,2024-08-01,94.41000061035157,81.37933371231281,175.78933432266436,1.0630484393220056e-09,0
37,131.58000068664532,1040.800006866455,1040.800006866455,2081.60001373291,1.0,0,1,1.0,1.0,1.0,1,1,1,1,1,0,6,0,0.279431151746417,0.24315906711696256,749.9680622100828,787.7200481414797,1,7,1,2024-08-01,104.08000068664552,104.08000068664552,208.16000137329104,5.497739045545669e-10,0
38,593.2219898482723,1010.700008392334,463.86446504895736,1474.5644734412913,1.0,0,1,1.0,1.0,1.0,1,1,1,1,1,6,0,0,0.0,0.5869957447064266,1208.0081836959284,191.57799794469645,1,7,1,2024-08-01,101.0700008392334,46.38644650489574,147.45644734412915,3.380653162914195e-09,0
39,158.12000236511233,0.0,922.200008392334,922.200008392334,1.0,0,1,1.0,1.0,1.0,1,1,1,1,1,6,0,0,0.0,0.2996313253554979,871.0217967987061,645.8799976348877,1,7,1,2024-08-01,0.0,92.2200008392334,92.2200008392334,7.859384907250364e-09,0
40,927.0600036621094,891.4000091552734,0.0,891.4000091552734,0.0,6,0,0.0,1.0,1.0,0,1,1,0,1,6,0,0,0.0,0.0,1661.7262634277345,0.0,1,7,1,2024-08-01,89.14000091552735,0.0,89.14000091552735,6.847111890930503e-09,1
41,95.18232365231643,855.7133344014485,864.5000038146973,1720.2133382161458,1.0,0,1,1.0,1.0,1.0,1,1,1,1,1,0,6,0,0.07120489032773822,0.30120402943541674,794.7823602734102,604.1091192187773,1,7,1,2024-08-01,85.57133344014485,86.45000038146974,172.02133382161458,2.103338757601217e-09,0
42,78.70000038146975,787.0000038146973,787.0000038146973,1574.0000076293945,1.0,0,1,1.0,1.0,1.0,1,1,1,1,1,6,0,0,0.03545105321973314,0.2354510532197332,759.1000247955322,601.7000240325928,1,7,1,2024-08-01,78.70000038146974,78.70000038146974,157.40000076293947,0.008333335151009928,0
43,73.2000003814697,732.0000038146973,732.0000038146973,1464.0000076293945,1.0,0,1,1.0,1.0,1.0,1,1,1,1,1,6,0,0,0.0005464194222412455,0.2005464194222413,731.6000247955322,585.2000240325928,1,7,1,2024-08-01,73.20000038146974,73.20000038146974,146.40000076293947,0.20000000338736776,0
44,73.52135589548948,577.0000038146973,559.4207199102309,1136.4207237249282,1.0,0,1,1.0,1.0,1.0,1,1,1,1,1,6,0,0,0.0,0.0036502963136323626,704.421380309552,557.378668518573,1,7,1,2024-08-01,57.70000038146973,55.94207199102309,113.64207237249282,1.0737189877765916e-09,0
45,70.30000114440918,511.00000381469727,511.00000381469727,1022.0000076293945,1.0,0,1,1.0,1.0,1.0,1,1,1,1,1,3,3,0,0.0,0.18375729910776023,550.3075695037842,417.1000232696533,1,7,1,2024-08-01,51.10000038146973,51.10000038146973,102.20000076293945,0.05000000093314512,0
46,62.596194997098124,472.50000381469727,472.50000381469727,945.0000076293945,1.0,0,1,1.0,1.0,1.0,1,1,1,1,1,0,0,6,0.0,0.1591453413558552,510.70404411819186,397.3038294169644,1,7,1,2024-08-01,47.25000038146973,47.25000038146973,94.50000076293946,2.3687739691227587e-10,0
47,48.41000061035155,484.1000061035156,484.1000061035156,968.2000122070312,1.0,0,1,1.0,1.0,1.0,1,1,1,1,1,0,0,6,0.027452966146543984,0.18965088483639497,470.8100250244141,392.2900115966797,1,7,1,2024-08-01,48.41000061035157,48.41000061035157,96.82000122070313,7.879977624026941e-10,0
0,0.0,0.0,0.0,0.0,1.0,0,1,1.0,1.0,0.3333333333333333,1,1,0,1,1,0,0,6,0.0,0.0,409.8000183105469,444.70001220703125,0,7,2,2024-08-01,0.0,0.0,0.0,0.0,0
1,0.0,0.0,0.0,0.0,1.0,0,1,1.0,1.0,0.0,1,1,0,1,1,0,0,6,0.0,0.0,456.5,491.3999938964844,0,7,2,2024-08-01,0.0,0.0,0.0,0.0,0
2,0.0,0.0,0.0,0.0,1.0,0,1,1.0,1.0,0.0,1,1,0,1,1,0,0,6,0.0,0.0,401.3999938964844,413.8999938964844,0,7,2,2024-08-01,0.0,0.0,0.0,0.0,0
3,0.0,0.0,0.0,0.0,1.0,0,1,1.0,1.0,0.0,1,1,0,1,1,0,0,6,0.0,0.0,332.20001220703125,344.70001220703125,0,7,2,2024-08-01,0.0,0.0,0.0,0.0,0
4,0.0,0.0,0.0,0.0,1.0,0,1,1.0,1.0,0.0,1,1,0,1,1,0,0,6,0.0,0.0,332.20001220703125,344.70001220703125,0,7,2,2024-08-01,0.0,0.0,0.0,0.0,0
5,0.0,0.0,0.0,0.0,1.0,0,1,1.0,1.0,0.0,1,1,0,1,1,0,0,6,0.0,0.0,319.0,325.5,0,7,2,2024-08-01,0.0,0.0,0.0,0.0,0
6,0.0,0.0,0.0,0.0,1.0,0,1,1.0,1.0,0.0,1,1,0,1,1,0,0,6,0.0,0.0,299.79998779296875,306.29998779296875,0,7,2,2024-08-01,0.0,0.0,0.0,0.0,0
7,0.0,0.0,0.0,0.0,1.0,0,1,1.0,1.0,0.0,1,1,0,1,1,0,0,6,0.0,0.0,272.29998779296875,278.79998779296875,0,7,2,2024-08-01,0.0,0.0,0.0,0.0,0
8,0.0,0.0,0.0,0.0,1.0,0,1,1.0,1.0,0.3333333333333333,1,1,0,1,1,0,0,6,0.0,0.0,233.89999389648438,240.39999389648438,0,7,2,2024-08-01,0.0,0.0,0.0,0.0,0
9,0.0,0.0,0.0,0.0,1.0,0,1,1.0,1.0,1.0,1,1,1,1,1,0,0,6,0.0,0.0,233.89999389648438,240.39999389648438,0,7,2,2024-08-01,0.0,0.0,0.0,0.0,0
10,0.0,0.0,0.0,0.0,1.0,0,1,1.0,1.0,1.0,1,1,1,1,1,0,0,6,0.0,0.0,233.89999389648438,240.39999389648438,0,7,2,2024-08-01,0.0,0.0,0.0,0.0,0
11,0.0,0.0,0.0,0.0,1.0,0,1,1.0,1.0,0.5,1,1,0,1,1,0,0,6,0.0,0.0,273.0999755859375,309.5999755859375,0,7,2,2024-08-01,0.0,0.0,0.0,0.0,0
12,0.0,0.0,0.0,0.0,1.0,0,1,1.0,1.0,0.0,1,1,0,1,1,0,0,6,0.0,0.0,303.29998779296875,339.79998779296875,0,7,2,2024-08-01,0.0,0.0,0.0,0.0,0
13,0.0,0.0,0.0,0.0,1.0,0,1,1.0,1.0,0.3333333333333333,1,1,0,1,1,0,0,6,0.0,0.0,323.29998779296875,369.4000244140625,0,7,2,2024-08-01,0.0,0.0,0.0,0.0,0
14,0.0,0.0,0.0,0.0,1.0,0,1,1.0,1.0,0.0,1,1,0,1,1,0,0,6,0.0,0.0,324.79998779296875,350.20001220703125,0,7,2,2024-08-01,0.0,0.0,0.0,0.0,0
15,0.0,0.0,0.0,0.0,1.0,0,1,1.0,1.0,0.0,1,1,0,1,1,0,0,6,0.0,0.0,352.29998779296875,377.70001220703125,0,7,2,2024-08-01,0.0,0.0,0.0,0.0,0
16,0.0,0.0,0.0,0.0,1.0,0,1,1.0,1.0,0.0,1,1,0,1,1,0,0,6,0.0,0.0,421.5,432.9000244140625,0,7,2,2024-08-01,0.0,0.0,0.0,0.0,0
17,0.0,0.0,0.0,0.0,1.0,0,1,1.0,1.0,0.0,1,1,0,1,1,0,0,6,0.0,0.0,471.0,482.4000244140625,0,7,2,2024-08-01,0.0,0.0,0.0,0.0,0
18,41.32000045776364,284.00000381469727,303.2000045776367,587.200008392334,1.0,0,1,1.0,1.0,1.0,1,1,1,1,1,0,0,6,0.0,0.0,531.5199821472168,460.280005645752,1,7,2,2024-08-01,28.400000381469727,30.320000457763673,58.7200008392334,1.2992837380059546e-09,0
19,36.041425100823,408.2000045776367,408.2000045776367,816.4000091552734,1.0,0,1,1.0,1.0,1.0,1,1,1,1,1,6,0,0,0.0,0.0,621.5168279328542,558.8585382780833,1,7,2,2024-08-01,40.820000457763676,40.820000457763676,81.64000091552735,0.14583333609777466,0
20,31.99227210225591,535.1000061035156,535.1000061035156,1070.2000122070312,1.0,0,1,1.0,1.0,1.0,1,1,1,1,1,1,0,5,0.0,0.0,734.1704947585059,691.6558602219628,1,7,2,2024-08-01,53.51000061035157,53.51000061035157,107.02000122070314,0.012500000396750992,0
21,47.543323060875316,586.0500061035157,601.1000061035156,1187.1500122070313,1.0,0,1,1.0,1.0,1.0,1,1,1,1,1,0,0,6,0.0,0.0,799.6490359515003,701.6432003766247,1,7,2,2024-08-01,58.60500061035157,60.11000061035156,118.71500122070313,3.840882635662456e-10,0
22,68.28386863584784,563.4500076293946,578.5000076293945,1141.950015258789,1.0,0,1,1.0,1.0,1.0,1,1,1,1,1,6,0,0,0.0,0.0,859.7033632647541,718.9313413250896,1,7,2,2024-08-01,56.34500076293946,57.85000076293946,114.19500152587892,1.5355519910768503e-09,0
23,-21.492823499714575,250.0,608.700008392334,858.700008392334,1.0,0,1,1.0,1.0,1.0,1,1,1,1,1,0,0,6,0.0,0.0,800.1584216174729,835.9934338512771,1,7,2,2024-08-01,25.0,60.8700008392334,85.8700008392334,9.929193433895184e-10,0
24,65.82000083923339,658.200008392334,658.200008392334,1316.400016784668,1.0,0,1,1.0,1.0,1.0,1,1,1,1,1,6,0,0,0.0,0.0,870.8101741790772,849.6909854888916,1,7,2,2024-08-01,65.8200008392334,65.8200008392334,131.6400016784668,0.25416666746356864,0
25,37.2858175377095,735.700008392334,735.700008392334,1471.400016784668,1.0,0,1,1.0,1.0,1.0,1,1,1,1,1,6,0,0,0.0,0.0,870.5428365806782,920.2141824622905,1,7,2,2024-08-01,73.5700008392334,73.5700008392334,147.1400016784668,0.09166666874747154,0
26,83.57000083923327,835.700008392334,835.700008392334,1671.400016784668,1.0,0,1,1.0,1.0,1.0,1,1,1,1,1,6,0,0,0.02183440440874764,0.0,817.452996444702,904.3866641998293,1,7,2,2024-08-01,83.5700008392334,83.5700008392334,167.1400016784668,0.21666666894900305,0
27,0.0,0.0,0.0,0.0,1.0,0,1,1.0,1.0,0.0,1,1,0,1,1,0,0,6,0.0,0.0,643.0302734375,958.300048828125,0,7,2,2024-08-01,0.0,0.0,0.0,0.0,0
28,104.83000126491089,0.0,1048.3000104624905,1048.3000104624905,1.0,0,1,1.0,1.0,1.0,1,1,1,1,1,0,0,6,0.0,0.15179804261080154,810.9210657180358,889.1701208054017,1,7,2,2024-08-01,0.0,104.83000104624905,104.83000104624905,5.40058944082381e-10,0
29,151.23721568931654,1048.3000106811523,1048.3000106811523,2096.6000213623047,1.0,0,1,1.0,1.0,1.0,1,1,1,1,1,6,0,0,0.16219100390371213,0.19358699677267885,878.2751795565041,845.3627598966209,1,7,2,2024-08-01,104.83000106811524,104.83000106811524,209.66000213623047,1.2184254943422121e-09,0
30,164.24384023877218,1064.4333432515461,1067.600009918213,2132.033353169759,1.0,0,1,1.0,1.0,1.0,1,1,1,1,1,6,0,0,0.24309407139694494,0.2804831612598641,805.675908109866,768.1561841752903,1,7,2,2024-08-01,106.44333432515462,106.7600009918213,213.20333531697588,2.2464720930831933e-09,0
31,186.50143905794783,1111.600009918213,1111.5999832424695,2223.1999931606824,1.0,0,1,1.0,1.0,1.0,1,1,1,1,1,6,0,0,0.25626671951097596,0.33636321940882224,826.7339219681041,737.6986341842396,1,7,2,2024-08-01,111.16000099182129,111.15999832424696,222.31999931606825,2.1283627087331176e-09,0
32,225.5816375585725,1119.9000091552734,1119.9000091552734,2239.800018310547,1.0,0,1,1.0,1.0,1.0,1,1,1,1,1,6,0,0,0.1927338707244907,0.3934115712992169,904.057345566385,679.31838685549,1,7,2,2024-08-01,111.99000091552735,111.99000091552735,223.9800018310547,1.3559639744317964e-09,0
33,110.34000089407598,0.0,1103.4000091552734,1103.4000091552734,1.0,0,1,1.0,1.0,1.0,1,1,1,1,1,0,6,0,0.0,0.23259020512414805,857.8047225737635,846.7599746918615,1,7,2,2024-08-01,0.0,110.34000091552736,110.34000091552736,2.7852176419155454e-09,0
34,160.07000160217277,0.0,1078.700008392334,1078.700008392334,1.0,0,1,1.0,1.0,1.0,1,1,1,1,1,0,6,0,0.0,0.2025308431462237,973.5242862701415,860.229986190796,1,7,2,2024-08-01,0.0,107.8700008392334,107.8700008392334,5.304575821993934e-09,0
35,281.85319635310356,951.700008392334,951.700008392334,1903.400016784668,1.0,0,1,1.0,1.0,1.0,1,1,1,1,1,0,6,0,0.0,0.24389138408919003,1099.963181704666,719.5885761078339,1,7,2,2024-08-01,95.17000083923341,95.17000083923341,190.34000167846682,7.405755526900996e-09,0
36,230.88600345563984,944.1000061035156,813.793337123128,1757.8933432266435,1.0,0,1,1.0,1.0,1.0,1,1,1,1,1,6,0,0,0.0,0.06666269014999301,1055.2981128306399,759.5436840443601,1,7,2,2024-08-01,94.41000061035157,81.37933371231281,175.78933432266436,1.0630484393220056e-09,0
37,131.58000068664532,1040.800006866455,1040.800006866455,2081.60001373291,1.0,0,1,1.0,1.0,1.0,1,1,1,1,1,0,6,0,0.0,0.07477733399994736,1065.6923053741452,962.9717571258547,1,7,2,2024-08-01,104.08000068664552,104.08000068664552,208.16000137329104,5.497739045545669e-10,0
38,593.2219898482723,1010.700008392334,463.86446504895736,1474.5644734412913,1.0,0,1,1.0,1.0,1.0,1,1,1,1,1,6,0,0,0.0,0.0,1525.0789234420222,502.1198070267277,1,7,2,2024-08-01,101.0700008392334,46.38644650489574,147.45644734412915,3.380653162914195e-09,0
39,158.12000236511233,0.0,922.200008392334,922.200008392334,1.0,0,1,1.0,1.0,1.0,1,1,1,1,1,6,0,0,0.0,0.0,1234.2725902557372,952.7012866973877,1,7,2,2024-08-01,0.0,92.2200008392334,92.2200008392334,7.859384907250364e-09,0
40,927.0600036621094,891.4000091552734,0.0,891.4000091552734,1.0,0,1,1.0,1.0,1.0,1,1,1,1,1,6,0,0,0.0,0.0,1957.7924255371095,96.8430114746094,1,7,2,2024-08-01,89.14000091552735,0.0,89.14000091552735,6.847111890930503e-09,0
41,95.18232365231643,855.7133344014485,864.5000038146973,1720.2133382161458,1.0,0,1,1.0,1.0,1.0,1,1,1,1,1,0,6,0,0.0,0.13705673753664976,962.2822992382539,746.0144536914336,1,7,2,2024-08-01,85.57133344014485,86.45000038146974,172.02133382161458,2.103338757601217e-09,0
42,78.70000038146975,787.0000038146973,787.0000038146973,1574.0000076293945,1.0,0,1,1.0,1.0,1.0,1,1,1,1,1,6,0,0,0.0,0.01749109892261756,954.7999759674072,773.234508895874,1,7,2,2024-08-01,78.70000038146974,78.70000038146974,157.40000076293947,0.008333335151009928,0
43,73.2000003814697,732.0000038146973,732.0000038146973,1464.0000076293945,1.0,0,1,1.0,1.0,1.0,1,1,1,1,1,6,0,0,0.0,0.0,956.016711807251,805.0930904388428,1,7,2,2024-08-01,73.20000038146974,73.20000038146974,146.40000076293947,0.20000000338736776,0
44,73.52135589548948,577.0000038146973,559.4207199102309,1136.4207237249282,1.0,0,1,1.0,1.0,1.0,1,1,1,1,1,6,0,0,0.0,0.0,907.736565856427,757.7940127568543,1,7,2,2024-08-01,57.70000038146973,55.94207199102309,113.64207237249282,1.0737189877765916e-09,0
45,70.30000114440918,511.00000381469727,511.00000381469727,1022.0000076293945,1.0,0,1,1.0,1.0,1.0,1,1,1,1,1,3,3,0,0.0,0.0,885.3823986053467,741.9392566680908,1,7,2,2024-08-01,51.10000038146973,51.10000038146973,102.20000076293945,0.05000000093314512,0
46,62.596194997098124,472.50000381469727,472.50000381469727,945.0000076293945,1.0,0,1,1.0,1.0,1.0,1,1,1,1,1,0,0,6,0.0,0.0,823.1758458760044,695.0090296122769,1,7,2,2024-08-01,47.25000038146973,47.25000038146973,94.50000076293946,2.3687739691227587e-10,0
47,48.41000061035155,484.1000061035156,484.1000061035156,968.2000122070312,1.0,0,1,1.0,1.0,1.0,1,1,1,1,1,0,0,6,0.0,0.0,763.0299346923828,662.4952117919922,1,7,2,2024-08-01,48.41000061035157,48.41000061035157,96.82000122070313,7.879977624026941e-10,0
0,0.0,0.0,0.0,0.0,1.0,0,1,1.0,1.0,1.0,1,1,1,1,1,0,0,6,0.0,0.0,257.29998779296875,267.70001220703125,0,8,0,2024-08-01,0.0,0.0,0.0,0.0,0
1,0.0,0.0,0.0,0.0,1.0,0,1,1.0,1.0,1.0,1,1,1,1,1,0,0,6,0.0,0.0,257.29998779296875,267.70001220703125,0,8,0,2024-08-01,0.0,0.0,0.0,0.0,0
2,0.0,0.0,0.0,0.0,1.0,0,1,1.0,1.0,1.0,1,1,1,1,1,0,0,6,0.0,0.0,257.29998779296875,267.70001220703125,0,8,0,2024-08-01,0.0,0.0,0.0,0.0,0
3,0.0,0.0,0.0,0.0,1.0,0,1,1.0,1.0,0.16666666666666666,1,1,0,1,1,0,0,6,0.0,0.0,257.29998779296875,267.70001220703125,0,8,0,2024-08-01,0.0,0.0,0.0,0.0,0
4,0.0,0.0,0.0,0.0,1.0,0,1,1.0,1.0,0.0,1,1,0,1,1,0,0,6,0.0,0.0,257.29998779296875,267.70001220703125,0,8,0,2024-08-01,0.0,0.0,0.0,0.0,0
5,0.0,0.0,0.0,0.0,1.0,0,1,1.0,1.0,0.6666666666666666,1,1,0,1,1,0,0,6,0.0,0.0,246.3000030517578,256.70001220703125,0,8,0,2024-08-01,0.0,0.0,0.0,0.0,0
6,0.0,0.0,0.0,0.0,1.0,0,1,1.0,1.0,1.0,1,1,1,1,1,0,0,6,0.0,0.0,246.3000030517578,256.70001220703125,0,8,0,2024-08-01,0.0,0.0,0.0,0.0,0
7,0.0,0.0,0.0,0.0,1.0,0,1,1.0,1.0,1.0,1,1,1,1,1,0,0,6,0.0,0.0,246.3000030517578,256.70001220703125,0,8,0,2024-08-01,0.0,0.0,0.0,0.0,0
8,0.0,0.0,0.0,0.0,1.0,0,1,1.0,1.0,0.6666666666666666,1,1,0,1,1,0,0,6,0.0,0.0,246.3000030517578,256.70001220703125,0,8,0,2024-08-01,0.0,0.0,0.0,0.0,0
9,0.0,0.0,0.0,0.0,1.0,0,1,1.0,1.0,0.0,1,1,0,1,1,0,0,6,0.0,0.0,246.3000030517578,256.70001220703125,0,8,0,2024-08-01,0.0,0.0,0.0,0.0,0
10,0.0,0.0,0.0,0.0,1.0,0,1,1.0,1.0,1.0,1,1,1,1,1,0,0,6,0.0,0.0,218.8000030517578,229.1999969482422,0,8,0,2024-08-01,0.0,0.0,0.0,0.0,0
11,0.0,0.0,0.0,0.0,1.0,0,1,1.0,1.0,1.0,1,1,1,1,1,0,0,6,0.0,0.0,218.8000030517578,229.1999969482422,0,8,0,2024-08-01,0.0,0.0,0.0,0.0,0
12,0.0,0.0,0.0,0.0,1.0,0,1,1.0,1.0,1.0,1,1,1,1,1,0,0,6,0.0,0.0,265.5,275.8999938964844,0,8,0,2024-08-01,0.0,0.0,0.0,0.0,0
13,0.0,0.0,0.0,0.0,1.0,0,1,1.0,1.0,1.0,1,1,1,1,1,0,0,6,0.0,0.0,330.5,372.6000061035156,0,8,0,2024-08-01,0.0,0.0,0.0,0.0,0
14,0.0,0.0,0.0,0.0,1.0,0,1,1.0,1.0,0.0,1,1,0,1,1,0,0,6,0.0,0.0,417.0,501.6000061035156,0,8,0,2024-08-01,0.0,0.0,0.0,0.0,0
15,0.0,0.0,0.0,0.0,1.0,0,1,1.0,1.0,0.0,1,1,0,1,1,0,0,6,0.0,0.0,522.0,606.6000366210938,0,8,0,2024-08-01,0.0,0.0,0.0,0.0,0
16,0.0,0.0,0.0,0.0,1.0,0,1,1.0,1.0,0.0,1,1,0,1,1,0,0,6,0.0,0.0,612.1000366210938,714.300048828125,0,8,0,2024-08-01,0.0,0.0,0.0,0.0,0
17,0.0,0.0,0.0,0.0,1.0,0,1,1.0,1.0,0.0,1,1,0,1,1,0,0,6,0.0,0.0,622.5,761.5,0,8,0,2024-08-01,0.0,0.0,0.0,0.0,0
18,41.32000045776364,284.00000381469727,303.2000045776367,587.200008392334,1.0,0,1,1.0,1.0,1.0,1,1,1,1,1,0,0,6,0.0,0.0,697.9031913757324,755.5205757141114,1,8,0,2024-08-01,28.400000381469727,30.320000457763673,58.7200008392334,1.2992837380059546e-09,0
19,36.041425100823,408.2000045776367,408.2000045776367,816.4000091552734,1.0,0,1,1.0,1.0,1.0,1,1,1,1,1,6,0,0,0.0,0.0,712.741864553948,792.9337946257396,1,8,0,2024-08-01,40.820000457763676,40.820000457763676,81.64000091552735,0.03030303225330931,0
20,31.99227210225591,535.1000061035156,535.1000061035156,1070.2000122070312,1.0,0,1,1.0,1.0,1.0,1,1,1,1,1,6,0,0,0.0,0.0,687.8446890944434,886.1077034836816,1,8,0,2024-08-01,53.51000061035157,53.51000061035157,107.02000122070314,0.20370370235782426,0
21,47.543323060875316,586.0500061035157,601.1000061035156,1187.1500122070313,1.0,0,1,1.0,1.0,1.0,1,1,1,1,1,0,0,6,0.0,0.0,694.9114871233753,869.9566769391247,1,8,0,2024-08-01,58.60500061035157,60.11000061035156,118.71500122070313,3.840882635662456e-10,0
22,68.28386863584784,563.4500076293946,578.5000076293945,1141.950015258789,1.0,0,1,1.0,1.0,1.0,1,1,1,1,1,6,0,0,0.0,0.0,696.3502748858479,832.7161313641521,1,8,0,2024-08-01,56.34500076293946,57.85000076293946,114.19500152587892,1.5355519910768503e-09,0
23,-21.492823499714575,250.0,608.700008392334,858.700008392334,1.0,0,1,1.0,1.0,1.0,1,1,1,1,1,0,0,6,0.0,0.0,652.6956530627854,975.2928723278396,1,8,0,2024-08-01,25.0,60.8700008392334,85.8700008392334,9.929193433895184e-10,0
24,65.82000083923339,658.200008392334,658.200008392334,1316.400016784668,1.0,0,1,1.0,1.0,1.0,1,1,1,1,1,6,0,0,0.0,0.0,796.387505722046,931.380072402954,1,8,0,2024-08-01,65.8200008392334,65.8200008392334,131.6400016784668,8.693475795556865e-10,0
25,37.2858175377095,735.700008392334,735.700008392334,1471.400016784668,1.0,0,1,1.0,1.0,1.0,1,1,1,1,1,6,0,0,0.0,0.0,811.0441183189595,1009.914255704478,1,8,0,2024-08-01,73.5700008392334,73.5700008392334,147.1400016784668,9.141515084664664e-10,0
26,83.57000083923327,835.700008392334,835.700008392334,1671.400016784668,1.0,0,1,1.0,1.0,1.0,1,1,1,1,1,6,0,0,0.0,0.0,895.9451229095457,1010.3300235748293,1,8,0,2024-08-01,83.5700008392334,83.5700008392334,167.1400016784668,0.01515151597453945,0
27,0.0,0.0,0.0,0.0,1.0,0,1,1.0,1.0,0.0,1,1,0,1,1,0,0,6,0.0,0.0,937.9918823242188,1221.4000244140625,0,8,0,2024-08-01,0.0,0.0,0.0,0.0,0
28,104.83000126491089,0.0,1048.3000104624905,1048.3000104624905,1.0,0,1,1.0,1.0,1.0,1,1,1,1,1,0,0,6,0.0,0.0,1063.351790815692,1124.2699743210267,1,8,0,2024-08-01,0.0,104.83000104624905,104.83000104624905,5.40058944082381e-10,0
29,151.23721568931654,1048.3000106811523,1048.3000106811523,2096.6000213623047,1.0,0,1,1.0,1.0,1.0,1,1,1,1,1,6,0,0,0.05304043133778171,0.10077000942484653,992.6977259432228,942.6628087247459,1,8,0,2024-08-01,104.83000106811524,104.83000106811524,209.66000213623047,1.2184254943422121e-09,0
30,164.24384023877218,1064.4333432515461,1067.600009918213,2132.033353169759,1.0,0,1,1.0,1.0,1.0,1,1,1,1,1,6,0,0,0.020745386526806207,0.10345056642644987,1042.3512621137722,957.1561841752903,1,8,0,2024-08-01,106.44333432515462,106.7600009918213,213.20333531697588,2.2464720930831933e-09,0
31,186.50143905794783,1111.600009918213,1111.5999832424695,2223.1999931606824,1.0,0,1,1.0,1.0,1.0,1,1,1,1,1,0,6,0,0.03843001955462431,0.2014225912500676,1068.8811998001354,887.6986341842396,1,8,0,2024-08-01,111.16000099182129,111.15999832424696,222.31999931606825,0.31313131132843436,0
32,225.5816375585725,1119.9000091552734,1119.9000091552734,2239.800018310547,1.0,0,1,1.0,1.0,1.0,1,1,1,1,1,1,5,0,0.0,0.20758772606723688,1291.3328582616975,887.4225128320525,1,8,0,2024-08-01,111.99000091552735,111.99000091552735,223.9800018310547,0.26094276416761375,0
33,110.34000089407598,0.0,1103.4000091552734,1103.4000091552734,1.0,0,1,1.0,1.0,1.0,1,1,1,1,1,0,6,0,0.0,0.20103844810447247,1153.8740585112635,881.5741836762365,1,8,0,2024-08-01,0.0,110.34000091552736,110.34000091552736,0.3232323043313388,0
34,160.07000160217277,0.0,1078.700008392334,1078.700008392334,1.0,0,1,1.0,1.0,1.0,1,1,1,1,1,0,6,0,0.0,0.23866504728578375,1189.4877262115479,821.2520198822023,1,8,0,2024-08-01,0.0,107.8700008392334,107.8700008392334,0.08080808268343598,0
35,281.85319635310356,951.700008392334,951.700008392334,1903.400016784668,1.0,0,1,1.0,1.0,1.0,1,1,1,1,1,0,6,0,0.0,0.24435685972243168,1315.565232485916,719.1455829437714,1,8,0,2024-08-01,95.17000083923341,95.17000083923341,190.34000167846682,0.025252525471685834,0
36,230.88600345563984,944.1000061035156,813.793337123128,1757.8933432266435,1.0,0,1,1.0,1.0,1.0,1,1,1,1,1,6,0,0,0.0,0.10035185221897654,1290.0860766978274,732.1276684193601,1,8,0,2024-08-01,94.41000061035157,81.37933371231281,175.78933432266436,1.0630484393220056e-09,0
37,131.58000068664532,1040.800006866455,1040.800006866455,2081.60001373291,1.0,0,1,1.0,1.0,1.0,1,1,1,1,1,0,6,0,0.0,0.2617211903686502,1129.8800495147702,768.4005901336672,1,8,0,2024-08-01,104.08000068664552,104.08000068664552,208.16000137329104,5.497739045545669e-10,0
38,593.2219898482723,1010.700008392334,463.86446504895736,1474.5644734412913,0.5,3,0,1.0,0.25,1.0,0,0,1,1,0,2,4,0,0.0,0.7134114866443728,1561.3219654342097,132.93822743688395,1,8,0,2024-08-01,101.0700008392334,46.38644650489574,147.45644734412915,0.15040395088380415,1
39,158.12000236511233,0.0,922.200008392334,922.200008392334,0.16666666666666666,5,0,1.0,0.16666666666666666,1.0,1,0,1,1,0,0,6,0,0.0,0.8202360533984644,1142.7199779510497,165.77831306457517,1,8,0,2024-08-01,0.0,92.2200008392334,92.2200008392334,0.7138047260568863,1
40,927.0600036621094,891.4000091552734,0.0,891.4000091552734,0.0,6,0,0.0,1.0,1.0,0,1,1,0,1,6,0,0,0.0,0.0,1804.0600036621095,0.0,1,8,0,2024-08-01,89.14000091552735,0.0,89.14000091552735,6.847111890930503e-09,1
41,95.18232365231643,855.7133344014485,864.5000038146973,1720.2133382161458,0.5,3,0,1.0,0.5,1.0,0,0,1,1,0,0,6,0,0.0,1.0,883.7823602734102,0.0,1,8,0,2024-08-01,85.57133344014485,86.45000038146974,172.02133382161458,0.0862971448201114,1
42,78.70000038146975,787.0000038146973,787.0000038146973,1574.0000076293945,0.3333333333333333,4,0,1.0,0.0,1.0,0,0,1,1,0,2,4,0,0.0,0.9852259000454608,793.2000003814697,11.627216720581032,1,8,0,2024-08-01,78.70000038146974,78.70000038146974,157.40000076293947,0.20875419885511357,1
43,73.2000003814697,732.0000038146973,732.0000038146973,1464.0000076293945,0.0,6,0,1.0,0.0,1.0,0,0,1,1,0,0,6,0,0.0,0.9615967596210586,776.7000003814697,28.111172103881856,1,8,0,2024-08-01,73.20000038146974,73.20000038146974,146.40000076293947,0.18350169020184612,1
44,73.52135589548948,577.0000038146973,559.4207199102309,1136.4207237249282,1.0,0,1,1.0,1.0,1.0,1,1,1,1,1,5,1,0,0.0,1.0,755.0213558954895,0.0,1,8,0,2024-08-01,57.70000038146973,55.94207199102309,113.64207237249282,0.0033149202441752545,0
45,70.30000114440918,511.00000381469727,511.00000381469727,1022.0000076293945,1.0,0,1,1.0,1.0,1.0,1,1,1,1,1,0,6,0,0.0,1.0,709.9999523162842,0.0,1,8,0,2024-08-01,51.10000038146973,51.10000038146973,102.20000076293945,1.866290233438195e-09,0
46,62.596194997098124,472.50000381469727,472.50000381469727,945.0000076293945,1.0,0,1,1.0,1.0,1.0,1,1,1,1,1,0,2,4,0.0,1.0,555.5961949970981,0.0,1,8,0,2024-08-01,47.25000038146973,47.25000038146973,94.50000076293946,0.006734006549543336,0
47,48.41000061035155,484.1000061035156,484.1000061035156,968.2000122070312,0.3333333333333333,4,0,1.0,0.0,1.0,0,0,1,1,0,0,4,2,0.007622466358641466,1.0,480.40997009277345,0.0,1,8,0,2024-08-01,48.41000061035157,48.41000061035157,96.82000122070313,0.16835017899211807,1
0,0.0,0.0,0.0,0.0,1.0,0,1,1.0,1.0,1.0,1,1,1,1,1,0,0,6,0.0,0.0,214.49998474121094,226.39999389648438,0,8,1,2024-08-01,0.0,0.0,0.0,0.0,0
1,0.0,0.0,0.0,0.0,1.0,0,1,1.0,1.0,1.0,1,1,1,1,1,0,0,6,0.0,0.0,214.49998474121094,226.39999389648438,0,8,1,2024-08-01,0.0,0.0,0.0,0.0,0
2,0.0,0.0,0.0,0.0,1.0,0,1,1.0,1.0,1.0,1,1,1,1,1,0,0,6,0.0,0.0,214.49998474121094,226.39999389648438,0,8,1,2024-08-01,0.0,0.0,0.0,0.0,0
3,0.0,0.0,0.0,0.0,1.0,0,1,1.0,1.0,0.3333333333333333,1,1,0,1,1,0,0,6,0.0,0.0,206.3000030517578,218.1999969482422,0,8,1,2024-08-01,0.0,0.0,0.0,0.0,0
4,0.0,0.0,0.0,0.0,1.0,0,1,1.0,1.0,1.0,1,1,1,1,1,0,0,6,0.0,0.0,206.3000030517578,218.1999969482422,0,8,1,2024-08-01,0.0,0.0,0.0,0.0,0
5,0.0,0.0,0.0,0.0,1.0,0,1,1.0,1.0,1.0,1,1,1,1,1,0,0,6,0.0,0.0,225.5,237.39999389648438,0,8,1,2024-08-01,0.0,0.0,0.0,0.0,0
6,0.0,0.0,0.0,0.0,1.0,0,1,1.0,1.0,0.16666666666666666,1,1,0,1,1,0,0,6,0.0,0.0,225.5,237.39999389648438,0,8,1,2024-08-01,0.0,0.0,0.0,0.0,0
7,0.0,0.0,0.0,0.0,1.0,0,1,1.0,1.0,0.0,1,1,0,1,1,0,0,6,0.0,0.0,225.5,237.39999389648438,0,8,1,2024-08-01,0.0,0.0,0.0,0.0,0
8,0.0,0.0,0.0,0.0,1.0,0,1,1.0,1.0,1.0,1,1,1,1,1,0,0,6,0.0,0.0,198.0,209.89999389648438,0,8,1,2024-08-01,0.0,0.0,0.0,0.0,0
9,0.0,0.0,0.0,0.0,1.0,0,1,1.0,1.0,1.0,1,1,1,1,1,0,0,6,0.0,0.0,198.0,209.89999389648438,0,8,1,2024-08-01,0.0,0.0,0.0,0.0,0
10,0.0,0.0,0.0,0.0,1.0,0,1,1.0,1.0,0.6666666666666666,1,1,0,1,1,0,0,6,0.0,0.0,167.1999969482422,196.09999084472656,0,8,1,2024-08-01,0.0,0.0,0.0,0.0,0
11,0.0,0.0,0.0,0.0,1.0,0,1,1.0,1.0,1.0,1,1,1,1,1,0,0,6,0.0,0.0,167.1999969482422,196.09999084472656,0,8,1,2024-08-01,0.0,0.0,0.0,0.0,0
12,0.0,0.0,0.0,0.0,1.0,0,1,1.0,1.0,1.0,1,1,1,1,1,0,0,6,0.0,0.0,194.6999969482422,223.59999084472656,0,8,1,2024-08-01,0.0,0.0,0.0,0.0,0
13,0.0,0.0,0.0,0.0,1.0,0,1,1.0,1.0,1.0,1,1,1,1,1,0,0,6,0.0,0.0,270.3999938964844,320.29998779296875,0,8,1,2024-08-01,0.0,0.0,0.0,0.0,0
14,0.0,0.0,0.0,0.0,1.0,0,1,1.0,1.0,1.0,1,1,1,1,1,0,0,6,0.0,0.0,343.9000244140625,397.79998779296875,0,8,1,2024-08-01,0.0,0.0,0.0,0.0,0
15,0.0,0.0,0.0,0.0,1.0,0,1,1.0,1.0,0.3333333333333333,1,1,0,1,1,0,0,6,0.0,0.0,304.0999755859375,406.1000061035156,0,8,1,2024-08-01,0.0,0.0,0.0,0.0,0
16,0.0,0.0,0.0,0.0,1.0,0,1,1.0,1.0,0.0,1,1,0,1,1,0,0,6,0.0,0.0,323.29998779296875,425.3000183105469,0,8,1,2024-08-01,0.0,0.0,0.0,0.0,0
17,0.0,0.0,0.0,0.0,1.0,0,1,1.0,1.0,0.0,1,1,0,1,1,0,0,6,0.0,0.0,402.29998779296875,468.70001220703125,0,8,1,2024-08-01,0.0,0.0,0.0,0.0,0
18,41.32000045776364,284.00000381469727,303.2000045776367,587.200008392334,1.0,0,1,1.0,1.0,1.0,1,1,1,1,1,0,0,6,0.0,0.0,512.3200004577636,496.0800239562989,1,8,1,2024-08-01,28.400000381469727,30.320000457763673,58.7200008392334,1.2992837380059546e-09,0
19,36.041425100823,408.2000045776367,408.2000045776367,816.4000091552734,1.0,0,1,1.0,1.0,1.0,1,1,1,1,1,6,0,0,0.0,0.0,629.277509085198,616.758623727302,1,8,1,2024-08-01,40.820000457763676,40.820000457763676,81.64000091552735,0.03030303225330931,0
20,31.99227210225591,535.1000061035156,535.1000061035156,1070.2000122070312,1.0,0,1,1.0,1.0,1.0,1,1,1,1,1,6,0,0,0.0,0.0,635.4778678053809,640.0077278977441,1,8,1,2024-08-01,53.51000061035157,53.51000061035157,107.02000122070314,0.20370370235782426,0
21,47.543323060875316,586.0500061035157,601.1000061035156,1187.1500122070313,1.0,0,1,1.0,1.0,1.0,1,1,1,1,1,0,0,6,0.0,0.0,695.6733279436878,732.1567501813122,1,8,1,2024-08-01,58.60500061035157,60.11000061035156,118.71500122070313,3.840882635662456e-10,0
22,68.28386863584784,563.4500076293946,578.5000076293945,1141.950015258789,1.0,0,1,1.0,1.0,1.0,1,1,1,1,1,6,0,0,0.0,0.0,784.1751039874104,772.4160825360271,1,8,1,2024-08-01,56.34500076293946,57.85000076293946,114.19500152587892,1.5355519910768503e-09,0
23,-21.492823499714575,250.0,608.700008392334,858.700008392334,1.0,0,1,1.0,1.0,1.0,1,1,1,1,1,0,0,6,0.0,0.0,702.2175036487229,908.8928479137771,1,8,1,2024-08-01,25.0,60.8700008392334,85.8700008392334,9.929193433895184e-10,0
24,65.82000083923339,658.200008392334,658.200008392334,1316.400016784668,1.0,0,1,1.0,1.0,1.0,1,1,1,1,1,6,0,0,0.0,0.0,840.4147274017334,876.580023574829,1,8,1,2024-08-01,65.8200008392334,65.8200008392334,131.6400016784668,8.693475795556865e-10,0
25,37.2858175377095,735.700008392334,735.700008392334,1471.400016784668,1.0,0,1,1.0,1.0,1.0,1,1,1,1,1,6,0,0,0.0,0.0,842.9507955650532,935.314158048228,1,8,1,2024-08-01,73.5700008392334,73.5700008392334,147.1400016784668,9.141515084664664e-10,0
26,83.57000083923327,835.700008392334,835.700008392334,1671.400016784668,1.0,0,1,1.0,1.0,1.0,1,1,1,1,1,6,0,0,0.0,0.0,902.198357772827,930.1299503326418,1,8,1,2024-08-01,83.5700008392334,83.5700008392334,167.1400016784668,0.01515151597453945,0
27,0.0,0.0,0.0,0.0,1.0,0,1,1.0,1.0,0.0,1,1,0,1,1,0,0,6,0.0,0.0,841.5929565429688,1038.5,0,8,1,2024-08-01,0.0,0.0,0.0,0.0,0
28,104.83000126491089,0.0,1048.3000104624905,1048.3000104624905,1.0,0,1,1.0,1.0,1.0,1,1,1,1,1,0,0,6,0.0,0.16429455842259713,890.7565149367858,876.0700231491517,1,8,1,2024-08-01,0.0,104.83000104624905,104.83000104624905,5.40058944082381e-10,0
29,151.23721568931654,1048.3000106811523,1048.3000106811523,2096.6000213623047,1.0,0,1,1.0,1.0,1.0,1,1,1,1,1,6,0,0,0.10594631907095485,0.2164812062122128,937.2364832674416,821.3627598966209,1,8,1,2024-08-01,104.83000106811524,104.83000106811524,209.66000213623047,1.2184254943422121e-09,0
30,164.24384023877218,1064.4333432515461,1067.600009918213,2132.033353169759,1.0,0,1,1.0,1.0,1.0,1,1,1,1,1,6,0,0,0.11089201593610681,0.27935919052107877,946.3961839887722,769.3561353471653,1,8,1,2024-08-01,106.44333432515462,106.7600009918213,213.20333531697588,2.2464720930831933e-09,0
31,186.50143905794783,1111.600009918213,1111.5999832424695,2223.1999931606824,1.0,0,1,1.0,1.0,1.0,1,1,1,1,1,0,6,0,0.08567702830059329,0.34571912492415546,1016.3614244095104,727.2986097701771,1,8,1,2024-08-01,111.16000099182129,111.15999832424696,222.31999931606825,0.31313131132843436,0
32,225.5816375585725,1119.9000091552734,1119.9000091552734,2239.800018310547,1.0,0,1,1.0,1.0,1.0,1,1,1,1,1,1,5,0,0.0,0.4758178061501954,1147.6816741796663,587.0316436914275,1,8,1,2024-08-01,111.99000091552735,111.99000091552735,223.9800018310547,0.26094276416761375,0
33,110.34000089407598,0.0,1103.4000091552734,1103.4000091552734,1.0,0,1,1.0,1.0,1.0,1,1,1,1,1,0,6,0,0.0,0.4102891324578373,1037.9400375151697,650.6869766449865,1,8,1,2024-08-01,0.0,110.34000091552736,110.34000091552736,0.3232323043313388,0
34,160.07000160217277,0.0,1078.700008392334,1078.700008392334,1.0,0,1,1.0,1.0,1.0,1,1,1,1,1,0,6,0,0.0,0.45930671104686904,1110.1700382232666,583.245855331421,1,8,1,2024-08-01,0.0,107.8700008392334,107.8700008392334,0.08080808268343598,0
35,281.85319635310356,951.700008392334,951.700008392334,1903.400016784668,1.0,0,1,1.0,1.0,1.0,1,1,1,1,1,0,6,0,0.0,0.4848313969951881,1262.753220767166,490.28596380314644,1,8,1,2024-08-01,95.17000083923341,95.17000083923341,190.34000167846682,0.025252525471685834,0
36,230.88600345563984,944.1000061035156,813.793337123128,1757.8933432266435,1.0,0,1,1.0,1.0,1.0,1,1,1,1,1,6,0,0,0.0,0.4555339194825165,1159.5859546275149,443.08286861467263,1,8,1,2024-08-01,94.41000061035157,81.37933371231281,175.78933432266436,1.0630484393220056e-09,0
37,131.58000068664532,1040.800006866455,1040.800006866455,2081.60001373291,1.0,0,1,1.0,1.0,1.0,1,1,1,1,1,0,6,0,0.055745632806648585,0.5531674608070003,982.7799518585203,465.06330986022965,1,8,1,2024-08-01,104.08000068664552,104.08000068664552,208.16000137329104,5.497739045545669e-10,0
38,593.2219898482723,1010.700008392334,463.86446504895736,1474.5644734412913,0.3333333333333333,4,0,1.0,0.0,1.0,0,0,1,1,0,2,4,0,0.0,1.0,1427.9219410201472,0.0,1,8,1,2024-08-01,101.0700008392334,46.38644650489574,147.45644734412915,0.15040395088380415,1
39,158.12000236511233,0.0,922.200008392334,922.200008392334,0.0,6,0,1.0,0.0,1.0,1,0,1,1,0,0,6,0,0.0,0.9174618729553681,970.3200145721436,76.11666145324705,1,8,1,2024-08-01,0.0,92.2200008392334,92.2200008392334,0.7138047260568863,1
40,927.0600036621094,891.4000091552734,0.0,891.4000091552734,0.0,6,0,0.0,1.0,1.0,0,1,1,0,1,6,0,0,0.0,0.0,1747.460028076172,0.0,1,8,1,2024-08-01,89.14000091552735,0.0,89.14000091552735,6.847111890930503e-09,1
41,95.18232365231643,855.7133344014485,864.5000038146973,1720.2133382161458,0.6666666666666666,2,0,1.0,0.6666666666666666,1.0,0,0,1,1,0,0,6,0,0.07833348862796288,0.932079039924731,788.6823236523164,58.71767024416795,1,8,1,2024-08-01,85.57133344014485,86.45000038146974,172.02133382161458,0.0862971448201114,1
42,78.70000038146975,787.0000038146973,787.0000038146973,1574.0000076293945,0.3333333333333333,4,0,1.0,0.0,1.0,0,0,1,1,0,2,4,0,0.028462489085882132,0.8173197467938718,764.6000247955322,143.76935997009275,1,8,1,2024-08-01,78.70000038146974,78.70000038146974,157.40000076293947,0.20875419885511357,1
43,73.2000003814697,732.0000038146973,732.0000038146973,1464.0000076293945,0.3333333333333333,4,0,1.0,0.3333333333333333,1.0,0,0,1,1,0,0,6,0,0.06885242999523748,0.9420367014627681,681.6000247955322,42.42913475036623,1,8,1,2024-08-01,73.20000038146974,73.20000038146974,146.40000076293947,0.18350169020184612,1
44,73.52135589548948,577.0000038146973,559.4207199102309,1136.4207237249282,1.0,0,1,1.0,1.0,1.0,1,1,1,1,1,5,1,0,0.0,0.9796353329756066,662.7213681025207,11.392416687518335,1,8,1,2024-08-01,57.70000038146973,55.94207199102309,113.64207237249282,0.0033149202441752545,0
45,70.30000114440918,511.00000381469727,511.00000381469727,1022.0000076293945,1.0,0,1,1.0,1.0,1.0,1,1,1,1,1,0,6,0,0.0,0.990394663275891,678.7000255584717,4.908327102661133,1,8,1,2024-08-01,51.10000038146973,51.10000038146973,102.20000076293945,1.866290233438195e-09,0
46,62.596194997098124,472.50000381469727,472.50000381469727,945.0000076293945,1.0,0,1,1.0,1.0,1.0,1,1,1,1,1,0,2,4,0.0,1.0,624.2962072041294,0.0,1,8,1,2024-08-01,47.25000038146973,47.25000038146973,94.50000076293946,0.006734006549543336,0
47,48.41000061035155,484.1000061035156,484.1000061035156,968.2000122070312,0.3333333333333333,4,0,1.0,0.0,1.0,0,0,1,1,0,0,4,2,0.0,1.0,555.1100128173828,0.0,1,8,1,2024-08-01,48.41000061035157,48.41000061035157,96.82000122070313,0.16835017899211807,1
0,0.0,0.0,0.0,0.0,1.0,0,1,1.0,1.0,1.0,1,1,1,1,1,0,0,6,0.0,0.0,146.10000610351562,146.10000610351562,0,8,2,2024-08-01,0.0,0.0,0.0,0.0,0
1,0.0,0.0,0.0,0.0,1.0,0,1,1.0,1.0,1.0,1,1,1,1,1,0,0,6,0.0,0.0,146.10000610351562,146.10000610351562,0,8,2,2024-08-01,0.0,0.0,0.0,0.0,0
2,0.0,0.0,0.0,0.0,1.0,0,1,1.0,1.0,1.0,1,1,1,1,1,0,0,6,0.0,0.0,146.10000610351562,146.10000610351562,0,8,2,2024-08-01,0.0,0.0,0.0,0.0,0
3,0.0,0.0,0.0,0.0,1.0,0,1,1.0,1.0,1.0,1,1,1,1,1,0,0,6,0.0,0.0,146.10000610351562,146.10000610351562,0,8,2,2024-08-01,0.0,0.0,0.0,0.0,0
4,0.0,0.0,0.0,0.0,1.0,0,1,1.0,1.0,1.0,1,1,1,1,1,0,0,6,0.0,0.0,146.10000610351562,146.10000610351562,0,8,2,2024-08-01,0.0,0.0,0.0,0.0,0
5,0.0,0.0,0.0,0.0,1.0,0,1,1.0,1.0,1.0,1,1,1,1,1,0,0,6,0.0,0.0,146.10000610351562,146.10000610351562,0,8,2,2024-08-01,0.0,0.0,0.0,0.0,0
6,0.0,0.0,0.0,0.0,1.0,0,1,1.0,1.0,1.0,1,1,1,1,1,0,0,6,0.0,0.0,146.10000610351562,146.10000610351562,0,8,2,2024-08-01,0.0,0.0,0.0,0.0,0
7,0.0,0.0,0.0,0.0,1.0,0,1,1.0,1.0,0.16666666666666666,1,1,0,1,1,0,0,6,0.0,0.0,146.10000610351562,146.10000610351562,0,8,2,2024-08-01,0.0,0.0,0.0,0.0,0
8,0.0,0.0,0.0,0.0,1.0,0,1,1.0,1.0,0.0,1,1,0,1,1,0,0,6,0.0,0.0,146.10000610351562,146.10000610351562,0,8,2,2024-08-01,0.0,0.0,0.0,0.0,0
9,0.0,0.0,0.0,0.0,1.0,0,1,1.0,1.0,0.0,1,1,0,1,1,0,0,6,0.0,0.0,146.10000610351562,146.10000610351562,0,8,2,2024-08-01,0.0,0.0,0.0,0.0,0
10,0.0,0.0,0.0,0.0,1.0,0,1,1.0,1.0,0.5,1,1,0,1,1,0,0,6,0.0,0.0,126.9000015258789,126.9000015258789,0,8,2,2024-08-01,0.0,0.0,0.0,0.0,0
11,0.0,0.0,0.0,0.0,1.0,0,1,1.0,1.0,1.0,1,1,1,1,1,0,0,6,0.0,0.0,126.9000015258789,126.9000015258789,0,8,2,2024-08-01,0.0,0.0,0.0,0.0,0
12,0.0,0.0,0.0,0.0,1.0,0,1,1.0,1.0,1.0,1,1,1,1,1,0,0,6,0.0,0.0,126.9000015258789,126.9000015258789,0,8,2,2024-08-01,0.0,0.0,0.0,0.0,0
13,0.0,0.0,0.0,0.0,1.0,0,1,1.0,1.0,1.0,1,1,1,1,1,0,0,6,0.0,0.0,176.89999389648438,176.89999389648438,0,8,2,2024-08-01,0.0,0.0,0.0,0.0,0
14,0.0,0.0,0.0,0.0,1.0,0,1,1.0,1.0,0.6666666666666666,1,1,0,1,1,0,0,6,0.0,0.0,234.79998779296875,254.39999389648438,0,8,2,2024-08-01,0.0,0.0,0.0,0.0,0
15,0.0,0.0,0.0,0.0,1.0,0,1,1.0,1.0,0.0,1,1,0,1,1,0,0,6,0.0,0.0,273.20001220703125,292.79998779296875,0,8,2,2024-08-01,0.0,0.0,0.0,0.0,0
16,0.0,0.0,0.0,0.0,1.0,0,1,1.0,1.0,0.0,1,1,0,1,1,0,0,6,0.0,0.0,378.6999816894531,405.3999938964844,0,8,2,2024-08-01,0.0,0.0,0.0,0.0,0
17,0.0,0.0,0.0,0.0,1.0,0,1,1.0,1.0,0.0,1,1,0,1,1,0,0,6,0.0,0.0,517.9000244140625,559.7999877929688,0,8,2,2024-08-01,0.0,0.0,0.0,0.0,0
18,41.32000045776364,284.00000381469727,303.2000045776367,587.200008392334,1.0,0,1,1.0,1.0,1.0,1,1,1,1,1,0,0,6,0.0,0.0,649.4200370788574,625.6799995422364,1,8,2,2024-08-01,28.400000381469727,30.320000457763673,58.7200008392334,1.2992837380059546e-09,0
19,36.041425100823,408.2000045776367,408.2000045776367,816.4000091552734,1.0,0,1,1.0,1.0,1.0,1,1,1,1,1,6,0,0,0.0,0.0,684.867108694573,732.6586481413646,1,8,2,2024-08-01,40.820000457763676,40.820000457763676,81.64000091552735,0.03030303225330931,0
20,31.99227210225591,535.1000061035156,535.1000061035156,1070.2000122070312,1.0,0,1,1.0,1.0,1.0,1,1,1,1,1,6,0,0,0.0,0.0,740.3223502272559,813.6077034836816,1,8,2,2024-08-01,53.51000061035157,53.51000061035157,107.02000122070314,0.20370370235782426,0
21,47.543323060875316,586.0500061035157,601.1000061035156,1187.1500122070313,1.0,0,1,1.0,1.0,1.0,1,1,1,1,1,0,0,6,0.0,0.0,800.9095950335316,941.5566525250622,1,8,2,2024-08-01,58.60500061035157,60.11000061035156,118.71500122070313,3.840882635662456e-10,0
22,68.28386863584784,563.4500076293946,578.5000076293945,1141.950015258789,1.0,0,1,1.0,1.0,1.0,1,1,1,1,1,6,0,0,0.0,0.0,819.8934267413166,929.0161801922771,1,8,2,2024-08-01,56.34500076293946,57.85000076293946,114.19500152587892,1.5355519910768503e-09,0
23,-21.492823499714575,250.0,608.700008392334,858.700008392334,1.0,0,1,1.0,1.0,1.0,1,1,1,1,1,0,0,6,0.0,0.0,805.9632311877854,1088.5927990856521,1,8,2,2024-08-01,25.0,60.8700008392334,85.8700008392334,9.929193433895184e-10,0
24,65.82000083923339,658.200008392334,658.200008392334,1316.400016784668,1.0,0,1,1.0,1.0,1.0,1,1,1,1,1,6,0,0,0.0,0.0,900.689751815796,1064.479925918579,1,8,2,2024-08-01,65.8200008392334,65.8200008392334,131.6400016784668,8.693475795556865e-10,0
25,37.2858175377095,735.700008392334,735.700008392334,1471.400016784668,1.0,0,1,1.0,1.0,1.0,1,1,1,1,1,6,0,0,0.0,0.0,901.734670076772,1120.514109220103,1,8,2,2024-08-01,73.5700008392334,73.5700008392334,147.1400016784668,9.141515084664664e-10,0
26,83.57000083923327,835.700008392334,835.700008392334,1671.400016784668,1.0,0,1,1.0,1.0,1.0,1,1,1,1,1,6,0,0,0.0,0.0,923.7646419525145,1046.7299259185793,1,8,2,2024-08-01,83.5700008392334,83.5700008392334,167.1400016784668,0.01515151597453945,0
27,0.0,0.0,0.0,0.0,1.0,0,1,1.0,1.0,0.0,1,1,0,1,1,0,0,6,0.0,0.0,900.0106201171875,1176.9998779296875,0,8,2,2024-08-01,0.0,0.0,0.0,0.0,0
28,104.83000126491089,0.0,1048.3000104624905,1048.3000104624905,1.0,0,1,1.0,1.0,1.0,1,1,1,1,1,0,0,6,0.0,0.0,1033.5900110305358,1094.6698766647767,1,8,2,2024-08-01,0.0,104.83000104624905,104.83000104624905,5.40058944082381e-10,0
29,151.23721568931654,1048.3000106811523,1048.3000106811523,2096.6000213623047,1.0,0,1,1.0,1.0,1.0,1,1,1,1,1,6,0,0,0.0,0.02941657631851904,1067.334505728379,1017.4626134122459,1,8,2,2024-08-01,104.83000106811524,104.83000106811524,209.66000213623047,1.2184254943422121e-09,0
30,164.24384023877218,1064.4333432515461,1067.600009918213,2132.033353169759,1.0,0,1,1.0,1.0,1.0,1,1,1,1,1,6,0,0,0.0,0.09876716444672992,1080.049931547366,962.1561841752903,1,8,2,2024-08-01,106.44333432515462,106.7600009918213,213.20333531697588,2.2464720930831933e-09,0
31,186.50143905794783,1111.600009918213,1111.5999832424695,2223.1999931606824,1.0,0,1,1.0,1.0,1.0,1,1,1,1,1,0,6,0,0.0,0.19253460729771002,1158.0078477493541,897.5785169967396,1,8,2,2024-08-01,111.16000099182129,111.15999832424696,222.31999931606825,0.31313131132843436,0
32,225.5816375585725,1119.9000091552734,1119.9000091552734,2239.800018310547,1.0,0,1,1.0,1.0,1.0,1,1,1,1,1,1,5,0,0.0,0.2753120602058566,1282.033419785135,811.5780304101775,1,8,2,2024-08-01,111.99000091552735,111.99000091552735,223.9800018310547,0.26094276416761375,0
33,110.34000089407598,0.0,1103.4000091552734,1103.4000091552734,1.0,0,1,1.0,1.0,1.0,1,1,1,1,1,0,6,0,0.0,0.18523773292168846,1164.2583358550135,899.0086929535803,1,8,2,2024-08-01,0.0,110.34000091552736,110.34000091552736,0.3232323043313388,0
34,160.07000160217277,0.0,1078.700008392334,1078.700008392334,1.0,0,1,1.0,1.0,1.0,1,1,1,1,1,0,6,0,0.0,0.20097211831884476,1230.8699283599854,861.911382675171,1,8,2,2024-08-01,0.0,107.8700008392334,107.8700008392334,0.08080808268343598,0
35,281.85319635310356,951.700008392334,951.700008392334,1903.400016784668,1.0,0,1,1.0,1.0,1.0,1,1,1,1,1,0,6,0,0.0,0.23165440294397943,1358.753220767166,731.2345111664276,1,8,2,2024-08-01,95.17000083923341,95.17000083923341,190.34000167846682,0.025252525471685834,0
36,230.88600345563984,944.1000061035156,813.793337123128,1757.8933432266435,1.0,0,1,1.0,1.0,1.0,1,1,1,1,1,6,0,0,0.0,0.05827092496081331,1310.6555347056399,766.3728466420164,1,8,2,2024-08-01,94.41000061035157,81.37933371231281,175.78933432266436,1.0630484393220056e-09,0
37,131.58000068664532,1040.800006866455,1040.800006866455,2081.60001373291,1.0,0,1,1.0,1.0,1.0,1,1,1,1,1,0,6,0,0.0,0.24399302268124476,1157.0281208038327,786.8520671844484,1,8,2,2024-08-01,104.08000068664552,104.08000068664552,208.16000137329104,5.497739045545669e-10,0
38,593.2219898482723,1010.700008392334,463.86446504895736,1474.5644734412913,0.8333333333333334,1,0,1.0,0.75,1.0,0,0,1,1,0,2,4,0,0.0,0.8291595343943406,1631.2183277388972,79.24682118688395,1,8,2,2024-08-01,101.0700008392334,46.38644650489574,147.45644734412915,0.15040395088380415,1
39,158.12000236511233,0.0,922.200008392334,922.200008392334,0.0,6,0,1.0,0.0,1.0,1,0,1,1,0,0,6,0,0.0,0.744814186126838,1118.020087814331,235.33235969543455,1,8,2,2024-08-01,0.0,92.2200008392334,92.2200008392334,0.7138047260568863,1
40,927.0600036621094,891.4000091552734,0.0,891.4000091552734,0.0,6,0,0.0,1.0,1.0,0,1,1,0,1,6,0,0,0.0,0.0,1851.1600402832032,0.0,1,8,2,2024-08-01,89.14000091552735,0.0,89.14000091552735,6.847111890930503e-09,1
41,95.18232365231643,855.7133344014485,864.5000038146973,1720.2133382161458,1.0,0,1,1.0,1.0,1.0,1,1,1,1,1,0,6,0,0.0,0.7196327828644137,977.5823480663789,242.37746028323045,1,8,2,2024-08-01,85.57133344014485,86.45000038146974,172.02133382161458,0.0862971448201114,0
42,78.70000038146975,787.0000038146973,787.0000038146973,1574.0000076293945,0.3333333333333333,4,0,1.0,0.0,1.0,0,0,1,1,0,2,4,0,0.0,0.7214880761700909,922.0000492095947,219.18888511657713,1,8,2,2024-08-01,78.70000038146974,78.70000038146974,157.40000076293947,0.20875419885511357,1
43,73.2000003814697,732.0000038146973,732.0000038146973,1464.0000076293945,0.6666666666666666,2,0,1.0,0.6666666666666666,1.0,0,0,1,1,0,0,6,0,0.0,0.7798018175145871,908.2000003814697,161.18507041931156,1,8,2,2024-08-01,73.20000038146974,73.20000038146974,146.40000076293947,0.18350169020184612,1
44,73.52135589548948,577.0000038146973,559.4207199102309,1136.4207237249282,1.0,0,1,1.0,1.0,1.0,1,1,1,1,1,5,1,0,0.0,0.7627256057208868,889.3214047236145,132.73621246388552,1,8,2,2024-08-01,57.70000038146973,55.94207199102309,113.64207237249282,0.0033149202441752545,0
45,70.30000114440918,511.00000381469727,511.00000381469727,1022.0000076293945,1.0,0,1,1.0,1.0,1.0,1,1,1,1,1,0,6,0,0.0,0.751642602284929,855.9000988006592,126.91063117980957,1,8,2,2024-08-01,51.10000038146973,51.10000038146973,102.20000076293945,1.866290233438195e-09,0
46,62.596194997098124,472.50000381469727,472.50000381469727,945.0000076293945,1.0,0,1,1.0,1.0,1.0,1,1,1,1,1,0,2,4,0.0,0.8060311868277099,828.9962194111606,91.65026496383938,1,8,2,2024-08-01,47.25000038146973,47.25000038146973,94.50000076293946,0.006734006549543336,0
47,48.41000061035155,484.1000061035156,484.1000061035156,968.2000122070312,0.3333333333333333,4,0,1.0,0.0,1.0,0,0,1,1,0,0,4,2,0.0,0.9190314101585774,768.110073852539,39.19689483642579,1,8,2,2024-08-01,48.41000061035157,48.41000061035157,96.82000122070313,0.16835017899211807,1
0,0.0,0.0,0.0,0.0,1.0,0,1,1.0,1.0,1.0,1,1,1,1,1,0,0,6,0.0,0.0,169.39999389648438,181.89999389648438,0,9,0,2024-08-01,0.0,0.0,0.0,0.0,0
1,0.0,0.0,0.0,0.0,1.0,0,1,1.0,1.0,1.0,1,1,1,1,1,0,0,6,0.0,0.0,196.89999389648438,209.39999389648438,0,9,0,2024-08-01,0.0,0.0,0.0,0.0,0
2,0.0,0.0,0.0,0.0,1.0,0,1,1.0,1.0,0.8333333333333334,1,1,0,1,1,0,0,6,0.0,0.0,196.89999389648438,209.39999389648438,0,9,0,2024-08-01,0.0,0.0,0.0,0.0,0
3,0.0,0.0,0.0,0.0,1.0,0,1,1.0,1.0,1.0,1,1,1,1,1,0,0,6,0.0,0.0,196.89999389648438,209.39999389648438,0,9,0,2024-08-01,0.0,0.0,0.0,0.0,0
4,0.0,0.0,0.0,0.0,1.0,0,1,1.0,1.0,1.0,1,1,1,1,1,0,0,6,0.0,0.0,196.89999389648438,209.39999389648438,0,9,0,2024-08-01,0.0,0.0,0.0,0.0,0
5,0.0,0.0,0.0,0.0,1.0,0,1,1.0,1.0,0.6666666666666666,1,1,0,1,1,0,0,6,0.0,0.0,196.89999389648438,209.39999389648438,0,9,0,2024-08-01,0.0,0.0,0.0,0.0,0
6,0.0,0.0,0.0,0.0,1.0,0,1,1.0,1.0,0.0,1,1,0,1,1,0,0,6,0.0,0.0,196.89999389648438,209.39999389648438,0,9,0,2024-08-01,0.0,0.0,0.0,0.0,0
7,0.0,0.0,0.0,0.0,1.0,0,1,1.0,1.0,0.0,1,1,0,1,1,0,0,6,0.0,0.0,181.89999389648438,181.89999389648438,0,9,0,2024-08-01,0.0,0.0,0.0,0.0,0
8,0.0,0.0,0.0,0.0,1.0,0,1,1.0,1.0,0.0,1,1,0,1,1,0,0,6,0.0,0.0,104.39999389648438,104.39999389648438,0,9,0,2024-08-01,0.0,0.0,0.0,0.0,0
9,0.0,0.0,0.0,0.0,1.0,0,1,1.0,1.0,0.0,1,1,0,1,1,0,0,6,0.0,0.0,93.39999389648438,93.39999389648438,0,9,0,2024-08-01,0.0,0.0,0.0,0.0,0
10,0.0,0.0,0.0,0.0,1.0,0,1,1.0,1.0,0.0,1,1,0,1,1,0,0,6,0.0,0.0,93.39999389648438,93.39999389648438,0,9,0,2024-08-01,0.0,0.0,0.0,0.0,0
11,0.0,0.0,0.0,0.0,1.0,0,1,1.0,1.0,0.0,1,1,0,1,1,0,0,6,0.0,0.0,93.39999389648438,93.39999389648438,0,9,0,2024-08-01,0.0,0.0,0.0,0.0,0
12,0.0,0.0,0.0,0.0,1.0,0,1,1.0,1.0,0.6666666666666666,1,1,0,1,1,0,0,6,0.0,0.0,124.19999694824219,122.19999694824219,0,9,0,2024-08-01,0.0,0.0,0.0,0.0,0
13,0.0,0.0,0.0,0.0,1.0,0,1,1.0,1.0,1.0,1,1,1,1,1,0,0,6,0.0,0.0,143.39999389648438,141.39999389648438,0,9,0,2024-08-01,0.0,0.0,0.0,0.0,0
14,0.0,0.0,0.0,0.0,1.0,0,1,1.0,1.0,1.0,1,1,1,1,1,0,0,6,0.0,0.0,213.5,215.59999084472656,0,9,0,2024-08-01,0.0,0.0,0.0,0.0,0
15,0.0,0.0,0.0,0.0,1.0,0,1,1.0,1.0,1.0,1,1,1,1,1,0,0,6,0.0,0.0,243.70001220703125,245.79998779296875,0,9,0,2024-08-01,0.0,0.0,0.0,0.0,0
16,0.0,0.0,0.0,0.0,1.0,0,1,1.0,1.0,1.0,1,1,1,1,1,0,0,6,0.0,0.0,317.8999938964844,320.0,0,9,0,2024-08-01,0.0,0.0,0.0,0.0,0
17,0.0,0.0,0.0,0.0,1.0,0,1,1.0,1.0,0.0,1,1,0,1,1,0,0,6,0.0,0.0,345.3999938964844,347.5,0,9,0,2024-08-01,0.0,0.0,0.0,0.0,0
18,41.32000045776364,284.00000381469727,303.2000045776367,587.200008392334,1.0,0,1,1.0,1.0,1.0,1,1,1,1,1,0,3,3,0.0,0.0,463.6200187683105,383.07999343872075,1,9,0,2024-08-01,28.400000381469727,30.320000457763673,58.7200008392334,0.033032415092881566,0
19,36.041425100823,408.2000045776367,408.2000045776367,816.4000091552734,1.0,0,1,1.0,1.0,1.0,1,1,1,1,1,6,0,0,0.0,0.0,585.6377996125417,528.5586115202708,1,9,0,2024-08-01,40.820000457763676,40.820000457763676,81.64000091552735,1.5962953965312201e-09,0
20,31.99227210225591,535.1000061035156,535.1000061035156,1070.2000122070312,1.0,0,1,1.0,1.0,1.0,1,1,1,1,1,0,0,6,0.0,0.0,706.3179556960059,654.0077889329003,1,9,0,2024-08-01,53.51000061035157,53.51000061035157,107.02000122070314,6.343824133177961e-10,0
21,47.543323060875316,586.0500061035157,601.1000061035156,1187.1500122070313,1.0,0,1,1.0,1.0,1.0,1,1,1,1,1,0,0,6,0.0,0.0,744.0718875140003,661.4396481305309,1,9,0,2024-08-01,58.60500061035157,60.11000061035156,118.71500122070313,3.840882635662456e-10,0
22,68.28386863584784,563.4500076293946,578.5000076293945,1141.950015258789,1.0,0,1,1.0,1.0,1.0,1,1,1,1,1,6,0,0,0.0,0.0,768.4203432452229,643.3664609539959,1,9,0,2024-08-01,56.34500076293946,57.85000076293946,114.19500152587892,1.5355519910768503e-09,0
23,-21.492823499714575,250.0,608.700008392334,858.700008392334,1.0,0,1,1.0,1.0,1.0,1,1,1,1,1,2,0,4,0.0,0.0,815.4145861682541,868.3020886364334,1,9,0,2024-08-01,25.0,60.8700008392334,85.8700008392334,0.03921047291503763,0
24,65.82000083923339,658.200008392334,658.200008392334,1316.400016784668,1.0,0,1,1.0,1.0,1.0,1,1,1,1,1,6,0,0,0.0,0.0,901.3861629486084,790.3341129302978,1,9,0,2024-08-01,65.8200008392334,65.8200008392334,131.6400016784668,0.19191919810922303,0
25,37.2858175377095,735.700008392334,735.700008392334,1471.400016784668,1.0,0,1,1.0,1.0,1.0,1,1,1,1,1,6,0,0,0.0,0.0,840.103322420522,830.5142312904155,1,9,0,2024-08-01,73.5700008392334,73.5700008392334,147.1400016784668,0.23232323998066645,0
26,83.57000083923327,835.700008392334,835.700008392334,1671.400016784668,1.0,0,1,1.0,1.0,1.0,1,1,1,1,1,1,5,0,0.0,0.001758957028455721,887.6274349212645,834.2300479888918,1,9,0,2024-08-01,83.5700008392334,83.5700008392334,167.1400016784668,0.173400669624444,0
27,0.0,0.0,0.0,0.0,1.0,0,1,1.0,1.0,0.0,1,1,0,1,1,0,0,6,0.0,0.0,850.5615844726562,917.800048828125,0,9,0,2024-08-01,0.0,0.0,0.0,0.0,0
28,104.83000126491089,0.0,1048.3000104624905,1048.3000104624905,1.0,0,1,1.0,1.0,1.0,1,1,1,1,1,0,4,2,0.0,0.25377274868950933,955.3915857375671,782.2700353561829,1,9,0,2024-08-01,0.0,104.83000104624905,104.83000104624905,0.25589226315094826,0
29,151.23721568931654,1048.3000106811523,1048.3000106811523,2096.6000213623047,1.0,0,1,1.0,1.0,1.0,1,1,1,1,1,5,1,0,0.011963591108807884,0.2797263899213429,1035.758577994004,755.0628331388084,1,9,0,2024-08-01,104.83000106811524,104.83000106811524,209.66000213623047,0.033670035487006894,0
30,164.24384023877218,1064.4333432515461,1067.600009918213,2132.033353169759,1.0,0,1,1.0,1.0,1.0,1,1,1,1,1,5,1,0,0.008461672008282262,0.30493049672582856,1055.4264574262722,742.0562085893528,1,9,0,2024-08-01,106.44333432515462,106.7600009918213,213.20333531697588,0.013488018472694681,0
31,186.50143905794783,1111.600009918213,1111.5999832424695,2223.1999931606824,1.0,0,1,1.0,1.0,1.0,1,1,1,1,1,6,0,0,0.017920318420263554,0.34553924801259617,1091.6797837845104,727.4985609420521,1,9,0,2024-08-01,111.16000099182129,111.15999832424696,222.31999931606825,2.1283627087331176e-09,0
32,225.5816375585725,1119.9000091552734,1119.9000091552734,2239.800018310547,0.8333333333333334,1,0,0.8,1.0,1.0,0,0,1,0,1,5,1,0,0.00646105003659766,0.38528586765465533,1112.664279160135,688.4183624414275,1,9,0,2024-08-01,111.99000091552735,111.99000091552735,223.9800018310547,0.2609427568921423,1
33,110.34000089407598,0.0,1103.4000091552734,1103.4000091552734,1.0,0,1,1.0,1.0,1.0,1,1,1,1,1,0,6,0,0.0,0.3140656661248118,906.6426131987635,756.859950277799,1,9,0,2024-08-01,0.0,110.34000091552736,110.34000091552736,2.7852176419155454e-09,0
34,160.07000160217277,0.0,1078.700008392334,1078.700008392334,0.8333333333333334,1,0,1.0,0.8333333333333334,1.0,1,0,1,1,0,0,6,0,0.0,0.2981088869201839,1006.8987369537352,757.1299495697023,1,9,0,2024-08-01,0.0,107.8700008392334,107.8700008392334,0.4057239042236217,1
35,281.85319635310356,951.700008392334,951.700008392334,1903.400016784668,1.0,0,1,1.0,1.0,1.0,1,1,1,1,1,0,6,0,0.0,0.323687234416087,1183.3928081695099,643.6468646820526,1,9,0,2024-08-01,95.17000083923341,95.17000083923341,190.34000167846682,0.058922565592785005,0
36,230.88600345563984,944.1000061035156,813.793337123128,1757.8933432266435,1.0,0,1,1.0,1.0,1.0,1,1,1,1,1,6,0,0,0.0,0.2478261621759841,1053.3314380259524,612.1140575795164,1,9,0,2024-08-01,94.41000061035157,81.37933371231281,175.78933432266436,0.05424881832646579,0
37,131.58000068664532,1040.800006866455,1040.800006866455,2081.60001373291,1.0,0,1,1.0,1.0,1.0,1,1,1,1,1,0,6,0,0.15622892174067626,0.3909299998401623,878.1969440460203,633.9200603485109,1,9,0,2024-08-01,104.08000068664552,104.08000068664552,208.16000137329104,5.497739045545669e-10,0
38,593.2219898482723,1010.700008392334,463.86446504895736,1474.5644734412913,1.0,0,1,1.0,1.0,1.0,1,1,1,1,1,6,0,0,0.0,0.5696311691089784,1378.4173633834284,199.63280751500895,1,9,0,2024-08-01,101.0700008392334,46.38644650489574,147.45644734412915,0.2561680944173398,0
39,158.12000236511233,0.0,922.200008392334,922.200008392334,0.6666666666666666,2,0,1.0,0.0,1.0,1,0,1,1,0,4,2,0,0.0,0.37606908844401177,906.3341136932373,575.3890918731689,1,9,0,2024-08-01,0.0,92.2200008392334,92.2200008392334,0.3299663437561173,1
40,927.0600036621094,891.4000091552734,0.0,891.4000091552734,0.0,6,0,0.0,1.0,1.0,0,1,1,0,1,6,0,0,0.0,0.0,1584.7600158691407,0.0,1,9,0,2024-08-01,89.14000091552735,0.0,89.14000091552735,6.847111890930503e-09,1
41,95.18232365231643,855.7133344014485,864.5000038146973,1720.2133382161458,1.0,0,1,1.0,1.0,1.0,1,1,1,1,1,0,6,0,0.21973598305635306,0.6457402482737031,667.6823236523164,306.2575567187773,1,9,0,2024-08-01,85.57133344014485,86.45000038146974,172.02133382161458,2.103338757601217e-09,0
42,78.70000038146975,787.0000038146973,787.0000038146973,1574.0000076293945,1.0,0,1,1.0,1.0,1.0,1,1,1,1,1,6,0,0,0.2109275919131307,0.6145628975691891,620.9999881744385,303.339001083374,1,9,0,2024-08-01,78.70000038146974,78.70000038146974,157.40000076293947,2.181211909249391e-09,0
43,73.2000003814697,732.0000038146973,732.0000038146973,1464.0000076293945,1.0,0,1,1.0,1.0,1.0,1,1,1,1,1,6,0,0,0.1967213318167028,0.6108107295280689,587.9999881744385,284.8865474700928,1,9,0,2024-08-01,73.20000038146974,73.20000038146974,146.40000076293947,2.345100752237435e-09,0
44,73.52135589548948,577.0000038146973,559.4207199102309,1136.4207237249282,1.0,0,1,1.0,1.0,1.0,1,1,1,1,1,6,0,0,0.06703396678573396,0.5274920717170518,538.3214047236145,264.33072540333865,1,9,0,2024-08-01,57.70000038146973,55.94207199102309,113.64207237249282,1.0737189877765916e-09,0
45,70.30000114440918,511.00000381469727,511.00000381469727,1022.0000076293945,1.0,0,1,1.0,1.0,1.0,1,1,1,1,1,0,6,0,0.006653529974132844,0.47555329999865253,507.6000499725342,267.99226570129395,1,9,0,2024-08-01,51.10000038146973,51.10000038146973,102.20000076293945,1.866290233438195e-09,0
46,62.596194997098124,472.50000381469727,472.50000381469727,945.0000076293945,1.0,0,1,1.0,1.0,1.0,1,1,1,1,1,0,0,6,0.09439955586655355,0.5114801108534005,427.896213307645,230.82564948532377,1,9,0,2024-08-01,47.25000038146973,47.25000038146973,94.50000076293946,2.3687739691227587e-10,0
47,48.41000061035155,484.1000061035156,484.1000061035156,968.2000122070312,1.0,0,1,1.0,1.0,1.0,1,1,1,1,1,0,0,6,0.16812639156466663,0.557846059150643,402.71001892089845,214.0467254638672,1,9,0,2024-08-01,48.41000061035157,48.41000061035157,96.82000122070313,7.879977624026941e-10,0
0,0.0,0.0,0.0,0.0,1.0,0,1,1.0,1.0,0.5,1,1,0,1,1,0,0,6,0.0,0.0,123.39999389648438,181.89999389648438,0,9,1,2024-08-01,0.0,0.0,0.0,0.0,0
1,0.0,0.0,0.0,0.0,1.0,0,1,1.0,1.0,0.0,1,1,0,1,1,0,0,6,0.0,0.0,123.39999389648438,181.89999389648438,0,9,1,2024-08-01,0.0,0.0,0.0,0.0,0
2,0.0,0.0,0.0,0.0,1.0,0,1,1.0,1.0,0.3333333333333333,1,1,0,1,1,0,0,6,0.0,0.0,131.60000610351562,190.09999084472656,0,9,1,2024-08-01,0.0,0.0,0.0,0.0,0
3,0.0,0.0,0.0,0.0,1.0,0,1,1.0,1.0,0.6666666666666666,1,1,0,1,1,0,0,6,0.0,0.0,130.60000610351562,162.59999084472656,0,9,1,2024-08-01,0.0,0.0,0.0,0.0,0
4,0.0,0.0,0.0,0.0,1.0,0,1,1.0,1.0,1.0,1,1,1,1,1,0,0,6,0.0,0.0,130.60000610351562,162.59999084472656,0,9,1,2024-08-01,0.0,0.0,0.0,0.0,0
5,0.0,0.0,0.0,0.0,1.0,0,1,1.0,1.0,1.0,1,1,1,1,1,0,0,6,0.0,0.0,130.60000610351562,162.59999084472656,0,9,1,2024-08-01,0.0,0.0,0.0,0.0,0
6,0.0,0.0,0.0,0.0,1.0,0,1,1.0,1.0,1.0,1,1,1,1,1,0,0,6,0.0,0.0,130.60000610351562,162.59999084472656,0,9,1,2024-08-01,0.0,0.0,0.0,0.0,0
7,0.0,0.0,0.0,0.0,1.0,0,1,1.0,1.0,1.0,1,1,1,1,1,0,0,6,0.0,0.0,130.60000610351562,162.59999084472656,0,9,1,2024-08-01,0.0,0.0,0.0,0.0,0
8,0.0,0.0,0.0,0.0,1.0,0,1,1.0,1.0,1.0,1,1,1,1,1,0,0,6,0.0,0.0,130.60000610351562,162.59999084472656,0,9,1,2024-08-01,0.0,0.0,0.0,0.0,0
9,0.0,0.0,0.0,0.0,1.0,0,1,1.0,1.0,1.0,1,1,1,1,1,0,0,6,0.0,0.0,149.8000030517578,181.79998779296875,0,9,1,2024-08-01,0.0,0.0,0.0,0.0,0
10,0.0,0.0,0.0,0.0,1.0,0,1,1.0,1.0,1.0,1,1,1,1,1,0,0,6,0.0,0.0,149.8000030517578,181.79998779296875,0,9,1,2024-08-01,0.0,0.0,0.0,0.0,0
11,0.0,0.0,0.0,0.0,1.0,0,1,1.0,1.0,1.0,1,1,1,1,1,0,0,6,0.0,0.0,149.8000030517578,181.79998779296875,0,9,1,2024-08-01,0.0,0.0,0.0,0.0,0
12,0.0,0.0,0.0,0.0,1.0,0,1,1.0,1.0,1.0,1,1,1,1,1,0,0,6,0.0,0.0,228.10000610351562,286.79998779296875,0,9,1,2024-08-01,0.0,0.0,0.0,0.0,0
13,0.0,0.0,0.0,0.0,1.0,0,1,1.0,1.0,0.16666666666666666,1,1,0,1,1,0,0,6,0.0,0.0,228.10000610351562,286.79998779296875,0,9,1,2024-08-01,0.0,0.0,0.0,0.0,0
14,0.0,0.0,0.0,0.0,1.0,0,1,1.0,1.0,0.0,1,1,0,1,1,0,0,6,0.0,0.0,255.60000610351562,314.29998779296875,0,9,1,2024-08-01,0.0,0.0,0.0,0.0,0
15,0.0,0.0,0.0,0.0,1.0,0,1,1.0,1.0,0.0,1,1,0,1,1,0,0,6,0.0,0.0,287.1000061035156,341.79998779296875,0,9,1,2024-08-01,0.0,0.0,0.0,0.0,0
16,0.0,0.0,0.0,0.0,1.0,0,1,1.0,1.0,0.0,1,1,0,1,1,0,0,6,0.0,0.0,378.70001220703125,441.20001220703125,0,9,1,2024-08-01,0.0,0.0,0.0,0.0,0
17,0.0,0.0,0.0,0.0,1.0,0,1,1.0,1.0,0.0,1,1,0,1,1,0,0,6,0.0,0.0,476.1000061035156,568.2000122070312,0,9,1,2024-08-01,0.0,0.0,0.0,0.0,0
18,41.32000045776364,284.00000381469727,303.2000045776367,587.200008392334,1.0,0,1,1.0,1.0,1.0,1,1,1,1,1,0,3,3,0.0,0.0,644.0169609069824,689.5800239562989,1,9,1,2024-08-01,28.400000381469727,30.320000457763673,58.7200008392334,0.033032415092881566,0
19,36.041425100823,408.2000045776367,408.2000045776367,816.4000091552734,1.0,0,1,1.0,1.0,1.0,1,1,1,1,1,6,0,0,0.0,0.0,693.5610173859792,769.2871271452708,1,9,1,2024-08-01,40.820000457763676,40.820000457763676,81.64000091552735,1.5962953965312201e-09,0
20,31.99227210225591,535.1000061035156,535.1000061035156,1070.2000122070312,1.0,0,1,1.0,1.0,1.0,1,1,1,1,1,0,0,6,0.0,0.0,827.2712027663184,916.7377694016503,1,9,1,2024-08-01,53.51000061035157,53.51000061035157,107.02000122070314,6.343824133177961e-10,0
21,47.543323060875316,586.0500061035157,601.1000061035156,1187.1500122070313,1.0,0,1,1.0,1.0,1.0,1,1,1,1,1,0,0,6,0.0,0.0,982.3696170061878,1078.3663449078747,1,9,1,2024-08-01,58.60500061035157,60.11000061035156,118.71500122070313,3.840882635662456e-10,0
22,68.28386863584784,563.4500076293946,578.5000076293945,1141.950015258789,1.0,0,1,1.0,1.0,1.0,1,1,1,1,1,6,0,0,0.0,0.0,1037.5147646319415,1087.7070981610273,1,9,1,2024-08-01,56.34500076293946,57.85000076293946,114.19500152587892,1.5355519910768503e-09,0
23,-21.492823499714575,250.0,608.700008392334,858.700008392334,1.0,0,1,1.0,1.0,1.0,1,1,1,1,1,2,0,4,0.0,0.0,1011.5115710315354,1248.7953137340896,1,9,1,2024-08-01,25.0,60.8700008392334,85.8700008392334,0.03921047291503763,0
24,65.82000083923339,658.200008392334,658.200008392334,1316.400016784668,1.0,0,1,1.0,1.0,1.0,1,1,1,1,1,6,0,0,0.0,0.0,984.3837825775147,1195.397650527954,1,9,1,2024-08-01,65.8200008392334,65.8200008392334,131.6400016784668,0.19191919810922303,0
25,37.2858175377095,735.700008392334,735.700008392334,1471.400016784668,1.0,0,1,1.0,1.0,1.0,1,1,1,1,1,6,0,0,0.013494278301024218,0.0,725.772267733022,1200.753122891978,1,9,1,2024-08-01,73.5700008392334,73.5700008392334,147.1400016784668,0.23232323998066645,0
26,83.57000083923327,835.700008392334,835.700008392334,1671.400016784668,1.0,0,1,1.0,1.0,1.0,1,1,1,1,1,1,5,0,0.0930059824650006,0.0,757.9749080657957,1147.4299991607668,1,9,1,2024-08-01,83.5700008392334,83.5700008392334,167.1400016784668,0.173400669624444,0
27,0.0,0.0,0.0,0.0,1.0,0,1,1.0,1.0,0.0,1,1,0,1,1,0,0,6,0.0,0.0,759.0827026367188,1247.5,0,9,1,2024-08-01,0.0,0.0,0.0,0.0,0
28,104.83000126491089,0.0,1048.3000104624905,1048.3000104624905,1.0,0,1,1.0,1.0,1.0,1,1,1,1,1,0,4,2,0.0,0.0,891.4127039016296,1120.7699743210267,1,9,1,2024-08-01,0.0,104.83000104624905,104.83000104624905,0.25589226315094826,0
29,151.23721568931654,1048.3000106811523,1048.3000106811523,2096.6000213623047,1.0,0,1,1.0,1.0,1.0,1,1,1,1,1,5,1,0,0.0,0.0,1053.591097525254,1112.7627843106834,1,9,1,2024-08-01,104.83000106811524,104.83000106811524,209.66000213623047,0.033670035487006894,0
30,164.24384023877218,1064.4333432515461,1067.600009918213,2132.033353169759,1.0,0,1,1.0,1.0,1.0,1,1,1,1,1,5,1,0,0.0,0.0,1117.1721849653347,1091.5562085893528,1,9,1,2024-08-01,106.44333432515462,106.7600009918213,213.20333531697588,0.013488018472694681,0
31,186.50143905794783,1111.600009918213,1111.5999832424695,2223.1999931606824,1.0,0,1,1.0,1.0,1.0,1,1,1,1,1,6,0,0,0.0,0.03067778230883528,1182.689915620448,1077.498560942052,1,9,1,2024-08-01,111.16000099182129,111.15999832424696,222.31999931606825,2.1283627087331176e-09,0
32,225.5816375585725,1119.9000091552734,1119.9000091552734,2239.800018310547,0.8333333333333334,1,0,0.8,1.0,1.0,0,0,1,0,1,5,1,0,0.0,0.08766996792845651,1139.755587753885,1021.7184112695525,1,9,1,2024-08-01,111.99000091552735,111.99000091552735,223.9800018310547,0.2609427568921423,1
33,110.34000089407598,0.0,1103.4000091552734,1103.4000091552734,1.0,0,1,1.0,1.0,1.0,1,1,1,1,1,0,6,0,0.0,0.0,947.223057534701,1153.659999105924,1,9,1,2024-08-01,0.0,110.34000091552736,110.34000091552736,2.7852176419155454e-09,0
34,160.07000160217277,0.0,1078.700008392334,1078.700008392334,1.0,0,1,1.0,1.0,1.0,1,1,1,1,1,0,6,0,0.0,0.00015762900458557587,1089.7261905670166,1078.5299739837646,1,9,1,2024-08-01,0.0,107.8700008392334,107.8700008392334,0.4057239042236217,0
35,281.85319635310356,951.700008392334,951.700008392334,1903.400016784668,1.0,0,1,1.0,1.0,1.0,1,1,1,1,1,0,6,0,0.0,0.1143257477540614,1263.1999370757599,842.8961932953339,1,9,1,2024-08-01,95.17000083923341,95.17000083923341,190.34000167846682,0.058922565592785005,0
36,230.88600345563984,944.1000061035156,813.793337123128,1757.8933432266435,1.0,0,1,1.0,1.0,1.0,1,1,1,1,1,6,0,0,0.0,0.0345042195318757,1147.6606616587649,785.7140331654539,1,9,1,2024-08-01,94.41000061035157,81.37933371231281,175.78933432266436,0.05424881832646579,0
37,131.58000068664532,1040.800006866455,1040.800006866455,2081.60001373291,1.0,0,1,1.0,1.0,1.0,1,1,1,1,1,0,6,0,0.048763417399455146,0.21308605829060417,990.0470417022703,819.0200359344484,1,9,1,2024-08-01,104.08000068664552,104.08000068664552,208.16000137329104,5.497739045545669e-10,0
38,593.2219898482723,1010.700008392334,463.86446504895736,1474.5644734412913,1.0,0,1,1.0,1.0,1.0,1,1,1,1,1,6,0,0,0.0,0.5093867365851498,1311.775883891241,227.5780589798527,1,9,1,2024-08-01,101.0700008392334,46.38644650489574,147.45644734412915,0.2561680944173398,0
39,158.12000236511233,0.0,922.200008392334,922.200008392334,0.6666666666666666,2,0,1.0,0.0,1.0,1,0,1,1,0,4,2,0,0.0,0.3141616899421454,854.9096752166748,632.4800952911377,1,9,1,2024-08-01,0.0,92.2200008392334,92.2200008392334,0.3299663437561173,1
40,927.0600036621094,891.4000091552734,0.0,891.4000091552734,0.0,6,0,0.0,1.0,1.0,0,1,1,0,1,6,0,0,0.0,0.0,1660.0600646972657,0.0,1,9,1,2024-08-01,89.14000091552735,0.0,89.14000091552735,6.847111890930503e-09,1
41,95.18232365231643,855.7133344014485,864.5000038146973,1720.2133382161458,1.0,0,1,1.0,1.0,1.0,1,1,1,1,1,0,6,0,0.07716480164489072,0.3801100249211715,789.6823846874727,535.8948858203398,1,9,1,2024-08-01,85.57133344014485,86.45000038146974,172.02133382161458,2.103338757601217e-09,0
42,78.70000038146975,787.0000038146973,787.0000038146973,1574.0000076293945,1.0,0,1,1.0,1.0,1.0,1,1,1,1,1,6,0,0,0.14803051470847162,0.4157766683121568,670.4999881744385,459.78376426696775,1,9,1,2024-08-01,78.70000038146974,78.70000038146974,157.40000076293947,2.181211909249391e-09,0
43,73.2000003814697,732.0000038146973,732.0000038146973,1464.0000076293945,1.0,0,1,1.0,1.0,1.0,1,1,1,1,1,6,0,0,0.0765027532082294,0.34933912324468097,675.9999881744385,476.2837642669678,1,9,1,2024-08-01,73.20000038146974,73.20000038146974,146.40000076293947,2.345100752237435e-09,0
44,73.52135589548948,577.0000038146973,559.4207199102309,1136.4207237249282,1.0,0,1,1.0,1.0,1.0,1,1,1,1,1,6,0,0,0.0,0.1491871309411484,676.3214047236145,475.9623477177918,1,9,1,2024-08-01,57.70000038146973,55.94207199102309,113.64207237249282,1.0737189877765916e-09,0
45,70.30000114440918,511.00000381469727,511.00000381469727,1022.0000076293945,1.0,0,1,1.0,1.0,1.0,1,1,1,1,1,0,6,0,0.0,0.0,734.1000499725342,540.1837024688721,1,9,1,2024-08-01,51.10000038146973,51.10000038146973,102.20000076293945,1.866290233438195e-09,0
46,62.596194997098124,472.50000381469727,472.50000381469727,945.0000076293945,1.0,0,1,1.0,1.0,1.0,1,1,1,1,1,0,0,6,0.0,0.0,723.6962316181919,545.1874964091519,1,9,1,2024-08-01,47.25000038146973,47.25000038146973,94.50000076293946,2.3687739691227587e-10,0
47,48.41000061035155,484.1000061035156,484.1000061035156,968.2000122070312,1.0,0,1,1.0,1.0,1.0,1,1,1,1,1,0,0,6,0.0,0.0,751.821499633789,606.6736785888672,1,9,1,2024-08-01,48.41000061035157,48.41000061035157,96.82000122070313,7.879977624026941e-10,0
0,0.0,0.0,0.0,0.0,1.0,0,1,1.0,1.0,0.3333333333333333,1,1,0,1,1,0,0,6,0.0,0.0,341.29998779296875,399.3000183105469,0,9,2,2024-08-01,0.0,0.0,0.0,0.0,0
1,0.0,0.0,0.0,0.0,1.0,0,1,1.0,1.0,0.0,1,1,0,1,1,0,0,6,0.0,0.0,341.3899841308594,399.3000183105469,0,9,2,2024-08-01,0.0,0.0,0.0,0.0,0
2,0.0,0.0,0.0,0.0,1.0,0,1,1.0,1.0,0.0,1,1,0,1,1,0,0,6,0.0,0.0,344.6000061035156,380.10003662109375,0,9,2,2024-08-01,0.0,0.0,0.0,0.0,0
3,0.0,0.0,0.0,0.0,1.0,0,1,1.0,1.0,0.5,1,1,0,1,1,0,0,6,0.0,0.0,317.0999755859375,352.6000061035156,0,9,2,2024-08-01,0.0,0.0,0.0,0.0,0
4,0.0,0.0,0.0,0.0,1.0,0,1,1.0,1.0,1.0,1,1,1,1,1,0,0,6,0.0,0.0,317.0999755859375,352.6000061035156,0,9,2,2024-08-01,0.0,0.0,0.0,0.0,0
5,0.0,0.0,0.0,0.0,1.0,0,1,1.0,1.0,0.3333333333333333,1,1,0,1,1,0,0,6,0.0,0.0,317.0999755859375,352.6000061035156,0,9,2,2024-08-01,0.0,0.0,0.0,0.0,0
6,0.0,0.0,0.0,0.0,1.0,0,1,1.0,1.0,1.0,1,1,1,1,1,0,0,6,0.0,0.0,289.5999755859375,325.1000061035156,0,9,2,2024-08-01,0.0,0.0,0.0,0.0,0
7,0.0,0.0,0.0,0.0,1.0,0,1,1.0,1.0,1.0,1,1,1,1,1,0,0,6,0.0,0.0,289.5999755859375,325.1000061035156,0,9,2,2024-08-01,0.0,0.0,0.0,0.0,0
8,0.0,0.0,0.0,0.0,1.0,0,1,1.0,1.0,0.8333333333333334,1,1,0,1,1,0,0,6,0.0,0.0,289.5999755859375,325.1000061035156,0,9,2,2024-08-01,0.0,0.0,0.0,0.0,0
9,0.0,0.0,0.0,0.0,1.0,0,1,1.0,1.0,0.0,1,1,0,1,1,0,0,6,0.0,0.0,289.5999755859375,325.1000061035156,0,9,2,2024-08-01,0.0,0.0,0.0,0.0,0
10,0.0,0.0,0.0,0.0,1.0,0,1,1.0,1.0,0.0,1,1,0,1,1,0,0,6,0.0,0.0,289.5999755859375,325.1000061035156,0,9,2,2024-08-01,0.0,0.0,0.0,0.0,0
11,0.0,0.0,0.0,0.0,1.0,0,1,1.0,1.0,0.0,1,1,0,1,1,0,0,6,0.0,0.0,289.5999755859375,325.1000061035156,0,9,2,2024-08-01,0.0,0.0,0.0,0.0,0
12,0.0,0.0,0.0,0.0,1.0,0,1,1.0,1.0,0.5,1,1,0,1,1,0,0,6,0.0,0.0,270.3999938964844,305.8999938964844,0,9,2,2024-08-01,0.0,0.0,0.0,0.0,0
13,0.0,0.0,0.0,0.0,1.0,0,1,1.0,1.0,1.0,1,1,1,1,1,0,0,6,0.0,0.0,270.3999938964844,305.8999938964844,0,9,2,2024-08-01,0.0,0.0,0.0,0.0,0
14,0.0,0.0,0.0,0.0,1.0,0,1,1.0,1.0,0.0,1,1,0,1,1,0,0,6,0.0,0.0,270.3999938964844,305.8999938964844,0,9,2,2024-08-01,0.0,0.0,0.0,0.0,0
15,0.0,0.0,0.0,0.0,1.0,0,1,1.0,1.0,0.0,1,1,0,1,1,0,0,6,0.0,0.0,270.3999938964844,305.8999938964844,0,9,2,2024-08-01,0.0,0.0,0.0,0.0,0
16,0.0,0.0,0.0,0.0,1.0,0,1,1.0,1.0,0.6666666666666666,1,1,0,1,1,0,0,6,0.0,0.0,299.3999938964844,366.9000244140625,0,9,2,2024-08-01,0.0,0.0,0.0,0.0,0
17,0.0,0.0,0.0,0.0,1.0,0,1,1.0,1.0,0.0,1,1,0,1,1,0,0,6,0.0,0.0,344.8999938964844,444.4000244140625,0,9,2,2024-08-01,0.0,0.0,0.0,0.0,0
18,41.32000045776364,284.00000381469727,303.2000045776367,587.200008392334,1.0,0,1,1.0,1.0,1.0,1,1,1,1,1,0,3,3,0.0,0.0,566.3200004577636,576.6799995422364,1,9,2,2024-08-01,28.400000381469727,30.320000457763673,58.7200008392334,0.033032415092881566,0
19,36.041425100823,408.2000045776367,408.2000045776367,816.4000091552734,1.0,0,1,1.0,1.0,1.0,1,1,1,1,1,6,0,0,0.0,0.0,700.1338323273854,735.9311701140208,1,9,2,2024-08-01,40.820000457763676,40.820000457763676,81.64000091552735,1.5962953965312201e-09,0
20,31.99227210225591,535.1000061035156,535.1000061035156,1070.2000122070312,1.0,0,1,1.0,1.0,1.0,1,1,1,1,1,0,0,6,0.0,0.0,778.2786490553809,817.4077523118066,1,9,2,2024-08-01,53.51000061035157,53.51000061035157,107.02000122070314,6.343824133177961e-10,0
21,47.543323060875316,586.0500061035157,601.1000061035156,1187.1500122070313,1.0,0,1,1.0,1.0,1.0,1,1,1,1,1,0,0,6,0.0,0.0,773.7411380022816,782.6566891461559,1,9,2,2024-08-01,58.60500061035157,60.11000061035156,118.71500122070313,3.840882635662456e-10,0
22,68.28386863584784,563.4500076293946,578.5000076293945,1141.950015258789,1.0,0,1,1.0,1.0,1.0,1,1,1,1,1,6,0,0,0.0,0.0,835.1392763506916,808.7161313641521,1,9,2,2024-08-01,56.34500076293946,57.85000076293946,114.19500152587892,1.5355519910768503e-09,0
23,-21.492823499714575,250.0,608.700008392334,858.700008392334,1.0,0,1,1.0,1.0,1.0,1,1,1,1,1,2,0,4,0.0,0.0,775.7251330432541,936.9928845348709,1,9,2,2024-08-01,25.0,60.8700008392334,85.8700008392334,0.03921047291503763,0
24,65.82000083923339,658.200008392334,658.200008392334,1316.400016784668,1.0,0,1,1.0,1.0,1.0,1,1,1,1,1,6,0,0,0.0,0.0,859.766167831421,910.5799625396728,1,9,2,2024-08-01,65.8200008392334,65.8200008392334,131.6400016784668,0.19191919810922303,0
25,37.2858175377095,735.700008392334,735.700008392334,1471.400016784668,1.0,0,1,1.0,1.0,1.0,1,1,1,1,1,6,0,0,0.0,0.0,819.7603658775532,1096.314158048228,1,9,2,2024-08-01,73.5700008392334,73.5700008392334,147.1400016784668,0.23232323998066645,0
26,83.57000083923327,835.700008392334,835.700008392334,1671.400016784668,1.0,0,1,1.0,1.0,1.0,1,1,1,1,1,1,5,0,0.0,0.0,856.6176692962645,1088.4299991607668,1,9,2,2024-08-01,83.5700008392334,83.5700008392334,167.1400016784668,0.173400669624444,0
27,0.0,0.0,0.0,0.0,1.0,0,1,1.0,1.0,0.0,1,1,0,1,1,0,0,6,0.0,0.0,938.1292724609375,1249.39990234375,0,9,2,2024-08-01,0.0,0.0,0.0,0.0,0
28,104.83000126491089,0.0,1048.3000104624905,1048.3000104624905,1.0,0,1,1.0,1.0,1.0,1,1,1,1,1,0,4,2,0.0,0.0,1078.759261518817,1178.9241491257142,1,9,2,2024-08-01,0.0,104.83000104624905,104.83000104624905,0.25589226315094826,0
29,151.23721568931654,1048.3000106811523,1048.3000106811523,2096.6000213623047,1.0,0,1,1.0,1.0,1.0,1,1,1,1,1,5,1,0,0.0,0.0,1240.5040613924416,1151.115933724746,1,9,2,2024-08-01,104.83000106811524,104.83000106811524,209.66000213623047,0.033670035487006894,0
30,164.24384023877218,1064.4333432515461,1067.600009918213,2132.033353169759,1.0,0,1,1.0,1.0,1.0,1,1,1,1,1,5,1,0,0.0,0.0,1292.3550462934597,1165.5451001909153,1,9,2,2024-08-01,106.44333432515462,106.7600009918213,213.20333531697588,0.013488018472694681,0
31,186.50143905794783,1111.600009918213,1111.5999832424695,2223.1999931606824,1.0,0,1,1.0,1.0,1.0,1,1,1,1,1,6,0,0,0.0,0.0,1352.5679673782604,1151.222926176427,1,9,2,2024-08-01,111.16000099182129,111.15999832424696,222.31999931606825,2.1283627087331176e-09,0
32,225.5816375585725,1119.9000091552734,1119.9000091552734,2239.800018310547,1.0,0,1,1.0,1.0,1.0,1,1,1,1,1,5,1,0,0.0,0.0,1558.5108367773225,1232.80520326174,1,9,2,2024-08-01,111.99000091552735,111.99000091552735,223.9800018310547,0.2609427568921423,0
33,110.34000089407598,0.0,1103.4000091552734,1103.4000091552734,1.0,0,1,1.0,1.0,1.0,1,1,1,1,1,0,6,0,0.0,0.0,1359.501866128451,1381.7819473481115,1,9,2,2024-08-01,0.0,110.34000091552736,110.34000091552736,2.7852176419155454e-09,0
34,160.07000160217277,0.0,1078.700008392334,1078.700008392334,1.0,0,1,1.0,1.0,1.0,1,1,1,1,1,0,6,0,0.0,0.0,1415.1829166412354,1271.0853939056396,1,9,2,2024-08-01,0.0,107.8700008392334,107.8700008392334,0.4057239042236217,0
35,281.85319635310356,951.700008392334,951.700008392334,1903.400016784668,1.0,0,1,1.0,1.0,1.0,1,1,1,1,1,0,6,0,0.0,0.0,1586.754685610916,1095.5418231781464,1,9,2,2024-08-01,95.17000083923341,95.17000083923341,190.34000167846682,0.058922565592785005,0
36,230.88600345563984,944.1000061035156,813.793337123128,1757.8933432266435,1.0,0,1,1.0,1.0,1.0,1,1,1,1,1,6,0,0,0.0,0.0,1410.4367847056399,1013.3028393177976,1,9,2,2024-08-01,94.41000061035157,81.37933371231281,175.78933432266436,0.05424881832646579,0
37,131.58000068664532,1040.800006866455,1040.800006866455,2081.60001373291,1.0,0,1,1.0,1.0,1.0,1,1,1,1,1,0,6,0,0.0,0.0,1259.4435260772702,1054.3329631805423,1,9,2,2024-08-01,104.08000068664552,104.08000068664552,208.16000137329104,5.497739045545669e-10,0
38,593.2219898482723,1010.700008392334,463.86446504895736,1474.5644734412913,1.0,0,1,1.0,1.0,1.0,1,1,1,1,1,6,0,0,0.0,0.0,1701.8126880904597,580.2030589798527,1,9,2,2024-08-01,101.0700008392334,46.38644650489574,147.45644734412915,0.2561680944173398,0
39,158.12000236511233,0.0,922.200008392334,922.200008392334,1.0,0,1,1.0,1.0,1.0,1,1,1,1,1,4,2,0,0.0,0.0,1297.1262279510497,957.9517749786377,1,9,2,2024-08-01,0.0,92.2200008392334,92.2200008392334,0.3299663437561173,0
40,927.0600036621094,891.4000091552734,0.0,891.4000091552734,1.0,0,1,1.0,1.0,1.0,1,1,1,1,1,6,0,0,0.0,0.0,1997.159979248047,63.0937438964844,1,9,2,2024-08-01,89.14000091552735,0.0,89.14000091552735,6.847111890930503e-09,0
41,95.18232365231643,855.7133344014485,864.5000038146973,1720.2133382161458,1.0,0,1,1.0,1.0,1.0,1,1,1,1,1,0,6,0,0.0,0.23774525883992914,944.2823602734102,658.9692266406523,1,9,2,2024-08-01,85.57133344014485,86.45000038146974,172.02133382161458,2.103338757601217e-09,0
42,78.70000038146975,787.0000038146973,787.0000038146973,1574.0000076293945,1.0,0,1,1.0,1.0,1.0,1,1,1,1,1,6,0,0,0.0,0.18740731164233146,891.9999881744385,639.5104488372803,1,9,2,2024-08-01,78.70000038146974,78.70000038146974,157.40000076293947,2.181211909249391e-09,0
43,73.2000003814697,732.0000038146973,732.0000038146973,1464.0000076293945,1.0,0,1,1.0,1.0,1.0,1,1,1,1,1,6,0,0,0.0,0.1361001320296943,864.4999881744385,632.3747066497803,1,9,2,2024-08-01,73.20000038146974,73.20000038146974,146.40000076293947,2.345100752237435e-09,0
44,73.52135589548948,577.0000038146973,559.4207199102309,1136.4207237249282,1.0,0,1,1.0,1.0,1.0,1,1,1,1,1,6,0,0,0.0,0.0,734.621331481427,564.402350159198,1,9,2,2024-08-01,57.70000038146973,55.94207199102309,113.64207237249282,1.0737189877765916e-09,0
45,70.30000114440918,511.00000381469727,511.00000381469727,1022.0000076293945,1.0,0,1,1.0,1.0,1.0,1,1,1,1,1,0,6,0,0.0,0.0,712.1999645233154,547.2036609649658,1,9,2,2024-08-01,51.10000038146973,51.10000038146973,102.20000076293945,1.866290233438195e-09,0
46,62.596194997098124,472.50000381469727,472.50000381469727,945.0000076293945,1.0,0,1,1.0,1.0,1.0,1,1,1,1,1,0,0,6,0.0,0.0,690.6962316181919,537.6171228739956,1,9,2,2024-08-01,47.25000038146973,47.25000038146973,94.50000076293946,2.3687739691227587e-10,0
47,48.41000061035155,484.1000061035156,484.1000061035156,968.2000122070312,1.0,0,1,1.0,1.0,1.0,1,1,1,1,1,0,0,6,0.0,0.0,676.5100372314453,546.3276092529297,1,9,2,2024-08-01,48.41000061035157,48.41000061035157,96.82000122070313,7.879977624026941e-10,0
0,0.0,0.0,0.0,0.0,1.0,0,1,1.0,1.0,1.0,1,1,1,1,1,0,0,6,0.0,0.0,203.89999389648438,217.0,0,10,0,2024-08-01,0.0,0.0,0.0,0.0,0
1,0.0,0.0,0.0,0.0,1.0,0,1,1.0,1.0,0.5,1,1,0,1,1,0,0,6,0.0,0.0,203.89999389648438,217.0,0,10,0,2024-08-01,0.0,0.0,0.0,0.0,0
2,0.0,0.0,0.0,0.0,1.0,0,1,1.0,1.0,0.0,1,1,0,1,1,0,0,6,0.0,0.0,176.39999389648438,189.5,0,10,0,2024-08-01,0.0,0.0,0.0,0.0,0
3,0.0,0.0,0.0,0.0,1.0,0,1,1.0,1.0,0.0,1,1,0,1,1,0,0,6,0.0,0.0,176.39999389648438,189.5,0,10,0,2024-08-01,0.0,0.0,0.0,0.0,0
4,0.0,0.0,0.0,0.0,1.0,0,1,1.0,1.0,0.0,1,1,0,1,1,0,0,6,0.0,0.0,168.10000610351562,181.20001220703125,0,10,0,2024-08-01,0.0,0.0,0.0,0.0,0
5,0.0,0.0,0.0,0.0,1.0,0,1,1.0,1.0,0.0,1,1,0,1,1,0,0,6,0.0,0.0,157.10000610351562,170.20001220703125,0,10,0,2024-08-01,0.0,0.0,0.0,0.0,0
6,0.0,0.0,0.0,0.0,1.0,0,1,1.0,1.0,0.6666666666666666,1,1,0,1,1,0,0,6,0.0,0.0,143.90000915527344,151.0,0,10,0,2024-08-01,0.0,0.0,0.0,0.0,0
7,0.0,0.0,0.0,0.0,1.0,0,1,1.0,1.0,0.0,1,1,0,1,1,0,0,6,0.0,0.0,124.70001220703125,131.8000030517578,0,10,0,2024-08-01,0.0,0.0,0.0,0.0,0
8,0.0,0.0,0.0,0.0,1.0,0,1,1.0,1.0,0.0,1,1,0,1,1,0,0,6,0.0,0.0,124.70001220703125,131.8000030517578,0,10,0,2024-08-01,0.0,0.0,0.0,0.0,0
9,0.0,0.0,0.0,0.0,1.0,0,1,1.0,1.0,1.0,1,1,1,1,1,0,0,6,0.0,0.0,105.5,112.60000610351562,0,10,0,2024-08-01,0.0,0.0,0.0,0.0,0
10,0.0,0.0,0.0,0.0,1.0,0,1,1.0,1.0,0.5,1,1,0,1,1,0,0,6,0.0,0.0,86.30000305175781,93.39999389648438,0,10,0,2024-08-01,0.0,0.0,0.0,0.0,0
11,0.0,0.0,0.0,0.0,1.0,0,1,1.0,1.0,1.0,1,1,1,1,1,0,0,6,0.0,0.0,86.30000305175781,93.39999389648438,0,10,0,2024-08-01,0.0,0.0,0.0,0.0,0
12,0.0,0.0,0.0,0.0,1.0,0,1,1.0,1.0,1.0,1,1,1,1,1,0,0,6,0.0,0.0,108.30000305175781,115.39999389648438,0,10,0,2024-08-01,0.0,0.0,0.0,0.0,0
13,0.0,0.0,0.0,0.0,1.0,0,1,1.0,1.0,0.16666666666666666,1,1,0,1,1,0,0,6,0.0,0.0,210.0,217.10000610351562,0,10,0,2024-08-01,0.0,0.0,0.0,0.0,0
14,0.0,0.0,0.0,0.0,1.0,0,1,1.0,1.0,0.0,1,1,0,1,1,0,0,6,0.0,0.0,277.20001220703125,286.3000183105469,0,10,0,2024-08-01,0.0,0.0,0.0,0.0,0
15,0.0,0.0,0.0,0.0,1.0,0,1,1.0,1.0,0.0,1,1,0,1,1,0,0,6,0.0,0.0,331.8999938964844,344.0,0,10,0,2024-08-01,0.0,0.0,0.0,0.0,0
16,0.0,0.0,0.0,0.0,1.0,0,1,1.0,1.0,0.3333333333333333,1,1,0,1,1,0,0,6,0.0,0.0,458.6999816894531,490.20001220703125,0,10,0,2024-08-01,0.0,0.0,0.0,0.0,0
17,0.0,0.0,0.0,0.0,1.0,0,1,1.0,1.0,0.5,1,1,0,1,1,0,0,6,0.0,0.0,482.6999816894531,517.7000122070312,0,10,0,2024-08-01,0.0,0.0,0.0,0.0,0
18,41.32000045776364,284.00000381469727,303.2000045776367,587.200008392334,1.0,0,1,1.0,1.0,1.0,1,1,1,1,1,0,0,6,0.0,0.0,623.4200370788574,572.4799873352051,1,10,0,2024-08-01,28.400000381469727,30.320000457763673,58.7200008392334,1.2992837380059546e-09,0
19,36.041425100823,408.2000045776367,408.2000045776367,816.4000091552734,1.0,0,1,1.0,1.0,1.0,1,1,1,1,1,6,0,0,0.0,0.0,719.9038518586354,699.1585871062083,1,10,0,2024-08-01,40.820000457763676,40.820000457763676,81.64000091552735,1.5962953965312201e-09,0
20,31.99227210225591,535.1000061035156,535.1000061035156,1070.2000122070312,1.0,0,1,1.0,1.0,1.0,1,1,1,1,1,0,0,6,0.0,0.0,739.9097525710059,722.4077523118066,1,10,0,2024-08-01,53.51000061035157,53.51000061035157,107.02000122070314,6.343824133177961e-10,0
21,47.543323060875316,586.0500061035157,601.1000061035156,1187.1500122070313,1.0,0,1,1.0,1.0,1.0,1,1,1,1,1,3,0,3,0.0,0.0,796.7579226702503,786.6566891461559,1,10,0,2024-08-01,58.60500061035157,60.11000061035156,118.71500122070313,0.16122944566221128,0
22,68.28386863584784,563.4500076293946,578.5000076293945,1141.950015258789,1.0,0,1,1.0,1.0,1.0,1,1,1,1,1,6,0,0,0.0,0.0,846.0605409991291,793.4162046063396,1,10,0,2024-08-01,56.34500076293946,57.85000076293946,114.19500152587892,1.5355519910768503e-09,0
23,-21.492823499714575,250.0,608.700008392334,858.700008392334,1.0,0,1,1.0,1.0,1.0,1,1,1,1,1,0,0,6,0.0,0.0,724.5427599963791,855.6928967419021,1,10,0,2024-08-01,25.0,60.8700008392334,85.8700008392334,9.929193433895184e-10,0
24,65.82000083923339,658.200008392334,658.200008392334,1316.400016784668,1.0,0,1,1.0,1.0,1.0,1,1,1,1,1,6,0,0,0.0,0.0,833.056206893921,787.5800846099853,1,10,0,2024-08-01,65.8200008392334,65.8200008392334,131.6400016784668,8.693475795556865e-10,0
25,37.2858175377095,735.700008392334,735.700008392334,1471.400016784668,1.0,0,1,1.0,1.0,1.0,1,1,1,1,1,6,0,0,0.0,0.0,920.2875875572407,934.7752176185405,1,10,0,2024-08-01,73.5700008392334,73.5700008392334,147.1400016784668,9.141515084664664e-10,0
26,83.57000083923327,835.700008392334,835.700008392334,1671.400016784668,1.0,0,1,1.0,1.0,1.0,1,1,1,1,1,6,0,0,0.0,0.0,949.9456111907957,932.0855167388918,1,10,0,2024-08-01,83.5700008392334,83.5700008392334,167.1400016784668,6.847008753975718e-10,0
27,0.0,0.0,0.0,0.0,1.0,0,1,1.0,1.0,0.0,1,1,0,1,1,0,0,6,0.0,0.0,883.6851806640625,1085.1519775390625,0,10,0,2024-08-01,0.0,0.0,0.0,0.0,0
28,104.83000126491089,0.0,1048.3000104624905,1048.3000104624905,1.0,0,1,1.0,1.0,1.0,1,1,1,1,1,0,4,2,0.0,0.17020890750697415,876.7470544875671,869.8700109421204,1,10,0,2024-08-01,0.0,104.83000104624905,104.83000104624905,0.15824916281647958,0
29,151.23721568931654,1048.3000106811523,1048.3000106811523,2096.6000213623047,1.0,0,1,1.0,1.0,1.0,1,1,1,1,1,6,0,0,0.11977812082803577,0.2327933071486866,922.7366053377541,804.2627843106834,1,10,0,2024-08-01,104.83000106811524,104.83000106811524,209.66000213623047,1.2184254943422121e-09,0
30,164.24384023877218,1064.4333432515461,1067.600009918213,2132.033353169759,0.5,3,0,1.0,0.0,1.0,0,0,1,1,0,3,3,0,0.13635636531120623,0.3025887957359686,919.2910814497097,744.5562085893528,1,10,0,2024-08-01,106.44333432515462,106.7600009918213,213.20333531697588,0.25037132628198805,1
31,186.50143905794783,1111.600009918213,1111.5999832424695,2223.1999931606824,1.0,0,1,1.0,1.0,1.0,1,1,1,1,1,3,3,0,0.09803115658285567,0.40950102888937084,1002.6285752884166,656.3986463912709,1,10,0,2024-08-01,111.16000099182129,111.15999832424696,222.31999931606825,0.09595959768294939,0
32,225.5816375585725,1119.9000091552734,1119.9000091552734,2239.800018310547,1.0,0,1,1.0,1.0,1.0,1,1,1,1,1,6,0,0,0.025983688791466314,0.41464361951933343,1090.8008758398225,655.5406158593962,1,10,0,2024-08-01,111.99000091552735,111.99000091552735,223.9800018310547,1.3559639744317964e-09,0
33,110.34000089407598,0.0,1103.4000091552734,1103.4000091552734,1.0,0,1,1.0,1.0,1.0,1,1,1,1,1,0,6,0,0.0,0.3454232103188433,924.8320663237635,722.2600357270178,1,10,0,2024-08-01,0.0,110.34000091552736,110.34000091552736,0.10101010400484721,0
34,160.07000160217277,0.0,1078.700008392334,1078.700008392334,1.0,0,1,1.0,1.0,1.0,1,1,1,1,1,0,6,0,0.0,0.3943357015258098,957.8675479888915,653.330083847046,1,10,0,2024-08-01,0.0,107.8700008392334,107.8700008392334,0.07407408173623914,0
35,281.85319635310356,951.700008392334,951.700008392334,1903.400016784668,1.0,0,1,1.0,1.0,1.0,1,1,1,1,1,0,6,0,0.0,0.4047001322894191,1085.5302593413849,566.5468890961151,1,10,0,2024-08-01,95.17000083923341,95.17000083923341,190.34000167846682,0.011784518508721687,0
36,230.88600345563984,944.1000061035156,813.793337123128,1757.8933432266435,1.0,0,1,1.0,1.0,1.0,1,1,1,1,1,6,0,0,0.0,0.20346596042167586,1066.2112598032961,648.2140942006101,1,10,0,2024-08-01,94.41000061035157,81.37933371231281,175.78933432266436,1.0630484393220056e-09,0
37,131.58000068664532,1040.800006866455,1040.800006866455,2081.60001373291,1.0,0,1,1.0,1.0,1.0,1,1,1,1,1,0,6,0,0.0376572239947522,0.26333585407070675,1001.6063678741453,766.7200481414797,1,10,0,2024-08-01,104.08000068664552,104.08000068664552,208.16000137329104,5.497739045545669e-10,0
38,593.2219898482723,1010.700008392334,463.86446504895736,1474.5644734412913,1.0,0,1,1.0,1.0,1.0,1,1,1,1,1,6,0,0,0.0,0.3602053347190433,1467.1411793013972,296.7780101517277,1,10,0,2024-08-01,101.0700008392334,46.38644650489574,147.45644734412915,3.380653162914195e-09,0
39,158.12000236511233,0.0,922.200008392334,922.200008392334,1.0,0,1,1.0,1.0,1.0,1,1,1,1,1,6,0,0,0.0,0.16627950399124178,1087.7982250213622,768.8570484161377,1,10,0,2024-08-01,0.0,92.2200008392334,92.2200008392334,7.859384907250364e-09,0
40,927.0600036621094,891.4000091552734,0.0,891.4000091552734,1.0,0,1,1.0,1.0,1.0,1,1,1,1,1,6,0,0,0.0,0.0,1863.8295349121095,0.0,1,10,0,2024-08-01,89.14000091552735,0.0,89.14000091552735,0.04713804729942686,0
41,95.18232365231643,855.7133344014485,864.5000038146973,1720.2133382161458,1.0,0,1,1.0,1.0,1.0,1,1,1,1,1,1,5,0,0.0,0.354796567674028,1009.9823724804414,557.7783697070586,1,10,0,2024-08-01,85.57133344014485,86.45000038146974,172.02133382161458,0.05359688368968551,0
42,78.70000038146975,787.0000038146973,787.0000038146973,1574.0000076293945,1.0,0,1,1.0,1.0,1.0,1,1,1,1,1,6,0,0,0.0,0.25873166095810396,974.2999759674072,583.3781856536865,1,10,0,2024-08-01,78.70000038146974,78.70000038146974,157.40000076293947,2.181211909249391e-09,0
43,73.2000003814697,732.0000038146973,732.0000038146973,1464.0000076293945,1.0,0,1,1.0,1.0,1.0,1,1,1,1,1,4,2,0,0.0,0.18779715924811674,971.5000492095947,594.5324825286865,1,10,0,2024-08-01,73.20000038146974,73.20000038146974,146.40000076293947,0.010101011619666821,0
44,73.52135589548948,577.0000038146973,559.4207199102309,1136.4207237249282,1.0,0,1,1.0,1.0,1.0,1,1,1,1,1,6,0,0,0.0,0.0,993.8214047236145,609.262701721698,1,10,0,2024-08-01,57.70000038146973,55.94207199102309,113.64207237249282,0.03931950659913526,0
45,70.30000114440918,511.00000381469727,511.00000381469727,1022.0000076293945,1.0,0,1,1.0,1.0,1.0,1,1,1,1,1,0,6,0,0.0,0.0,885.7000255584717,525.3322010040283,1,10,0,2024-08-01,51.10000038146973,51.10000038146973,102.20000076293945,0.1447811445612116,0
46,62.596194997098124,472.50000381469727,472.50000381469727,945.0000076293945,1.0,0,1,1.0,1.0,1.0,1,1,1,1,1,0,0,6,0.0,0.0,877.9962194111606,496.6236536357144,1,10,0,2024-08-01,47.25000038146973,47.25000038146973,94.50000076293946,2.3687739691227587e-10,0
47,48.41000061035155,484.1000061035156,484.1000061035156,968.2000122070312,1.0,0,1,1.0,1.0,1.0,1,1,1,1,1,0,0,6,0.0,0.016928707445992706,816.5100982666015,475.9048187255859,1,10,0,2024-08-01,48.41000061035157,48.41000061035157,96.82000122070313,7.879977624026941e-10,0
0,0.0,0.0,0.0,0.0,1.0,0,1,1.0,1.0,1.0,1,1,1,1,1,0,0,6,0.0,0.0,77.0,77.0,0,10,1,2024-08-01,0.0,0.0,0.0,0.0,0
1,0.0,0.0,0.0,0.0,1.0,0,1,1.0,1.0,0.5,1,1,0,1,1,0,0,6,0.0,0.0,77.0,77.0,0,10,1,2024-08-01,0.0,0.0,0.0,0.0,0
2,0.0,0.0,0.0,0.0,1.0,0,1,1.0,1.0,1.0,1,1,1,1,1,0,0,6,0.0,0.0,66.0,66.0,0,10,1,2024-08-01,0.0,0.0,0.0,0.0,0
3,0.0,0.0,0.0,0.0,1.0,0,1,1.0,1.0,1.0,1,1,1,1,1,0,0,6,0.0,0.0,66.0,66.0,0,10,1,2024-08-01,0.0,0.0,0.0,0.0,0
4,0.0,0.0,0.0,0.0,1.0,0,1,1.0,1.0,1.0,1,1,1,1,1,0,0,6,0.0,0.0,116.0,116.0,0,10,1,2024-08-01,0.0,0.0,0.0,0.0,0
5,0.0,0.0,0.0,0.0,1.0,0,1,1.0,1.0,1.0,1,1,1,1,1,0,0,6,0.0,0.0,116.0,116.0,0,10,1,2024-08-01,0.0,0.0,0.0,0.0,0
6,0.0,0.0,0.0,0.0,1.0,0,1,1.0,1.0,1.0,1,1,1,1,1,0,0,6,0.0,0.0,116.0,116.0,0,10,1,2024-08-01,0.0,0.0,0.0,0.0,0
7,0.0,0.0,0.0,0.0,1.0,0,1,1.0,1.0,1.0,1,1,1,1,1,0,0,6,0.0,0.0,116.0,116.0,0,10,1,2024-08-01,0.0,0.0,0.0,0.0,0
8,0.0,0.0,0.0,0.0,1.0,0,1,1.0,1.0,1.0,1,1,1,1,1,0,0,6,0.0,0.0,116.0,116.0,0,10,1,2024-08-01,0.0,0.0,0.0,0.0,0
9,0.0,0.0,0.0,0.0,1.0,0,1,1.0,1.0,0.6666666666666666,1,1,0,1,1,0,0,6,0.0,0.0,66.0,66.0,0,10,1,2024-08-01,0.0,0.0,0.0,0.0,0
10,0.0,0.0,0.0,0.0,1.0,0,1,1.0,1.0,1.0,1,1,1,1,1,0,0,6,0.0,0.0,66.0,66.0,0,10,1,2024-08-01,0.0,0.0,0.0,0.0,0
11,0.0,0.0,0.0,0.0,1.0,0,1,1.0,1.0,1.0,1,1,1,1,1,0,0,6,0.0,0.0,66.0,66.0,0,10,1,2024-08-01,0.0,0.0,0.0,0.0,0
12,0.0,0.0,0.0,0.0,1.0,0,1,1.0,1.0,1.0,1,1,1,1,1,0,0,6,0.0,0.0,112.69999694824219,112.69999694824219,0,10,1,2024-08-01,0.0,0.0,0.0,0.0,0
13,0.0,0.0,0.0,0.0,1.0,0,1,1.0,1.0,1.0,1,1,1,1,1,0,0,6,0.0,0.0,131.6999969482422,140.1999969482422,0,10,1,2024-08-01,0.0,0.0,0.0,0.0,0
14,0.0,0.0,0.0,0.0,1.0,0,1,1.0,1.0,1.0,1,1,1,1,1,0,0,6,0.0,0.0,150.89999389648438,159.39999389648438,0,10,1,2024-08-01,0.0,0.0,0.0,0.0,0
15,0.0,0.0,0.0,0.0,1.0,0,1,1.0,1.0,1.0,1,1,1,1,1,0,0,6,0.0,0.0,161.89999389648438,170.39999389648438,0,10,1,2024-08-01,0.0,0.0,0.0,0.0,0
16,0.0,0.0,0.0,0.0,1.0,0,1,1.0,1.0,0.16666666666666666,1,1,0,1,1,0,0,6,0.0,0.0,277.3999938964844,285.8999938964844,0,10,1,2024-08-01,0.0,0.0,0.0,0.0,0
17,0.0,0.0,0.0,0.0,1.0,0,1,1.0,1.0,0.0,1,1,0,1,1,0,0,6,0.0,0.0,403.3000183105469,426.1000061035156,0,10,1,2024-08-01,0.0,0.0,0.0,0.0,0
18,41.32000045776364,284.00000381469727,303.2000045776367,587.200008392334,1.0,0,1,1.0,1.0,1.0,1,1,1,1,1,0,0,6,0.0,0.0,557.4199760437011,553.3800117492676,1,10,1,2024-08-01,28.400000381469727,30.320000457763673,58.7200008392334,1.2992837380059546e-09,0
19,36.041425100823,408.2000045776367,408.2000045776367,816.4000091552734,1.0,0,1,1.0,1.0,1.0,1,1,1,1,1,6,0,0,0.0,0.0,668.8462346711354,671.8585993132396,1,10,1,2024-08-01,40.820000457763676,40.820000457763676,81.64000091552735,1.5962953965312201e-09,0
20,31.99227210225591,535.1000061035156,535.1000061035156,1070.2000122070312,1.0,0,1,1.0,1.0,1.0,1,1,1,1,1,0,0,6,0.0,0.0,702.0155264967872,745.1077645188378,1,10,1,2024-08-01,53.51000061035157,53.51000061035157,107.02000122070314,6.343824133177961e-10,0
21,47.543323060875316,586.0500061035157,601.1000061035156,1187.1500122070313,1.0,0,1,1.0,1.0,1.0,1,1,1,1,1,3,0,3,0.0,0.0,667.4882693499378,737.8567013531872,1,10,1,2024-08-01,58.60500061035157,60.11000061035156,118.71500122070313,0.16122944566221128,0
22,68.28386863584784,563.4500076293946,578.5000076293945,1141.950015258789,1.0,0,1,1.0,1.0,1.0,1,1,1,1,1,6,0,0,0.0,0.0,727.2687319170979,794.6161557782146,1,10,1,2024-08-01,56.34500076293946,57.85000076293946,114.19500152587892,1.5355519910768503e-09,0
23,-21.492823499714575,250.0,608.700008392334,858.700008392334,1.0,0,1,1.0,1.0,1.0,1,1,1,1,1,0,0,6,0.0,0.0,729.4991808948166,969.5927990856521,1,10,1,2024-08-01,25.0,60.8700008392334,85.8700008392334,9.929193433895184e-10,0
24,65.82000083923339,658.200008392334,658.200008392334,1316.400016784668,1.0,0,1,1.0,1.0,1.0,1,1,1,1,1,6,0,0,0.0,0.0,936.0706722259522,1028.479925918579,1,10,1,2024-08-01,65.8200008392334,65.8200008392334,131.6400016784668,8.693475795556865e-10,0
25,37.2858175377095,735.700008392334,735.700008392334,1471.400016784668,1.0,0,1,1.0,1.0,1.0,1,1,1,1,1,6,0,0,0.0,0.0,974.2693990806782,1114.814158048228,1,10,1,2024-08-01,73.5700008392334,73.5700008392334,147.1400016784668,9.141515084664664e-10,0
26,83.57000083923327,835.700008392334,835.700008392334,1671.400016784668,1.0,0,1,1.0,1.0,1.0,1,1,1,1,1,6,0,0,0.0,0.0,1004.2532283782957,1007.5299747467043,1,10,1,2024-08-01,83.5700008392334,83.5700008392334,167.1400016784668,6.847008753975718e-10,0
27,0.0,0.0,0.0,0.0,1.0,0,1,1.0,1.0,0.0,1,1,0,1,1,0,0,6,0.0,0.0,985.548095703125,1179.5999755859375,0,10,1,2024-08-01,0.0,0.0,0.0,0.0,0
28,104.83000126491089,0.0,1048.3000104624905,1048.3000104624905,1.0,0,1,1.0,1.0,1.0,1,1,1,1,1,0,4,2,0.0,0.0,1113.5297082961608,1082.9700475632142,1,10,1,2024-08-01,0.0,104.83000104624905,104.83000104624905,0.15824916281647958,0
29,151.23721568931654,1048.3000106811523,1048.3000106811523,2096.6000213623047,1.0,0,1,1.0,1.0,1.0,1,1,1,1,1,6,0,0,0.0,0.05889266136917147,1117.6319910799416,986.5628331388084,1,10,1,2024-08-01,104.83000106811524,104.83000106811524,209.66000213623047,1.2184254943422121e-09,0
30,164.24384023877218,1064.4333432515461,1067.600009918213,2132.033353169759,1.0,0,1,1.0,1.0,1.0,1,1,1,1,1,3,3,0,0.0,0.10265578304849496,1133.8279466840847,958.0046949174778,1,10,1,2024-08-01,106.44333432515462,106.7600009918213,213.20333531697588,0.25037132628198805,0
31,186.50143905794783,1111.600009918213,1111.5999832424695,2223.1999931606824,1.0,0,1,1.0,1.0,1.0,1,1,1,1,1,3,3,0,0.0,0.21797533026720103,1218.395482026698,869.2986097701771,1,10,1,2024-08-01,111.16000099182129,111.15999832424696,222.31999931606825,0.09595959768294939,0
32,225.5816375585725,1119.9000091552734,1119.9000091552734,2239.800018310547,1.0,0,1,1.0,1.0,1.0,1,1,1,1,1,6,0,0,0.0,0.2876878250306816,1228.0732757421663,797.7184112695525,1,10,1,2024-08-01,111.99000091552735,111.99000091552735,223.9800018310547,1.3559639744317964e-09,0
33,110.34000089407598,0.0,1103.4000091552734,1103.4000091552734,1.0,0,1,1.0,1.0,1.0,1,1,1,1,1,0,6,0,0.0,0.1700562197811317,1125.1221053862635,915.7599746918615,1,10,1,2024-08-01,0.0,110.34000091552736,110.34000091552736,0.10101010400484721,0
34,160.07000160217277,0.0,1078.700008392334,1078.700008392334,1.0,0,1,1.0,1.0,1.0,1,1,1,1,1,0,6,0,0.0,0.24019095447123298,1143.5658512115479,819.6060237884523,1,10,1,2024-08-01,0.0,107.8700008392334,107.8700008392334,0.07407408173623914,0
35,281.85319635310356,951.700008392334,951.700008392334,1903.400016784668,1.0,0,1,1.0,1.0,1.0,1,1,1,1,1,0,6,0,0.0,0.2581456614652653,1276.6649639312286,706.0227802093964,1,10,1,2024-08-01,95.17000083923341,95.17000083923341,190.34000167846682,0.011784518508721687,0
36,230.88600345563984,944.1000061035156,813.793337123128,1757.8933432266435,1.0,0,1,1.0,1.0,1.0,1,1,1,1,1,6,0,0,0.0,0.10405509201896525,1190.8860034556399,729.1139965443601,1,10,1,2024-08-01,94.41000061035157,81.37933371231281,175.78933432266436,1.0630484393220056e-09,0
37,131.58000068664532,1040.800006866455,1040.800006866455,2081.60001373291,1.0,0,1,1.0,1.0,1.0,1,1,1,1,1,0,6,0,0.0,0.2040545793158809,1091.5800006866452,828.4199993133547,1,10,1,2024-08-01,104.08000068664552,104.08000068664552,208.16000137329104,5.497739045545669e-10,0
38,593.2219898482723,1010.700008392334,463.86446504895736,1474.5644734412913,1.0,0,1,1.0,1.0,1.0,1,1,1,1,1,6,0,0,0.0,0.5909256361921353,1426.322026469366,189.7550609329777,1,10,1,2024-08-01,101.0700008392334,46.38644650489574,147.45644734412915,3.380653162914195e-09,0
39,158.12000236511233,0.0,922.200008392334,922.200008392334,1.0,0,1,1.0,1.0,1.0,1,1,1,1,1,6,0,0,0.0,0.3929343025455071,972.0200267791748,559.8359912872314,1,10,1,2024-08-01,0.0,92.2200008392334,92.2200008392334,7.859384907250364e-09,0
40,927.0600036621094,891.4000091552734,0.0,891.4000091552734,0.3333333333333333,4,0,0.3333333333333333,1.0,1.0,0,1,1,0,1,6,0,0,0.0,0.0,1751.8600524902345,0.0,1,10,1,2024-08-01,89.14000091552735,0.0,89.14000091552735,0.04713804729942686,1
41,95.18232365231643,855.7133344014485,864.5000038146973,1720.2133382161458,1.0,0,1,1.0,1.0,1.0,1,1,1,1,1,1,5,0,0.0,0.6996673678936822,891.9823724804414,259.6375616015898,1,10,1,2024-08-01,85.57133344014485,86.45000038146974,172.02133382161458,0.05359688368968551,0
42,78.70000038146975,787.0000038146973,787.0000038146973,1574.0000076293945,1.0,0,1,1.0,1.0,1.0,1,1,1,1,1,6,0,0,0.0,0.6576278921239875,806.8000370025635,269.44685020446775,1,10,1,2024-08-01,78.70000038146974,78.70000038146974,157.40000076293947,2.181211909249391e-09,0
43,73.2000003814697,732.0000038146973,732.0000038146973,1464.0000076293945,1.0,0,1,1.0,1.0,1.0,1,1,1,1,1,4,2,0,0.0,0.6308043290706055,801.3000370025635,270.25123252868656,1,10,1,2024-08-01,73.20000038146974,73.20000038146974,146.40000076293947,0.010101011619666821,0
44,73.52135589548948,577.0000038146973,559.4207199102309,1136.4207237249282,1.0,0,1,1.0,1.0,1.0,1,1,1,1,1,6,0,0,0.0,0.38318702363146623,859.3214047236145,345.0579592900574,1,10,1,2024-08-01,57.70000038146973,55.94207199102309,113.64207237249282,0.03931950659913526,0
45,70.30000114440918,511.00000381469727,511.00000381469727,1022.0000076293945,0.8333333333333334,1,0,1.0,0.8333333333333334,1.0,0,0,1,1,0,0,6,0,0.0,0.5572171440257605,770.9000377655029,226.26204109191895,1,10,1,2024-08-01,51.10000038146973,51.10000038146973,102.20000076293945,0.1447811445612116,1
46,62.596194997098124,472.50000381469727,472.50000381469727,945.0000076293945,1.0,0,1,1.0,1.0,1.0,1,1,1,1,1,0,0,6,0.0,0.6219379188447286,685.6962316181919,178.63433478805814,1,10,1,2024-08-01,47.25000038146973,47.25000038146973,94.50000076293946,2.3687739691227587e-10,0
47,48.41000061035155,484.1000061035156,484.1000061035156,968.2000122070312,1.0,0,1,1.0,1.0,1.0,1,1,1,1,1,0,0,6,0.0,0.6454699930763362,644.0100372314453,171.62797851562502,1,10,1,2024-08-01,48.41000061035157,48.41000061035157,96.82000122070313,7.879977624026941e-10,0
0,0.0,0.0,0.0,0.0,1.0,0,1,1.0,1.0,1.0,1,1,1,1,1,0,0,6,0.0,0.0,317.70001220703125,358.3000183105469,0,10,2,2024-08-01,0.0,0.0,0.0,0.0,0
1,0.0,0.0,0.0,0.0,1.0,0,1,1.0,1.0,0.8333333333333334,1,1,0,1,1,0,0,6,0.0,0.0,317.70001220703125,358.3000183105469,0,10,2,2024-08-01,0.0,0.0,0.0,0.0,0
2,0.0,0.0,0.0,0.0,1.0,0,1,1.0,1.0,0.0,1,1,0,1,1,0,0,6,0.0,0.0,317.70001220703125,358.3000183105469,0,10,2,2024-08-01,0.0,0.0,0.0,0.0,0
3,0.0,0.0,0.0,0.0,1.0,0,1,1.0,1.0,0.0,1,1,0,1,1,0,0,6,0.0,0.0,288.4750061035156,319.79998779296875,0,10,2,2024-08-01,0.0,0.0,0.0,0.0,0
4,0.0,0.0,0.0,0.0,1.0,0,1,1.0,1.0,0.0,1,1,0,1,1,0,0,6,0.0,0.0,270.70001220703125,292.29998779296875,0,10,2,2024-08-01,0.0,0.0,0.0,0.0,0
5,0.0,0.0,0.0,0.0,1.0,0,1,1.0,1.0,0.0,1,1,0,1,1,0,0,6,0.0,0.0,211.1999969482422,214.79998779296875,0,10,2,2024-08-01,0.0,0.0,0.0,0.0,0
6,0.0,0.0,0.0,0.0,1.0,0,1,1.0,1.0,0.0,1,1,0,1,1,0,0,6,0.0,0.0,230.39999389648438,233.99998474121094,0,10,2,2024-08-01,0.0,0.0,0.0,0.0,0
7,0.0,0.0,0.0,0.0,1.0,0,1,1.0,1.0,0.0,1,1,0,1,1,0,0,6,0.0,0.0,191.89999389648438,195.5,0,10,2,2024-08-01,0.0,0.0,0.0,0.0,0
8,0.0,0.0,0.0,0.0,1.0,0,1,1.0,1.0,1.0,1,1,1,1,1,0,0,6,0.0,0.0,164.39999389648438,168.0,0,10,2,2024-08-01,0.0,0.0,0.0,0.0,0
9,0.0,0.0,0.0,0.0,1.0,0,1,1.0,1.0,1.0,1,1,1,1,1,0,0,6,0.0,0.0,164.39999389648438,168.0,0,10,2,2024-08-01,0.0,0.0,0.0,0.0,0
10,0.0,0.0,0.0,0.0,1.0,0,1,1.0,1.0,1.0,1,1,1,1,1,0,0,6,0.0,0.0,164.39999389648438,168.0,0,10,2,2024-08-01,0.0,0.0,0.0,0.0,0
11,0.0,0.0,0.0,0.0,1.0,0,1,1.0,1.0,1.0,1,1,1,1,1,0,0,6,0.0,0.0,164.39999389648438,168.0,0,10,2,2024-08-01,0.0,0.0,0.0,0.0,0
12,0.0,0.0,0.0,0.0,1.0,0,1,1.0,1.0,1.0,1,1,1,1,1,0,0,6,0.0,0.0,164.39999389648438,168.0,0,10,2,2024-08-01,0.0,0.0,0.0,0.0,0
13,0.0,0.0,0.0,0.0,1.0,0,1,1.0,1.0,1.0,1,1,1,1,1,0,0,6,0.0,0.0,211.09999084472656,214.6999969482422,0,10,2,2024-08-01,0.0,0.0,0.0,0.0,0
14,0.0,0.0,0.0,0.0,1.0,0,1,1.0,1.0,0.0,1,1,0,1,1,0,0,6,0.0,0.0,279.8000183105469,283.4000244140625,0,10,2,2024-08-01,0.0,0.0,0.0,0.0,0
15,0.0,0.0,0.0,0.0,1.0,0,1,1.0,1.0,0.0,1,1,0,1,1,0,0,6,0.0,0.0,324.3999938964844,332.79998779296875,0,10,2,2024-08-01,0.0,0.0,0.0,0.0,0
16,0.0,0.0,0.0,0.0,1.0,0,1,1.0,1.0,0.0,1,1,0,1,1,0,0,6,0.0,0.0,324.3999938964844,332.79998779296875,0,10,2,2024-08-01,0.0,0.0,0.0,0.0,0
17,0.0,0.0,0.0,0.0,1.0,0,1,1.0,1.0,0.0,1,1,0,1,1,0,0,6,0.0,0.0,404.79998779296875,409.5999755859375,0,10,2,2024-08-01,0.0,0.0,0.0,0.0,0
18,41.32000045776364,284.00000381469727,303.2000045776367,587.200008392334,1.0,0,1,1.0,1.0,1.0,1,1,1,1,1,0,0,6,0.0,0.0,522.2200248718261,445.780005645752,1,10,2,2024-08-01,28.400000381469727,30.320000457763673,58.7200008392334,1.2992837380059546e-09,0
19,36.041425100823,408.2000045776367,408.2000045776367,816.4000091552734,1.0,0,1,1.0,1.0,1.0,1,1,1,1,1,6,0,0,0.0,0.0,535.6892217316823,470.35856879566137,1,10,2,2024-08-01,40.820000457763676,40.820000457763676,81.64000091552735,1.5962953965312201e-09,0
20,31.99227210225591,535.1000061035156,535.1000061035156,1070.2000122070312,1.0,0,1,1.0,1.0,1.0,1,1,1,1,1,0,0,6,0.0428229442540795,0.1493034294290123,512.1854483717872,455.2077401047753,1,10,2,2024-08-01,53.51000061035157,53.51000061035157,107.02000122070314,6.343824133177961e-10,0
21,47.543323060875316,586.0500061035157,601.1000061035156,1187.1500122070313,1.0,0,1,1.0,1.0,1.0,1,1,1,1,1,3,0,3,0.0,0.107708042077742,599.7530398577503,536.3567013531872,1,10,2,2024-08-01,58.60500061035157,60.11000061035156,118.71500122070313,0.16122944566221128,0
22,68.28386863584784,563.4500076293946,578.5000076293945,1141.950015258789,1.0,0,1,1.0,1.0,1.0,1,1,1,1,1,6,0,0,0.0,0.1239333368682797,619.5689028155354,506.8045713055584,1,10,2,2024-08-01,56.34500076293946,57.85000076293946,114.19500152587892,1.5355519910768503e-09,0
23,-21.492823499714575,250.0,608.700008392334,858.700008392334,1.0,0,1,1.0,1.0,1.0,1,1,1,1,1,0,0,6,0.0,0.01993890453446551,529.1740466174729,596.5631970348709,1,10,2,2024-08-01,25.0,60.8700008392334,85.8700008392334,9.929193433895184e-10,0
24,65.82000083923339,658.200008392334,658.200008392334,1316.400016784668,1.0,0,1,1.0,1.0,1.0,1,1,1,1,1,6,0,0,0.07917257849590029,0.20795219304607365,606.0886165618897,521.325873184204,1,10,2,2024-08-01,65.8200008392334,65.8200008392334,131.6400016784668,8.693475795556865e-10,0
25,37.2858175377095,735.700008392334,735.700008392334,1471.400016784668,1.0,0,1,1.0,1.0,1.0,1,1,1,1,1,6,0,0,0.11827895549449573,0.15196640150643526,648.682179842397,623.8983255286968,1,10,2,2024-08-01,73.5700008392334,73.5700008392334,147.1400016784668,9.141515084664664e-10,0
26,83.57000083923327,835.700008392334,835.700008392334,1671.400016784668,1.0,0,1,1.0,1.0,1.0,1,1,1,1,1,6,0,0,0.13101641623934845,0.2727192610207055,726.209588241577,607.7885196685793,1,10,2,2024-08-01,83.5700008392334,83.5700008392334,167.1400016784668,6.847008753975718e-10,0
27,0.0,0.0,0.0,0.0,1.0,0,1,1.0,1.0,0.0,1,1,0,1,1,0,0,6,0.0,0.0,698.6458129882812,737.9317016601562,0,10,2,2024-08-01,0.0,0.0,0.0,0.0,0
28,104.83000126491089,0.0,1048.3000104624905,1048.3000104624905,1.0,0,1,1.0,1.0,1.0,1,1,1,1,1,0,4,2,0.0,0.38086170664750246,802.3592981399108,649.0426793991517,1,10,2,2024-08-01,0.0,104.83000104624905,104.83000104624905,0.15824916281647958,0
29,151.23721568931654,1048.3000106811523,1048.3000106811523,2096.6000213623047,1.0,0,1,1.0,1.0,1.0,1,1,1,1,1,6,0,0,0.17602734705365672,0.4281286285689324,863.7705408846291,599.4927647794334,1,10,2,2024-08-01,104.83000106811524,104.83000106811524,209.66000213623047,1.2184254943422121e-09,0
30,164.24384023877218,1064.4333432515461,1067.600009918213,2132.033353169759,0.5,3,0,1.0,0.0,1.0,0,0,1,1,0,3,3,0,0.12342567776019057,0.41256961837828476,933.0549364301785,627.1406812456028,1,10,2,2024-08-01,106.44333432515462,106.7600009918213,213.20333531697588,0.25037132628198805,1
31,186.50143905794783,1111.600009918213,1111.5999832424695,2223.1999931606824,1.0,0,1,1.0,1.0,1.0,1,1,1,1,1,3,3,0,0.04164287588868936,0.4246939292033062,1065.309788667323,639.5102186568959,1,10,2,2024-08-01,111.16000099182129,111.15999832424696,222.31999931606825,0.09595959768294939,0
32,225.5816375585725,1119.9000091552734,1119.9000091552734,2239.800018310547,1.0,0,1,1.0,1.0,1.0,1,1,1,1,1,6,0,0,0.05153882891664888,0.5056433361573962,1062.1816741796663,553.6300323633025,1,10,2,2024-08-01,111.99000091552735,111.99000091552735,223.9800018310547,1.3559639744317964e-09,0
33,110.34000089407598,0.0,1103.4000091552734,1103.4000091552734,1.0,0,1,1.0,1.0,1.0,1,1,1,1,1,0,6,0,0.0,0.38383934802729763,957.9400375151697,679.871669027799,1,10,2,2024-08-01,0.0,110.34000091552736,110.34000091552736,0.10101010400484721,0
34,160.07000160217277,0.0,1078.700008392334,1078.700008392334,1.0,0,1,1.0,1.0,1.0,1,1,1,1,1,0,6,0,0.0,0.36929487883703604,1065.3699893951416,680.3416194915773,1,10,2,2024-08-01,0.0,107.8700008392334,107.8700008392334,0.07407408173623914,0
35,281.85319635310356,951.700008392334,951.700008392334,1903.400016784668,1.0,0,1,1.0,1.0,1.0,1,1,1,1,1,0,6,0,0.0,0.38073083075374836,1203.9911358062286,589.3584735687714,1,10,2,2024-08-01,95.17000083923341,95.17000083923341,190.34000167846682,0.011784518508721687,0
36,230.88600345563984,944.1000061035156,813.793337123128,1757.8933432266435,1.0,0,1,1.0,1.0,1.0,1,1,1,1,1,6,0,0,0.0,0.1455746382437739,1215.3491992564211,695.3256664662351,1,10,2,2024-08-01,94.41000061035157,81.37933371231281,175.78933432266436,1.0630484393220056e-09,0
37,131.58000068664532,1040.800006866455,1040.800006866455,2081.60001373291,1.0,0,1,1.0,1.0,1.0,1,1,1,1,1,0,6,0,0.0,0.24439689385564964,1107.8432453155515,786.4317180633547,1,10,2,2024-08-01,104.08000068664552,104.08000068664552,208.16000137329104,5.497739045545669e-10,0
38,593.2219898482723,1010.700008392334,463.86446504895736,1474.5644734412913,1.0,0,1,1.0,1.0,1.0,1,1,1,1,1,6,0,0,0.0,0.441204362736453,1565.1220142623347,259.20543935094645,1,10,2,2024-08-01,101.0700008392334,46.38644650489574,147.45644734412915,3.380653162914195e-09,0
39,158.12000236511233,0.0,922.200008392334,922.200008392334,1.0,0,1,1.0,1.0,1.0,1,1,1,1,1,6,0,0,0.0,0.3306959825748999,1066.8200145721435,617.2321704864502,1,10,2,2024-08-01,0.0,92.2200008392334,92.2200008392334,7.859384907250364e-09,0
40,927.0600036621094,891.4000091552734,0.0,891.4000091552734,0.3333333333333333,4,0,0.3333333333333333,1.0,1.0,0,1,1,0,1,6,0,0,0.0,0.0,1750.0600036621095,0.0,1,10,2,2024-08-01,89.14000091552735,0.0,89.14000091552735,0.04713804729942686,1
41,95.18232365231643,855.7133344014485,864.5000038146973,1720.2133382161458,1.0,0,1,1.0,1.0,1.0,1,1,1,1,1,1,5,0,0.0,0.5076432127982675,959.9823724804414,425.6424444140898,1,10,2,2024-08-01,85.57133344014485,86.45000038146974,172.02133382161458,0.05359688368968551,0
42,78.70000038146975,787.0000038146973,787.0000038146973,1574.0000076293945,1.0,0,1,1.0,1.0,1.0,1,1,1,1,1,6,0,0,0.0,0.41712440521199323,960.0000492095947,458.72309532165525,1,10,2,2024-08-01,78.70000038146974,78.70000038146974,157.40000076293947,2.181211909249391e-09,0
43,73.2000003814697,732.0000038146973,732.0000038146973,1464.0000076293945,1.0,0,1,1.0,1.0,1.0,1,1,1,1,1,4,2,0,0.0,0.425288619759103,916.1000247955322,420.68873252868656,1,10,2,2024-08-01,73.20000038146974,73.20000038146974,146.40000076293947,0.010101011619666821,0
44,73.52135589548948,577.0000038146973,559.4207199102309,1136.4207237249282,1.0,0,1,1.0,1.0,1.0,1,1,1,1,1,6,0,0,0.0,0.322192150828449,888.921380309552,379.1797549443543,1,10,2,2024-08-01,57.70000038146973,55.94207199102309,113.64207237249282,0.03931950659913526,0
45,70.30000114440918,511.00000381469727,511.00000381469727,1022.0000076293945,1.0,0,1,1.0,1.0,1.0,1,1,1,1,1,0,6,0,0.0,0.40546338176194746,777.9999523162842,303.80821418762207,1,10,2,2024-08-01,51.10000038146973,51.10000038146973,102.20000076293945,0.1447811445612116,0
46,62.596194997098124,472.50000381469727,472.50000381469727,945.0000076293945,1.0,0,1,1.0,1.0,1.0,1,1,1,1,1,0,0,6,0.0,0.5856276202787504,685.0961949970981,195.79095099899564,1,10,2,2024-08-01,47.25000038146973,47.25000038146973,94.50000076293946,2.3687739691227587e-10,0
47,48.41000061035155,484.1000061035156,484.1000061035156,968.2000122070312,1.0,0,1,1.0,1.0,1.0,1,1,1,1,1,0,0,6,0.0,0.6418083880660825,651.7099884033203,173.40056152343752,1,10,2,2024-08-01,48.41000061035157,48.41000061035157,96.82000122070313,7.879977624026941e-10,0
0,0.0,0.0,0.0,0.0,1.0,0,1,1.0,1.0,1.0,1,1,1,1,1,0,0,6,0.0,0.0,261.5,261.5,0,11,0,2024-08-01,0.0,0.0,0.0,0.0,0
1,0.0,0.0,0.0,0.0,1.0,0,1,1.0,1.0,0.8333333333333334,1,1,0,1,1,0,0,6,0.0,0.0,261.5,261.5,0,11,0,2024-08-01,0.0,0.0,0.0,0.0,0
2,0.0,0.0,0.0,0.0,1.0,0,1,1.0,1.0,1.0,1,1,1,1,1,0,0,6,0.0,0.0,242.29998779296875,242.29998779296875,0,11,0,2024-08-01,0.0,0.0,0.0,0.0,0
3,0.0,0.0,0.0,0.0,1.0,0,1,1.0,1.0,1.0,1,1,1,1,1,0,0,6,0.0,0.0,242.29998779296875,242.29998779296875,0,11,0,2024-08-01,0.0,0.0,0.0,0.0,0
4,0.0,0.0,0.0,0.0,1.0,0,1,1.0,1.0,1.0,1,1,1,1,1,0,0,6,0.0,0.0,242.29998779296875,242.29998779296875,0,11,0,2024-08-01,0.0,0.0,0.0,0.0,0
5,0.0,0.0,0.0,0.0,1.0,0,1,1.0,1.0,1.0,1,1,1,1,1,0,0,6,0.0,0.0,242.29998779296875,242.29998779296875,0,11,0,2024-08-01,0.0,0.0,0.0,0.0,0
6,0.0,0.0,0.0,0.0,1.0,0,1,1.0,1.0,1.0,1,1,1,1,1,0,0,6,0.0,0.0,242.29998779296875,242.29998779296875,0,11,0,2024-08-01,0.0,0.0,0.0,0.0,0
7,0.0,0.0,0.0,0.0,1.0,0,1,1.0,1.0,1.0,1,1,1,1,1,0,0,6,0.0,0.0,242.29998779296875,242.29998779296875,0,11,0,2024-08-01,0.0,0.0,0.0,0.0,0
8,0.0,0.0,0.0,0.0,1.0,0,1,1.0,1.0,1.0,1,1,1,1,1,0,0,6,0.0,0.0,242.29998779296875,242.29998779296875,0,11,0,2024-08-01,0.0,0.0,0.0,0.0,0
9,0.0,0.0,0.0,0.0,1.0,0,1,1.0,1.0,1.0,1,1,1,1,1,0,0,6,0.0,0.0,242.29998779296875,242.29998779296875,0,11,0,2024-08-01,0.0,0.0,0.0,0.0,0
10,0.0,0.0,0.0,0.0,1.0,0,1,1.0,1.0,0.6666666666666666,1,1,0,1,1,0,0,6,0.0,0.0,242.29998779296875,242.29998779296875,0,11,0,2024-08-01,0.0,0.0,0.0,0.0,0
11,0.0,0.0,0.0,0.0,1.0,0,1,1.0,1.0,0.0,1,1,0,1,1,0,0,6,0.0,0.0,242.29998779296875,242.29998779296875,0,11,0,2024-08-01,0.0,0.0,0.0,0.0,0
12,0.0,0.0,0.0,0.0,1.0,0,1,1.0,1.0,0.0,1,1,0,1,1,0,0,6,0.0,0.0,297.29998779296875,297.29998779296875,0,11,0,2024-08-01,0.0,0.0,0.0,0.0,0
13,0.0,0.0,0.0,0.0,1.0,0,1,1.0,1.0,0.0,1,1,0,1,1,0,0,6,0.0,0.0,316.5,316.5,0,11,0,2024-08-01,0.0,0.0,0.0,0.0,0
14,0.0,0.0,0.0,0.0,1.0,0,1,1.0,1.0,0.0,1,1,0,1,1,0,0,6,0.0,0.0,490.70001220703125,489.79998779296875,0,11,0,2024-08-01,0.0,0.0,0.0,0.0,0
15,0.0,0.0,0.0,0.0,1.0,0,1,1.0,1.0,0.0,1,1,0,1,1,0,0,6,0.0,0.0,507.5028076171875,512.2999877929688,0,11,0,2024-08-01,0.0,0.0,0.0,0.0,0
16,0.0,0.0,0.0,0.0,1.0,0,1,1.0,1.0,0.0,1,1,0,1,1,0,0,6,0.0,0.0,561.2000122070312,543.5,0,11,0,2024-08-01,0.0,0.0,0.0,0.0,0
17,0.0,0.0,0.0,0.0,1.0,0,1,1.0,1.0,0.0,1,1,0,1,1,0,0,6,0.0,0.0,651.4000244140625,673.2000122070312,0,11,0,2024-08-01,0.0,0.0,0.0,0.0,0
18,41.32000045776364,284.00000381469727,303.2000045776367,587.200008392334,1.0,0,1,1.0,1.0,1.0,1,1,1,1,1,0,0,6,0.0,0.0,862.4199760437011,819.8800117492676,1,11,0,2024-08-01,28.400000381469727,30.320000457763673,58.7200008392334,1.2992837380059546e-09,0
19,36.041425100823,408.2000045776367,408.2000045776367,816.4000091552734,1.0,0,1,1.0,1.0,1.0,1,1,1,1,1,6,0,0,0.0,0.0,953.3049749055104,958.0824152312083,1,11,0,2024-08-01,40.820000457763676,40.820000457763676,81.64000091552735,1.5962953965312201e-09,0
20,31.99227210225591,535.1000061035156,535.1000061035156,1070.2000122070312,1.0,0,1,1.0,1.0,1.0,1,1,1,1,1,0,3,3,0.0,0.0,973.6529166335059,984.8116829758691,1,11,0,2024-08-01,53.51000061035157,53.51000061035157,107.02000122070314,0.0791666659537724,0
21,47.543323060875316,586.0500061035157,601.1000061035156,1187.1500122070313,1.0,0,1,1.0,1.0,1.0,1,1,1,1,1,2,0,4,0.0,0.0,951.1876101702503,954.2819332867809,1,11,0,2024-08-01,58.60500061035157,60.11000061035156,118.71500122070313,0.13987069900728757,0
22,68.28386863584784,563.4500076293946,578.5000076293945,1141.950015258789,1.0,0,1,1.0,1.0,1.0,1,1,1,1,1,6,0,0,0.0,0.0,1028.7476137530352,1025.0900327313398,1,11,0,2024-08-01,56.34500076293946,57.85000076293946,114.19500152587892,1.5355519910768503e-09,0
23,-21.492823499714575,250.0,608.700008392334,858.700008392334,1.0,0,1,1.0,1.0,1.0,1,1,1,1,1,0,0,6,0.0,0.0,985.1932116565354,1186.8136242809646,1,11,0,2024-08-01,25.0,60.8700008392334,85.8700008392334,9.929193433895184e-10,0
24,65.82000083923339,658.200008392334,658.200008392334,1316.400016784668,1.0,0,1,1.0,1.0,1.0,1,1,1,1,1,6,0,0,0.0,0.0,1206.1925594329834,1252.382025527954,1,11,0,2024-08-01,65.8200008392334,65.8200008392334,131.6400016784668,8.693475795556865e-10,0
25,37.2858175377095,735.700008392334,735.700008392334,1471.400016784668,1.0,0,1,1.0,1.0,1.0,1,1,1,1,1,6,0,0,0.0,0.0,1200.8075460533346,1303.5679422279154,1,11,0,2024-08-01,73.5700008392334,73.5700008392334,147.1400016784668,9.141515084664664e-10,0
26,83.57000083923327,835.700008392334,835.700008392334,1671.400016784668,1.0,0,1,1.0,1.0,1.0,1,1,1,1,1,6,0,0,0.0,0.0,1281.9946834564207,1293.5139835357668,1,11,0,2024-08-01,83.5700008392334,83.5700008392334,167.1400016784668,6.847008753975718e-10,0
27,0.0,0.0,0.0,0.0,1.0,0,1,1.0,1.0,0.0,1,1,0,1,1,0,0,6,0.0,0.0,1176.599365234375,1349.140380859375,0,11,0,2024-08-01,0.0,0.0,0.0,0.0,0
28,104.83000126491089,0.0,1048.3000104624905,1048.3000104624905,1.0,0,1,1.0,1.0,1.0,1,1,1,1,1,0,0,6,0.0,0.0,1230.7860559524108,1176.7637487350892,1,11,0,2024-08-01,0.0,104.83000104624905,104.83000104624905,5.40058944082381e-10,0
29,151.23721568931654,1048.3000106811523,1048.3000106811523,2096.6000213623047,1.0,0,1,1.0,1.0,1.0,1,1,1,1,1,6,0,0,0.0,0.0,1284.2220789705666,1130.142789193496,1,11,0,2024-08-01,104.83000106811524,104.83000106811524,209.66000213623047,1.2184254943422121e-09,0
30,164.24384023877218,1064.4333432515461,1067.600009918213,2132.033353169759,1.0,0,1,1.0,1.0,1.0,1,1,1,1,1,3,3,0,0.0,0.03782725470734016,1313.5380296918972,1027.2156324174778,1,11,0,2024-08-01,106.44333432515462,106.7600009918213,213.20333531697588,0.10014853623833009,0
31,186.50143905794783,1111.600009918213,1111.5999832424695,2223.1999931606824,1.0,0,1,1.0,1.0,1.0,1,1,1,1,1,2,4,0,0.0,0.28978201765772166,1236.512425386073,789.4782972701771,1,11,0,2024-08-01,111.16000099182129,111.15999832424696,222.31999931606825,0.2583333350658245,0
32,225.5816375585725,1119.9000091552734,1119.9000091552734,2239.800018310547,0.6666666666666666,2,0,1.0,0.0,1.0,0,0,1,1,0,4,2,0,0.0,0.448697737493684,1263.4273406835725,617.4034088281462,1,11,0,2024-08-01,111.99000091552735,111.99000091552735,223.9800018310547,0.16666667393122223,1
33,110.34000089407598,0.0,1103.4000091552734,1103.4000091552734,0.5,3,0,1.0,0.5,1.0,1,0,1,1,0,0,6,0,0.0,0.5128545242992917,1034.0400741362635,537.5163223481115,1,11,0,2024-08-01,0.0,110.34000091552736,110.34000091552736,0.4999999924135557,1
34,160.07000160217277,0.0,1078.700008392334,1078.700008392334,1.0,0,1,1.0,1.0,1.0,1,1,1,1,1,0,6,0,0.0,0.5344469459055455,1103.5700016021729,502.19208335876476,1,11,0,2024-08-01,0.0,107.8700008392334,107.8700008392334,0.07500000132614404,0
35,281.85319635310356,951.700008392334,951.700008392334,1903.400016784668,1.0,0,1,1.0,1.0,1.0,1,1,1,1,1,0,6,0,0.0,0.6613452340588434,1164.9532329741974,322.2977435883027,1,11,0,2024-08-01,95.17000083923341,95.17000083923341,190.34000167846682,0.029166671249912336,0
36,230.88600345563984,944.1000061035156,813.793337123128,1757.8933432266435,1.0,0,1,1.0,1.0,1.0,1,1,1,1,1,6,0,0,0.0,0.6661758583237045,991.9860400767336,271.6638622670164,1,11,0,2024-08-01,94.41000061035157,81.37933371231281,175.78933432266436,1.0630484393220056e-09,0
37,131.58000068664532,1040.800006866455,1040.800006866455,2081.60001373291,1.0,0,1,1.0,1.0,1.0,1,1,1,1,1,0,6,0,0.18459502214923262,0.6355812824696184,848.6735065460203,379.2870037078859,1,11,0,2024-08-01,104.08000068664552,104.08000068664552,208.16000137329104,5.497739045545669e-10,0
38,593.2219898482723,1010.700008392334,463.86446504895736,1474.5644734412913,1.0,0,1,1.0,1.0,1.0,1,1,1,1,1,6,0,0,0.0,1.0,1329.499272563116,0.0,1,11,0,2024-08-01,101.0700008392334,46.38644650489574,147.45644734412915,3.380653162914195e-09,0
39,158.12000236511233,0.0,922.200008392334,922.200008392334,1.0,0,1,1.0,1.0,1.0,1,1,1,1,1,6,0,0,0.0,0.7241747795822067,847.2199779510498,254.36602058410642,1,11,0,2024-08-01,0.0,92.2200008392334,92.2200008392334,7.859384907250364e-09,0
40,927.0600036621094,891.4000091552734,0.0,891.4000091552734,0.0,6,0,0.0,1.0,1.0,0,1,1,0,1,6,0,0,0.0,0.0,1655.1600402832032,0.0,1,11,0,2024-08-01,89.14000091552735,0.0,89.14000091552735,6.847111890930503e-09,1
41,95.18232365231643,855.7133344014485,864.5000038146973,1720.2133382161458,1.0,0,1,1.0,1.0,1.0,1,1,1,1,1,0,6,0,0.08289104689206798,0.8281433177101639,784.7823602734102,148.5701024951445,1,11,0,2024-08-01,85.57133344014485,86.45000038146974,172.02133382161458,2.103338757601217e-09,0
42,78.70000038146975,787.0000038146973,787.0000038146973,1574.0000076293945,0.8333333333333334,1,0,1.0,0.5,1.0,0,0,1,1,0,4,2,0,0.027191841061545582,0.8177469347199003,765.6000247955322,143.4331630706787,1,11,0,2024-08-01,78.70000038146974,78.70000038146974,157.40000076293947,0.04583333610024102,1
43,73.2000003814697,732.0000038146973,732.0000038146973,1464.0000076293945,0.3333333333333333,4,0,1.0,0.0,1.0,0,0,1,1,0,2,4,0,0.06748630978377756,0.9233249027308225,682.6000247955322,56.12617149353029,1,11,0,2024-08-01,73.20000038146974,73.20000038146974,146.40000076293947,0.15000000260566754,1
44,73.52135589548948,577.0000038146973,559.4207199102309,1136.4207237249282,1.0,0,1,1.0,1.0,1.0,1,1,1,1,1,5,1,0,0.0,0.9562992787742073,713.7213681025207,24.447088928729272,1,11,0,2024-08-01,57.70000038146973,55.94207199102309,113.64207237249282,0.10128908208874514,0
45,70.30000114440918,511.00000381469727,511.00000381469727,1022.0000076293945,0.5,3,0,1.0,0.5,1.0,0,0,1,1,0,0,6,0,0.0,0.9459346730485332,713.8000011444092,27.627382278442383,1,11,0,2024-08-01,51.10000038146973,51.10000038146973,102.20000076293945,0.1499999987558065,1
46,62.596194997098124,472.50000381469727,472.50000381469727,945.0000076293945,1.0,0,1,1.0,1.0,1.0,1,1,1,1,1,0,4,2,0.0,0.9422352382041007,736.7962072041294,27.2938501689175,1,11,0,2024-08-01,47.25000038146973,47.25000038146973,94.50000076293946,0.033333335992240726,0
47,48.41000061035155,484.1000061035156,484.1000061035156,968.2000122070312,0.16666666666666666,5,0,1.0,0.0,1.0,0,0,1,1,0,0,5,1,0.0,0.9116091803379552,692.4100006103515,42.789996337890635,1,11,0,2024-08-01,48.41000061035157,48.41000061035157,96.82000122070313,0.12499999750467375,1
0,0.0,0.0,0.0,0.0,1.0,0,1,1.0,1.0,1.0,1,1,1,1,1,0,0,6,0.0,0.0,399.20001220703125,472.800048828125,0,11,1,2024-08-01,0.0,0.0,0.0,0.0,0
1,0.0,0.0,0.0,0.0,1.0,0,1,1.0,1.0,1.0,1,1,1,1,1,0,0,6,0.0,0.0,399.20001220703125,472.800048828125,0,11,1,2024-08-01,0.0,0.0,0.0,0.0,0
2,0.0,0.0,0.0,0.0,1.0,0,1,1.0,1.0,1.0,1,1,1,1,1,0,0,6,0.0,0.0,399.20001220703125,472.800048828125,0,11,1,2024-08-01,0.0,0.0,0.0,0.0,0
3,0.0,0.0,0.0,0.0,1.0,0,1,1.0,1.0,0.8333333333333334,1,1,0,1,1,0,0,6,0.0,0.0,371.70001220703125,448.800048828125,0,11,1,2024-08-01,0.0,0.0,0.0,0.0,0
4,0.0,0.0,0.0,0.0,1.0,0,1,1.0,1.0,0.8333333333333334,1,1,0,1,1,0,0,6,0.0,0.0,344.20001220703125,421.300048828125,0,11,1,2024-08-01,0.0,0.0,0.0,0.0,0
5,0.0,0.0,0.0,0.0,1.0,0,1,1.0,1.0,0.8333333333333334,1,1,0,1,1,0,0,6,0.0,0.0,344.20001220703125,421.300048828125,0,11,1,2024-08-01,0.0,0.0,0.0,0.0,0
6,0.0,0.0,0.0,0.0,1.0,0,1,1.0,1.0,0.0,1,1,0,1,1,0,0,6,0.0,0.0,317.933349609375,397.300048828125,0,11,1,2024-08-01,0.0,0.0,0.0,0.0,0
7,0.0,0.0,0.0,0.0,1.0,0,1,1.0,1.0,0.0,1,1,0,1,1,0,0,6,0.0,0.0,298.4000244140625,369.800048828125,0,11,1,2024-08-01,0.0,0.0,0.0,0.0,0
8,0.0,0.0,0.0,0.0,1.0,0,1,1.0,1.0,0.0,1,1,0,1,1,0,0,6,0.0,0.0,298.4000244140625,369.800048828125,0,11,1,2024-08-01,0.0,0.0,0.0,0.0,0
9,0.0,0.0,0.0,0.0,1.0,0,1,1.0,1.0,0.0,1,1,0,1,1,0,0,6,0.0,0.0,298.4000244140625,369.800048828125,0,11,1,2024-08-01,0.0,0.0,0.0,0.0,0
10,0.0,0.0,0.0,0.0,1.0,0,1,1.0,1.0,0.0,1,1,0,1,1,0,0,6,0.0,0.0,270.9000244140625,342.300048828125,0,11,1,2024-08-01,0.0,0.0,0.0,0.0,0
11,0.0,0.0,0.0,0.0,1.0,0,1,1.0,1.0,0.0,1,1,0,1,1,0,0,6,0.0,0.0,274.20001220703125,331.300048828125,0,11,1,2024-08-01,0.0,0.0,0.0,0.0,0
12,0.0,0.0,0.0,0.0,1.0,0,1,1.0,1.0,0.0,1,1,0,1,1,0,0,6,0.0,0.0,296.70001220703125,336.8000183105469,0,11,1,2024-08-01,0.0,0.0,0.0,0.0,0
13,0.0,0.0,0.0,0.0,1.0,0,1,1.0,1.0,0.0,1,1,0,1,1,0,0,6,0.0,0.0,342.20001220703125,364.3000183105469,0,11,1,2024-08-01,0.0,0.0,0.0,0.0,0
14,0.0,0.0,0.0,0.0,1.0,0,1,1.0,1.0,0.0,1,1,0,1,1,0,0,6,0.0,0.0,361.4000244140625,383.5,0,11,1,2024-08-01,0.0,0.0,0.0,0.0,0
15,0.0,0.0,0.0,0.0,1.0,0,1,1.0,1.0,0.0,1,1,0,1,1,0,0,6,0.0,0.0,378.20001220703125,411.0,0,11,1,2024-08-01,0.0,0.0,0.0,0.0,0
16,0.0,0.0,0.0,0.0,1.0,0,1,1.0,1.0,0.0,1,1,0,1,1,0,0,6,0.0,0.0,383.5,455.5,0,11,1,2024-08-01,0.0,0.0,0.0,0.0,0
17,0.0,0.0,0.0,0.0,1.0,0,1,1.0,1.0,0.0,1,1,0,1,1,0,0,6,0.0,0.0,411.0,483.0,0,11,1,2024-08-01,0.0,0.0,0.0,0.0,0
18,41.32000045776364,284.00000381469727,303.2000045776367,587.200008392334,1.0,0,1,1.0,1.0,1.0,1,1,1,1,1,0,0,6,0.0,0.0,624.6987236022949,725.4616157531739,1,11,1,2024-08-01,28.400000381469727,30.320000457763673,58.7200008392334,1.2992837380059546e-09,0
19,36.041425100823,408.2000045776367,408.2000045776367,816.4000091552734,1.0,0,1,1.0,1.0,1.0,1,1,1,1,1,6,0,0,0.0,0.0,531.1793340363698,657.9934259733958,1,11,1,2024-08-01,40.820000457763676,40.820000457763676,81.64000091552735,1.5962953965312201e-09,0
20,31.99227210225591,535.1000061035156,535.1000061035156,1070.2000122070312,1.0,0,1,1.0,1.0,1.0,1,1,1,1,1,0,3,3,0.015758740369056685,0.0,526.6675040358497,634.0415413743066,1,11,1,2024-08-01,53.51000061035157,53.51000061035157,107.02000122070314,0.0791666659537724,0
21,47.543323060875316,586.0500061035157,601.1000061035156,1187.1500122070313,1.0,0,1,1.0,1.0,1.0,1,1,1,1,1,2,0,4,0.031229575988874932,0.0,567.7479129046253,629.4687008649059,1,11,1,2024-08-01,58.60500061035157,60.11000061035156,118.71500122070313,0.13987069900728757,0
22,68.28386863584784,563.4500076293946,578.5000076293945,1141.950015258789,1.0,0,1,1.0,1.0,1.0,1,1,1,1,1,6,0,0,0.0,0.0,716.5433901202229,746.6649228680584,1,11,1,2024-08-01,56.34500076293946,57.85000076293946,114.19500152587892,1.5355519910768503e-09,0
23,-21.492823499714575,250.0,608.700008392334,858.700008392334,1.0,0,1,1.0,1.0,1.0,1,1,1,1,1,0,0,6,0.0,0.0,671.7116442737229,874.8246106090896,1,11,1,2024-08-01,25.0,60.8700008392334,85.8700008392334,9.929193433895184e-10,0
24,65.82000083923339,658.200008392334,658.200008392334,1316.400016784668,1.0,0,1,1.0,1.0,1.0,1,1,1,1,1,6,0,0,0.0,0.0,770.230035018921,850.5179508209228,1,11,1,2024-08-01,65.8200008392334,65.8200008392334,131.6400016784668,8.693475795556865e-10,0
25,37.2858175377095,735.700008392334,735.700008392334,1471.400016784668,1.0,0,1,1.0,1.0,1.0,1,1,1,1,1,6,0,0,0.029106485379838128,0.0,714.2863668541157,878.0479226966655,1,11,1,2024-08-01,73.5700008392334,73.5700008392334,147.1400016784668,9.141515084664664e-10,0
26,83.57000083923327,835.700008392334,835.700008392334,1671.400016784668,1.0,0,1,1.0,1.0,1.0,1,1,1,1,1,6,0,0,0.1065597016799957,0.024376437024677816,746.648064804077,815.3286197662355,1,11,1,2024-08-01,83.5700008392334,83.5700008392334,167.1400016784668,6.847008753975718e-10,0
27,0.0,0.0,0.0,0.0,1.0,0,1,1.0,1.0,0.0,1,1,0,1,1,0,0,6,0.0,0.0,645.0740966796875,879.666748046875,0,11,1,2024-08-01,0.0,0.0,0.0,0.0,0
28,104.83000126491089,0.0,1048.3000104624905,1048.3000104624905,1.0,0,1,1.0,1.0,1.0,1,1,1,1,1,0,0,6,0.0,0.2874977143320643,733.1846765578796,746.9161535202454,1,11,1,2024-08-01,0.0,104.83000104624905,104.83000104624905,5.40058944082381e-10,0
29,151.23721568931654,1048.3000106811523,1048.3000106811523,2096.6000213623047,1.0,0,1,1.0,1.0,1.0,1,1,1,1,1,6,0,0,0.23681004781693604,0.3253024695725412,800.0520350252541,707.2854283536522,1,11,1,2024-08-01,104.83000106811524,104.83000106811524,209.66000213623047,1.2184254943422121e-09,0
30,164.24384023877218,1064.4333432515461,1067.600009918213,2132.033353169759,1.0,0,1,1.0,1.0,1.0,1,1,1,1,1,3,3,0,0.2006782028671443,0.3713003399763248,850.8247728559597,671.1997632768528,1,11,1,2024-08-01,106.44333432515462,106.7600009918213,213.20333531697588,0.10014853623833009,0
31,186.50143905794783,1111.600009918213,1111.5999832424695,2223.1999931606824,0.5,3,0,1.0,0.25,1.0,0,0,1,1,0,2,4,0,0.1641620559554152,0.45826101444010015,929.1174668899791,602.1970472701771,1,11,1,2024-08-01,111.16000099182129,111.15999832424696,222.31999931606825,0.2583333350658245,1
32,225.5816375585725,1119.9000091552734,1119.9000091552734,2239.800018310547,0.6666666666666666,2,0,1.0,0.0,1.0,0,0,1,1,0,4,2,0,0.052581478764557626,0.5061507906936922,1061.0140106054475,553.0617340234587,1,11,1,2024-08-01,111.99000091552735,111.99000091552735,223.9800018310547,0.16666667393122223,1
33,110.34000089407598,0.0,1103.4000091552734,1103.4000091552734,0.5,3,0,1.0,0.5,1.0,1,0,1,1,0,0,6,0,0.0,0.4495187403496929,942.7400253081385,607.4010269379553,1,11,1,2024-08-01,0.0,110.34000091552736,110.34000091552736,0.4999999924135557,1
34,160.07000160217277,0.0,1078.700008392334,1078.700008392334,1.0,0,1,1.0,1.0,1.0,1,1,1,1,1,0,6,0,0.0,0.4450060840831483,1025.9700260162354,598.6719417572023,1,11,1,2024-08-01,0.0,107.8700008392334,107.8700008392334,0.07500000132614404,0
35,281.85319635310356,951.700008392334,951.700008392334,1903.400016784668,1.0,0,1,1.0,1.0,1.0,1,1,1,1,1,0,6,0,0.0,0.6111868034739454,1089.453171939041,370.03352239689644,1,11,1,2024-08-01,95.17000083923341,95.17000083923341,190.34000167846682,0.029166671249912336,0
36,230.88600345563984,944.1000061035156,813.793337123128,1757.8933432266435,1.0,0,1,1.0,1.0,1.0,1,1,1,1,1,6,0,0,0.0,0.556795807778773,1010.9859790415774,360.67661861467263,1,11,1,2024-08-01,94.41000061035157,81.37933371231281,175.78933432266436,1.0630484393220056e-09,0
37,131.58000068664532,1040.800006866455,1040.800006866455,2081.60001373291,1.0,0,1,1.0,1.0,1.0,1,1,1,1,1,0,6,0,0.18266720728247124,0.6002767726314032,850.6799762725828,416.03193778991715,1,11,1,2024-08-01,104.08000068664552,104.08000068664552,208.16000137329104,5.497739045545669e-10,0
38,593.2219898482723,1010.700008392334,463.86446504895736,1474.5644734412913,0.8333333333333334,1,0,0.8333333333333334,1.0,1.0,0,0,1,0,1,6,0,0,0.0,1.0,1312.322026469366,0.0,1,11,1,2024-08-01,101.0700008392334,46.38644650489574,147.45644734412915,3.380653162914195e-09,1
39,158.12000236511233,0.0,922.200008392334,922.200008392334,1.0,0,1,1.0,1.0,1.0,1,1,1,1,1,6,0,0,0.0,0.8863299394013711,816.3200145721436,104.82653083801267,1,11,1,2024-08-01,0.0,92.2200008392334,92.2200008392334,7.859384907250364e-09,0
40,927.0600036621094,891.4000091552734,0.0,891.4000091552734,0.0,6,0,0.0,1.0,1.0,0,1,1,0,1,6,0,0,0.0,0.0,1546.0100158691407,0.0,1,11,1,2024-08-01,89.14000091552735,0.0,89.14000091552735,6.847111890930503e-09,1
41,95.18232365231643,855.7133344014485,864.5000038146973,1720.2133382161458,1.0,0,1,1.0,1.0,1.0,1,1,1,1,1,0,6,0,0.20314162646967696,0.871954822174293,681.8823358593477,110.69505671877732,1,11,1,2024-08-01,85.57133344014485,86.45000038146974,172.02133382161458,2.103338757601217e-09,0
42,78.70000038146975,787.0000038146973,787.0000038146973,1574.0000076293945,0.8333333333333334,1,0,1.0,0.5,1.0,0,0,1,1,0,4,2,0,0.3052096132755419,0.8693183454476308,546.8000370025635,102.84646263122556,1,11,1,2024-08-01,78.70000038146974,78.70000038146974,157.40000076293947,0.04583333610024102,1
43,73.2000003814697,732.0000038146973,732.0000038146973,1464.0000076293945,0.3333333333333333,4,0,1.0,0.0,1.0,0,0,1,1,0,2,4,0,0.3393442318643027,0.8363631882361992,483.6000247955322,119.78214683532717,1,11,1,2024-08-01,73.20000038146974,73.20000038146974,146.40000076293947,0.15000000260566754,1
44,73.52135589548948,577.0000038146973,559.4207199102309,1136.4207237249282,1.0,0,1,1.0,1.0,1.0,1,1,1,1,1,5,1,0,0.16131477103947708,0.8145296216193584,483.921380309552,103.75597259572146,1,11,1,2024-08-01,57.70000038146973,55.94207199102309,113.64207237249282,0.10128908208874514,0
45,70.30000114440918,511.00000381469727,511.00000381469727,1022.0000076293945,0.8333333333333334,1,0,1.0,0.8333333333333334,1.0,0,0,1,1,0,0,6,0,0.02172216634341898,0.7720268214274156,499.8999767303467,116.49429512023926,1,11,1,2024-08-01,51.10000038146973,51.10000038146973,102.20000076293945,0.1499999987558065,1
46,62.596194997098124,472.50000381469727,472.50000381469727,945.0000076293945,1.0,0,1,1.0,1.0,1.0,1,1,1,1,1,0,4,2,0.0,0.8320698176732096,489.4962194111606,79.34701179001125,1,11,1,2024-08-01,47.25000038146973,47.25000038146973,94.50000076293946,0.033333335992240726,0
47,48.41000061035155,484.1000061035156,484.1000061035156,968.2000122070312,1.0,0,1,1.0,1.0,1.0,1,1,1,1,1,0,5,1,0.040879943874385816,0.8272428607244195,464.3100250244141,83.63173217773439,1,11,1,2024-08-01,48.41000061035157,48.41000061035157,96.82000122070313,0.12499999750467375,0
0,0.0,0.0,0.0,0.0,1.0,0,1,1.0,1.0,1.0,1,1,1,1,1,0,0,6,0.0,0.0,290.8000183105469,290.3000183105469,0,11,2,2024-08-01,0.0,0.0,0.0,0.0,0
1,0.0,0.0,0.0,0.0,1.0,0,1,1.0,1.0,1.0,1,1,1,1,1,0,0,6,0.0,0.0,290.8000183105469,290.3000183105469,0,11,2,2024-08-01,0.0,0.0,0.0,0.0,0
2,0.0,0.0,0.0,0.0,1.0,0,1,1.0,1.0,0.16666666666666666,1,1,0,1,1,0,0,6,0.0,0.0,279.8000183105469,279.3000183105469,0,11,2,2024-08-01,0.0,0.0,0.0,0.0,0
3,0.0,0.0,0.0,0.0,1.0,0,1,1.0,1.0,0.5,1,1,0,1,1,0,0,6,0.0,0.0,260.6000061035156,260.1000061035156,0,11,2,2024-08-01,0.0,0.0,0.0,0.0,0
4,0.0,0.0,0.0,0.0,1.0,0,1,1.0,1.0,0.5,1,1,0,1,1,0,0,6,0.0,0.0,183.09999084472656,197.8000030517578,0,11,2,2024-08-01,0.0,0.0,0.0,0.0,0
5,0.0,0.0,0.0,0.0,1.0,0,1,1.0,1.0,1.0,1,1,1,1,1,0,0,6,0.0,0.0,183.09999084472656,197.8000030517578,0,11,2,2024-08-01,0.0,0.0,0.0,0.0,0
6,0.0,0.0,0.0,0.0,1.0,0,1,1.0,1.0,0.8333333333333334,1,1,0,1,1,0,0,6,0.0,0.0,155.59999084472656,170.3000030517578,0,11,2,2024-08-01,0.0,0.0,0.0,0.0,0
7,0.0,0.0,0.0,0.0,1.0,0,1,1.0,1.0,1.0,1,1,1,1,1,0,0,6,0.0,0.0,155.59999084472656,170.3000030517578,0,11,2,2024-08-01,0.0,0.0,0.0,0.0,0
8,0.0,0.0,0.0,0.0,1.0,0,1,1.0,1.0,1.0,1,1,1,1,1,0,0,6,0.0,0.0,155.59999084472656,170.3000030517578,0,11,2,2024-08-01,0.0,0.0,0.0,0.0,0
9,0.0,0.0,0.0,0.0,1.0,0,1,1.0,1.0,1.0,1,1,1,1,1,0,0,6,0.0,0.0,155.59999084472656,170.3000030517578,0,11,2,2024-08-01,0.0,0.0,0.0,0.0,0
10,0.0,0.0,0.0,0.0,1.0,0,1,1.0,1.0,0.5,1,1,0,1,1,0,0,6,0.0,0.0,155.59999084472656,170.3000030517578,0,11,2,2024-08-01,0.0,0.0,0.0,0.0,0
11,0.0,0.0,0.0,0.0,1.0,0,1,1.0,1.0,0.0,1,1,0,1,1,0,0,6,0.0,0.0,155.59999084472656,170.3000030517578,0,11,2,2024-08-01,0.0,0.0,0.0,0.0,0
12,0.0,0.0,0.0,0.0,1.0,0,1,1.0,1.0,0.0,1,1,0,1,1,0,0,6,0.0,0.0,155.59999084472656,170.3000030517578,0,11,2,2024-08-01,0.0,0.0,0.0,0.0,0
13,0.0,0.0,0.0,0.0,1.0,0,1,1.0,1.0,0.0,1,1,0,1,1,0,0,6,0.0,0.0,194.09999084472656,208.8000030517578,0,11,2,2024-08-01,0.0,0.0,0.0,0.0,0
14,0.0,0.0,0.0,0.0,1.0,0,1,1.0,1.0,0.0,1,1,0,1,1,0,0,6,0.0,0.0,240.79998779296875,255.5,0,11,2,2024-08-01,0.0,0.0,0.0,0.0,0
15,0.0,0.0,0.0,0.0,1.0,0,1,1.0,1.0,0.0,1,1,0,1,1,0,0,6,0.0,0.0,306.29998779296875,330.1999816894531,0,11,2,2024-08-01,0.0,0.0,0.0,0.0,0
16,0.0,0.0,0.0,0.0,1.0,0,1,1.0,1.0,0.0,1,1,0,1,1,0,0,6,0.0,0.0,310.1689758300781,330.1999816894531,0,11,2,2024-08-01,0.0,0.0,0.0,0.0,0
17,0.0,0.0,0.0,0.0,1.0,0,1,1.0,1.0,0.0,1,1,0,1,1,0,0,6,0.0,0.0,378.6999816894531,387.8999938964844,0,11,2,2024-08-01,0.0,0.0,0.0,0.0,0
18,41.32000045776364,284.00000381469727,303.2000045776367,587.200008392334,1.0,0,1,1.0,1.0,1.0,1,1,1,1,1,0,0,6,0.0,0.0,605.8200004577636,537.3800117492676,1,11,2,2024-08-01,28.400000381469727,30.320000457763673,58.7200008392334,1.2992837380059546e-09,0
19,36.041425100823,408.2000045776367,408.2000045776367,816.4000091552734,1.0,0,1,1.0,1.0,1.0,1,1,1,1,1,6,0,0,0.0,0.0,694.816571585198,653.5586115202708,1,11,2,2024-08-01,40.820000457763676,40.820000457763676,81.64000091552735,1.5962953965312201e-09,0
20,31.99227210225591,535.1000061035156,535.1000061035156,1070.2000122070312,1.0,0,1,1.0,1.0,1.0,1,1,1,1,1,0,3,3,0.0,0.0,718.6805655592872,685.1077645188378,1,11,2,2024-08-01,53.51000061035157,53.51000061035157,107.02000122070314,0.0791666659537724,0
21,47.543323060875316,586.0500061035157,601.1000061035156,1187.1500122070313,1.0,0,1,1.0,1.0,1.0,1,1,1,1,1,2,0,4,0.0,0.0,758.3762698382191,777.2567257672497,1,11,2,2024-08-01,58.60500061035157,60.11000061035156,118.71500122070313,0.13987069900728757,0
22,68.28386863584784,563.4500076293946,578.5000076293945,1141.950015258789,1.0,0,1,1.0,1.0,1.0,1,1,1,1,1,6,0,0,0.0,0.0,824.7219789874104,822.5161801922771,1,11,2,2024-08-01,56.34500076293946,57.85000076293946,114.19500152587892,1.5355519910768503e-09,0
23,-21.492823499714575,250.0,608.700008392334,858.700008392334,1.0,0,1,1.0,1.0,1.0,1,1,1,1,1,0,0,6,0.0,0.0,792.6011706409104,989.1928967419021,1,11,2,2024-08-01,25.0,60.8700008392334,85.8700008392334,9.929193433895184e-10,0
24,65.82000083923339,658.200008392334,658.200008392334,1316.400016784668,1.0,0,1,1.0,1.0,1.0,1,1,1,1,1,6,0,0,0.0,0.0,922.6651546478272,962.9800479888916,1,11,2,2024-08-01,65.8200008392334,65.8200008392334,131.6400016784668,8.693475795556865e-10,0
25,37.2858175377095,735.700008392334,735.700008392334,1471.400016784668,1.0,0,1,1.0,1.0,1.0,1,1,1,1,1,6,0,0,0.0,0.0,889.4381612877095,972.3142801185405,1,11,2,2024-08-01,73.5700008392334,73.5700008392334,147.1400016784668,9.141515084664664e-10,0
26,83.57000083923327,835.700008392334,835.700008392334,1671.400016784668,1.0,0,1,1.0,1.0,1.0,1,1,1,1,1,6,0,0,0.0,0.0,948.497918319702,966.0299747467043,1,11,2,2024-08-01,83.5700008392334,83.5700008392334,167.1400016784668,6.847008753975718e-10,0
27,0.0,0.0,0.0,0.0,1.0,0,1,1.0,1.0,0.0,1,1,0,1,1,0,0,6,0.0,0.0,874.0933227539062,1057.9000244140625,0,11,2,2024-08-01,0.0,0.0,0.0,0.0,0
28,104.83000126491089,0.0,1048.3000104624905,1048.3000104624905,1.0,0,1,1.0,1.0,1.0,1,1,1,1,1,0,0,6,0.0,0.062033802816403465,1009.1233362258483,983.2699743210267,1,11,2,2024-08-01,0.0,104.83000104624905,104.83000104624905,5.40058944082381e-10,0
29,151.23721568931654,1048.3000106811523,1048.3000106811523,2096.6000213623047,1.0,0,1,1.0,1.0,1.0,1,1,1,1,1,6,0,0,0.0,0.04286678462908021,1132.076449087754,1003.3627598966209,1,11,2,2024-08-01,104.83000106811524,104.83000106811524,209.66000213623047,1.2184254943422121e-09,0
30,164.24384023877218,1064.4333432515461,1067.600009918213,2132.033353169759,1.0,0,1,1.0,1.0,1.0,1,1,1,1,1,3,3,0,0.0,0.0,1233.5823412153347,1106.9561109331028,1,11,2,2024-08-01,106.44333432515462,106.7600009918213,213.20333531697588,0.10014853623833009,0
31,186.50143905794783,1111.600009918213,1111.5999832424695,2223.1999931606824,1.0,0,1,1.0,1.0,1.0,1,1,1,1,1,2,4,0,0.0,0.03566535835840748,1338.8501939407604,1071.954371488927,1,11,2,2024-08-01,111.16000099182129,111.15999832424696,222.31999931606825,0.2583333350658245,0
32,225.5816375585725,1119.9000091552734,1119.9000091552734,2239.800018310547,1.0,0,1,1.0,1.0,1.0,1,1,1,1,1,4,2,0,0.0,0.2718419017658354,1337.3746063085725,815.4642608789275,1,11,2,2024-08-01,111.99000091552735,111.99000091552735,223.9800018310547,0.16666667393122223,0
33,110.34000089407598,0.0,1103.4000091552734,1103.4000091552734,0.6666666666666666,2,0,1.0,0.6666666666666666,1.0,1,0,1,1,0,0,6,0,0.0,0.25735668266286915,1203.241368081576,819.4326431488928,1,11,2,2024-08-01,0.0,110.34000091552736,110.34000091552736,0.4999999924135557,1
34,160.07000160217277,0.0,1078.700008392334,1078.700008392334,1.0,0,1,1.0,1.0,1.0,1,1,1,1,1,0,6,0,0.0,0.30434542711179613,1234.3699283599854,750.402593612671,1,11,2,2024-08-01,0.0,107.8700008392334,107.8700008392334,0.07500000132614404,0
35,281.85319635310356,951.700008392334,951.700008392334,1903.400016784668,1.0,0,1,1.0,1.0,1.0,1,1,1,1,1,0,6,0,0.0,0.36186111043230224,1317.7530986968536,607.3167865570526,1,11,2,2024-08-01,95.17000083923341,95.17000083923341,190.34000167846682,0.029166671249912336,0
36,230.88600345563984,944.1000061035156,813.793337123128,1757.8933432266435,1.0,0,1,1.0,1.0,1.0,1,1,1,1,1,6,0,0,0.0,0.2475354590516979,1208.5860766978274,612.3506298451414,1,11,2,2024-08-01,94.41000061035157,81.37933371231281,175.78933432266436,1.0630484393220056e-09,0
37,131.58000068664532,1040.800006866455,1040.800006866455,2081.60001373291,1.0,0,1,1.0,1.0,1.0,1,1,1,1,1,0,6,0,0.008666463247912147,0.3856875326732867,1031.7799518585202,639.3764202117922,1,11,2,2024-08-01,104.08000068664552,104.08000068664552,208.16000137329104,5.497739045545669e-10,0
38,593.2219898482723,1010.700008392334,463.86446504895736,1474.5644734412913,1.0,0,1,1.0,1.0,1.0,1,1,1,1,1,6,0,0,0.0,0.6304920526191982,1493.4219410201472,171.40160634313395,1,11,2,2024-08-01,101.0700008392334,46.38644650489574,147.45644734412915,3.380653162914195e-09,0
39,158.12000236511233,0.0,922.200008392334,922.200008392334,1.0,0,1,1.0,1.0,1.0,1,1,1,1,1,6,0,0,0.0,0.40005970361043475,1058.919990158081,553.2649463653564,1,11,2,2024-08-01,0.0,92.2200008392334,92.2200008392334,7.859384907250364e-09,0
40,927.0600036621094,891.4000091552734,0.0,891.4000091552734,0.0,6,0,0.0,1.0,1.0,0,1,1,0,1,6,0,0,0.0,0.0,1778.3599914550782,0.0,1,11,2,2024-08-01,89.14000091552735,0.0,89.14000091552735,6.847111890930503e-09,1
41,95.18232365231643,855.7133344014485,864.5000038146973,1720.2133382161458,1.0,0,1,1.0,1.0,1.0,1,1,1,1,1,0,6,0,0.0,0.7214127219244817,935.4823114452852,240.8387029590117,1,11,2,2024-08-01,85.57133344014485,86.45000038146974,172.02133382161458,2.103338757601217e-09,0
42,78.70000038146975,787.0000038146973,787.0000038146973,1574.0000076293945,1.0,0,1,1.0,1.0,1.0,1,1,1,1,1,4,2,0,0.0,0.6484739759293767,910.7999759674072,276.6509822845459,1,11,2,2024-08-01,78.70000038146974,78.70000038146974,157.40000076293947,0.04583333610024102,0
43,73.2000003814697,732.0000038146973,732.0000038146973,1464.0000076293945,0.6666666666666666,2,0,1.0,0.5,1.0,0,0,1,1,0,2,4,0,0.0,0.8670476123046479,759.6000247955322,97.32114830017092,1,11,2,2024-08-01,73.20000038146974,73.20000038146974,146.40000076293947,0.15000000260566754,1
44,73.52135589548948,577.0000038146973,559.4207199102309,1136.4207237249282,1.0,0,1,1.0,1.0,1.0,1,1,1,1,1,5,1,0,0.0,0.8537838710980933,677.0213558954895,81.79633209279177,1,11,2,2024-08-01,57.70000038146973,55.94207199102309,113.64207237249282,0.10128908208874514,0
45,70.30000114440918,511.00000381469727,511.00000381469727,1022.0000076293945,0.5,3,0,1.0,0.5,1.0,0,0,1,1,0,0,6,0,0.0,0.8631500097588316,616.0999889373779,69.93034553527832,1,11,2,2024-08-01,51.10000038146973,51.10000038146973,102.20000076293945,0.1499999987558065,1
46,62.596194997098124,472.50000381469727,472.50000381469727,945.0000076293945,1.0,0,1,1.0,1.0,1.0,1,1,1,1,1,0,4,2,0.0,0.9361319486845094,561.6962011006137,30.177654490206564,1,11,2,2024-08-01,47.25000038146973,47.25000038146973,94.50000076293946,0.033333335992240726,0
47,48.41000061035155,484.1000061035156,484.1000061035156,968.2000122070312,0.16666666666666666,5,0,1.0,0.0,1.0,0,0,1,1,0,0,5,1,0.0,1.0,492.5100067138672,0.0,1,11,2,2024-08-01,48.41000061035157,48.41000061035157,96.82000122070313,0.12499999750467375,1
0,0.0,0.0,0.0,0.0,1.0,0,1,1.0,1.0,1.0,1,1,1,1,1,0,0,6,0.0,0.0,228.09999084472656,228.09999084472656,0,12,0,2024-08-01,0.0,0.0,0.0,0.0,0
1,0.0,0.0,0.0,0.0,1.0,0,1,1.0,1.0,1.0,1,1,1,1,1,0,0,6,0.0,0.0,247.29998779296875,247.29998779296875,0,12,0,2024-08-01,0.0,0.0,0.0,0.0,0
2,0.0,0.0,0.0,0.0,1.0,0,1,1.0,1.0,1.0,1,1,1,1,1,0,0,6,0.0,0.0,274.79998779296875,274.79998779296875,0,12,0,2024-08-01,0.0,0.0,0.0,0.0,0
3,0.0,0.0,0.0,0.0,1.0,0,1,1.0,1.0,0.5,1,1,0,1,1,0,0,6,0.0,0.0,274.79998779296875,274.79998779296875,0,12,0,2024-08-01,0.0,0.0,0.0,0.0,0
4,0.0,0.0,0.0,0.0,1.0,0,1,1.0,1.0,0.0,1,1,0,1,1,0,0,6,0.0,0.0,274.79998779296875,274.79998779296875,0,12,0,2024-08-01,0.0,0.0,0.0,0.0,0
5,0.0,0.0,0.0,0.0,1.0,0,1,1.0,1.0,0.0,1,1,0,1,1,0,0,6,0.0,0.0,324.79998779296875,324.79998779296875,0,12,0,2024-08-01,0.0,0.0,0.0,0.0,0
6,0.0,0.0,0.0,0.0,1.0,0,1,1.0,1.0,0.0,1,1,0,1,1,0,0,6,0.0,0.0,324.79998779296875,324.79998779296875,0,12,0,2024-08-01,0.0,0.0,0.0,0.0,0
7,0.0,0.0,0.0,0.0,1.0,0,1,1.0,1.0,0.0,1,1,0,1,1,0,0,6,0.0,0.0,258.79998779296875,258.79998779296875,0,12,0,2024-08-01,0.0,0.0,0.0,0.0,0
8,0.0,0.0,0.0,0.0,1.0,0,1,1.0,1.0,0.0,1,1,0,1,1,0,0,6,0.0,0.0,258.79998779296875,258.79998779296875,0,12,0,2024-08-01,0.0,0.0,0.0,0.0,0
9,0.0,0.0,0.0,0.0,1.0,0,1,1.0,1.0,0.0,1,1,0,1,1,0,0,6,0.0,0.0,258.79998779296875,258.79998779296875,0,12,0,2024-08-01,0.0,0.0,0.0,0.0,0
10,0.0,0.0,0.0,0.0,1.0,0,1,1.0,1.0,0.0,1,1,0,1,1,0,0,6,0.0,0.0,212.09999084472656,212.09999084472656,0,12,0,2024-08-01,0.0,0.0,0.0,0.0,0
11,0.0,0.0,0.0,0.0,1.0,0,1,1.0,1.0,0.0,1,1,0,1,1,0,0,6,0.0,0.0,184.59999084472656,184.59999084472656,0,12,0,2024-08-01,0.0,0.0,0.0,0.0,0
12,0.0,0.0,0.0,0.0,1.0,0,1,1.0,1.0,0.16666666666666666,1,1,0,1,1,0,0,6,0.0,0.0,236.3000030517578,236.8000030517578,0,12,0,2024-08-01,0.0,0.0,0.0,0.0,0
13,0.0,0.0,0.0,0.0,1.0,0,1,1.0,1.0,1.0,1,1,1,1,1,0,0,6,0.0,0.0,236.3000030517578,278.5,0,12,0,2024-08-01,0.0,0.0,0.0,0.0,0
14,0.0,0.0,0.0,0.0,1.0,0,1,1.0,1.0,1.0,1,1,1,1,1,0,0,6,0.0,0.0,263.79998779296875,306.0,0,12,0,2024-08-01,0.0,0.0,0.0,0.0,0
15,0.0,0.0,0.0,0.0,1.0,0,1,1.0,1.0,0.3333333333333333,1,1,0,1,1,0,0,6,0.0,0.0,338.0,380.20001220703125,0,12,0,2024-08-01,0.0,0.0,0.0,0.0,0
16,0.0,0.0,0.0,0.0,1.0,0,1,1.0,1.0,0.0,1,1,0,1,1,0,0,6,0.0,0.0,349.0,391.199951171875,0,12,0,2024-08-01,0.0,0.0,0.0,0.0,0
17,0.0,0.0,0.0,0.0,1.0,0,1,1.0,1.0,0.0,1,1,0,1,1,0,0,6,0.0,0.0,354.0,407.699951171875,0,12,0,2024-08-01,0.0,0.0,0.0,0.0,0
18,41.32000045776364,284.00000381469727,303.2000045776367,587.200008392334,1.0,0,1,1.0,1.0,1.0,1,1,1,1,1,0,4,2,0.0,0.0,510.0200126647949,495.5799629211426,1,12,0,2024-08-01,28.400000381469727,30.320000457763673,58.7200008392334,0.01811750292545116,0
19,36.041425100823,408.2000045776367,408.2000045776367,816.4000091552734,1.0,0,1,1.0,1.0,1.0,1,1,1,1,1,2,4,0,0.0,0.0,672.9065984406667,664.0586115202708,1,12,0,2024-08-01,40.820000457763676,40.820000457763676,81.64000091552735,0.052631578907120856,0
20,31.99227210225591,535.1000061035156,535.1000061035156,1070.2000122070312,1.0,0,1,1.0,1.0,1.0,1,1,1,1,1,0,0,6,0.0,0.0,677.7959830397559,701.5077889329003,1,12,0,2024-08-01,53.51000061035157,53.51000061035157,107.02000122070314,6.343824133177961e-10,0
21,47.543323060875316,586.0500061035157,601.1000061035156,1187.1500122070313,1.0,0,1,1.0,1.0,1.0,1,1,1,1,1,2,0,4,0.0,0.0,687.8979983538441,714.0567135602184,1,12,0,2024-08-01,58.60500061035157,60.11000061035156,118.71500122070313,0.09959832948179417,0
22,68.28386863584784,563.4500076293946,578.5000076293945,1141.950015258789,1.0,0,1,1.0,1.0,1.0,1,1,1,1,1,5,1,0,0.0,0.0,701.1174867999104,696.1161557782146,1,12,0,2024-08-01,56.34500076293946,57.85000076293946,114.19500152587892,0.0429178951691477,0
23,-21.492823499714575,250.0,608.700008392334,858.700008392334,1.0,0,1,1.0,1.0,1.0,1,1,1,1,1,0,0,6,0.0,0.0,683.1331530627854,851.8928479137771,1,12,0,2024-08-01,25.0,60.8700008392334,85.8700008392334,9.929193433895184e-10,0
24,65.82000083923339,658.200008392334,658.200008392334,1316.400016784668,1.0,0,1,1.0,1.0,1.0,1,1,1,1,1,6,0,0,0.0,0.0,889.9400569915772,910.7800357818603,1,12,0,2024-08-01,65.8200008392334,65.8200008392334,131.6400016784668,8.693475795556865e-10,0
25,37.2858175377095,735.700008392334,735.700008392334,1471.400016784668,1.0,0,1,1.0,1.0,1.0,1,1,1,1,1,1,5,0,0.0,0.0,821.8490499595845,916.2142434974468,1,12,0,2024-08-01,73.5700008392334,73.5700008392334,147.1400016784668,0.17397660791124628,0
26,83.57000083923327,835.700008392334,835.700008392334,1671.400016784668,1.0,0,1,1.0,1.0,1.0,1,1,1,1,1,0,6,0,0.0,0.0,933.5359432220457,847.430060195923,1,12,0,2024-08-01,83.5700008392334,83.5700008392334,167.1400016784668,0.34502923147359266,0
27,0.0,0.0,0.0,0.0,1.0,0,1,1.0,1.0,0.0,1,1,0,1,1,0,0,6,0.0,0.0,966.7000122070312,964.6140747070312,0,12,0,2024-08-01,0.0,0.0,0.0,0.0,0
28,104.83000126491089,0.0,1048.3000104624905,1048.3000104624905,1.0,0,1,1.0,1.0,1.0,1,1,1,1,1,0,0,6,0.0,0.1352817536609735,1118.2300867141296,906.4841466843079,1,12,0,2024-08-01,0.0,104.83000104624905,104.83000104624905,5.40058944082381e-10,0
29,151.23721568931654,1048.3000106811523,1048.3000106811523,2096.6000213623047,1.0,0,1,1.0,1.0,1.0,1,1,1,1,1,6,0,0,0.0,0.23569671276321205,1106.475619009629,801.2191441739647,1,12,0,2024-08-01,104.83000106811524,104.83000106811524,209.66000213623047,1.2184254943422121e-09,0
30,164.24384023877218,1064.4333432515461,1067.600009918213,2132.033353169759,1.0,0,1,1.0,1.0,1.0,1,1,1,1,1,4,2,0,0.0,0.2826128742792553,1100.6438646528347,765.8825025346653,1,12,0,2024-08-01,106.44333432515462,106.7600009918213,213.20333531697588,0.019034078520293,0
31,186.50143905794783,1111.600009918213,1111.5999832424695,2223.1999931606824,1.0,0,1,1.0,1.0,1.0,1,1,1,1,1,6,0,0,0.0,0.33382781151255814,1142.1014756790416,740.5169935592396,1,12,0,2024-08-01,111.16000099182129,111.15999832424696,222.31999931606825,2.1283627087331176e-09,0
32,225.5816375585725,1119.9000091552734,1119.9000091552734,2239.800018310547,1.0,0,1,1.0,1.0,1.0,1,1,1,1,1,6,0,0,0.0041239033412931395,0.44033730001947724,1115.2816497656038,626.7662628320525,1,12,0,2024-08-01,111.99000091552735,111.99000091552735,223.9800018310547,1.3559639744317964e-09,0
33,110.34000089407598,0.0,1103.4000091552734,1103.4000091552734,1.0,0,1,1.0,1.0,1.0,1,1,1,1,1,0,6,0,0.0,0.28468028651998234,1023.720371987826,789.283778402799,1,12,0,2024-08-01,0.0,110.34000091552736,110.34000091552736,0.011695904608338685,0
34,160.07000160217277,0.0,1078.700008392334,1078.700008392334,1.0,0,1,1.0,1.0,1.0,1,1,1,1,1,0,6,0,0.0,0.2758233315999747,1139.9451847076416,781.1693782806398,1,12,0,2024-08-01,0.0,107.8700008392334,107.8700008392334,5.304575821993934e-09,0
35,281.85319635310356,951.700008392334,951.700008392334,1903.400016784668,0.6666666666666666,2,0,1.0,0.6666666666666666,1.0,0,0,1,1,0,0,6,0,0.0,0.4898123967205916,1227.4532329741974,485.5455463226777,1,12,0,2024-08-01,95.17000083923341,95.17000083923341,190.34000167846682,0.3464912323642259,1
36,230.88600345563984,944.1000061035156,813.793337123128,1757.8933432266435,1.0,0,1,1.0,1.0,1.0,1,1,1,1,1,5,1,0,0.0,0.4179330903735052,1113.2860278697024,473.6821728138914,1,12,0,2024-08-01,94.41000061035157,81.37933371231281,175.78933432266436,0.016243392840123536,0
37,131.58000068664532,1040.800006866455,1040.800006866455,2081.60001373291,1.0,0,1,1.0,1.0,1.0,1,1,1,1,1,0,6,0,0.04950043684477537,0.48450983029849437,989.2799518585203,536.5221721649172,1,12,0,2024-08-01,104.08000068664552,104.08000068664552,208.16000137329104,0.12426901044333366,0
38,593.2219898482723,1010.700008392334,463.86446504895736,1474.5644734412913,0.6666666666666666,2,0,1.0,0.0,1.0,0,0,1,1,0,4,2,0,0.0,1.0,1420.1220142623347,0.0,1,12,0,2024-08-01,101.0700008392334,46.38644650489574,147.45644734412915,0.09014202573471743,1
39,158.12000236511233,0.0,922.200008392334,922.200008392334,0.0,6,0,1.0,0.0,1.0,1,0,1,1,0,0,6,0,0.0,0.7966239462079873,1012.5200267791748,187.55339851379392,1,12,0,2024-08-01,0.0,92.2200008392334,92.2200008392334,0.6140351021390561,1
40,927.0600036621094,891.4000091552734,0.0,891.4000091552734,0.5,3,0,0.5,1.0,1.0,0,1,1,0,1,6,0,0,0.0,0.0,1731.1601013183595,0.0,1,12,0,2024-08-01,89.14000091552735,0.0,89.14000091552735,0.37426900989215384,1
41,95.18232365231643,855.7133344014485,864.5000038146973,1720.2133382161458,1.0,0,1,1.0,1.0,1.0,1,1,1,1,1,1,5,0,0.0,0.8169143139946664,924.9490472851289,158.27757625002732,1,12,0,2024-08-01,85.57133344014485,86.45000038146974,172.02133382161458,0.0698169932114958,0
42,78.70000038146975,787.0000038146973,787.0000038146973,1574.0000076293945,0.8333333333333334,1,0,1.0,0.5,1.0,0,0,1,1,0,4,2,0,0.0,0.6123333306302463,929.4347415924072,305.0936702728271,1,12,0,2024-08-01,78.70000038146974,78.70000038146974,157.40000076293947,0.10526315726120745,1
43,73.2000003814697,732.0000038146973,732.0000038146973,1464.0000076293945,0.8333333333333334,1,0,1.0,0.0,1.0,0,0,1,1,0,5,1,0,0.0,0.6657785990679662,904.4999881744385,244.65006675720218,1,12,0,2024-08-01,73.20000038146974,73.20000038146974,146.40000076293947,0.06725146201268459,1
44,73.52135589548948,577.0000038146973,559.4207199102309,1136.4207237249282,1.0,0,1,1.0,1.0,1.0,1,1,1,1,1,6,0,0,0.0,0.645355877928674,822.3214047236145,198.39527008107302,1,12,0,2024-08-01,57.70000038146973,55.94207199102309,113.64207237249282,1.0737189877765916e-09,0
45,70.30000114440918,511.00000381469727,511.00000381469727,1022.0000076293945,0.5,3,0,1.0,0.5,1.0,0,0,1,1,0,0,6,0,0.0,0.7600358618866097,808.7000255584717,122.62167549133301,1,12,0,2024-08-01,51.10000038146973,51.10000038146973,102.20000076293945,0.20175438933733147,1
46,62.596194997098124,472.50000381469727,472.50000381469727,945.0000076293945,0.0,6,0,1.0,0.0,1.0,0,0,1,1,0,0,6,0,0.0,0.7566042395271022,784.4962194111606,115.00449775192531,1,12,0,2024-08-01,47.25000038146973,47.25000038146973,94.50000076293946,0.3333333268423497,1
47,48.41000061035155,484.1000061035156,484.1000061035156,968.2000122070312,0.0,6,0,1.0,0.0,1.0,0,0,1,1,0,0,6,0,0.0,0.8459396523568161,751.110073852539,74.58061523437502,1,12,0,2024-08-01,48.41000061035157,48.41000061035157,96.82000122070313,0.33040936043011815,1
0,0.0,0.0,0.0,0.0,1.0,0,1,1.0,1.0,1.0,1,1,1,1,1,0,0,6,0.0,0.0,151.10000610351562,181.89999389648438,0,12,1,2024-08-01,0.0,0.0,0.0,0.0,0
1,0.0,0.0,0.0,0.0,1.0,0,1,1.0,1.0,1.0,1,1,1,1,1,0,0,6,0.0,0.0,207.70001220703125,242.89999389648438,0,12,1,2024-08-01,0.0,0.0,0.0,0.0,0
2,0.0,0.0,0.0,0.0,1.0,0,1,1.0,1.0,1.0,1,1,1,1,1,0,0,6,0.0,0.0,237.89999389648438,273.1000061035156,0,12,1,2024-08-01,0.0,0.0,0.0,0.0,0
3,0.0,0.0,0.0,0.0,1.0,0,1,1.0,1.0,0.8333333333333334,1,1,0,1,1,0,0,6,0.0,0.0,237.89999389648438,273.1000061035156,0,12,1,2024-08-01,0.0,0.0,0.0,0.0,0
4,0.0,0.0,0.0,0.0,1.0,0,1,1.0,1.0,0.3333333333333333,1,1,0,1,1,0,0,6,0.0,0.0,226.89999389648438,262.1000061035156,0,12,1,2024-08-01,0.0,0.0,0.0,0.0,0
5,0.0,0.0,0.0,0.0,1.0,0,1,1.0,1.0,0.0,1,1,0,1,1,0,0,6,0.0,0.0,226.89999389648438,262.1000061035156,0,12,1,2024-08-01,0.0,0.0,0.0,0.0,0
6,0.0,0.0,0.0,0.0,1.0,0,1,1.0,1.0,0.0,1,1,0,1,1,0,0,6,0.0,0.0,218.60000610351562,253.8000030517578,0,12,1,2024-08-01,0.0,0.0,0.0,0.0,0
7,0.0,0.0,0.0,0.0,1.0,0,1,1.0,1.0,0.0,1,1,0,1,1,0,0,6,0.0,0.0,263.6000061035156,303.79998779296875,0,12,1,2024-08-01,0.0,0.0,0.0,0.0,0
8,0.0,0.0,0.0,0.0,1.0,0,1,1.0,1.0,0.0,1,1,0,1,1,0,0,6,0.0,0.0,274.6000061035156,314.79998779296875,0,12,1,2024-08-01,0.0,0.0,0.0,0.0,0
9,0.0,0.0,0.0,0.0,1.0,0,1,1.0,1.0,0.0,1,1,0,1,1,0,0,6,0.0,0.0,274.6000061035156,314.79998779296875,0,12,1,2024-08-01,0.0,0.0,0.0,0.0,0
10,0.0,0.0,0.0,0.0,1.0,0,1,1.0,1.0,0.6666666666666666,1,1,0,1,1,0,0,6,0.0,0.0,218.0,253.8000030517578,0,12,1,2024-08-01,0.0,0.0,0.0,0.0,0
11,0.0,0.0,0.0,0.0,1.0,0,1,1.0,1.0,1.0,1,1,1,1,1,0,0,6,0.0,0.0,218.0,253.8000030517578,0,12,1,2024-08-01,0.0,0.0,0.0,0.0,0
12,0.0,0.0,0.0,0.0,1.0,0,1,1.0,1.0,1.0,1,1,1,1,1,0,0,6,0.0,0.0,251.1999969482422,311.5,0,12,1,2024-08-01,0.0,0.0,0.0,0.0,0
13,0.0,0.0,0.0,0.0,1.0,0,1,1.0,1.0,0.8333333333333334,1,1,0,1,1,0,0,6,0.0,0.0,300.70001220703125,361.0,0,12,1,2024-08-01,0.0,0.0,0.0,0.0,0
14,0.0,0.0,0.0,0.0,1.0,0,1,1.0,1.0,0.0,1,1,0,1,1,0,0,6,0.0,0.0,328.6499938964844,388.5,0,12,1,2024-08-01,0.0,0.0,0.0,0.0,0
15,0.0,0.0,0.0,0.0,1.0,0,1,1.0,1.0,0.0,1,1,0,1,1,0,0,6,0.0,0.0,445.4000244140625,484.70001220703125,0,12,1,2024-08-01,0.0,0.0,0.0,0.0,0
16,0.0,0.0,0.0,0.0,1.0,0,1,1.0,1.0,0.0,1,1,0,1,1,0,0,6,0.0,0.0,483.5,525.7999877929688,0,12,1,2024-08-01,0.0,0.0,0.0,0.0,0
17,0.0,0.0,0.0,0.0,1.0,0,1,1.0,1.0,0.3333333333333333,1,1,0,1,1,0,0,6,0.0,0.0,614.0999755859375,659.0333251953125,0,12,1,2024-08-01,0.0,0.0,0.0,0.0,0
18,41.32000045776364,284.00000381469727,303.2000045776367,587.200008392334,1.0,0,1,1.0,1.0,1.0,1,1,1,1,1,0,4,2,0.0,0.0,732.3200004577636,710.7799751281739,1,12,1,2024-08-01,28.400000381469727,30.320000457763673,58.7200008392334,0.01811750292545116,0
19,36.041425100823,408.2000045776367,408.2000045776367,816.4000091552734,1.0,0,1,1.0,1.0,1.0,1,1,1,1,1,2,4,0,0.0,0.0,752.128827444573,716.2000910124583,1,12,1,2024-08-01,40.820000457763676,40.820000457763676,81.64000091552735,0.052631578907120856,0
20,31.99227210225591,535.1000061035156,535.1000061035156,1070.2000122070312,1.0,0,1,1.0,1.0,1.0,1,1,1,1,1,0,0,6,0.0,0.0,791.4307486647559,767.6165535813378,1,12,1,2024-08-01,53.51000061035157,53.51000061035157,107.02000122070314,6.343824133177961e-10,0
21,47.543323060875316,586.0500061035157,601.1000061035156,1187.1500122070313,1.0,0,1,1.0,1.0,1.0,1,1,1,1,1,2,0,4,0.0,0.0,836.1246218890003,809.4607052594372,1,12,1,2024-08-01,58.60500061035157,60.11000061035156,118.71500122070313,0.09959832948179417,0
22,68.28386863584784,563.4500076293946,578.5000076293945,1141.950015258789,1.0,0,1,1.0,1.0,1.0,1,1,1,1,1,5,1,0,0.0,0.0,879.4045961749104,819.2161313641521,1,12,1,2024-08-01,56.34500076293946,57.85000076293946,114.19500152587892,0.0429178951691477,0
23,-21.492823499714575,250.0,608.700008392334,858.700008392334,1.0,0,1,1.0,1.0,1.0,1,1,1,1,1,0,0,6,0.0,0.0,817.6150866565354,936.4928234997146,1,12,1,2024-08-01,25.0,60.8700008392334,85.8700008392334,9.929193433895184e-10,0
24,65.82000083923339,658.200008392334,658.200008392334,1316.400016784668,1.0,0,1,1.0,1.0,1.0,1,1,1,1,1,6,0,0,0.0,0.0,972.7628108978272,934.3800113677978,1,12,1,2024-08-01,65.8200008392334,65.8200008392334,131.6400016784668,8.693475795556865e-10,0
25,37.2858175377095,735.700008392334,735.700008392334,1471.400016784668,1.0,0,1,1.0,1.0,1.0,1,1,1,1,1,1,5,0,0.0,0.0,1029.340382967397,1082.2141824622904,1,12,1,2024-08-01,73.5700008392334,73.5700008392334,147.1400016784668,0.17397660791124628,0
26,83.57000083923327,835.700008392334,835.700008392334,1671.400016784668,1.0,0,1,1.0,1.0,1.0,1,1,1,1,1,0,6,0,0.0,0.0,1144.6398250579832,1026.2421329498293,1,12,1,2024-08-01,83.5700008392334,83.5700008392334,167.1400016784668,0.34502923147359266,0
27,0.0,0.0,0.0,0.0,1.0,0,1,1.0,1.0,0.0,1,1,0,1,1,0,0,6,0.0,0.0,1103.5521240234375,1141.60546875,0,12,1,2024-08-01,0.0,0.0,0.0,0.0,0
28,104.83000126491089,0.0,1048.3000104624905,1048.3000104624905,1.0,0,1,1.0,1.0,1.0,1,1,1,1,1,0,0,6,0.0,0.0,1235.8821252883483,1064.1033483444642,1,12,1,2024-08-01,0.0,104.83000104624905,104.83000104624905,5.40058944082381e-10,0
29,151.23721568931654,1048.3000106811523,1048.3000106811523,2096.6000213623047,1.0,0,1,1.0,1.0,1.0,1,1,1,1,1,6,0,0,0.0,0.0,1311.4298426424416,1059.7627843106834,1,12,1,2024-08-01,104.83000106811524,104.83000106811524,209.66000213623047,1.2184254943422121e-09,0
30,164.24384023877218,1064.4333432515461,1067.600009918213,2132.033353169759,1.0,0,1,1.0,1.0,1.0,1,1,1,1,1,4,2,0,0.0,0.08387392328304674,1264.7238207075222,978.0562085893528,1,12,1,2024-08-01,106.44333432515462,106.7600009918213,213.20333531697588,0.019034078520293,0
31,186.50143905794783,1111.600009918213,1111.5999832424695,2223.1999931606824,1.0,0,1,1.0,1.0,1.0,1,1,1,1,1,6,0,0,0.0,0.19323621510476266,1226.780247651698,896.7986097701771,1,12,1,2024-08-01,111.16000099182129,111.15999832424696,222.31999931606825,2.1283627087331176e-09,0
32,225.5816375585725,1119.9000091552734,1119.9000091552734,2239.800018310547,1.0,0,1,1.0,1.0,1.0,1,1,1,1,1,6,0,0,0.0,0.24643418560378036,1243.309298691385,843.9183624414275,1,12,1,2024-08-01,111.99000091552735,111.99000091552735,223.9800018310547,1.3559639744317964e-09,0
33,110.34000089407598,0.0,1103.4000091552734,1103.4000091552734,1.0,0,1,1.0,1.0,1.0,1,1,1,1,1,0,6,0,0.0,0.22588363964230823,1053.344639565951,854.159999105924,1,12,1,2024-08-01,0.0,110.34000091552736,110.34000091552736,0.011695904608338685,0
34,160.07000160217277,0.0,1078.700008392334,1078.700008392334,1.0,0,1,1.0,1.0,1.0,1,1,1,1,1,0,6,0,0.0,0.22060810171035955,1146.2832584381104,840.7300472259523,1,12,1,2024-08-01,0.0,107.8700008392334,107.8700008392334,5.304575821993934e-09,0
35,281.85319635310356,951.700008392334,951.700008392334,1903.400016784668,0.6666666666666666,2,0,1.0,0.6666666666666666,1.0,0,0,1,1,0,0,6,0,0.0,0.3953102612657475,1190.8531963531036,575.4832294281464,1,12,1,2024-08-01,95.17000083923341,95.17000083923341,190.34000167846682,0.3464912323642259,1
36,230.88600345563984,944.1000061035156,813.793337123128,1757.8933432266435,1.0,0,1,1.0,1.0,1.0,1,1,1,1,1,5,1,0,0.0,0.2762377425249862,1170.0860766978274,588.9929027943601,1,12,1,2024-08-01,94.41000061035157,81.37933371231281,175.78933432266436,0.016243392840123536,0
37,131.58000068664532,1040.800006866455,1040.800006866455,2081.60001373291,1.0,0,1,1.0,1.0,1.0,1,1,1,1,1,0,6,0,0.0029015496903333805,0.41042383577065705,1037.7800739288327,613.6308757781984,1,12,1,2024-08-01,104.08000068664552,104.08000068664552,208.16000137329104,0.12426901044333366,0
38,593.2219898482723,1010.700008392334,463.86446504895736,1474.5644734412913,0.6666666666666666,2,0,1.0,0.0,1.0,0,0,1,1,0,4,2,0,0.0,1.0,1440.7220508834284,0.0,1,12,1,2024-08-01,101.0700008392334,46.38644650489574,147.45644734412915,0.09014202573471743,1
39,158.12000236511233,0.0,922.200008392334,922.200008392334,0.3333333333333333,4,0,1.0,0.3333333333333333,1.0,1,0,1,1,0,0,6,0,0.0,0.7400789646463317,1002.8200756072998,239.69918098449705,1,12,1,2024-08-01,0.0,92.2200008392334,92.2200008392334,0.6140351021390561,1
40,927.0600036621094,891.4000091552734,0.0,891.4000091552734,0.5,3,0,0.5,1.0,1.0,0,1,1,0,1,6,0,0,0.0,0.0,1843.1600402832032,0.0,1,12,1,2024-08-01,89.14000091552735,0.0,89.14000091552735,0.37426900989215384,1
41,95.18232365231643,855.7133344014485,864.5000038146973,1720.2133382161458,1.0,0,1,1.0,1.0,1.0,1,1,1,1,1,1,5,0,0.0,0.7379558261567177,994.7823602734102,226.5371892871367,1,12,1,2024-08-01,85.57133344014485,86.45000038146974,172.02133382161458,0.0698169932114958,0
42,78.70000038146975,787.0000038146973,787.0000038146973,1574.0000076293945,0.8333333333333334,1,0,1.0,0.5,1.0,0,0,1,1,0,4,2,0,0.0,0.7132842377112061,873.9000736236572,225.64530601501463,1,12,1,2024-08-01,78.70000038146974,78.70000038146974,157.40000076293947,0.10526315726120745,1
43,73.2000003814697,732.0000038146973,732.0000038146973,1464.0000076293945,0.8333333333333334,1,0,1.0,0.0,1.0,0,0,1,1,0,5,1,0,0.0,0.7531954715645613,802.400012588501,180.66091575622562,1,12,1,2024-08-01,73.20000038146974,73.20000038146974,146.40000076293947,0.06725146201268459,1
44,73.52135589548948,577.0000038146973,559.4207199102309,1136.4207237249282,1.0,0,1,1.0,1.0,1.0,1,1,1,1,1,6,0,0,0.0,0.7104644704544741,712.6213925165832,161.97217437794802,1,12,1,2024-08-01,57.70000038146973,55.94207199102309,113.64207237249282,1.0737189877765916e-09,0
45,70.30000114440918,511.00000381469727,511.00000381469727,1022.0000076293945,0.5,3,0,1.0,0.5,1.0,0,0,1,1,0,0,6,0,0.0,0.6266586085231161,659.3000621795654,190.77745246887207,1,12,1,2024-08-01,51.10000038146973,51.10000038146973,102.20000076293945,0.20175438933733147,1
46,62.596194997098124,472.50000381469727,472.50000381469727,945.0000076293945,0.0,6,0,1.0,0.0,1.0,0,0,1,1,0,0,6,0,0.0,0.7974762862581364,632.3962438252231,95.69245551559719,1,12,1,2024-08-01,47.25000038146973,47.25000038146973,94.50000076293946,0.3333333268423497,1
47,48.41000061035155,484.1000061035156,484.1000061035156,968.2000122070312,0.0,6,0,1.0,0.0,1.0,0,0,1,1,0,0,6,0,0.0,0.8754852190844992,590.7100494384765,60.277606201171885,1,12,1,2024-08-01,48.41000061035157,48.41000061035157,96.82000122070313,0.33040936043011815,1
0,0.0,0.0,0.0,0.0,1.0,0,1,1.0,1.0,1.0,1,1,1,1,1,0,0,6,0.0,0.0,218.79998779296875,228.8000030517578,0,12,2,2024-08-01,0.0,0.0,0.0,0.0,0
1,0.0,0.0,0.0,0.0,1.0,0,1,1.0,1.0,0.8333333333333334,1,1,0,1,1,0,0,6,0.0,0.0,246.29998779296875,256.29998779296875,0,12,2,2024-08-01,0.0,0.0,0.0,0.0,0
2,0.0,0.0,0.0,0.0,1.0,0,1,1.0,1.0,1.0,1,1,1,1,1,0,0,6,0.0,0.0,196.3000030517578,220.3000030517578,0,12,2,2024-08-01,0.0,0.0,0.0,0.0,0
3,0.0,0.0,0.0,0.0,1.0,0,1,1.0,1.0,0.0,1,1,0,1,1,0,0,6,0.0,0.0,196.3000030517578,220.3000030517578,0,12,2,2024-08-01,0.0,0.0,0.0,0.0,0
4,0.0,0.0,0.0,0.0,1.0,0,1,1.0,1.0,0.3333333333333333,1,1,0,1,1,0,0,6,0.0,0.0,177.10000610351562,201.10000610351562,0,12,2,2024-08-01,0.0,0.0,0.0,0.0,0
5,0.0,0.0,0.0,0.0,1.0,0,1,1.0,1.0,1.0,1,1,1,1,1,0,0,6,0.0,0.0,177.10000610351562,201.10000610351562,0,12,2,2024-08-01,0.0,0.0,0.0,0.0,0
6,0.0,0.0,0.0,0.0,1.0,0,1,1.0,1.0,1.0,1,1,1,1,1,0,0,6,0.0,0.0,177.10000610351562,201.10000610351562,0,12,2,2024-08-01,0.0,0.0,0.0,0.0,0
7,0.0,0.0,0.0,0.0,1.0,0,1,1.0,1.0,0.6666666666666666,1,1,0,1,1,0,0,6,0.0,0.0,177.10000610351562,201.10000610351562,0,12,2,2024-08-01,0.0,0.0,0.0,0.0,0
8,0.0,0.0,0.0,0.0,1.0,0,1,1.0,1.0,0.5,1,1,0,1,1,0,0,6,0.0,0.0,151.10000610351562,151.10000610351562,0,12,2,2024-08-01,0.0,0.0,0.0,0.0,0
9,0.0,0.0,0.0,0.0,1.0,0,1,1.0,1.0,0.0,1,1,0,1,1,0,0,6,0.0,0.0,151.10000610351562,151.10000610351562,0,12,2,2024-08-01,0.0,0.0,0.0,0.0,0
10,0.0,0.0,0.0,0.0,1.0,0,1,1.0,1.0,1.0,1,1,1,1,1,0,0,6,0.0,0.0,123.5999984741211,123.5999984741211,0,12,2,2024-08-01,0.0,0.0,0.0,0.0,0
11,0.0,0.0,0.0,0.0,1.0,0,1,1.0,1.0,1.0,1,1,1,1,1,0,0,6,0.0,0.0,123.5999984741211,123.5999984741211,0,12,2,2024-08-01,0.0,0.0,0.0,0.0,0
12,0.0,0.0,0.0,0.0,1.0,0,1,1.0,1.0,1.0,1,1,1,1,1,0,0,6,0.0,0.0,123.5999984741211,123.5999984741211,0,12,2,2024-08-01,0.0,0.0,0.0,0.0,0
13,0.0,0.0,0.0,0.0,1.0,0,1,1.0,1.0,0.3333333333333333,1,1,0,1,1,0,0,6,0.0,0.0,123.5999984741211,123.5999984741211,0,12,2,2024-08-01,0.0,0.0,0.0,0.0,0
14,0.0,0.0,0.0,0.0,1.0,0,1,1.0,1.0,0.0,1,1,0,1,1,0,0,6,0.0,0.0,151.10000610351562,151.10000610351562,0,12,2,2024-08-01,0.0,0.0,0.0,0.0,0
15,0.0,0.0,0.0,0.0,1.0,0,1,1.0,1.0,0.0,1,1,0,1,1,0,0,6,0.0,0.0,220.3000030517578,220.3000030517578,0,12,2,2024-08-01,0.0,0.0,0.0,0.0,0
16,0.0,0.0,0.0,0.0,1.0,0,1,1.0,1.0,0.0,1,1,0,1,1,0,0,6,0.0,0.0,268.79998779296875,275.29998779296875,0,12,2,2024-08-01,0.0,0.0,0.0,0.0,0
17,0.0,0.0,0.0,0.0,1.0,0,1,1.0,1.0,1.0,1,1,1,1,1,0,0,6,0.0,0.0,259.5999755859375,277.5999755859375,0,12,2,2024-08-01,0.0,0.0,0.0,0.0,0
18,41.32000045776364,284.00000381469727,303.2000045776367,587.200008392334,1.0,0,1,1.0,1.0,1.0,1,1,1,1,1,0,4,2,0.0,0.0,430.2200248718261,386.9799873352051,1,12,2,2024-08-01,28.400000381469727,30.320000457763673,58.7200008392334,0.01811750292545116,0
19,36.041425100823,408.2000045776367,408.2000045776367,816.4000091552734,1.0,0,1,1.0,1.0,1.0,1,1,1,1,1,2,4,0,0.0,0.0,627.0071843781667,593.8742243132396,1,12,2,2024-08-01,40.820000457763676,40.820000457763676,81.64000091552735,0.052631578907120856,0
20,31.99227210225591,535.1000061035156,535.1000061035156,1070.2000122070312,1.0,0,1,1.0,1.0,1.0,1,1,1,1,1,0,0,6,0.0,0.0,686.0774161452247,653.6867440110253,1,12,2,2024-08-01,53.51000061035157,53.51000061035157,107.02000122070314,6.343824133177961e-10,0
21,47.543323060875316,586.0500061035157,601.1000061035156,1187.1500122070313,1.0,0,1,1.0,1.0,1.0,1,1,1,1,1,2,0,4,0.0,0.0,737.6370730608753,688.4818844586559,1,12,2,2024-08-01,58.60500061035157,60.11000061035156,118.71500122070313,0.09959832948179417,0
22,68.28386863584784,563.4500076293946,578.5000076293945,1141.950015258789,1.0,0,1,1.0,1.0,1.0,1,1,1,1,1,5,1,0,0.0,0.0,768.3372743975666,699.0916806805584,1,12,2,2024-08-01,56.34500076293946,57.85000076293946,114.19500152587892,0.0429178951691477,0
23,-21.492823499714575,250.0,608.700008392334,858.700008392334,1.0,0,1,1.0,1.0,1.0,1,1,1,1,1,0,0,6,0.0,0.0,773.2409411487229,971.4928845348709,1,12,2,2024-08-01,25.0,60.8700008392334,85.8700008392334,9.929193433895184e-10,0
24,65.82000083923339,658.200008392334,658.200008392334,1316.400016784668,1.0,0,1,1.0,1.0,1.0,1,1,1,1,1,6,0,0,0.0,0.0,894.0656673431397,930.8800113677978,1,12,2,2024-08-01,65.8200008392334,65.8200008392334,131.6400016784668,8.693475795556865e-10,0
25,37.2858175377095,735.700008392334,735.700008392334,1471.400016784668,1.0,0,1,1.0,1.0,1.0,1,1,1,1,1,1,5,0,0.0,0.0,864.6534322838032,959.4141946693218,1,12,2,2024-08-01,73.5700008392334,73.5700008392334,147.1400016784668,0.17397660791124628,0
26,83.57000083923327,835.700008392334,835.700008392334,1671.400016784668,1.0,0,1,1.0,1.0,1.0,1,1,1,1,1,0,6,0,0.0,0.0,972.1237117767332,943.9299991607668,1,12,2,2024-08-01,83.5700008392334,83.5700008392334,167.1400016784668,0.34502923147359266,0
27,0.0,0.0,0.0,0.0,1.0,0,1,1.0,1.0,0.0,1,1,0,1,1,0,0,6,0.0,0.0,992.4976806640625,1055.078857421875,0,12,2,2024-08-01,0.0,0.0,0.0,0.0,0
28,104.83000126491089,0.0,1048.3000104624905,1048.3000104624905,1.0,0,1,1.0,1.0,1.0,1,1,1,1,1,0,0,6,0.0,0.0,1197.9894250930358,1049.1692663132142,1,12,2,2024-08-01,0.0,104.83000104624905,104.83000104624905,5.40058944082381e-10,0
29,151.23721568931654,1048.3000106811523,1048.3000106811523,2096.6000213623047,1.0,0,1,1.0,1.0,1.0,1,1,1,1,1,6,0,0,0.0,0.0070767661462662656,1285.1315027986916,1040.8814366544334,1,12,2,2024-08-01,104.83000106811524,104.83000106811524,209.66000213623047,1.2184254943422121e-09,0
30,164.24384023877218,1064.4333432515461,1067.600009918213,2132.033353169759,1.0,0,1,1.0,1.0,1.0,1,1,1,1,1,4,2,0,0.0,0.0308578357407906,1304.9601488325222,1034.6561841752903,1,12,2,2024-08-01,106.44333432515462,106.7600009918213,213.20333531697588,0.019034078520293,0
31,186.50143905794783,1111.600009918213,1111.5999832424695,2223.1999931606824,1.0,0,1,1.0,1.0,1.0,1,1,1,1,1,6,0,0,0.0,0.18810851516071572,1200.6331529251354,902.4985609420521,1,12,2,2024-08-01,111.16000099182129,111.15999832424696,222.31999931606825,2.1283627087331176e-09,0
32,225.5816375585725,1119.9000091552734,1119.9000091552734,2239.800018310547,1.0,0,1,1.0,1.0,1.0,1,1,1,1,1,6,0,0,0.0,0.27366875989671724,1201.6294891210725,813.4183624414275,1,12,2,2024-08-01,111.99000091552735,111.99000091552735,223.9800018310547,1.3559639744317964e-09,0
33,110.34000089407598,0.0,1103.4000091552734,1103.4000091552734,1.0,0,1,1.0,1.0,1.0,1,1,1,1,1,0,6,0,0.0,0.17875657822438284,1067.1975448393885,906.159999105924,1,12,2,2024-08-01,0.0,110.34000091552736,110.34000091552736,0.011695904608338685,0
34,160.07000160217277,0.0,1078.700008392334,1078.700008392334,1.0,0,1,1.0,1.0,1.0,1,1,1,1,1,0,6,0,0.0,0.16168051753279858,1187.5918521881104,904.2952327728273,1,12,2,2024-08-01,0.0,107.8700008392334,107.8700008392334,5.304575821993934e-09,0
35,281.85319635310356,951.700008392334,951.700008392334,1903.400016784668,0.8333333333333334,1,0,1.0,0.8333333333333334,1.0,0,0,1,1,0,0,6,0,0.0,0.20442702850669087,1282.3475811187286,757.1468036468964,1,12,2,2024-08-01,95.17000083923341,95.17000083923341,190.34000167846682,0.3464912323642259,1
36,230.88600345563984,944.1000061035156,813.793337123128,1757.8933432266435,1.0,0,1,1.0,1.0,1.0,1,1,1,1,1,5,1,0,0.0,0.03191474170186901,1333.1860522837649,787.8213329701414,1,12,2,2024-08-01,94.41000061035157,81.37933371231281,175.78933432266436,0.016243392840123536,0
37,131.58000068664532,1040.800006866455,1040.800006866455,2081.60001373291,1.0,0,1,1.0,1.0,1.0,1,1,1,1,1,0,6,0,0.0,0.13219576982256112,1267.3800495147702,903.2106487274172,1,12,2,2024-08-01,104.08000068664552,104.08000068664552,208.16000137329104,0.12426901044333366,0
38,593.2219898482723,1010.700008392334,463.86446504895736,1474.5644734412913,1.0,0,1,1.0,1.0,1.0,1,1,1,1,1,4,2,0,0.0,0.7313838289667177,1600.5219166060847,124.6014964798527,1,12,2,2024-08-01,101.0700008392334,46.38644650489574,147.45644734412915,0.09014202573471743,0
39,158.12000236511233,0.0,922.200008392334,922.200008392334,0.5,3,0,1.0,0.5,1.0,1,0,1,1,0,0,6,0,0.0,0.8227902707549406,1057.8200145721435,163.42281379699705,1,12,2,2024-08-01,0.0,92.2200008392334,92.2200008392334,0.6140351021390561,1
40,927.0600036621094,891.4000091552734,0.0,891.4000091552734,0.5,3,0,0.5,1.0,1.0,0,1,1,0,1,6,0,0,0.0,0.0,1707.5600036621095,0.0,1,12,2,2024-08-01,89.14000091552735,0.0,89.14000091552735,0.37426900989215384,1
41,95.18232365231643,855.7133344014485,864.5000038146973,1720.2133382161458,1.0,0,1,1.0,1.0,1.0,1,1,1,1,1,1,5,0,0.0,0.8235705701782432,864.1823236523164,152.52324275393357,1,12,2,2024-08-01,85.57133344014485,86.45000038146974,172.02133382161458,0.0698169932114958,0
42,78.70000038146975,787.0000038146973,787.0000038146973,1574.0000076293945,0.8333333333333334,1,0,1.0,0.5,1.0,0,0,1,1,0,4,2,0,0.0,0.7449832763818101,816.900012588501,200.69816246032713,1,12,2,2024-08-01,78.70000038146974,78.70000038146974,157.40000076293947,0.10526315726120745,1
43,73.2000003814697,732.0000038146973,732.0000038146973,1464.0000076293945,0.8333333333333334,1,0,1.0,0.0,1.0,0,0,1,1,0,5,1,0,0.0,0.8112026542329909,761.900012588501,138.1996578216553,1,12,2,2024-08-01,73.20000038146974,73.20000038146974,146.40000076293947,0.06725146201268459,1
44,73.52135589548948,577.0000038146973,559.4207199102309,1136.4207237249282,1.0,0,1,1.0,1.0,1.0,1,1,1,1,1,6,0,0,0.0,0.801675318070732,668.8213436884582,110.94693634083865,1,12,2,2024-08-01,57.70000038146973,55.94207199102309,113.64207237249282,1.0737189877765916e-09,0
45,70.30000114440918,511.00000381469727,511.00000381469727,1022.0000076293945,0.5,3,0,1.0,0.5,1.0,0,0,1,1,0,0,6,0,0.0,0.8655450424108857,635.3999767303467,68.70648384094238,1,12,2,2024-08-01,51.10000038146973,51.10000038146973,102.20000076293945,0.20175438933733147,1
46,62.596194997098124,472.50000381469727,472.50000381469727,945.0000076293945,0.0,6,0,1.0,0.0,1.0,0,0,1,1,0,0,6,0,0.0,1.0,619.4962194111606,0.0,1,12,2,2024-08-01,47.25000038146973,47.25000038146973,94.50000076293946,0.3333333268423497,1
47,48.41000061035155,484.1000061035156,484.1000061035156,968.2000122070312,0.0,6,0,1.0,0.0,1.0,0,0,1,1,0,0,6,0,0.0,1.0,605.310025024414,0.0,1,12,2,2024-08-01,48.41000061035157,48.41000061035157,96.82000122070313,0.33040936043011815,1
0,0.0,0.0,0.0,0.0,1.0,0,1,1.0,1.0,1.0,1,1,1,1,1,0,0,6,0.0,0.0,238.5,288.0,0,13,0,2024-08-01,0.0,0.0,0.0,0.0,0
1,0.0,0.0,0.0,0.0,1.0,0,1,1.0,1.0,1.0,1,1,1,1,1,0,0,6,0.0,0.0,238.5,288.0,0,13,0,2024-08-01,0.0,0.0,0.0,0.0,0
2,0.0,0.0,0.0,0.0,1.0,0,1,1.0,1.0,0.8333333333333334,1,1,0,1,1,0,0,6,0.0,0.0,238.5,288.0,0,13,0,2024-08-01,0.0,0.0,0.0,0.0,0
3,0.0,0.0,0.0,0.0,1.0,0,1,1.0,1.0,0.0,1,1,0,1,1,0,0,6,0.0,0.0,240.5399932861328,288.0,0,13,0,2024-08-01,0.0,0.0,0.0,0.0,0
4,0.0,0.0,0.0,0.0,1.0,0,1,1.0,1.0,0.3333333333333333,1,1,0,1,1,0,0,6,0.0,0.0,220.5,238.0,0,13,0,2024-08-01,0.0,0.0,0.0,0.0,0
5,0.0,0.0,0.0,0.0,1.0,0,1,1.0,1.0,0.0,1,1,0,1,1,0,0,6,0.0,0.0,181.5,188.0,0,13,0,2024-08-01,0.0,0.0,0.0,0.0,0
6,0.0,0.0,0.0,0.0,1.0,0,1,1.0,1.0,0.0,1,1,0,1,1,0,0,6,0.0,0.0,181.5,188.0,0,13,0,2024-08-01,0.0,0.0,0.0,0.0,0
7,0.0,0.0,0.0,0.0,1.0,0,1,1.0,1.0,0.0,1,1,0,1,1,0,0,6,0.0,0.0,170.5,177.0,0,13,0,2024-08-01,0.0,0.0,0.0,0.0,0
8,0.0,0.0,0.0,0.0,1.0,0,1,1.0,1.0,1.0,1,1,1,1,1,0,0,6,0.0,0.0,159.5,166.0,0,13,0,2024-08-01,0.0,0.0,0.0,0.0,0
9,0.0,0.0,0.0,0.0,1.0,0,1,1.0,1.0,1.0,1,1,1,1,1,0,0,6,0.0,0.0,159.5,166.0,0,13,0,2024-08-01,0.0,0.0,0.0,0.0,0
10,0.0,0.0,0.0,0.0,1.0,0,1,1.0,1.0,0.3333333333333333,1,1,0,1,1,0,0,6,0.0,0.0,159.5,166.0,0,13,0,2024-08-01,0.0,0.0,0.0,0.0,0
11,0.0,0.0,0.0,0.0,1.0,0,1,1.0,1.0,0.0,1,1,0,1,1,0,0,6,0.0,0.0,159.5,166.0,0,13,0,2024-08-01,0.0,0.0,0.0,0.0,0
12,0.0,0.0,0.0,0.0,1.0,0,1,1.0,1.0,0.5,1,1,0,1,1,0,0,6,0.0,0.0,148.5,155.0,0,13,0,2024-08-01,0.0,0.0,0.0,0.0,0
13,0.0,0.0,0.0,0.0,1.0,0,1,1.0,1.0,0.6666666666666666,1,1,0,1,1,0,0,6,0.0,0.0,148.5,155.0,0,13,0,2024-08-01,0.0,0.0,0.0,0.0,0
14,0.0,0.0,0.0,0.0,1.0,0,1,1.0,1.0,0.16666666666666666,1,1,0,1,1,0,0,6,0.0,0.0,173.6999969482422,193.39999389648438,0,13,0,2024-08-01,0.0,0.0,0.0,0.0,0
15,0.0,0.0,0.0,0.0,1.0,0,1,1.0,1.0,0.3333333333333333,1,1,0,1,1,0,0,6,0.0,0.0,173.6999969482422,193.39999389648438,0,13,0,2024-08-01,0.0,0.0,0.0,0.0,0
16,0.0,0.0,0.0,0.0,1.0,0,1,1.0,1.0,0.5,1,1,0,1,1,0,0,6,0.0,0.0,160.39999389648438,173.60000610351562,0,13,0,2024-08-01,0.0,0.0,0.0,0.0,0
17,0.0,0.0,0.0,0.0,1.0,0,1,1.0,1.0,1.0,1,1,1,1,1,0,0,6,0.0,0.0,199.89999389648438,220.3000030517578,0,13,0,2024-08-01,0.0,0.0,0.0,0.0,0
18,41.32000045776364,284.00000381469727,303.2000045776367,587.200008392334,1.0,0,1,1.0,1.0,1.0,1,1,1,1,1,6,0,0,0.0,0.01655674458974137,360.4199760437011,298.1799995422364,1,13,0,2024-08-01,28.400000381469727,30.320000457763673,58.7200008392334,0.032108559569661736,0
19,36.041425100823,408.2000045776367,408.2000045776367,816.4000091552734,1.0,0,1,1.0,1.0,1.0,1,1,1,1,1,6,0,0,0.0,0.09515287807158725,416.30137383129176,369.3585993132395,1,13,0,2024-08-01,40.820000457763676,40.820000457763676,81.64000091552735,0.008298480804915244,0
20,31.99227210225591,535.1000061035156,535.1000061035156,1070.2000122070312,1.0,0,1,1.0,1.0,1.0,1,1,1,1,1,0,0,6,0.06247886498069328,0.06502016448505178,501.6675650710059,500.3077156907128,1,13,0,2024-08-01,53.51000061035157,53.51000061035157,107.02000122070314,6.343824133177961e-10,0
21,47.543323060875316,586.0500061035157,601.1000061035156,1187.1500122070313,1.0,0,1,1.0,1.0,1.0,1,1,1,1,1,5,0,1,0.0,0.0,637.0482058733753,630.9566769391247,1,13,0,2024-08-01,58.60500061035157,60.11000061035156,118.71500122070313,0.04915965887241424,0
22,68.28386863584784,563.4500076293946,578.5000076293945,1141.950015258789,1.0,0,1,1.0,1.0,1.0,1,1,1,1,1,6,0,0,0.0,0.0,687.7147768389729,632.2161313641521,1,13,0,2024-08-01,56.34500076293946,57.85000076293946,114.19500152587892,0.018016046436759758,0
23,-21.492823499714575,250.0,608.700008392334,858.700008392334,1.0,0,1,1.0,1.0,1.0,1,1,1,1,1,5,0,1,0.0,0.0,572.1702624377854,710.4928234997146,1,13,0,2024-08-01,25.0,60.8700008392334,85.8700008392334,0.037689611843164675,0
24,65.82000083923339,658.200008392334,658.200008392334,1316.400016784668,1.0,0,1,1.0,1.0,1.0,1,1,1,1,1,6,0,0,0.0,0.0,685.5329524993897,695.080023574829,1,13,0,2024-08-01,65.8200008392334,65.8200008392334,131.6400016784668,0.041492399567397954,0
25,37.2858175377095,735.700008392334,735.700008392334,1471.400016784668,1.0,0,1,1.0,1.0,1.0,1,1,1,1,1,6,0,0,0.0899570504468362,0.0014758753616894416,669.518605623647,734.614206876353,1,13,0,2024-08-01,73.5700008392334,73.5700008392334,147.1400016784668,0.12281750013343141,0
26,83.57000083923327,835.700008392334,835.700008392334,1671.400016784668,1.0,0,1,1.0,1.0,1.0,1,1,1,1,1,6,0,0,0.12189561530429527,0.07044392033781954,733.8318416595457,776.8300235748293,1,13,0,2024-08-01,83.5700008392334,83.5700008392334,167.1400016784668,0.13941445912247563,0
27,0.0,0.0,0.0,0.0,1.0,0,1,1.0,1.0,0.0,1,1,0,1,1,0,0,6,0.0,0.0,696.1142578125,973.0000610351562,0,13,0,2024-08-01,0.0,0.0,0.0,0.0,0
28,104.83000126491089,0.0,1048.3000104624905,1048.3000104624905,1.0,0,1,1.0,1.0,1.0,1,1,1,1,1,0,0,6,0.0,0.12461122711866955,853.2009119094421,917.6700597702454,1,13,0,2024-08-01,0.0,104.83000104624905,104.83000104624905,5.40058944082381e-10,0
29,151.23721568931654,1048.3000106811523,1048.3000106811523,2096.6000213623047,1.0,0,1,1.0,1.0,1.0,1,1,1,1,1,6,0,0,0.2637059230451947,0.29346293887425745,771.8570887361916,740.6628087247459,1,13,0,2024-08-01,104.83000106811524,104.83000106811524,209.66000213623047,1.2184254943422121e-09,0
30,164.24384023877218,1064.4333432515461,1067.600009918213,2132.033353169759,1.0,0,1,1.0,1.0,1.0,1,1,1,1,1,6,0,0,0.258252093918634,0.31841871729559573,789.5412035200222,727.6561841752903,1,13,0,2024-08-01,106.44333432515462,106.7600009918213,213.20333531697588,2.2464720930831933e-09,0
31,186.50143905794783,1111.600009918213,1111.5999832424695,2223.1999931606824,1.0,0,1,1.0,1.0,1.0,1,1,1,1,1,6,0,0,0.17579590790397515,0.2739307217251944,916.1852769485729,807.0985975631459,1,13,0,2024-08-01,111.16000099182129,111.15999832424696,222.31999931606825,2.1283627087331176e-09,0
32,225.5816375585725,1119.9000091552734,1119.9000091552734,2239.800018310547,1.0,0,1,1.0,1.0,1.0,1,1,1,1,1,6,0,0,0.2150635053377406,0.3171547959793181,879.0503875585725,764.7183502343962,1,13,0,2024-08-01,111.99000091552735,111.99000091552735,223.9800018310547,0.17260838284608881,0
33,110.34000089407598,0.0,1103.4000091552734,1103.4000091552734,1.0,0,1,1.0,1.0,1.0,1,1,1,1,1,0,6,0,0.0,0.1821099162808327,740.177891519076,902.4599258637365,1,13,0,2024-08-01,0.0,110.34000091552736,110.34000091552736,2.7852176419155454e-09,0
34,160.07000160217277,0.0,1078.700008392334,1078.700008392334,1.0,0,1,1.0,1.0,1.0,1,1,1,1,1,0,6,0,0.0,0.2629739233952424,745.5023136138915,795.030035018921,1,13,0,2024-08-01,0.0,107.8700008392334,107.8700008392334,5.304575821993934e-09,0
35,281.85319635310356,951.700008392334,951.700008392334,1903.400016784668,0.0,6,0,0.0,1.0,1.0,0,0,1,0,1,6,0,0,0.3000864052580501,0.38210910808000853,666.1077739898224,588.0467670258026,1,13,0,2024-08-01,95.17000083923341,95.17000083923341,190.34000167846682,0.4963320652069523,1
36,230.88600345563984,944.1000061035156,813.793337123128,1757.8933432266435,0.16666666666666666,5,0,0.16666666666666666,1.0,1.0,0,0,1,0,1,6,0,0,0.4394193248955003,0.2384872118070803,529.2442187876711,619.7140331654539,1,13,0,2024-08-01,94.41000061035157,81.37933371231281,175.78933432266436,0.35832743477671214,1
37,131.58000068664532,1040.800006866455,1040.800006866455,2081.60001373291,1.0,0,1,1.0,1.0,1.0,1,1,1,1,1,0,6,0,0.5876523260598394,0.3091659961655767,429.171461868286,719.0200359344484,1,13,0,2024-08-01,104.08000068664552,104.08000068664552,208.16000137329104,5.497739045545669e-10,0
38,593.2219898482723,1010.700008392334,463.86446504895736,1474.5644734412913,1.0,0,1,1.0,1.0,1.0,1,1,1,1,1,6,0,0,0.056917100791055074,0.38585930107244854,953.1738941451473,284.87804677282145,1,13,0,2024-08-01,101.0700008392334,46.38644650489574,147.45644734412915,3.380653162914195e-09,0
39,158.12000236511233,0.0,922.200008392334,922.200008392334,1.0,0,1,1.0,1.0,1.0,1,1,1,1,1,6,0,0,0.0,0.3777054951069352,675.5751415252686,573.8799976348877,1,13,0,2024-08-01,0.0,92.2200008392334,92.2200008392334,7.859384907250364e-09,0
40,927.0600036621094,891.4000091552734,0.0,891.4000091552734,0.0,6,0,0.0,1.0,1.0,0,1,1,0,1,6,0,0,0.0,0.0,1446.0368713378907,0.0,1,13,0,2024-08-01,89.14000091552735,0.0,89.14000091552735,6.847111890930503e-09,1
41,95.18232365231643,855.7133344014485,864.5000038146973,1720.2133382161458,1.0,0,1,1.0,1.0,1.0,1,1,1,1,1,6,0,0,0.16498351501755631,0.38255136055871436,714.5347406445039,533.7843511523711,1,13,0,2024-08-01,85.57133344014485,86.45000038146974,172.02133382161458,0.03962924152855675,0
42,78.70000038146975,787.0000038146973,787.0000038146973,1574.0000076293945,1.0,0,1,1.0,1.0,1.0,1,1,1,1,1,6,0,0,0.21481980458386912,0.3871664583471972,617.9368167877197,482.29999961853025,1,13,0,2024-08-01,78.70000038146974,78.70000038146974,157.40000076293947,0.00995817745120761,0
43,73.2000003814697,732.0000038146973,732.0000038146973,1464.0000076293945,1.0,0,1,1.0,1.0,1.0,1,1,1,1,1,6,0,0,0.13749521788354663,0.30737703663467947,631.3535037994385,507.00001182556156,1,13,0,2024-08-01,73.20000038146974,73.20000038146974,146.40000076293947,0.014937264984749612,0
44,73.52135589548948,577.0000038146973,559.4207199102309,1136.4207237249282,1.0,0,1,1.0,1.0,1.0,1,1,1,1,1,6,0,0,0.0,0.0,691.820306090802,562.6505801396668,1,13,0,2024-08-01,57.70000038146973,55.94207199102309,113.64207237249282,0.003370740246607384,0
45,70.30000114440918,511.00000381469727,511.00000381469727,1022.0000076293945,1.0,0,1,1.0,1.0,1.0,1,1,1,1,1,5,1,0,0.0,0.009255758167903189,603.2471446990967,506.2703113555908,1,13,0,2024-08-01,51.10000038146973,51.10000038146973,102.20000076293945,0.05974905435968136,0
46,62.596194997098124,472.50000381469727,472.50000381469727,945.0000076293945,1.0,0,1,1.0,1.0,1.0,1,1,1,1,1,1,0,5,0.0,0.0,605.3536412861606,529.4595301005581,1,13,0,2024-08-01,47.25000038146973,47.25000038146973,94.50000076293946,0.0049790883106142735,0
47,48.41000061035155,484.1000061035156,484.1000061035156,968.2000122070312,1.0,0,1,1.0,1.0,1.0,1,1,1,1,1,0,0,6,0.0,0.0,513.1976593017578,493.8900482177734,1,13,0,2024-08-01,48.41000061035157,48.41000061035157,96.82000122070313,7.879977624026941e-10,0
0,0.0,0.0,0.0,0.0,1.0,0,1,1.0,1.0,1.0,1,1,1,1,1,0,0,6,0.0,0.0,164.29998779296875,165.39999389648438,0,13,1,2024-08-01,0.0,0.0,0.0,0.0,0
1,0.0,0.0,0.0,0.0,1.0,0,1,1.0,1.0,0.0,1,1,0,1,1,0,0,6,0.0,0.0,164.29998779296875,165.39999389648438,0,13,1,2024-08-01,0.0,0.0,0.0,0.0,0
2,0.0,0.0,0.0,0.0,1.0,0,1,1.0,1.0,0.0,1,1,0,1,1,0,0,6,0.0,0.0,165.39999389648438,165.39999389648438,0,13,1,2024-08-01,0.0,0.0,0.0,0.0,0
3,0.0,0.0,0.0,0.0,1.0,0,1,1.0,1.0,0.0,1,1,0,1,1,0,0,6,0.0,0.0,176.39999389648438,176.39999389648438,0,13,1,2024-08-01,0.0,0.0,0.0,0.0,0
4,0.0,0.0,0.0,0.0,1.0,0,1,1.0,1.0,0.0,1,1,0,1,1,0,0,6,0.0,0.0,176.39999389648438,176.39999389648438,0,13,1,2024-08-01,0.0,0.0,0.0,0.0,0
5,0.0,0.0,0.0,0.0,1.0,0,1,1.0,1.0,0.0,1,1,0,1,1,0,0,6,0.0,0.0,198.89999389648438,198.89999389648438,0,13,1,2024-08-01,0.0,0.0,0.0,0.0,0
6,0.0,0.0,0.0,0.0,1.0,0,1,1.0,1.0,0.0,1,1,0,1,1,0,0,6,0.0,0.0,198.89999389648438,198.89999389648438,0,13,1,2024-08-01,0.0,0.0,0.0,0.0,0
7,0.0,0.0,0.0,0.0,1.0,0,1,1.0,1.0,0.0,1,1,0,1,1,0,0,6,0.0,0.0,148.89999389648438,148.89999389648438,0,13,1,2024-08-01,0.0,0.0,0.0,0.0,0
8,0.0,0.0,0.0,0.0,1.0,0,1,1.0,1.0,0.0,1,1,0,1,1,0,0,6,0.0,0.0,148.89999389648438,148.89999389648438,0,13,1,2024-08-01,0.0,0.0,0.0,0.0,0
9,0.0,0.0,0.0,0.0,1.0,0,1,1.0,1.0,0.0,1,1,0,1,1,0,0,6,0.0,0.0,148.89999389648438,148.89999389648438,0,13,1,2024-08-01,0.0,0.0,0.0,0.0,0
10,0.0,0.0,0.0,0.0,1.0,0,1,1.0,1.0,0.0,1,1,0,1,1,0,0,6,0.0,0.0,148.89999389648438,148.89999389648438,0,13,1,2024-08-01,0.0,0.0,0.0,0.0,0
11,0.0,0.0,0.0,0.0,1.0,0,1,1.0,1.0,0.0,1,1,0,1,1,0,0,6,0.0,0.0,148.89999389648438,148.89999389648438,0,13,1,2024-08-01,0.0,0.0,0.0,0.0,0
12,0.0,0.0,0.0,0.0,1.0,0,1,1.0,1.0,0.0,1,1,0,1,1,0,0,6,0.0,0.0,198.89999389648438,196.89999389648438,0,13,1,2024-08-01,0.0,0.0,0.0,0.0,0
13,0.0,0.0,0.0,0.0,1.0,0,1,1.0,1.0,0.0,1,1,0,1,1,0,0,6,0.0,0.0,261.29998779296875,285.29998779296875,0,13,1,2024-08-01,0.0,0.0,0.0,0.0,0
14,0.0,0.0,0.0,0.0,1.0,0,1,1.0,1.0,0.0,1,1,0,1,1,0,0,6,0.0,0.0,265.1000061035156,304.6000061035156,0,13,1,2024-08-01,0.0,0.0,0.0,0.0,0
15,0.0,0.0,0.0,0.0,1.0,0,1,1.0,1.0,0.0,1,1,0,1,1,0,0,6,0.0,0.0,361.79998779296875,400.29998779296875,0,13,1,2024-08-01,0.0,0.0,0.0,0.0,0
16,0.0,0.0,0.0,0.0,1.0,0,1,1.0,1.0,0.0,1,1,0,1,1,0,0,6,0.0,0.0,439.5,452.0,0,13,1,2024-08-01,0.0,0.0,0.0,0.0,0
17,0.0,0.0,0.0,0.0,1.0,0,1,1.0,1.0,0.0,1,1,0,1,1,0,0,6,0.0,0.0,559.9000244140625,572.4000244140625,0,13,1,2024-08-01,0.0,0.0,0.0,0.0,0
18,41.32000045776364,284.00000381469727,303.2000045776367,587.200008392334,1.0,0,1,1.0,1.0,1.0,1,1,1,1,1,6,0,0,0.0,0.0,655.8124931335449,586.4094917297364,1,13,1,2024-08-01,28.400000381469727,30.320000457763673,58.7200008392334,0.032108559569661736,0
19,36.041425100823,408.2000045776367,408.2000045776367,816.4000091552734,1.0,0,1,1.0,1.0,1.0,1,1,1,1,1,6,0,0,0.0,0.0,732.1856511750417,675.0995661101146,1,13,1,2024-08-01,40.820000457763676,40.820000457763676,81.64000091552735,0.008298480804915244,0
20,31.99227210225591,535.1000061035156,535.1000061035156,1070.2000122070312,1.0,0,1,1.0,1.0,1.0,1,1,1,1,1,0,0,6,0.0,0.0,777.5327384108497,737.3324959641503,1,13,1,2024-08-01,53.51000061035157,53.51000061035157,107.02000122070314,6.343824133177961e-10,0
21,47.543323060875316,586.0500061035157,601.1000061035156,1187.1500122070313,1.0,0,1,1.0,1.0,1.0,1,1,1,1,1,5,0,1,0.0,0.0,831.2029910296253,760.7663082867809,1,13,1,2024-08-01,58.60500061035157,60.11000061035156,118.71500122070313,0.04915965887241424,0
22,68.28386863584784,563.4500076293946,578.5000076293945,1141.950015258789,1.0,0,1,1.0,1.0,1.0,1,1,1,1,1,6,0,0,0.0,0.0,839.4863832842854,738.6161557782146,1,13,1,2024-08-01,56.34500076293946,57.85000076293946,114.19500152587892,0.018016046436759758,0
23,-21.492823499714575,250.0,608.700008392334,858.700008392334,1.0,0,1,1.0,1.0,1.0,1,1,1,1,1,5,0,1,0.0,0.0,777.3334704455979,851.9673718395584,1,13,1,2024-08-01,25.0,60.8700008392334,85.8700008392334,0.037689611843164675,0
24,65.82000083923339,658.200008392334,658.200008392334,1316.400016784668,1.0,0,1,1.0,1.0,1.0,1,1,1,1,1,6,0,0,0.0,0.0,835.9745418548584,775.6289127349853,1,13,1,2024-08-01,65.8200008392334,65.8200008392334,131.6400016784668,0.041492399567397954,0
25,37.2858175377095,735.700008392334,735.700008392334,1471.400016784668,1.0,0,1,1.0,1.0,1.0,1,1,1,1,1,6,0,0,0.0,0.0,753.1854147056782,783.2141824622905,1,13,1,2024-08-01,73.5700008392334,73.5700008392334,147.1400016784668,0.12281750013343141,0
26,83.57000083923327,835.700008392334,835.700008392334,1671.400016784668,1.0,0,1,1.0,1.0,1.0,1,1,1,1,1,6,0,0,0.08722549968026085,0.11818835495954416,762.8056575775145,736.9299991607668,1,13,1,2024-08-01,83.5700008392334,83.5700008392334,167.1400016784668,0.13941445912247563,0
27,0.0,0.0,0.0,0.0,1.0,0,1,1.0,1.0,0.0,1,1,0,1,1,0,0,6,0.0,0.0,657.9805297851562,861.6000366210938,0,13,1,2024-08-01,0.0,0.0,0.0,0.0,0
28,104.83000126491089,0.0,1048.3000104624905,1048.3000104624905,1.0,0,1,1.0,1.0,1.0,1,1,1,1,1,0,0,6,0.0,0.2671277041986898,779.2238000930358,768.2700353561829,1,13,1,2024-08-01,0.0,104.83000104624905,104.83000104624905,5.40058944082381e-10,0
29,151.23721568931654,1048.3000106811523,1048.3000106811523,2096.6000213623047,1.0,0,1,1.0,1.0,1.0,1,1,1,1,1,6,0,0,0.23452217560439512,0.3219853314235377,802.4504114900978,710.7627843106834,1,13,1,2024-08-01,104.83000106811524,104.83000106811524,209.66000213623047,1.2184254943422121e-09,0
30,164.24384023877218,1064.4333432515461,1067.600009918213,2132.033353169759,1.0,0,1,1.0,1.0,1.0,1,1,1,1,1,6,0,0,0.20337710623445088,0.320666773114035,847.9519701215847,725.2561597612278,1,13,1,2024-08-01,106.44333432515462,106.7600009918213,213.20333531697588,2.2464720930831933e-09,0
31,186.50143905794783,1111.600009918213,1111.5999832424695,2223.1999931606824,1.0,0,1,1.0,1.0,1.0,1,1,1,1,1,6,0,0,0.1532836211282974,0.3053268749323087,941.2099351516979,772.1986341842396,1,13,1,2024-08-01,111.16000099182129,111.15999832424696,222.31999931606825,2.1283627087331176e-09,0
32,225.5816375585725,1119.9000091552734,1119.9000091552734,2239.800018310547,0.6666666666666666,2,0,0.6666666666666666,1.0,1.0,0,0,1,0,1,6,0,0,0.23755200902770654,0.34296058409208796,853.8655120702913,735.8184478906462,1,13,1,2024-08-01,111.99000091552735,111.99000091552735,223.9800018310547,0.17260838284608881,1
33,110.34000089407598,0.0,1103.4000091552734,1103.4000091552734,1.0,0,1,1.0,1.0,1.0,1,1,1,1,1,0,6,0,0.0,0.2530723289218806,589.8934371733728,824.159999105924,1,13,1,2024-08-01,0.0,110.34000091552736,110.34000091552736,2.7852176419155454e-09,0
34,160.07000160217277,0.0,1078.700008392334,1078.700008392334,1.0,0,1,1.0,1.0,1.0,1,1,1,1,1,0,6,0,0.0,0.33871324996555996,579.2668094635009,713.3300228118898,1,13,1,2024-08-01,0.0,107.8700008392334,107.8700008392334,5.304575821993934e-09,0
35,281.85319635310356,951.700008392334,951.700008392334,1903.400016784668,0.0,6,0,0.0,1.0,1.0,0,0,1,0,1,6,0,0,0.27473648555007163,0.37843141447457423,690.2332927886505,591.5468280609589,1,13,1,2024-08-01,95.17000083923341,95.17000083923341,190.34000167846682,0.4963320652069523,1
36,230.88600345563984,944.1000061035156,813.793337123128,1757.8933432266435,0.16666666666666666,5,0,0.16666666666666666,1.0,1.0,0,0,1,0,1,6,0,0,0.43287289875729984,0.28137289771426083,535.4246997447024,584.8139477162351,1,13,1,2024-08-01,94.41000061035157,81.37933371231281,175.78933432266436,0.35832743477671214,1
37,131.58000068664532,1040.800006866455,1040.800006866455,2081.60001373291,1.0,0,1,1.0,1.0,1.0,1,1,1,1,1,0,6,0,0.5827068833591117,0.33212918341725145,434.318678665161,695.1199504852297,1,13,1,2024-08-01,104.08000068664552,104.08000068664552,208.16000137329104,5.497739045545669e-10,0
38,593.2219898482723,1010.700008392334,463.86446504895736,1474.5644734412913,1.0,0,1,1.0,1.0,1.0,1,1,1,1,1,6,0,0,0.06465709770057285,0.5557366138771883,945.351079203741,206.07799794469645,1,13,1,2024-08-01,101.0700008392334,46.38644650489574,147.45644734412915,3.380653162914195e-09,0
39,158.12000236511233,0.0,922.200008392334,922.200008392334,1.0,0,1,1.0,1.0,1.0,1,1,1,1,1,6,0,0,0.0,0.3678377478305523,730.2535472869873,582.9800342559814,1,13,1,2024-08-01,0.0,92.2200008392334,92.2200008392334,7.859384907250364e-09,0
40,927.0600036621094,891.4000091552734,0.0,891.4000091552734,0.0,6,0,0.0,1.0,1.0,0,1,1,0,1,6,0,0,0.0,0.0,1499.617010498047,0.0,1,13,1,2024-08-01,89.14000091552735,0.0,89.14000091552735,6.847111890930503e-09,1
41,95.18232365231643,855.7133344014485,864.5000038146973,1720.2133382161458,1.0,0,1,1.0,1.0,1.0,1,1,1,1,1,6,0,0,0.12297462096903043,0.3658172081690651,750.4823114452852,548.2510259570586,1,13,1,2024-08-01,85.57133344014485,86.45000038146974,172.02133382161458,0.03962924152855675,0
42,78.70000038146975,787.0000038146973,787.0000038146973,1574.0000076293945,1.0,0,1,1.0,1.0,1.0,1,1,1,1,1,6,0,0,0.13087676637992823,0.3308767663799283,683.9999881744385,526.599987411499,1,13,1,2024-08-01,78.70000038146974,78.70000038146974,157.40000076293947,0.00995817745120761,0
43,73.2000003814697,732.0000038146973,732.0000038146973,1464.0000076293945,1.0,0,1,1.0,1.0,1.0,1,1,1,1,1,6,0,0,0.07308745267957958,0.2730874526795797,678.4999881744385,532.099987411499,1,13,1,2024-08-01,73.20000038146974,73.20000038146974,146.40000076293947,0.014937264984749612,0
44,73.52135589548948,577.0000038146973,559.4207199102309,1136.4207237249282,1.0,0,1,1.0,1.0,1.0,1,1,1,1,1,6,0,0,0.0,0.0,759.621331481427,596.682135315448,1,13,1,2024-08-01,57.70000038146973,55.94207199102309,113.64207237249282,0.003370740246607384,0
45,70.30000114440918,511.00000381469727,511.00000381469727,1022.0000076293945,1.0,0,1,1.0,1.0,1.0,1,1,1,1,1,5,1,0,0.0,0.0,756.4999523162842,599.9922351837158,1,13,1,2024-08-01,51.10000038146973,51.10000038146973,102.20000076293945,0.05974905435968136,0
46,62.596194997098124,472.50000381469727,472.50000381469727,945.0000076293945,1.0,0,1,1.0,1.0,1.0,1,1,1,1,1,1,0,5,0.0,0.0,649.7789952900669,535.2038538310269,1,13,1,2024-08-01,47.25000038146973,47.25000038146973,94.50000076293946,0.0049790883106142735,0
47,48.41000061035155,484.1000061035156,484.1000061035156,968.2000122070312,1.0,0,1,1.0,1.0,1.0,1,1,1,1,1,0,0,6,0.0,0.0,608.843228149414,521.8899871826172,1,13,1,2024-08-01,48.41000061035157,48.41000061035157,96.82000122070313,7.879977624026941e-10,0
0,0.0,0.0,0.0,0.0,1.0,0,1,1.0,1.0,1.0,1,1,1,1,1,0,0,6,0.0,0.0,165.5,165.5,0,13,2,2024-08-01,0.0,0.0,0.0,0.0,0
1,0.0,0.0,0.0,0.0,1.0,0,1,1.0,1.0,0.3333333333333333,1,1,0,1,1,0,0,6,0.0,0.0,165.5,165.5,0,13,2,2024-08-01,0.0,0.0,0.0,0.0,0
2,0.0,0.0,0.0,0.0,1.0,0,1,1.0,1.0,0.3333333333333333,1,1,0,1,1,0,0,6,0.0,0.0,127.0,127.0,0,13,2,2024-08-01,0.0,0.0,0.0,0.0,0
3,0.0,0.0,0.0,0.0,1.0,0,1,1.0,1.0,1.0,1,1,1,1,1,0,0,6,0.0,0.0,127.0,127.0,0,13,2,2024-08-01,0.0,0.0,0.0,0.0,0
4,0.0,0.0,0.0,0.0,1.0,0,1,1.0,1.0,1.0,1,1,1,1,1,0,0,6,0.0,0.0,149.0,149.0,0,13,2,2024-08-01,0.0,0.0,0.0,0.0,0
5,0.0,0.0,0.0,0.0,1.0,0,1,1.0,1.0,0.6666666666666666,1,1,0,1,1,0,0,6,0.0,0.0,149.0,149.0,0,13,2,2024-08-01,0.0,0.0,0.0,0.0,0
6,0.0,0.0,0.0,0.0,1.0,0,1,1.0,1.0,0.0,1,1,0,1,1,0,0,6,0.0,0.0,126.5,126.5,0,13,2,2024-08-01,0.0,0.0,0.0,0.0,0
7,0.0,0.0,0.0,0.0,1.0,0,1,1.0,1.0,1.0,1,1,1,1,1,0,0,6,0.0,0.0,115.5,115.5,0,13,2,2024-08-01,0.0,0.0,0.0,0.0,0
8,0.0,0.0,0.0,0.0,1.0,0,1,1.0,1.0,1.0,1,1,1,1,1,0,0,6,0.0,0.0,115.5,115.5,0,13,2,2024-08-01,0.0,0.0,0.0,0.0,0
9,0.0,0.0,0.0,0.0,1.0,0,1,1.0,1.0,1.0,1,1,1,1,1,0,0,6,0.0,0.0,115.5,115.5,0,13,2,2024-08-01,0.0,0.0,0.0,0.0,0
10,0.0,0.0,0.0,0.0,1.0,0,1,1.0,1.0,1.0,1,1,1,1,1,0,0,6,0.0,0.0,115.5,115.5,0,13,2,2024-08-01,0.0,0.0,0.0,0.0,0
11,0.0,0.0,0.0,0.0,1.0,0,1,1.0,1.0,1.0,1,1,1,1,1,0,0,6,0.0,0.0,115.5,115.5,0,13,2,2024-08-01,0.0,0.0,0.0,0.0,0
12,0.0,0.0,0.0,0.0,1.0,0,1,1.0,1.0,0.0,1,1,0,1,1,0,0,6,0.0,0.0,160.1999969482422,173.1999969482422,0,13,2,2024-08-01,0.0,0.0,0.0,0.0,0
13,0.0,0.0,0.0,0.0,1.0,0,1,1.0,1.0,0.0,1,1,0,1,1,0,0,6,0.0,0.0,164.89999389648438,164.89999389648438,0,13,2,2024-08-01,0.0,0.0,0.0,0.0,0
14,0.0,0.0,0.0,0.0,1.0,0,1,1.0,1.0,0.0,1,1,0,1,1,0,0,6,0.0,0.0,175.89999389648438,175.89999389648438,0,13,2,2024-08-01,0.0,0.0,0.0,0.0,0
15,0.0,0.0,0.0,0.0,1.0,0,1,1.0,1.0,0.0,1,1,0,1,1,0,0,6,0.0,0.0,311.70001220703125,319.3999938964844,0,13,2,2024-08-01,0.0,0.0,0.0,0.0,0
16,0.0,0.0,0.0,0.0,1.0,0,1,1.0,1.0,0.0,1,1,0,1,1,0,0,6,0.0,0.0,372.10003662109375,379.8000183105469,0,13,2,2024-08-01,0.0,0.0,0.0,0.0,0
17,0.0,0.0,0.0,0.0,1.0,0,1,1.0,1.0,0.0,1,1,0,1,1,0,0,6,0.0,0.0,531.4000244140625,545.1000366210938,0,13,2,2024-08-01,0.0,0.0,0.0,0.0,0
18,41.32000045776364,284.00000381469727,303.2000045776367,587.200008392334,1.0,0,1,1.0,1.0,1.0,1,1,1,1,1,6,0,0,0.0,0.0,679.1691215515136,619.0800239562989,1,13,2,2024-08-01,28.400000381469727,30.320000457763673,58.7200008392334,0.032108559569661736,0
19,36.041425100823,408.2000045776367,408.2000045776367,816.4000091552734,1.0,0,1,1.0,1.0,1.0,1,1,1,1,1,6,0,0,0.0,0.0,710.6706975617604,665.4586359343333,1,13,2,2024-08-01,40.820000457763676,40.820000457763676,81.64000091552735,0.008298480804915244,0
20,31.99227210225591,535.1000061035156,535.1000061035156,1070.2000122070312,1.0,0,1,1.0,1.0,1.0,1,1,1,1,1,0,0,6,0.0,0.0,749.6324088210059,743.7078011399316,1,13,2,2024-08-01,53.51000061035157,53.51000061035157,107.02000122070314,6.343824133177961e-10,0
21,47.543323060875316,586.0500061035157,601.1000061035156,1187.1500122070313,1.0,0,1,1.0,1.0,1.0,1,1,1,1,1,5,0,1,0.0,0.0,745.5177493304066,728.1567501813122,1,13,2,2024-08-01,58.60500061035157,60.11000061035156,118.71500122070313,0.04915965887241424,0
22,68.28386863584784,563.4500076293946,578.5000076293945,1141.950015258789,1.0,0,1,1.0,1.0,1.0,1,1,1,1,1,6,0,0,0.0,0.0,726.1156557452229,699.7161923993084,1,13,2,2024-08-01,56.34500076293946,57.85000076293946,114.19500152587892,0.018016046436759758,0
23,-21.492823499714575,250.0,608.700008392334,858.700008392334,1.0,0,1,1.0,1.0,1.0,1,1,1,1,1,5,0,1,0.0,0.0,619.9040881213791,800.3929089489334,1,13,2,2024-08-01,25.0,60.8700008392334,85.8700008392334,0.037689611843164675,0
24,65.82000083923339,658.200008392334,658.200008392334,1316.400016784668,1.0,0,1,1.0,1.0,1.0,1,1,1,1,1,6,0,0,0.009574418828241902,0.0,651.8981258392334,738.2800357818603,1,13,2,2024-08-01,65.8200008392334,65.8200008392334,131.6400016784668,0.041492399567397954,0
25,37.2858175377095,735.700008392334,735.700008392334,1471.400016784668,1.0,0,1,1.0,1.0,1.0,1,1,1,1,1,6,0,0,0.1359933371099096,0.0,635.649709139272,777.8142190833843,1,13,2,2024-08-01,73.5700008392334,73.5700008392334,147.1400016784668,0.12281750013343141,0
26,83.57000083923327,835.700008392334,835.700008392334,1671.400016784668,1.0,0,1,1.0,1.0,1.0,1,1,1,1,1,6,0,0,0.21441123914151614,0.0021179959480582405,656.5165340423582,833.9299991607668,1,13,2,2024-08-01,83.5700008392334,83.5700008392334,167.1400016784668,0.13941445912247563,0
27,0.0,0.0,0.0,0.0,1.0,0,1,1.0,1.0,0.0,1,1,0,1,1,0,0,6,0.0,0.0,587.2289428710938,1045.0,0,13,2,2024-08-01,0.0,0.0,0.0,0.0,0
28,104.83000126491089,0.0,1048.3000104624905,1048.3000104624905,1.0,0,1,1.0,1.0,1.0,1,1,1,1,1,0,0,6,0.0,0.0902699711751909,712.2465051711608,953.6699987350892,1,13,2,2024-08-01,0.0,104.83000104624905,104.83000104624905,5.40058944082381e-10,0
29,151.23721568931654,1048.3000106811523,1048.3000106811523,2096.6000213623047,1.0,0,1,1.0,1.0,1.0,1,1,1,1,1,6,0,0,0.2854112773451976,0.160771939953486,749.1033655916603,879.7627843106834,1,13,2,2024-08-01,104.83000106811524,104.83000106811524,209.66000213623047,1.2184254943422121e-09,0
30,164.24384023877218,1064.4333432515461,1067.600009918213,2132.033353169759,1.0,0,1,1.0,1.0,1.0,1,1,1,1,1,6,0,0,0.2836991837986719,0.21126245713142947,762.454472562991,842.0562085893528,1,13,2,2024-08-01,106.44333432515462,106.7600009918213,213.20333531697588,2.2464720930831933e-09,0
31,186.50143905794783,1111.600009918213,1111.5999832424695,2223.1999931606824,1.0,0,1,1.0,1.0,1.0,1,1,1,1,1,6,0,0,0.23927735660340274,0.25512902714623054,845.6192979446666,827.9985609420521,1,13,2,2024-08-01,111.16000099182129,111.15999832424696,222.31999931606825,2.1283627087331176e-09,0
32,225.5816375585725,1119.9000091552734,1119.9000091552734,2239.800018310547,0.6666666666666666,2,0,0.6666666666666666,1.0,1.0,0,0,1,0,1,6,0,0,0.30760084573614255,0.30286775168576113,775.4178191991975,780.7184112695525,1,13,2,2024-08-01,111.99000091552735,111.99000091552735,223.9800018310547,0.17260838284608881,1
33,110.34000089407598,0.0,1103.4000091552734,1103.4000091552734,1.0,0,1,1.0,1.0,1.0,1,1,1,1,1,0,6,0,0.0,0.169391548373288,623.7878158354822,916.4933731293615,1,13,2,2024-08-01,0.0,110.34000091552736,110.34000091552736,2.7852176419155454e-09,0
34,160.07000160217277,0.0,1078.700008392334,1078.700008392334,1.0,0,1,1.0,1.0,1.0,1,1,1,1,1,0,6,0,0.0,0.3230462208725966,535.541009902954,730.2300472259523,1,13,2,2024-08-01,0.0,107.8700008392334,107.8700008392334,5.304575821993934e-09,0
35,281.85319635310356,951.700008392334,951.700008392334,1903.400016784668,0.0,6,0,0.0,1.0,1.0,0,0,1,0,1,6,0,0,0.35361786673197093,0.372126906807147,615.161881655838,597.5468280609589,1,13,2,2024-08-01,95.17000083923341,95.17000083923341,190.34000167846682,0.4963320652069523,1
36,230.88600345563984,944.1000061035156,813.793337123128,1757.8933432266435,0.16666666666666666,5,0,0.16666666666666666,1.0,1.0,0,0,1,0,1,6,0,0,0.3653899711941861,0.1559110243324616,599.1353320689211,686.9139843373289,1,13,2,2024-08-01,94.41000061035157,81.37933371231281,175.78933432266436,0.35832743477671214,1
37,131.58000068664532,1040.800006866455,1040.800006866455,2081.60001373291,1.0,0,1,1.0,1.0,1.0,1,1,1,1,1,0,6,0,0.5666356899665221,0.24402381001485338,451.04557685852035,786.8200237274172,1,13,2,2024-08-01,104.08000068664552,104.08000068664552,208.16000137329104,5.497739045545669e-10,0
38,593.2219898482723,1010.700008392334,463.86446504895736,1474.5644734412913,1.0,0,1,1.0,1.0,1.0,1,1,1,1,1,6,0,0,0.0999605938915352,0.38176335598058697,909.6698353072567,286.7780101517277,1,13,2,2024-08-01,101.0700008392334,46.38644650489574,147.45644734412915,3.380653162914195e-09,0
39,158.12000236511233,0.0,922.200008392334,922.200008392334,1.0,0,1,1.0,1.0,1.0,1,1,1,1,1,6,0,0,0.0,0.32207759621160115,741.5665966033936,625.1800464630127,1,13,2,2024-08-01,0.0,92.2200008392334,92.2200008392334,7.859384907250364e-09,0
40,927.0600036621094,891.4000091552734,0.0,891.4000091552734,0.6666666666666666,2,0,0.6666666666666666,1.0,1.0,0,1,1,0,1,6,0,0,0.0,0.0,1582.2023376464845,0.0,1,13,2,2024-08-01,89.14000091552735,0.0,89.14000091552735,6.847111890930503e-09,1
41,95.18232365231643,855.7133344014485,864.5000038146973,1720.2133382161458,1.0,0,1,1.0,1.0,1.0,1,1,1,1,1,6,0,0,0.021421891894349083,0.2912726317240347,837.3823358593477,612.6948125781523,1,13,2,2024-08-01,85.57133344014485,86.45000038146974,172.02133382161458,0.03962924152855675,0
42,78.70000038146975,787.0000038146973,787.0000038146973,1574.0000076293945,1.0,0,1,1.0,1.0,1.0,1,1,1,1,1,6,0,0,0.0,0.1995754881786095,811.7336917877197,629.9340938568115,1,13,2,2024-08-01,78.70000038146974,78.70000038146974,157.40000076293947,0.00995817745120761,0
43,73.2000003814697,732.0000038146973,732.0000038146973,1464.0000076293945,1.0,0,1,1.0,1.0,1.0,1,1,1,1,1,6,0,0,0.008334572024243371,0.18752875464846527,725.8990970611572,594.7289546966553,1,13,2,2024-08-01,73.20000038146974,73.20000038146974,146.40000076293947,0.014937264984749612,0
44,73.52135589548948,577.0000038146973,559.4207199102309,1136.4207237249282,1.0,0,1,1.0,1.0,1.0,1,1,1,1,1,6,0,0,0.0,0.0,700.0652401728332,584.5651309209168,1,13,2,2024-08-01,57.70000038146973,55.94207199102309,113.64207237249282,0.003370740246607384,0
45,70.30000114440918,511.00000381469727,511.00000381469727,1022.0000076293945,1.0,0,1,1.0,1.0,1.0,1,1,1,1,1,5,1,0,0.0,0.0,598.0828380584717,549.2152576446533,1,13,2,2024-08-01,51.10000038146973,51.10000038146973,102.20000076293945,0.05974905435968136,0
46,62.596194997098124,472.50000381469727,472.50000381469727,945.0000076293945,1.0,0,1,1.0,1.0,1.0,1,1,1,1,1,1,0,5,0.0,0.0,489.6264684345981,486.58306525680814,1,13,2,2024-08-01,47.25000038146973,47.25000038146973,94.50000076293946,0.0049790883106142735,0
47,48.41000061035155,484.1000061035156,484.1000061035156,968.2000122070312,1.0,0,1,1.0,1.0,1.0,1,1,1,1,1,0,0,6,0.02341425692219793,0.0,472.7651641845703,488.1501190185547,1,13,2,2024-08-01,48.41000061035157,48.41000061035157,96.82000122070313,7.879977624026941e-10,0
0,0.0,0.0,0.0,0.0,1.0,0,1,1.0,1.0,0.3333333333333333,1,1,0,1,1,0,0,6,0.0,0.0,369.8999938964844,396.70001220703125,0,14,0,2024-08-01,0.0,0.0,0.0,0.0,0
1,0.0,0.0,0.0,0.0,1.0,0,1,1.0,1.0,0.0,1,1,0,1,1,0,0,6,0.0,0.0,369.8999938964844,396.70001220703125,0,14,0,2024-08-01,0.0,0.0,0.0,0.0,0
2,0.0,0.0,0.0,0.0,1.0,0,1,1.0,1.0,0.3333333333333333,1,1,0,1,1,0,0,6,0.0,0.0,304.0,330.79998779296875,0,14,0,2024-08-01,0.0,0.0,0.0,0.0,0
3,0.0,0.0,0.0,0.0,1.0,0,1,1.0,1.0,1.0,1,1,1,1,1,0,0,6,0.0,0.0,304.0,330.79998779296875,0,14,0,2024-08-01,0.0,0.0,0.0,0.0,0
4,0.0,0.0,0.0,0.0,1.0,0,1,1.0,1.0,0.16666666666666666,1,1,0,1,1,0,0,6,0.0,0.0,304.0,330.79998779296875,0,14,0,2024-08-01,0.0,0.0,0.0,0.0,0
5,0.0,0.0,0.0,0.0,1.0,0,1,1.0,1.0,0.0,1,1,0,1,1,0,0,6,0.0,0.0,257.29998779296875,284.1000061035156,0,14,0,2024-08-01,0.0,0.0,0.0,0.0,0
6,0.0,0.0,0.0,0.0,1.0,0,1,1.0,1.0,0.3333333333333333,1,1,0,1,1,0,0,6,0.0,0.0,218.8000030517578,245.59999084472656,0,14,0,2024-08-01,0.0,0.0,0.0,0.0,0
7,0.0,0.0,0.0,0.0,1.0,0,1,1.0,1.0,1.0,1,1,1,1,1,0,0,6,0.0,0.0,218.8000030517578,245.59999084472656,0,14,0,2024-08-01,0.0,0.0,0.0,0.0,0
8,0.0,0.0,0.0,0.0,1.0,0,1,1.0,1.0,0.3333333333333333,1,1,0,1,1,0,0,6,0.0,0.0,218.8000030517578,245.59999084472656,0,14,0,2024-08-01,0.0,0.0,0.0,0.0,0
9,0.0,0.0,0.0,0.0,1.0,0,1,1.0,1.0,0.0,1,1,0,1,1,0,0,6,0.0,0.0,194.79998779296875,195.59999084472656,0,14,0,2024-08-01,0.0,0.0,0.0,0.0,0
10,0.0,0.0,0.0,0.0,1.0,0,1,1.0,1.0,0.0,1,1,0,1,1,0,0,6,0.0,0.0,184.59999084472656,184.59999084472656,0,14,0,2024-08-01,0.0,0.0,0.0,0.0,0
11,0.0,0.0,0.0,0.0,1.0,0,1,1.0,1.0,0.0,1,1,0,1,1,0,0,6,0.0,0.0,184.59999084472656,184.59999084472656,0,14,0,2024-08-01,0.0,0.0,0.0,0.0,0
12,0.0,0.0,0.0,0.0,1.0,0,1,1.0,1.0,0.0,1,1,0,1,1,0,0,6,0.0,0.0,195.59999084472656,195.59999084472656,0,14,0,2024-08-01,0.0,0.0,0.0,0.0,0
13,0.0,0.0,0.0,0.0,1.0,0,1,1.0,1.0,0.0,1,1,0,1,1,0,0,6,0.0,0.0,232.79998779296875,242.29998779296875,0,14,0,2024-08-01,0.0,0.0,0.0,0.0,0
14,0.0,0.0,0.0,0.0,1.0,0,1,1.0,1.0,0.0,1,1,0,1,1,0,0,6,0.0,0.0,232.79998779296875,242.29998779296875,0,14,0,2024-08-01,0.0,0.0,0.0,0.0,0
15,0.0,0.0,0.0,0.0,1.0,0,1,1.0,1.0,0.0,1,1,0,1,1,0,0,6,0.0,0.0,294.79998779296875,305.79998779296875,0,14,0,2024-08-01,0.0,0.0,0.0,0.0,0
16,0.0,0.0,0.0,0.0,1.0,0,1,1.0,1.0,0.0,1,1,0,1,1,0,0,6,0.0,0.0,325.0,336.0,0,14,0,2024-08-01,0.0,0.0,0.0,0.0,0
17,0.0,0.0,0.0,0.0,1.0,0,1,1.0,1.0,0.0,1,1,0,1,1,0,0,6,0.0,0.0,486.6000061035156,482.1000061035156,0,14,0,2024-08-01,0.0,0.0,0.0,0.0,0
18,41.32000045776364,284.00000381469727,303.2000045776367,587.200008392334,1.0,0,1,1.0,1.0,1.0,1,1,1,1,1,0,0,6,0.0,0.0,578.5200126647949,506.4800483703614,1,14,0,2024-08-01,28.400000381469727,30.320000457763673,58.7200008392334,1.2992837380059546e-09,0
19,36.041425100823,408.2000045776367,408.2000045776367,816.4000091552734,1.0,0,1,1.0,1.0,1.0,1,1,1,1,1,6,0,0,0.0,0.0,603.4504216828542,570.0586115202708,1,14,0,2024-08-01,40.820000457763676,40.820000457763676,81.64000091552735,1.5962953965312201e-09,0
20,31.99227210225591,535.1000061035156,535.1000061035156,1070.2000122070312,1.0,0,1,1.0,1.0,1.0,1,1,1,1,1,0,0,6,0.0,0.0,607.5926749342872,582.4077523118066,1,14,0,2024-08-01,53.51000061035157,53.51000061035157,107.02000122070314,6.343824133177961e-10,0
21,47.543323060875316,586.0500061035157,601.1000061035156,1187.1500122070313,1.0,0,1,1.0,1.0,1.0,1,1,1,1,1,4,0,2,0.0,0.011384595353152352,646.7327151507191,594.2567257672497,1,14,0,2024-08-01,58.60500061035157,60.11000061035156,118.71500122070313,0.07404919144308697,0
22,68.28386863584784,563.4500076293946,578.5000076293945,1141.950015258789,1.0,0,1,1.0,1.0,1.0,1,1,1,1,1,6,0,0,0.0,0.0,666.7277773272541,590.0161191571209,1,14,0,2024-08-01,56.34500076293946,57.85000076293946,114.19500152587892,0.034949903656023504,0
23,-21.492823499714575,250.0,608.700008392334,858.700008392334,1.0,0,1,1.0,1.0,1.0,1,1,1,1,1,4,0,2,0.0,0.0,640.8889514026291,745.6928357067459,1,14,0,2024-08-01,25.0,60.8700008392334,85.8700008392334,0.03639222085263839,0
24,65.82000083923339,658.200008392334,658.200008392334,1316.400016784668,1.0,0,1,1.0,1.0,1.0,1,1,1,1,1,6,0,0,0.0,0.0,772.355035018921,724.2800357818603,1,14,0,2024-08-01,65.8200008392334,65.8200008392334,131.6400016784668,0.02083333384045275,0
25,37.2858175377095,735.700008392334,735.700008392334,1471.400016784668,1.0,0,1,1.0,1.0,1.0,1,1,1,1,1,6,0,0,0.0,0.0,869.5551656822407,888.0142312904155,1,14,0,2024-08-01,73.5700008392334,73.5700008392334,147.1400016784668,9.141515084664664e-10,0
26,83.57000083923327,835.700008392334,835.700008392334,1671.400016784668,1.0,0,1,1.0,1.0,1.0,1,1,1,1,1,6,0,0,0.0,0.0,984.2479793548582,910.9299991607668,1,14,0,2024-08-01,83.5700008392334,83.5700008392334,167.1400016784668,6.847008753975718e-10,0
27,0.0,0.0,0.0,0.0,1.0,0,1,1.0,1.0,0.0,1,1,0,1,1,0,0,6,0.0,0.0,912.884521484375,1002.800048828125,0,14,0,2024-08-01,0.0,0.0,0.0,0.0,0
28,104.83000126491089,0.0,1048.3000104624905,1048.3000104624905,1.0,0,1,1.0,1.0,1.0,1,1,1,1,1,0,0,6,0.0,0.11974628912393342,1040.4512170852233,922.7699743210267,1,14,0,2024-08-01,0.0,104.83000104624905,104.83000104624905,5.40058944082381e-10,0
29,151.23721568931654,1048.3000106811523,1048.3000106811523,2096.6000213623047,1.0,0,1,1.0,1.0,1.0,1,1,1,1,1,6,0,0,0.0,0.14569987216073776,1110.959261587754,895.5628331388084,1,14,0,2024-08-01,104.83000106811524,104.83000106811524,209.66000213623047,1.2184254943422121e-09,0
30,164.24384023877218,1064.4333432515461,1067.600009918213,2132.033353169759,1.0,0,1,1.0,1.0,1.0,1,1,1,1,1,6,0,0,0.0,0.15524903805850002,1143.8884325239285,901.8561353471653,1,14,0,2024-08-01,106.44333432515462,106.7600009918213,213.20333531697588,2.2464720930831933e-09,0
31,186.50143905794783,1111.600009918213,1111.5999832424695,2223.1999931606824,1.0,0,1,1.0,1.0,1.0,1,1,1,1,1,6,0,0,0.0,0.2087094730226118,1175.7391099563854,879.5985365279896,1,14,0,2024-08-01,111.16000099182129,111.15999832424696,222.31999931606825,2.1283627087331176e-09,0
32,225.5816375585725,1119.9000091552734,1119.9000091552734,2239.800018310547,1.0,0,1,1.0,1.0,1.0,1,1,1,1,1,6,0,0,0.0,0.2441125715626316,1241.6273528906038,846.518338027365,1,14,0,2024-08-01,111.99000091552735,111.99000091552735,223.9800018310547,1.3559639744317964e-09,0
33,110.34000089407598,0.0,1103.4000091552734,1103.4000091552734,1.0,0,1,1.0,1.0,1.0,1,1,1,1,1,0,6,0,0.0,0.17059997144051114,1087.001377847201,915.159999105924,1,14,0,2024-08-01,0.0,110.34000091552736,110.34000091552736,2.7852176419155454e-09,0
34,160.07000160217277,0.0,1078.700008392334,1078.700008392334,1.0,0,1,1.0,1.0,1.0,1,1,1,1,1,0,6,0,0.0,0.19771021445745487,1136.4693546295166,865.4299983978273,1,14,0,2024-08-01,0.0,107.8700008392334,107.8700008392334,5.304575821993934e-09,0
35,281.85319635310356,951.700008392334,951.700008392334,1903.400016784668,1.0,0,1,1.0,1.0,1.0,1,1,1,1,1,0,6,0,0.0,0.28501960021575384,1193.2863628570099,680.4468524750214,1,14,0,2024-08-01,95.17000083923341,95.17000083923341,190.34000167846682,7.405755526900996e-09,0
36,230.88600345563984,944.1000061035156,813.793337123128,1757.8933432266435,1.0,0,1,1.0,1.0,1.0,1,1,1,1,1,6,0,0,0.0,0.17901269761407054,1097.5095386118899,668.1139965443601,1,14,0,2024-08-01,94.41000061035157,81.37933371231281,175.78933432266436,1.0630484393220056e-09,0
37,131.58000068664532,1040.800006866455,1040.800006866455,2081.60001373291,1.0,0,1,1.0,1.0,1.0,1,1,1,1,1,0,6,0,0.02630156522400914,0.24421598161911137,1013.4253376007078,786.6200115203859,1,14,0,2024-08-01,104.08000068664552,104.08000068664552,208.16000137329104,5.497739045545669e-10,0
38,593.2219898482723,1010.700008392334,463.86446504895736,1474.5644734412913,1.0,0,1,1.0,1.0,1.0,1,1,1,1,1,6,0,0,0.0,0.5265340740655154,1431.640141703741,219.62401845250895,1,14,0,2024-08-01,101.0700008392334,46.38644650489574,147.45644734412915,3.380653162914195e-09,0
39,158.12000236511233,0.0,922.200008392334,922.200008392334,1.0,0,1,1.0,1.0,1.0,1,1,1,1,1,6,0,0,0.0,0.3931895091822,910.3200145721436,559.6006397247314,1,14,0,2024-08-01,0.0,92.2200008392334,92.2200008392334,7.859384907250364e-09,0
40,927.0600036621094,891.4000091552734,0.0,891.4000091552734,0.0,6,0,0.0,1.0,1.0,0,1,1,0,1,6,0,0,0.0,0.0,1668.2600158691407,0.0,1,14,0,2024-08-01,89.14000091552735,0.0,89.14000091552735,6.847111890930503e-09,1
41,95.18232365231643,855.7133344014485,864.5000038146973,1720.2133382161458,1.0,0,1,1.0,1.0,1.0,1,1,1,1,1,0,6,0,0.08102129037243089,0.5235417236538655,786.3823358593477,411.8981817187773,1,14,0,2024-08-01,85.57133344014485,86.45000038146974,172.02133382161458,2.103338757601217e-09,0
42,78.70000038146975,787.0000038146973,787.0000038146973,1574.0000076293945,1.0,0,1,1.0,1.0,1.0,1,1,1,1,1,6,0,0,0.0,0.40767124613396555,797.400012588501,466.162731552124,1,14,0,2024-08-01,78.70000038146974,78.70000038146974,157.40000076293947,2.181211909249391e-09,0
43,73.2000003814697,732.0000038146973,732.0000038146973,1464.0000076293945,1.0,0,1,1.0,1.0,1.0,1,1,1,1,1,6,0,0,0.0,0.3295329650006895,811.2000003814697,490.78187217712406,1,14,0,2024-08-01,73.20000038146974,73.20000038146974,146.40000076293947,2.345100752237435e-09,0
44,73.52135589548948,577.0000038146973,559.4207199102309,1136.4207237249282,1.0,0,1,1.0,1.0,1.0,1,1,1,1,1,6,0,0,0.0,0.11844429189309974,814.2213681025207,493.1605288701355,1,14,0,2024-08-01,57.70000038146973,55.94207199102309,113.64207237249282,1.0737189877765916e-09,0
45,70.30000114440918,511.00000381469727,511.00000381469727,1022.0000076293945,1.0,0,1,1.0,1.0,1.0,1,1,1,1,1,0,6,0,0.0,0.10069944078852704,706.0000133514404,459.54258918762207,1,14,0,2024-08-01,51.10000038146973,51.10000038146973,102.20000076293945,1.866290233438195e-09,0
46,62.596194997098124,472.50000381469727,472.50000381469727,945.0000076293945,1.0,0,1,1.0,1.0,1.0,1,1,1,1,1,0,0,6,0.0,0.10366961635730619,624.0961949970981,423.5161096904019,1,14,0,2024-08-01,47.25000038146973,47.25000038146973,94.50000076293946,2.3687739691227587e-10,0
47,48.41000061035155,484.1000061035156,484.1000061035156,968.2000122070312,1.0,0,1,1.0,1.0,1.0,1,1,1,1,1,0,0,6,0.0,0.056182091533947376,629.1100128173828,456.9022552490234,1,14,0,2024-08-01,48.41000061035157,48.41000061035157,96.82000122070313,7.879977624026941e-10,0
0,0.0,0.0,0.0,0.0,1.0,0,1,1.0,1.0,1.0,1,1,1,1,1,0,0,6,0.0,0.0,317.70001220703125,317.70001220703125,0,14,1,2024-08-01,0.0,0.0,0.0,0.0,0
1,0.0,0.0,0.0,0.0,1.0,0,1,1.0,1.0,1.0,1,1,1,1,1,0,0,6,0.0,0.0,317.70001220703125,317.70001220703125,0,14,1,2024-08-01,0.0,0.0,0.0,0.0,0
2,0.0,0.0,0.0,0.0,1.0,0,1,1.0,1.0,0.0,1,1,0,1,1,0,0,6,0.0,0.0,345.20001220703125,345.20001220703125,0,14,1,2024-08-01,0.0,0.0,0.0,0.0,0
3,0.0,0.0,0.0,0.0,1.0,0,1,1.0,1.0,0.0,1,1,0,1,1,0,0,6,0.0,0.0,267.70001220703125,267.70001220703125,0,14,1,2024-08-01,0.0,0.0,0.0,0.0,0
4,0.0,0.0,0.0,0.0,1.0,0,1,1.0,1.0,0.0,1,1,0,1,1,0,0,6,0.0,0.0,267.70001220703125,267.70001220703125,0,14,1,2024-08-01,0.0,0.0,0.0,0.0,0
5,0.0,0.0,0.0,0.0,1.0,0,1,1.0,1.0,0.0,1,1,0,1,1,0,0,6,0.0,0.0,256.70001220703125,256.70001220703125,0,14,1,2024-08-01,0.0,0.0,0.0,0.0,0
6,0.0,0.0,0.0,0.0,1.0,0,1,1.0,1.0,0.0,1,1,0,1,1,0,0,6,0.0,0.0,229.1999969482422,229.1999969482422,0,14,1,2024-08-01,0.0,0.0,0.0,0.0,0
7,0.0,0.0,0.0,0.0,1.0,0,1,1.0,1.0,0.0,1,1,0,1,1,0,0,6,0.0,0.0,229.1999969482422,229.1999969482422,0,14,1,2024-08-01,0.0,0.0,0.0,0.0,0
8,0.0,0.0,0.0,0.0,1.0,0,1,1.0,1.0,0.0,1,1,0,1,1,0,0,6,0.0,0.0,279.20001220703125,279.20001220703125,0,14,1,2024-08-01,0.0,0.0,0.0,0.0,0
9,0.0,0.0,0.0,0.0,1.0,0,1,1.0,1.0,0.0,1,1,0,1,1,0,0,6,0.0,0.0,251.6999969482422,251.6999969482422,0,14,1,2024-08-01,0.0,0.0,0.0,0.0,0
10,0.0,0.0,0.0,0.0,1.0,0,1,1.0,1.0,0.0,1,1,0,1,1,0,0,6,0.0,0.0,251.6999969482422,251.6999969482422,0,14,1,2024-08-01,0.0,0.0,0.0,0.0,0
11,0.0,0.0,0.0,0.0,1.0,0,1,1.0,1.0,0.8333333333333334,1,1,0,1,1,0,0,6,0.0,0.0,232.5,232.5,0,14,1,2024-08-01,0.0,0.0,0.0,0.0,0
12,0.0,0.0,0.0,0.0,1.0,0,1,1.0,1.0,1.0,1,1,1,1,1,0,0,6,0.0,0.0,232.5,232.5,0,14,1,2024-08-01,0.0,0.0,0.0,0.0,0
13,0.0,0.0,0.0,0.0,1.0,0,1,1.0,1.0,1.0,1,1,1,1,1,0,0,6,0.0,0.0,232.5,232.5,0,14,1,2024-08-01,0.0,0.0,0.0,0.0,0
14,0.0,0.0,0.0,0.0,1.0,0,1,1.0,1.0,0.16666666666666666,1,1,0,1,1,0,0,6,0.0,0.0,303.8000183105469,329.20001220703125,0,14,1,2024-08-01,0.0,0.0,0.0,0.0,0
15,0.0,0.0,0.0,0.0,1.0,0,1,1.0,1.0,0.0,1,1,0,1,1,0,0,6,0.0,0.0,360.1000061035156,375.8999938964844,0,14,1,2024-08-01,0.0,0.0,0.0,0.0,0
16,0.0,0.0,0.0,0.0,1.0,0,1,1.0,1.0,0.0,1,1,0,1,1,0,0,6,0.0,0.0,415.1000061035156,430.8999938964844,0,14,1,2024-08-01,0.0,0.0,0.0,0.0,0
17,0.0,0.0,0.0,0.0,1.0,0,1,1.0,1.0,0.0,1,1,0,1,1,0,0,6,0.0,0.0,472.10003662109375,491.4000244140625,0,14,1,2024-08-01,0.0,0.0,0.0,0.0,0
18,41.32000045776364,284.00000381469727,303.2000045776367,587.200008392334,1.0,0,1,1.0,1.0,1.0,1,1,1,1,1,0,0,6,0.0,0.0,636.8200004577636,576.9799873352051,1,14,1,2024-08-01,28.400000381469727,30.320000457763673,58.7200008392334,1.2992837380059546e-09,0
19,36.041425100823,408.2000045776367,408.2000045776367,816.4000091552734,1.0,0,1,1.0,1.0,1.0,1,1,1,1,1,6,0,0,0.0,0.0,705.5599187531667,656.3585993132396,1,14,1,2024-08-01,40.820000457763676,40.820000457763676,81.64000091552735,1.5962953965312201e-09,0
20,31.99227210225591,535.1000061035156,535.1000061035156,1070.2000122070312,1.0,0,1,1.0,1.0,1.0,1,1,1,1,1,0,0,6,0.0,0.0,721.5140616530372,679.6077645188378,1,14,1,2024-08-01,53.51000061035157,53.51000061035157,107.02000122070314,6.343824133177961e-10,0
21,47.543323060875316,586.0500061035157,601.1000061035156,1187.1500122070313,1.0,0,1,1.0,1.0,1.0,1,1,1,1,1,4,0,2,0.0,0.0,765.6298098772816,699.2567257672497,1,14,1,2024-08-01,58.60500061035157,60.11000061035156,118.71500122070313,0.07404919144308697,0
22,68.28386863584784,563.4500076293946,578.5000076293945,1141.950015258789,1.0,0,1,1.0,1.0,1.0,1,1,1,1,1,6,0,0,0.0,0.0,769.7457216631916,701.0161801922771,1,14,1,2024-08-01,56.34500076293946,57.85000076293946,114.19500152587892,0.034949903656023504,0
23,-21.492823499714575,250.0,608.700008392334,858.700008392334,1.0,0,1,1.0,1.0,1.0,1,1,1,1,1,4,0,2,0.0,0.0,756.2358141955979,887.3928479137771,1,14,1,2024-08-01,25.0,60.8700008392334,85.8700008392334,0.03639222085263839,0
24,65.82000083923339,658.200008392334,658.200008392334,1316.400016784668,1.0,0,1,1.0,1.0,1.0,1,1,1,1,1,6,0,0,0.0,0.0,872.555718612671,838.4800479888916,1,14,1,2024-08-01,65.8200008392334,65.8200008392334,131.6400016784668,0.02083333384045275,0
25,37.2858175377095,735.700008392334,735.700008392334,1471.400016784668,1.0,0,1,1.0,1.0,1.0,1,1,1,1,1,6,0,0,0.0,0.0,991.2936300377095,1013.7141824622905,1,14,1,2024-08-01,73.5700008392334,73.5700008392334,147.1400016784668,9.141515084664664e-10,0
26,83.57000083923327,835.700008392334,835.700008392334,1671.400016784668,1.0,0,1,1.0,1.0,1.0,1,1,1,1,1,6,0,0,0.0,0.0,1105.1998836517332,1041.6299503326418,1,14,1,2024-08-01,83.5700008392334,83.5700008392334,167.1400016784668,6.847008753975718e-10,0
27,0.0,0.0,0.0,0.0,1.0,0,1,1.0,1.0,0.0,1,1,0,1,1,0,0,6,0.0,0.0,1114.34130859375,1211.2728271484375,0,14,1,2024-08-01,0.0,0.0,0.0,0.0,0
28,104.83000126491089,0.0,1048.3000104624905,1048.3000104624905,1.0,0,1,1.0,1.0,1.0,1,1,1,1,1,0,0,6,0.0,0.0,1170.6022180617858,1058.6939245163392,1,14,1,2024-08-01,0.0,104.83000104624905,104.83000104624905,5.40058944082381e-10,0
29,151.23721568931654,1048.3000106811523,1048.3000106811523,2096.6000213623047,1.0,0,1,1.0,1.0,1.0,1,1,1,1,1,6,0,0,0.0,0.049984428152141706,1197.6942469393166,995.9013341153709,1,14,1,2024-08-01,104.83000106811524,104.83000106811524,209.66000213623047,1.2184254943422121e-09,0
30,164.24384023877218,1064.4333432515461,1067.600009918213,2132.033353169759,1.0,0,1,1.0,1.0,1.0,1,1,1,1,1,6,0,0,0.0,0.017757459397468964,1286.4085130903347,1048.6421460893528,1,14,1,2024-08-01,106.44333432515462,106.7600009918213,213.20333531697588,2.2464720930831933e-09,0
31,186.50143905794783,1111.600009918213,1111.5999832424695,2223.1999931606824,1.0,0,1,1.0,1.0,1.0,1,1,1,1,1,6,0,0,0.0,0.13148967659577157,1314.8501939407604,965.4360609420521,1,14,1,2024-08-01,111.16000099182129,111.15999832424696,222.31999931606825,2.1283627087331176e-09,0
32,225.5816375585725,1119.9000091552734,1119.9000091552734,2239.800018310547,1.0,0,1,1.0,1.0,1.0,1,1,1,1,1,6,0,0,0.0,0.20339031240948036,1323.6309539648225,892.1231964258025,1,14,1,2024-08-01,111.99000091552735,111.99000091552735,223.9800018310547,1.3559639744317964e-09,0
33,110.34000089407598,0.0,1103.4000091552734,1103.4000091552734,1.0,0,1,1.0,1.0,1.0,1,1,1,1,1,0,6,0,0.0,0.037460801148844945,1270.2309921050135,1062.065760824674,1,14,1,2024-08-01,0.0,110.34000091552736,110.34000091552736,2.7852176419155454e-09,0
34,160.07000160217277,0.0,1078.700008392334,1078.700008392334,1.0,0,1,1.0,1.0,1.0,1,1,1,1,1,0,6,0,0.0,0.12277576884653423,1259.5579166412354,946.2617855072023,1,14,1,2024-08-01,0.0,107.8700008392334,107.8700008392334,5.304575821993934e-09,0
35,281.85319635310356,951.700008392334,951.700008392334,1903.400016784668,1.0,0,1,1.0,1.0,1.0,1,1,1,1,1,0,6,0,0.0,0.24070212564809418,1298.253220767166,722.6237933929901,1,14,1,2024-08-01,95.17000083923341,95.17000083923341,190.34000167846682,7.405755526900996e-09,0
36,230.88600345563984,944.1000061035156,813.793337123128,1757.8933432266435,1.0,0,1,1.0,1.0,1.0,1,1,1,1,1,6,0,0,0.0,0.11465915598447894,1162.6631030650149,720.4844799427976,1,14,1,2024-08-01,94.41000061035157,81.37933371231281,175.78933432266436,1.0630484393220056e-09,0
37,131.58000068664532,1040.800006866455,1040.800006866455,2081.60001373291,1.0,0,1,1.0,1.0,1.0,1,1,1,1,1,0,6,0,0.0,0.20949027365273815,1069.7353961944577,822.7625286102297,1,14,1,2024-08-01,104.08000068664552,104.08000068664552,208.16000137329104,5.497739045545669e-10,0
38,593.2219898482723,1010.700008392334,463.86446504895736,1474.5644734412913,1.0,0,1,1.0,1.0,1.0,1,1,1,1,1,6,0,0,0.0,0.4563540569136402,1452.4518482467097,252.1780345657902,1,14,1,2024-08-01,101.0700008392334,46.38644650489574,147.45644734412915,3.380653162914195e-09,0
39,158.12000236511233,0.0,922.200008392334,922.200008392334,1.0,0,1,1.0,1.0,1.0,1,1,1,1,1,6,0,0,0.0,0.25999778762452075,1020.8199535369873,682.4300464630127,1,14,1,2024-08-01,0.0,92.2200008392334,92.2200008392334,7.859384907250364e-09,0
40,927.0600036621094,891.4000091552734,0.0,891.4000091552734,1.0,0,1,1.0,1.0,1.0,1,1,1,1,1,6,0,0,0.0,0.0,1806.2599548339845,0.0,1,14,1,2024-08-01,89.14000091552735,0.0,89.14000091552735,6.847111890930503e-09,0
41,95.18232365231643,855.7133344014485,864.5000038146973,1720.2133382161458,1.0,0,1,1.0,1.0,1.0,1,1,1,1,1,0,6,0,0.0,0.3272853505997908,1021.0823480663789,581.5618169726836,1,14,1,2024-08-01,85.57133344014485,86.45000038146974,172.02133382161458,2.103338757601217e-09,0
42,78.70000038146975,787.0000038146973,787.0000038146973,1574.0000076293945,1.0,0,1,1.0,1.0,1.0,1,1,1,1,1,6,0,0,0.0,0.2542054426966092,968.900012588501,586.940319442749,1,14,1,2024-08-01,78.70000038146974,78.70000038146974,157.40000076293947,2.181211909249391e-09,0
43,73.2000003814697,732.0000038146973,732.0000038146973,1464.0000076293945,1.0,0,1,1.0,1.0,1.0,1,1,1,1,1,6,0,0,0.0,0.269523566566407,897.5000492095947,534.7087520599365,1,14,1,2024-08-01,73.20000038146974,73.20000038146974,146.40000076293947,2.345100752237435e-09,0
44,73.52135589548948,577.0000038146973,559.4207199102309,1136.4207237249282,1.0,0,1,1.0,1.0,1.0,1,1,1,1,1,6,0,0,0.0,0.07820818634372992,759.421380309552,515.669440002948,1,14,1,2024-08-01,57.70000038146973,55.94207199102309,113.64207237249282,1.0737189877765916e-09,0
45,70.30000114440918,511.00000381469727,511.00000381469727,1022.0000076293945,1.0,0,1,1.0,1.0,1.0,1,1,1,1,1,0,6,0,0.0,0.1080405008869171,667.1000499725342,455.7913074493408,1,14,1,2024-08-01,51.10000038146973,51.10000038146973,102.20000076293945,1.866290233438195e-09,0
46,62.596194997098124,472.50000381469727,472.50000381469727,945.0000076293945,1.0,0,1,1.0,1.0,1.0,1,1,1,1,1,0,0,6,0.0,0.10107429819456222,620.8961827900669,424.74239753219877,1,14,1,2024-08-01,47.25000038146973,47.25000038146973,94.50000076293946,2.3687739691227587e-10,0
47,48.41000061035155,484.1000061035156,484.1000061035156,968.2000122070312,1.0,0,1,1.0,1.0,1.0,1,1,1,1,1,0,0,6,0.0,0.17593978663163673,556.7099884033203,398.92755432128905,1,14,1,2024-08-01,48.41000061035157,48.41000061035157,96.82000122070313,7.879977624026941e-10,0
0,0.0,0.0,0.0,0.0,1.0,0,1,1.0,1.0,0.5,1,1,0,1,1,0,0,6,0.0,0.0,315.9000244140625,349.9000244140625,0,14,2,2024-08-01,0.0,0.0,0.0,0.0,0
1,0.0,0.0,0.0,0.0,1.0,0,1,1.0,1.0,0.0,1,1,0,1,1,0,0,6,0.0,0.0,319.4000244140625,349.9000244140625,0,14,2,2024-08-01,0.0,0.0,0.0,0.0,0
2,0.0,0.0,0.0,0.0,1.0,0,1,1.0,1.0,0.0,1,1,0,1,1,0,0,6,0.0,0.0,292.0,322.5,0,14,2,2024-08-01,0.0,0.0,0.0,0.0,0
3,0.0,0.0,0.0,0.0,1.0,0,1,1.0,1.0,1.0,1,1,1,1,1,0,0,6,0.0,0.0,264.5,295.0,0,14,2,2024-08-01,0.0,0.0,0.0,0.0,0
4,0.0,0.0,0.0,0.0,1.0,0,1,1.0,1.0,1.0,1,1,1,1,1,0,0,6,0.0,0.0,283.70001220703125,314.1999816894531,0,14,2,2024-08-01,0.0,0.0,0.0,0.0,0
5,0.0,0.0,0.0,0.0,1.0,0,1,1.0,1.0,0.6666666666666666,1,1,0,1,1,0,0,6,0.0,0.0,264.20001220703125,264.20001220703125,0,14,2,2024-08-01,0.0,0.0,0.0,0.0,0
6,0.0,0.0,0.0,0.0,1.0,0,1,1.0,1.0,1.0,1,1,1,1,1,0,0,6,0.0,0.0,264.20001220703125,264.20001220703125,0,14,2,2024-08-01,0.0,0.0,0.0,0.0,0
7,0.0,0.0,0.0,0.0,1.0,0,1,1.0,1.0,1.0,1,1,1,1,1,0,0,6,0.0,0.0,264.20001220703125,264.20001220703125,0,14,2,2024-08-01,0.0,0.0,0.0,0.0,0
8,0.0,0.0,0.0,0.0,1.0,0,1,1.0,1.0,1.0,1,1,1,1,1,0,0,6,0.0,0.0,264.20001220703125,264.20001220703125,0,14,2,2024-08-01,0.0,0.0,0.0,0.0,0
9,0.0,0.0,0.0,0.0,1.0,0,1,1.0,1.0,1.0,1,1,1,1,1,0,0,6,0.0,0.0,264.20001220703125,264.20001220703125,0,14,2,2024-08-01,0.0,0.0,0.0,0.0,0
10,0.0,0.0,0.0,0.0,1.0,0,1,1.0,1.0,1.0,1,1,1,1,1,0,0,6,0.0,0.0,275.20001220703125,275.20001220703125,0,14,2,2024-08-01,0.0,0.0,0.0,0.0,0
11,0.0,0.0,0.0,0.0,1.0,0,1,1.0,1.0,1.0,1,1,1,1,1,0,0,6,0.0,0.0,302.70001220703125,302.70001220703125,0,14,2,2024-08-01,0.0,0.0,0.0,0.0,0
12,0.0,0.0,0.0,0.0,1.0,0,1,1.0,1.0,0.0,1,1,0,1,1,0,0,6,0.0,0.0,302.70001220703125,302.70001220703125,0,14,2,2024-08-01,0.0,0.0,0.0,0.0,0
13,0.0,0.0,0.0,0.0,1.0,0,1,1.0,1.0,0.0,1,1,0,1,1,0,0,6,0.0,0.0,380.20001220703125,380.20001220703125,0,14,2,2024-08-01,0.0,0.0,0.0,0.0,0
14,0.0,0.0,0.0,0.0,1.0,0,1,1.0,1.0,0.0,1,1,0,1,1,0,0,6,0.0,0.0,426.8999938964844,426.8999938964844,0,14,2,2024-08-01,0.0,0.0,0.0,0.0,0
15,0.0,0.0,0.0,0.0,1.0,0,1,1.0,1.0,0.0,1,1,0,1,1,0,0,6,0.0,0.0,448.8999938964844,448.8999938964844,0,14,2,2024-08-01,0.0,0.0,0.0,0.0,0
16,0.0,0.0,0.0,0.0,1.0,0,1,1.0,1.0,0.0,1,1,0,1,1,0,0,6,0.0,0.0,546.1000366210938,553.300048828125,0,14,2,2024-08-01,0.0,0.0,0.0,0.0,0
17,0.0,0.0,0.0,0.0,1.0,0,1,1.0,1.0,0.0,1,1,0,1,1,0,0,6,0.0,0.0,573.6000366210938,580.7999877929688,0,14,2,2024-08-01,0.0,0.0,0.0,0.0,0
18,41.32000045776364,284.00000381469727,303.2000045776367,587.200008392334,1.0,0,1,1.0,1.0,1.0,1,1,1,1,1,0,0,6,0.0,0.0,599.0338676452636,553.2800361633301,1,14,2,2024-08-01,28.400000381469727,30.320000457763673,58.7200008392334,1.2992837380059546e-09,0
19,36.041425100823,408.2000045776367,408.2000045776367,816.4000091552734,1.0,0,1,1.0,1.0,1.0,1,1,1,1,1,6,0,0,0.0,0.0,687.4031804719167,653.0586115202708,1,14,2,2024-08-01,40.820000457763676,40.820000457763676,81.64000091552735,1.5962953965312201e-09,0
20,31.99227210225591,535.1000061035156,535.1000061035156,1070.2000122070312,1.0,0,1,1.0,1.0,1.0,1,1,1,1,1,0,0,6,0.0,0.0,631.0056388014747,626.4076912766503,1,14,2,2024-08-01,53.51000061035157,53.51000061035157,107.02000122070314,6.343824133177961e-10,0
21,47.543323060875316,586.0500061035157,601.1000061035156,1187.1500122070313,1.0,0,1,1.0,1.0,1.0,1,1,1,1,1,4,0,2,0.0,0.0,652.4593997210316,626.7566647320934,1,14,2,2024-08-01,58.60500061035157,60.11000061035156,118.71500122070313,0.07404919144308697,0
22,68.28386863584784,563.4500076293946,578.5000076293945,1141.950015258789,1.0,0,1,1.0,1.0,1.0,1,1,1,1,1,6,0,0,0.0,0.0,704.7101992022541,661.0161191571209,1,14,2,2024-08-01,56.34500076293946,57.85000076293946,114.19500152587892,0.034949903656023504,0
23,-21.492823499714575,250.0,608.700008392334,858.700008392334,1.0,0,1,1.0,1.0,1.0,1,1,1,1,1,4,0,2,0.0,0.0,640.4225817737229,807.7928112926834,1,14,2,2024-08-01,25.0,60.8700008392334,85.8700008392334,0.03639222085263839,0
24,65.82000083923339,658.200008392334,658.200008392334,1316.400016784668,1.0,0,1,1.0,1.0,1.0,1,1,1,1,1,6,0,0,0.0,0.0,736.588433456421,767.080023574829,1,14,2,2024-08-01,65.8200008392334,65.8200008392334,131.6400016784668,0.02083333384045275,0
25,37.2858175377095,735.700008392334,735.700008392334,1471.400016784668,1.0,0,1,1.0,1.0,1.0,1,1,1,1,1,6,0,0,0.04706958712077893,0.0,701.0709127525532,814.8142190833843,1,14,2,2024-08-01,73.5700008392334,73.5700008392334,147.1400016784668,9.141515084664664e-10,0
26,83.57000083923327,835.700008392334,835.700008392334,1671.400016784668,1.0,0,1,1.0,1.0,1.0,1,1,1,1,1,6,0,0,0.12097413563614536,0.09018784738616509,734.601922225952,760.3300235748293,1,14,2,2024-08-01,83.5700008392334,83.5700008392334,167.1400016784668,6.847008753975718e-10,0
27,0.0,0.0,0.0,0.0,1.0,0,1,1.0,1.0,0.0,1,1,0,1,1,0,0,6,0.0,0.0,750.45166015625,920.7999877929688,0,14,2,2024-08-01,0.0,0.0,0.0,0.0,0
28,104.83000126491089,0.0,1048.3000104624905,1048.3000104624905,1.0,0,1,1.0,1.0,1.0,1,1,1,1,1,0,0,6,0.0,0.16343606050222678,877.9213708938171,876.9699865280579,1,14,2,2024-08-01,0.0,104.83000104624905,104.83000104624905,5.40058944082381e-10,0
29,151.23721568931654,1048.3000106811523,1048.3000106811523,2096.6000213623047,1.0,0,1,1.0,1.0,1.0,1,1,1,1,1,6,0,0,0.19722831563086432,0.2973740096976503,841.5455652986916,736.5628331388084,1,14,2,2024-08-01,104.83000106811524,104.83000106811524,209.66000213623047,1.2184254943422121e-09,0
30,164.24384023877218,1064.4333432515461,1067.600009918213,2132.033353169759,1.0,0,1,1.0,1.0,1.0,1,1,1,1,1,6,0,0,0.2597883610006617,0.3736828606562912,787.9059496137722,668.6561841752903,1,14,2,2024-08-01,106.44333432515462,106.7600009918213,213.20333531697588,2.2464720930831933e-09,0
31,186.50143905794783,1111.600009918213,1111.5999832424695,2223.1999931606824,1.0,0,1,1.0,1.0,1.0,1,1,1,1,1,6,0,0,0.3216670199434345,0.4728332405756881,754.0349473587291,585.9985609420521,1,14,2,2024-08-01,111.16000099182129,111.15999832424696,222.31999931606825,2.1283627087331176e-09,0
32,225.5816375585725,1119.9000091552734,1119.9000091552734,2239.800018310547,1.0,0,1,1.0,1.0,1.0,1,1,1,1,1,6,0,0,0.2500084346530597,0.501367659722911,839.9155608984163,558.4183624414275,1,14,2,2024-08-01,111.99000091552735,111.99000091552735,223.9800018310547,1.3559639744317964e-09,0
33,110.34000089407598,0.0,1103.4000091552734,1103.4000091552734,1.0,0,1,1.0,1.0,1.0,1,1,1,1,1,0,6,0,0.0,0.4143918853140098,725.4908187651697,646.159999105924,1,14,2,2024-08-01,0.0,110.34000091552736,110.34000091552736,2.7852176419155454e-09,0
34,160.07000160217277,0.0,1078.700008392334,1078.700008392334,1.0,0,1,1.0,1.0,1.0,1,1,1,1,1,0,6,0,0.0,0.45477889493911106,764.9335269927977,588.1300106048585,1,14,2,2024-08-01,0.0,107.8700008392334,107.8700008392334,5.304575821993934e-09,0
35,281.85319635310356,951.700008392334,951.700008392334,1903.400016784668,1.0,0,1,1.0,1.0,1.0,1,1,1,1,1,0,6,0,0.05272214880597194,0.501369378122173,901.5243389312286,474.5467670258027,1,14,2,2024-08-01,95.17000083923341,95.17000083923341,190.34000167846682,7.405755526900996e-09,0
36,230.88600345563984,944.1000061035156,813.793337123128,1757.8933432266435,1.0,0,1,1.0,1.0,1.0,1,1,1,1,1,6,0,0,0.07699313833758016,0.43522025116455343,871.4107837290774,459.61399654436013,1,14,2,2024-08-01,94.41000061035157,81.37933371231281,175.78933432266436,1.0630484393220056e-09,0
37,131.58000068664532,1040.800006866455,1040.800006866455,2081.60001373291,1.0,0,1,1.0,1.0,1.0,1,1,1,1,1,0,6,0,0.2534837042661537,0.4629900118889319,776.9741657257078,558.9199993133547,1,14,2,2024-08-01,104.08000068664552,104.08000068664552,208.16000137329104,5.497739045545669e-10,0
38,593.2219898482723,1010.700008392334,463.86446504895736,1474.5644734412913,1.0,0,1,1.0,1.0,1.0,1,1,1,1,1,6,0,0,0.0,0.7251826083610337,1268.9932911178034,127.47802235875895,1,14,2,2024-08-01,101.0700008392334,46.38644650489574,147.45644734412915,3.380653162914195e-09,0
39,158.12000236511233,0.0,922.200008392334,922.200008392334,1.0,0,1,1.0,1.0,1.0,1,1,1,1,1,6,0,0,0.0,0.4047061719530248,865.2199779510498,548.9799732208252,1,14,2,2024-08-01,0.0,92.2200008392334,92.2200008392334,7.859384907250364e-09,0
40,927.0600036621094,891.4000091552734,0.0,891.4000091552734,0.0,6,0,0.0,1.0,1.0,0,1,1,0,1,6,0,0,0.0,0.0,1576.460028076172,0.0,1,14,2,2024-08-01,89.14000091552735,0.0,89.14000091552735,6.847111890930503e-09,1
41,95.18232365231643,855.7133344014485,864.5000038146973,1720.2133382161458,1.0,0,1,1.0,1.0,1.0,1,1,1,1,1,0,6,0,0.12916826968279738,0.47450588871444316,745.1823236523164,454.2896612109648,1,14,2,2024-08-01,85.57133344014485,86.45000038146974,172.02133382161458,2.103338757601217e-09,0
42,78.70000038146975,787.0000038146973,787.0000038146973,1574.0000076293945,1.0,0,1,1.0,1.0,1.0,1,1,1,1,1,6,0,0,0.1229987331182015,0.45073445694214775,690.2000003814697,432.2719844818115,1,14,2,2024-08-01,78.70000038146974,78.70000038146974,157.40000076293947,2.181211909249391e-09,0
43,73.2000003814697,732.0000038146973,732.0000038146973,1464.0000076293945,1.0,0,1,1.0,1.0,1.0,1,1,1,1,1,6,0,0,0.015027343692532787,0.3523606969887535,720.9999881744385,474.0719722747803,1,14,2,2024-08-01,73.20000038146974,73.20000038146974,146.40000076293947,2.345100752237435e-09,0
44,73.52135589548948,577.0000038146973,559.4207199102309,1136.4207237249282,1.0,0,1,1.0,1.0,1.0,1,1,1,1,1,6,0,0,0.0,0.2861353911847647,632.921380309552,399.3506533818543,1,14,2,2024-08-01,57.70000038146973,55.94207199102309,113.64207237249282,1.0737189877765916e-09,0
45,70.30000114440918,511.00000381469727,511.00000381469727,1022.0000076293945,1.0,0,1,1.0,1.0,1.0,1,1,1,1,1,0,6,0,0.0,0.11496148144924305,647.7000255584717,452.2546863555908,1,14,2,2024-08-01,51.10000038146973,51.10000038146973,102.20000076293945,1.866290233438195e-09,0
46,62.596194997098124,472.50000381469727,472.50000381469727,945.0000076293945,1.0,0,1,1.0,1.0,1.0,1,1,1,1,1,0,0,6,0.0,0.1007873360813036,625.1962316181919,424.87798713180814,1,14,2,2024-08-01,47.25000038146973,47.25000038146973,94.50000076293946,2.3687739691227587e-10,0
47,48.41000061035155,484.1000061035156,484.1000061035156,968.2000122070312,1.0,0,1,1.0,1.0,1.0,1,1,1,1,1,0,0,6,0.0,0.1363456723067765,600.0100372314453,418.0950653076172,1,14,2,2024-08-01,48.41000061035157,48.41000061035157,96.82000122070313,7.879977624026941e-10,0
0,0.0,0.0,0.0,0.0,1.0,0,1,1.0,1.0,1.0,1,1,1,1,1,0,0,6,0.0,0.0,207.60000610351562,239.59999084472656,0,15,0,2024-08-01,0.0,0.0,0.0,0.0,0
1,0.0,0.0,0.0,0.0,1.0,0,1,1.0,1.0,0.16666666666666666,1,1,0,1,1,0,0,6,0.0,0.0,226.8000030517578,258.79998779296875,0,15,0,2024-08-01,0.0,0.0,0.0,0.0,0
2,0.0,0.0,0.0,0.0,1.0,0,1,1.0,1.0,0.5,1,1,0,1,1,0,0,6,0.0,0.0,206.39999389648438,231.29998779296875,0,15,0,2024-08-01,0.0,0.0,0.0,0.0,0
3,0.0,0.0,0.0,0.0,1.0,0,1,1.0,1.0,1.0,1,1,1,1,1,0,0,6,0.0,0.0,206.39999389648438,231.29998779296875,0,15,0,2024-08-01,0.0,0.0,0.0,0.0,0
4,0.0,0.0,0.0,0.0,1.0,0,1,1.0,1.0,0.16666666666666666,1,1,0,1,1,0,0,6,0.0,0.0,206.39999389648438,231.29998779296875,0,15,0,2024-08-01,0.0,0.0,0.0,0.0,0
5,0.0,0.0,0.0,0.0,1.0,0,1,1.0,1.0,0.0,1,1,0,1,1,0,0,6,0.0,0.0,178.89999389648438,203.79998779296875,0,15,0,2024-08-01,0.0,0.0,0.0,0.0,0
6,0.0,0.0,0.0,0.0,1.0,0,1,1.0,1.0,0.6666666666666666,1,1,0,1,1,0,0,6,0.0,0.0,178.89999389648438,203.79998779296875,0,15,0,2024-08-01,0.0,0.0,0.0,0.0,0
7,0.0,0.0,0.0,0.0,1.0,0,1,1.0,1.0,0.6666666666666666,1,1,0,1,1,0,0,6,0.0,0.0,187.09999084472656,211.99998474121094,0,15,0,2024-08-01,0.0,0.0,0.0,0.0,0
8,0.0,0.0,0.0,0.0,1.0,0,1,1.0,1.0,0.0,1,1,0,1,1,0,0,6,0.0,0.0,198.09999084472656,222.99998474121094,0,15,0,2024-08-01,0.0,0.0,0.0,0.0,0
9,0.0,0.0,0.0,0.0,1.0,0,1,1.0,1.0,0.0,1,1,0,1,1,0,0,6,0.0,0.0,193.73098754882812,203.79998779296875,0,15,0,2024-08-01,0.0,0.0,0.0,0.0,0
10,0.0,0.0,0.0,0.0,1.0,0,1,1.0,1.0,0.0,1,1,0,1,1,0,0,6,0.0,0.0,121.30000305175781,126.30000305175781,0,15,0,2024-08-01,0.0,0.0,0.0,0.0,0
11,0.0,0.0,0.0,0.0,1.0,0,1,1.0,1.0,0.0,1,1,0,1,1,0,0,6,0.0,0.0,121.30000305175781,126.30000305175781,0,15,0,2024-08-01,0.0,0.0,0.0,0.0,0
12,0.0,0.0,0.0,0.0,1.0,0,1,1.0,1.0,0.0,1,1,0,1,1,0,0,6,0.0,0.0,102.10000610351562,107.10000610351562,0,15,0,2024-08-01,0.0,0.0,0.0,0.0,0
13,0.0,0.0,0.0,0.0,1.0,0,1,1.0,1.0,0.0,1,1,0,1,1,0,0,6,0.0,0.0,150.0,184.60000610351562,0,15,0,2024-08-01,0.0,0.0,0.0,0.0,0
14,0.0,0.0,0.0,0.0,1.0,0,1,1.0,1.0,0.0,1,1,0,1,1,0,0,6,0.0,0.0,204.0,258.70001220703125,0,15,0,2024-08-01,0.0,0.0,0.0,0.0,0
15,0.0,0.0,0.0,0.0,1.0,0,1,1.0,1.0,0.0,1,1,0,1,1,0,0,6,0.0,0.0,234.19998168945312,288.8999938964844,0,15,0,2024-08-01,0.0,0.0,0.0,0.0,0
16,0.0,0.0,0.0,0.0,1.0,0,1,1.0,1.0,0.0,1,1,0,1,1,0,0,6,0.0,0.0,322.6000061035156,377.29998779296875,0,15,0,2024-08-01,0.0,0.0,0.0,0.0,0
17,0.0,0.0,0.0,0.0,1.0,0,1,1.0,1.0,0.0,1,1,0,1,1,0,0,6,0.0,0.0,431.1166687011719,470.70001220703125,0,15,0,2024-08-01,0.0,0.0,0.0,0.0,0
18,41.32000045776364,284.00000381469727,303.2000045776367,587.200008392334,1.0,0,1,1.0,1.0,1.0,1,1,1,1,1,0,3,3,0.0,0.0,532.6199882507324,498.0800239562989,1,15,0,2024-08-01,28.400000381469727,30.320000457763673,58.7200008392334,0.2104698877804475,0
19,36.041425100823,408.2000045776367,408.2000045776367,816.4000091552734,1.0,0,1,1.0,1.0,1.0,1,1,1,1,1,6,0,0,0.0,0.0,556.569012991448,530.8585993132396,1,15,0,2024-08-01,40.820000457763676,40.820000457763676,81.64000091552735,1.5962953965312201e-09,0
20,31.99227210225591,535.1000061035156,535.1000061035156,1070.2000122070312,1.0,0,1,1.0,1.0,1.0,1,1,1,1,1,0,0,6,0.0,0.0,659.1441275710059,692.6077645188378,1,15,0,2024-08-01,53.51000061035157,53.51000061035157,107.02000122070314,6.343824133177961e-10,0
21,47.543323060875316,586.0500061035157,601.1000061035156,1187.1500122070313,1.0,0,1,1.0,1.0,1.0,1,1,1,1,1,0,0,6,0.0,0.0,685.0671267718128,691.2566647320934,1,15,0,2024-08-01,58.60500061035157,60.11000061035156,118.71500122070313,3.840882635662456e-10,0
22,68.28386863584784,563.4500076293946,578.5000076293945,1141.950015258789,1.0,0,1,1.0,1.0,1.0,1,1,1,1,1,0,6,0,0.0,0.0,781.0043276202229,727.4675962079021,1,15,0,2024-08-01,56.34500076293946,57.85000076293946,114.19500152587892,0.491120416234921,0
23,-21.492823499714575,250.0,608.700008392334,858.700008392334,1.0,0,1,1.0,1.0,1.0,1,1,1,1,1,0,2,4,0.0,0.0,710.2536364612229,773.5927990856521,1,15,0,2024-08-01,25.0,60.8700008392334,85.8700008392334,0.19813073789769692,0
24,65.82000083923339,658.200008392334,658.200008392334,1316.400016784668,1.0,0,1,1.0,1.0,1.0,1,1,1,1,1,6,0,0,0.0,0.0,888.7725765228272,800.796576309204,1,15,0,2024-08-01,65.8200008392334,65.8200008392334,131.6400016784668,8.693475795556865e-10,0
25,37.2858175377095,735.700008392334,735.700008392334,1471.400016784668,1.0,0,1,1.0,1.0,1.0,1,1,1,1,1,6,0,0,0.0,0.0,930.0963644127095,894.296335782603,1,15,0,2024-08-01,73.5700008392334,73.5700008392334,147.1400016784668,9.141515084664664e-10,0
26,83.57000083923327,835.700008392334,835.700008392334,1671.400016784668,1.0,0,1,1.0,1.0,1.0,1,1,1,1,1,6,0,0,0.0,0.0,995.5951473236082,864.3565128326418,1,15,0,2024-08-01,83.5700008392334,83.5700008392334,167.1400016784668,6.847008753975718e-10,0
27,0.0,0.0,0.0,0.0,1.0,0,1,1.0,1.0,0.16666666666666666,1,1,0,1,1,0,0,6,0.0,0.0,943.5538330078125,994.5313720703125,0,15,0,2024-08-01,0.0,0.0,0.0,0.0,0
28,104.83000126491089,0.0,1048.3000104624905,1048.3000104624905,1.0,0,1,1.0,1.0,1.0,1,1,1,1,1,0,0,6,0.0,0.19653728330172124,995.6628259719421,842.2699743210267,1,15,0,2024-08-01,0.0,104.83000104624905,104.83000104624905,5.40058944082381e-10,0
29,151.23721568931654,1048.3000106811523,1048.3000106811523,2096.6000213623047,1.0,0,1,1.0,1.0,1.0,1,1,1,1,1,6,0,0,0.0,0.17794259703313647,1112.299593619004,861.7627843106834,1,15,0,2024-08-01,104.83000106811524,104.83000106811524,209.66000213623047,1.2184254943422121e-09,0
30,164.24384023877218,1064.4333432515461,1067.600009918213,2132.033353169759,1.0,0,1,1.0,1.0,1.0,1,1,1,1,1,6,0,0,0.0,0.1683625636017159,1151.3599291059597,887.8561353471653,1,15,0,2024-08-01,106.44333432515462,106.7600009918213,213.20333531697588,2.2464720930831933e-09,0
31,186.50143905794783,1111.600009918213,1111.5999832424695,2223.1999931606824,1.0,0,1,1.0,1.0,1.0,1,1,1,1,1,6,0,0,0.0,0.1998454287324764,1215.3345689407604,889.4518080123646,1,15,0,2024-08-01,111.16000099182129,111.15999832424696,222.31999931606825,2.1283627087331176e-09,0
32,225.5816375585725,1119.9000091552734,1119.9000091552734,2239.800018310547,1.0,0,1,1.0,1.0,1.0,1,1,1,1,1,2,4,0,0.0,0.32839831206699893,1168.8216277929475,752.126736464865,1,15,0,2024-08-01,111.99000091552735,111.99000091552735,223.9800018310547,0.06987631933594896,0
33,110.34000089407598,0.0,1103.4000091552734,1103.4000091552734,1.0,0,1,1.0,1.0,1.0,1,1,1,1,1,0,6,0,0.0,0.22114376251220572,1053.579991128451,859.389979574674,1,15,0,2024-08-01,0.0,110.34000091552736,110.34000091552736,0.08152236905046274,0
34,160.07000160217277,0.0,1078.700008392334,1078.700008392334,1.0,0,1,1.0,1.0,1.0,1,1,1,1,1,0,6,0,0.0,0.3072685736934736,1090.735101699829,747.2493953704835,1,15,0,2024-08-01,0.0,107.8700008392334,107.8700008392334,5.304575821993934e-09,0
35,281.85319635310356,951.700008392334,951.700008392334,1903.400016784668,1.0,0,1,1.0,1.0,1.0,1,1,1,1,1,0,6,0,0.0,0.43465879306846783,1163.5673076812286,538.0352313812714,1,15,0,2024-08-01,95.17000083923341,95.17000083923341,190.34000167846682,7.405755526900996e-09,0
36,230.88600345563984,944.1000061035156,813.793337123128,1757.8933432266435,1.0,0,1,1.0,1.0,1.0,1,1,1,1,1,6,0,0,0.0,0.26883696298626925,1141.0683765025149,595.0156078724851,1,15,0,2024-08-01,94.41000061035157,81.37933371231281,175.78933432266436,1.0630484393220056e-09,0
37,131.58000068664532,1040.800006866455,1040.800006866455,2081.60001373291,1.0,0,1,1.0,1.0,1.0,1,1,1,1,1,0,6,0,0.004565238556002918,0.3482968731097515,1036.0485065460202,678.2926189422609,1,15,0,2024-08-01,104.08000068664552,104.08000068664552,208.16000137329104,5.497739045545669e-10,0
38,593.2219898482723,1010.700008392334,463.86446504895736,1474.5644734412913,1.0,0,1,1.0,1.0,1.0,1,1,1,1,1,2,4,0,0.0,0.9768257957890929,1439.0220386763972,10.749689839227699,1,15,0,2024-08-01,101.0700008392334,46.38644650489574,147.45644734412915,0.025645088535769293,0
39,158.12000236511233,0.0,922.200008392334,922.200008392334,1.0,0,1,1.0,1.0,1.0,1,1,1,1,1,3,3,0,0.0,0.6521905907121537,946.2200389862061,320.74984016418455,1,15,0,2024-08-01,0.0,92.2200008392334,92.2200008392334,0.11646053065102399,0
40,927.0600036621094,891.4000091552734,0.0,891.4000091552734,0.0,6,0,0.0,1.0,1.0,0,1,1,0,1,6,0,0,0.0,0.0,1690.659979248047,0.0,1,15,0,2024-08-01,89.14000091552735,0.0,89.14000091552735,6.847111890930503e-09,1
41,95.18232365231643,855.7133344014485,864.5000038146973,1720.2133382161458,0.5,3,0,1.0,0.5,1.0,0,0,1,1,0,0,6,0,0.04876745545889723,0.8578168349156112,813.9823724804414,122.91734675783982,1,15,0,2024-08-01,85.57133344014485,86.45000038146974,172.02133382161458,0.2633746412570347,1
42,78.70000038146975,787.0000038146973,787.0000038146973,1574.0000076293945,0.6666666666666666,2,0,1.0,0.0,1.0,0,0,1,1,0,4,2,0,0.08424396837593683,0.9057314774309351,720.7000003814697,74.18932762145994,1,15,0,2024-08-01,78.70000038146974,78.70000038146974,157.40000076293947,0.0931684245529962,1
43,73.2000003814697,732.0000038146973,732.0000038146973,1464.0000076293945,1.0,0,1,1.0,1.0,1.0,1,1,1,1,1,6,0,0,0.0980874358730241,0.9040921372580808,660.2000003814697,70.20455589294436,1,15,0,2024-08-01,73.20000038146974,73.20000038146974,146.40000076293947,0.11646052918254943,0
44,73.52135589548948,577.0000038146973,559.4207199102309,1136.4207237249282,1.0,0,1,1.0,1.0,1.0,1,1,1,1,1,6,0,0,0.00862850586879142,0.7040199301965365,572.0213558954895,165.57738372853396,1,15,0,2024-08-01,57.70000038146973,55.94207199102309,113.64207237249282,0.06504413249730719,0
45,70.30000114440918,511.00000381469727,511.00000381469727,1022.0000076293945,1.0,0,1,1.0,1.0,1.0,1,1,1,1,1,5,1,0,0.01702544541162655,0.6575017271582966,502.3000011444092,175.0166187286377,1,15,0,2024-08-01,51.10000038146973,51.10000038146973,102.20000076293945,0.05823026603603351,0
46,62.596194997098124,472.50000381469727,472.50000381469727,945.0000076293945,0.16666666666666666,5,0,1.0,0.0,1.0,0,0,1,1,0,0,5,1,0.1860398055193939,0.884055575071173,384.5961949970981,54.783741221163595,1,15,0,2024-08-01,47.25000038146973,47.25000038146973,94.50000076293946,0.3784967323653902,1
47,48.41000061035155,484.1000061035156,484.1000061035156,968.2000122070312,0.6666666666666666,2,0,1.0,0.0,1.0,0,0,1,1,0,0,2,4,0.3141706206818904,0.9482322593806249,332.0100067138672,25.060763549804697,1,15,0,2024-08-01,48.41000061035157,48.41000061035157,96.82000122070313,0.15139869657183352,1
0,0.0,0.0,0.0,0.0,1.0,0,1,1.0,1.0,1.0,1,1,1,1,1,0,0,6,0.0,0.0,255.5,276.29998779296875,0,15,1,2024-08-01,0.0,0.0,0.0,0.0,0
1,0.0,0.0,0.0,0.0,1.0,0,1,1.0,1.0,0.8333333333333334,1,1,0,1,1,0,0,6,0.0,0.0,255.5,276.29998779296875,0,15,1,2024-08-01,0.0,0.0,0.0,0.0,0
2,0.0,0.0,0.0,0.0,1.0,0,1,1.0,1.0,1.0,1,1,1,1,1,0,0,6,0.0,0.0,205.5,226.3000030517578,0,15,1,2024-08-01,0.0,0.0,0.0,0.0,0
3,0.0,0.0,0.0,0.0,1.0,0,1,1.0,1.0,1.0,1,1,1,1,1,0,0,6,0.0,0.0,205.5,226.3000030517578,0,15,1,2024-08-01,0.0,0.0,0.0,0.0,0
4,0.0,0.0,0.0,0.0,1.0,0,1,1.0,1.0,1.0,1,1,1,1,1,0,0,6,0.0,0.0,205.5,226.3000030517578,0,15,1,2024-08-01,0.0,0.0,0.0,0.0,0
5,0.0,0.0,0.0,0.0,1.0,0,1,1.0,1.0,1.0,1,1,1,1,1,0,0,6,0.0,0.0,205.5,226.3000030517578,0,15,1,2024-08-01,0.0,0.0,0.0,0.0,0
6,0.0,0.0,0.0,0.0,1.0,0,1,1.0,1.0,1.0,1,1,1,1,1,0,0,6,0.0,0.0,205.5,226.3000030517578,0,15,1,2024-08-01,0.0,0.0,0.0,0.0,0
7,0.0,0.0,0.0,0.0,1.0,0,1,1.0,1.0,1.0,1,1,1,1,1,0,0,6,0.0,0.0,205.5,226.3000030517578,0,15,1,2024-08-01,0.0,0.0,0.0,0.0,0
8,0.0,0.0,0.0,0.0,1.0,0,1,1.0,1.0,0.3333333333333333,1,1,0,1,1,0,0,6,0.0,0.0,205.5,226.3000030517578,0,15,1,2024-08-01,0.0,0.0,0.0,0.0,0
9,0.0,0.0,0.0,0.0,1.0,0,1,1.0,1.0,0.5,1,1,0,1,1,0,0,6,0.0,0.0,181.3000030517578,196.10000610351562,0,15,1,2024-08-01,0.0,0.0,0.0,0.0,0
10,0.0,0.0,0.0,0.0,1.0,0,1,1.0,1.0,0.0,1,1,0,1,1,0,0,6,0.0,0.0,181.3000030517578,196.10000610351562,0,15,1,2024-08-01,0.0,0.0,0.0,0.0,0
11,0.0,0.0,0.0,0.0,1.0,0,1,1.0,1.0,1.0,1,1,1,1,1,0,0,6,0.0,0.0,156.10000610351562,168.60000610351562,0,15,1,2024-08-01,0.0,0.0,0.0,0.0,0
12,0.0,0.0,0.0,0.0,1.0,0,1,1.0,1.0,0.8333333333333334,1,1,0,1,1,0,0,6,0.0,0.0,156.10000610351562,168.60000610351562,0,15,1,2024-08-01,0.0,0.0,0.0,0.0,0
13,0.0,0.0,0.0,0.0,1.0,0,1,1.0,1.0,1.0,1,1,1,1,1,0,0,6,0.0,0.0,252.5,273.6000061035156,0,15,1,2024-08-01,0.0,0.0,0.0,0.0,0
14,0.0,0.0,0.0,0.0,1.0,0,1,1.0,1.0,0.8333333333333334,1,1,0,1,1,0,0,6,0.0,0.0,374.70001220703125,422.0,0,15,1,2024-08-01,0.0,0.0,0.0,0.0,0
15,0.0,0.0,0.0,0.0,1.0,0,1,1.0,1.0,0.0,1,1,0,1,1,0,0,6,0.0,0.0,410.0,449.5,0,15,1,2024-08-01,0.0,0.0,0.0,0.0,0
16,0.0,0.0,0.0,0.0,1.0,0,1,1.0,1.0,0.0,1,1,0,1,1,0,0,6,0.0,0.0,483.8240051269531,518.7000122070312,0,15,1,2024-08-01,0.0,0.0,0.0,0.0,0
17,0.0,0.0,0.0,0.0,1.0,0,1,1.0,1.0,0.0,1,1,0,1,1,0,0,6,0.0,0.0,579.0,612.2000122070312,0,15,1,2024-08-01,0.0,0.0,0.0,0.0,0
18,41.32000045776364,284.00000381469727,303.2000045776367,587.200008392334,1.0,0,1,1.0,1.0,1.0,1,1,1,1,1,0,3,3,0.0,0.0,639.5200126647949,590.0800239562989,1,15,1,2024-08-01,28.400000381469727,30.320000457763673,58.7200008392334,0.2104698877804475,0
19,36.041425100823,408.2000045776367,408.2000045776367,816.4000091552734,1.0,0,1,1.0,1.0,1.0,1,1,1,1,1,6,0,0,0.0,0.0,825.907636038323,766.2585016569896,1,15,1,2024-08-01,40.820000457763676,40.820000457763676,81.64000091552735,1.5962953965312201e-09,0
20,31.99227210225591,535.1000061035156,535.1000061035156,1070.2000122070312,1.0,0,1,1.0,1.0,1.0,1,1,1,1,1,0,0,6,0.0,0.0,832.3990103835059,781.3077767258691,1,15,1,2024-08-01,53.51000061035157,53.51000061035157,107.02000122070314,6.343824133177961e-10,0
21,47.543323060875316,586.0500061035157,601.1000061035156,1187.1500122070313,1.0,0,1,1.0,1.0,1.0,1,1,1,1,1,0,0,6,0.0,0.0,840.1796145647816,757.4566769391247,1,15,1,2024-08-01,58.60500061035157,60.11000061035156,118.71500122070313,3.840882635662456e-10,0
22,68.28386863584784,563.4500076293946,578.5000076293945,1141.950015258789,1.0,0,1,1.0,1.0,1.0,1,1,1,1,1,0,6,0,0.0,0.0,861.2612245928791,736.7161313641521,1,15,1,2024-08-01,56.34500076293946,57.85000076293946,114.19500152587892,0.491120416234921,0
23,-21.492823499714575,250.0,608.700008392334,858.700008392334,1.0,0,1,1.0,1.0,1.0,1,1,1,1,1,0,2,4,0.0,0.0,798.5156603870041,852.4750012340896,1,15,1,2024-08-01,25.0,60.8700008392334,85.8700008392334,0.19813073789769692,0
24,65.82000083923339,658.200008392334,658.200008392334,1316.400016784668,1.0,0,1,1.0,1.0,1.0,1,1,1,1,1,6,0,0,0.0,0.0,932.958306503296,834.5484683990478,1,15,1,2024-08-01,65.8200008392334,65.8200008392334,131.6400016784668,8.693475795556865e-10,0
25,37.2858175377095,735.700008392334,735.700008392334,1471.400016784668,1.0,0,1,1.0,1.0,1.0,1,1,1,1,1,6,0,0,0.0,0.0,1075.0577901939596,1028.982615079478,1,15,1,2024-08-01,73.5700008392334,73.5700008392334,147.1400016784668,9.141515084664664e-10,0
26,83.57000083923327,835.700008392334,835.700008392334,1671.400016784668,1.0,0,1,1.0,1.0,1.0,1,1,1,1,1,6,0,0,0.0,0.0,1103.462517929077,963.6079776763918,1,15,1,2024-08-01,83.5700008392334,83.5700008392334,167.1400016784668,6.847008753975718e-10,0
27,0.0,0.0,0.0,0.0,1.0,0,1,1.0,1.0,0.0,1,1,0,1,1,0,0,6,0.0,0.0,1010.0337524414062,1035.5780029296875,0,15,1,2024-08-01,0.0,0.0,0.0,0.0,0
28,104.83000126491089,0.0,1048.3000104624905,1048.3000104624905,1.0,0,1,1.0,1.0,1.0,1,1,1,1,1,0,0,6,0.0,0.10431358815620186,1123.0638269485046,938.9480749069642,1,15,1,2024-08-01,0.0,104.83000104624905,104.83000104624905,5.40058944082381e-10,0
29,151.23721568931654,1048.3000106811523,1048.3000106811523,2096.6000213623047,1.0,0,1,1.0,1.0,1.0,1,1,1,1,1,6,0,0,0.0,0.0007242890977489277,1290.236361197129,1047.540738412246,1,15,1,2024-08-01,104.83000106811524,104.83000106811524,209.66000213623047,1.2184254943422121e-09,0
30,164.24384023877218,1064.4333432515461,1067.600009918213,2132.033353169759,1.0,0,1,1.0,1.0,1.0,1,1,1,1,1,6,0,0,0.0,0.041181901452530686,1308.6427660200222,1023.6342115190403,1,15,1,2024-08-01,106.44333432515462,106.7600009918213,213.20333531697588,2.2464720930831933e-09,0
31,186.50143905794783,1111.600009918213,1111.5999832424695,2223.1999931606824,1.0,0,1,1.0,1.0,1.0,1,1,1,1,1,6,0,0,0.0,0.1120217895357489,1348.9520005813854,987.0765638717396,1,15,1,2024-08-01,111.16000099182129,111.15999832424696,222.31999931606825,2.1283627087331176e-09,0
32,225.5816375585725,1119.9000091552734,1119.9000091552734,2239.800018310547,1.0,0,1,1.0,1.0,1.0,1,1,1,1,1,2,4,0,0.0,0.0822188238278955,1507.486056503885,1027.8231475976775,1,15,1,2024-08-01,111.99000091552735,111.99000091552735,223.9800018310547,0.06987631933594896,0
33,110.34000089407598,0.0,1103.4000091552734,1103.4000091552734,1.0,0,1,1.0,1.0,1.0,1,1,1,1,1,0,6,0,0.0,0.0,1409.340000894076,1126.083338949674,1,15,1,2024-08-01,0.0,110.34000091552736,110.34000091552736,0.08152236905046274,0
34,160.07000160217277,0.0,1078.700008392334,1078.700008392334,1.0,0,1,1.0,1.0,1.0,1,1,1,1,1,0,6,0,0.0,0.06851949308696186,1374.0999088287354,1004.7880306243898,1,15,1,2024-08-01,0.0,107.8700008392334,107.8700008392334,5.304575821993934e-09,0
35,281.85319635310356,951.700008392334,951.700008392334,1903.400016784668,1.0,0,1,1.0,1.0,1.0,1,1,1,1,1,0,6,0,0.0,0.17545440904220405,1416.253220767166,784.7200458343964,1,15,1,2024-08-01,95.17000083923341,95.17000083923341,190.34000167846682,7.405755526900996e-09,0
36,230.88600345563984,944.1000061035156,813.793337123128,1757.8933432266435,1.0,0,1,1.0,1.0,1.0,1,1,1,1,1,6,0,0,0.0,0.0,1323.5860766978274,822.3940258412351,1,15,1,2024-08-01,94.41000061035157,81.37933371231281,175.78933432266436,1.0630484393220056e-09,0
37,131.58000068664532,1040.800006866455,1040.800006866455,2081.60001373291,1.0,0,1,1.0,1.0,1.0,1,1,1,1,1,0,6,0,0.0,0.11498394970167737,1227.5800006866452,921.1247112274172,1,15,1,2024-08-01,104.08000068664552,104.08000068664552,208.16000137329104,5.497739045545669e-10,0
38,593.2219898482723,1010.700008392334,463.86446504895736,1474.5644734412913,1.0,0,1,1.0,1.0,1.0,1,1,1,1,1,2,4,0,0.0,0.33700651435391416,1638.9220630904597,307.5391185501652,1,15,1,2024-08-01,101.0700008392334,46.38644650489574,147.45644734412915,0.025645088535769293,0
39,158.12000236511233,0.0,922.200008392334,922.200008392334,1.0,0,1,1.0,1.0,1.0,1,1,1,1,1,3,3,0,0.0,0.39558630719599613,1118.020087814331,557.3903125762939,1,15,1,2024-08-01,0.0,92.2200008392334,92.2200008392334,0.11646053065102399,0
40,927.0600036621094,891.4000091552734,0.0,891.4000091552734,0.16666666666666666,5,0,0.16666666666666666,1.0,1.0,0,1,1,0,1,6,0,0,0.0,0.0,1886.9600891113282,0.0,1,15,1,2024-08-01,89.14000091552735,0.0,89.14000091552735,6.847111890930503e-09,1
41,95.18232365231643,855.7133344014485,864.5000038146973,1720.2133382161458,0.5,3,0,1.0,0.5,1.0,0,0,1,1,0,0,6,0,0.0,0.8212749211160227,1024.2824213085664,154.50783137698045,1,15,1,2024-08-01,85.57133344014485,86.45000038146974,172.02133382161458,0.2633746412570347,1
42,78.70000038146975,787.0000038146973,787.0000038146973,1574.0000076293945,0.6666666666666666,2,0,1.0,0.0,1.0,0,0,1,1,0,4,2,0,0.0,0.8934987951882214,991.400012588501,83.81644859313963,1,15,1,2024-08-01,78.70000038146974,78.70000038146974,157.40000076293947,0.0931684245529962,1
43,73.2000003814697,732.0000038146973,732.0000038146973,1464.0000076293945,1.0,0,1,1.0,1.0,1.0,1,1,1,1,1,6,0,0,0.0,0.8051410586188213,997.4724002838135,142.63674583435062,1,15,1,2024-08-01,73.20000038146974,73.20000038146974,146.40000076293947,0.11646052918254943,0
44,73.52135589548948,577.0000038146973,559.4207199102309,1136.4207237249282,1.0,0,1,1.0,1.0,1.0,1,1,1,1,1,6,0,0,0.0,0.5961168202021138,997.8213436884582,225.94061920216677,1,15,1,2024-08-01,57.70000038146973,55.94207199102309,113.64207237249282,0.06504413249730719,0
45,70.30000114440918,511.00000381469727,511.00000381469727,1022.0000076293945,1.0,0,1,1.0,1.0,1.0,1,1,1,1,1,5,1,0,0.0,0.39004872025306,1022.0999889373779,311.6851062774658,1,15,1,2024-08-01,51.10000038146973,51.10000038146973,102.20000076293945,0.05823026603603351,0
46,62.596194997098124,472.50000381469727,472.50000381469727,945.0000076293945,0.6666666666666666,2,0,1.0,0.6,1.0,0,0,1,1,0,0,5,1,0.0,0.6516792199645679,920.3962438252231,164.58156989548002,1,15,1,2024-08-01,47.25000038146973,47.25000038146973,94.50000076293946,0.3784967323653902,1
47,48.41000061035155,484.1000061035156,484.1000061035156,968.2000122070312,0.6666666666666666,2,0,1.0,0.0,1.0,0,0,1,1,0,0,2,4,0.0,0.7106428618213124,798.509976196289,140.07779235839845,1,15,1,2024-08-01,48.41000061035157,48.41000061035157,96.82000122070313,0.15139869657183352,1
0,0.0,0.0,0.0,0.0,1.0,0,1,1.0,1.0,0.5,1,1,0,1,1,0,0,6,0.0,0.0,251.5,282.3999938964844,0,15,2,2024-08-01,0.0,0.0,0.0,0.0,0
1,0.0,0.0,0.0,0.0,1.0,0,1,1.0,1.0,0.0,1,1,0,1,1,0,0,6,0.0,0.0,283.73333740234375,301.6000061035156,0,15,2,2024-08-01,0.0,0.0,0.0,0.0,0
2,0.0,0.0,0.0,0.0,1.0,0,1,1.0,1.0,0.0,1,1,0,1,1,0,0,6,0.0,0.0,226.39999389648438,243.3000030517578,0,15,2,2024-08-01,0.0,0.0,0.0,0.0,0
3,0.0,0.0,0.0,0.0,1.0,0,1,1.0,1.0,0.8333333333333334,1,1,0,1,1,0,0,6,0.0,0.0,215.39999389648438,232.3000030517578,0,15,2,2024-08-01,0.0,0.0,0.0,0.0,0
4,0.0,0.0,0.0,0.0,1.0,0,1,1.0,1.0,0.6666666666666666,1,1,0,1,1,0,0,6,0.0,0.0,215.39999389648438,232.3000030517578,0,15,2,2024-08-01,0.0,0.0,0.0,0.0,0
5,0.0,0.0,0.0,0.0,1.0,0,1,1.0,1.0,0.16666666666666666,1,1,0,1,1,0,0,6,0.0,0.0,215.39999389648438,232.3000030517578,0,15,2,2024-08-01,0.0,0.0,0.0,0.0,0
6,0.0,0.0,0.0,0.0,1.0,0,1,1.0,1.0,0.5,1,1,0,1,1,0,0,6,0.0,0.0,215.39999389648438,232.3000030517578,0,15,2,2024-08-01,0.0,0.0,0.0,0.0,0
7,0.0,0.0,0.0,0.0,1.0,0,1,1.0,1.0,0.3333333333333333,1,1,0,1,1,0,0,6,0.0,0.0,133.89999389648438,135.60000610351562,0,15,2,2024-08-01,0.0,0.0,0.0,0.0,0
8,0.0,0.0,0.0,0.0,1.0,0,1,1.0,1.0,0.8333333333333334,1,1,0,1,1,0,0,6,0.0,0.0,133.89999389648438,135.60000610351562,0,15,2,2024-08-01,0.0,0.0,0.0,0.0,0
9,0.0,0.0,0.0,0.0,1.0,0,1,1.0,1.0,0.0,1,1,0,1,1,0,0,6,0.0,0.0,185.05999755859375,185.59999084472656,0,15,2,2024-08-01,0.0,0.0,0.0,0.0,0
10,0.0,0.0,0.0,0.0,1.0,0,1,1.0,1.0,0.16666666666666666,1,1,0,1,1,0,0,6,0.0,0.0,170.89999389648438,166.39999389648438,0,15,2,2024-08-01,0.0,0.0,0.0,0.0,0
11,0.0,0.0,0.0,0.0,1.0,0,1,1.0,1.0,0.0,1,1,0,1,1,0,0,6,0.0,0.0,170.89999389648438,166.39999389648438,0,15,2,2024-08-01,0.0,0.0,0.0,0.0,0
12,0.0,0.0,0.0,0.0,1.0,0,1,1.0,1.0,0.0,1,1,0,1,1,0,0,6,0.0,0.0,209.29998779296875,204.79998779296875,0,15,2,2024-08-01,0.0,0.0,0.0,0.0,0
13,0.0,0.0,0.0,0.0,1.0,0,1,1.0,1.0,0.0,1,1,0,1,1,0,0,6,0.0,0.0,239.5,235.0,0,15,2,2024-08-01,0.0,0.0,0.0,0.0,0
14,0.0,0.0,0.0,0.0,1.0,0,1,1.0,1.0,0.0,1,1,0,1,1,0,0,6,0.0,0.0,280.70001220703125,276.20001220703125,0,15,2,2024-08-01,0.0,0.0,0.0,0.0,0
15,0.0,0.0,0.0,0.0,1.0,0,1,1.0,1.0,0.0,1,1,0,1,1,0,0,6,0.0,0.0,280.70001220703125,276.20001220703125,0,15,2,2024-08-01,0.0,0.0,0.0,0.0,0
16,0.0,0.0,0.0,0.0,1.0,0,1,1.0,1.0,0.8333333333333334,1,1,0,1,1,0,0,6,0.0,0.0,360.8000183105469,330.3000183105469,0,15,2,2024-08-01,0.0,0.0,0.0,0.0,0
17,0.0,0.0,0.0,0.0,1.0,0,1,1.0,1.0,0.0,1,1,0,1,1,0,0,6,0.0,0.0,513.2000122070312,495.7000427246094,0,15,2,2024-08-01,0.0,0.0,0.0,0.0,0
18,41.32000045776364,284.00000381469727,303.2000045776367,587.200008392334,1.0,0,1,1.0,1.0,1.0,1,1,1,1,1,0,3,3,0.0,0.0,649.9413993835449,570.5305244445801,1,15,2,2024-08-01,28.400000381469727,30.320000457763673,58.7200008392334,0.2104698877804475,0
19,36.041425100823,408.2000045776367,408.2000045776367,816.4000091552734,1.0,0,1,1.0,1.0,1.0,1,1,1,1,1,6,0,0,0.0,0.0,696.2265447297292,622.3280206999583,1,15,2,2024-08-01,40.820000457763676,40.820000457763676,81.64000091552735,1.5962953965312201e-09,0
20,31.99227210225591,535.1000061035156,535.1000061035156,1070.2000122070312,1.0,0,1,1.0,1.0,1.0,1,1,1,1,1,0,0,6,0.0,0.0,705.5342032545997,665.9985726243066,1,15,2,2024-08-01,53.51000061035157,53.51000061035157,107.02000122070314,6.343824133177961e-10,0
21,47.543323060875316,586.0500061035157,601.1000061035156,1187.1500122070313,1.0,0,1,1.0,1.0,1.0,1,1,1,1,1,0,0,6,0.0,0.0,747.5326419085316,699.0521969586559,1,15,2,2024-08-01,58.60500061035157,60.11000061035156,118.71500122070313,3.840882635662456e-10,0
22,68.28386863584784,563.4500076293946,578.5000076293945,1141.950015258789,1.0,0,1,1.0,1.0,1.0,1,1,1,1,1,0,6,0,0.0,0.0,789.9280336749104,697.4977475750896,1,15,2,2024-08-01,56.34500076293946,57.85000076293946,114.19500152587892,0.491120416234921,0
23,-21.492823499714575,250.0,608.700008392334,858.700008392334,1.0,0,1,1.0,1.0,1.0,1,1,1,1,1,0,2,4,0.0,0.0,915.1572619495041,959.7610730114334,1,15,2,2024-08-01,25.0,60.8700008392334,85.8700008392334,0.19813073789769692,0
24,65.82000083923339,658.200008392334,658.200008392334,1316.400016784668,1.0,0,1,1.0,1.0,1.0,1,1,1,1,1,6,0,0,0.0,0.0,1079.6336605072022,929.9687564849853,1,15,2,2024-08-01,65.8200008392334,65.8200008392334,131.6400016784668,8.693475795556865e-10,0
25,37.2858175377095,735.700008392334,735.700008392334,1471.400016784668,1.0,0,1,1.0,1.0,1.0,1,1,1,1,1,6,0,0,0.0,0.0,1090.6798605064596,1001.406687345103,1,15,2,2024-08-01,73.5700008392334,73.5700008392334,147.1400016784668,9.141515084664664e-10,0
26,83.57000083923327,835.700008392334,835.700008392334,1671.400016784668,1.0,0,1,1.0,1.0,1.0,1,1,1,1,1,6,0,0,0.0,0.0,1153.5092098236082,971.5866153717043,1,15,2,2024-08-01,83.5700008392334,83.5700008392334,167.1400016784668,6.847008753975718e-10,0
27,0.0,0.0,0.0,0.0,1.0,0,1,1.0,1.0,0.0,1,1,0,1,1,0,0,6,0.0,0.0,1059.7178955078125,1068.8018798828125,0,15,2,2024-08-01,0.0,0.0,0.0,0.0,0
28,104.83000126491089,0.0,1048.3000104624905,1048.3000104624905,1.0,0,1,1.0,1.0,1.0,1,1,1,1,1,0,0,6,0.0,0.09250666538400383,1153.3002161086608,951.3252721725892,1,15,2,2024-08-01,0.0,104.83000104624905,104.83000104624905,5.40058944082381e-10,0
29,151.23721568931654,1048.3000106811523,1048.3000106811523,2096.6000213623047,1.0,0,1,1.0,1.0,1.0,1,1,1,1,1,6,0,0,0.0,0.17652702158833414,1154.7508265291603,863.2467320645897,1,15,2,2024-08-01,104.83000106811524,104.83000106811524,209.66000213623047,1.2184254943422121e-09,0
30,164.24384023877218,1064.4333432515461,1067.600009918213,2132.033353169759,1.0,0,1,1.0,1.0,1.0,1,1,1,1,1,6,0,0,0.0,0.18143161054702864,1192.7595873090847,873.9036206987278,1,15,2,2024-08-01,106.44333432515462,106.7600009918213,213.20333531697588,2.2464720930831933e-09,0
31,186.50143905794783,1111.600009918213,1111.5999832424695,2223.1999931606824,1.0,0,1,1.0,1.0,1.0,1,1,1,1,1,6,0,0,0.0,0.21686718746222872,1235.0025376907604,870.5304212936146,1,15,2,2024-08-01,111.16000099182129,111.15999832424696,222.31999931606825,2.1283627087331176e-09,0
32,225.5816375585725,1119.9000091552734,1119.9000091552734,2239.800018310547,1.0,0,1,1.0,1.0,1.0,1,1,1,1,1,2,4,0,0.0,0.2500182501742772,1305.94821470701,839.904568496115,1,15,2,2024-08-01,111.99000091552735,111.99000091552735,223.9800018310547,0.06987631933594896,0
33,110.34000089407598,0.0,1103.4000091552734,1103.4000091552734,1.0,0,1,1.0,1.0,1.0,1,1,1,1,1,0,6,0,0.0,0.17873976230327895,1135.0049178862635,906.178553793424,1,15,2,2024-08-01,0.0,110.34000091552736,110.34000091552736,0.08152236905046274,0
34,160.07000160217277,0.0,1078.700008392334,1078.700008392334,1.0,0,1,1.0,1.0,1.0,1,1,1,1,1,0,6,0,0.0,0.27423942771973586,1118.2433414459229,782.877935409546,1,15,2,2024-08-01,0.0,107.8700008392334,107.8700008392334,5.304575821993934e-09,0
35,281.85319635310356,951.700008392334,951.700008392334,1903.400016784668,1.0,0,1,1.0,1.0,1.0,1,1,1,1,1,0,6,0,0.0,0.3776957474879505,1184.9532329741974,592.2469623383026,1,15,2,2024-08-01,95.17000083923341,95.17000083923341,190.34000167846682,7.405755526900996e-09,0
36,230.88600345563984,944.1000061035156,813.793337123128,1757.8933432266435,1.0,0,1,1.0,1.0,1.0,1,1,1,1,1,6,0,0,0.0,0.2105926120142457,1133.9860400767336,642.4144726185789,1,15,2,2024-08-01,94.41000061035157,81.37933371231281,175.78933432266436,1.0630484393220056e-09,0
37,131.58000068664532,1040.800006866455,1040.800006866455,2081.60001373291,1.0,0,1,1.0,1.0,1.0,1,1,1,1,1,0,6,0,0.0,0.31115122207920065,1049.5800617218015,716.9538127899172,1,15,2,2024-08-01,104.08000068664552,104.08000068664552,208.16000137329104,5.497739045545669e-10,0
38,593.2219898482723,1010.700008392334,463.86446504895736,1474.5644734412913,1.0,0,1,1.0,1.0,1.0,1,1,1,1,1,2,4,0,0.0,0.6761048203219595,1511.2219898482722,150.2434642532902,1,15,2,2024-08-01,101.0700008392334,46.38644650489574,147.45644734412915,0.025645088535769293,0
39,158.12000236511233,0.0,922.200008392334,922.200008392334,1.0,0,1,1.0,1.0,1.0,1,1,1,1,1,3,3,0,0.0,0.46186094250512905,1064.5200267791747,496.2718433380127,1,15,2,2024-08-01,0.0,92.2200008392334,92.2200008392334,0.11646053065102399,0
40,927.0600036621094,891.4000091552734,0.0,891.4000091552734,0.0,6,0,0.0,1.0,1.0,0,1,1,0,1,6,0,0,0.0,0.0,1745.0600646972657,0.0,1,15,2,2024-08-01,89.14000091552735,0.0,89.14000091552735,6.847111890930503e-09,1
41,95.18232365231643,855.7133344014485,864.5000038146973,1720.2133382161458,0.5,3,0,1.0,0.5,1.0,0,0,1,1,0,0,6,0,0.039418601534072596,0.7268444271966568,821.9823114452852,236.14299373049607,1,15,2,2024-08-01,85.57133344014485,86.45000038146974,172.02133382161458,0.2633746412570347,1
42,78.70000038146975,787.0000038146973,787.0000038146973,1574.0000076293945,0.6666666666666666,2,0,1.0,0.0,1.0,0,0,1,1,0,4,2,0,0.06365945487084462,0.7878989209346025,736.900012588501,166.9235500335693,1,15,2,2024-08-01,78.70000038146974,78.70000038146974,157.40000076293947,0.0931684245529962,1
43,73.2000003814697,732.0000038146973,732.0000038146973,1464.0000076293945,1.0,0,1,1.0,1.0,1.0,1,1,1,1,1,6,0,0,0.053415288282012446,0.7462223092260395,692.900012588501,185.76527061462406,1,15,2,2024-08-01,73.20000038146974,73.20000038146974,146.40000076293947,0.11646052918254943,0
44,73.52135589548948,577.0000038146973,559.4207199102309,1136.4207237249282,1.0,0,1,1.0,1.0,1.0,1,1,1,1,1,6,0,0,0.0,0.5351350944565192,693.2213681025207,260.0550601201355,1,15,2,2024-08-01,57.70000038146973,55.94207199102309,113.64207237249282,0.06504413249730719,0
45,70.30000114440918,511.00000381469727,511.00000381469727,1022.0000076293945,1.0,0,1,1.0,1.0,1.0,1,1,1,1,1,5,1,0,0.0,0.4818414140776586,690.0000133514404,264.77903938293457,1,15,2,2024-08-01,51.10000038146973,51.10000038146973,102.20000076293945,0.05823026603603351,0
46,62.596194997098124,472.50000381469727,472.50000381469727,945.0000076293945,0.3333333333333333,4,0,1.0,0.2,1.0,0,0,1,1,0,0,5,1,0.0,0.7501041246138893,569.6962011006137,118.07580207321438,1,15,2,2024-08-01,47.25000038146973,47.25000038146973,94.50000076293946,0.3784967323653902,1
47,48.41000061035155,484.1000061035156,484.1000061035156,968.2000122070312,0.6666666666666666,2,0,1.0,0.0,1.0,0,0,1,1,0,0,2,4,0.0,0.8250466478921469,494.5100067138672,84.6949188232422,1,15,2,2024-08-01,48.41000061035157,48.41000061035157,96.82000122070313,0.15139869657183352,1
0,0.0,0.0,0.0,0.0,1.0,0,1,1.0,1.0,1.0,1,1,1,1,1,0,0,6,0.0,0.0,123.69999694824219,123.69999694824219,0,16,0,2024-08-01,0.0,0.0,0.0,0.0,0
1,0.0,0.0,0.0,0.0,1.0,0,1,1.0,1.0,1.0,1,1,1,1,1,0,0,6,0.0,0.0,123.69999694824219,123.69999694824219,0,16,0,2024-08-01,0.0,0.0,0.0,0.0,0
2,0.0,0.0,0.0,0.0,1.0,0,1,1.0,1.0,0.6666666666666666,1,1,0,1,1,0,0,6,0.0,0.0,123.69999694824219,123.69999694824219,0,16,0,2024-08-01,0.0,0.0,0.0,0.0,0
3,0.0,0.0,0.0,0.0,1.0,0,1,1.0,1.0,0.0,1,1,0,1,1,0,0,6,0.0,0.0,123.69999694824219,123.69999694824219,0,16,0,2024-08-01,0.0,0.0,0.0,0.0,0
4,0.0,0.0,0.0,0.0,1.0,0,1,1.0,1.0,0.0,1,1,0,1,1,0,0,6,0.0,0.0,123.69999694824219,123.69999694824219,0,16,0,2024-08-01,0.0,0.0,0.0,0.0,0
5,0.0,0.0,0.0,0.0,1.0,0,1,1.0,1.0,0.0,1,1,0,1,1,0,0,6,0.0,0.0,123.69999694824219,123.69999694824219,0,16,0,2024-08-01,0.0,0.0,0.0,0.0,0
6,0.0,0.0,0.0,0.0,1.0,0,1,1.0,1.0,0.0,1,1,0,1,1,0,0,6,0.0,0.0,104.5,104.5,0,16,0,2024-08-01,0.0,0.0,0.0,0.0,0
7,0.0,0.0,0.0,0.0,1.0,0,1,1.0,1.0,0.0,1,1,0,1,1,0,0,6,0.0,0.0,104.5,104.5,0,16,0,2024-08-01,0.0,0.0,0.0,0.0,0
8,0.0,0.0,0.0,0.0,1.0,0,1,1.0,1.0,0.0,1,1,0,1,1,0,0,6,0.0,0.0,104.5,104.5,0,16,0,2024-08-01,0.0,0.0,0.0,0.0,0
9,0.0,0.0,0.0,0.0,1.0,0,1,1.0,1.0,0.0,1,1,0,1,1,0,0,6,0.0,0.0,104.5,104.5,0,16,0,2024-08-01,0.0,0.0,0.0,0.0,0
10,0.0,0.0,0.0,0.0,1.0,0,1,1.0,1.0,0.0,1,1,0,1,1,0,0,6,0.0,0.0,123.69999694824219,123.69999694824219,0,16,0,2024-08-01,0.0,0.0,0.0,0.0,0
11,0.0,0.0,0.0,0.0,1.0,0,1,1.0,1.0,0.8333333333333334,1,1,0,1,1,0,0,6,0.0,0.0,162.6999969482422,162.6999969482422,0,16,0,2024-08-01,0.0,0.0,0.0,0.0,0
12,0.0,0.0,0.0,0.0,1.0,0,1,1.0,1.0,0.6666666666666666,1,1,0,1,1,0,0,6,0.0,0.0,181.89999389648438,181.89999389648438,0,16,0,2024-08-01,0.0,0.0,0.0,0.0,0
13,0.0,0.0,0.0,0.0,1.0,0,1,1.0,1.0,0.0,1,1,0,1,1,0,0,6,0.0,0.0,192.89999389648438,192.89999389648438,0,16,0,2024-08-01,0.0,0.0,0.0,0.0,0
14,0.0,0.0,0.0,0.0,1.0,0,1,1.0,1.0,0.16666666666666666,1,1,0,1,1,0,0,6,0.0,0.0,234.6999969482422,234.6999969482422,0,16,0,2024-08-01,0.0,0.0,0.0,0.0,0
15,0.0,0.0,0.0,0.0,1.0,0,1,1.0,1.0,1.0,1,1,1,1,1,0,0,6,0.0,0.0,234.6999969482422,234.6999969482422,0,16,0,2024-08-01,0.0,0.0,0.0,0.0,0
16,0.0,0.0,0.0,0.0,1.0,0,1,1.0,1.0,1.0,1,1,1,1,1,0,0,6,0.0,0.0,258.0999755859375,262.20001220703125,0,16,0,2024-08-01,0.0,0.0,0.0,0.0,0
17,0.0,0.0,0.0,0.0,1.0,0,1,1.0,1.0,0.6666666666666666,1,1,0,1,1,0,0,6,0.0,0.0,381.79998779296875,397.3999938964844,0,16,0,2024-08-01,0.0,0.0,0.0,0.0,0
18,41.32000045776364,284.00000381469727,303.2000045776367,587.200008392334,1.0,0,1,1.0,1.0,1.0,1,1,1,1,1,0,0,6,0.0,0.0,513.1199882507324,457.7799751281739,1,16,0,2024-08-01,28.400000381469727,30.320000457763673,58.7200008392334,1.2992837380059546e-09,0
19,36.041425100823,408.2000045776367,408.2000045776367,816.4000091552734,1.0,0,1,1.0,1.0,1.0,1,1,1,1,1,6,0,0,0.0,0.0,561.7034124055104,554.2585626921458,1,16,0,2024-08-01,40.820000457763676,40.820000457763676,81.64000091552735,1.5962953965312201e-09,0
20,31.99227210225591,535.1000061035156,535.1000061035156,1070.2000122070312,1.0,0,1,1.0,1.0,1.0,1,1,1,1,1,0,0,6,0.0,0.0,681.4826895827247,706.7078011399316,1,16,0,2024-08-01,53.51000061035157,53.51000061035157,107.02000122070314,6.343824133177961e-10,0
21,47.543323060875316,586.0500061035157,601.1000061035156,1187.1500122070313,1.0,0,1,1.0,1.0,1.0,1,1,1,1,1,4,2,0,0.0,0.0,684.0841555804066,685.5567135602184,1,16,0,2024-08-01,58.60500061035157,60.11000061035156,118.71500122070313,0.039492910255059875,0
22,68.28386863584784,563.4500076293946,578.5000076293945,1141.950015258789,1.0,0,1,1.0,1.0,1.0,1,1,1,1,1,6,0,0,0.0,0.0,749.3391054522541,725.8161679852459,1,16,0,2024-08-01,56.34500076293946,57.85000076293946,114.19500152587892,1.5355519910768503e-09,0
23,-21.492823499714575,250.0,608.700008392334,858.700008392334,1.0,0,1,1.0,1.0,1.0,1,1,1,1,1,5,0,1,0.0,0.0,712.1085558948166,836.3498791637771,1,16,0,2024-08-01,25.0,60.8700008392334,85.8700008392334,0.009581564472002457,0
24,65.82000083923339,658.200008392334,658.200008392334,1316.400016784668,1.0,0,1,1.0,1.0,1.0,1,1,1,1,1,6,0,0,0.0,0.0,839.375054550171,805.935492324829,1,16,0,2024-08-01,65.8200008392334,65.8200008392334,131.6400016784668,0.0065821521522141605,0
25,37.2858175377095,735.700008392334,735.700008392334,1471.400016784668,1.0,0,1,1.0,1.0,1.0,1,1,1,1,1,6,0,0,0.0,0.0,888.1486105064595,933.5938821693218,1,16,0,2024-08-01,73.5700008392334,73.5700008392334,147.1400016784668,9.141515084664664e-10,0
26,83.57000083923327,835.700008392334,835.700008392334,1671.400016784668,1.0,0,1,1.0,1.0,1.0,1,1,1,1,1,6,0,0,0.0,0.0,976.3010799407957,913.058966445923,1,16,0,2024-08-01,83.5700008392334,83.5700008392334,167.1400016784668,0.00987322862329505,0
27,0.0,0.0,0.0,0.0,1.0,0,1,1.0,1.0,0.0,1,1,0,1,1,0,0,6,0.0,0.0,879.1220092773438,1005.1694946289062,0,16,0,2024-08-01,0.0,0.0,0.0,0.0,0
28,104.83000126491089,0.0,1048.3000104624905,1048.3000104624905,1.0,0,1,1.0,1.0,1.0,1,1,1,1,1,0,0,6,0.0,0.09348027014659677,992.0962366164733,950.3046422897767,1,16,0,2024-08-01,0.0,104.83000104624905,104.83000104624905,5.40058944082381e-10,0
29,151.23721568931654,1048.3000106811523,1048.3000106811523,2096.6000213623047,1.0,0,1,1.0,1.0,1.0,1,1,1,1,1,4,2,0,0.07251782487725299,0.17546235607672903,972.2795740877541,864.3628209317772,1,16,0,2024-08-01,104.83000106811524,104.83000106811524,209.66000213623047,0.00822769061901591,0
30,164.24384023877218,1064.4333432515461,1067.600009918213,2132.033353169759,1.0,0,1,1.0,1.0,1.0,1,1,1,1,1,6,0,0,0.1447371403252029,0.2313074404728046,910.3703050825222,820.6561841752903,1,16,0,2024-08-01,106.44333432515462,106.7600009918213,213.20333531697588,0.09365635094787138,0
31,186.50143905794783,1111.600009918213,1111.5999832424695,2223.1999931606824,1.0,0,1,1.0,1.0,1.0,1,1,1,1,1,6,0,0,0.1678842340817827,0.29165293520487395,924.9798936477916,787.3985853561146,1,16,0,2024-08-01,111.16000099182129,111.15999832424696,222.31999931606825,0.15632610895402613,0
32,225.5816375585725,1119.9000091552734,1119.9000091552734,2239.800018310547,1.0,0,1,1.0,1.0,1.0,1,1,1,1,1,4,2,0,0.2022876520421876,0.32242309076516823,893.3580657812288,758.81838685549,1,16,0,2024-08-01,111.99000091552735,111.99000091552735,223.9800018310547,0.0937956675054768,0
33,110.34000089407598,0.0,1103.4000091552734,1103.4000091552734,1.0,0,1,1.0,1.0,1.0,1,1,1,1,1,0,6,0,0.0,0.2427406048694311,778.563389565951,835.5600235199865,1,16,0,2024-08-01,0.0,110.34000091552736,110.34000091552736,0.18430024397614,0
34,160.07000160217277,0.0,1078.700008392334,1078.700008392334,1.0,0,1,1.0,1.0,1.0,1,1,1,1,1,0,6,0,0.0,0.25399620478823887,931.4237613677977,804.7143001556398,1,16,0,2024-08-01,0.0,107.8700008392334,107.8700008392334,5.304575821993934e-09,0
35,281.85319635310356,951.700008392334,951.700008392334,1903.400016784668,1.0,0,1,1.0,1.0,1.0,1,1,1,1,1,0,6,0,0.0,0.34013440354297947,1010.1801616851349,627.9940936859589,1,16,0,2024-08-01,95.17000083923341,95.17000083923341,190.34000167846682,7.405755526900996e-09,0
36,230.88600345563984,944.1000061035156,813.793337123128,1757.8933432266435,1.0,0,1,1.0,1.0,1.0,1,1,1,1,1,4,2,0,0.0,0.16698564335519195,993.8512744517336,677.9015331654539,1,16,0,2024-08-01,94.41000061035157,81.37933371231281,175.78933432266436,0.046378839214359126,0
37,131.58000068664532,1040.800006866455,1040.800006866455,2081.60001373291,1.0,0,1,1.0,1.0,1.0,1,1,1,1,1,0,6,0,0.08081918915274874,0.2543068967252124,956.6833942413328,776.1173870086672,1,16,0,2024-08-01,104.08000068664552,104.08000068664552,208.16000137329104,5.497739045545669e-10,0
38,593.2219898482723,1010.700008392334,463.86446504895736,1474.5644734412913,1.0,0,1,1.0,1.0,1.0,1,1,1,1,1,5,1,0,0.0,0.372183694494096,1409.0916187545222,291.22167470250895,1,16,0,2024-08-01,101.0700008392334,46.38644650489574,147.45644734412915,0.004141194853353784,0
39,158.12000236511233,0.0,922.200008392334,922.200008392334,1.0,0,1,1.0,1.0,1.0,1,1,1,1,1,4,2,0,0.0,0.23050315422141276,996.0324779510498,709.6299976348877,1,16,0,2024-08-01,0.0,92.2200008392334,92.2200008392334,0.1908824110174887,0
40,927.0600036621094,891.4000091552734,0.0,891.4000091552734,0.6666666666666666,2,0,0.6666666666666666,1.0,1.0,0,1,1,0,1,6,0,0,0.0,0.0,1785.8297790527345,0.0,1,16,0,2024-08-01,89.14000091552735,0.0,89.14000091552735,0.013164309865068334,1
41,95.18232365231643,855.7133344014485,864.5000038146973,1720.2133382161458,1.0,0,1,1.0,1.0,1.0,1,1,1,1,1,0,6,0,0.0,0.3602008441918959,961.8823358593477,553.1063726367461,1,16,0,2024-08-01,85.57133344014485,86.45000038146974,172.02133382161458,0.04631040785329175,0
42,78.70000038146975,787.0000038146973,787.0000038146973,1574.0000076293945,1.0,0,1,1.0,1.0,1.0,1,1,1,1,1,2,4,0,0.0,0.23764420846144543,916.900012588501,599.974010848999,1,16,0,2024-08-01,78.70000038146974,78.70000038146974,157.40000076293947,0.1234153466097497,0
43,73.2000003814697,732.0000038146973,732.0000038146973,1464.0000076293945,1.0,0,1,1.0,1.0,1.0,1,1,1,1,1,6,0,0,0.0,0.22101337494869247,897.2000003814697,570.2182125091553,1,16,0,2024-08-01,73.20000038146974,73.20000038146974,146.40000076293947,2.345100752237435e-09,0
44,73.52135589548948,577.0000038146973,559.4207199102309,1136.4207237249282,1.0,0,1,1.0,1.0,1.0,1,1,1,1,1,4,2,0,0.0,0.0,897.5213558954895,564.0990664677918,1,16,0,2024-08-01,57.70000038146973,55.94207199102309,113.64207237249282,0.06156316148245541,0
45,70.30000114440918,511.00000381469727,511.00000381469727,1022.0000076293945,1.0,0,1,1.0,1.0,1.0,1,1,1,1,1,0,6,0,0.0,0.0,886.1000499725342,527.8113269805908,1,16,0,2024-08-01,51.10000038146973,51.10000038146973,102.20000076293945,0.18100917740757133,0
46,62.596194997098124,472.50000381469727,472.50000381469727,945.0000076293945,1.0,0,1,1.0,1.0,1.0,1,1,1,1,1,0,2,4,0.0,0.0,837.1962316181919,481.1080286357144,1,16,0,2024-08-01,47.25000038146973,47.25000038146973,94.50000076293946,0.06253044061255009,0
47,48.41000061035155,484.1000061035156,484.1000061035156,968.2000122070312,1.0,0,1,1.0,1.0,1.0,1,1,1,1,1,0,6,0,0.0,0.22086082893961537,751.0100372314453,377.1812774658203,1,16,0,2024-08-01,48.41000061035157,48.41000061035157,96.82000122070313,0.1875913202738778,0
0,0.0,0.0,0.0,0.0,1.0,0,1,1.0,1.0,1.0,1,1,1,1,1,0,0,6,0.0,0.0,190.39999389648438,196.09999084472656,0,16,1,2024-08-01,0.0,0.0,0.0,0.0,0
1,0.0,0.0,0.0,0.0,1.0,0,1,1.0,1.0,1.0,1,1,1,1,1,0,0,6,0.0,0.0,190.39999389648438,196.09999084472656,0,16,1,2024-08-01,0.0,0.0,0.0,0.0,0
2,0.0,0.0,0.0,0.0,1.0,0,1,1.0,1.0,1.0,1,1,1,1,1,0,0,6,0.0,0.0,190.39999389648438,196.09999084472656,0,16,1,2024-08-01,0.0,0.0,0.0,0.0,0
3,0.0,0.0,0.0,0.0,1.0,0,1,1.0,1.0,1.0,1,1,1,1,1,0,0,6,0.0,0.0,217.89999389648438,223.59999084472656,0,16,1,2024-08-01,0.0,0.0,0.0,0.0,0
4,0.0,0.0,0.0,0.0,1.0,0,1,1.0,1.0,0.3333333333333333,1,1,0,1,1,0,0,6,0.0,0.0,217.89999389648438,223.59999084472656,0,16,1,2024-08-01,0.0,0.0,0.0,0.0,0
5,0.0,0.0,0.0,0.0,1.0,0,1,1.0,1.0,0.6666666666666666,1,1,0,1,1,0,0,6,0.0,0.0,198.6999969482422,204.39999389648438,0,16,1,2024-08-01,0.0,0.0,0.0,0.0,0
6,0.0,0.0,0.0,0.0,1.0,0,1,1.0,1.0,1.0,1,1,1,1,1,0,0,6,0.0,0.0,198.6999969482422,204.39999389648438,0,16,1,2024-08-01,0.0,0.0,0.0,0.0,0
7,0.0,0.0,0.0,0.0,1.0,0,1,1.0,1.0,1.0,1,1,1,1,1,0,0,6,0.0,0.0,198.6999969482422,204.39999389648438,0,16,1,2024-08-01,0.0,0.0,0.0,0.0,0
8,0.0,0.0,0.0,0.0,1.0,0,1,1.0,1.0,1.0,1,1,1,1,1,0,0,6,0.0,0.0,198.6999969482422,204.39999389648438,0,16,1,2024-08-01,0.0,0.0,0.0,0.0,0
9,0.0,0.0,0.0,0.0,1.0,0,1,1.0,1.0,1.0,1,1,1,1,1,0,0,6,0.0,0.0,198.6999969482422,204.39999389648438,0,16,1,2024-08-01,0.0,0.0,0.0,0.0,0
10,0.0,0.0,0.0,0.0,1.0,0,1,1.0,1.0,1.0,1,1,1,1,1,0,0,6,0.0,0.0,198.6999969482422,204.39999389648438,0,16,1,2024-08-01,0.0,0.0,0.0,0.0,0
11,0.0,0.0,0.0,0.0,1.0,0,1,1.0,1.0,0.5,1,1,0,1,1,0,0,6,0.0,0.0,198.6999969482422,204.39999389648438,0,16,1,2024-08-01,0.0,0.0,0.0,0.0,0
12,0.0,0.0,0.0,0.0,1.0,0,1,1.0,1.0,0.0,1,1,0,1,1,0,0,6,0.0,0.0,226.1999969482422,231.89999389648438,0,16,1,2024-08-01,0.0,0.0,0.0,0.0,0
13,0.0,0.0,0.0,0.0,1.0,0,1,1.0,1.0,0.0,1,1,0,1,1,0,0,6,0.0,0.0,284.3999938964844,308.8999938964844,0,16,1,2024-08-01,0.0,0.0,0.0,0.0,0
14,0.0,0.0,0.0,0.0,1.0,0,1,1.0,1.0,0.0,1,1,0,1,1,0,0,6,0.0,0.0,306.79998779296875,358.3999938964844,0,16,1,2024-08-01,0.0,0.0,0.0,0.0,0
15,0.0,0.0,0.0,0.0,1.0,0,1,1.0,1.0,0.0,1,1,0,1,1,0,0,6,0.0,0.0,376.3999938964844,455.0999755859375,0,16,1,2024-08-01,0.0,0.0,0.0,0.0,0
16,0.0,0.0,0.0,0.0,1.0,0,1,1.0,1.0,0.0,1,1,0,1,1,0,0,6,0.0,0.0,445.1000061035156,551.7999877929688,0,16,1,2024-08-01,0.0,0.0,0.0,0.0,0
17,0.0,0.0,0.0,0.0,1.0,0,1,1.0,1.0,0.0,1,1,0,1,1,0,0,6,0.0,0.0,565.7999877929688,652.7999877929688,0,16,1,2024-08-01,0.0,0.0,0.0,0.0,0
18,41.32000045776364,284.00000381469727,303.2000045776367,587.200008392334,1.0,0,1,1.0,1.0,1.0,1,1,1,1,1,0,0,6,0.0,0.0,633.6288993835449,597.0261909484864,1,16,1,2024-08-01,28.400000381469727,30.320000457763673,58.7200008392334,1.2992837380059546e-09,0
19,36.041425100823,408.2000045776367,408.2000045776367,816.4000091552734,1.0,0,1,1.0,1.0,1.0,1,1,1,1,1,6,0,0,0.0,0.0,629.0468572297292,602.2523981413646,1,16,1,2024-08-01,40.820000457763676,40.820000457763676,81.64000091552735,1.5962953965312201e-09,0
20,31.99227210225591,535.1000061035156,535.1000061035156,1070.2000122070312,1.0,0,1,1.0,1.0,1.0,1,1,1,1,1,0,0,6,0.0,0.0,801.8283927077247,769.2848275071191,1,16,1,2024-08-01,53.51000061035157,53.51000061035157,107.02000122070314,6.343824133177961e-10,0
21,47.543323060875316,586.0500061035157,601.1000061035156,1187.1500122070313,1.0,0,1,1.0,1.0,1.0,1,1,1,1,1,4,2,0,0.0,0.0,876.7369876116566,822.6941036969372,1,16,1,2024-08-01,58.60500061035157,60.11000061035156,118.71500122070313,0.039492910255059875,0
22,68.28386863584784,563.4500076293946,578.5000076293945,1141.950015258789,1.0,0,1,1.0,1.0,1.0,1,1,1,1,1,6,0,0,0.0,0.0,954.0763491045979,904.1533261883709,1,16,1,2024-08-01,56.34500076293946,57.85000076293946,114.19500152587892,1.5355519910768503e-09,0
23,-21.492823499714575,250.0,608.700008392334,858.700008392334,1.0,0,1,1.0,1.0,1.0,1,1,1,1,1,5,0,1,0.0,0.0,993.9563342151291,1119.8023938122146,1,16,1,2024-08-01,25.0,60.8700008392334,85.8700008392334,0.009581564472002457,0
24,65.82000083923339,658.200008392334,658.200008392334,1316.400016784668,1.0,0,1,1.0,1.0,1.0,1,1,1,1,1,6,0,0,0.0,0.0,1189.5429012298584,1170.867132949829,1,16,1,2024-08-01,65.8200008392334,65.8200008392334,131.6400016784668,0.0065821521522141605,0
25,37.2858175377095,735.700008392334,735.700008392334,1471.400016784668,1.0,0,1,1.0,1.0,1.0,1,1,1,1,1,6,0,0,0.0,0.0,1194.876271639272,1226.5864969154154,1,16,1,2024-08-01,73.5700008392334,73.5700008392334,147.1400016784668,9.141515084664664e-10,0
26,83.57000083923327,835.700008392334,835.700008392334,1671.400016784668,1.0,0,1,1.0,1.0,1.0,1,1,1,1,1,6,0,0,0.0,0.0,1256.3938533782957,1255.9129093170168,1,16,1,2024-08-01,83.5700008392334,83.5700008392334,167.1400016784668,0.00987322862329505,0
27,0.0,0.0,0.0,0.0,1.0,0,1,1.0,1.0,0.0,1,1,0,1,1,0,0,6,0.0,0.0,1257.0592041015625,1415.5164794921875,0,16,1,2024-08-01,0.0,0.0,0.0,0.0,0
28,104.83000126491089,0.0,1048.3000104624905,1048.3000104624905,1.0,0,1,1.0,1.0,1.0,1,1,1,1,1,0,0,6,0.0,0.0,1355.2052454055358,1332.0924840866517,1,16,1,2024-08-01,0.0,104.83000104624905,104.83000104624905,5.40058944082381e-10,0
29,151.23721568931654,1048.3000106811523,1048.3000106811523,2096.6000213623047,1.0,0,1,1.0,1.0,1.0,1,1,1,1,1,4,2,0,0.0,0.0,1421.4427820955666,1274.3628819669334,1,16,1,2024-08-01,104.83000106811524,104.83000106811524,209.66000213623047,0.00822769061901591,0
30,164.24384023877218,1064.4333432515461,1067.600009918213,2132.033353169759,1.0,0,1,1.0,1.0,1.0,1,1,1,1,1,6,0,0,0.0,0.0,1225.7121019575222,1117.8562574174778,1,16,1,2024-08-01,106.44333432515462,106.7600009918213,213.20333531697588,0.09365635094787138,0
31,186.50143905794783,1111.600009918213,1111.5999832424695,2223.1999931606824,1.0,0,1,1.0,1.0,1.0,1,1,1,1,1,6,0,0,0.0,0.04210271156695745,1204.4567002884166,1064.798609770177,1,16,1,2024-08-01,111.16000099182129,111.15999832424696,222.31999931606825,0.15632610895402613,0
32,225.5816375585725,1119.9000091552734,1119.9000091552734,2239.800018310547,1.0,0,1,1.0,1.0,1.0,1,1,1,1,1,4,2,0,0.0,0.1430320533763938,1185.4441863866975,959.7184112695525,1,16,1,2024-08-01,111.99000091552735,111.99000091552735,223.9800018310547,0.0937956675054768,0
33,110.34000089407598,0.0,1103.4000091552734,1103.4000091552734,1.0,0,1,1.0,1.0,1.0,1,1,1,1,1,0,6,0,0.0,0.022784152850114866,1074.2198226714197,1078.2599746918615,1,16,1,2024-08-01,0.0,110.34000091552736,110.34000091552736,0.18430024397614,0
34,160.07000160217277,0.0,1078.700008392334,1078.700008392334,1.0,0,1,1.0,1.0,1.0,1,1,1,1,1,0,6,0,0.0,0.09286180924190406,1161.1569156646729,978.5299739837648,1,16,1,2024-08-01,0.0,107.8700008392334,107.8700008392334,5.304575821993934e-09,0
35,281.85319635310356,951.700008392334,951.700008392334,1903.400016784668,1.0,0,1,1.0,1.0,1.0,1,1,1,1,1,0,6,0,0.0,0.10323962913826958,1318.5424053374786,853.4468524750214,1,16,1,2024-08-01,95.17000083923341,95.17000083923341,190.34000167846682,7.405755526900996e-09,0
36,230.88600345563984,944.1000061035156,813.793337123128,1757.8933432266435,1.0,0,1,1.0,1.0,1.0,1,1,1,1,1,4,2,0,0.0,0.0,1269.0291919322024,885.1139965443601,1,16,1,2024-08-01,94.41000061035157,81.37933371231281,175.78933432266436,0.046378839214359126,0
37,131.58000068664532,1040.800006866455,1040.800006866455,2081.60001373291,1.0,0,1,1.0,1.0,1.0,1,1,1,1,1,0,6,0,0.0,0.1550538696421851,1081.6180866241452,879.4199382781984,1,16,1,2024-08-01,104.08000068664552,104.08000068664552,208.16000137329104,5.497739045545669e-10,0
38,593.2219898482723,1010.700008392334,463.86446504895736,1474.5644734412913,1.0,0,1,1.0,1.0,1.0,1,1,1,1,1,5,1,0,0.0,0.0,1597.0515796920222,467.7780101517277,1,16,1,2024-08-01,101.0700008392334,46.38644650489574,147.45644734412915,0.004141194853353784,0
39,158.12000236511233,0.0,922.200008392334,922.200008392334,1.0,0,1,1.0,1.0,1.0,1,1,1,1,1,4,2,0,0.0,0.03257214060097054,1188.9530101776122,892.1619800567627,1,16,1,2024-08-01,0.0,92.2200008392334,92.2200008392334,0.1908824110174887,0
40,927.0600036621094,891.4000091552734,0.0,891.4000091552734,1.0,0,1,1.0,1.0,1.0,1,1,1,1,1,6,0,0,0.0,0.0,1918.859930419922,3.5037170410156477,1,16,1,2024-08-01,89.14000091552735,0.0,89.14000091552735,0.013164309865068334,0
41,95.18232365231643,855.7133344014485,864.5000038146973,1720.2133382161458,1.0,0,1,1.0,1.0,1.0,1,1,1,1,1,0,6,0,0.0,0.08528593455514595,1070.482250410129,790.7703130664336,1,16,1,2024-08-01,85.57133344014485,86.45000038146974,172.02133382161458,0.04631040785329175,0
42,78.70000038146975,787.0000038146973,787.0000038146973,1574.0000076293945,1.0,0,1,1.0,1.0,1.0,1,1,1,1,1,2,4,0,0.0,0.11564687505599962,927.1000247955322,695.9859127044678,1,16,1,2024-08-01,78.70000038146974,78.70000038146974,157.40000076293947,0.1234153466097497,0
43,73.2000003814697,732.0000038146973,732.0000038146973,1464.0000076293945,1.0,0,1,1.0,1.0,1.0,1,1,1,1,1,6,0,0,0.0,0.16130565027692595,843.643420791626,613.9242671966553,1,16,1,2024-08-01,73.20000038146974,73.20000038146974,146.40000076293947,2.345100752237435e-09,0
44,73.52135589548948,577.0000038146973,559.4207199102309,1136.4207237249282,1.0,0,1,1.0,1.0,1.0,1,1,1,1,1,4,2,0,0.0,0.052180067564631026,789.321038512677,530.2301089482605,1,16,1,2024-08-01,57.70000038146973,55.94207199102309,113.64207237249282,0.06156316148245541,0
45,70.30000114440918,511.00000381469727,511.00000381469727,1022.0000076293945,1.0,0,1,1.0,1.0,1.0,1,1,1,1,1,0,6,0,0.0,0.15352088903198774,717.5999889373779,432.5508289337158,1,16,1,2024-08-01,51.10000038146973,51.10000038146973,102.20000076293945,0.18100917740757133,0
46,62.596194997098124,472.50000381469727,472.50000381469727,945.0000076293945,1.0,0,1,1.0,1.0,1.0,1,1,1,1,1,0,2,4,0.0,0.4187764285661232,565.8961827900669,274.62813971969877,1,16,1,2024-08-01,47.25000038146973,47.25000038146973,94.50000076293946,0.06253044061255009,0
47,48.41000061035155,484.1000061035156,484.1000061035156,968.2000122070312,1.0,0,1,1.0,1.0,1.0,1,1,1,1,1,0,6,0,0.0,0.7434377531245845,524.2099884033203,124.20178527832033,1,16,1,2024-08-01,48.41000061035157,48.41000061035157,96.82000122070313,0.1875913202738778,0
0,0.0,0.0,0.0,0.0,1.0,0,1,1.0,1.0,0.3333333333333333,1,1,0,1,1,0,0,6,0.0,0.0,300.20001220703125,360.20001220703125,0,16,2,2024-08-01,0.0,0.0,0.0,0.0,0
1,0.0,0.0,0.0,0.0,1.0,0,1,1.0,1.0,0.0,1,1,0,1,1,0,0,6,0.0,0.0,300.20001220703125,360.20001220703125,0,16,2,2024-08-01,0.0,0.0,0.0,0.0,0
2,0.0,0.0,0.0,0.0,1.0,0,1,1.0,1.0,0.6666666666666666,1,1,0,1,1,0,0,6,0.0,0.0,308.3999938964844,368.3999938964844,0,16,2,2024-08-01,0.0,0.0,0.0,0.0,0
3,0.0,0.0,0.0,0.0,1.0,0,1,1.0,1.0,1.0,1,1,1,1,1,0,0,6,0.0,0.0,308.3999938964844,368.3999938964844,0,16,2,2024-08-01,0.0,0.0,0.0,0.0,0
4,0.0,0.0,0.0,0.0,1.0,0,1,1.0,1.0,0.8333333333333334,1,1,0,1,1,0,0,6,0.0,0.0,308.3999938964844,368.3999938964844,0,16,2,2024-08-01,0.0,0.0,0.0,0.0,0
5,0.0,0.0,0.0,0.0,1.0,0,1,1.0,1.0,0.5,1,1,0,1,1,0,0,6,0.0,0.0,308.3999938964844,368.3999938964844,0,16,2,2024-08-01,0.0,0.0,0.0,0.0,0
6,0.0,0.0,0.0,0.0,1.0,0,1,1.0,1.0,0.0,1,1,0,1,1,0,0,6,0.0,0.0,308.3999938964844,368.3999938964844,0,16,2,2024-08-01,0.0,0.0,0.0,0.0,0
7,0.0,0.0,0.0,0.0,1.0,0,1,1.0,1.0,0.0,1,1,0,1,1,0,0,6,0.0,0.0,264.8999938964844,318.3999938964844,0,16,2,2024-08-01,0.0,0.0,0.0,0.0,0
8,0.0,0.0,0.0,0.0,1.0,0,1,1.0,1.0,0.0,1,1,0,1,1,0,0,6,0.0,0.0,264.8999938964844,318.3999938964844,0,16,2,2024-08-01,0.0,0.0,0.0,0.0,0
9,0.0,0.0,0.0,0.0,1.0,0,1,1.0,1.0,0.0,1,1,0,1,1,0,0,6,0.0,0.0,225.29998779296875,268.3999938964844,0,16,2,2024-08-01,0.0,0.0,0.0,0.0,0
10,0.0,0.0,0.0,0.0,1.0,0,1,1.0,1.0,0.0,1,1,0,1,1,0,0,6,0.0,0.0,225.29998779296875,268.3999938964844,0,16,2,2024-08-01,0.0,0.0,0.0,0.0,0
11,0.0,0.0,0.0,0.0,1.0,0,1,1.0,1.0,0.0,1,1,0,1,1,0,0,6,0.0,0.0,225.29998779296875,268.3999938964844,0,16,2,2024-08-01,0.0,0.0,0.0,0.0,0
12,0.0,0.0,0.0,0.0,1.0,0,1,1.0,1.0,0.0,1,1,0,1,1,0,0,6,0.0,0.0,267.5999755859375,308.5333251953125,0,16,2,2024-08-01,0.0,0.0,0.0,0.0,0
13,0.0,0.0,0.0,0.0,1.0,0,1,1.0,1.0,0.0,1,1,0,1,1,0,0,6,0.0,0.0,295.0999755859375,344.5999755859375,0,16,2,2024-08-01,0.0,0.0,0.0,0.0,0
14,0.0,0.0,0.0,0.0,1.0,0,1,1.0,1.0,0.0,1,1,0,1,1,0,0,6,0.0,0.0,325.29998779296875,374.79998779296875,0,16,2,2024-08-01,0.0,0.0,0.0,0.0,0
15,0.0,0.0,0.0,0.0,1.0,0,1,1.0,1.0,0.0,1,1,0,1,1,0,0,6,0.0,0.0,336.29998779296875,385.79998779296875,0,16,2,2024-08-01,0.0,0.0,0.0,0.0,0
16,0.0,0.0,0.0,0.0,1.0,0,1,1.0,1.0,0.0,1,1,0,1,1,0,0,6,0.0,0.0,427.0,476.5,0,16,2,2024-08-01,0.0,0.0,0.0,0.0,0
17,0.0,0.0,0.0,0.0,1.0,0,1,1.0,1.0,0.0,1,1,0,1,1,0,0,6,0.0,0.0,564.2999877929688,633.6000366210938,0,16,2,2024-08-01,0.0,0.0,0.0,0.0,0
18,41.32000045776364,284.00000381469727,303.2000045776367,587.200008392334,1.0,0,1,1.0,1.0,1.0,1,1,1,1,1,0,0,6,0.0,0.0,737.8663871765136,730.6799385070801,1,16,2,2024-08-01,28.400000381469727,30.320000457763673,58.7200008392334,1.2992837380059546e-09,0
19,36.041425100823,408.2000045776367,408.2000045776367,816.4000091552734,1.0,0,1,1.0,1.0,1.0,1,1,1,1,1,6,0,0,0.0,0.0,752.644452444573,763.4585138640208,1,16,2,2024-08-01,40.820000457763676,40.820000457763676,81.64000091552735,1.5962953965312201e-09,0
20,31.99227210225591,535.1000061035156,535.1000061035156,1070.2000122070312,1.0,0,1,1.0,1.0,1.0,1,1,1,1,1,0,0,6,0.0,0.0,822.3487784499122,855.4076912766503,1,16,2,2024-08-01,53.51000061035157,53.51000061035157,107.02000122070314,6.343824133177961e-10,0
21,47.543323060875316,586.0500061035157,601.1000061035156,1187.1500122070313,1.0,0,1,1.0,1.0,1.0,1,1,1,1,1,4,2,0,0.0,0.0,930.4929080218128,925.5567135602184,1,16,2,2024-08-01,58.60500061035157,60.11000061035156,118.71500122070313,0.039492910255059875,0
22,68.28386863584784,563.4500076293946,578.5000076293945,1141.950015258789,1.0,0,1,1.0,1.0,1.0,1,1,1,1,1,6,0,0,0.0,0.0,953.8203676592854,913.1160947430584,1,16,2,2024-08-01,56.34500076293946,57.85000076293946,114.19500152587892,1.5355519910768503e-09,0
23,-21.492823499714575,250.0,608.700008392334,858.700008392334,1.0,0,1,1.0,1.0,1.0,1,1,1,1,1,5,0,1,0.0,0.0,869.9971667346604,1027.6927746715896,1,16,2,2024-08-01,25.0,60.8700008392334,85.8700008392334,0.009581564472002457,0
24,65.82000083923339,658.200008392334,658.200008392334,1316.400016784668,1.0,0,1,1.0,1.0,1.0,1,1,1,1,1,6,0,0,0.0,0.0,1071.2426082611084,1080.238714981079,1,16,2,2024-08-01,65.8200008392334,65.8200008392334,131.6400016784668,0.0065821521522141605,0
25,37.2858175377095,735.700008392334,735.700008392334,1471.400016784668,1.0,0,1,1.0,1.0,1.0,1,1,1,1,1,6,0,0,0.0,0.0,1070.050588045522,1166.9170633216654,1,16,2,2024-08-01,73.5700008392334,73.5700008392334,147.1400016784668,9.141515084664664e-10,0
26,83.57000083923327,835.700008392334,835.700008392334,1671.400016784668,1.0,0,1,1.0,1.0,1.0,1,1,1,1,1,6,0,0,0.0,0.0,1170.7073299407957,1207.1007755279543,1,16,2,2024-08-01,83.5700008392334,83.5700008392334,167.1400016784668,0.00987322862329505,0
27,0.0,0.0,0.0,0.0,1.0,0,1,1.0,1.0,0.0,1,1,0,1,1,0,0,6,0.0,0.0,1078.516845703125,1274.62939453125,0,16,2,2024-08-01,0.0,0.0,0.0,0.0,0
28,104.83000126491089,0.0,1048.3000104624905,1048.3000104624905,1.0,0,1,1.0,1.0,1.0,1,1,1,1,1,0,0,6,0.0,0.0,1210.9469446242858,1219.6974645554017,1,16,2,2024-08-01,0.0,104.83000104624905,104.83000104624905,5.40058944082381e-10,0
29,151.23721568931654,1048.3000106811523,1048.3000106811523,2096.6000213623047,1.0,0,1,1.0,1.0,1.0,1,1,1,1,1,4,2,0,0.0,0.0,1333.5343348299416,1233.9910557950584,1,16,2,2024-08-01,104.83000106811524,104.83000106811524,209.66000213623047,0.00822769061901591,0
30,164.24384023877218,1064.4333432515461,1067.600009918213,2132.033353169759,1.0,0,1,1.0,1.0,1.0,1,1,1,1,1,6,0,0,0.0,0.0,1327.2467699262722,1192.9542798784153,1,16,2,2024-08-01,106.44333432515462,106.7600009918213,213.20333531697588,0.09365635094787138,0
31,186.50143905794783,1111.600009918213,1111.5999832424695,2223.1999931606824,1.0,0,1,1.0,1.0,1.0,1,1,1,1,1,6,0,0,0.0,0.0,1263.696507417323,1118.5157728561146,1,16,2,2024-08-01,111.16000099182129,111.15999832424696,222.31999931606825,0.15632610895402613,0
32,225.5816375585725,1119.9000091552734,1119.9000091552734,2239.800018310547,1.0,0,1,1.0,1.0,1.0,1,1,1,1,1,4,2,0,0.0,0.07632982238176451,1185.53024595701,1034.418240371115,1,16,2,2024-08-01,111.99000091552735,111.99000091552735,223.9800018310547,0.0937956675054768,0
33,110.34000089407598,0.0,1103.4000091552734,1103.4000091552734,1.0,0,1,1.0,1.0,1.0,1,1,1,1,1,0,6,0,0.0,0.0,1067.9060409331385,1122.1598770356115,1,16,2,2024-08-01,0.0,110.34000091552736,110.34000091552736,0.18430024397614,0
34,160.07000160217277,0.0,1078.700008392334,1078.700008392334,1.0,0,1,1.0,1.0,1.0,1,1,1,1,1,0,6,0,0.0,0.02110886426964559,1155.3408756256104,1055.9298763275146,1,16,2,2024-08-01,0.0,107.8700008392334,107.8700008392334,5.304575821993934e-09,0
35,281.85319635310356,951.700008392334,951.700008392334,1903.400016784668,1.0,0,1,1.0,1.0,1.0,1,1,1,1,1,0,6,0,0.0,0.05879292704222992,1260.196091860916,895.7467792328339,1,16,2,2024-08-01,95.17000083923341,95.17000083923341,190.34000167846682,7.405755526900996e-09,0
36,230.88600345563984,944.1000061035156,813.793337123128,1757.8933432266435,1.0,0,1,1.0,1.0,1.0,1,1,1,1,1,4,2,0,0.0,0.0,1123.9636401743899,856.6139965443601,1,16,2,2024-08-01,94.41000061035157,81.37933371231281,175.78933432266436,0.046378839214359126,0
37,131.58000068664532,1040.800006866455,1040.800006866455,2081.60001373291,1.0,0,1,1.0,1.0,1.0,1,1,1,1,1,0,6,0,0.06208231113124455,0.13756719193535163,976.1847370147703,897.6200725555422,1,16,2,2024-08-01,104.08000068664552,104.08000068664552,208.16000137329104,5.497739045545669e-10,0
38,593.2219898482723,1010.700008392334,463.86446504895736,1474.5644734412913,1.0,0,1,1.0,1.0,1.0,1,1,1,1,1,5,1,0,0.0,0.18988446667948505,1438.868901469366,375.78380849157145,1,16,2,2024-08-01,101.0700008392334,46.38644650489574,147.45644734412915,0.004141194853353784,0
39,158.12000236511233,0.0,922.200008392334,922.200008392334,1.0,0,1,1.0,1.0,1.0,1,1,1,1,1,4,2,0,0.0,0.35378933727097894,890.5325389862061,595.9354785919189,1,16,2,2024-08-01,0.0,92.2200008392334,92.2200008392334,0.1908824110174887,0
40,927.0600036621094,891.4000091552734,0.0,891.4000091552734,0.16666666666666666,5,0,0.16666666666666666,1.0,1.0,0,1,1,0,1,6,0,0,0.0,0.0,1671.5235656738282,0.0,1,16,2,2024-08-01,89.14000091552735,0.0,89.14000091552735,0.013164309865068334,1
41,95.18232365231643,855.7133344014485,864.5000038146973,1720.2133382161458,1.0,0,1,1.0,1.0,1.0,1,1,1,1,1,0,6,0,0.025161476260262446,0.36296878322049325,834.1823236523164,550.7134893359648,1,16,2,2024-08-01,85.57133344014485,86.45000038146974,172.02133382161458,0.04631040785329175,0
42,78.70000038146975,787.0000038146973,787.0000038146973,1574.0000076293945,1.0,0,1,1.0,1.0,1.0,1,1,1,1,1,2,4,0,0.04548920363367214,0.3070250495075723,751.2000003814697,545.3712886810303,1,16,2,2024-08-01,78.70000038146974,78.70000038146974,157.40000076293947,0.1234153466097497,0
43,73.2000003814697,732.0000038146973,732.0000038146973,1464.0000076293945,1.0,0,1,1.0,1.0,1.0,1,1,1,1,1,6,0,0,0.10669397652894952,0.3459616778537266,653.900012588501,478.7560543060303,1,16,2,2024-08-01,73.20000038146974,73.20000038146974,146.40000076293947,2.345100752237435e-09,0
44,73.52135589548948,577.0000038146973,559.4207199102309,1136.4207237249282,1.0,0,1,1.0,1.0,1.0,1,1,1,1,1,4,2,0,0.0,0.15222546500843637,651.421380309552,474.2626406865418,1,16,2,2024-08-01,57.70000038146973,55.94207199102309,113.64207237249282,0.06156316148245541,0
45,70.30000114440918,511.00000381469727,511.00000381469727,1022.0000076293945,1.0,0,1,1.0,1.0,1.0,1,1,1,1,1,0,6,0,0.0,0.13770800597825017,598.2000255584717,440.63121223449707,1,16,2,2024-08-01,51.10000038146973,51.10000038146973,102.20000076293945,0.18100917740757133,0
46,62.596194997098124,472.50000381469727,472.50000381469727,945.0000076293945,1.0,0,1,1.0,1.0,1.0,1,1,1,1,1,0,2,4,0.0,0.11426686949595632,590.4962194111606,418.5089075419644,1,16,2,2024-08-01,47.25000038146973,47.25000038146973,94.50000076293946,0.06253044061255009,0
47,48.41000061035155,484.1000061035156,484.1000061035156,968.2000122070312,1.0,0,1,1.0,1.0,1.0,1,1,1,1,1,0,6,0,0.0,0.26934809700744294,537.810025024414,353.7085906982422,1,16,2,2024-08-01,48.41000061035157,48.41000061035157,96.82000122070313,0.1875913202738778,0
0,0.0,0.0,0.0,0.0,1.0,0,1,1.0,1.0,1.0,1,1,1,1,1,0,0,6,0.0,0.0,114.9000015258789,121.0,0,17,0,2024-08-01,0.0,0.0,0.0,0.0,0
1,0.0,0.0,0.0,0.0,1.0,0,1,1.0,1.0,0.5,1,1,0,1,1,0,0,6,0.0,0.0,114.9000015258789,121.0,0,17,0,2024-08-01,0.0,0.0,0.0,0.0,0
2,0.0,0.0,0.0,0.0,1.0,0,1,1.0,1.0,1.0,1,1,1,1,1,0,0,6,0.0,0.0,88.5,93.5,0,17,0,2024-08-01,0.0,0.0,0.0,0.0,0
3,0.0,0.0,0.0,0.0,1.0,0,1,1.0,1.0,1.0,1,1,1,1,1,0,0,6,0.0,0.0,88.5,93.5,0,17,0,2024-08-01,0.0,0.0,0.0,0.0,0
4,0.0,0.0,0.0,0.0,1.0,0,1,1.0,1.0,1.0,1,1,1,1,1,0,0,6,0.0,0.0,88.5,93.5,0,17,0,2024-08-01,0.0,0.0,0.0,0.0,0
5,0.0,0.0,0.0,0.0,1.0,0,1,1.0,1.0,1.0,1,1,1,1,1,0,0,6,0.0,0.0,88.5,93.5,0,17,0,2024-08-01,0.0,0.0,0.0,0.0,0
6,0.0,0.0,0.0,0.0,1.0,0,1,1.0,1.0,0.5,1,1,0,1,1,0,0,6,0.0,0.0,61.0,66.0,0,17,0,2024-08-01,0.0,0.0,0.0,0.0,0
7,0.0,0.0,0.0,0.0,1.0,0,1,1.0,1.0,1.0,1,1,1,1,1,0,0,6,0.0,0.0,61.0,66.0,0,17,0,2024-08-01,0.0,0.0,0.0,0.0,0
8,0.0,0.0,0.0,0.0,1.0,0,1,1.0,1.0,1.0,1,1,1,1,1,0,0,6,0.0,0.0,61.0,66.0,0,17,0,2024-08-01,0.0,0.0,0.0,0.0,0
9,0.0,0.0,0.0,0.0,1.0,0,1,1.0,1.0,1.0,1,1,1,1,1,0,0,6,0.0,0.0,61.0,66.0,0,17,0,2024-08-01,0.0,0.0,0.0,0.0,0
10,0.0,0.0,0.0,0.0,1.0,0,1,1.0,1.0,1.0,1,1,1,1,1,0,0,6,0.0,0.0,80.19999694824219,85.19999694824219,0,17,0,2024-08-01,0.0,0.0,0.0,0.0,0
11,0.0,0.0,0.0,0.0,1.0,0,1,1.0,1.0,1.0,1,1,1,1,1,0,0,6,0.0,0.0,80.19999694824219,85.19999694824219,0,17,0,2024-08-01,0.0,0.0,0.0,0.0,0
12,0.0,0.0,0.0,0.0,1.0,0,1,1.0,1.0,1.0,1,1,1,1,1,0,0,6,0.0,0.0,80.19999694824219,85.19999694824219,0,17,0,2024-08-01,0.0,0.0,0.0,0.0,0
13,0.0,0.0,0.0,0.0,1.0,0,1,1.0,1.0,1.0,1,1,1,1,1,0,0,6,0.0,0.0,171.1999969482422,190.1999969482422,0,17,0,2024-08-01,0.0,0.0,0.0,0.0,0
14,0.0,0.0,0.0,0.0,1.0,0,1,1.0,1.0,0.8333333333333334,1,1,0,1,1,0,0,6,0.0,0.0,233.1999969482422,259.3999938964844,0,17,0,2024-08-01,0.0,0.0,0.0,0.0,0
15,0.0,0.0,0.0,0.0,1.0,0,1,1.0,1.0,0.5,1,1,0,1,1,0,0,6,0.0,0.0,324.0,333.79998779296875,0,17,0,2024-08-01,0.0,0.0,0.0,0.0,0
16,0.0,0.0,0.0,0.0,1.0,0,1,1.0,1.0,0.0,1,1,0,1,1,0,0,6,0.0,0.0,372.4466552734375,391.4000244140625,0,17,0,2024-08-01,0.0,0.0,0.0,0.0,0
17,0.0,0.0,0.0,0.0,1.0,0,1,1.0,1.0,0.0,1,1,0,1,1,0,0,6,0.0,0.0,421.70001220703125,468.9000244140625,0,17,0,2024-08-01,0.0,0.0,0.0,0.0,0
18,41.32000045776364,284.00000381469727,303.2000045776367,587.200008392334,1.0,0,1,1.0,1.0,1.0,1,1,1,1,1,0,6,0,0.0,0.0,565.7200248718261,529.7800361633301,1,17,0,2024-08-01,28.400000381469727,30.320000457763673,58.7200008392334,0.46564518447520364,0
19,36.041425100823,408.2000045776367,408.2000045776367,816.4000091552734,1.0,0,1,1.0,1.0,1.0,1,1,1,1,1,0,6,0,0.0,0.0,540.3414434113698,454.25859320972387,1,17,0,2024-08-01,40.820000457763676,40.820000457763676,81.64000091552735,0.3807615299053939,0
20,31.99227210225591,535.1000061035156,535.1000061035156,1070.2000122070312,1.0,0,1,1.0,1.0,1.0,1,1,1,1,1,5,0,1,0.0,0.14351010842703885,536.2922904128028,458.30774620829095,1,17,0,2024-08-01,53.51000061035157,53.51000061035157,107.02000122070314,0.03340013370512732,0
21,47.543323060875316,586.0500061035157,601.1000061035156,1187.1500122070313,1.0,0,1,1.0,1.0,1.0,1,1,1,1,1,0,0,6,0.0,0.10228392466198329,602.1373172015003,539.6171383649059,1,17,0,2024-08-01,58.60500061035157,60.11000061035156,118.71500122070313,3.840882635662456e-10,0
22,68.28386863584784,563.4500076293946,578.5000076293945,1141.950015258789,1.0,0,1,1.0,1.0,1.0,1,1,1,1,1,6,0,0,0.0,0.03679138279929155,670.2496889483479,557.2161923993084,1,17,0,2024-08-01,56.34500076293946,57.85000076293946,114.19500152587892,1.5355519910768503e-09,0
23,-21.492823499714575,250.0,608.700008392334,858.700008392334,1.0,0,1,1.0,1.0,1.0,1,1,1,1,1,1,0,5,0.0,0.0,684.0717516955979,766.1928967419021,1,17,0,2024-08-01,25.0,60.8700008392334,85.8700008392334,0.035006545775249996,0
24,65.82000083923339,658.200008392334,658.200008392334,1316.400016784668,1.0,0,1,1.0,1.0,1.0,1,1,1,1,1,6,0,0,0.0,0.0,843.4603816986084,786.7349918365478,1,17,0,2024-08-01,65.8200008392334,65.8200008392334,131.6400016784668,8.693475795556865e-10,0
25,37.2858175377095,735.700008392334,735.700008392334,1471.400016784668,1.0,0,1,1.0,1.0,1.0,1,1,1,1,1,6,0,0,0.0,0.0,875.915334139272,875.7047220130718,1,17,0,2024-08-01,73.5700008392334,73.5700008392334,147.1400016784668,0.16366066162686585,0
26,83.57000083923327,835.700008392334,835.700008392334,1671.400016784668,1.0,0,1,1.0,1.0,1.0,1,1,1,1,1,6,0,0,0.0,0.0,847.668572616577,889.6768253326418,1,17,0,2024-08-01,83.5700008392334,83.5700008392334,167.1400016784668,0.40915163126905013,0
27,0.0,0.0,0.0,0.0,1.0,0,1,1.0,1.0,0.0,1,1,0,1,1,0,0,6,0.0,0.0,762.781005859375,1113.573974609375,0,17,0,2024-08-01,0.0,0.0,0.0,0.0,0
28,104.83000126491089,0.0,1048.3000104624905,1048.3000104624905,1.0,0,1,1.0,1.0,1.0,1,1,1,1,1,0,0,6,0.0,0.04566266376928707,860.1502527297546,1000.4318395554017,1,17,0,2024-08-01,0.0,104.83000104624905,104.83000104624905,5.40058944082381e-10,0
29,151.23721568931654,1048.3000106811523,1048.3000106811523,2096.6000213623047,1.0,0,1,1.0,1.0,1.0,1,1,1,1,1,0,6,0,0.08780351280355032,0.06883574992926529,956.2555872713478,976.1394932950584,1,17,0,2024-08-01,104.83000106811524,104.83000106811524,209.66000213623047,0.14028056763382457,0
30,164.24384023877218,1064.4333432515461,1067.600009918213,2132.033353169759,1.0,0,1,1.0,1.0,1.0,1,1,1,1,1,6,0,0,0.04703698751404407,0.12364499328314468,1014.365605375491,935.5966138627903,1,17,0,2024-08-01,106.44333432515462,106.7600009918213,213.20333531697588,2.2464720930831933e-09,0
31,186.50143905794783,1111.600009918213,1111.5999832424695,2223.1999931606824,1.0,0,1,1.0,1.0,1.0,1,1,1,1,1,3,3,0,0.01052554362273,0.13663659415857485,1099.8998155227916,959.7147474654896,1,17,0,2024-08-01,111.16000099182129,111.15999832424696,222.31999931606825,0.01169004760765796,0
32,225.5816375585725,1119.9000091552734,1119.9000091552734,2239.800018310547,1.0,0,1,1.0,1.0,1.0,1,1,1,1,1,6,0,0,0.0,0.1490265678697022,1198.5203582616975,953.005154433615,1,17,0,2024-08-01,111.99000091552735,111.99000091552735,223.9800018310547,1.3559639744317964e-09,0
33,110.34000089407598,0.0,1103.4000091552734,1103.4000091552734,1.0,0,1,1.0,1.0,1.0,1,1,1,1,1,0,6,0,0.0,0.03537385683500278,1106.374180581576,1064.368495199674,1,17,0,2024-08-01,0.0,110.34000091552736,110.34000091552736,0.013360056193099346,0
34,160.07000160217277,0.0,1078.700008392334,1078.700008392334,1.0,0,1,1.0,1.0,1.0,1,1,1,1,1,0,6,0,0.0,0.0984903743256977,1142.2242984771729,972.4584407806398,1,17,0,2024-08-01,0.0,107.8700008392334,107.8700008392334,5.304575821993934e-09,0
35,281.85319635310356,951.700008392334,951.700008392334,1903.400016784668,1.0,0,1,1.0,1.0,1.0,1,1,1,1,1,0,6,0,0.0,0.10694419437367468,1296.239548892166,849.9212177093964,1,17,0,2024-08-01,95.17000083923341,95.17000083923341,190.34000167846682,7.405755526900996e-09,0
36,230.88600345563984,944.1000061035156,813.793337123128,1757.8933432266435,1.0,0,1,1.0,1.0,1.0,1,1,1,1,1,3,3,0,0.0,0.0,1257.8835620493899,890.0576000599851,1,17,0,2024-08-01,94.41000061035157,81.37933371231281,175.78933432266436,0.040201587149548586,0
37,131.58000068664532,1040.800006866455,1040.800006866455,2081.60001373291,1.0,0,1,1.0,1.0,1.0,1,1,1,1,1,0,6,0,0.0,0.0548861362170107,1171.4252155303952,983.6745159149172,1,17,0,2024-08-01,104.08000068664552,104.08000068664552,208.16000137329104,0.026720106257448542,0
38,593.2219898482723,1010.700008392334,463.86446504895736,1474.5644734412913,1.0,0,1,1.0,1.0,1.0,1,1,1,1,1,0,6,0,0.0,0.09873722120713266,1628.0801441451472,418.0637767532902,1,17,0,2024-08-01,101.0700008392334,46.38644650489574,147.45644734412915,0.15340108735367503,0
39,158.12000236511233,0.0,922.200008392334,922.200008392334,1.0,0,1,1.0,1.0,1.0,1,1,1,1,1,6,0,0,0.0,0.1314636533707812,1239.0772777557372,800.9642261505127,1,17,0,2024-08-01,0.0,92.2200008392334,92.2200008392334,7.859384907250364e-09,0
40,927.0600036621094,891.4000091552734,0.0,891.4000091552734,0.8333333333333334,1,0,0.8333333333333334,1.0,1.0,0,1,1,0,1,6,0,0,0.0,0.0,1958.6601013183595,0.0,1,17,0,2024-08-01,89.14000091552735,0.0,89.14000091552735,6.847111890930503e-09,1
41,95.18232365231643,855.7133344014485,864.5000038146973,1720.2133382161458,0.5,3,0,1.0,0.5,1.0,0,0,1,1,0,0,6,0,0.0,0.5981456761152981,1096.5822870312227,347.4030645312773,1,17,0,2024-08-01,85.57133344014485,86.45000038146974,172.02133382161458,0.3253004556376557,1
42,78.70000038146975,787.0000038146973,787.0000038146973,1574.0000076293945,0.3333333333333333,4,0,1.0,0.0,1.0,0,0,1,1,0,2,4,0,0.0,0.6584512850728633,1002.7000003814697,268.7988399505615,1,17,0,2024-08-01,78.70000038146974,78.70000038146974,157.40000076293947,0.3268203098268668,1
43,73.2000003814697,732.0000038146973,732.0000038146973,1464.0000076293945,0.3333333333333333,4,0,1.0,0.0,1.0,0,0,1,1,0,2,4,0,0.0,0.8382684314797176,906.1000247955322,118.38750877380373,1,17,0,2024-08-01,73.20000038146974,73.20000038146974,146.40000076293947,0.2805611217969825,1
44,73.52135589548948,577.0000038146973,559.4207199102309,1136.4207237249282,1.0,0,1,1.0,1.0,1.0,1,1,1,1,1,1,5,0,0.0,0.8744945233946999,868.0213558954895,70.21036407521365,1,17,0,2024-08-01,57.70000038146973,55.94207199102309,113.64207237249282,0.12166883097132267,0
45,70.30000114440918,511.00000381469727,511.00000381469727,1022.0000076293945,1.0,0,1,1.0,1.0,1.0,1,1,1,1,1,0,6,0,0.0,0.894424614695983,800.5999889373779,53.94902229309082,1,17,0,2024-08-01,51.10000038146973,51.10000038146973,102.20000076293945,1.866290233438195e-09,0
46,62.596194997098124,472.50000381469727,472.50000381469727,945.0000076293945,1.0,0,1,1.0,1.0,1.0,1,1,1,1,1,0,0,6,0.0,0.9268259281743235,704.3961827900669,34.574749216769064,1,17,0,2024-08-01,47.25000038146973,47.25000038146973,94.50000076293946,2.3687739691227587e-10,0
47,48.41000061035155,484.1000061035156,484.1000061035156,968.2000122070312,0.16666666666666666,5,0,1.0,0.0,1.0,0,0,1,1,0,0,5,1,0.0,0.9891699099078994,640.2099884033203,5.24284667968751,1,17,0,2024-08-01,48.41000061035157,48.41000061035157,96.82000122070313,0.35070139537279726,1
0,0.0,0.0,0.0,0.0,1.0,0,1,1.0,1.0,1.0,1,1,1,1,1,0,0,6,0.0,0.0,156.0,195.60000610351562,0,17,1,2024-08-01,0.0,0.0,0.0,0.0,0
1,0.0,0.0,0.0,0.0,1.0,0,1,1.0,1.0,1.0,1,1,1,1,1,0,0,6,0.0,0.0,183.5,223.09999084472656,0,17,1,2024-08-01,0.0,0.0,0.0,0.0,0
2,0.0,0.0,0.0,0.0,1.0,0,1,1.0,1.0,0.0,1,1,0,1,1,0,0,6,0.0,0.0,183.5,223.09999084472656,0,17,1,2024-08-01,0.0,0.0,0.0,0.0,0
3,0.0,0.0,0.0,0.0,1.0,0,1,1.0,1.0,0.0,1,1,0,1,1,0,0,6,0.0,0.0,183.5,223.09999084472656,0,17,1,2024-08-01,0.0,0.0,0.0,0.0,0
4,0.0,0.0,0.0,0.0,1.0,0,1,1.0,1.0,0.0,1,1,0,1,1,0,0,6,0.0,0.0,180.4499969482422,201.09999084472656,0,17,1,2024-08-01,0.0,0.0,0.0,0.0,0
5,0.0,0.0,0.0,0.0,1.0,0,1,1.0,1.0,0.6666666666666666,1,1,0,1,1,0,0,6,0.0,0.0,139.3000030517578,154.39999389648438,0,17,1,2024-08-01,0.0,0.0,0.0,0.0,0
6,0.0,0.0,0.0,0.0,1.0,0,1,1.0,1.0,1.0,1,1,1,1,1,0,0,6,0.0,0.0,139.3000030517578,154.39999389648438,0,17,1,2024-08-01,0.0,0.0,0.0,0.0,0
7,0.0,0.0,0.0,0.0,1.0,0,1,1.0,1.0,1.0,1,1,1,1,1,0,0,6,0.0,0.0,139.3000030517578,154.39999389648438,0,17,1,2024-08-01,0.0,0.0,0.0,0.0,0
8,0.0,0.0,0.0,0.0,1.0,0,1,1.0,1.0,0.8333333333333334,1,1,0,1,1,0,0,6,0.0,0.0,139.3000030517578,154.39999389648438,0,17,1,2024-08-01,0.0,0.0,0.0,0.0,0
9,0.0,0.0,0.0,0.0,1.0,0,1,1.0,1.0,0.0,1,1,0,1,1,0,0,6,0.0,0.0,140.91839599609375,154.39999389648438,0,17,1,2024-08-01,0.0,0.0,0.0,0.0,0
10,0.0,0.0,0.0,0.0,1.0,0,1,1.0,1.0,0.5,1,1,0,1,1,0,0,6,0.0,0.0,128.5,135.1999969482422,0,17,1,2024-08-01,0.0,0.0,0.0,0.0,0
11,0.0,0.0,0.0,0.0,1.0,0,1,1.0,1.0,1.0,1,1,1,1,1,0,0,6,0.0,0.0,128.5,135.1999969482422,0,17,1,2024-08-01,0.0,0.0,0.0,0.0,0
12,0.0,0.0,0.0,0.0,1.0,0,1,1.0,1.0,1.0,1,1,1,1,1,0,0,6,0.0,0.0,167.0,173.6999969482422,0,17,1,2024-08-01,0.0,0.0,0.0,0.0,0
13,0.0,0.0,0.0,0.0,1.0,0,1,1.0,1.0,1.0,1,1,1,1,1,0,0,6,0.0,0.0,249.5,256.20001220703125,0,17,1,2024-08-01,0.0,0.0,0.0,0.0,0
14,0.0,0.0,0.0,0.0,1.0,0,1,1.0,1.0,0.16666666666666666,1,1,0,1,1,0,0,6,0.0,0.0,338.0,344.70001220703125,0,17,1,2024-08-01,0.0,0.0,0.0,0.0,0
15,0.0,0.0,0.0,0.0,1.0,0,1,1.0,1.0,0.0,1,1,0,1,1,0,0,6,0.0,0.0,341.5,344.70001220703125,0,17,1,2024-08-01,0.0,0.0,0.0,0.0,0
16,0.0,0.0,0.0,0.0,1.0,0,1,1.0,1.0,0.0,1,1,0,1,1,0,0,6,0.0,0.0,361.9000244140625,372.20001220703125,0,17,1,2024-08-01,0.0,0.0,0.0,0.0,0
17,0.0,0.0,0.0,0.0,1.0,0,1,1.0,1.0,0.0,1,1,0,1,1,0,0,6,0.0,0.0,406.29998779296875,413.3999938964844,0,17,1,2024-08-01,0.0,0.0,0.0,0.0,0
18,41.32000045776364,284.00000381469727,303.2000045776367,587.200008392334,1.0,0,1,1.0,1.0,1.0,1,1,1,1,1,0,6,0,0.0,0.0,525.3200004577636,468.2799751281739,1,17,1,2024-08-01,28.400000381469727,30.320000457763673,58.7200008392334,0.46564518447520364,0
19,36.041425100823,408.2000045776367,408.2000045776367,816.4000091552734,1.0,0,1,1.0,1.0,1.0,1,1,1,1,1,0,6,0,0.0,0.0,668.729901663323,612.958574899177,1,17,1,2024-08-01,40.820000457763676,40.820000457763676,81.64000091552735,0.3807615299053939,0
20,31.99227210225591,535.1000061035156,535.1000061035156,1070.2000122070312,1.0,0,1,1.0,1.0,1.0,1,1,1,1,1,5,0,1,0.0,0.0,719.0923087233497,655.3467171555566,1,17,1,2024-08-01,53.51000061035157,53.51000061035157,107.02000122070314,0.03340013370512732,0
21,47.543323060875316,586.0500061035157,601.1000061035156,1187.1500122070313,1.0,0,1,1.0,1.0,1.0,1,1,1,1,1,0,0,6,0.0,0.0,776.0023074358753,684.5567135602184,1,17,1,2024-08-01,58.60500061035157,60.11000061035156,118.71500122070313,3.840882635662456e-10,0
22,68.28386863584784,563.4500076293946,578.5000076293945,1141.950015258789,1.0,0,1,1.0,1.0,1.0,1,1,1,1,1,6,0,0,0.0,0.0,841.8085878741291,713.2161313641521,1,17,1,2024-08-01,56.34500076293946,57.85000076293946,114.19500152587892,1.5355519910768503e-09,0
23,-21.492823499714575,250.0,608.700008392334,858.700008392334,1.0,0,1,1.0,1.0,1.0,1,1,1,1,1,1,0,5,0.0,0.0,806.7534533557541,885.3929089489334,1,17,1,2024-08-01,25.0,60.8700008392334,85.8700008392334,0.035006545775249996,0
24,65.82000083923339,658.200008392334,658.200008392334,1316.400016784668,1.0,0,1,1.0,1.0,1.0,1,1,1,1,1,6,0,0,0.0,0.0,953.6021663665772,861.2800357818603,1,17,1,2024-08-01,65.8200008392334,65.8200008392334,131.6400016784668,8.693475795556865e-10,0
25,37.2858175377095,735.700008392334,735.700008392334,1471.400016784668,1.0,0,1,1.0,1.0,1.0,1,1,1,1,1,6,0,0,0.0,0.0,884.6722921470845,848.1475320716655,1,17,1,2024-08-01,73.5700008392334,73.5700008392334,147.1400016784668,0.16366066162686585,0
26,83.57000083923327,835.700008392334,835.700008392334,1671.400016784668,1.0,0,1,1.0,1.0,1.0,1,1,1,1,1,6,0,0,0.0006473833790298077,0.07032428938779739,835.1589900970457,776.9299991607668,1,17,1,2024-08-01,83.5700008392334,83.5700008392334,167.1400016784668,0.40915163126905013,0
27,0.0,0.0,0.0,0.0,1.0,0,1,1.0,1.0,0.0,1,1,0,1,1,0,0,6,0.0,0.0,751.4735107421875,959.300048828125,0,17,1,2024-08-01,0.0,0.0,0.0,0.0,0
28,104.83000126491089,0.0,1048.3000104624905,1048.3000104624905,1.0,0,1,1.0,1.0,1.0,1,1,1,1,1,0,0,6,0.0,0.21113227195488596,864.2933801711608,826.9700475632142,1,17,1,2024-08-01,0.0,104.83000104624905,104.83000104624905,5.40058944082381e-10,0
29,151.23721568931654,1048.3000106811523,1048.3000106811523,2096.6000213623047,1.0,0,1,1.0,1.0,1.0,1,1,1,1,1,0,6,0,0.10260012765222089,0.24490811306538499,940.7442957674416,791.5628331388084,1,17,1,2024-08-01,104.83000106811524,104.83000106811524,209.66000213623047,0.14028056763382457,0
30,164.24384023877218,1064.4333432515461,1067.600009918213,2132.033353169759,1.0,0,1,1.0,1.0,1.0,1,1,1,1,1,6,0,0,0.0,0.23467946703002923,1076.2119188520535,817.0562085893528,1,17,1,2024-08-01,106.44333432515462,106.7600009918213,213.20333531697588,2.2464720930831933e-09,0
31,186.50143905794783,1111.600009918213,1111.5999832424695,2223.1999931606824,1.0,0,1,1.0,1.0,1.0,1,1,1,1,1,3,3,0,0.03906529910798133,0.3172017160992577,1068.175023042323,758.9985609420521,1,17,1,2024-08-01,111.16000099182129,111.15999832424696,222.31999931606825,0.01169004760765796,0
32,225.5816375585725,1119.9000091552734,1119.9000091552734,2239.800018310547,1.0,0,1,1.0,1.0,1.0,1,1,1,1,1,6,0,0,0.013540561298092113,0.3690344603655323,1104.7359344335725,706.6183136133025,1,17,1,2024-08-01,111.99000091552735,111.99000091552735,223.9800018310547,1.3559639744317964e-09,0
33,110.34000089407598,0.0,1103.4000091552734,1103.4000091552734,1.0,0,1,1.0,1.0,1.0,1,1,1,1,1,0,6,0,0.0,0.2551568393524051,991.7051131987635,821.859950277799,1,17,1,2024-08-01,0.0,110.34000091552736,110.34000091552736,0.013360056193099346,0
34,160.07000160217277,0.0,1078.700008392334,1078.700008392334,1.0,0,1,1.0,1.0,1.0,1,1,1,1,1,0,6,0,0.0,0.19919345870839547,1137.4003238677979,863.8300228118898,1,17,1,2024-08-01,0.0,107.8700008392334,107.8700008392334,5.304575821993934e-09,0
35,281.85319635310356,951.700008392334,951.700008392334,1903.400016784668,1.0,0,1,1.0,1.0,1.0,1,1,1,1,1,0,6,0,0.0,0.22518052063513708,1273.254441470291,737.3957050140839,1,17,1,2024-08-01,95.17000083923341,95.17000083923341,190.34000167846682,7.405755526900996e-09,0
36,230.88600345563984,944.1000061035156,813.793337123128,1757.8933432266435,1.0,0,1,1.0,1.0,1.0,1,1,1,1,1,3,3,0,0.0,0.06532287575054797,1198.7631396861086,760.6340160756101,1,17,1,2024-08-01,94.41000061035157,81.37933371231281,175.78933432266436,0.040201587149548586,0
37,131.58000068664532,1040.800006866455,1040.800006866455,2081.60001373291,1.0,0,1,1.0,1.0,1.0,1,1,1,1,1,0,6,0,0.0,0.17470897255824883,1117.074324417114,858.9629070281984,1,17,1,2024-08-01,104.08000068664552,104.08000068664552,208.16000137329104,0.026720106257448542,0
38,593.2219898482723,1010.700008392334,463.86446504895736,1474.5644734412913,1.0,0,1,1.0,1.0,1.0,1,1,1,1,1,0,6,0,0.0,0.1489326473846074,1611.793950297491,394.77990224157145,1,17,1,2024-08-01,101.0700008392334,46.38644650489574,147.45644734412915,0.15340108735367503,0
39,158.12000236511233,0.0,922.200008392334,922.200008392334,1.0,0,1,1.0,1.0,1.0,1,1,1,1,1,6,0,0,0.0,0.16406815436852804,1151.7471996307372,770.8963550567627,1,17,1,2024-08-01,0.0,92.2200008392334,92.2200008392334,7.859384907250364e-09,0
40,927.0600036621094,891.4000091552734,0.0,891.4000091552734,1.0,0,1,1.0,1.0,1.0,1,1,1,1,1,6,0,0,0.0,0.0,1948.1872009277345,0.0,1,17,1,2024-08-01,89.14000091552735,0.0,89.14000091552735,6.847111890930503e-09,0
41,95.18232365231643,855.7133344014485,864.5000038146973,1720.2133382161458,0.6666666666666666,2,0,1.0,0.6666666666666666,1.0,0,0,1,1,0,0,6,0,0.0,0.5845005239130919,1089.8822748241914,359.1992986621367,1,17,1,2024-08-01,85.57133344014485,86.45000038146974,172.02133382161458,0.3253004556376557,1
42,78.70000038146975,787.0000038146973,787.0000038146973,1574.0000076293945,0.3333333333333333,4,0,1.0,0.0,1.0,0,0,1,1,0,2,4,0,0.0,0.5786188521688437,1081.7000003814696,331.6269649505615,1,17,1,2024-08-01,78.70000038146974,78.70000038146974,157.40000076293947,0.3268203098268668,1
43,73.2000003814697,732.0000038146973,732.0000038146973,1464.0000076293945,0.3333333333333333,4,0,1.0,0.0,1.0,0,0,1,1,0,2,4,0,0.0,0.6019662601597777,1079.5000492095946,291.36069908142093,1,17,1,2024-08-01,73.20000038146974,73.20000038146974,146.40000076293947,0.2805611217969825,1
44,73.52135589548948,577.0000038146973,559.4207199102309,1136.4207237249282,1.0,0,1,1.0,1.0,1.0,1,1,1,1,1,1,5,0,0.0,0.6373977622279049,1022.1213925165832,202.84720489552615,1,17,1,2024-08-01,57.70000038146973,55.94207199102309,113.64207237249282,0.12166883097132267,0
45,70.30000114440918,511.00000381469727,511.00000381469727,1022.0000076293945,1.0,0,1,1.0,1.0,1.0,1,1,1,1,1,0,6,0,0.0,0.773565062628781,933.8000011444092,115.70825386047363,1,17,1,2024-08-01,51.10000038146973,51.10000038146973,102.20000076293945,1.866290233438195e-09,0
46,62.596194997098124,472.50000381469727,472.50000381469727,945.0000076293945,1.0,0,1,1.0,1.0,1.0,1,1,1,1,1,0,0,6,0.0,0.8668618748131599,887.5961949970981,62.907764658663595,1,17,1,2024-08-01,47.25000038146973,47.25000038146973,94.50000076293946,2.3687739691227587e-10,0
47,48.41000061035155,484.1000061035156,484.1000061035156,968.2000122070312,0.16666666666666666,5,0,1.0,0.0,1.0,0,0,1,1,0,0,5,1,0.0,0.930572914095824,873.4100006103515,33.60965270996095,1,17,1,2024-08-01,48.41000061035157,48.41000061035157,96.82000122070313,0.35070139537279726,1
0,0.0,0.0,0.0,0.0,1.0,0,1,1.0,1.0,1.0,1,1,1,1,1,0,0,6,0.0,0.0,159.6999969482422,167.59999084472656,0,17,2,2024-08-01,0.0,0.0,0.0,0.0,0
1,0.0,0.0,0.0,0.0,1.0,0,1,1.0,1.0,1.0,1,1,1,1,1,0,0,6,0.0,0.0,178.89999389648438,186.8000030517578,0,17,2,2024-08-01,0.0,0.0,0.0,0.0,0
2,0.0,0.0,0.0,0.0,1.0,0,1,1.0,1.0,1.0,1,1,1,1,1,0,0,6,0.0,0.0,178.89999389648438,186.8000030517578,0,17,2,2024-08-01,0.0,0.0,0.0,0.0,0
3,0.0,0.0,0.0,0.0,1.0,0,1,1.0,1.0,1.0,1,1,1,1,1,0,0,6,0.0,0.0,178.89999389648438,186.8000030517578,0,17,2,2024-08-01,0.0,0.0,0.0,0.0,0
4,0.0,0.0,0.0,0.0,1.0,0,1,1.0,1.0,1.0,1,1,1,1,1,0,0,6,0.0,0.0,178.89999389648438,186.8000030517578,0,17,2,2024-08-01,0.0,0.0,0.0,0.0,0
5,0.0,0.0,0.0,0.0,1.0,0,1,1.0,1.0,1.0,1,1,1,1,1,0,0,6,0.0,0.0,178.89999389648438,186.8000030517578,0,17,2,2024-08-01,0.0,0.0,0.0,0.0,0
6,0.0,0.0,0.0,0.0,1.0,0,1,1.0,1.0,1.0,1,1,1,1,1,0,0,6,0.0,0.0,178.89999389648438,186.8000030517578,0,17,2,2024-08-01,0.0,0.0,0.0,0.0,0
7,0.0,0.0,0.0,0.0,1.0,0,1,1.0,1.0,1.0,1,1,1,1,1,0,0,6,0.0,0.0,178.89999389648438,186.8000030517578,0,17,2,2024-08-01,0.0,0.0,0.0,0.0,0
8,0.0,0.0,0.0,0.0,1.0,0,1,1.0,1.0,1.0,1,1,1,1,1,0,0,6,0.0,0.0,178.89999389648438,186.8000030517578,0,17,2,2024-08-01,0.0,0.0,0.0,0.0,0
9,0.0,0.0,0.0,0.0,1.0,0,1,1.0,1.0,1.0,1,1,1,1,1,0,0,6,0.0,0.0,178.89999389648438,186.8000030517578,0,17,2,2024-08-01,0.0,0.0,0.0,0.0,0
10,0.0,0.0,0.0,0.0,1.0,0,1,1.0,1.0,1.0,1,1,1,1,1,0,0,6,0.0,0.0,178.89999389648438,186.8000030517578,0,17,2,2024-08-01,0.0,0.0,0.0,0.0,0
11,0.0,0.0,0.0,0.0,1.0,0,1,1.0,1.0,1.0,1,1,1,1,1,0,0,6,0.0,0.0,178.89999389648438,186.8000030517578,0,17,2,2024-08-01,0.0,0.0,0.0,0.0,0
12,0.0,0.0,0.0,0.0,1.0,0,1,1.0,1.0,1.0,1,1,1,1,1,0,0,6,0.0,0.0,228.09999084472656,236.8000030517578,0,17,2,2024-08-01,0.0,0.0,0.0,0.0,0
13,0.0,0.0,0.0,0.0,1.0,0,1,1.0,1.0,0.6666666666666666,1,1,0,1,1,0,0,6,0.0,0.0,228.09999084472656,236.8000030517578,0,17,2,2024-08-01,0.0,0.0,0.0,0.0,0
14,0.0,0.0,0.0,0.0,1.0,0,1,1.0,1.0,0.0,1,1,0,1,1,0,0,6,0.0,0.0,316.5,325.1999816894531,0,17,2,2024-08-01,0.0,0.0,0.0,0.0,0
15,0.0,0.0,0.0,0.0,1.0,0,1,1.0,1.0,0.0,1,1,0,1,1,0,0,6,0.0,0.0,303.5199890136719,324.6000061035156,0,17,2,2024-08-01,0.0,0.0,0.0,0.0,0
16,0.0,0.0,0.0,0.0,1.0,0,1,1.0,1.0,0.0,1,1,0,1,1,0,0,6,0.0,0.0,359.82000732421875,371.3000183105469,0,17,2,2024-08-01,0.0,0.0,0.0,0.0,0
17,0.0,0.0,0.0,0.0,1.0,0,1,1.0,1.0,0.0,1,1,0,1,1,0,0,6,0.0,0.0,462.1000061035156,487.29998779296875,0,17,2,2024-08-01,0.0,0.0,0.0,0.0,0
18,41.32000045776364,284.00000381469727,303.2000045776367,587.200008392334,1.0,0,1,1.0,1.0,1.0,1,1,1,1,1,0,6,0,0.0,0.0,593.7200248718261,570.6799995422364,1,17,2,2024-08-01,28.400000381469727,30.320000457763673,58.7200008392334,0.46564518447520364,0
19,36.041425100823,408.2000045776367,408.2000045776367,816.4000091552734,1.0,0,1,1.0,1.0,1.0,1,1,1,1,1,0,6,0,0.0,0.0,652.2982000031667,628.758623727302,1,17,2,2024-08-01,40.820000457763676,40.820000457763676,81.64000091552735,0.3807615299053939,0
20,31.99227210225591,535.1000061035156,535.1000061035156,1070.2000122070312,1.0,0,1,1.0,1.0,1.0,1,1,1,1,1,5,0,1,0.0,0.0,671.7005240553809,650.3599007493066,1,17,2,2024-08-01,53.51000061035157,53.51000061035157,107.02000122070314,0.03340013370512732,0
21,47.543323060875316,586.0500061035157,601.1000061035156,1187.1500122070313,1.0,0,1,1.0,1.0,1.0,1,1,1,1,1,0,0,6,0.0,0.0,725.0165896624378,731.9568600445934,1,17,2,2024-08-01,58.60500061035157,60.11000061035156,118.71500122070313,3.840882635662456e-10,0
22,68.28386863584784,563.4500076293946,578.5000076293945,1141.950015258789,1.0,0,1,1.0,1.0,1.0,1,1,1,1,1,6,0,0,0.0,0.0,924.2167909991291,891.2158872235271,1,17,2,2024-08-01,56.34500076293946,57.85000076293946,114.19500152587892,1.5355519910768503e-09,0
23,-21.492823499714575,250.0,608.700008392334,858.700008392334,1.0,0,1,1.0,1.0,1.0,1,1,1,1,1,1,0,5,0.0,0.0,680.3101550159104,860.5928601208084,1,17,2,2024-08-01,25.0,60.8700008392334,85.8700008392334,0.035006545775249996,0
24,65.82000083923339,658.200008392334,658.200008392334,1316.400016784668,1.0,0,1,1.0,1.0,1.0,1,1,1,1,1,6,0,0,0.0,0.0,784.7426692962647,792.4800479888916,1,17,2,2024-08-01,65.8200008392334,65.8200008392334,131.6400016784668,8.693475795556865e-10,0
25,37.2858175377095,735.700008392334,735.700008392334,1471.400016784668,1.0,0,1,1.0,1.0,1.0,1,1,1,1,1,6,0,0,0.0,0.0,804.391652498647,900.1142679115093,1,17,2,2024-08-01,73.5700008392334,73.5700008392334,147.1400016784668,0.16366066162686585,0
26,83.57000083923327,835.700008392334,835.700008392334,1671.400016784668,1.0,0,1,1.0,1.0,1.0,1,1,1,1,1,6,0,0,0.16817146681060746,0.0,695.1591121673582,864.8300846099855,1,17,2,2024-08-01,83.5700008392334,83.5700008392334,167.1400016784668,0.40915163126905013,0
27,0.0,0.0,0.0,0.0,1.0,0,1,1.0,1.0,0.0,1,1,0,1,1,0,0,6,0.0,0.0,588.428955078125,995.10009765625,0,17,2,2024-08-01,0.0,0.0,0.0,0.0,0
28,104.83000126491089,0.0,1048.3000104624905,1048.3000104624905,1.0,0,1,1.0,1.0,1.0,1,1,1,1,1,0,0,6,0.0,0.15074874796713153,706.9589685500671,890.2700963913392,1,17,2,2024-08-01,0.0,104.83000104624905,104.83000104624905,5.40058944082381e-10,0
29,151.23721568931654,1048.3000106811523,1048.3000106811523,2096.6000213623047,1.0,0,1,1.0,1.0,1.0,1,1,1,1,1,0,6,0,0.1837491122735581,0.1426473574805216,855.6758143221291,898.7627843106834,1,17,2,2024-08-01,104.83000106811524,104.83000106811524,209.66000213623047,0.14028056763382457,0
30,164.24384023877218,1064.4333432515461,1067.600009918213,2132.033353169759,1.0,0,1,1.0,1.0,1.0,1,1,1,1,1,6,0,0,0.07172420088725036,0.15234535169924737,988.0877123090847,904.9561109331028,1,17,2,2024-08-01,106.44333432515462,106.7600009918213,213.20333531697588,2.2464720930831933e-09,0
31,186.50143905794783,1111.600009918213,1111.5999832424695,2223.1999931606824,1.0,0,1,1.0,1.0,1.0,1,1,1,1,1,3,3,0,0.03550701981193106,0.17875260964538253,1072.1304063431041,912.8985853561146,1,17,2,2024-08-01,111.16000099182129,111.15999832424696,222.31999931606825,0.01169004760765796,0
32,225.5816375585725,1119.9000091552734,1119.9000091552734,2239.800018310547,1.0,0,1,1.0,1.0,1.0,1,1,1,1,1,6,0,0,0.0,0.20919876205616494,1147.2639495702913,885.6183136133025,1,17,2,2024-08-01,111.99000091552735,111.99000091552735,223.9800018310547,1.3559639744317964e-09,0
33,110.34000089407598,0.0,1103.4000091552734,1103.4000091552734,1.0,0,1,1.0,1.0,1.0,1,1,1,1,1,0,6,0,0.0,0.04761651118500291,1096.6855819487635,1050.859950277799,1,17,2,2024-08-01,0.0,110.34000091552736,110.34000091552736,0.013360056193099346,0
34,160.07000160217277,0.0,1078.700008392334,1078.700008392334,1.0,0,1,1.0,1.0,1.0,1,1,1,1,1,0,6,0,0.0,0.0,1251.0974674224854,1093.0299739837646,1,17,2,2024-08-01,0.0,107.8700008392334,107.8700008392334,5.304575821993934e-09,0
35,281.85319635310356,951.700008392334,951.700008392334,1903.400016784668,1.0,0,1,1.0,1.0,1.0,1,1,1,1,1,0,6,0,0.0,0.0,1473.6422588531036,1063.552199154709,1,17,2,2024-08-01,95.17000083923341,95.17000083923341,190.34000167846682,7.405755526900996e-09,0
36,230.88600345563984,944.1000061035156,813.793337123128,1757.8933432266435,1.0,0,1,1.0,1.0,1.0,1,1,1,1,1,3,3,0,0.0,0.0,1462.9532641978274,1112.6418285756101,1,17,2,2024-08-01,94.41000061035157,81.37933371231281,175.78933432266436,0.040201587149548586,0
37,131.58000068664532,1040.800006866455,1040.800006866455,2081.60001373291,1.0,0,1,1.0,1.0,1.0,1,1,1,1,1,0,6,0,0.0,0.0,1491.9106891632077,1356.4199993133548,1,17,2,2024-08-01,104.08000068664552,104.08000068664552,208.16000137329104,0.026720106257448542,0
38,593.2219898482723,1010.700008392334,463.86446504895736,1474.5644734412913,1.0,0,1,1.0,1.0,1.0,1,1,1,1,1,0,6,0,0.0,0.0,2040.7405445357722,968.9779613236027,1,17,2,2024-08-01,101.0700008392334,46.38644650489574,147.45644734412915,0.15340108735367503,0
39,158.12000236511233,0.0,922.200008392334,922.200008392334,1.0,0,1,1.0,1.0,1.0,1,1,1,1,1,6,0,0,0.0,0.0,1570.0170970916747,1273.8799976348878,1,17,2,2024-08-01,0.0,92.2200008392334,92.2200008392334,7.859384907250364e-09,0
40,927.0600036621094,891.4000091552734,0.0,891.4000091552734,1.0,0,1,1.0,1.0,1.0,1,1,1,1,1,6,0,0,0.0,0.0,2248.1205505371095,322.76946411132815,1,17,2,2024-08-01,89.14000091552735,0.0,89.14000091552735,6.847111890930503e-09,0
41,95.18232365231643,855.7133344014485,864.5000038146973,1720.2133382161458,1.0,0,1,1.0,1.0,1.0,1,1,1,1,1,0,6,0,0.0,0.0,1339.9823724804414,935.2504156054961,1,17,2,2024-08-01,85.57133344014485,86.45000038146974,172.02133382161458,0.3253004556376557,0
42,78.70000038146975,787.0000038146973,787.0000038146973,1574.0000076293945,1.0,0,1,1.0,1.0,1.0,1,1,1,1,1,2,4,0,0.0,0.1618481614872732,1205.0000492095946,659.6255001068115,1,17,2,2024-08-01,78.70000038146974,78.70000038146974,157.40000076293947,0.3268203098268668,0
43,73.2000003814697,732.0000038146973,732.0000038146973,1464.0000076293945,1.0,0,1,1.0,1.0,1.0,1,1,1,1,1,2,4,0,0.0,0.5132532869492552,1125.3000980377196,356.29859580993656,1,17,2,2024-08-01,73.20000038146974,73.20000038146974,146.40000076293947,0.2805611217969825,0
44,73.52135589548948,577.0000038146973,559.4207199102309,1136.4207237249282,1.0,0,1,1.0,1.0,1.0,1,1,1,1,1,1,5,0,0.0,0.5990805815411988,1051.4214413447082,224.28262970021365,1,17,2,2024-08-01,57.70000038146973,55.94207199102309,113.64207237249282,0.12166883097132267,0
45,70.30000114440918,511.00000381469727,511.00000381469727,1022.0000076293945,1.0,0,1,1.0,1.0,1.0,1,1,1,1,1,0,6,0,0.0,0.7145649395656031,968.0000743865967,145.8573169708252,1,17,2,2024-08-01,51.10000038146973,51.10000038146973,102.20000076293945,1.866290233438195e-09,0
46,62.596194997098124,472.50000381469727,472.50000381469727,945.0000076293945,1.0,0,1,1.0,1.0,1.0,1,1,1,1,1,0,0,6,0.0,0.772515652520749,910.8962438252231,107.48635505173,1,17,2,2024-08-01,47.25000038146973,47.25000038146973,94.50000076293946,2.3687739691227587e-10,0
47,48.41000061035155,484.1000061035156,484.1000061035156,968.2000122070312,0.16666666666666666,5,0,1.0,0.0,1.0,0,0,1,1,0,0,5,1,0.0,0.8784211727058501,877.5100372314453,58.85631103515626,1,17,2,2024-08-01,48.41000061035157,48.41000061035157,96.82000122070313,0.35070139537279726,1
0,0.0,0.0,0.0,0.0,1.0,0,1,1.0,1.0,1.0,1,1,1,1,1,0,0,6,0.0,0.0,251.09999084472656,251.09999084472656,0,18,0,2024-08-01,0.0,0.0,0.0,0.0,0
1,0.0,0.0,0.0,0.0,1.0,0,1,1.0,1.0,1.0,1,1,1,1,1,0,0,6,0.0,0.0,278.6000061035156,278.6000061035156,0,18,0,2024-08-01,0.0,0.0,0.0,0.0,0
2,0.0,0.0,0.0,0.0,1.0,0,1,1.0,1.0,1.0,1,1,1,1,1,0,0,6,0.0,0.0,278.6000061035156,278.6000061035156,0,18,0,2024-08-01,0.0,0.0,0.0,0.0,0
3,0.0,0.0,0.0,0.0,1.0,0,1,1.0,1.0,1.0,1,1,1,1,1,0,0,6,0.0,0.0,278.6000061035156,278.6000061035156,0,18,0,2024-08-01,0.0,0.0,0.0,0.0,0
4,0.0,0.0,0.0,0.0,1.0,0,1,1.0,1.0,0.16666666666666666,1,1,0,1,1,0,0,6,0.0,0.0,278.6000061035156,278.6000061035156,0,18,0,2024-08-01,0.0,0.0,0.0,0.0,0
5,0.0,0.0,0.0,0.0,1.0,0,1,1.0,1.0,0.5,1,1,0,1,1,0,0,6,0.0,0.0,251.09999084472656,251.09999084472656,0,18,0,2024-08-01,0.0,0.0,0.0,0.0,0
6,0.0,0.0,0.0,0.0,1.0,0,1,1.0,1.0,1.0,1,1,1,1,1,0,0,6,0.0,0.0,251.09999084472656,251.09999084472656,0,18,0,2024-08-01,0.0,0.0,0.0,0.0,0
7,0.0,0.0,0.0,0.0,1.0,0,1,1.0,1.0,0.5,1,1,0,1,1,0,0,6,0.0,0.0,251.09999084472656,251.09999084472656,0,18,0,2024-08-01,0.0,0.0,0.0,0.0,0
8,0.0,0.0,0.0,0.0,1.0,0,1,1.0,1.0,0.0,1,1,0,1,1,0,0,6,0.0,0.0,251.09999084472656,251.09999084472656,0,18,0,2024-08-01,0.0,0.0,0.0,0.0,0
9,0.0,0.0,0.0,0.0,1.0,0,1,1.0,1.0,0.0,1,1,0,1,1,0,0,6,0.0,0.0,231.89999389648438,231.89999389648438,0,18,0,2024-08-01,0.0,0.0,0.0,0.0,0
10,0.0,0.0,0.0,0.0,1.0,0,1,1.0,1.0,0.0,1,1,0,1,1,0,0,6,0.0,0.0,231.89999389648438,231.89999389648438,0,18,0,2024-08-01,0.0,0.0,0.0,0.0,0
11,0.0,0.0,0.0,0.0,1.0,0,1,1.0,1.0,0.8333333333333334,1,1,0,1,1,0,0,6,0.0,0.0,193.5,193.5,0,18,0,2024-08-01,0.0,0.0,0.0,0.0,0
12,0.0,0.0,0.0,0.0,1.0,0,1,1.0,1.0,1.0,1,1,1,1,1,0,0,6,0.0,0.0,204.5,204.5,0,18,0,2024-08-01,0.0,0.0,0.0,0.0,0
13,0.0,0.0,0.0,0.0,1.0,0,1,1.0,1.0,1.0,1,1,1,1,1,0,0,6,0.0,0.0,232.0,232.0,0,18,0,2024-08-01,0.0,0.0,0.0,0.0,0
14,0.0,0.0,0.0,0.0,1.0,0,1,1.0,1.0,1.0,1,1,1,1,1,0,0,6,0.0,0.0,267.8999938964844,270.5,0,18,0,2024-08-01,0.0,0.0,0.0,0.0,0
15,0.0,0.0,0.0,0.0,1.0,0,1,1.0,1.0,0.8333333333333334,1,1,0,1,1,0,0,6,0.0,0.0,278.8999938964844,281.5,0,18,0,2024-08-01,0.0,0.0,0.0,0.0,0
16,0.0,0.0,0.0,0.0,1.0,0,1,1.0,1.0,0.0,1,1,0,1,1,0,0,6,0.0,0.0,413.6000061035156,463.3999938964844,0,18,0,2024-08-01,0.0,0.0,0.0,0.0,0
17,0.0,0.0,0.0,0.0,1.0,0,1,1.0,1.0,0.0,1,1,0,1,1,0,0,6,0.0,0.0,482.79998779296875,532.5999755859375,0,18,0,2024-08-01,0.0,0.0,0.0,0.0,0
18,41.32000045776364,284.00000381469727,303.2000045776367,587.200008392334,1.0,0,1,1.0,1.0,1.0,1,1,1,1,1,0,5,1,0.0,0.0,652.3200004577636,637.3800117492676,1,18,0,2024-08-01,28.400000381469727,30.320000457763673,58.7200008392334,0.1767316792112409,0
19,36.041425100823,408.2000045776367,408.2000045776367,816.4000091552734,1.0,0,1,1.0,1.0,1.0,1,1,1,1,1,6,0,0,0.0,0.0,802.455975882073,776.7592951140208,1,18,0,2024-08-01,40.820000457763676,40.820000457763676,81.64000091552735,1.5962953965312201e-09,0
20,31.99227210225591,535.1000061035156,535.1000061035156,1070.2000122070312,1.0,0,1,1.0,1.0,1.0,1,1,1,1,1,0,0,6,0.0,0.0,851.6717154616309,839.0080330735253,1,18,0,2024-08-01,53.51000061035157,53.51000061035157,107.02000122070314,6.343824133177961e-10,0
21,47.543323060875316,586.0500061035157,601.1000061035156,1187.1500122070313,1.0,0,1,1.0,1.0,1.0,1,1,1,1,1,0,5,1,0.0,0.0,1102.6240115374378,1111.4275021344372,1,18,0,2024-08-01,58.60500061035157,60.11000061035156,118.71500122070313,0.2082998824821862,0
22,68.28386863584784,563.4500076293946,578.5000076293945,1141.950015258789,1.0,0,1,1.0,1.0,1.0,1,1,1,1,1,1,5,0,0.0,0.0,1178.4810121905352,1098.2360288250898,1,18,0,2024-08-01,56.34500076293946,57.85000076293946,114.19500152587892,0.14171410476032206,0
23,-21.492823499714575,250.0,608.700008392334,858.700008392334,1.0,0,1,1.0,1.0,1.0,1,1,1,1,1,0,6,0,0.0,0.0,1095.6755114612229,1194.0927990856521,1,18,0,2024-08-01,25.0,60.8700008392334,85.8700008392334,0.06998758290290275,0
24,65.82000083923339,658.200008392334,658.200008392334,1316.400016784668,1.0,0,1,1.0,1.0,1.0,1,1,1,1,1,0,6,0,0.0,0.0,1135.545708847046,1070.9800479888916,1,18,0,2024-08-01,65.8200008392334,65.8200008392334,131.6400016784668,0.1777180895637007,0
25,37.2858175377095,735.700008392334,735.700008392334,1471.400016784668,1.0,0,1,1.0,1.0,1.0,1,1,1,1,1,2,4,0,0.0,0.0,1193.2394308189596,1150.336374845103,1,18,0,2024-08-01,73.5700008392334,73.5700008392334,147.1400016784668,0.11189658711305357,0
26,83.57000083923327,835.700008392334,835.700008392334,1671.400016784668,1.0,0,1,1.0,1.0,1.0,1,1,1,1,1,6,0,0,0.0,0.0,1205.4345027923582,1054.5220401763918,1,18,0,2024-08-01,83.5700008392334,83.5700008392334,167.1400016784668,6.847008753975718e-10,0
27,0.0,0.0,0.0,0.0,1.0,0,1,1.0,1.0,0.3333333333333333,1,1,0,1,1,0,0,6,0.0,0.0,1122.5831298828125,1137.9332275390625,0,18,0,2024-08-01,0.0,0.0,0.0,0.0,0
28,104.83000126491089,0.0,1048.3000104624905,1048.3000104624905,1.0,0,1,1.0,1.0,1.0,1,1,1,1,1,0,0,6,0.0,0.0,1287.7120813430358,1095.8316198288392,1,18,0,2024-08-01,0.0,104.83000104624905,104.83000104624905,5.40058944082381e-10,0
29,151.23721568931654,1048.3000106811523,1048.3000106811523,2096.6000213623047,1.0,0,1,1.0,1.0,1.0,1,1,1,1,1,6,0,0,0.0,0.0,1348.903109244004,1057.169156380996,1,18,0,2024-08-01,104.83000106811524,104.83000106811524,209.66000213623047,1.2184254943422121e-09,0
30,164.24384023877218,1064.4333432515461,1067.600009918213,2132.033353169759,1.0,0,1,1.0,1.0,1.0,1,1,1,1,1,6,0,0,0.0,0.0607871298130952,1344.3667650434597,1002.7036695268528,1,18,0,2024-08-01,106.44333432515462,106.7600009918213,213.20333531697588,2.2464720930831933e-09,0
31,186.50143905794783,1111.600009918213,1111.5999832424695,2223.1999931606824,1.0,0,1,1.0,1.0,1.0,1,1,1,1,1,6,0,0,0.0,0.16563334530273774,1319.329808198573,927.4819593795521,1,18,0,2024-08-01,111.16000099182129,111.15999832424696,222.31999931606825,2.1283627087331176e-09,0
32,225.5816375585725,1119.9000091552734,1119.9000091552734,2239.800018310547,1.0,0,1,1.0,1.0,1.0,1,1,1,1,1,6,0,0,0.0,0.17759487939948101,1349.1429168554475,921.011502089865,1,18,0,2024-08-01,111.99000091552735,111.99000091552735,223.9800018310547,0.271513761310766,0
33,110.34000089407598,0.0,1103.4000091552734,1103.4000091552734,1.0,0,1,1.0,1.0,1.0,1,1,1,1,1,0,6,0,0.0,0.07303930748654573,1163.8056991362635,1022.808436605924,1,18,0,2024-08-01,0.0,110.34000091552736,110.34000091552736,2.7852176419155454e-09,0
34,160.07000160217277,0.0,1078.700008392334,1078.700008392334,1.0,0,1,1.0,1.0,1.0,1,1,1,1,1,0,6,0,0.0,0.08812056529732039,1246.7654361724854,983.6443538665773,1,18,0,2024-08-01,0.0,107.8700008392334,107.8700008392334,5.304575821993934e-09,0
35,281.85319635310356,951.700008392334,951.700008392334,1903.400016784668,1.0,0,1,1.0,1.0,1.0,1,1,1,1,1,4,2,0,0.0,0.11325178041398637,1217.594285220291,843.9182880218964,1,18,0,2024-08-01,95.17000083923341,95.17000083923341,190.34000167846682,0.29948791033569055,0
36,230.88600345563984,944.1000061035156,813.793337123128,1757.8933432266435,1.0,0,1,1.0,1.0,1.0,1,1,1,1,1,6,0,0,0.013463111494330259,0.03376696160831184,931.3894824595461,786.3140087513914,1,18,0,2024-08-01,94.41000061035157,81.37933371231281,175.78933432266436,0.34643316120217654,0
37,131.58000068664532,1040.800006866455,1040.800006866455,2081.60001373291,1.0,0,1,1.0,1.0,1.0,1,1,1,1,1,0,6,0,0.24461102929031067,0.1650460893531179,786.2088459014891,869.0200359344484,1,18,0,2024-08-01,104.08000068664552,104.08000068664552,208.16000137329104,5.497739045545669e-10,0
38,593.2219898482723,1010.700008392334,463.86446504895736,1474.5644734412913,1.0,0,1,1.0,1.0,1.0,1,1,1,1,1,6,0,0,0.0,0.20455639489475416,1232.2235767623347,368.97802235875895,1,18,0,2024-08-01,101.0700008392334,46.38644650489574,147.45644734412915,3.380653162914195e-09,0
39,158.12000236511233,0.0,922.200008392334,922.200008392334,1.0,0,1,1.0,1.0,1.0,1,1,1,1,1,6,0,0,0.0,0.16083280135294267,974.6193920135498,773.8799976348877,1,18,0,2024-08-01,0.0,92.2200008392334,92.2200008392334,7.859384907250364e-09,0
40,927.0600036621094,891.4000091552734,0.0,891.4000091552734,0.5,3,0,0.5,1.0,1.0,0,1,1,0,1,6,0,0,0.0,0.0,1736.480291748047,0.0,1,18,0,2024-08-01,89.14000091552735,0.0,89.14000091552735,6.847111890930503e-09,1
41,95.18232365231643,855.7133344014485,864.5000038146973,1720.2133382161458,1.0,0,1,1.0,1.0,1.0,1,1,1,1,1,0,6,0,0.09118826084872562,0.38693014761374905,777.6823236523164,529.9988897265898,1,18,0,2024-08-01,85.57133344014485,86.45000038146974,172.02133382161458,2.103338757601217e-09,0
42,78.70000038146975,787.0000038146973,787.0000038146973,1574.0000076293945,1.0,0,1,1.0,1.0,1.0,1,1,1,1,1,6,0,0,0.06772554405956172,0.3405575470370226,733.7000003814697,518.9812129974365,1,18,0,2024-08-01,78.70000038146974,78.70000038146974,157.40000076293947,0.019746456511004526,0
43,73.2000003814697,732.0000038146973,732.0000038146973,1464.0000076293945,1.0,0,1,1.0,1.0,1.0,1,1,1,1,1,6,0,0,0.0,0.2300339040598119,767.2000003814697,563.6151851654053,1,18,0,2024-08-01,73.20000038146974,73.20000038146974,146.40000076293947,0.01974645432359426,0
44,73.52135589548948,577.0000038146973,559.4207199102309,1136.4207237249282,1.0,0,1,1.0,1.0,1.0,1,1,1,1,1,6,0,0,0.0,0.1263903515785558,687.8213436884582,488.715338440448,1,18,0,2024-08-01,57.70000038146973,55.94207199102309,113.64207237249282,0.0066839713221949195,0
45,70.30000114440918,511.00000381469727,511.00000381469727,1022.0000076293945,1.0,0,1,1.0,1.0,1.0,1,1,1,1,1,2,4,0,0.0,0.03730589135197312,684.5999889373779,491.9366931915283,1,18,0,2024-08-01,51.10000038146973,51.10000038146973,102.20000076293945,0.008227690419427702,0
46,62.596194997098124,472.50000381469727,472.50000381469727,945.0000076293945,1.0,0,1,1.0,1.0,1.0,1,1,1,1,1,0,1,5,0.0,0.0,643.3961827900669,507.6101038310269,1,18,0,2024-08-01,47.25000038146973,47.25000038146973,94.50000076293946,0.004936614729761786,0
47,48.41000061035155,484.1000061035156,484.1000061035156,968.2000122070312,1.0,0,1,1.0,1.0,1.0,1,1,1,1,1,0,0,6,0.0,0.05825030200802638,563.2099884033203,455.9010345458984,1,18,0,2024-08-01,48.41000061035157,48.41000061035157,96.82000122070313,7.879977624026941e-10,0
0,0.0,0.0,0.0,0.0,1.0,0,1,1.0,1.0,0.8333333333333334,1,1,0,1,1,0,0,6,0.0,0.0,219.09999084472656,219.79998779296875,0,18,1,2024-08-01,0.0,0.0,0.0,0.0,0
1,0.0,0.0,0.0,0.0,1.0,0,1,1.0,1.0,0.0,1,1,0,1,1,0,0,6,0.0,0.0,238.29998779296875,238.99998474121094,0,18,1,2024-08-01,0.0,0.0,0.0,0.0,0
2,0.0,0.0,0.0,0.0,1.0,0,1,1.0,1.0,0.3333333333333333,1,1,0,1,1,0,0,6,0.0,0.0,199.79998779296875,200.49998474121094,0,18,1,2024-08-01,0.0,0.0,0.0,0.0,0
3,0.0,0.0,0.0,0.0,1.0,0,1,1.0,1.0,0.3333333333333333,1,1,0,1,1,0,0,6,0.0,0.0,180.59999084472656,181.29998779296875,0,18,1,2024-08-01,0.0,0.0,0.0,0.0,0
4,0.0,0.0,0.0,0.0,1.0,0,1,1.0,1.0,1.0,1,1,1,1,1,0,0,6,0.0,0.0,161.39999389648438,162.09999084472656,0,18,1,2024-08-01,0.0,0.0,0.0,0.0,0
5,0.0,0.0,0.0,0.0,1.0,0,1,1.0,1.0,1.0,1,1,1,1,1,0,0,6,0.0,0.0,161.39999389648438,162.09999084472656,0,18,1,2024-08-01,0.0,0.0,0.0,0.0,0
6,0.0,0.0,0.0,0.0,1.0,0,1,1.0,1.0,0.6666666666666666,1,1,0,1,1,0,0,6,0.0,0.0,133.89999389648438,135.09999084472656,0,18,1,2024-08-01,0.0,0.0,0.0,0.0,0
7,0.0,0.0,0.0,0.0,1.0,0,1,1.0,1.0,1.0,1,1,1,1,1,0,0,6,0.0,0.0,133.89999389648438,135.09999084472656,0,18,1,2024-08-01,0.0,0.0,0.0,0.0,0
8,0.0,0.0,0.0,0.0,1.0,0,1,1.0,1.0,1.0,1,1,1,1,1,0,0,6,0.0,0.0,133.89999389648438,135.09999084472656,0,18,1,2024-08-01,0.0,0.0,0.0,0.0,0
9,0.0,0.0,0.0,0.0,1.0,0,1,1.0,1.0,1.0,1,1,1,1,1,0,0,6,0.0,0.0,144.89999389648438,146.09999084472656,0,18,1,2024-08-01,0.0,0.0,0.0,0.0,0
10,0.0,0.0,0.0,0.0,1.0,0,1,1.0,1.0,0.16666666666666666,1,1,0,1,1,0,0,6,0.0,0.0,144.89999389648438,146.09999084472656,0,18,1,2024-08-01,0.0,0.0,0.0,0.0,0
11,0.0,0.0,0.0,0.0,1.0,0,1,1.0,1.0,0.3333333333333333,1,1,0,1,1,0,0,6,0.0,0.0,125.69999694824219,126.89999389648438,0,18,1,2024-08-01,0.0,0.0,0.0,0.0,0
12,0.0,0.0,0.0,0.0,1.0,0,1,1.0,1.0,0.0,1,1,0,1,1,0,0,6,0.0,0.0,214.09999084472656,215.3000030517578,0,18,1,2024-08-01,0.0,0.0,0.0,0.0,0
13,0.0,0.0,0.0,0.0,1.0,0,1,1.0,1.0,0.8333333333333334,1,1,0,1,1,0,0,6,0.0,0.0,252.59999084472656,253.8000030517578,0,18,1,2024-08-01,0.0,0.0,0.0,0.0,0
14,0.0,0.0,0.0,0.0,1.0,0,1,1.0,1.0,0.8333333333333334,1,1,0,1,1,0,0,6,0.0,0.0,307.5,308.70001220703125,0,18,1,2024-08-01,0.0,0.0,0.0,0.0,0
15,0.0,0.0,0.0,0.0,1.0,0,1,1.0,1.0,0.0,1,1,0,1,1,0,0,6,0.0,0.0,432.3999938964844,461.3999938964844,0,18,1,2024-08-01,0.0,0.0,0.0,0.0,0
16,0.0,0.0,0.0,0.0,1.0,0,1,1.0,1.0,0.0,1,1,0,1,1,0,0,6,0.0,0.0,495.8999938964844,543.8999633789062,0,18,1,2024-08-01,0.0,0.0,0.0,0.0,0
17,0.0,0.0,0.0,0.0,1.0,0,1,1.0,1.0,0.0,1,1,0,1,1,0,0,6,0.0,0.0,484.8000183105469,579.1000366210938,0,18,1,2024-08-01,0.0,0.0,0.0,0.0,0
18,41.32000045776364,284.00000381469727,303.2000045776367,587.200008392334,1.0,0,1,1.0,1.0,1.0,1,1,1,1,1,0,5,1,0.0,0.0,590.9199760437011,606.9800483703614,1,18,1,2024-08-01,28.400000381469727,30.320000457763673,58.7200008392334,0.1767316792112409,0
19,36.041425100823,408.2000045776367,408.2000045776367,816.4000091552734,1.0,0,1,1.0,1.0,1.0,1,1,1,1,1,6,0,0,0.0,0.0,728.3284124055104,744.0586115202708,1,18,1,2024-08-01,40.820000457763676,40.820000457763676,81.64000091552735,1.5962953965312201e-09,0
20,31.99227210225591,535.1000061035156,535.1000061035156,1070.2000122070312,1.0,0,1,1.0,1.0,1.0,1,1,1,1,1,0,0,6,0.0,0.0,756.3848502272559,791.6077645188378,1,18,1,2024-08-01,53.51000061035157,53.51000061035157,107.02000122070314,6.343824133177961e-10,0
21,47.543323060875316,586.0500061035157,601.1000061035156,1187.1500122070313,1.0,0,1,1.0,1.0,1.0,1,1,1,1,1,0,5,1,0.0,0.0,781.4576297015003,763.0257687359997,1,18,1,2024-08-01,58.60500061035157,60.11000061035156,118.71500122070313,0.2082998824821862,0
22,68.28386863584784,563.4500076293946,578.5000076293945,1141.950015258789,1.0,0,1,1.0,1.0,1.0,1,1,1,1,1,1,5,0,0.0,0.0,839.7470034014729,764.0835019696209,1,18,1,2024-08-01,56.34500076293946,57.85000076293946,114.19500152587892,0.14171410476032206,0
23,-21.492823499714575,250.0,608.700008392334,858.700008392334,1.0,0,1,1.0,1.0,1.0,1,1,1,1,1,0,6,0,0.0,0.0,744.8688708362229,834.9146374645584,1,18,1,2024-08-01,25.0,60.8700008392334,85.8700008392334,0.06998758290290275,0
24,65.82000083923339,658.200008392334,658.200008392334,1316.400016784668,1.0,0,1,1.0,1.0,1.0,1,1,1,1,1,0,6,0,0.0,0.0,844.1239559173584,751.3597476959228,1,18,1,2024-08-01,65.8200008392334,65.8200008392334,131.6400016784668,0.1777180895637007,0
25,37.2858175377095,735.700008392334,735.700008392334,1471.400016784668,1.0,0,1,1.0,1.0,1.0,1,1,1,1,1,2,4,0,0.0,0.0,835.3594869713032,783.9141946693218,1,18,1,2024-08-01,73.5700008392334,73.5700008392334,147.1400016784668,0.11189658711305357,0
26,83.57000083923327,835.700008392334,835.700008392334,1671.400016784668,1.0,0,1,1.0,1.0,1.0,1,1,1,1,1,6,0,0,0.0,0.05811893806004836,938.7252742767332,787.130011367798,1,18,1,2024-08-01,83.5700008392334,83.5700008392334,167.1400016784668,6.847008753975718e-10,0
27,0.0,0.0,0.0,0.0,1.0,0,1,1.0,1.0,0.16666666666666666,1,1,0,1,1,0,0,6,0.0,0.0,836.5867919921875,851.5,0,18,1,2024-08-01,0.0,0.0,0.0,0.0,0
28,104.83000126491089,0.0,1048.3000104624905,1048.3000104624905,1.0,0,1,1.0,1.0,1.0,1,1,1,1,1,0,0,6,0.0,0.24833542052487417,982.7167810500671,787.9699865280579,1,18,1,2024-08-01,0.0,104.83000104624905,104.83000104624905,5.40058944082381e-10,0
29,151.23721568931654,1048.3000106811523,1048.3000106811523,2096.6000213623047,1.0,0,1,1.0,1.0,1.0,1,1,1,1,1,6,0,0,0.0,0.24490811306538499,1061.1634852205666,791.5628331388084,1,18,1,2024-08-01,104.83000106811524,104.83000106811524,209.66000213623047,1.2184254943422121e-09,0
30,164.24384023877218,1064.4333432515461,1067.600009918213,2132.033353169759,1.0,0,1,1.0,1.0,1.0,1,1,1,1,1,6,0,0,0.0,0.1981489315882136,1157.0402269575222,856.0562085893528,1,18,1,2024-08-01,106.44333432515462,106.7600009918213,213.20333531697588,2.2464720930831933e-09,0
31,186.50143905794783,1111.600009918213,1111.5999832424695,2223.1999931606824,1.0,0,1,1.0,1.0,1.0,1,1,1,1,1,6,0,0,0.0,0.30624652035102246,1125.105931245448,771.1763563522084,1,18,1,2024-08-01,111.16000099182129,111.15999832424696,222.31999931606825,2.1283627087331176e-09,0
32,225.5816375585725,1119.9000091552734,1119.9000091552734,2239.800018310547,1.0,0,1,1.0,1.0,1.0,1,1,1,1,1,6,0,0,0.03274807792549182,0.3937814664702877,1083.2254363866975,678.9041412500212,1,18,1,2024-08-01,111.99000091552735,111.99000091552735,223.9800018310547,0.271513761310766,0
33,110.34000089407598,0.0,1103.4000091552734,1103.4000091552734,1.0,0,1,1.0,1.0,1.0,1,1,1,1,1,0,6,0,0.0,0.2794881496170328,923.3036849761072,795.012782309049,1,18,1,2024-08-01,0.0,110.34000091552736,110.34000091552736,2.7852176419155454e-09,0
34,160.07000160217277,0.0,1078.700008392334,1078.700008392334,1.0,0,1,1.0,1.0,1.0,1,1,1,1,1,0,6,0,0.0,0.34514511170879525,946.1339664459227,706.3919734954835,1,18,1,2024-08-01,0.0,107.8700008392334,107.8700008392334,5.304575821993934e-09,0
35,281.85319635310356,951.700008392334,951.700008392334,1903.400016784668,1.0,0,1,1.0,1.0,1.0,1,1,1,1,1,4,2,0,0.0,0.3349832595829397,1098.7520610991974,632.8964374359589,1,18,1,2024-08-01,95.17000083923341,95.17000083923341,190.34000167846682,0.29948791033569055,0
36,230.88600345563984,944.1000061035156,813.793337123128,1757.8933432266435,1.0,0,1,1.0,1.0,1.0,1,1,1,1,1,6,0,0,0.13479474330810845,0.2234957506887041,816.8402881236086,631.9139843373289,1,18,1,2024-08-01,94.41000061035157,81.37933371231281,175.78933432266436,0.34643316120217654,0
37,131.58000068664532,1040.800006866455,1040.800006866455,2081.60001373291,1.0,0,1,1.0,1.0,1.0,1,1,1,1,1,0,6,0,0.37710429015373037,0.3798808656270806,648.3098590850828,645.4199993133547,1,18,1,2024-08-01,104.08000068664552,104.08000068664552,208.16000137329104,5.497739045545669e-10,0
38,593.2219898482723,1010.700008392334,463.86446504895736,1474.5644734412913,1.0,0,1,1.0,1.0,1.0,1,1,1,1,1,6,0,0,0.0,0.7213021908498997,1147.045171000616,129.2780101517277,1,18,1,2024-08-01,101.0700008392334,46.38644650489574,147.45644734412915,3.380653162914195e-09,0
39,158.12000236511233,0.0,922.200008392334,922.200008392334,1.0,0,1,1.0,1.0,1.0,1,1,1,1,1,6,0,0,0.0,0.41782694345142385,752.8678050994873,536.8799976348877,1,18,1,2024-08-01,0.0,92.2200008392334,92.2200008392334,7.859384907250364e-09,0
40,927.0600036621094,891.4000091552734,0.0,891.4000091552734,0.0,6,0,0.0,1.0,1.0,0,1,1,0,1,6,0,0,0.0,0.0,1558.9967712402345,0.0,1,18,1,2024-08-01,89.14000091552735,0.0,89.14000091552735,6.847111890930503e-09,1
41,95.18232365231643,855.7133344014485,864.5000038146973,1720.2133382161458,1.0,0,1,1.0,1.0,1.0,1,1,1,1,1,0,6,0,0.0,0.28419728394311694,867.6823236523164,618.8114507617461,1,18,1,2024-08-01,85.57133344014485,86.45000038146974,172.02133382161458,2.103338757601217e-09,0
42,78.70000038146975,787.0000038146973,787.0000038146973,1574.0000076293945,1.0,0,1,1.0,1.0,1.0,1,1,1,1,1,6,0,0,0.0,0.21351065962373061,837.4999881744385,618.9671138763428,1,18,1,2024-08-01,78.70000038146974,78.70000038146974,157.40000076293947,0.019746456511004526,0
43,73.2000003814697,732.0000038146973,732.0000038146973,1464.0000076293945,1.0,0,1,1.0,1.0,1.0,1,1,1,1,1,6,0,0,0.0,0.1628286108276044,820.9999881744385,612.809460067749,1,18,1,2024-08-01,73.20000038146974,73.20000038146974,146.40000076293947,0.01974645432359426,0
44,73.52135589548948,577.0000038146973,559.4207199102309,1136.4207237249282,1.0,0,1,1.0,1.0,1.0,1,1,1,1,1,6,0,0,0.0,0.0,771.3213436884582,576.0723330693543,1,18,1,2024-08-01,57.70000038146973,55.94207199102309,113.64207237249282,0.0066839713221949195,0
45,70.30000114440918,511.00000381469727,511.00000381469727,1022.0000076293945,1.0,0,1,1.0,1.0,1.0,1,1,1,1,1,2,4,0,0.0,0.0,748.9000377655029,559.5219593048096,1,18,1,2024-08-01,51.10000038146973,51.10000038146973,102.20000076293945,0.008227690419427702,0
46,62.596194997098124,472.50000381469727,472.50000381469727,945.0000076293945,1.0,0,1,1.0,1.0,1.0,1,1,1,1,1,0,1,5,0.0,0.0,810.3961827900669,620.8896448466519,1,18,1,2024-08-01,47.25000038146973,47.25000038146973,94.50000076293946,0.004936614729761786,0
47,48.41000061035155,484.1000061035156,484.1000061035156,968.2000122070312,1.0,0,1,1.0,1.0,1.0,1,1,1,1,1,0,0,6,0.0,0.0,796.2099884033203,633.4703094482422,1,18,1,2024-08-01,48.41000061035157,48.41000061035157,96.82000122070313,7.879977624026941e-10,0
0,0.0,0.0,0.0,0.0,1.0,0,1,1.0,1.0,1.0,1,1,1,1,1,0,0,6,0.0,0.0,299.3999938964844,317.1000061035156,0,18,2,2024-08-01,0.0,0.0,0.0,0.0,0
1,0.0,0.0,0.0,0.0,1.0,0,1,1.0,1.0,1.0,1,1,1,1,1,0,0,6,0.0,0.0,326.9000244140625,344.6000061035156,0,18,2,2024-08-01,0.0,0.0,0.0,0.0,0
2,0.0,0.0,0.0,0.0,1.0,0,1,1.0,1.0,0.6666666666666666,1,1,0,1,1,0,0,6,0.0,0.0,335.20001220703125,352.8999938964844,0,18,2,2024-08-01,0.0,0.0,0.0,0.0,0
3,0.0,0.0,0.0,0.0,1.0,0,1,1.0,1.0,1.0,1,1,1,1,1,0,0,6,0.0,0.0,335.20001220703125,352.8999938964844,0,18,2,2024-08-01,0.0,0.0,0.0,0.0,0
4,0.0,0.0,0.0,0.0,1.0,0,1,1.0,1.0,1.0,1,1,1,1,1,0,0,6,0.0,0.0,335.20001220703125,352.8999938964844,0,18,2,2024-08-01,0.0,0.0,0.0,0.0,0
5,0.0,0.0,0.0,0.0,1.0,0,1,1.0,1.0,1.0,1,1,1,1,1,0,0,6,0.0,0.0,335.20001220703125,352.8999938964844,0,18,2,2024-08-01,0.0,0.0,0.0,0.0,0
6,0.0,0.0,0.0,0.0,1.0,0,1,1.0,1.0,0.8333333333333334,1,1,0,1,1,0,0,6,0.0,0.0,335.20001220703125,352.8999938964844,0,18,2,2024-08-01,0.0,0.0,0.0,0.0,0
7,0.0,0.0,0.0,0.0,1.0,0,1,1.0,1.0,0.0,1,1,0,1,1,0,0,6,0.0,0.0,335.20001220703125,352.8999938964844,0,18,2,2024-08-01,0.0,0.0,0.0,0.0,0
8,0.0,0.0,0.0,0.0,1.0,0,1,1.0,1.0,0.0,1,1,0,1,1,0,0,6,0.0,0.0,316.0,333.70001220703125,0,18,2,2024-08-01,0.0,0.0,0.0,0.0,0
9,0.0,0.0,0.0,0.0,1.0,0,1,1.0,1.0,0.8333333333333334,1,1,0,1,1,0,0,6,0.0,0.0,266.0,283.70001220703125,0,18,2,2024-08-01,0.0,0.0,0.0,0.0,0
10,0.0,0.0,0.0,0.0,1.0,0,1,1.0,1.0,1.0,1,1,1,1,1,0,0,6,0.0,0.0,266.0,283.70001220703125,0,18,2,2024-08-01,0.0,0.0,0.0,0.0,0
11,0.0,0.0,0.0,0.0,1.0,0,1,1.0,1.0,1.0,1,1,1,1,1,0,0,6,0.0,0.0,266.0,283.70001220703125,0,18,2,2024-08-01,0.0,0.0,0.0,0.0,0
12,0.0,0.0,0.0,0.0,1.0,0,1,1.0,1.0,0.0,1,1,0,1,1,0,0,6,0.0,0.0,293.5,311.20001220703125,0,18,2,2024-08-01,0.0,0.0,0.0,0.0,0
13,0.0,0.0,0.0,0.0,1.0,0,1,1.0,1.0,0.0,1,1,0,1,1,0,0,6,0.0,0.0,321.0,338.70001220703125,0,18,2,2024-08-01,0.0,0.0,0.0,0.0,0
14,0.0,0.0,0.0,0.0,1.0,0,1,1.0,1.0,0.0,1,1,0,1,1,0,0,6,0.0,0.0,446.5,454.70001220703125,0,18,2,2024-08-01,0.0,0.0,0.0,0.0,0
15,0.0,0.0,0.0,0.0,1.0,0,1,1.0,1.0,0.0,1,1,0,1,1,0,0,6,0.0,0.0,468.1000061035156,504.70001220703125,0,18,2,2024-08-01,0.0,0.0,0.0,0.0,0
16,0.0,0.0,0.0,0.0,1.0,0,1,1.0,1.0,0.0,1,1,0,1,1,0,0,6,0.0,0.0,506.5,543.0999755859375,0,18,2,2024-08-01,0.0,0.0,0.0,0.0,0
17,0.0,0.0,0.0,0.0,1.0,0,1,1.0,1.0,0.0,1,1,0,1,1,0,0,6,0.0,0.0,575.2000122070312,613.5999755859375,0,18,2,2024-08-01,0.0,0.0,0.0,0.0,0
18,41.32000045776364,284.00000381469727,303.2000045776367,587.200008392334,1.0,0,1,1.0,1.0,1.0,1,1,1,1,1,0,5,1,0.0,0.0,633.4200370788574,591.4799873352051,1,18,2,2024-08-01,28.400000381469727,30.320000457763673,58.7200008392334,0.1767316792112409,0
19,36.041425100823,408.2000045776367,408.2000045776367,816.4000091552734,1.0,0,1,1.0,1.0,1.0,1,1,1,1,1,6,0,0,0.0,0.0,711.892743460198,676.3585382780833,1,18,2,2024-08-01,40.820000457763676,40.820000457763676,81.64000091552735,1.5962953965312201e-09,0
20,31.99227210225591,535.1000061035156,535.1000061035156,1070.2000122070312,1.0,0,1,1.0,1.0,1.0,1,1,1,1,1,0,0,6,0.0,0.0,739.7533805006934,727.2077401047753,1,18,2,2024-08-01,53.51000061035157,53.51000061035157,107.02000122070314,6.343824133177961e-10,0
21,47.543323060875316,586.0500061035157,601.1000061035156,1187.1500122070313,1.0,0,1,1.0,1.0,1.0,1,1,1,1,1,0,5,1,0.0,0.0,791.7671389788441,734.7566647320934,1,18,2,2024-08-01,58.60500061035157,60.11000061035156,118.71500122070313,0.2082998824821862,0
22,68.28386863584784,563.4500076293946,578.5000076293945,1141.950015258789,1.0,0,1,1.0,1.0,1.0,1,1,1,1,1,1,5,0,0.0,0.0,878.0890444170979,779.9160825360271,1,18,2,2024-08-01,56.34500076293946,57.85000076293946,114.19500152587892,0.14171410476032206,0
23,-21.492823499714575,250.0,608.700008392334,858.700008392334,1.0,0,1,1.0,1.0,1.0,1,1,1,1,1,0,6,0,0.0,0.0,890.5282336291916,937.5927990856521,1,18,2,2024-08-01,25.0,60.8700008392334,85.8700008392334,0.06998758290290275,0
24,65.82000083923339,658.200008392334,658.200008392334,1316.400016784668,1.0,0,1,1.0,1.0,1.0,1,1,1,1,1,0,6,0,0.0,0.0,1031.6510555267334,907.8799503326416,1,18,2,2024-08-01,65.8200008392334,65.8200008392334,131.6400016784668,0.1777180895637007,0
25,37.2858175377095,735.700008392334,735.700008392334,1471.400016784668,1.0,0,1,1.0,1.0,1.0,1,1,1,1,1,2,4,0,0.0,0.0,1010.6857198814595,936.4141336341655,1,18,2,2024-08-01,73.5700008392334,73.5700008392334,147.1400016784668,0.11189658711305357,0
26,83.57000083923327,835.700008392334,835.700008392334,1671.400016784668,1.0,0,1,1.0,1.0,1.0,1,1,1,1,1,6,0,0,0.0,0.0,1081.4787532806395,973.2300479888918,1,18,2,2024-08-01,83.5700008392334,83.5700008392334,167.1400016784668,6.847008753975718e-10,0
27,0.0,0.0,0.0,0.0,1.0,0,1,1.0,1.0,0.0,1,1,0,1,1,0,0,6,0.0,0.0,996.3418579101562,1051.199951171875,0,18,2,2024-08-01,0.0,0.0,0.0,0.0,0
28,104.83000126491089,0.0,1048.3000104624905,1048.3000104624905,1.0,0,1,1.0,1.0,1.0,1,1,1,1,1,0,0,6,0.0,0.12346656322484244,1075.200911909442,918.8700109421204,1,18,2,2024-08-01,0.0,104.83000104624905,104.83000104624905,5.40058944082381e-10,0
29,151.23721568931654,1048.3000106811523,1048.3000106811523,2096.6000213623047,1.0,0,1,1.0,1.0,1.0,1,1,1,1,1,6,0,0,0.0,0.1781333355334109,1106.464388540879,861.5628331388084,1,18,2,2024-08-01,104.83000106811524,104.83000106811524,209.66000213623047,1.2184254943422121e-09,0
30,164.24384023877218,1064.4333432515461,1067.600009918213,2132.033353169759,1.0,0,1,1.0,1.0,1.0,1,1,1,1,1,6,0,0,0.0,0.2206292610908694,1129.758915922366,832.0562085893528,1,18,2,2024-08-01,106.44333432515462,106.7600009918213,213.20333531697588,2.2464720930831933e-09,0
31,186.50143905794783,1111.600009918213,1111.5999832424695,2223.1999931606824,1.0,0,1,1.0,1.0,1.0,1,1,1,1,1,6,0,0,0.0,0.2966110808440079,1135.002903901698,781.8871107467396,1,18,2,2024-08-01,111.16000099182129,111.15999832424696,222.31999931606825,2.1283627087331176e-09,0
32,225.5816375585725,1119.9000091552734,1119.9000091552734,2239.800018310547,1.0,0,1,1.0,1.0,1.0,1,1,1,1,1,6,0,0,0.0,0.3568449783894947,1133.8038665624788,720.269314589865,1,18,2,2024-08-01,111.99000091552735,111.99000091552735,223.9800018310547,0.271513761310766,0
33,110.34000089407598,0.0,1103.4000091552734,1103.4000091552734,1.0,0,1,1.0,1.0,1.0,1,1,1,1,1,0,6,0,0.0,0.2968818967467618,971.3758285307947,775.8205215668615,1,18,2,2024-08-01,0.0,110.34000091552736,110.34000091552736,2.7852176419155454e-09,0
34,160.07000160217277,0.0,1078.700008392334,1078.700008392334,1.0,0,1,1.0,1.0,1.0,1,1,1,1,1,0,6,0,0.0,0.34538756618408634,994.5885562896727,706.1304378509523,1,18,2,2024-08-01,0.0,107.8700008392334,107.8700008392334,5.304575821993934e-09,0
35,281.85319635310356,951.700008392334,951.700008392334,1903.400016784668,1.0,0,1,1.0,1.0,1.0,1,1,1,1,1,4,2,0,0.0,0.34550282932244925,1071.640183657791,622.8849628265839,1,18,2,2024-08-01,95.17000083923341,95.17000083923341,190.34000167846682,0.29948791033569055,0
36,230.88600345563984,944.1000061035156,813.793337123128,1757.8933432266435,1.0,0,1,1.0,1.0,1.0,1,1,1,1,1,6,0,0,0.08154798624118484,0.1656186786639534,867.1105517954836,679.0139599232664,1,18,2,2024-08-01,94.41000061035157,81.37933371231281,175.78933432266436,0.34643316120217654,0
37,131.58000068664532,1040.800006866455,1040.800006866455,2081.60001373291,1.0,0,1,1.0,1.0,1.0,1,1,1,1,1,0,6,0,0.30593757991993237,0.3107033103571004,722.3801715850828,717.4199993133547,1,18,2,2024-08-01,104.08000068664552,104.08000068664552,208.16000137329104,5.497739045545669e-10,0
38,593.2219898482723,1010.700008392334,463.86446504895736,1474.5644734412913,1.0,0,1,1.0,1.0,1.0,1,1,1,1,1,6,0,0,0.0,0.5078777803606174,1157.1312916060847,228.2780101517277,1,18,2,2024-08-01,101.0700008392334,46.38644650489574,147.45644734412915,3.380653162914195e-09,0
39,158.12000236511233,0.0,922.200008392334,922.200008392334,1.0,0,1,1.0,1.0,1.0,1,1,1,1,1,6,0,0,0.0,0.2867273736034178,873.4701000213623,657.7800220489502,1,18,2,2024-08-01,0.0,92.2200008392334,92.2200008392334,7.859384907250364e-09,0
40,927.0600036621094,891.4000091552734,0.0,891.4000091552734,0.5,3,0,0.5,1.0,1.0,0,1,1,0,1,6,0,0,0.0,0.0,1648.6704162597657,0.0,1,18,2,2024-08-01,89.14000091552735,0.0,89.14000091552735,6.847111890930503e-09,1
41,95.18232365231643,855.7133344014485,864.5000038146973,1720.2133382161458,1.0,0,1,1.0,1.0,1.0,1,1,1,1,1,0,6,0,0.0,0.18185647142478173,969.3823358593477,707.2850835742461,1,18,2,2024-08-01,85.57133344014485,86.45000038146974,172.02133382161458,2.103338757601217e-09,0
42,78.70000038146975,787.0000038146973,787.0000038146973,1574.0000076293945,1.0,0,1,1.0,1.0,1.0,1,1,1,1,1,6,0,0,0.0,0.15442521627527836,894.6000858306885,665.4673580169678,1,18,2,2024-08-01,78.70000038146974,78.70000038146974,157.40000076293947,0.019746456511004526,0
43,73.2000003814697,732.0000038146973,732.0000038146973,1464.0000076293945,1.0,0,1,1.0,1.0,1.0,1,1,1,1,1,6,0,0,0.0,0.20557973525261108,756.7000003814697,581.5156368255615,1,18,2,2024-08-01,73.20000038146974,73.20000038146974,146.40000076293947,0.01974645432359426,0
44,73.52135589548948,577.0000038146973,559.4207199102309,1136.4207237249282,1.0,0,1,1.0,1.0,1.0,1,1,1,1,1,6,0,0,0.0,0.030793351024705377,718.0213558954895,542.1942813115418,1,18,2,2024-08-01,57.70000038146973,55.94207199102309,113.64207237249282,0.0066839713221949195,0
45,70.30000114440918,511.00000381469727,511.00000381469727,1022.0000076293945,1.0,0,1,1.0,1.0,1.0,1,1,1,1,1,2,4,0,0.0,0.0,718.0999889373779,548.7156238555908,1,18,2,2024-08-01,51.10000038146973,51.10000038146973,102.20000076293945,0.008227690419427702,0
46,62.596194997098124,472.50000381469727,472.50000381469727,945.0000076293945,1.0,0,1,1.0,1.0,1.0,1,1,1,1,1,0,1,5,0.0,0.0,671.8961827900669,517.9193689677456,1,18,2,2024-08-01,47.25000038146973,47.25000038146973,94.50000076293946,0.004936614729761786,0
47,48.41000061035155,484.1000061035156,484.1000061035156,968.2000122070312,1.0,0,1,1.0,1.0,1.0,1,1,1,1,1,0,0,6,0.0,0.06650366459940181,577.509976196289,451.90558166503905,1,18,2,2024-08-01,48.41000061035157,48.41000061035157,96.82000122070313,7.879977624026941e-10,0
0,0.0,0.0,0.0,0.0,1.0,0,1,1.0,1.0,1.0,1,1,1,1,1,0,0,6,0.0,0.0,317.8999938964844,366.8999938964844,0,19,0,2024-08-01,0.0,0.0,0.0,0.0,0
1,0.0,0.0,0.0,0.0,1.0,0,1,1.0,1.0,1.0,1,1,1,1,1,0,0,6,0.0,0.0,317.8999938964844,366.8999938964844,0,19,0,2024-08-01,0.0,0.0,0.0,0.0,0
2,0.0,0.0,0.0,0.0,1.0,0,1,1.0,1.0,0.0,1,1,0,1,1,0,0,6,0.0,0.0,317.8999938964844,366.8999938964844,0,19,0,2024-08-01,0.0,0.0,0.0,0.0,0
3,0.0,0.0,0.0,0.0,1.0,0,1,1.0,1.0,0.8333333333333334,1,1,0,1,1,0,0,6,0.0,0.0,326.20001220703125,375.20001220703125,0,19,0,2024-08-01,0.0,0.0,0.0,0.0,0
4,0.0,0.0,0.0,0.0,1.0,0,1,1.0,1.0,1.0,1,1,1,1,1,0,0,6,0.0,0.0,326.20001220703125,375.20001220703125,0,19,0,2024-08-01,0.0,0.0,0.0,0.0,0
5,0.0,0.0,0.0,0.0,1.0,0,1,1.0,1.0,0.16666666666666666,1,1,0,1,1,0,0,6,0.0,0.0,334.5,383.5,0,19,0,2024-08-01,0.0,0.0,0.0,0.0,0
6,0.0,0.0,0.0,0.0,1.0,0,1,1.0,1.0,0.0,1,1,0,1,1,0,0,6,0.0,0.0,334.5,383.5,0,19,0,2024-08-01,0.0,0.0,0.0,0.0,0
7,0.0,0.0,0.0,0.0,1.0,0,1,1.0,1.0,0.0,1,1,0,1,1,0,0,6,0.0,0.0,334.5,383.5,0,19,0,2024-08-01,0.0,0.0,0.0,0.0,0
8,0.0,0.0,0.0,0.0,1.0,0,1,1.0,1.0,0.0,1,1,0,1,1,0,0,6,0.0,0.0,332.29998779296875,364.29998779296875,0,19,0,2024-08-01,0.0,0.0,0.0,0.0,0
9,0.0,0.0,0.0,0.0,1.0,0,1,1.0,1.0,0.5,1,1,0,1,1,0,0,6,0.0,0.0,263.0999755859375,295.0999755859375,0,19,0,2024-08-01,0.0,0.0,0.0,0.0,0
10,0.0,0.0,0.0,0.0,1.0,0,1,1.0,1.0,1.0,1,1,1,1,1,0,0,6,0.0,0.0,263.0999755859375,295.0999755859375,0,19,0,2024-08-01,0.0,0.0,0.0,0.0,0
11,0.0,0.0,0.0,0.0,1.0,0,1,1.0,1.0,1.0,1,1,1,1,1,0,0,6,0.0,0.0,263.0999755859375,295.0999755859375,0,19,0,2024-08-01,0.0,0.0,0.0,0.0,0
12,0.0,0.0,0.0,0.0,1.0,0,1,1.0,1.0,1.0,1,1,1,1,1,0,0,6,0.0,0.0,290.5999755859375,322.5999755859375,0,19,0,2024-08-01,0.0,0.0,0.0,0.0,0
13,0.0,0.0,0.0,0.0,1.0,0,1,1.0,1.0,0.8333333333333334,1,1,0,1,1,0,0,6,0.0,0.0,360.3000183105469,430.29998779296875,0,19,0,2024-08-01,0.0,0.0,0.0,0.0,0
14,0.0,0.0,0.0,0.0,1.0,0,1,1.0,1.0,0.0,1,1,0,1,1,0,0,6,0.0,0.0,390.5,460.5,0,19,0,2024-08-01,0.0,0.0,0.0,0.0,0
15,0.0,0.0,0.0,0.0,1.0,0,1,1.0,1.0,0.0,1,1,0,1,1,0,0,6,0.0,0.0,393.60003662109375,452.20001220703125,0,19,0,2024-08-01,0.0,0.0,0.0,0.0,0
16,0.0,0.0,0.0,0.0,1.0,0,1,1.0,1.0,0.0,1,1,0,1,1,0,0,6,0.0,0.0,416.7680358886719,471.4000244140625,0,19,0,2024-08-01,0.0,0.0,0.0,0.0,0
17,0.0,0.0,0.0,0.0,1.0,0,1,1.0,1.0,0.0,1,1,0,1,1,0,0,6,0.0,0.0,458.20001220703125,512.6000366210938,0,19,0,2024-08-01,0.0,0.0,0.0,0.0,0
18,41.32000045776364,284.00000381469727,303.2000045776367,587.200008392334,1.0,0,1,1.0,1.0,1.0,1,1,1,1,1,0,0,6,0.0,0.0,614.4199760437011,586.6800605773926,1,19,0,2024-08-01,28.400000381469727,30.320000457763673,58.7200008392334,1.2992837380059546e-09,0
19,36.041425100823,408.2000045776367,408.2000045776367,816.4000091552734,1.0,0,1,1.0,1.0,1.0,1,1,1,1,1,6,0,0,0.0,0.0,561.625165335198,676.6586481413646,1,19,0,2024-08-01,40.820000457763676,40.820000457763676,81.64000091552735,0.025000001907800978,0
20,31.99227210225591,535.1000061035156,535.1000061035156,1070.2000122070312,0.5,3,0,0.4,1.0,1.0,0,0,1,0,1,5,0,1,0.2011525405956658,0.0,427.4632804030372,661.5077278977441,1,19,0,2024-08-01,53.51000061035157,53.51000061035157,107.02000122070314,0.32916667015262613,1
21,47.543323060875316,586.0500061035157,601.1000061035156,1187.1500122070313,0.3333333333333333,4,0,0.2,1.0,1.0,0,0,1,0,1,5,0,1,0.28893134456491487,0.0,416.7217898577503,673.4566769391247,1,19,0,2024-08-01,58.60500061035157,60.11000061035156,118.71500122070313,0.22626142194431711,1
22,68.28386863584784,563.4500076293946,578.5000076293945,1141.950015258789,1.0,0,1,1.0,1.0,1.0,1,1,1,1,1,6,0,0,0.29166718136581476,0.0,399.1101320635822,641.2161313641521,1,19,0,2024-08-01,56.34500076293946,57.85000076293946,114.19500152587892,1.5355519910768503e-09,0
23,-21.492823499714575,250.0,608.700008392334,858.700008392334,1.0,0,1,1.0,1.0,1.0,1,1,1,1,1,2,0,4,0.0,0.0,296.12634764286355,728.2928723278396,1,19,0,2024-08-01,25.0,60.8700008392334,85.8700008392334,0.043670665603226605,0
24,65.82000083923339,658.200008392334,658.200008392334,1316.400016784668,1.0,0,1,1.0,1.0,1.0,1,1,1,1,1,6,0,0,0.3366915092785787,0.0,436.5896541595459,717.8799503326416,1,19,0,2024-08-01,65.8200008392334,65.8200008392334,131.6400016784668,0.10416666813972786,0
25,37.2858175377095,735.700008392334,735.700008392334,1471.400016784668,1.0,0,1,1.0,1.0,1.0,1,1,1,1,1,6,0,0,0.38026864815875,0.0,455.9363607506001,828.9141336341655,1,19,0,2024-08-01,73.5700008392334,73.5700008392334,147.1400016784668,0.14999999555618795,0
26,83.57000083923327,835.700008392334,835.700008392334,1671.400016784668,1.0,0,1,1.0,1.0,1.0,1,1,1,1,1,6,0,0,0.48717813115559006,0.03382793938934048,428.5652400970458,807.4299991607668,1,19,0,2024-08-01,83.5700008392334,83.5700008392334,167.1400016784668,0.15833333413215103,0
27,0.0,0.0,0.0,0.0,1.0,0,1,1.0,1.0,0.0,1,1,0,1,1,0,0,6,0.0,0.0,337.2644958496094,918.5,0,19,0,2024-08-01,0.0,0.0,0.0,0.0,0
28,104.83000126491089,0.0,1048.3000104624905,1048.3000104624905,1.0,0,1,1.0,1.0,1.0,1,1,1,1,1,0,0,6,0.0,0.18451773018668208,497.41404667506714,854.8700719772767,1,19,0,2024-08-01,0.0,104.83000104624905,104.83000104624905,5.40058944082381e-10,0
29,151.23721568931654,1048.3000106811523,1048.3000106811523,2096.6000213623047,1.0,0,1,1.0,1.0,1.0,1,1,1,1,1,6,0,0,0.4422399831168618,0.1705973016370368,584.6998316561135,869.4628575528709,1,19,0,2024-08-01,104.83000106811524,104.83000106811524,209.66000213623047,1.2184254943422121e-09,0
30,164.24384023877218,1064.4333432515461,1067.600009918213,2132.033353169759,1.0,0,1,1.0,1.0,1.0,1,1,1,1,1,6,0,0,0.4071913010182671,0.17210928518549184,631.0053453657254,883.8561353471653,1,19,0,2024-08-01,106.44333432515462,106.7600009918213,213.20333531697588,2.2464720930831933e-09,0
31,186.50143905794783,1111.600009918213,1111.5999832424695,2223.1999931606824,0.16666666666666666,5,0,0.16666666666666666,1.0,1.0,0,0,1,0,1,6,0,0,0.4576828706075506,0.23974581749912538,602.8397264114635,845.0985365279896,1,19,0,2024-08-01,111.16000099182129,111.15999832424696,222.31999931606825,0.4166666723646492,1
32,225.5816375585725,1119.9000091552734,1119.9000091552734,2239.800018310547,0.0,6,0,0.0,1.0,1.0,0,0,1,0,1,6,0,0,0.3767565548306219,0.176695838476837,697.9703399511507,922.018338027365,1,19,0,2024-08-01,111.99000091552735,111.99000091552735,223.9800018310547,0.47499999692779504,1
33,110.34000089407598,0.0,1103.4000091552734,1103.4000091552734,1.0,0,1,1.0,1.0,1.0,1,1,1,1,1,0,6,0,0.0,0.039550511239184474,615.9752853179041,1059.7599746918615,1,19,0,2024-08-01,0.0,110.34000091552736,110.34000091552736,2.7852176419155454e-09,0
34,160.07000160217277,0.0,1078.700008392334,1078.700008392334,1.0,0,1,1.0,1.0,1.0,1,1,1,1,1,0,6,0,0.0,0.22774633490506133,527.6092166900634,833.030035018921,1,19,0,2024-08-01,0.0,107.8700008392334,107.8700008392334,5.304575821993934e-09,0
35,281.85319635310356,951.700008392334,951.700008392334,1903.400016784668,0.5,3,0,0.25,1.0,1.0,0,0,1,0,1,4,2,0,0.2957269161914706,0.2439351867700255,670.2566997710724,719.5468890961151,1,19,0,2024-08-01,95.17000083923341,95.17000083923341,190.34000167846682,0.22500000057104083,1
36,230.88600345563984,944.1000061035156,813.793337123128,1757.8933432266435,0.5,3,0,0.5,1.0,1.0,0,0,1,0,1,6,0,0,0.3341496170325385,0.034872848493657634,628.6293506236086,785.4140453724851,1,19,0,2024-08-01,94.41000061035157,81.37933371231281,175.78933432266436,0.06713291345729597,1
37,131.58000068664532,1040.800006866455,1040.800006866455,2081.60001373291,1.0,0,1,1.0,1.0,1.0,1,1,1,1,1,0,6,0,0.5152103751467022,0.16840888717874195,504.5690448760985,865.5200359344484,1,19,0,2024-08-01,104.08000068664552,104.08000068664552,208.16000137329104,5.497739045545669e-10,0
38,593.2219898482723,1010.700008392334,463.86446504895736,1474.5644734412913,1.0,0,1,1.0,1.0,1.0,1,1,1,1,1,6,0,0,0.04877156159560337,0.26060725017476766,961.4065906783504,342.97802235875895,1,19,0,2024-08-01,101.0700008392334,46.38644650489574,147.45644734412915,3.380653162914195e-09,0
39,158.12000236511233,0.0,922.200008392334,922.200008392334,1.0,0,1,1.0,1.0,1.0,1,1,1,1,1,6,0,0,0.0,0.17417045878195445,776.8775096893311,761.5800098419189,1,19,0,2024-08-01,0.0,92.2200008392334,92.2200008392334,7.859384907250364e-09,0
40,927.0600036621094,891.4000091552734,0.0,891.4000091552734,1.0,0,1,1.0,1.0,1.0,1,1,1,1,1,6,0,0,0.0,0.0,1542.4257873535157,0.0,1,19,0,2024-08-01,89.14000091552735,0.0,89.14000091552735,6.847111890930503e-09,0
41,95.18232365231643,855.7133344014485,864.5000038146973,1720.2133382161458,1.0,0,1,1.0,1.0,1.0,1,1,1,1,1,1,5,0,0.0,0.1085234904821046,1001.5823480663789,770.6814458789336,1,19,0,2024-08-01,85.57133344014485,86.45000038146974,172.02133382161458,0.03316307210507417,0
42,78.70000038146975,787.0000038146973,787.0000038146973,1574.0000076293945,1.0,0,1,1.0,1.0,1.0,1,1,1,1,1,6,0,0,0.0,0.13403241675432678,860.574328994751,681.516491317749,1,19,0,2024-08-01,78.70000038146974,78.70000038146974,157.40000076293947,0.02500000109060596,0
43,73.2000003814697,732.0000038146973,732.0000038146973,1464.0000076293945,1.0,0,1,1.0,1.0,1.0,1,1,1,1,1,6,0,0,0.0,0.13773423993400286,791.978137588501,631.1785396575928,1,19,0,2024-08-01,73.20000038146974,73.20000038146974,146.40000076293947,2.345100752237435e-09,0
44,73.52135589548948,577.0000038146973,559.4207199102309,1136.4207237249282,1.0,0,1,1.0,1.0,1.0,1,1,1,1,1,2,4,0,0.0,0.0,761.9242489618957,603.7916323857605,1,19,0,2024-08-01,57.70000038146973,55.94207199102309,113.64207237249282,0.196906207542478,0
45,70.30000114440918,511.00000381469727,511.00000381469727,1022.0000076293945,1.0,0,1,1.0,1.0,1.0,1,1,1,1,1,0,6,0,0.0,0.0,757.4768199920654,590.7575550079346,1,19,0,2024-08-01,51.10000038146973,51.10000038146973,102.20000076293945,1.866290233438195e-09,0
46,62.596194997098124,472.50000381469727,472.50000381469727,945.0000076293945,1.0,0,1,1.0,1.0,1.0,1,1,1,1,1,0,1,5,0.0,0.0,732.6356237080356,583.0622522685269,1,19,0,2024-08-01,47.25000038146973,47.25000038146973,94.50000076293946,0.05833333242647435,0
47,48.41000061035155,484.1000061035156,484.1000061035156,968.2000122070312,1.0,0,1,1.0,1.0,1.0,1,1,1,1,1,0,6,0,0.0,0.0,618.9100006103515,495.6824676513672,1,19,0,2024-08-01,48.41000061035157,48.41000061035157,96.82000122070313,0.3499999936960178,0
0,0.0,0.0,0.0,0.0,1.0,0,1,1.0,1.0,1.0,1,1,1,1,1,0,0,6,0.0,0.0,363.20001220703125,455.0999755859375,0,19,1,2024-08-01,0.0,0.0,0.0,0.0,0
1,0.0,0.0,0.0,0.0,1.0,0,1,1.0,1.0,0.6666666666666666,1,1,0,1,1,0,0,6,0.0,0.0,363.20001220703125,455.0999755859375,0,19,1,2024-08-01,0.0,0.0,0.0,0.0,0
2,0.0,0.0,0.0,0.0,1.0,0,1,1.0,1.0,0.0,1,1,0,1,1,0,0,6,0.0,0.0,335.70001220703125,427.5999755859375,0,19,1,2024-08-01,0.0,0.0,0.0,0.0,0
3,0.0,0.0,0.0,0.0,1.0,0,1,1.0,1.0,0.0,1,1,0,1,1,0,0,6,0.0,0.0,335.70001220703125,427.5999755859375,0,19,1,2024-08-01,0.0,0.0,0.0,0.0,0
4,0.0,0.0,0.0,0.0,1.0,0,1,1.0,1.0,1.0,1,1,1,1,1,0,0,6,0.0,0.0,308.20001220703125,400.0999755859375,0,19,1,2024-08-01,0.0,0.0,0.0,0.0,0
5,0.0,0.0,0.0,0.0,1.0,0,1,1.0,1.0,1.0,1,1,1,1,1,0,0,6,0.0,0.0,308.20001220703125,400.0999755859375,0,19,1,2024-08-01,0.0,0.0,0.0,0.0,0
6,0.0,0.0,0.0,0.0,1.0,0,1,1.0,1.0,0.16666666666666666,1,1,0,1,1,0,0,6,0.0,0.0,335.70001220703125,427.5999755859375,0,19,1,2024-08-01,0.0,0.0,0.0,0.0,0
7,0.0,0.0,0.0,0.0,1.0,0,1,1.0,1.0,0.0,1,1,0,1,1,0,0,6,0.0,0.0,335.70001220703125,427.5999755859375,0,19,1,2024-08-01,0.0,0.0,0.0,0.0,0
8,0.0,0.0,0.0,0.0,1.0,0,1,1.0,1.0,0.0,1,1,0,1,1,0,0,6,0.0,0.0,335.70001220703125,427.5999755859375,0,19,1,2024-08-01,0.0,0.0,0.0,0.0,0
9,0.0,0.0,0.0,0.0,1.0,0,1,1.0,1.0,0.0,1,1,0,1,1,0,0,6,0.0,0.0,308.20001220703125,400.0999755859375,0,19,1,2024-08-01,0.0,0.0,0.0,0.0,0
10,0.0,0.0,0.0,0.0,1.0,0,1,1.0,1.0,0.3333333333333333,1,1,0,1,1,0,0,6,0.0,0.0,286.20001220703125,378.0999755859375,0,19,1,2024-08-01,0.0,0.0,0.0,0.0,0
11,0.0,0.0,0.0,0.0,1.0,0,1,1.0,1.0,1.0,1,1,1,1,1,0,0,6,0.0,0.0,286.20001220703125,378.0999755859375,0,19,1,2024-08-01,0.0,0.0,0.0,0.0,0
12,0.0,0.0,0.0,0.0,1.0,0,1,1.0,1.0,0.5,1,1,0,1,1,0,0,6,0.0,0.0,286.20001220703125,378.0999755859375,0,19,1,2024-08-01,0.0,0.0,0.0,0.0,0
13,0.0,0.0,0.0,0.0,1.0,0,1,1.0,1.0,0.0,1,1,0,1,1,0,0,6,0.0,0.0,313.70001220703125,405.5999755859375,0,19,1,2024-08-01,0.0,0.0,0.0,0.0,0
14,0.0,0.0,0.0,0.0,1.0,0,1,1.0,1.0,0.0,1,1,0,1,1,0,0,6,0.0,0.0,330.70001220703125,433.0999755859375,0,19,1,2024-08-01,0.0,0.0,0.0,0.0,0
15,0.0,0.0,0.0,0.0,1.0,0,1,1.0,1.0,0.0,1,1,0,1,1,0,0,6,0.0,0.0,336.20001220703125,455.5999755859375,0,19,1,2024-08-01,0.0,0.0,0.0,0.0,0
16,0.0,0.0,0.0,0.0,1.0,0,1,1.0,1.0,0.0,1,1,0,1,1,0,0,6,0.0,0.0,381.98333740234375,494.0999755859375,0,19,1,2024-08-01,0.0,0.0,0.0,0.0,0
17,0.0,0.0,0.0,0.0,1.0,0,1,1.0,1.0,0.0,1,1,0,1,1,0,0,6,0.0,0.0,435.0999755859375,527.0,0,19,1,2024-08-01,0.0,0.0,0.0,0.0,0
18,41.32000045776364,284.00000381469727,303.2000045776367,587.200008392334,1.0,0,1,1.0,1.0,1.0,1,1,1,1,1,0,0,6,0.0,0.0,620.5200126647949,612.7799751281739,1,19,1,2024-08-01,28.400000381469727,30.320000457763673,58.7200008392334,1.2992837380059546e-09,0
19,36.041425100823,408.2000045776367,408.2000045776367,816.4000091552734,1.0,0,1,1.0,1.0,1.0,1,1,1,1,1,6,0,0,0.0,0.0,761.271161428948,763.758379586677,1,19,1,2024-08-01,40.820000457763676,40.820000457763676,81.64000091552735,0.025000001907800978,0
20,31.99227210225591,535.1000061035156,535.1000061035156,1070.2000122070312,1.0,0,1,1.0,1.0,1.0,1,1,1,1,1,5,0,1,0.0,0.0,630.4433219069434,706.8077156907128,1,19,1,2024-08-01,53.51000061035157,53.51000061035157,107.02000122070314,0.32916667015262613,0
21,47.543323060875316,586.0500061035157,601.1000061035156,1187.1500122070313,1.0,0,1,1.0,1.0,1.0,1,1,1,1,1,5,0,1,0.0,0.0,660.8307986468128,726.9566769391247,1,19,1,2024-08-01,58.60500061035157,60.11000061035156,118.71500122070313,0.22626142194431711,0
22,68.28386863584784,563.4500076293946,578.5000076293945,1141.950015258789,1.0,0,1,1.0,1.0,1.0,1,1,1,1,1,6,0,0,0.0,0.0,708.3901918780354,889.2161313641521,1,19,1,2024-08-01,56.34500076293946,57.85000076293946,114.19500152587892,1.5355519910768503e-09,0
23,-21.492823499714575,250.0,608.700008392334,858.700008392334,1.0,0,1,1.0,1.0,1.0,1,1,1,1,1,2,0,4,0.0,0.0,687.7422839221604,1081.6927746715896,1,19,1,2024-08-01,25.0,60.8700008392334,85.8700008392334,0.043670665603226605,0
24,65.82000083923339,658.200008392334,658.200008392334,1316.400016784668,1.0,0,1,1.0,1.0,1.0,1,1,1,1,1,6,0,0,0.0,0.0,660.384576034546,971.8799503326416,1,19,1,2024-08-01,65.8200008392334,65.8200008392334,131.6400016784668,0.10416666813972786,0
25,37.2858175377095,735.700008392334,735.700008392334,1471.400016784668,1.0,0,1,1.0,1.0,1.0,1,1,1,1,1,6,0,0,0.10552387730261369,0.0,658.0660909752095,1081.817576016978,1,19,1,2024-08-01,73.5700008392334,73.5700008392334,147.1400016784668,0.14999999555618795,0
26,83.57000083923327,835.700008392334,835.700008392334,1671.400016784668,1.0,0,1,1.0,1.0,1.0,1,1,1,1,1,6,0,0,0.29448250537263176,0.0,589.6009761810301,1108.6299503326418,1,19,1,2024-08-01,83.5700008392334,83.5700008392334,167.1400016784668,0.15833333413215103,0
27,0.0,0.0,0.0,0.0,1.0,0,1,1.0,1.0,0.0,1,1,0,1,1,0,0,6,0.0,0.0,506.43402099609375,1214.7000732421875,0,19,1,2024-08-01,0.0,0.0,0.0,0.0,0
28,104.83000126491089,0.0,1048.3000104624905,1048.3000104624905,1.0,0,1,1.0,1.0,1.0,1,1,1,1,1,0,0,6,0.0,0.0,714.0723108352233,1203.8699499069642,1,19,1,2024-08-01,0.0,104.83000104624905,104.83000104624905,5.40058944082381e-10,0
29,151.23721568931654,1048.3000106811523,1048.3000106811523,2096.6000213623047,1.0,0,1,1.0,1.0,1.0,1,1,1,1,1,6,0,0,0.3820681579167325,0.0015912293508277974,647.7779566561135,1046.6319249356834,1,19,1,2024-08-01,104.83000106811524,104.83000106811524,209.66000213623047,1.2184254943422121e-09,0
30,164.24384023877218,1064.4333432515461,1067.600009918213,2132.033353169759,1.0,0,1,1.0,1.0,1.0,1,1,1,1,1,6,0,0,0.33618026231565684,0.032637551361257906,706.5918626997097,1032.7561597612278,1,19,1,2024-08-01,106.44333432515462,106.7600009918213,213.20333531697588,2.2464720930831933e-09,0
31,186.50143905794783,1111.600009918213,1111.5999832424695,2223.1999931606824,0.3333333333333333,4,0,0.3333333333333333,1.0,1.0,0,0,1,0,1,6,0,0,0.41094680342456896,0.066212147723974,654.7915391556041,1037.998560942052,1,19,1,2024-08-01,111.16000099182129,111.15999832424696,222.31999931606825,0.4166666723646492,1
32,225.5816375585725,1119.9000091552734,1119.9000091552734,2239.800018310547,0.0,6,0,0.0,1.0,1.0,0,0,1,0,1,6,0,0,0.404087213577161,0.07499030808758746,667.3627349706819,1035.9183624414275,1,19,1,2024-08-01,111.99000091552735,111.99000091552735,223.9800018310547,0.47499999692779504,1
33,110.34000089407598,0.0,1103.4000091552734,1103.4000091552734,1.0,0,1,1.0,1.0,1.0,1,1,1,1,1,0,6,0,0.0,0.0,566.735264565951,1220.359950277799,1,19,1,2024-08-01,0.0,110.34000091552736,110.34000091552736,2.7852176419155454e-09,0
34,160.07000160217277,0.0,1078.700008392334,1078.700008392334,1.0,0,1,1.0,1.0,1.0,1,1,1,1,1,0,6,0,0.0,0.0,682.8344058990477,1217.3299007415771,1,19,1,2024-08-01,0.0,107.8700008392334,107.8700008392334,5.304575821993934e-09,0
35,281.85319635310356,951.700008392334,951.700008392334,1903.400016784668,0.3333333333333333,4,0,0.0,1.0,1.0,0,0,1,0,1,4,2,0,0.20499751910486916,0.0,756.6038677398224,1068.0467059906464,1,19,1,2024-08-01,95.17000083923341,95.17000083923341,190.34000167846682,0.22500000057104083,1
36,230.88600345563984,944.1000061035156,813.793337123128,1757.8933432266435,0.5,3,0,0.5,1.0,1.0,0,0,1,0,1,6,0,0,0.28875758866609263,0.0,671.4839648814211,1080.5138988881101,1,19,1,2024-08-01,94.41000061035157,81.37933371231281,175.78933432266436,0.06713291345729597,1
37,131.58000068664532,1040.800006866455,1040.800006866455,2081.60001373291,1.0,0,1,1.0,1.0,1.0,1,1,1,1,1,0,6,0,0.47804894927283575,0.0,543.246657180786,1107.8199016571048,1,19,1,2024-08-01,104.08000068664552,104.08000068664552,208.16000137329104,5.497739045545669e-10,0
38,593.2219898482723,1010.700008392334,463.86446504895736,1474.5644734412913,1.0,0,1,1.0,1.0,1.0,1,1,1,1,1,6,0,0,0.03542906639644343,0.0,974.891850688116,530.1780345657902,1,19,1,2024-08-01,101.0700008392334,46.38644650489574,147.45644734412915,3.380653162914195e-09,0
39,158.12000236511233,0.0,922.200008392334,922.200008392334,1.0,0,1,1.0,1.0,1.0,1,1,1,1,1,6,0,0,0.0,0.0,672.8361888885498,926.7800220489502,1,19,1,2024-08-01,0.0,92.2200008392334,92.2200008392334,7.859384907250364e-09,0
40,927.0600036621094,891.4000091552734,0.0,891.4000091552734,1.0,0,1,1.0,1.0,1.0,1,1,1,1,1,6,0,0,0.0,0.0,1433.48642578125,94.3400817871094,1,19,1,2024-08-01,89.14000091552735,0.0,89.14000091552735,6.847111890930503e-09,0
41,95.18232365231643,855.7133344014485,864.5000038146973,1720.2133382161458,1.0,0,1,1.0,1.0,1.0,1,1,1,1,1,1,5,0,0.0,0.06153722243466492,922.7719232616914,811.3010747851836,1,19,1,2024-08-01,85.57133344014485,86.45000038146974,172.02133382161458,0.03316307210507417,0
42,78.70000038146975,787.0000038146973,787.0000038146973,1574.0000076293945,1.0,0,1,1.0,1.0,1.0,1,1,1,1,1,6,0,0,0.002351230576011161,0.01747613096188166,785.1495853424072,773.2462886810303,1,19,1,2024-08-01,78.70000038146974,78.70000038146974,157.40000076293947,0.02500000109060596,0
43,73.2000003814697,732.0000038146973,732.0000038146973,1464.0000076293945,1.0,0,1,1.0,1.0,1.0,1,1,1,1,1,6,0,0,0.08006272039745557,0.027673762338806338,673.3940921783447,711.742809677124,1,19,1,2024-08-01,73.20000038146974,73.20000038146974,146.40000076293947,2.345100752237435e-09,0
44,73.52135589548948,577.0000038146973,559.4207199102309,1136.4207237249282,1.0,0,1,1.0,1.0,1.0,1,1,1,1,1,2,4,0,0.0,0.0,624.6503231806457,645.4715029912293,1,19,1,2024-08-01,57.70000038146973,55.94207199102309,113.64207237249282,0.196906207542478,0
45,70.30000114440918,511.00000381469727,511.00000381469727,1022.0000076293945,1.0,0,1,1.0,1.0,1.0,1,1,1,1,1,0,6,0,0.0,0.0,721.2102184295654,648.6734485626221,1,19,1,2024-08-01,51.10000038146973,51.10000038146973,102.20000076293945,1.866290233438195e-09,0
46,62.596194997098124,472.50000381469727,472.50000381469727,945.0000076293945,1.0,0,1,1.0,1.0,1.0,1,1,1,1,1,0,1,5,0.0,0.0,645.9834630635044,623.7858240458706,1,19,1,2024-08-01,47.25000038146973,47.25000038146973,94.50000076293946,0.05833333242647435,0
47,48.41000061035155,484.1000061035156,484.1000061035156,968.2000122070312,1.0,0,1,1.0,1.0,1.0,1,1,1,1,1,0,6,0,0.0,0.0,641.0445220947265,548.7358123779297,1,19,1,2024-08-01,48.41000061035157,48.41000061035157,96.82000122070313,0.3499999936960178,0
0,0.0,0.0,0.0,0.0,1.0,0,1,1.0,1.0,1.0,1,1,1,1,1,0,0,6,0.0,0.0,220.5,239.0,0,19,2,2024-08-01,0.0,0.0,0.0,0.0,0
1,0.0,0.0,0.0,0.0,1.0,0,1,1.0,1.0,0.0,1,1,0,1,1,0,0,6,0.0,0.0,220.5,239.0,0,19,2,2024-08-01,0.0,0.0,0.0,0.0,0
2,0.0,0.0,0.0,0.0,1.0,0,1,1.0,1.0,0.0,1,1,0,1,1,0,0,6,0.0,0.0,220.5,239.0,0,19,2,2024-08-01,0.0,0.0,0.0,0.0,0
3,0.0,0.0,0.0,0.0,1.0,0,1,1.0,1.0,0.0,1,1,0,1,1,0,0,6,0.0,0.0,239.6999969482422,258.20001220703125,0,19,2,2024-08-01,0.0,0.0,0.0,0.0,0
4,0.0,0.0,0.0,0.0,1.0,0,1,1.0,1.0,0.0,1,1,0,1,1,0,0,6,0.0,0.0,239.6999969482422,258.20001220703125,0,19,2,2024-08-01,0.0,0.0,0.0,0.0,0
5,0.0,0.0,0.0,0.0,1.0,0,1,1.0,1.0,0.0,1,1,0,1,1,0,0,6,0.0,0.0,209.5,228.0,0,19,2,2024-08-01,0.0,0.0,0.0,0.0,0
6,0.0,0.0,0.0,0.0,1.0,0,1,1.0,1.0,0.0,1,1,0,1,1,0,0,6,0.0,0.0,190.3000030517578,208.79998779296875,0,19,2,2024-08-01,0.0,0.0,0.0,0.0,0
7,0.0,0.0,0.0,0.0,1.0,0,1,1.0,1.0,1.0,1,1,1,1,1,0,0,6,0.0,0.0,171.09999084472656,189.59999084472656,0,19,2,2024-08-01,0.0,0.0,0.0,0.0,0
8,0.0,0.0,0.0,0.0,1.0,0,1,1.0,1.0,1.0,1,1,1,1,1,0,0,6,0.0,0.0,171.09999084472656,189.59999084472656,0,19,2,2024-08-01,0.0,0.0,0.0,0.0,0
9,0.0,0.0,0.0,0.0,1.0,0,1,1.0,1.0,1.0,1,1,1,1,1,0,0,6,0.0,0.0,171.09999084472656,189.59999084472656,0,19,2,2024-08-01,0.0,0.0,0.0,0.0,0
10,0.0,0.0,0.0,0.0,1.0,0,1,1.0,1.0,0.6666666666666666,1,1,0,1,1,0,0,6,0.0,0.0,171.09999084472656,189.59999084472656,0,19,2,2024-08-01,0.0,0.0,0.0,0.0,0
11,0.0,0.0,0.0,0.0,1.0,0,1,1.0,1.0,0.0,1,1,0,1,1,0,0,6,0.0,0.0,171.09999084472656,189.59999084472656,0,19,2,2024-08-01,0.0,0.0,0.0,0.0,0
12,0.0,0.0,0.0,0.0,1.0,0,1,1.0,1.0,0.0,1,1,0,1,1,0,0,6,0.0,0.0,174.09999084472656,189.59999084472656,0,19,2,2024-08-01,0.0,0.0,0.0,0.0,0
13,0.0,0.0,0.0,0.0,1.0,0,1,1.0,1.0,0.0,1,1,0,1,1,0,0,6,0.0,0.0,174.09999084472656,189.59999084472656,0,19,2,2024-08-01,0.0,0.0,0.0,0.0,0
14,0.0,0.0,0.0,0.0,1.0,0,1,1.0,1.0,0.0,1,1,0,1,1,0,0,6,0.0,0.0,282.0,336.29998779296875,0,19,2,2024-08-01,0.0,0.0,0.0,0.0,0
15,0.0,0.0,0.0,0.0,1.0,0,1,1.0,1.0,0.0,1,1,0,1,1,0,0,6,0.0,0.0,343.0,397.29998779296875,0,19,2,2024-08-01,0.0,0.0,0.0,0.0,0
16,0.0,0.0,0.0,0.0,1.0,0,1,1.0,1.0,0.0,1,1,0,1,1,0,0,6,0.0,0.0,403.9000244140625,458.1999816894531,0,19,2,2024-08-01,0.0,0.0,0.0,0.0,0
17,0.0,0.0,0.0,0.0,1.0,0,1,1.0,1.0,0.0,1,1,0,1,1,0,0,6,0.0,0.0,416.9666748046875,474.79998779296875,0,19,2,2024-08-01,0.0,0.0,0.0,0.0,0
18,41.32000045776364,284.00000381469727,303.2000045776367,587.200008392334,1.0,0,1,1.0,1.0,1.0,1,1,1,1,1,0,0,6,0.0,0.0,481.020043182373,452.6799995422364,1,19,2,2024-08-01,28.400000381469727,30.320000457763673,58.7200008392334,1.2992837380059546e-09,0
19,36.041425100823,408.2000045776367,408.2000045776367,816.4000091552734,1.0,0,1,1.0,1.0,1.0,1,1,1,1,1,6,0,0,0.0,0.0,498.50217949535426,533.2585626921458,1,19,2,2024-08-01,40.820000457763676,40.820000457763676,81.64000091552735,0.025000001907800978,0
20,31.99227210225591,535.1000061035156,535.1000061035156,1070.2000122070312,0.8333333333333334,1,0,0.8,1.0,1.0,0,0,1,0,1,5,0,1,0.15773323050279964,0.0,450.6969534987403,548.3077156907128,1,19,2,2024-08-01,53.51000061035157,53.51000061035157,107.02000122070314,0.32916667015262613,1
21,47.543323060875316,586.0500061035157,601.1000061035156,1187.1500122070313,0.5,3,0,0.4,1.0,1.0,0,0,1,0,1,5,0,1,0.32962670771461344,0.0,392.8722720354847,606.9566769391247,1,19,2,2024-08-01,58.60500061035157,60.11000061035156,118.71500122070313,0.22626142194431711,1
22,68.28386863584784,563.4500076293946,578.5000076293945,1141.950015258789,1.0,0,1,1.0,1.0,1.0,1,1,1,1,1,6,0,0,0.40467250694987333,0.03506287985779402,335.4372805010822,558.2161313641521,1,19,2,2024-08-01,56.34500076293946,57.85000076293946,114.19500152587892,1.5355519910768503e-09,0
23,-21.492823499714575,250.0,608.700008392334,858.700008392334,1.0,0,1,1.0,1.0,1.0,1,1,1,1,1,2,0,4,0.0,0.0,338.5106555041917,730.9928234997146,1,19,2,2024-08-01,25.0,60.8700008392334,85.8700008392334,0.043670665603226605,0
24,65.82000083923339,658.200008392334,658.200008392334,1316.400016784668,0.8333333333333334,1,0,0.8333333333333334,1.0,1.0,0,0,1,0,1,6,0,0,0.30841337092987325,0.0,455.2023250579834,737.1799991607666,1,19,2,2024-08-01,65.8200008392334,65.8200008392334,131.6400016784668,0.10416666813972786,1
25,37.2858175377095,735.700008392334,735.700008392334,1471.400016784668,0.8333333333333334,1,0,0.8333333333333334,1.0,1.0,0,0,1,0,1,6,0,0,0.48028433679458654,0.0,382.3548177818501,757.5141702552593,1,19,2,2024-08-01,73.5700008392334,73.5700008392334,147.1400016784668,0.14999999555618795,1
26,83.57000083923327,835.700008392334,835.700008392334,1671.400016784668,1.0,0,1,1.0,1.0,1.0,1,1,1,1,1,6,0,0,0.3435575969503568,0.0,548.5889217376707,865.630011367798,1,19,2,2024-08-01,83.5700008392334,83.5700008392334,167.1400016784668,0.15833333413215103,0
27,0.0,0.0,0.0,0.0,1.0,0,1,1.0,1.0,0.0,1,1,0,1,1,0,0,6,0.0,0.0,515.1587524414062,1045.39990234375,0,19,2,2024-08-01,0.0,0.0,0.0,0.0,0
28,104.83000126491089,0.0,1048.3000104624905,1048.3000104624905,1.0,0,1,1.0,1.0,1.0,1,1,1,1,1,0,0,6,0.0,0.06298761176394548,699.8014368117858,982.2700963913392,1,19,2,2024-08-01,0.0,104.83000104624905,104.83000104624905,5.40058944082381e-10,0
29,151.23721568931654,1048.3000106811523,1048.3000106811523,2096.6000213623047,1.0,0,1,1.0,1.0,1.0,1,1,1,1,1,6,0,0,0.32399599912873595,0.1392131329078148,708.6550013338478,902.3628819669334,1,19,2,2024-08-01,104.83000106811524,104.83000106811524,209.66000213623047,1.2184254943422121e-09,0
30,164.24384023877218,1064.4333432515461,1067.600009918213,2132.033353169759,1.0,0,1,1.0,1.0,1.0,1,1,1,1,1,6,0,0,0.34823719509674356,0.224094989989949,693.7580614301785,828.3561963823215,1,19,2,2024-08-01,106.44333432515462,106.7600009918213,213.20333531697588,2.2464720930831933e-09,0
31,186.50143905794783,1111.600009918213,1111.5999832424695,2223.1999931606824,0.16666666666666666,5,0,0.16666666666666666,1.0,1.0,0,0,1,0,1,6,0,0,0.4190721222547227,0.30991488923419563,645.7594346634166,767.0985975631459,1,19,2,2024-08-01,111.16000099182129,111.15999832424696,222.31999931606825,0.4166666723646492,1
32,225.5816375585725,1119.9000091552734,1119.9000091552734,2239.800018310547,0.0,6,0,0.0,1.0,1.0,0,0,1,0,1,6,0,0,0.4401764089988921,0.34010328423445835,626.9464446874788,739.018338027365,1,19,2,2024-08-01,111.99000091552735,111.99000091552735,223.9800018310547,0.47499999692779504,1
33,110.34000089407598,0.0,1103.4000091552734,1103.4000091552734,1.0,0,1,1.0,1.0,1.0,1,1,1,1,1,0,6,0,0.0,0.23385892211901352,478.85770108938846,845.3600723481115,1,19,2,2024-08-01,0.0,110.34000091552736,110.34000091552736,2.7852176419155454e-09,0
34,160.07000160217277,0.0,1078.700008392334,1078.700008392334,1.0,0,1,1.0,1.0,1.0,1,1,1,1,1,0,6,0,0.0,0.24406230457611416,578.7402896881102,815.4299983978273,1,19,2,2024-08-01,0.0,107.8700008392334,107.8700008392334,5.304575821993934e-09,0
35,281.85319635310356,951.700008392334,951.700008392334,1903.400016784668,0.6666666666666666,2,0,0.5,1.0,1.0,0,0,1,0,1,4,2,0,0.2672122688263195,0.31160365885295327,697.3940899077911,655.1468036468964,1,19,2,2024-08-01,95.17000083923341,95.17000083923341,190.34000167846682,0.22500000057104083,1
36,230.88600345563984,944.1000061035156,813.793337123128,1757.8933432266435,1.0,0,1,1.0,1.0,1.0,1,1,1,1,1,6,0,0,0.3134077816159923,0.023567826994712826,648.211717566968,794.6139965443601,1,19,2,2024-08-01,94.41000061035157,81.37933371231281,175.78933432266436,0.06713291345729597,0
37,131.58000068664532,1040.800006866455,1040.800006866455,2081.60001373291,1.0,0,1,1.0,1.0,1.0,1,1,1,1,1,0,6,0,0.4353834811815009,0.11421983740278156,587.6528766632078,921.9199993133547,1,19,2,2024-08-01,104.08000068664552,104.08000068664552,208.16000137329104,5.497739045545669e-10,0
38,593.2219898482723,1010.700008392334,463.86446504895736,1474.5644734412913,1.0,0,1,1.0,1.0,1.0,1,1,1,1,1,6,0,0,0.0,0.18558536250053964,1036.1572925826472,377.7780101517277,1,19,2,2024-08-01,101.0700008392334,46.38644650489574,147.45644734412915,3.380653162914195e-09,0
39,158.12000236511233,0.0,922.200008392334,922.200008392334,1.0,0,1,1.0,1.0,1.0,1,1,1,1,1,6,0,0,0.0,0.28065496465202355,624.1229015350342,663.3799976348877,1,19,2,2024-08-01,0.0,92.2200008392334,92.2200008392334,7.859384907250364e-09,0
40,927.0600036621094,891.4000091552734,0.0,891.4000091552734,0.8333333333333334,1,0,0.8333333333333334,1.0,1.0,0,1,1,0,1,6,0,0,0.0,0.0,1429.1291870117188,0.0,1,19,2,2024-08-01,89.14000091552735,0.0,89.14000091552735,6.847111890930503e-09,1
41,95.18232365231643,855.7133344014485,864.5000038146973,1720.2133382161458,1.0,0,1,1.0,1.0,1.0,1,1,1,1,1,1,5,0,0.054224014683310014,0.26227694363805704,809.3131219921602,637.7615850390898,1,19,2,2024-08-01,85.57133344014485,86.45000038146974,172.02133382161458,0.03316307210507417,0
42,78.70000038146975,787.0000038146973,787.0000038146973,1574.0000076293945,1.0,0,1,1.0,1.0,1.0,1,1,1,1,1,6,0,0,0.10515211556056737,0.2313850415852168,704.2452884674072,604.8999752044678,1,19,2,2024-08-01,78.70000038146974,78.70000038146974,157.40000076293947,0.02500000109060596,0
43,73.2000003814697,732.0000038146973,732.0000038146973,1464.0000076293945,1.0,0,1,1.0,1.0,1.0,1,1,1,1,1,6,0,0,0.18317869799682376,0.23360662859720416,597.913196182251,560.9999507904053,1,19,2,2024-08-01,73.20000038146974,73.20000038146974,146.40000076293947,2.345100752237435e-09,0
44,73.52135589548948,577.0000038146973,559.4207199102309,1136.4207237249282,1.0,0,1,1.0,1.0,1.0,1,1,1,1,1,2,4,0,0.0,0.0,616.3666317743957,581.1786563115418,1,19,2,2024-08-01,57.70000038146973,55.94207199102309,113.64207237249282,0.196906207542478,0
45,70.30000114440918,511.00000381469727,511.00000381469727,1022.0000076293945,1.0,0,1,1.0,1.0,1.0,1,1,1,1,1,0,6,0,0.0,0.0,615.8759899139404,564.4000110626221,1,19,2,2024-08-01,51.10000038146973,51.10000038146973,102.20000076293945,1.866290233438195e-09,0
46,62.596194997098124,472.50000381469727,472.50000381469727,945.0000076293945,1.0,0,1,1.0,1.0,1.0,1,1,1,1,1,0,1,5,0.0,0.0054946006155241,474.61905266311373,469.9038050029019,1,19,2,2024-08-01,47.25000038146973,47.25000038146973,94.50000076293946,0.05833333242647435,0
47,48.41000061035155,484.1000061035156,484.1000061035156,968.2000122070312,1.0,0,1,1.0,1.0,1.0,1,1,1,1,1,0,6,0,0.0,0.1067502410800386,486.7772491455078,432.4222137451172,1,19,2,2024-08-01,48.41000061035157,48.41000061035157,96.82000122070313,0.3499999936960178,0
0,0.0,0.0,0.0,0.0,1.0,0,1,1.0,1.0,1.0,1,1,1,1,1,0,0,6,0.0,0.0,255.79998779296875,272.5,0,20,0,2024-08-01,0.0,0.0,0.0,0.0,0
1,0.0,0.0,0.0,0.0,1.0,0,1,1.0,1.0,1.0,1,1,1,1,1,0,0,6,0.0,0.0,255.79998779296875,272.5,0,20,0,2024-08-01,0.0,0.0,0.0,0.0,0
2,0.0,0.0,0.0,0.0,1.0,0,1,1.0,1.0,1.0,1,1,1,1,1,0,0,6,0.0,0.0,255.79998779296875,272.5,0,20,0,2024-08-01,0.0,0.0,0.0,0.0,0
3,0.0,0.0,0.0,0.0,1.0,0,1,1.0,1.0,0.8333333333333334,1,1,0,1,1,0,0,6,0.0,0.0,236.59999084472656,253.29998779296875,0,20,0,2024-08-01,0.0,0.0,0.0,0.0,0
4,0.0,0.0,0.0,0.0,1.0,0,1,1.0,1.0,0.0,1,1,0,1,1,0,0,6,0.0,0.0,236.59999084472656,253.29998779296875,0,20,0,2024-08-01,0.0,0.0,0.0,0.0,0
5,0.0,0.0,0.0,0.0,1.0,0,1,1.0,1.0,0.0,1,1,0,1,1,0,0,6,0.0,0.0,236.59999084472656,253.29998779296875,0,20,0,2024-08-01,0.0,0.0,0.0,0.0,0
6,0.0,0.0,0.0,0.0,1.0,0,1,1.0,1.0,0.0,1,1,0,1,1,0,0,6,0.0,0.0,236.59999084472656,253.29998779296875,0,20,0,2024-08-01,0.0,0.0,0.0,0.0,0
7,0.0,0.0,0.0,0.0,1.0,0,1,1.0,1.0,0.0,1,1,0,1,1,0,0,6,0.0,0.0,186.59999084472656,203.29998779296875,0,20,0,2024-08-01,0.0,0.0,0.0,0.0,0
8,0.0,0.0,0.0,0.0,1.0,0,1,1.0,1.0,0.0,1,1,0,1,1,0,0,6,0.0,0.0,186.59999084472656,203.29998779296875,0,20,0,2024-08-01,0.0,0.0,0.0,0.0,0
9,0.0,0.0,0.0,0.0,1.0,0,1,1.0,1.0,0.8333333333333334,1,1,0,1,1,0,0,6,0.0,0.0,167.39999389648438,184.09999084472656,0,20,0,2024-08-01,0.0,0.0,0.0,0.0,0
10,0.0,0.0,0.0,0.0,1.0,0,1,1.0,1.0,1.0,1,1,1,1,1,0,0,6,0.0,0.0,167.39999389648438,184.09999084472656,0,20,0,2024-08-01,0.0,0.0,0.0,0.0,0
11,0.0,0.0,0.0,0.0,1.0,0,1,1.0,1.0,0.8333333333333334,1,1,0,1,1,0,0,6,0.0,0.0,205.79998779296875,222.49998474121094,0,20,0,2024-08-01,0.0,0.0,0.0,0.0,0
12,0.0,0.0,0.0,0.0,1.0,0,1,1.0,1.0,0.5,1,1,0,1,1,0,0,6,0.0,0.0,205.79998779296875,222.49998474121094,0,20,0,2024-08-01,0.0,0.0,0.0,0.0,0
13,0.0,0.0,0.0,0.0,1.0,0,1,1.0,1.0,0.0,1,1,0,1,1,0,0,6,0.0,0.0,212.99998474121094,249.99998474121094,0,20,0,2024-08-01,0.0,0.0,0.0,0.0,0
14,0.0,0.0,0.0,0.0,1.0,0,1,1.0,1.0,0.0,1,1,0,1,1,0,0,6,0.0,0.0,281.70001220703125,318.70001220703125,0,20,0,2024-08-01,0.0,0.0,0.0,0.0,0
15,0.0,0.0,0.0,0.0,1.0,0,1,1.0,1.0,0.0,1,1,0,1,1,0,0,6,0.0,0.0,350.4000244140625,387.4000244140625,0,20,0,2024-08-01,0.0,0.0,0.0,0.0,0
16,0.0,0.0,0.0,0.0,1.0,0,1,1.0,1.0,0.0,1,1,0,1,1,0,0,6,0.0,0.0,424.10003662109375,453.9000244140625,0,20,0,2024-08-01,0.0,0.0,0.0,0.0,0
17,0.0,0.0,0.0,0.0,1.0,0,1,1.0,1.0,0.0,1,1,0,1,1,0,0,6,0.0,0.0,424.10003662109375,453.9000244140625,0,20,0,2024-08-01,0.0,0.0,0.0,0.0,0
18,41.32000045776364,284.00000381469727,303.2000045776367,587.200008392334,1.0,0,1,1.0,1.0,1.0,1,1,1,1,1,0,2,4,0.0,0.0,555.9200370788574,498.2800361633301,1,20,0,2024-08-01,28.400000381469727,30.320000457763673,58.7200008392334,0.0486793480792472,0
19,36.041425100823,408.2000045776367,408.2000045776367,816.4000091552734,1.0,0,1,1.0,1.0,1.0,1,1,1,1,1,4,2,0,0.0,0.0,507.0088323273855,484.3585993132395,1,20,0,2024-08-01,40.820000457763676,40.820000457763676,81.64000091552735,0.026936027436660195,0
20,31.99227210225591,535.1000061035156,535.1000061035156,1070.2000122070312,1.0,0,1,1.0,1.0,1.0,1,1,1,1,1,0,0,6,0.2032943601311017,0.21060035975762748,426.3171927565528,422.4077523118066,1,20,0,2024-08-01,53.51000061035157,53.51000061035157,107.02000122070314,6.343824133177961e-10,0
21,47.543323060875316,586.0500061035157,601.1000061035156,1187.1500122070313,1.0,0,1,1.0,1.0,1.0,1,1,1,1,1,0,0,6,0.09798529986118598,0.17209002812677676,528.6257205218128,497.65668914615594,1,20,0,2024-08-01,58.60500061035157,60.11000061035156,118.71500122070313,3.840882635662456e-10,0
22,68.28386863584784,563.4500076293946,578.5000076293945,1141.950015258789,1.0,0,1,1.0,1.0,1.0,1,1,1,1,1,3,3,0,0.0,0.0,719.7105654131916,645.1161557782146,1,20,0,2024-08-01,56.34500076293946,57.85000076293946,114.19500152587892,0.005117069150789386,0
23,-21.492823499714575,250.0,608.700008392334,858.700008392334,1.0,0,1,1.0,1.0,1.0,1,1,1,1,1,0,4,2,0.0,0.0,685.5680285510666,784.0928601208084,1,20,0,2024-08-01,25.0,60.8700008392334,85.8700008392334,0.08592269833999297,0
24,65.82000083923339,658.200008392334,658.200008392334,1316.400016784668,1.0,0,1,1.0,1.0,1.0,1,1,1,1,1,0,6,0,0.0,0.0,855.8482601165772,784.7978580474853,1,20,0,2024-08-01,65.8200008392334,65.8200008392334,131.6400016784668,0.15993266750310656,0
25,37.2858175377095,735.700008392334,735.700008392334,1471.400016784668,1.0,0,1,1.0,1.0,1.0,1,1,1,1,1,4,2,0,0.0,0.0,1024.4010519127096,967.4272561927593,1,20,0,2024-08-01,73.5700008392334,73.5700008392334,147.1400016784668,0.0336700335993966,0
26,83.57000083923327,835.700008392334,835.700008392334,1671.400016784668,1.0,0,1,1.0,1.0,1.0,1,1,1,1,1,1,5,0,0.0,0.0,1136.8374568939207,993.1846378326418,1,20,0,2024-08-01,83.5700008392334,83.5700008392334,167.1400016784668,0.016835015686932464,0
27,0.0,0.0,0.0,0.0,1.0,0,1,1.0,1.0,0.0,1,1,0,1,1,0,0,6,0.0,0.0,1102.7847900390625,1134.4241943359375,0,20,0,2024-08-01,0.0,0.0,0.0,0.0,0
28,104.83000126491089,0.0,1048.3000104624905,1048.3000104624905,1.0,0,1,1.0,1.0,1.0,1,1,1,1,1,0,0,6,0.0,0.0,1210.3147424758483,1059.7327428757142,1,20,0,2024-08-01,0.0,104.83000104624905,104.83000104624905,5.40058944082381e-10,0
29,151.23721568931654,1048.3000106811523,1048.3000106811523,2096.6000213623047,1.0,0,1,1.0,1.0,1.0,1,1,1,1,1,6,0,0,0.0,0.021913030848015855,1265.8160731111916,1025.328580209121,1,20,0,2024-08-01,104.83000106811524,104.83000106811524,209.66000213623047,1.2184254943422121e-09,0
30,164.24384023877218,1064.4333432515461,1067.600009918213,2132.033353169759,1.0,0,1,1.0,1.0,1.0,1,1,1,1,1,3,3,0,0.0,0.0627349265104714,1273.3688402387722,1000.6242017534153,1,20,0,2024-08-01,106.44333432515462,106.7600009918213,213.20333531697588,0.06575408185873745,0
31,186.50143905794783,1111.600009918213,1111.5999832424695,2223.1999931606824,1.0,0,1,1.0,1.0,1.0,1,1,1,1,1,1,5,0,0.0,0.12812648349844896,1308.274876557948,969.1745863326771,1,20,0,2024-08-01,111.16000099182129,111.15999832424696,222.31999931606825,0.09764309853969552,0
32,225.5816375585725,1119.9000091552734,1119.9000091552734,2239.800018310547,1.0,0,1,1.0,1.0,1.0,1,1,1,1,1,6,0,0,0.0,0.22272492429825289,1297.3108856054475,870.4703643945525,1,20,0,2024-08-01,111.99000091552735,111.99000091552735,223.9800018310547,1.3559639744317964e-09,0
33,110.34000089407598,0.0,1103.4000091552734,1103.4000091552734,1.0,0,1,1.0,1.0,1.0,1,1,1,1,1,0,6,0,0.0,0.20748597095957028,1060.786045815951,874.4599868988928,1,20,0,2024-08-01,0.0,110.34000091552736,110.34000091552736,2.7852176419155454e-09,0
34,160.07000160217277,0.0,1078.700008392334,1078.700008392334,1.0,0,1,1.0,1.0,1.0,1,1,1,1,1,0,6,0,0.0,0.20994717756520917,1139.6427555084229,852.229986190796,1,20,0,2024-08-01,0.0,107.8700008392334,107.8700008392334,5.304575821993934e-09,0
35,281.85319635310356,951.700008392334,951.700008392334,1903.400016784668,1.0,0,1,1.0,1.0,1.0,1,1,1,1,1,1,5,0,0.0,0.3023569963011786,1203.757127017166,663.9468524750214,1,20,0,2024-08-01,95.17000083923341,95.17000083923341,190.34000167846682,0.0016835088137643894,0
36,230.88600345563984,944.1000061035156,813.793337123128,1757.8933432266435,1.0,0,1,1.0,1.0,1.0,1,1,1,1,1,1,5,0,0.0,0.1755719606352897,1110.5728931040774,670.9140453724851,1,20,0,2024-08-01,94.41000061035157,81.37933371231281,175.78933432266436,0.031174194904966097,0
37,131.58000068664532,1040.800006866455,1040.800006866455,2081.60001373291,1.0,0,1,1.0,1.0,1.0,1,1,1,1,1,0,6,0,0.055169117993874625,0.3324879584782372,983.3799884796141,694.7465373992922,1,20,0,2024-08-01,104.08000068664552,104.08000068664552,208.16000137329104,0.21717171870256893,0
38,593.2219898482723,1010.700008392334,463.86446504895736,1474.5644734412913,1.0,0,1,1.0,1.0,1.0,1,1,1,1,1,0,6,0,0.0,0.7888964033519222,1445.021977641241,97.92345692907145,1,20,0,2024-08-01,101.0700008392334,46.38644650489574,147.45644734412915,0.11439173865489295,0
39,158.12000236511233,0.0,922.200008392334,922.200008392334,0.5,3,0,1.0,0.4,1.0,1,0,1,1,0,1,5,0,0.0,0.6739346462115889,979.6200023651123,300.69747200012205,1,20,0,2024-08-01,0.0,92.2200008392334,92.2200008392334,0.5084175138604424,1
40,927.0600036621094,891.4000091552734,0.0,891.4000091552734,0.0,6,0,0.0,1.0,1.0,0,1,1,0,1,6,0,0,0.0,0.0,1613.3599914550782,0.0,1,20,0,2024-08-01,89.14000091552735,0.0,89.14000091552735,6.847111890930503e-09,1
41,95.18232365231643,855.7133344014485,864.5000038146973,1720.2133382161458,1.0,0,1,1.0,1.0,1.0,1,1,1,1,1,0,6,0,0.0867669364654669,0.8997386853024438,781.4657098827852,86.67590693850389,1,20,0,2024-08-01,85.57133344014485,86.45000038146974,172.02133382161458,0.0862971448201114,0
42,78.70000038146975,787.0000038146973,787.0000038146973,1574.0000076293945,1.0,0,1,1.0,1.0,1.0,1,1,1,1,1,3,3,0,0.07763650558434594,0.8468216749585276,725.9000736236572,120.55134239196775,1,20,0,2024-08-01,78.70000038146974,78.70000038146974,157.40000076293947,0.03703703775513149,0
43,73.2000003814697,732.0000038146973,732.0000038146973,1464.0000076293945,1.0,0,1,1.0,1.0,1.0,1,1,1,1,1,6,0,0,0.0,0.783533466925212,751.2000003814697,158.45350303649906,1,20,0,2024-08-01,73.20000038146974,73.20000038146974,146.40000076293947,2.345100752237435e-09,0
44,73.52135589548948,577.0000038146973,559.4207199102309,1136.4207237249282,1.0,0,1,1.0,1.0,1.0,1,1,1,1,1,6,0,0,0.0,0.8130327936729119,732.3214047236145,104.59332916310427,1,20,0,2024-08-01,57.70000038146973,55.94207199102309,113.64207237249282,1.0737189877765916e-09,0
45,70.30000114440918,511.00000381469727,511.00000381469727,1022.0000076293945,1.0,0,1,1.0,1.0,1.0,1,1,1,1,1,0,6,0,0.0,0.848900211962047,718.1000499725342,77.21199226379395,1,20,0,2024-08-01,51.10000038146973,51.10000038146973,102.20000076293945,1.866290233438195e-09,0
46,62.596194997098124,472.50000381469727,472.50000381469727,945.0000076293945,1.0,0,1,1.0,1.0,1.0,1,1,1,1,1,1,0,5,0.0,0.8344378848353908,710.3962438252231,78.22810004684719,1,20,0,2024-08-01,47.25000038146973,47.25000038146973,94.50000076293946,0.06228956359597401,0
47,48.41000061035155,484.1000061035156,484.1000061035156,968.2000122070312,1.0,0,1,1.0,1.0,1.0,1,1,1,1,1,0,1,5,0.0,0.7852433043986854,666.0100372314453,103.9637176513672,1,20,0,2024-08-01,48.41000061035157,48.41000061035157,96.82000122070313,0.005050506113108101,0
0,0.0,0.0,0.0,0.0,1.0,0,1,1.0,1.0,1.0,1,1,1,1,1,0,0,6,0.0,0.0,154.39999389648438,154.39999389648438,0,20,1,2024-08-01,0.0,0.0,0.0,0.0,0
1,0.0,0.0,0.0,0.0,1.0,0,1,1.0,1.0,1.0,1,1,1,1,1,0,0,6,0.0,0.0,173.59999084472656,173.59999084472656,0,20,1,2024-08-01,0.0,0.0,0.0,0.0,0
2,0.0,0.0,0.0,0.0,1.0,0,1,1.0,1.0,1.0,1,1,1,1,1,0,0,6,0.0,0.0,173.59999084472656,173.59999084472656,0,20,1,2024-08-01,0.0,0.0,0.0,0.0,0
3,0.0,0.0,0.0,0.0,1.0,0,1,1.0,1.0,1.0,1,1,1,1,1,0,0,6,0.0,0.0,223.59999084472656,223.59999084472656,0,20,1,2024-08-01,0.0,0.0,0.0,0.0,0
4,0.0,0.0,0.0,0.0,1.0,0,1,1.0,1.0,1.0,1,1,1,1,1,0,0,6,0.0,0.0,223.59999084472656,223.59999084472656,0,20,1,2024-08-01,0.0,0.0,0.0,0.0,0
5,0.0,0.0,0.0,0.0,1.0,0,1,1.0,1.0,1.0,1,1,1,1,1,0,0,6,0.0,0.0,223.59999084472656,223.59999084472656,0,20,1,2024-08-01,0.0,0.0,0.0,0.0,0
6,0.0,0.0,0.0,0.0,1.0,0,1,1.0,1.0,1.0,1,1,1,1,1,0,0,6,0.0,0.0,223.59999084472656,223.59999084472656,0,20,1,2024-08-01,0.0,0.0,0.0,0.0,0
7,0.0,0.0,0.0,0.0,1.0,0,1,1.0,1.0,1.0,1,1,1,1,1,0,0,6,0.0,0.0,223.59999084472656,223.59999084472656,0,20,1,2024-08-01,0.0,0.0,0.0,0.0,0
8,0.0,0.0,0.0,0.0,1.0,0,1,1.0,1.0,1.0,1,1,1,1,1,0,0,6,0.0,0.0,223.59999084472656,223.59999084472656,0,20,1,2024-08-01,0.0,0.0,0.0,0.0,0
9,0.0,0.0,0.0,0.0,1.0,0,1,1.0,1.0,0.8333333333333334,1,1,0,1,1,0,0,6,0.0,0.0,223.59999084472656,223.59999084472656,0,20,1,2024-08-01,0.0,0.0,0.0,0.0,0
10,0.0,0.0,0.0,0.0,1.0,0,1,1.0,1.0,0.5,1,1,0,1,1,0,0,6,0.0,0.0,173.59999084472656,173.59999084472656,0,20,1,2024-08-01,0.0,0.0,0.0,0.0,0
11,0.0,0.0,0.0,0.0,1.0,0,1,1.0,1.0,1.0,1,1,1,1,1,0,0,6,0.0,0.0,173.59999084472656,173.59999084472656,0,20,1,2024-08-01,0.0,0.0,0.0,0.0,0
12,0.0,0.0,0.0,0.0,1.0,0,1,1.0,1.0,1.0,1,1,1,1,1,0,0,6,0.0,0.0,228.59999084472656,228.59999084472656,0,20,1,2024-08-01,0.0,0.0,0.0,0.0,0
13,0.0,0.0,0.0,0.0,1.0,0,1,1.0,1.0,0.0,1,1,0,1,1,0,0,6,0.0,0.0,228.59999084472656,228.59999084472656,0,20,1,2024-08-01,0.0,0.0,0.0,0.0,0
14,0.0,0.0,0.0,0.0,1.0,0,1,1.0,1.0,0.0,1,1,0,1,1,0,0,6,0.0,0.0,360.6000061035156,361.1000061035156,0,20,1,2024-08-01,0.0,0.0,0.0,0.0,0
15,0.0,0.0,0.0,0.0,1.0,0,1,1.0,1.0,0.0,1,1,0,1,1,0,0,6,0.0,0.0,394.8000183105469,430.3000183105469,0,20,1,2024-08-01,0.0,0.0,0.0,0.0,0
16,0.0,0.0,0.0,0.0,1.0,0,1,1.0,1.0,0.0,1,1,0,1,1,0,0,6,0.0,0.0,471.0000305175781,518.7000122070312,0,20,1,2024-08-01,0.0,0.0,0.0,0.0,0
17,0.0,0.0,0.0,0.0,1.0,0,1,1.0,1.0,0.0,1,1,0,1,1,0,0,6,0.0,0.0,510.0,568.2000122070312,0,20,1,2024-08-01,0.0,0.0,0.0,0.0,0
18,41.32000045776364,284.00000381469727,303.2000045776367,587.200008392334,1.0,0,1,1.0,1.0,1.0,1,1,1,1,1,0,2,4,0.0,0.0,576.5500419616699,554.2799751281739,1,20,1,2024-08-01,28.400000381469727,30.320000457763673,58.7200008392334,0.0486793480792472,0
19,36.041425100823,408.2000045776367,408.2000045776367,816.4000091552734,1.0,0,1,1.0,1.0,1.0,1,1,1,1,1,4,2,0,0.0,0.0,618.2668889680104,624.958574899177,1,20,1,2024-08-01,40.820000457763676,40.820000457763676,81.64000091552735,0.026936027436660195,0
20,31.99227210225591,535.1000061035156,535.1000061035156,1070.2000122070312,1.0,0,1,1.0,1.0,1.0,1,1,1,1,1,0,0,6,0.0,0.0,639.2595450514747,705.9077523118066,1,20,1,2024-08-01,53.51000061035157,53.51000061035157,107.02000122070314,6.343824133177961e-10,0
21,47.543323060875316,586.0500061035157,601.1000061035156,1187.1500122070313,1.0,0,1,1.0,1.0,1.0,1,1,1,1,1,0,0,6,0.0,0.0,687.3849978655628,731.4566769391247,1,20,1,2024-08-01,58.60500061035157,60.11000061035156,118.71500122070313,3.840882635662456e-10,0
22,68.28386863584784,563.4500076293946,578.5000076293945,1141.950015258789,1.0,0,1,1.0,1.0,1.0,1,1,1,1,1,3,3,0,0.0,0.0,795.5748842608479,809.6160337079021,1,20,1,2024-08-01,56.34500076293946,57.85000076293946,114.19500152587892,0.005117069150789386,0
23,-21.492823499714575,250.0,608.700008392334,858.700008392334,1.0,0,1,1.0,1.0,1.0,1,1,1,1,1,0,4,2,0.0,0.0,698.1018420276291,905.0927990856521,1,20,1,2024-08-01,25.0,60.8700008392334,85.8700008392334,0.08592269833999297,0
24,65.82000083923339,658.200008392334,658.200008392334,1316.400016784668,1.0,0,1,1.0,1.0,1.0,1,1,1,1,1,0,6,0,0.0,0.0,788.370660018921,817.779974746704,1,20,1,2024-08-01,65.8200008392334,65.8200008392334,131.6400016784668,0.15993266750310656,0
25,37.2858175377095,735.700008392334,735.700008392334,1471.400016784668,1.0,0,1,1.0,1.0,1.0,1,1,1,1,1,4,2,0,0.0,0.0,921.9755758384907,962.3140970130718,1,20,1,2024-08-01,73.5700008392334,73.5700008392334,147.1400016784668,0.0336700335993966,0
26,83.57000083923327,835.700008392334,835.700008392334,1671.400016784668,1.0,0,1,1.0,1.0,1.0,1,1,1,1,1,1,5,0,0.0,0.0058275048507294295,880.032830429077,830.829962539673,1,20,1,2024-08-01,83.5700008392334,83.5700008392334,167.1400016784668,0.016835015686932464,0
27,0.0,0.0,0.0,0.0,1.0,0,1,1.0,1.0,0.0,1,1,0,1,1,0,0,6,0.0,0.0,710.401611328125,814.4000244140625,0,20,1,2024-08-01,0.0,0.0,0.0,0.0,0
28,104.83000126491089,0.0,1048.3000104624905,1048.3000104624905,1.0,0,1,1.0,1.0,1.0,1,1,1,1,1,0,0,6,0.0,0.39648008071581464,742.8052209914733,632.6699376999329,1,20,1,2024-08-01,0.0,104.83000104624905,104.83000104624905,5.40058944082381e-10,0
29,151.23721568931654,1048.3000106811523,1048.3000106811523,2096.6000213623047,1.0,0,1,1.0,1.0,1.0,1,1,1,1,1,6,0,0,0.2536798667308606,0.44857130098387676,782.3674036775978,578.0627110684959,1,20,1,2024-08-01,104.83000106811524,104.83000106811524,209.66000213623047,1.2184254943422121e-09,0
30,164.24384023877218,1064.4333432515461,1067.600009918213,2132.033353169759,1.0,0,1,1.0,1.0,1.0,1,1,1,1,1,3,3,0,0.16215386307935512,0.3795839928870858,891.8313646528347,662.3561353471653,1,20,1,2024-08-01,106.44333432515462,106.7600009918213,213.20333531697588,0.06575408185873745,0
31,186.50143905794783,1111.600009918213,1111.5999832424695,2223.1999931606824,1.0,0,1,1.0,1.0,1.0,1,1,1,1,1,1,5,0,0.10122210483206424,0.3521064025089746,999.0815171829479,720.1985121139271,1,20,1,2024-08-01,111.16000099182129,111.15999832424696,222.31999931606825,0.09764309853969552,0
32,225.5816375585725,1119.9000091552734,1119.9000091552734,2239.800018310547,1.0,0,1,1.0,1.0,1.0,1,1,1,1,1,6,0,0,0.0022453241970996005,0.33063817529680156,1117.385470566385,749.6183136133025,1,20,1,2024-08-01,111.99000091552735,111.99000091552735,223.9800018310547,1.3559639744317964e-09,0
33,110.34000089407598,0.0,1103.4000091552734,1103.4000091552734,1.0,0,1,1.0,1.0,1.0,1,1,1,1,1,0,6,0,0.0,0.16380279912061807,1075.895420815951,922.659999105924,1,20,1,2024-08-01,0.0,110.34000091552736,110.34000091552736,2.7852176419155454e-09,0
34,160.07000160217277,0.0,1078.700008392334,1078.700008392334,1.0,0,1,1.0,1.0,1.0,1,1,1,1,1,0,6,0,0.0,0.2038286677202614,1135.5051822662354,858.8300228118898,1,20,1,2024-08-01,0.0,107.8700008392334,107.8700008392334,5.304575821993934e-09,0
35,281.85319635310356,951.700008392334,951.700008392334,1903.400016784668,1.0,0,1,1.0,1.0,1.0,1,1,1,1,1,1,5,0,0.0,0.23920687015222356,1242.889207095291,724.0468280609589,1,20,1,2024-08-01,95.17000083923341,95.17000083923341,190.34000167846682,0.0016835088137643894,0
36,230.88600345563984,944.1000061035156,813.793337123128,1757.8933432266435,1.0,0,1,1.0,1.0,1.0,1,1,1,1,1,1,5,0,0.0,0.018373871173487568,1224.8184375376711,798.8408031849851,1,20,1,2024-08-01,94.41000061035157,81.37933371231281,175.78933432266436,0.031174194904966097,0
37,131.58000068664532,1040.800006866455,1040.800006866455,2081.60001373291,1.0,0,1,1.0,1.0,1.0,1,1,1,1,1,0,6,0,0.0,0.13490059834706383,1144.6163776397702,900.3954631805422,1,20,1,2024-08-01,104.08000068664552,104.08000068664552,208.16000137329104,0.21717171870256893,0
38,593.2219898482723,1010.700008392334,463.86446504895736,1474.5644734412913,1.0,0,1,1.0,1.0,1.0,1,1,1,1,1,0,6,0,0.0,0.4164542174770758,1591.9220020553034,270.68615224157145,1,20,1,2024-08-01,101.0700008392334,46.38644650489574,147.45644734412915,0.11439173865489295,0
39,158.12000236511233,0.0,922.200008392334,922.200008392334,1.0,0,1,1.0,1.0,1.0,1,1,1,1,1,1,5,0,0.0,0.37224376863395525,1195.2199779510497,578.9168018341064,1,20,1,2024-08-01,0.0,92.2200008392334,92.2200008392334,0.5084175138604424,0
40,927.0600036621094,891.4000091552734,0.0,891.4000091552734,0.16666666666666666,5,0,0.16666666666666666,1.0,1.0,0,1,1,0,1,6,0,0,0.0,0.0,1911.3600524902345,0.0,1,20,1,2024-08-01,89.14000091552735,0.0,89.14000091552735,6.847111890930503e-09,1
41,95.18232365231643,855.7133344014485,864.5000038146973,1720.2133382161458,1.0,0,1,1.0,1.0,1.0,1,1,1,1,1,0,6,0,0.0,0.7905449026579625,1001.9823724804414,181.0739324511992,1,20,1,2024-08-01,85.57133344014485,86.45000038146974,172.02133382161458,0.0862971448201114,0
42,78.70000038146975,787.0000038146973,787.0000038146973,1574.0000076293945,1.0,0,1,1.0,1.0,1.0,1,1,1,1,1,3,3,0,0.0,0.7486292932424131,986.0000492095947,197.828747177124,1,20,1,2024-08-01,78.70000038146974,78.70000038146974,157.40000076293947,0.03703703775513149,0
43,73.2000003814697,732.0000038146973,732.0000038146973,1464.0000076293945,1.0,0,1,1.0,1.0,1.0,1,1,1,1,1,6,0,0,0.0,0.7069439767777906,991.5000492095947,214.51701011657718,1,20,1,2024-08-01,73.20000038146974,73.20000038146974,146.40000076293947,2.345100752237435e-09,0
44,73.52135589548948,577.0000038146973,559.4207199102309,1136.4207237249282,1.0,0,1,1.0,1.0,1.0,1,1,1,1,1,6,0,0,0.0,0.6402017950021197,980.8214047236145,201.27857086232302,1,20,1,2024-08-01,57.70000038146973,55.94207199102309,113.64207237249282,1.0737189877765916e-09,0
45,70.30000114440918,511.00000381469727,511.00000381469727,1022.0000076293945,1.0,0,1,1.0,1.0,1.0,1,1,1,1,1,0,6,0,0.0,0.6729995206993422,936.4000377655029,167.09724617004395,1,20,1,2024-08-01,51.10000038146973,51.10000038146973,102.20000076293945,1.866290233438195e-09,0
46,62.596194997098124,472.50000381469727,472.50000381469727,945.0000076293945,1.0,0,1,1.0,1.0,1.0,1,1,1,1,1,1,0,5,0.0,0.6689916642795755,867.6962316181919,156.4014398905972,1,20,1,2024-08-01,47.25000038146973,47.25000038146973,94.50000076293946,0.06228956359597401,0
47,48.41000061035155,484.1000061035156,484.1000061035156,968.2000122070312,1.0,0,1,1.0,1.0,1.0,1,1,1,1,1,0,1,5,0.0,0.6829673083679247,795.810025024414,153.47552795410158,1,20,1,2024-08-01,48.41000061035157,48.41000061035157,96.82000122070313,0.005050506113108101,0
0,0.0,0.0,0.0,0.0,1.0,0,1,1.0,1.0,1.0,1,1,1,1,1,0,0,6,0.0,0.0,20.5,49.5,0,20,2,2024-08-01,0.0,0.0,0.0,0.0,0
1,0.0,0.0,0.0,0.0,1.0,0,1,1.0,1.0,1.0,1,1,1,1,1,0,0,6,0.0,0.0,20.5,49.5,0,20,2,2024-08-01,0.0,0.0,0.0,0.0,0
2,0.0,0.0,0.0,0.0,1.0,0,1,1.0,1.0,1.0,1,1,1,1,1,0,0,6,0.0,0.0,20.5,49.5,0,20,2,2024-08-01,0.0,0.0,0.0,0.0,0
3,0.0,0.0,0.0,0.0,1.0,0,1,1.0,1.0,1.0,1,1,1,1,1,0,0,6,0.0,0.0,20.5,49.5,0,20,2,2024-08-01,0.0,0.0,0.0,0.0,0
4,0.0,0.0,0.0,0.0,1.0,0,1,1.0,1.0,1.0,1,1,1,1,1,0,0,6,0.0,0.0,20.5,49.5,0,20,2,2024-08-01,0.0,0.0,0.0,0.0,0
5,0.0,0.0,0.0,0.0,1.0,0,1,1.0,1.0,1.0,1,1,1,1,1,0,0,6,0.0,0.0,20.5,49.5,0,20,2,2024-08-01,0.0,0.0,0.0,0.0,0
6,0.0,0.0,0.0,0.0,1.0,0,1,1.0,1.0,1.0,1,1,1,1,1,0,0,6,0.0,0.0,20.5,49.5,0,20,2,2024-08-01,0.0,0.0,0.0,0.0,0
7,0.0,0.0,0.0,0.0,1.0,0,1,1.0,1.0,0.3333333333333333,1,1,0,1,1,0,0,6,0.0,0.0,20.5,49.5,0,20,2,2024-08-01,0.0,0.0,0.0,0.0,0
8,0.0,0.0,0.0,0.0,1.0,0,1,1.0,1.0,0.0,1,1,0,1,1,0,0,6,0.0,0.0,20.5,49.5,0,20,2,2024-08-01,0.0,0.0,0.0,0.0,0
9,0.0,0.0,0.0,0.0,1.0,0,1,1.0,1.0,0.0,1,1,0,1,1,0,0,6,0.0,0.0,20.5,49.5,0,20,2,2024-08-01,0.0,0.0,0.0,0.0,0
10,0.0,0.0,0.0,0.0,1.0,0,1,1.0,1.0,0.0,1,1,0,1,1,0,0,6,0.0,0.0,20.5,49.5,0,20,2,2024-08-01,0.0,0.0,0.0,0.0,0
11,0.0,0.0,0.0,0.0,1.0,0,1,1.0,1.0,0.0,1,1,0,1,1,0,0,6,0.0,0.0,20.5,49.5,0,20,2,2024-08-01,0.0,0.0,0.0,0.0,0
12,0.0,0.0,0.0,0.0,1.0,0,1,1.0,1.0,0.16666666666666666,1,1,0,1,1,0,0,6,0.0,0.0,70.5,99.5,0,20,2,2024-08-01,0.0,0.0,0.0,0.0,0
13,0.0,0.0,0.0,0.0,1.0,0,1,1.0,1.0,1.0,1,1,1,1,1,0,0,6,0.0,0.0,132.3000030517578,166.0,0,20,2,2024-08-01,0.0,0.0,0.0,0.0,0
14,0.0,0.0,0.0,0.0,1.0,0,1,1.0,1.0,0.3333333333333333,1,1,0,1,1,0,0,6,0.0,0.0,241.0,281.29998779296875,0,20,2,2024-08-01,0.0,0.0,0.0,0.0,0
15,0.0,0.0,0.0,0.0,1.0,0,1,1.0,1.0,0.0,1,1,0,1,1,0,0,6,0.0,0.0,307.01336669921875,336.3000183105469,0,20,2,2024-08-01,0.0,0.0,0.0,0.0,0
16,0.0,0.0,0.0,0.0,1.0,0,1,1.0,1.0,0.0,1,1,0,1,1,0,0,6,0.0,0.0,324.5000305175781,336.3000183105469,0,20,2,2024-08-01,0.0,0.0,0.0,0.0,0
17,0.0,0.0,0.0,0.0,1.0,0,1,1.0,1.0,0.0,1,1,0,1,1,0,0,6,0.0,0.0,319.0,330.79998779296875,0,20,2,2024-08-01,0.0,0.0,0.0,0.0,0
18,41.32000045776364,284.00000381469727,303.2000045776367,587.200008392334,1.0,0,1,1.0,1.0,1.0,1,1,1,1,1,0,2,4,0.0,0.0,473.8200004577636,426.1799995422364,1,20,2,2024-08-01,28.400000381469727,30.320000457763673,58.7200008392334,0.0486793480792472,0
19,36.041425100823,408.2000045776367,408.2000045776367,816.4000091552734,1.0,0,1,1.0,1.0,1.0,1,1,1,1,1,4,2,0,0.0,0.0,792.9013494172292,745.1586481413646,1,20,2,2024-08-01,40.820000457763676,40.820000457763676,81.64000091552735,0.026936027436660195,0
20,31.99227210225591,535.1000061035156,535.1000061035156,1070.2000122070312,1.0,0,1,1.0,1.0,1.0,1,1,1,1,1,0,0,6,0.0,0.0,878.4329459303809,839.9077523118066,1,20,2,2024-08-01,53.51000061035157,53.51000061035157,107.02000122070314,6.343824133177961e-10,0
21,47.543323060875316,586.0500061035157,601.1000061035156,1187.1500122070313,1.0,0,1,1.0,1.0,1.0,1,1,1,1,1,0,0,6,0.0,0.0,923.3953738421253,854.9619259625622,1,20,2,2024-08-01,58.60500061035157,60.11000061035156,118.71500122070313,3.840882635662456e-10,0
22,68.28386863584784,563.4500076293946,578.5000076293945,1141.950015258789,1.0,0,1,1.0,1.0,1.0,1,1,1,1,1,3,3,0,0.0,0.0,900.5715883624104,792.6353208172771,1,20,2,2024-08-01,56.34500076293946,57.85000076293946,114.19500152587892,0.005117069150789386,0
23,-21.492823499714575,250.0,608.700008392334,858.700008392334,1.0,0,1,1.0,1.0,1.0,1,1,1,1,1,0,4,2,0.0,0.0,825.7907458362229,899.5123547497146,1,20,2,2024-08-01,25.0,60.8700008392334,85.8700008392334,0.08592269833999297,0
24,65.82000083923339,658.200008392334,658.200008392334,1316.400016784668,1.0,0,1,1.0,1.0,1.0,1,1,1,1,1,0,6,0,0.0,0.0,983.0675594329834,911.280707168579,1,20,2,2024-08-01,65.8200008392334,65.8200008392334,131.6400016784668,0.15993266750310656,0
25,37.2858175377095,735.700008392334,735.700008392334,1471.400016784668,1.0,0,1,1.0,1.0,1.0,1,1,1,1,1,4,2,0,0.0,0.0,1041.3309835533346,1011.0142312904155,1,20,2,2024-08-01,73.5700008392334,73.5700008392334,147.1400016784668,0.0336700335993966,0
26,83.57000083923327,835.700008392334,835.700008392334,1671.400016784668,1.0,0,1,1.0,1.0,1.0,1,1,1,1,1,1,5,0,0.0,0.0,1119.9343807220457,998.2860782623293,1,20,2,2024-08-01,83.5700008392334,83.5700008392334,167.1400016784668,0.016835015686932464,0
27,0.0,0.0,0.0,0.0,1.0,0,1,1.0,1.0,0.0,1,1,0,1,1,0,0,6,0.0,0.0,1084.209716796875,1143.0,0,20,2,2024-08-01,0.0,0.0,0.0,0.0,0
28,104.83000126491089,0.0,1048.3000104624905,1048.3000104624905,1.0,0,1,1.0,1.0,1.0,1,1,1,1,1,0,0,6,0.0,0.0,1206.0886682570983,1054.6699987350892,1,20,2,2024-08-01,0.0,104.83000104624905,104.83000104624905,5.40058944082381e-10,0
29,151.23721568931654,1048.3000106811523,1048.3000106811523,2096.6000213623047,1.0,0,1,1.0,1.0,1.0,1,1,1,1,1,6,0,0,0.0,0.07224761687556629,1225.2142664705666,972.5628331388084,1,20,2,2024-08-01,104.83000106811524,104.83000106811524,209.66000213623047,1.2184254943422121e-09,0
30,164.24384023877218,1064.4333432515461,1067.600009918213,2132.033353169759,1.0,0,1,1.0,1.0,1.0,1,1,1,1,1,3,3,0,0.0,0.08574728407493472,1257.9486742231472,976.0562085893528,1,20,2,2024-08-01,106.44333432515462,106.7600009918213,213.20333531697588,0.06575408185873745,0
31,186.50143905794783,1111.600009918213,1111.5999832424695,2223.1999931606824,1.0,0,1,1.0,1.0,1.0,1,1,1,1,1,1,5,0,0.0,0.1321530687952402,1300.010960542323,964.6986341842396,1,20,2,2024-08-01,111.16000099182129,111.15999832424696,222.31999931606825,0.09764309853969552,0
32,225.5816375585725,1119.9000091552734,1119.9000091552734,2239.800018310547,1.0,0,1,1.0,1.0,1.0,1,1,1,1,1,6,0,0,0.0,0.22839679558944848,1281.878634628885,864.118435683615,1,20,2,2024-08-01,111.99000091552735,111.99000091552735,223.9800018310547,1.3559639744317964e-09,0
33,110.34000089407598,0.0,1103.4000091552734,1103.4000091552734,1.0,0,1,1.0,1.0,1.0,1,1,1,1,1,0,6,0,0.0,0.11993835829002938,1160.9482772612635,971.0600235199865,1,20,2,2024-08-01,0.0,110.34000091552736,110.34000091552736,2.7852176419155454e-09,0
34,160.07000160217277,0.0,1078.700008392334,1078.700008392334,1.0,0,1,1.0,1.0,1.0,1,1,1,1,1,0,6,0,0.0,0.1458885550719373,1211.8600406646729,921.3300228118898,1,20,2,2024-08-01,0.0,107.8700008392334,107.8700008392334,5.304575821993934e-09,0
35,281.85319635310356,951.700008392334,951.700008392334,1903.400016784668,1.0,0,1,1.0,1.0,1.0,1,1,1,1,1,1,5,0,0.0,0.17448061708641166,1321.8348858062286,785.6468036468964,1,20,2,2024-08-01,95.17000083923341,95.17000083923341,190.34000167846682,0.0016835088137643894,0
36,230.88600345563984,944.1000061035156,813.793337123128,1757.8933432266435,1.0,0,1,1.0,1.0,1.0,1,1,1,1,1,1,5,0,0.0,0.037573852522274645,1222.6845874400149,783.2159862904539,1,20,2,2024-08-01,94.41000061035157,81.37933371231281,175.78933432266436,0.031174194904966097,0
37,131.58000068664532,1040.800006866455,1040.800006866455,2081.60001373291,1.0,0,1,1.0,1.0,1.0,1,1,1,1,1,0,6,0,0.017005315180251727,0.2601652278493407,1023.1008747100828,770.0200359344484,1,20,2,2024-08-01,104.08000068664552,104.08000068664552,208.16000137329104,0.21717171870256893,0
38,593.2219898482723,1010.700008392334,463.86446504895736,1474.5644734412913,1.0,0,1,1.0,1.0,1.0,1,1,1,1,1,0,6,0,0.0,0.5851870498806138,1479.521977641241,192.41698720250895,1,20,2,2024-08-01,101.0700008392334,46.38644650489574,147.45644734412915,0.11439173865489295,0
39,158.12000236511233,0.0,922.200008392334,922.200008392334,1.0,0,1,1.0,1.0,1.0,1,1,1,1,1,1,5,0,0.0,0.5790561188167577,961.9199901580811,388.1944507598877,1,20,2,2024-08-01,0.0,92.2200008392334,92.2200008392334,0.5084175138604424,0
40,927.0600036621094,891.4000091552734,0.0,891.4000091552734,0.0,6,0,0.0,1.0,1.0,0,1,1,0,1,6,0,0,0.0,0.0,1642.960028076172,0.0,1,20,2,2024-08-01,89.14000091552735,0.0,89.14000091552735,6.847111890930503e-09,1
41,95.18232365231643,855.7133344014485,864.5000038146973,1720.2133382161458,1.0,0,1,1.0,1.0,1.0,1,1,1,1,1,0,6,0,0.02971903452436754,0.709832068870464,830.2823602734102,250.8501775683867,1,20,2,2024-08-01,85.57133344014485,86.45000038146974,172.02133382161458,0.0862971448201114,0
42,78.70000038146975,787.0000038146973,787.0000038146973,1574.0000076293945,1.0,0,1,1.0,1.0,1.0,1,1,1,1,1,3,3,0,0.10914863863125286,0.7356484262369565,701.1000247955322,208.0446895599365,1,20,2,2024-08-01,78.70000038146974,78.70000038146974,157.40000076293947,0.03703703775513149,0
43,73.2000003814697,732.0000038146973,732.0000038146973,1464.0000076293945,1.0,0,1,1.0,1.0,1.0,1,1,1,1,1,6,0,0,0.2539617186480573,0.78556163513954,546.1000247955322,156.96888389587406,1,20,2,2024-08-01,73.20000038146974,73.20000038146974,146.40000076293947,2.345100752237435e-09,0
44,73.52135589548948,577.0000038146973,559.4207199102309,1136.4207237249282,1.0,0,1,1.0,1.0,1.0,1,1,1,1,1,6,0,0,0.08627146513531544,0.7963896554657395,527.2213681025207,113.90384552052615,1,20,2,2024-08-01,57.70000038146973,55.94207199102309,113.64207237249282,1.0737189877765916e-09,0
45,70.30000114440918,511.00000381469727,511.00000381469727,1022.0000076293945,1.0,0,1,1.0,1.0,1.0,1,1,1,1,1,0,6,0,0.028375714980454155,0.8311899836053868,496.50001335144043,86.26191902160645,1,20,2,2024-08-01,51.10000038146973,51.10000038146973,102.20000076293945,1.866290233438195e-09,0
46,62.596194997098124,472.50000381469727,472.50000381469727,945.0000076293945,1.0,0,1,1.0,1.0,1.0,1,1,1,1,1,1,0,5,0.006145627077577671,0.8644880755133348,469.5961949970981,64.02938483688625,1,20,2,2024-08-01,47.25000038146973,47.25000038146973,94.50000076293946,0.06228956359597401,0
47,48.41000061035155,484.1000061035156,484.1000061035156,968.2000122070312,1.0,0,1,1.0,1.0,1.0,1,1,1,1,1,0,1,5,0.025180758809074357,0.7430386480126789,471.9100006103516,124.3949920654297,1,20,2,2024-08-01,48.41000061035157,48.41000061035157,96.82000122070313,0.005050506113108101,0
0,0.0,0.0,0.0,0.0,1.0,0,1,1.0,1.0,1.0,1,1,1,1,1,0,0,6,0.0,0.0,158.59999084472656,162.09999084472656,0,21,0,2024-08-01,0.0,0.0,0.0,0.0,0
1,0.0,0.0,0.0,0.0,1.0,0,1,1.0,1.0,1.0,1,1,1,1,1,0,0,6,0.0,0.0,158.59999084472656,162.09999084472656,0,21,0,2024-08-01,0.0,0.0,0.0,0.0,0
2,0.0,0.0,0.0,0.0,1.0,0,1,1.0,1.0,1.0,1,1,1,1,1,0,0,6,0.0,0.0,158.59999084472656,162.09999084472656,0,21,0,2024-08-01,0.0,0.0,0.0,0.0,0
3,0.0,0.0,0.0,0.0,1.0,0,1,1.0,1.0,1.0,1,1,1,1,1,0,0,6,0.0,0.0,158.59999084472656,162.09999084472656,0,21,0,2024-08-01,0.0,0.0,0.0,0.0,0
4,0.0,0.0,0.0,0.0,1.0,0,1,1.0,1.0,0.8333333333333334,1,1,0,1,1,0,0,6,0.0,0.0,158.59999084472656,162.09999084472656,0,21,0,2024-08-01,0.0,0.0,0.0,0.0,0
5,0.0,0.0,0.0,0.0,1.0,0,1,1.0,1.0,0.0,1,1,0,1,1,0,0,6,0.0,0.0,158.59999084472656,162.09999084472656,0,21,0,2024-08-01,0.0,0.0,0.0,0.0,0
6,0.0,0.0,0.0,0.0,1.0,0,1,1.0,1.0,1.0,1,1,1,1,1,0,0,6,0.0,0.0,131.09999084472656,134.59999084472656,0,21,0,2024-08-01,0.0,0.0,0.0,0.0,0
7,0.0,0.0,0.0,0.0,1.0,0,1,1.0,1.0,1.0,1,1,1,1,1,0,0,6,0.0,0.0,131.09999084472656,134.59999084472656,0,21,0,2024-08-01,0.0,0.0,0.0,0.0,0
8,0.0,0.0,0.0,0.0,1.0,0,1,1.0,1.0,0.8333333333333334,1,1,0,1,1,0,0,6,0.0,0.0,111.89999389648438,115.39999389648438,0,21,0,2024-08-01,0.0,0.0,0.0,0.0,0
9,0.0,0.0,0.0,0.0,1.0,0,1,1.0,1.0,1.0,1,1,1,1,1,0,0,6,0.0,0.0,111.89999389648438,115.39999389648438,0,21,0,2024-08-01,0.0,0.0,0.0,0.0,0
10,0.0,0.0,0.0,0.0,1.0,0,1,1.0,1.0,1.0,1,1,1,1,1,0,0,6,0.0,0.0,111.89999389648438,115.39999389648438,0,21,0,2024-08-01,0.0,0.0,0.0,0.0,0
11,0.0,0.0,0.0,0.0,1.0,0,1,1.0,1.0,1.0,1,1,1,1,1,0,0,6,0.0,0.0,111.89999389648438,115.39999389648438,0,21,0,2024-08-01,0.0,0.0,0.0,0.0,0
12,0.0,0.0,0.0,0.0,1.0,0,1,1.0,1.0,1.0,1,1,1,1,1,0,0,6,0.0,0.0,111.89999389648438,115.39999389648438,0,21,0,2024-08-01,0.0,0.0,0.0,0.0,0
13,0.0,0.0,0.0,0.0,1.0,0,1,1.0,1.0,0.5,1,1,0,1,1,0,0,6,0.0,0.0,194.39999389648438,197.89999389648438,0,21,0,2024-08-01,0.0,0.0,0.0,0.0,0
14,0.0,0.0,0.0,0.0,1.0,0,1,1.0,1.0,0.0,1,1,0,1,1,0,0,6,0.0,0.0,283.3999938964844,322.0999755859375,0,21,0,2024-08-01,0.0,0.0,0.0,0.0,0
15,0.0,0.0,0.0,0.0,1.0,0,1,1.0,1.0,0.0,1,1,0,1,1,0,0,6,0.0,0.0,294.3999938964844,333.0999755859375,0,21,0,2024-08-01,0.0,0.0,0.0,0.0,0
16,0.0,0.0,0.0,0.0,1.0,0,1,1.0,1.0,0.0,1,1,0,1,1,0,0,6,0.0,0.0,288.8999938964844,327.5999755859375,0,21,0,2024-08-01,0.0,0.0,0.0,0.0,0
17,0.0,0.0,0.0,0.0,1.0,0,1,1.0,1.0,0.0,1,1,0,1,1,0,0,6,0.0,0.0,412.6000061035156,479.29998779296875,0,21,0,2024-08-01,0.0,0.0,0.0,0.0,0
18,41.32000045776364,284.00000381469727,303.2000045776367,587.200008392334,1.0,0,1,1.0,1.0,1.0,1,1,1,1,1,5,0,1,0.0,0.0,467.3223197937011,457.280005645752,1,21,0,2024-08-01,28.400000381469727,30.320000457763673,58.7200008392334,0.224726834840287,0
19,36.041425100823,408.2000045776367,408.2000045776367,816.4000091552734,1.0,0,1,1.0,1.0,1.0,1,1,1,1,1,6,0,0,0.0,0.0,450.3324102082449,473.5585810026926,1,21,0,2024-08-01,40.820000457763676,40.820000457763676,81.64000091552735,0.15824915459863004,0
20,31.99227210225591,535.1000061035156,535.1000061035156,1070.2000122070312,1.0,0,1,1.0,1.0,1.0,1,1,1,1,1,2,0,4,0.12004028638236089,0.0,470.86644812764655,571.0077278977441,1,21,0,2024-08-01,53.51000061035157,53.51000061035157,107.02000122070314,0.020202020647377625,0
21,47.543323060875316,586.0500061035157,601.1000061035156,1187.1500122070313,1.0,0,1,1.0,1.0,1.0,1,1,1,1,1,5,0,1,0.15988919491850273,0.05763322045021739,492.34694244564093,566.4566769391247,1,21,0,2024-08-01,58.60500061035157,60.11000061035156,118.71500122070313,0.051526935999918255,0
22,68.28386863584784,563.4500076293946,578.5000076293945,1141.950015258789,1.0,0,1,1.0,1.0,1.0,1,1,1,1,1,6,0,0,0.0,0.0,593.8314760577229,650.6161557782146,1,21,0,2024-08-01,56.34500076293946,57.85000076293946,114.19500152587892,0.048178119533196645,0
23,-21.492823499714575,250.0,608.700008392334,858.700008392334,1.0,0,1,1.0,1.0,1.0,1,1,1,1,1,0,0,6,0.0,0.0,571.6976672229416,814.4928234997146,1,21,0,2024-08-01,25.0,60.8700008392334,85.8700008392334,9.929193433895184e-10,0
24,65.82000083923339,658.200008392334,658.200008392334,1316.400016784668,1.0,0,1,1.0,1.0,1.0,1,1,1,1,1,6,0,0,0.0,0.0,814.9963314056397,901.2800357818603,1,21,0,2024-08-01,65.8200008392334,65.8200008392334,131.6400016784668,8.693475795556865e-10,0
25,37.2858175377095,735.700008392334,735.700008392334,1471.400016784668,1.0,0,1,1.0,1.0,1.0,1,1,1,1,1,6,0,0,0.0,0.0,820.0897115806782,951.8142190833843,1,21,0,2024-08-01,73.5700008392334,73.5700008392334,147.1400016784668,9.141515084664664e-10,0
26,83.57000083923327,835.700008392334,835.700008392334,1671.400016784668,1.0,0,1,1.0,1.0,1.0,1,1,1,1,1,6,0,0,0.0,0.0,950.0252010345457,987.9299991607668,1,21,0,2024-08-01,83.5700008392334,83.5700008392334,167.1400016784668,6.847008753975718e-10,0
27,0.0,0.0,0.0,0.0,1.0,0,1,1.0,1.0,0.0,1,1,0,1,1,0,0,6,0.0,0.0,905.9613647460938,1099.0,0,21,0,2024-08-01,0.0,0.0,0.0,0.0,0
28,104.83000126491089,0.0,1048.3000104624905,1048.3000104624905,1.0,0,1,1.0,1.0,1.0,1,1,1,1,1,0,0,6,0.0,0.0,1123.4957727492858,1137.4700475632142,1,21,0,2024-08-01,0.0,104.83000104624905,104.83000104624905,5.40058944082381e-10,0
29,151.23721568931654,1048.3000106811523,1048.3000106811523,2096.6000213623047,1.0,0,1,1.0,1.0,1.0,1,1,1,1,1,6,0,0,0.0,0.0,1156.7138392244728,1071.7627843106834,1,21,0,2024-08-01,104.83000106811524,104.83000106811524,209.66000213623047,1.2184254943422121e-09,0
30,164.24384023877218,1064.4333432515461,1067.600009918213,2132.033353169759,1.0,0,1,1.0,1.0,1.0,1,1,1,1,1,5,1,0,0.0,0.12471316567803101,1104.1624193403347,934.4562330034153,1,21,0,2024-08-01,106.44333432515462,106.7600009918213,213.20333531697588,0.07924210510271117,0
31,186.50143905794783,1111.600009918213,1111.5999832424695,2223.1999931606824,1.0,0,1,1.0,1.0,1.0,1,1,1,1,1,5,1,0,0.0,0.2392059671345189,1123.535374604823,845.6986341842396,1,21,0,2024-08-01,111.16000099182129,111.15999832424696,222.31999931606825,0.01010101278502449,0
32,225.5816375585725,1119.9000091552734,1119.9000091552734,2239.800018310547,1.0,0,1,1.0,1.0,1.0,1,1,1,1,1,6,0,0,0.0,0.2693826193583797,1196.690158066385,818.2184112695525,1,21,0,2024-08-01,111.99000091552735,111.99000091552735,223.9800018310547,1.3559639744317964e-09,0
33,110.34000089407598,0.0,1103.4000091552734,1103.4000091552734,1.0,0,1,1.0,1.0,1.0,1,1,1,1,1,0,6,0,0.0,0.11397202522994095,1145.0737655425135,977.6432754731115,1,21,0,2024-08-01,0.0,110.34000091552736,110.34000091552736,2.7852176419155454e-09,0
34,160.07000160217277,0.0,1078.700008392334,1078.700008392334,1.0,0,1,1.0,1.0,1.0,1,1,1,1,1,0,6,0,0.0,0.22357470337652327,1104.9833316802979,837.5299739837648,1,21,0,2024-08-01,0.0,107.8700008392334,107.8700008392334,5.304575821993934e-09,0
35,281.85319635310356,951.700008392334,951.700008392334,1903.400016784668,1.0,0,1,1.0,1.0,1.0,1,1,1,1,1,0,6,0,0.0,0.3104714589591467,1206.688035220291,656.2243182953339,1,21,0,2024-08-01,95.17000083923341,95.17000083923341,190.34000167846682,7.405755526900996e-09,0
36,230.88600345563984,944.1000061035156,813.793337123128,1757.8933432266435,1.0,0,1,1.0,1.0,1.0,1,1,1,1,1,6,0,0,0.0,0.1835592464773911,1126.1860522837649,664.4140453724851,1,21,0,2024-08-01,94.41000061035157,81.37933371231281,175.78933432266436,1.0630484393220056e-09,0
37,131.58000068664532,1040.800006866455,1040.800006866455,2081.60001373291,1.0,0,1,1.0,1.0,1.0,1,1,1,1,1,0,6,0,0.01337428637572147,0.26621825220695594,1026.8800495147702,763.7200481414797,1,21,0,2024-08-01,104.08000068664552,104.08000068664552,208.16000137329104,5.497739045545669e-10,0
38,593.2219898482723,1010.700008392334,463.86446504895736,1474.5644734412913,1.0,0,1,1.0,1.0,1.0,1,1,1,1,1,6,0,0,0.0,0.3943548772490405,1488.5220386763972,280.93725087438395,1,21,0,2024-08-01,101.0700008392334,46.38644650489574,147.45644734412915,3.380653162914195e-09,0
39,158.12000236511233,0.0,922.200008392334,922.200008392334,1.0,0,1,1.0,1.0,1.0,1,1,1,1,1,6,0,0,0.0,0.31915072818917595,945.8200145721436,627.8792041778564,1,21,0,2024-08-01,0.0,92.2200008392334,92.2200008392334,7.859384907250364e-09,0
40,927.0600036621094,891.4000091552734,0.0,891.4000091552734,0.8333333333333334,1,0,0.8333333333333334,1.0,1.0,0,1,1,0,1,6,0,0,0.0,0.0,1679.0600646972657,0.0,1,21,0,2024-08-01,89.14000091552735,0.0,89.14000091552735,0.24915822718754999,1
41,95.18232365231643,855.7133344014485,864.5000038146973,1720.2133382161458,1.0,0,1,1.0,1.0,1.0,1,1,1,1,1,5,1,0,0.0684001842216434,0.5010507805371969,797.1823846874727,431.3416021289336,1,21,0,2024-08-01,85.57133344014485,86.45000038146974,172.02133382161458,0.04019766105255964,0
42,78.70000038146975,787.0000038146973,787.0000038146973,1574.0000076293945,1.0,0,1,1.0,1.0,1.0,1,1,1,1,1,6,0,0,0.056797924517746984,0.47375870927009095,742.3000370025635,414.1518978118896,1,21,0,2024-08-01,78.70000038146974,78.70000038146974,157.40000076293947,2.181211909249391e-09,0
43,73.2000003814697,732.0000038146973,732.0000038146973,1464.0000076293945,1.0,0,1,1.0,1.0,1.0,1,1,1,1,1,6,0,0,0.0,0.3193637742664578,775.900012588501,498.22571983337406,1,21,0,2024-08-01,73.20000038146974,73.20000038146974,146.40000076293947,2.345100752237435e-09,0
44,73.52135589548948,577.0000038146973,559.4207199102309,1136.4207237249282,1.0,0,1,1.0,1.0,1.0,1,1,1,1,1,6,0,0,0.0,0.30763361222830893,624.5213558954895,387.3241030888855,1,21,0,2024-08-01,57.70000038146973,55.94207199102309,113.64207237249282,1.0737189877765916e-09,0
45,70.30000114440918,511.00000381469727,511.00000381469727,1022.0000076293945,1.0,0,1,1.0,1.0,1.0,1,1,1,1,1,0,6,0,0.0,0.26278110390096837,621.3000011444092,376.71885871887207,1,21,0,2024-08-01,51.10000038146973,51.10000038146973,102.20000076293945,1.866290233438195e-09,0
46,62.596194997098124,472.50000381469727,472.50000381469727,945.0000076293945,1.0,0,1,1.0,1.0,1.0,1,1,1,1,1,0,0,6,0.0,0.20650435945068785,610.8962438252231,374.92669318649564,1,21,0,2024-08-01,47.25000038146973,47.25000038146973,94.50000076293946,2.3687739691227587e-10,0
47,48.41000061035155,484.1000061035156,484.1000061035156,968.2000122070312,1.0,0,1,1.0,1.0,1.0,1,1,1,1,1,0,0,6,0.0,0.1975164894837915,596.7100494384765,388.4822723388672,1,21,0,2024-08-01,48.41000061035157,48.41000061035157,96.82000122070313,7.879977624026941e-10,0
0,0.0,0.0,0.0,0.0,1.0,0,1,1.0,1.0,0.5,1,1,0,1,1,0,0,6,0.0,0.0,274.8999938964844,303.5,0,21,1,2024-08-01,0.0,0.0,0.0,0.0,0
1,0.0,0.0,0.0,0.0,1.0,0,1,1.0,1.0,0.0,1,1,0,1,1,0,0,6,0.0,0.0,294.1000061035156,322.70001220703125,0,21,1,2024-08-01,0.0,0.0,0.0,0.0,0
2,0.0,0.0,0.0,0.0,1.0,0,1,1.0,1.0,0.0,1,1,0,1,1,0,0,6,0.0,0.0,302.3999938964844,331.0,0,21,1,2024-08-01,0.0,0.0,0.0,0.0,0
3,0.0,0.0,0.0,0.0,1.0,0,1,1.0,1.0,0.0,1,1,0,1,1,0,0,6,0.0,0.0,291.3999938964844,320.0,0,21,1,2024-08-01,0.0,0.0,0.0,0.0,0
4,0.0,0.0,0.0,0.0,1.0,0,1,1.0,1.0,0.0,1,1,0,1,1,0,0,6,0.0,0.0,241.39999389648438,286.3999938964844,0,21,1,2024-08-01,0.0,0.0,0.0,0.0,0
5,0.0,0.0,0.0,0.0,1.0,0,1,1.0,1.0,0.0,1,1,0,1,1,0,0,6,0.0,0.0,213.89999389648438,258.8999938964844,0,21,1,2024-08-01,0.0,0.0,0.0,0.0,0
6,0.0,0.0,0.0,0.0,1.0,0,1,1.0,1.0,0.0,1,1,0,1,1,0,0,6,0.0,0.0,213.89999389648438,258.8999938964844,0,21,1,2024-08-01,0.0,0.0,0.0,0.0,0
7,0.0,0.0,0.0,0.0,1.0,0,1,1.0,1.0,0.0,1,1,0,1,1,0,0,6,0.0,0.0,194.60000610351562,239.59999084472656,0,21,1,2024-08-01,0.0,0.0,0.0,0.0,0
8,0.0,0.0,0.0,0.0,1.0,0,1,1.0,1.0,0.0,1,1,0,1,1,0,0,6,0.0,0.0,194.60000610351562,239.59999084472656,0,21,1,2024-08-01,0.0,0.0,0.0,0.0,0
9,0.0,0.0,0.0,0.0,1.0,0,1,1.0,1.0,0.0,1,1,0,1,1,0,0,6,0.0,0.0,194.60000610351562,239.59999084472656,0,21,1,2024-08-01,0.0,0.0,0.0,0.0,0
10,0.0,0.0,0.0,0.0,1.0,0,1,1.0,1.0,0.0,1,1,0,1,1,0,0,6,0.0,0.0,167.10000610351562,212.10000610351562,0,21,1,2024-08-01,0.0,0.0,0.0,0.0,0
11,0.0,0.0,0.0,0.0,1.0,0,1,1.0,1.0,0.6666666666666666,1,1,0,1,1,0,0,6,0.0,0.0,156.10000610351562,201.10000610351562,0,21,1,2024-08-01,0.0,0.0,0.0,0.0,0
12,0.0,0.0,0.0,0.0,1.0,0,1,1.0,1.0,1.0,1,1,1,1,1,0,0,6,0.0,0.0,206.09999084472656,251.09999084472656,0,21,1,2024-08-01,0.0,0.0,0.0,0.0,0
13,0.0,0.0,0.0,0.0,1.0,0,1,1.0,1.0,1.0,1,1,1,1,1,0,0,6,0.0,0.0,263.79998779296875,308.79998779296875,0,21,1,2024-08-01,0.0,0.0,0.0,0.0,0
14,0.0,0.0,0.0,0.0,1.0,0,1,1.0,1.0,1.0,1,1,1,1,1,0,0,6,0.0,0.0,332.4000244140625,377.4000244140625,0,21,1,2024-08-01,0.0,0.0,0.0,0.0,0
15,0.0,0.0,0.0,0.0,1.0,0,1,1.0,1.0,1.0,1,1,1,1,1,0,0,6,0.0,0.0,374.3999938964844,424.1000061035156,0,21,1,2024-08-01,0.0,0.0,0.0,0.0,0
16,0.0,0.0,0.0,0.0,1.0,0,1,1.0,1.0,0.16666666666666666,1,1,0,1,1,0,0,6,0.0,0.0,404.5999755859375,454.2999572753906,0,21,1,2024-08-01,0.0,0.0,0.0,0.0,0
17,0.0,0.0,0.0,0.0,1.0,0,1,1.0,1.0,0.0,1,1,0,1,1,0,0,6,0.0,0.0,443.0999755859375,492.7999572753906,0,21,1,2024-08-01,0.0,0.0,0.0,0.0,0
18,41.32000045776364,284.00000381469727,303.2000045776367,587.200008392334,1.0,0,1,1.0,1.0,1.0,1,1,1,1,1,5,0,1,0.0,0.0,545.4199760437011,512.4799263000489,1,21,1,2024-08-01,28.400000381469727,30.320000457763673,58.7200008392334,0.224726834840287,0
19,36.041425100823,408.2000045776367,408.2000045776367,816.4000091552734,1.0,0,1,1.0,1.0,1.0,1,1,1,1,1,6,0,0,0.0,0.0,581.5290959992604,578.158526071052,1,21,1,2024-08-01,40.820000457763676,40.820000457763676,81.64000091552735,0.15824915459863004,0
20,31.99227210225591,535.1000061035156,535.1000061035156,1070.2000122070312,1.0,0,1,1.0,1.0,1.0,1,1,1,1,1,2,0,4,0.0,0.0,676.2906119460059,725.6077034836816,1,21,1,2024-08-01,53.51000061035157,53.51000061035157,107.02000122070314,0.020202020647377625,0
21,47.543323060875316,586.0500061035157,601.1000061035156,1187.1500122070313,1.0,0,1,1.0,1.0,1.0,1,1,1,1,1,5,0,1,0.0,0.0,748.9869265765003,790.3398556500622,1,21,1,2024-08-01,58.60500061035157,60.11000061035156,118.71500122070313,0.051526935999918255,0
22,68.28386863584784,563.4500076293946,578.5000076293945,1141.950015258789,1.0,0,1,1.0,1.0,1.0,1,1,1,1,1,6,0,0,0.0,0.0,815.1215151202229,868.3435727704021,1,21,1,2024-08-01,56.34500076293946,57.85000076293946,114.19500152587892,0.048178119533196645,0
23,-21.492823499714575,250.0,608.700008392334,858.700008392334,1.0,0,1,1.0,1.0,1.0,1,1,1,1,1,0,0,6,0.0,0.0,785.8171130237229,1059.4931897106521,1,21,1,2024-08-01,25.0,60.8700008392334,85.8700008392334,9.929193433895184e-10,0
24,65.82000083923339,658.200008392334,658.200008392334,1316.400016784668,1.0,0,1,1.0,1.0,1.0,1,1,1,1,1,6,0,0,0.0,0.0,966.9245540618897,1075.4382999420166,1,21,1,2024-08-01,65.8200008392334,65.8200008392334,131.6400016784668,8.693475795556865e-10,0
25,37.2858175377095,735.700008392334,735.700008392334,1471.400016784668,1.0,0,1,1.0,1.0,1.0,1,1,1,1,1,6,0,0,0.0,0.0,916.721486483022,1088.3269754310404,1,21,1,2024-08-01,73.5700008392334,73.5700008392334,147.1400016784668,9.141515084664664e-10,0
26,83.57000083923327,835.700008392334,835.700008392334,1671.400016784668,1.0,0,1,1.0,1.0,1.0,1,1,1,1,1,6,0,0,0.0,0.0,875.6071712493895,976.4097354888918,1,21,1,2024-08-01,83.5700008392334,83.5700008392334,167.1400016784668,6.847008753975718e-10,0
27,0.0,0.0,0.0,0.0,1.0,0,1,1.0,1.0,0.0,1,1,0,1,1,0,0,6,0.0,0.0,870.882568359375,1124.0338134765625,0,21,1,2024-08-01,0.0,0.0,0.0,0.0,0
28,104.83000126491089,0.0,1048.3000104624905,1048.3000104624905,1.0,0,1,1.0,1.0,1.0,1,1,1,1,1,0,0,6,0.0,0.03377096833028273,994.8766931594421,1012.8979040085267,1,21,1,2024-08-01,0.0,104.83000104624905,104.83000104624905,5.40058944082381e-10,0
29,151.23721568931654,1048.3000106811523,1048.3000106811523,2096.6000213623047,1.0,0,1,1.0,1.0,1.0,1,1,1,1,1,6,0,0,0.052870886004204434,0.13241571580462796,992.8754603182228,909.4886143888084,1,21,1,2024-08-01,104.83000106811524,104.83000106811524,209.66000213623047,1.2184254943422121e-09,0
30,164.24384023877218,1064.4333432515461,1067.600009918213,2132.033353169759,1.0,0,1,1.0,1.0,1.0,1,1,1,1,1,5,1,0,0.07451886291486547,0.18157830988150084,985.1129808637722,873.7470044877903,1,21,1,2024-08-01,106.44333432515462,106.7600009918213,213.20333531697588,0.07924210510271117,0
31,186.50143905794783,1111.600009918213,1111.5999832424695,2223.1999931606824,1.0,0,1,1.0,1.0,1.0,1,1,1,1,1,5,1,0,0.0,0.22502874542559687,1124.961644136073,861.4580335983021,1,21,1,2024-08-01,111.16000099182129,111.15999832424696,222.31999931606825,0.01010101278502449,0
32,225.5816375585725,1119.9000091552734,1119.9000091552734,2239.800018310547,1.0,0,1,1.0,1.0,1.0,1,1,1,1,1,6,0,0,0.0,0.2725217415129899,1183.0484954687288,814.702908339865,1,21,1,2024-08-01,111.99000091552735,111.99000091552735,223.9800018310547,1.3559639744317964e-09,0
33,110.34000089407598,0.0,1103.4000091552734,1103.4000091552734,1.0,0,1,1.0,1.0,1.0,1,1,1,1,1,0,6,0,0.0,0.1891391925643836,1018.528721597201,894.7038223481115,1,21,1,2024-08-01,0.0,110.34000091552736,110.34000091552736,2.7852176419155454e-09,0
34,160.07000160217277,0.0,1078.700008392334,1078.700008392334,1.0,0,1,1.0,1.0,1.0,1,1,1,1,1,0,6,0,0.0,0.26405899911814956,1027.9165592193604,793.8595638275148,1,21,1,2024-08-01,0.0,107.8700008392334,107.8700008392334,5.304575821993934e-09,0
35,281.85319635310356,951.700008392334,951.700008392334,1903.400016784668,1.0,0,1,1.0,1.0,1.0,1,1,1,1,1,0,6,0,0.0,0.3140180010531482,1140.5181743804474,652.8490741547089,1,21,1,2024-08-01,95.17000083923341,95.17000083923341,190.34000167846682,7.405755526900996e-09,0
36,230.88600345563984,944.1000061035156,813.793337123128,1757.8933432266435,1.0,0,1,1.0,1.0,1.0,1,1,1,1,1,6,0,0,0.0,0.058427751646283506,1207.0603198618899,766.2452221302976,1,21,1,2024-08-01,94.41000061035157,81.37933371231281,175.78933432266436,1.0630484393220056e-09,0
37,131.58000068664532,1040.800006866455,1040.800006866455,2081.60001373291,1.0,0,1,1.0,1.0,1.0,1,1,1,1,1,0,6,0,0.0,0.19791458807113885,1099.4822223663327,834.8105022430422,1,21,1,2024-08-01,104.08000068664552,104.08000068664552,208.16000137329104,5.497739045545669e-10,0
38,593.2219898482723,1010.700008392334,463.86446504895736,1474.5644734412913,1.0,0,1,1.0,1.0,1.0,1,1,1,1,1,6,0,0,0.0,0.44054264832651463,1460.8219654342097,259.5123851517277,1,21,1,2024-08-01,101.0700008392334,46.38644650489574,147.45644734412915,3.380653162914195e-09,0
39,158.12000236511233,0.0,922.200008392334,922.200008392334,1.0,0,1,1.0,1.0,1.0,1,1,1,1,1,6,0,0,0.0,0.30251087160789314,976.2199779510498,643.2244800567627,1,21,1,2024-08-01,0.0,92.2200008392334,92.2200008392334,7.859384907250364e-09,0
40,927.0600036621094,891.4000091552734,0.0,891.4000091552734,1.0,0,1,1.0,1.0,1.0,1,1,1,1,1,6,0,0,0.0,0.0,1711.7599548339845,0.0,1,21,1,2024-08-01,89.14000091552735,0.0,89.14000091552735,0.24915822718754999,0
41,95.18232365231643,855.7133344014485,864.5000038146973,1720.2133382161458,1.0,0,1,1.0,1.0,1.0,1,1,1,1,1,5,1,0,0.0,0.245348142405101,899.0822870312227,652.3965337695586,1,21,1,2024-08-01,85.57133344014485,86.45000038146974,172.02133382161458,0.04019766105255964,0
42,78.70000038146975,787.0000038146973,787.0000038146973,1574.0000076293945,1.0,0,1,1.0,1.0,1.0,1,1,1,1,1,6,0,0,0.0,0.19291195369990954,844.2000003814697,635.1782955169678,1,21,1,2024-08-01,78.70000038146974,78.70000038146974,157.40000076293947,2.181211909249391e-09,0
43,73.2000003814697,732.0000038146973,732.0000038146973,1464.0000076293945,1.0,0,1,1.0,1.0,1.0,1,1,1,1,1,6,0,0,0.0,0.10176368774995813,844.7000003814697,657.5089839935303,1,21,1,2024-08-01,73.20000038146974,73.20000038146974,146.40000076293947,2.345100752237435e-09,0
44,73.52135589548948,577.0000038146973,559.4207199102309,1136.4207237249282,1.0,0,1,1.0,1.0,1.0,1,1,1,1,1,6,0,0,0.0,0.0,762.5213558954895,574.3184878545105,1,21,1,2024-08-01,57.70000038146973,55.94207199102309,113.64207237249282,1.0737189877765916e-09,0
45,70.30000114440918,511.00000381469727,511.00000381469727,1022.0000076293945,1.0,0,1,1.0,1.0,1.0,1,1,1,1,1,0,6,0,0.0,0.0,809.3000011444092,623.7279529571533,1,21,1,2024-08-01,51.10000038146973,51.10000038146973,102.20000076293945,1.866290233438195e-09,0
46,62.596194997098124,472.50000381469727,472.50000381469727,945.0000076293945,1.0,0,1,1.0,1.0,1.0,1,1,1,1,1,0,0,6,0.0,0.0,713.1962316181919,579.5953943583706,1,21,1,2024-08-01,47.25000038146973,47.25000038146973,94.50000076293946,2.3687739691227587e-10,0
47,48.41000061035155,484.1000061035156,484.1000061035156,968.2000122070312,1.0,0,1,1.0,1.0,1.0,1,1,1,1,1,0,0,6,0.0,0.0,710.0100372314453,604.0417205810547,1,21,1,2024-08-01,48.41000061035157,48.41000061035157,96.82000122070313,7.879977624026941e-10,0
0,0.0,0.0,0.0,0.0,1.0,0,1,1.0,1.0,1.0,1,1,1,1,1,0,0,6,0.0,0.0,139.1999969482422,168.1999969482422,0,21,2,2024-08-01,0.0,0.0,0.0,0.0,0
1,0.0,0.0,0.0,0.0,1.0,0,1,1.0,1.0,1.0,1,1,1,1,1,0,0,6,0.0,0.0,139.1999969482422,168.1999969482422,0,21,2,2024-08-01,0.0,0.0,0.0,0.0,0
2,0.0,0.0,0.0,0.0,1.0,0,1,1.0,1.0,0.8333333333333334,1,1,0,1,1,0,0,6,0.0,0.0,139.1999969482422,168.1999969482422,0,21,2,2024-08-01,0.0,0.0,0.0,0.0,0
3,0.0,0.0,0.0,0.0,1.0,0,1,1.0,1.0,0.0,1,1,0,1,1,0,0,6,0.0,0.0,139.1999969482422,168.1999969482422,0,21,2,2024-08-01,0.0,0.0,0.0,0.0,0
4,0.0,0.0,0.0,0.0,1.0,0,1,1.0,1.0,0.0,1,1,0,1,1,0,0,6,0.0,0.0,139.1999969482422,168.1999969482422,0,21,2,2024-08-01,0.0,0.0,0.0,0.0,0
5,0.0,0.0,0.0,0.0,1.0,0,1,1.0,1.0,0.0,1,1,0,1,1,0,0,6,0.0,0.0,139.1999969482422,168.1999969482422,0,21,2,2024-08-01,0.0,0.0,0.0,0.0,0
6,0.0,0.0,0.0,0.0,1.0,0,1,1.0,1.0,0.0,1,1,0,1,1,0,0,6,0.0,0.0,139.1999969482422,168.1999969482422,0,21,2,2024-08-01,0.0,0.0,0.0,0.0,0
7,0.0,0.0,0.0,0.0,1.0,0,1,1.0,1.0,0.3333333333333333,1,1,0,1,1,0,0,6,0.0,0.0,111.69999694824219,140.6999969482422,0,21,2,2024-08-01,0.0,0.0,0.0,0.0,0
8,0.0,0.0,0.0,0.0,1.0,0,1,1.0,1.0,1.0,1,1,1,1,1,0,0,6,0.0,0.0,111.69999694824219,140.6999969482422,0,21,2,2024-08-01,0.0,0.0,0.0,0.0,0
9,0.0,0.0,0.0,0.0,1.0,0,1,1.0,1.0,1.0,1,1,1,1,1,0,0,6,0.0,0.0,161.6999969482422,190.6999969482422,0,21,2,2024-08-01,0.0,0.0,0.0,0.0,0
10,0.0,0.0,0.0,0.0,1.0,0,1,1.0,1.0,1.0,1,1,1,1,1,0,0,6,0.0,0.0,161.6999969482422,190.6999969482422,0,21,2,2024-08-01,0.0,0.0,0.0,0.0,0
11,0.0,0.0,0.0,0.0,1.0,0,1,1.0,1.0,1.0,1,1,1,1,1,0,0,6,0.0,0.0,172.6999969482422,201.6999969482422,0,21,2,2024-08-01,0.0,0.0,0.0,0.0,0
12,0.0,0.0,0.0,0.0,1.0,0,1,1.0,1.0,1.0,1,1,1,1,1,0,0,6,0.0,0.0,172.6999969482422,201.6999969482422,0,21,2,2024-08-01,0.0,0.0,0.0,0.0,0
13,0.0,0.0,0.0,0.0,1.0,0,1,1.0,1.0,1.0,1,1,1,1,1,0,0,6,0.0,0.0,172.6999969482422,201.6999969482422,0,21,2,2024-08-01,0.0,0.0,0.0,0.0,0
14,0.0,0.0,0.0,0.0,1.0,0,1,1.0,1.0,0.0,1,1,0,1,1,0,0,6,0.0,0.0,179.89999389648438,229.1999969482422,0,21,2,2024-08-01,0.0,0.0,0.0,0.0,0
15,0.0,0.0,0.0,0.0,1.0,0,1,1.0,1.0,0.0,1,1,0,1,1,0,0,6,0.0,0.0,242.1526641845703,345.20001220703125,0,21,2,2024-08-01,0.0,0.0,0.0,0.0,0
16,0.0,0.0,0.0,0.0,1.0,0,1,1.0,1.0,0.0,1,1,0,1,1,0,0,6,0.0,0.0,315.6000061035156,411.20001220703125,0,21,2,2024-08-01,0.0,0.0,0.0,0.0,0
17,0.0,0.0,0.0,0.0,1.0,0,1,1.0,1.0,0.0,1,1,0,1,1,0,0,6,0.0,0.0,410.5,477.1000061035156,0,21,2,2024-08-01,0.0,0.0,0.0,0.0,0
18,41.32000045776364,284.00000381469727,303.2000045776367,587.200008392334,1.0,0,1,1.0,1.0,1.0,1,1,1,1,1,5,0,1,0.0,0.0,536.0700004577636,532.4799873352051,1,21,2,2024-08-01,28.400000381469727,30.320000457763673,58.7200008392334,0.224726834840287,0
19,36.041425100823,408.2000045776367,408.2000045776367,816.4000091552734,1.0,0,1,1.0,1.0,1.0,1,1,1,1,1,6,0,0,0.0,0.0,479.06541191722926,592.8585993132396,1,21,2,2024-08-01,40.820000457763676,40.820000457763676,81.64000091552735,0.15824915459863004,0
20,31.99227210225591,535.1000061035156,535.1000061035156,1070.2000122070312,1.0,0,1,1.0,1.0,1.0,1,1,1,1,1,2,0,4,0.03734438032882208,0.0,515.1170279616309,671.1077645188378,1,21,2,2024-08-01,53.51000061035157,53.51000061035157,107.02000122070314,0.020202020647377625,0
21,47.543323060875316,586.0500061035157,601.1000061035156,1187.1500122070313,1.0,0,1,1.0,1.0,1.0,1,1,1,1,1,5,0,1,0.18429008261055663,0.0,478.04680206478156,678.0567135602184,1,21,2,2024-08-01,58.60500061035157,60.11000061035156,118.71500122070313,0.051526935999918255,0
22,68.28386863584784,563.4500076293946,578.5000076293945,1141.950015258789,1.0,0,1,1.0,1.0,1.0,1,1,1,1,1,6,0,0,0.06626693591393114,0.0,526.1119020831135,696.3161679852459,1,21,2,2024-08-01,56.34500076293946,57.85000076293946,114.19500152587892,0.048178119533196645,0
23,-21.492823499714575,250.0,608.700008392334,858.700008392334,1.0,0,1,1.0,1.0,1.0,1,1,1,1,1,0,0,6,0.0,0.0,517.1523181018479,937.7928112926834,1,21,2,2024-08-01,25.0,60.8700008392334,85.8700008392334,9.929193433895184e-10,0
24,65.82000083923339,658.200008392334,658.200008392334,1316.400016784668,1.0,0,1,1.0,1.0,1.0,1,1,1,1,1,6,0,0,0.09309011472217936,0.0,596.9280941009522,905.4799869537353,1,21,2,2024-08-01,65.8200008392334,65.8200008392334,131.6400016784668,8.693475795556865e-10,0
25,37.2858175377095,735.700008392334,735.700008392334,1471.400016784668,1.0,0,1,1.0,1.0,1.0,1,1,1,1,1,6,0,0,0.17447609809287118,0.0,607.337941561147,980.7141824622905,1,21,2,2024-08-01,73.5700008392334,73.5700008392334,147.1400016784668,9.141515084664664e-10,0
26,83.57000083923327,835.700008392334,835.700008392334,1671.400016784668,1.0,0,1,1.0,1.0,1.0,1,1,1,1,1,6,0,0,0.1472280167322473,0.0,712.6615535736082,995.4299991607668,1,21,2,2024-08-01,83.5700008392334,83.5700008392334,167.1400016784668,6.847008753975718e-10,0
27,0.0,0.0,0.0,0.0,1.0,0,1,1.0,1.0,0.0,1,1,0,1,1,0,0,6,0.0,0.0,771.403564453125,1222.4000244140625,0,21,2,2024-08-01,0.0,0.0,0.0,0.0,0
28,104.83000126491089,0.0,1048.3000104624905,1048.3000104624905,1.0,0,1,1.0,1.0,1.0,1,1,1,1,1,0,0,6,0.0,2.8652238065487777e-05,861.3783411086608,1048.2699743210267,1,21,2,2024-08-01,0.0,104.83000104624905,104.83000104624905,5.40058944082381e-10,0
29,151.23721568931654,1048.3000106811523,1048.3000106811523,2096.6000213623047,1.0,0,1,1.0,1.0,1.0,1,1,1,1,1,6,0,0,0.12281654554577746,0.06003744170873069,919.5514246736916,985.3627598966209,1,21,2,2024-08-01,104.83000106811524,104.83000106811524,209.66000213623047,1.2184254943422121e-09,0
30,164.24384023877218,1064.4333432515461,1067.600009918213,2132.033353169759,1.0,0,1,1.0,1.0,1.0,1,1,1,1,1,5,1,0,0.07076592619798318,0.09951655449983257,989.1077318403347,961.3561353471653,1,21,2,2024-08-01,106.44333432515462,106.7600009918213,213.20333531697588,0.07924210510271117,0
31,186.50143905794783,1111.600009918213,1111.5999832424695,2223.1999931606824,1.0,0,1,1.0,1.0,1.0,1,1,1,1,1,5,1,0,0.0,0.1729952306959138,1114.3301133743541,919.2984876998646,1,21,2,2024-08-01,111.16000099182129,111.15999832424696,222.31999931606825,0.01010101278502449,0
32,225.5816375585725,1119.9000091552734,1119.9000091552734,2239.800018310547,1.0,0,1,1.0,1.0,1.0,1,1,1,1,1,6,0,0,0.0,0.11347586504230815,1283.36960142576,992.81838685549,1,21,2,2024-08-01,111.99000091552735,111.99000091552735,223.9800018310547,1.3559639744317964e-09,0
33,110.34000089407598,0.0,1103.4000091552734,1103.4000091552734,1.0,0,1,1.0,1.0,1.0,1,1,1,1,1,0,6,0,0.0,0.0,1237.623692300326,1147.824061605924,1,21,2,2024-08-01,0.0,110.34000091552736,110.34000091552736,2.7852176419155454e-09,0
34,160.07000160217277,0.0,1078.700008392334,1078.700008392334,1.0,0,1,1.0,1.0,1.0,1,1,1,1,1,0,6,0,0.0,0.007074569444826816,1302.6187076568604,1071.0686702728271,1,21,2,2024-08-01,0.0,107.8700008392334,107.8700008392334,5.304575821993934e-09,0
35,281.85319635310356,951.700008392334,951.700008392334,1903.400016784668,1.0,0,1,1.0,1.0,1.0,1,1,1,1,1,0,6,0,0.0,0.12928663997266307,1318.9030010406036,828.6579120453339,1,21,2,2024-08-01,95.17000083923341,95.17000083923341,190.34000167846682,7.405755526900996e-09,0
36,230.88600345563984,944.1000061035156,813.793337123128,1757.8933432266435,1.0,0,1,1.0,1.0,1.0,1,1,1,1,1,6,0,0,0.0,0.0,1285.9973315806399,879.8682690052976,1,21,2,2024-08-01,94.41000061035157,81.37933371231281,175.78933432266436,1.0630484393220056e-09,0
37,131.58000068664532,1040.800006866455,1040.800006866455,2081.60001373291,1.0,0,1,1.0,1.0,1.0,1,1,1,1,1,0,6,0,0.0,0.09202539521067898,1170.6305377960202,945.0199748992922,1,21,2,2024-08-01,104.08000068664552,104.08000068664552,208.16000137329104,5.497739045545669e-10,0
38,593.2219898482723,1010.700008392334,463.86446504895736,1474.5644734412913,1.0,0,1,1.0,1.0,1.0,1,1,1,1,1,6,0,0,0.0,0.0,1696.7898609420222,580.1780345657902,1,21,2,2024-08-01,101.0700008392334,46.38644650489574,147.45644734412915,3.380653162914195e-09,0
39,158.12000236511233,0.0,922.200008392334,922.200008392334,1.0,0,1,1.0,1.0,1.0,1,1,1,1,1,6,0,0,0.0,0.0,1240.5715404510497,942.1860279083252,1,21,2,2024-08-01,0.0,92.2200008392334,92.2200008392334,7.859384907250364e-09,0
40,927.0600036621094,891.4000091552734,0.0,891.4000091552734,1.0,0,1,1.0,1.0,1.0,1,1,1,1,1,6,0,0,0.0,0.0,1931.344793701172,54.07732543945315,1,21,2,2024-08-01,89.14000091552735,0.0,89.14000091552735,0.24915822718754999,0
41,95.18232365231643,855.7133344014485,864.5000038146973,1720.2133382161458,1.0,0,1,1.0,1.0,1.0,1,1,1,1,1,5,1,0,0.0,0.0,1113.3049432812227,881.4779546679961,1,21,2,2024-08-01,85.57133344014485,86.45000038146974,172.02133382161458,0.04019766105255964,0
42,78.70000038146975,787.0000038146973,787.0000038146973,1574.0000076293945,1.0,0,1,1.0,1.0,1.0,1,1,1,1,1,6,0,0,0.0,0.0,1055.6225467681884,856.1063961029053,1,21,2,2024-08-01,78.70000038146974,78.70000038146974,157.40000076293947,2.181211909249391e-09,0
43,73.2000003814697,732.0000038146973,732.0000038146973,1464.0000076293945,1.0,0,1,1.0,1.0,1.0,1,1,1,1,1,6,0,0,0.0,0.0,1077.6225467681884,888.5768550872803,1,21,2,2024-08-01,73.20000038146974,73.20000038146974,146.40000076293947,2.345100752237435e-09,0
44,73.52135589548948,577.0000038146973,559.4207199102309,1136.4207237249282,1.0,0,1,1.0,1.0,1.0,1,1,1,1,1,6,0,0,0.0,0.0,1088.9979794306457,910.700445862323,1,21,2,2024-08-01,57.70000038146973,55.94207199102309,113.64207237249282,1.0737189877765916e-09,0
45,70.30000114440918,511.00000381469727,511.00000381469727,1022.0000076293945,1.0,0,1,1.0,1.0,1.0,1,1,1,1,1,0,6,0,0.0,0.0,1088.328748703003,913.9218006134033,1,21,2,2024-08-01,51.10000038146973,51.10000038146973,102.20000076293945,1.866290233438195e-09,0
46,62.596194997098124,472.50000381469727,472.50000381469727,945.0000076293945,1.0,0,1,1.0,1.0,1.0,1,1,1,1,1,0,0,6,0.0,0.0,934.6787145283481,786.5927088114956,1,21,2,2024-08-01,47.25000038146973,47.25000038146973,94.50000076293946,2.3687739691227587e-10,0
47,48.41000061035155,484.1000061035156,484.1000061035156,968.2000122070312,1.0,0,1,1.0,1.0,1.0,1,1,1,1,1,0,0,6,0.0,0.0,882.0925567626953,761.061801147461,1,21,2,2024-08-01,48.41000061035157,48.41000061035157,96.82000122070313,7.879977624026941e-10,0
0,0.0,0.0,0.0,0.0,1.0,0,1,1.0,1.0,0.3333333333333333,1,1,0,1,1,0,0,6,0.0,0.0,179.39999389648438,215.89999389648438,0,22,0,2024-08-01,0.0,0.0,0.0,0.0,0
1,0.0,0.0,0.0,0.0,1.0,0,1,1.0,1.0,0.0,1,1,0,1,1,0,0,6,0.0,0.0,179.39999389648438,215.89999389648438,0,22,0,2024-08-01,0.0,0.0,0.0,0.0,0
2,0.0,0.0,0.0,0.0,1.0,0,1,1.0,1.0,0.0,1,1,0,1,1,0,0,6,0.0,0.0,179.39999389648438,215.89999389648438,0,22,0,2024-08-01,0.0,0.0,0.0,0.0,0
3,0.0,0.0,0.0,0.0,1.0,0,1,1.0,1.0,0.0,1,1,0,1,1,0,0,6,0.0,0.0,181.39999389648438,215.89999389648438,0,22,0,2024-08-01,0.0,0.0,0.0,0.0,0
4,0.0,0.0,0.0,0.0,1.0,0,1,1.0,1.0,0.0,1,1,0,1,1,0,0,6,0.0,0.0,181.39999389648438,215.89999389648438,0,22,0,2024-08-01,0.0,0.0,0.0,0.0,0
5,0.0,0.0,0.0,0.0,1.0,0,1,1.0,1.0,0.0,1,1,0,1,1,0,0,6,0.0,0.0,170.7166748046875,188.39999389648438,0,22,0,2024-08-01,0.0,0.0,0.0,0.0,0
6,0.0,0.0,0.0,0.0,1.0,0,1,1.0,1.0,0.16666666666666666,1,1,0,1,1,0,0,6,0.0,0.0,115.89999389648438,110.89999389648438,0,22,0,2024-08-01,0.0,0.0,0.0,0.0,0
7,0.0,0.0,0.0,0.0,1.0,0,1,1.0,1.0,1.0,1,1,1,1,1,0,0,6,0.0,0.0,115.89999389648438,110.89999389648438,0,22,0,2024-08-01,0.0,0.0,0.0,0.0,0
8,0.0,0.0,0.0,0.0,1.0,0,1,1.0,1.0,1.0,1,1,1,1,1,0,0,6,0.0,0.0,115.89999389648438,110.89999389648438,0,22,0,2024-08-01,0.0,0.0,0.0,0.0,0
9,0.0,0.0,0.0,0.0,1.0,0,1,1.0,1.0,1.0,1,1,1,1,1,0,0,6,0.0,0.0,115.89999389648438,110.89999389648438,0,22,0,2024-08-01,0.0,0.0,0.0,0.0,0
10,0.0,0.0,0.0,0.0,1.0,0,1,1.0,1.0,1.0,1,1,1,1,1,0,0,6,0.0,0.0,115.89999389648438,110.89999389648438,0,22,0,2024-08-01,0.0,0.0,0.0,0.0,0
11,0.0,0.0,0.0,0.0,1.0,0,1,1.0,1.0,1.0,1,1,1,1,1,0,0,6,0.0,0.0,146.09999084472656,141.09999084472656,0,22,0,2024-08-01,0.0,0.0,0.0,0.0,0
12,0.0,0.0,0.0,0.0,1.0,0,1,1.0,1.0,0.3333333333333333,1,1,0,1,1,0,0,6,0.0,0.0,184.59999084472656,179.59999084472656,0,22,0,2024-08-01,0.0,0.0,0.0,0.0,0
13,0.0,0.0,0.0,0.0,1.0,0,1,1.0,1.0,0.0,1,1,0,1,1,0,0,6,0.0,0.0,267.0999755859375,262.0999755859375,0,22,0,2024-08-01,0.0,0.0,0.0,0.0,0
14,0.0,0.0,0.0,0.0,1.0,0,1,1.0,1.0,0.0,1,1,0,1,1,0,0,6,0.0,0.0,378.20001220703125,372.3999938964844,0,22,0,2024-08-01,0.0,0.0,0.0,0.0,0
15,0.0,0.0,0.0,0.0,1.0,0,1,1.0,1.0,0.0,1,1,0,1,1,0,0,6,0.0,0.0,427.70001220703125,421.8999938964844,0,22,0,2024-08-01,0.0,0.0,0.0,0.0,0
16,0.0,0.0,0.0,0.0,1.0,0,1,1.0,1.0,0.0,1,1,0,1,1,0,0,6,0.0,0.0,436.4000244140625,432.8999938964844,0,22,0,2024-08-01,0.0,0.0,0.0,0.0,0
17,0.0,0.0,0.0,0.0,1.0,0,1,1.0,1.0,0.0,1,1,0,1,1,0,0,6,0.0,0.0,522.0480346679688,493.5,0,22,0,2024-08-01,0.0,0.0,0.0,0.0,0
18,41.32000045776364,284.00000381469727,303.2000045776367,587.200008392334,1.0,0,1,1.0,1.0,1.0,1,1,1,1,1,0,0,6,0.0,0.0,706.7200248718261,592.0799629211426,1,22,0,2024-08-01,28.400000381469727,30.320000457763673,58.7200008392334,1.2992837380059546e-09,0
19,36.041425100823,408.2000045776367,408.2000045776367,816.4000091552734,1.0,0,1,1.0,1.0,1.0,1,1,1,1,1,6,0,0,0.0,0.0,659.6447576203542,632.6931330046458,1,22,0,2024-08-01,40.820000457763676,40.820000457763676,81.64000091552735,1.5962953965312201e-09,0
20,31.99227210225591,535.1000061035156,535.1000061035156,1070.2000122070312,1.0,0,1,1.0,1.0,1.0,1,1,1,1,1,0,0,6,0.0,0.0,629.2853629225684,609.6854012375878,1,22,0,2024-08-01,53.51000061035157,53.51000061035157,107.02000122070314,6.343824133177961e-10,0
21,47.543323060875316,586.0500061035157,601.1000061035156,1187.1500122070313,1.0,0,1,1.0,1.0,1.0,1,1,1,1,1,0,0,6,0.0,0.0,689.6199832171253,628.5106930524059,1,22,0,2024-08-01,58.60500061035157,60.11000061035156,118.71500122070313,3.840882635662456e-10,0
22,68.28386863584784,563.4500076293946,578.5000076293945,1141.950015258789,1.0,0,1,1.0,1.0,1.0,1,1,1,1,1,6,0,0,0.0,0.0,826.4666078936604,759.9499570477459,1,22,0,2024-08-01,56.34500076293946,57.85000076293946,114.19500152587892,1.5355519910768503e-09,0
23,-21.492823499714575,250.0,608.700008392334,858.700008392334,1.0,0,1,1.0,1.0,1.0,1,1,1,1,1,0,0,6,0.0,0.0,810.1761218127854,965.6683606090896,1,22,0,2024-08-01,25.0,60.8700008392334,85.8700008392334,9.929193433895184e-10,0
24,65.82000083923339,658.200008392334,658.200008392334,1316.400016784668,1.0,0,1,1.0,1.0,1.0,1,1,1,1,1,6,0,0,0.0,0.0,931.1771175384522,947.451605606079,1,22,0,2024-08-01,65.8200008392334,65.8200008392334,131.6400016784668,8.693475795556865e-10,0
25,37.2858175377095,735.700008392334,735.700008392334,1471.400016784668,1.0,0,1,1.0,1.0,1.0,1,1,1,1,1,6,0,0,0.0,0.0,1004.651173983022,1083.0303445716654,1,22,0,2024-08-01,73.5700008392334,73.5700008392334,147.1400016784668,9.141515084664664e-10,0
26,83.57000083923327,835.700008392334,835.700008392334,1671.400016784668,1.0,0,1,1.0,1.0,1.0,1,1,1,1,1,6,0,0,0.0,0.0,1202.3582088470457,1183.8358829498293,1,22,0,2024-08-01,83.5700008392334,83.5700008392334,167.1400016784668,6.847008753975718e-10,0
27,0.0,0.0,0.0,0.0,1.0,0,1,1.0,1.0,0.0,1,1,0,1,1,0,0,6,0.0,0.0,1202.7572021484375,1350.330078125,0,22,0,2024-08-01,0.0,0.0,0.0,0.0,0
28,104.83000126491089,0.0,1048.3000104624905,1048.3000104624905,1.0,0,1,1.0,1.0,1.0,1,1,1,1,1,0,0,6,0.0,0.0,1330.0870813430358,1268.0000768600892,1,22,0,2024-08-01,0.0,104.83000104624905,104.83000104624905,5.40058944082381e-10,0
29,151.23721568931654,1048.3000106811523,1048.3000106811523,2096.6000213623047,1.0,0,1,1.0,1.0,1.0,1,1,1,1,1,6,0,0,0.0,0.0,1386.8939539705666,1255.486539193496,1,22,0,2024-08-01,104.83000106811524,104.83000106811524,209.66000213623047,1.2184254943422121e-09,0
30,164.24384023877218,1064.4333432515461,1067.600009918213,2132.033353169759,1.0,0,1,1.0,1.0,1.0,1,1,1,1,1,6,0,0,0.0,0.0,1333.8909349653347,1175.4561109331028,1,22,0,2024-08-01,106.44333432515462,106.7600009918213,213.20333531697588,2.2464720930831933e-09,0
31,186.50143905794783,1111.600009918213,1111.5999832424695,2223.1999931606824,1.0,0,1,1.0,1.0,1.0,1,1,1,1,1,6,0,0,0.0,0.0,1359.2547349563854,1144.9984388717396,1,22,0,2024-08-01,111.16000099182129,111.15999832424696,222.31999931606825,2.1283627087331176e-09,0
32,225.5816375585725,1119.9000091552734,1119.9000091552734,2239.800018310547,1.0,0,1,1.0,1.0,1.0,1,1,1,1,1,6,0,0,0.0,0.055926563887075176,1377.33981626951,1057.267849746115,1,22,0,2024-08-01,111.99000091552735,111.99000091552735,223.9800018310547,0.028846155507809966,0
33,110.34000089407598,0.0,1103.4000091552734,1103.4000091552734,1.0,0,1,1.0,1.0,1.0,1,1,1,1,1,0,6,0,0.0,0.0,1186.928379800326,1108.9604141449865,1,22,0,2024-08-01,0.0,110.34000091552736,110.34000091552736,2.7852176419155454e-09,0
34,160.07000160217277,0.0,1078.700008392334,1078.700008392334,1.0,0,1,1.0,1.0,1.0,1,1,1,1,1,0,6,0,0.0,0.01794309346625327,1234.9434146881104,1059.3447933197021,1,22,0,2024-08-01,0.0,107.8700008392334,107.8700008392334,5.304575821993934e-09,0
35,281.85319635310356,951.700008392334,951.700008392334,1903.400016784668,1.0,0,1,1.0,1.0,1.0,1,1,1,1,1,0,6,0,0.0,0.0,1361.778611392166,961.2890155609589,1,22,0,2024-08-01,95.17000083923341,95.17000083923341,190.34000167846682,7.405755526900996e-09,0
36,230.88600345563984,944.1000061035156,813.793337123128,1757.8933432266435,1.0,0,1,1.0,1.0,1.0,1,1,1,1,1,6,0,0,0.0,0.0,1154.9076099009524,900.0341625599851,1,22,0,2024-08-01,94.41000061035157,81.37933371231281,175.78933432266436,0.012049496086786302,0
37,131.58000068664532,1040.800006866455,1040.800006866455,2081.60001373291,1.0,0,1,1.0,1.0,1.0,1,1,1,1,1,0,6,0,0.011243802890005069,0.06598986663502496,1029.0974567413327,972.1177532196047,1,22,0,2024-08-01,104.08000068664552,104.08000068664552,208.16000137329104,0.02403846108384097,0
38,593.2219898482723,1010.700008392334,463.86446504895736,1474.5644734412913,1.0,0,1,1.0,1.0,1.0,1,1,1,1,1,6,0,0,0.0,0.0,1481.9226734420222,480.3331859329777,1,22,0,2024-08-01,101.0700008392334,46.38644650489574,147.45644734412915,0.27460846604297784,0
39,158.12000236511233,0.0,922.200008392334,922.200008392334,1.0,0,1,1.0,1.0,1.0,1,1,1,1,1,6,0,0,0.0,0.0187253274001541,1036.6986156463622,904.9315113067627,1,22,0,2024-08-01,0.0,92.2200008392334,92.2200008392334,7.859384907250364e-09,0
40,927.0600036621094,891.4000091552734,0.0,891.4000091552734,1.0,0,1,1.0,1.0,1.0,1,1,1,1,1,6,0,0,0.0,0.0,1825.245184326172,112.78618774414065,1,22,0,2024-08-01,89.14000091552735,0.0,89.14000091552735,0.39423077755922753,0
41,95.18232365231643,855.7133344014485,864.5000038146973,1720.2133382161458,1.0,0,1,1.0,1.0,1.0,1,1,1,1,1,2,4,0,0.0,0.05298538163231984,969.0849115429414,818.6941411914336,1,22,0,2024-08-01,85.57133344014485,86.45000038146974,172.02133382161458,0.08609643391541959,0
42,78.70000038146975,787.0000038146973,787.0000038146973,1574.0000076293945,1.0,0,1,1.0,1.0,1.0,1,1,1,1,1,6,0,0,0.0,0.0,982.319202041626,909.0085567474365,1,22,0,2024-08-01,78.70000038146974,78.70000038146974,157.40000076293947,0.13621794849889537,0
43,73.2000003814697,732.0000038146973,732.0000038146973,1464.0000076293945,1.0,0,1,1.0,1.0,1.0,1,1,1,1,1,6,0,0,0.0,0.0,949.8658939361572,887.900036239624,1,22,0,2024-08-01,73.20000038146974,73.20000038146974,146.40000076293947,2.345100752237435e-09,0
44,73.52135589548948,577.0000038146973,559.4207199102309,1136.4207237249282,1.0,0,1,1.0,1.0,1.0,1,1,1,1,1,6,0,0,0.0,0.0,862.662835387677,815.5786807256043,1,22,0,2024-08-01,57.70000038146973,55.94207199102309,113.64207237249282,0.04068385476589971,0
45,70.30000114440918,511.00000381469727,511.00000381469727,1022.0000076293945,1.0,0,1,1.0,1.0,1.0,1,1,1,1,1,1,5,0,0.0,0.0,850.1827526092529,805.6000232696533,1,22,0,2024-08-01,51.10000038146973,51.10000038146973,102.20000076293945,0.13141025935325257,0
46,62.596194997098124,472.50000381469727,472.50000381469727,945.0000076293945,1.0,0,1,1.0,1.0,1.0,1,1,1,1,1,0,1,5,0.0,0.0,786.7589757588169,735.8038294169644,1,22,0,2024-08-01,47.25000038146973,47.25000038146973,94.50000076293946,0.00801282021923194,0
47,48.41000061035155,484.1000061035156,484.1000061035156,968.2000122070312,1.0,0,1,1.0,1.0,1.0,1,1,1,1,1,0,0,6,0.0,0.0,519.9222076416015,492.2900115966797,1,22,0,2024-08-01,48.41000061035157,48.41000061035157,96.82000122070313,7.879977624026941e-10,0
0,0.0,0.0,0.0,0.0,1.0,0,1,1.0,1.0,0.6666666666666666,1,1,0,1,1,0,0,6,0.0,0.0,249.89999389648438,249.89999389648438,0,22,1,2024-08-01,0.0,0.0,0.0,0.0,0
1,0.0,0.0,0.0,0.0,1.0,0,1,1.0,1.0,0.0,1,1,0,1,1,0,0,6,0.0,0.0,249.89999389648438,249.89999389648438,0,22,1,2024-08-01,0.0,0.0,0.0,0.0,0
2,0.0,0.0,0.0,0.0,1.0,0,1,1.0,1.0,0.0,1,1,0,1,1,0,0,6,0.0,0.0,222.39999389648438,222.39999389648438,0,22,1,2024-08-01,0.0,0.0,0.0,0.0,0
3,0.0,0.0,0.0,0.0,1.0,0,1,1.0,1.0,0.0,1,1,0,1,1,0,0,6,0.0,0.0,249.89999389648438,249.89999389648438,0,22,1,2024-08-01,0.0,0.0,0.0,0.0,0
4,0.0,0.0,0.0,0.0,1.0,0,1,1.0,1.0,0.0,1,1,0,1,1,0,0,6,0.0,0.0,230.69998168945312,230.69998168945312,0,22,1,2024-08-01,0.0,0.0,0.0,0.0,0
5,0.0,0.0,0.0,0.0,1.0,0,1,1.0,1.0,0.0,1,1,0,1,1,0,0,6,0.0,0.0,230.69998168945312,230.69998168945312,0,22,1,2024-08-01,0.0,0.0,0.0,0.0,0
6,0.0,0.0,0.0,0.0,1.0,0,1,1.0,1.0,0.3333333333333333,1,1,0,1,1,0,0,6,0.0,0.0,230.6999969482422,230.6999969482422,0,22,1,2024-08-01,0.0,0.0,0.0,0.0,0
7,0.0,0.0,0.0,0.0,1.0,0,1,1.0,1.0,1.0,1,1,1,1,1,0,0,6,0.0,0.0,238.89999389648438,238.89999389648438,0,22,1,2024-08-01,0.0,0.0,0.0,0.0,0
8,0.0,0.0,0.0,0.0,1.0,0,1,1.0,1.0,1.0,1,1,1,1,1,0,0,6,0.0,0.0,238.89999389648438,238.89999389648438,0,22,1,2024-08-01,0.0,0.0,0.0,0.0,0
9,0.0,0.0,0.0,0.0,1.0,0,1,1.0,1.0,0.8333333333333334,1,1,0,1,1,0,0,6,0.0,0.0,258.1000061035156,258.1000061035156,0,22,1,2024-08-01,0.0,0.0,0.0,0.0,0
10,0.0,0.0,0.0,0.0,1.0,0,1,1.0,1.0,0.0,1,1,0,1,1,0,0,6,0.0,0.0,258.1000061035156,258.1000061035156,0,22,1,2024-08-01,0.0,0.0,0.0,0.0,0
11,0.0,0.0,0.0,0.0,1.0,0,1,1.0,1.0,0.0,1,1,0,1,1,0,0,6,0.0,0.0,258.1000061035156,258.1000061035156,0,22,1,2024-08-01,0.0,0.0,0.0,0.0,0
12,0.0,0.0,0.0,0.0,1.0,0,1,1.0,1.0,0.0,1,1,0,1,1,0,0,6,0.0,0.0,258.1000061035156,258.1000061035156,0,22,1,2024-08-01,0.0,0.0,0.0,0.0,0
13,0.0,0.0,0.0,0.0,1.0,0,1,1.0,1.0,0.0,1,1,0,1,1,0,0,6,0.0,0.0,288.29998779296875,288.29998779296875,0,22,1,2024-08-01,0.0,0.0,0.0,0.0,0
14,0.0,0.0,0.0,0.0,1.0,0,1,1.0,1.0,0.16666666666666666,1,1,0,1,1,0,0,6,0.0,0.0,345.9000244140625,370.8000183105469,0,22,1,2024-08-01,0.0,0.0,0.0,0.0,0
15,0.0,0.0,0.0,0.0,1.0,0,1,1.0,1.0,0.3333333333333333,1,1,0,1,1,0,0,6,0.0,0.0,346.0,370.9000244140625,0,22,1,2024-08-01,0.0,0.0,0.0,0.0,0
16,0.0,0.0,0.0,0.0,1.0,0,1,1.0,1.0,0.0,1,1,0,1,1,0,0,6,0.0,0.0,459.5,478.5,0,22,1,2024-08-01,0.0,0.0,0.0,0.0,0
17,0.0,0.0,0.0,0.0,1.0,0,1,1.0,1.0,0.0,1,1,0,1,1,0,0,6,0.0,0.0,478.70001220703125,497.70001220703125,0,22,1,2024-08-01,0.0,0.0,0.0,0.0,0
18,41.32000045776364,284.00000381469727,303.2000045776367,587.200008392334,1.0,0,1,1.0,1.0,1.0,1,1,1,1,1,0,0,6,0.0,0.0,550.9894950866699,506.3800117492676,1,22,1,2024-08-01,28.400000381469727,30.320000457763673,58.7200008392334,1.2992837380059546e-09,0
19,36.041425100823,408.2000045776367,408.2000045776367,816.4000091552734,1.0,0,1,1.0,1.0,1.0,1,1,1,1,1,6,0,0,0.0,0.0,575.4260686555104,539.1585871062083,1,22,1,2024-08-01,40.820000457763676,40.820000457763676,81.64000091552735,1.5962953965312201e-09,0
20,31.99227210225591,535.1000061035156,535.1000061035156,1070.2000122070312,1.0,0,1,1.0,1.0,1.0,1,1,1,1,1,0,0,6,0.0,0.0,598.0035636061622,570.6077645188378,1,22,1,2024-08-01,53.51000061035157,53.51000061035157,107.02000122070314,6.343824133177961e-10,0
21,47.543323060875316,586.0500061035157,601.1000061035156,1187.1500122070313,1.0,0,1,1.0,1.0,1.0,1,1,1,1,1,0,0,6,0.0,0.017040932700580328,653.4921755999378,590.8567013531872,1,22,1,2024-08-01,58.60500061035157,60.11000061035156,118.71500122070313,3.840882635662456e-10,0
22,68.28386863584784,563.4500076293946,578.5000076293945,1141.950015258789,1.0,0,1,1.0,1.0,1.0,1,1,1,1,1,6,0,0,0.0,0.0,740.0844667803791,697.1160947430584,1,22,1,2024-08-01,56.34500076293946,57.85000076293946,114.19500152587892,1.5355519910768503e-09,0
23,-21.492823499714575,250.0,608.700008392334,858.700008392334,1.0,0,1,1.0,1.0,1.0,1,1,1,1,1,0,0,6,0.0,0.0,636.5564929065354,791.8927868786209,1,22,1,2024-08-01,25.0,60.8700008392334,85.8700008392334,9.929193433895184e-10,0
24,65.82000083923339,658.200008392334,658.200008392334,1316.400016784668,1.0,0,1,1.0,1.0,1.0,1,1,1,1,1,6,0,0,0.0,0.0,702.273980331421,778.8800113677978,1,22,1,2024-08-01,65.8200008392334,65.8200008392334,131.6400016784668,8.693475795556865e-10,0
25,37.2858175377095,735.700008392334,735.700008392334,1471.400016784668,1.0,0,1,1.0,1.0,1.0,1,1,1,1,1,6,0,0,0.10333152305405649,0.0,659.679006014272,832.614206876353,1,22,1,2024-08-01,73.5700008392334,73.5700008392334,147.1400016784668,9.141515084664664e-10,0
26,83.57000083923327,835.700008392334,835.700008392334,1671.400016784668,1.0,0,1,1.0,1.0,1.0,1,1,1,1,1,6,0,0,0.22398200728236084,0.0789397627628974,648.5182430267332,769.7300479888918,1,22,1,2024-08-01,83.5700008392334,83.5700008392334,167.1400016784668,6.847008753975718e-10,0
27,0.0,0.0,0.0,0.0,1.0,0,1,1.0,1.0,0.0,1,1,0,1,1,0,0,6,0.0,0.0,540.18017578125,814.800048828125,0,22,1,2024-08-01,0.0,0.0,0.0,0.0,0
28,104.83000126491089,0.0,1048.3000104624905,1048.3000104624905,1.0,0,1,1.0,1.0,1.0,1,1,1,1,1,0,0,6,0.0,0.3227415429958943,654.0974573195983,709.9700475632142,1,22,1,2024-08-01,0.0,104.83000104624905,104.83000104624905,5.40058944082381e-10,0
29,151.23721568931654,1048.3000106811523,1048.3000106811523,2096.6000213623047,1.0,0,1,1.0,1.0,1.0,1,1,1,1,1,6,0,0,0.2920905600109434,0.35651738408311306,742.1014735018166,674.5628331388084,1,22,1,2024-08-01,104.83000106811524,104.83000106811524,209.66000213623047,1.2184254943422121e-09,0
30,164.24384023877218,1064.4333432515461,1067.600009918213,2132.033353169759,1.0,0,1,1.0,1.0,1.0,1,1,1,1,1,6,0,0,0.22237889284902748,0.35719725138541636,827.7258348676785,686.256220796384,1,22,1,2024-08-01,106.44333432515462,106.7600009918213,213.20333531697588,2.2464720930831933e-09,0
31,186.50143905794783,1111.600009918213,1111.5999832424695,2223.1999931606824,1.0,0,1,1.0,1.0,1.0,1,1,1,1,1,6,0,0,0.14145786753419012,0.3156723779986287,954.3554429641979,760.6985731490834,1,22,1,2024-08-01,111.16000099182129,111.15999832424696,222.31999931606825,2.1283627087331176e-09,0
32,225.5816375585725,1119.9000091552734,1119.9000091552734,2239.800018310547,1.0,0,1,1.0,1.0,1.0,1,1,1,1,1,6,0,0,0.09285367245097789,0.34090689470999097,1015.9131805273225,738.1183746484587,1,22,1,2024-08-01,111.99000091552735,111.99000091552735,223.9800018310547,0.028846155507809966,0
33,110.34000089407598,0.0,1103.4000091552734,1103.4000091552734,1.0,0,1,1.0,1.0,1.0,1,1,1,1,1,0,6,0,0.0,0.2689323423527678,879.9530990386072,806.6600601410803,1,22,1,2024-08-01,0.0,110.34000091552736,110.34000091552736,2.7852176419155454e-09,0
34,160.07000160217277,0.0,1078.700008392334,1078.700008392334,1.0,0,1,1.0,1.0,1.0,1,1,1,1,1,0,6,0,0.0,0.25490864839816746,990.5732975006102,803.7300472259523,1,22,1,2024-08-01,0.0,107.8700008392334,107.8700008392334,5.304575821993934e-09,0
35,281.85319635310356,951.700008392334,951.700008392334,1903.400016784668,1.0,0,1,1.0,1.0,1.0,1,1,1,1,1,0,6,0,0.0,0.3123391334412717,1101.8594829741974,654.4468524750214,1,22,1,2024-08-01,95.17000083923341,95.17000083923341,190.34000167846682,7.405755526900996e-09,0
36,230.88600345563984,944.1000061035156,813.793337123128,1757.8933432266435,1.0,0,1,1.0,1.0,1.0,1,1,1,1,1,6,0,0,0.0,0.18527961496678153,1081.9087085337649,663.0140209584226,1,22,1,2024-08-01,94.41000061035157,81.37933371231281,175.78933432266436,0.012049496086786302,0
37,131.58000068664532,1040.800006866455,1040.800006866455,2081.60001373291,1.0,0,1,1.0,1.0,1.0,1,1,1,1,1,0,6,0,0.05577249109006334,0.27553801790933635,982.7519977569578,754.0200359344484,1,22,1,2024-08-01,104.08000068664552,104.08000068664552,208.16000137329104,0.02403846108384097,0
38,593.2219898482723,1010.700008392334,463.86446504895736,1474.5644734412913,1.0,0,1,1.0,1.0,1.0,1,1,1,1,1,6,0,0,0.0,0.42897534359553585,1417.424809672491,264.87804677282145,1,22,1,2024-08-01,101.0700008392334,46.38644650489574,147.45644734412915,0.27460846604297784,0
39,158.12000236511233,0.0,922.200008392334,922.200008392334,1.0,0,1,1.0,1.0,1.0,1,1,1,1,1,6,0,0,0.0,0.2718676097867857,971.5289379119873,671.4836963653564,1,22,1,2024-08-01,0.0,92.2200008392334,92.2200008392334,7.859384907250364e-09,0
40,927.0600036621094,891.4000091552734,0.0,891.4000091552734,1.0,0,1,1.0,1.0,1.0,1,1,1,1,1,6,0,0,0.0,0.0,1728.9279846191407,0.0,1,22,1,2024-08-01,89.14000091552735,0.0,89.14000091552735,0.39423077755922753,0
41,95.18232365231643,855.7133344014485,864.5000038146973,1720.2133382161458,1.0,0,1,1.0,1.0,1.0,1,1,1,1,1,2,4,0,0.0,0.2062874076195731,882.2594720898164,686.1645391406523,1,22,1,2024-08-01,85.57133344014485,86.45000038146974,172.02133382161458,0.08609643391541959,0
42,78.70000038146975,787.0000038146973,787.0000038146973,1574.0000076293945,1.0,0,1,1.0,1.0,1.0,1,1,1,1,1,6,0,0,0.1167924582068531,0.27471403063921207,695.084338760376,570.8000606536865,1,22,1,2024-08-01,78.70000038146974,78.70000038146974,157.40000076293947,0.13621794849889537,0
43,73.2000003814697,732.0000038146973,732.0000038146973,1464.0000076293945,1.0,0,1,1.0,1.0,1.0,1,1,1,1,1,6,0,0,0.1939580735276536,0.3245901179465303,590.0226932525635,494.40003623962406,1,22,1,2024-08-01,73.20000038146974,73.20000038146974,146.40000076293947,2.345100752237435e-09,0
44,73.52135589548948,577.0000038146973,559.4207199102309,1136.4207237249282,1.0,0,1,1.0,1.0,1.0,1,1,1,1,1,6,0,0,0.05616209287310036,0.18544551516671817,544.594476012677,455.6786563115418,1,22,1,2024-08-01,57.70000038146973,55.94207199102309,113.64207237249282,0.04068385476589971,0
45,70.30000114440918,511.00000381469727,511.00000381469727,1022.0000076293945,1.0,0,1,1.0,1.0,1.0,1,1,1,1,1,1,5,0,0.0,0.10195693221749583,537.5735607147217,458.90001106262207,1,22,1,2024-08-01,51.10000038146973,51.10000038146973,102.20000076293945,0.13141025935325257,0
46,62.596194997098124,472.50000381469727,472.50000381469727,945.0000076293945,1.0,0,1,1.0,1.0,1.0,1,1,1,1,1,0,1,5,0.0,0.012478701708278637,551.06247307327,466.60381720993314,1,22,1,2024-08-01,47.25000038146973,47.25000038146973,94.50000076293946,0.00801282021923194,0
47,48.41000061035155,484.1000061035156,484.1000061035156,968.2000122070312,1.0,0,1,1.0,1.0,1.0,1,1,1,1,1,0,0,6,0.0,0.04071464085362477,522.3954132080078,464.3900482177734,1,22,1,2024-08-01,48.41000061035157,48.41000061035157,96.82000122070313,7.879977624026941e-10,0
0,0.0,0.0,0.0,0.0,1.0,0,1,1.0,1.0,1.0,1,1,1,1,1,0,0,6,0.0,0.0,236.89999389648438,234.89999389648438,0,22,2,2024-08-01,0.0,0.0,0.0,0.0,0
1,0.0,0.0,0.0,0.0,1.0,0,1,1.0,1.0,0.16666666666666666,1,1,0,1,1,0,0,6,0.0,0.0,236.89999389648438,234.89999389648438,0,22,2,2024-08-01,0.0,0.0,0.0,0.0,0
2,0.0,0.0,0.0,0.0,1.0,0,1,1.0,1.0,1.0,1,1,1,1,1,0,0,6,0.0,0.0,179.1999969482422,177.1999969482422,0,22,2,2024-08-01,0.0,0.0,0.0,0.0,0
3,0.0,0.0,0.0,0.0,1.0,0,1,1.0,1.0,1.0,1,1,1,1,1,0,0,6,0.0,0.0,179.1999969482422,177.1999969482422,0,22,2,2024-08-01,0.0,0.0,0.0,0.0,0
4,0.0,0.0,0.0,0.0,1.0,0,1,1.0,1.0,0.6666666666666666,1,1,0,1,1,0,0,6,0.0,0.0,179.1999969482422,177.1999969482422,0,22,2,2024-08-01,0.0,0.0,0.0,0.0,0
5,0.0,0.0,0.0,0.0,1.0,0,1,1.0,1.0,0.16666666666666666,1,1,0,1,1,0,0,6,0.0,0.0,151.6999969482422,149.6999969482422,0,22,2,2024-08-01,0.0,0.0,0.0,0.0,0
6,0.0,0.0,0.0,0.0,1.0,0,1,1.0,1.0,1.0,1,1,1,1,1,0,0,6,0.0,0.0,151.6999969482422,149.6999969482422,0,22,2,2024-08-01,0.0,0.0,0.0,0.0,0
7,0.0,0.0,0.0,0.0,1.0,0,1,1.0,1.0,1.0,1,1,1,1,1,0,0,6,0.0,0.0,151.6999969482422,149.6999969482422,0,22,2,2024-08-01,0.0,0.0,0.0,0.0,0
8,0.0,0.0,0.0,0.0,1.0,0,1,1.0,1.0,0.8333333333333334,1,1,0,1,1,0,0,6,0.0,0.0,151.6999969482422,149.6999969482422,0,22,2,2024-08-01,0.0,0.0,0.0,0.0,0
9,0.0,0.0,0.0,0.0,1.0,0,1,1.0,1.0,0.6666666666666666,1,1,0,1,1,0,0,6,0.0,0.0,120.89999389648438,120.89999389648438,0,22,2,2024-08-01,0.0,0.0,0.0,0.0,0
10,0.0,0.0,0.0,0.0,1.0,0,1,1.0,1.0,1.0,1,1,1,1,1,0,0,6,0.0,0.0,120.89999389648438,120.89999389648438,0,22,2,2024-08-01,0.0,0.0,0.0,0.0,0
11,0.0,0.0,0.0,0.0,1.0,0,1,1.0,1.0,0.8333333333333334,1,1,0,1,1,0,0,6,0.0,0.0,120.89999389648438,120.89999389648438,0,22,2,2024-08-01,0.0,0.0,0.0,0.0,0
12,0.0,0.0,0.0,0.0,1.0,0,1,1.0,1.0,1.0,1,1,1,1,1,0,0,6,0.0,0.0,131.89999389648438,131.89999389648438,0,22,2,2024-08-01,0.0,0.0,0.0,0.0,0
13,0.0,0.0,0.0,0.0,1.0,0,1,1.0,1.0,1.0,1,1,1,1,1,0,0,6,0.0,0.0,168.09999084472656,189.59999084472656,0,22,2,2024-08-01,0.0,0.0,0.0,0.0,0
14,0.0,0.0,0.0,0.0,1.0,0,1,1.0,1.0,1.0,1,1,1,1,1,0,0,6,0.0,0.0,228.5,250.0,0,22,2,2024-08-01,0.0,0.0,0.0,0.0,0
15,0.0,0.0,0.0,0.0,1.0,0,1,1.0,1.0,1.0,1,1,1,1,1,0,0,6,0.0,0.0,228.5,250.0,0,22,2,2024-08-01,0.0,0.0,0.0,0.0,0
16,0.0,0.0,0.0,0.0,1.0,0,1,1.0,1.0,0.16666666666666666,1,1,0,1,1,0,0,6,0.0,0.0,300.6000061035156,326.8999938964844,0,22,2,2024-08-01,0.0,0.0,0.0,0.0,0
17,0.0,0.0,0.0,0.0,1.0,0,1,1.0,1.0,0.0,1,1,0,1,1,0,0,6,0.0,0.0,367.20001220703125,395.5,0,22,2,2024-08-01,0.0,0.0,0.0,0.0,0
18,41.32000045776364,284.00000381469727,303.2000045776367,587.200008392334,1.0,0,1,1.0,1.0,1.0,1,1,1,1,1,0,0,6,0.0,0.0,640.9199760437011,625.0800239562989,1,22,2,2024-08-01,28.400000381469727,30.320000457763673,58.7200008392334,1.2992837380059546e-09,0
19,36.041425100823,408.2000045776367,408.2000045776367,816.4000091552734,1.0,0,1,1.0,1.0,1.0,1,1,1,1,1,6,0,0,0.0,0.0,800.364667288323,774.7641168913646,1,22,2,2024-08-01,40.820000457763676,40.820000457763676,81.64000091552735,1.5962953965312201e-09,0
20,31.99227210225591,535.1000061035156,535.1000061035156,1070.2000122070312,1.0,0,1,1.0,1.0,1.0,1,1,1,1,1,0,0,6,0.0,0.0,715.2478873366309,686.8259652024316,1,22,2,2024-08-01,53.51000061035157,53.51000061035157,107.02000122070314,6.343824133177961e-10,0
21,47.543323060875316,586.0500061035157,601.1000061035156,1187.1500122070313,1.0,0,1,1.0,1.0,1.0,1,1,1,1,1,0,0,6,0.0,0.0,728.7961917132191,672.1852535992809,1,22,2,2024-08-01,58.60500061035157,60.11000061035156,118.71500122070313,3.840882635662456e-10,0
22,68.28386863584784,563.4500076293946,578.5000076293945,1141.950015258789,1.0,0,1,1.0,1.0,1.0,1,1,1,1,1,6,0,0,0.0,0.0,725.2469423663166,688.8462583172771,1,22,2,2024-08-01,56.34500076293946,57.85000076293946,114.19500152587892,1.5355519910768503e-09,0
23,-21.492823499714575,250.0,608.700008392334,858.700008392334,1.0,0,1,1.0,1.0,1.0,1,1,1,1,1,0,0,6,0.0,0.0,569.5798083362229,724.3680066051834,1,22,2,2024-08-01,25.0,60.8700008392334,85.8700008392334,9.929193433895184e-10,0
24,65.82000083923339,658.200008392334,658.200008392334,1316.400016784668,1.0,0,1,1.0,1.0,1.0,1,1,1,1,1,6,0,0,0.01820836178732131,0.0,646.2152645111084,670.3623722076416,1,22,2,2024-08-01,65.8200008392334,65.8200008392334,131.6400016784668,8.693475795556865e-10,0
25,37.2858175377095,735.700008392334,735.700008392334,1471.400016784668,1.0,0,1,1.0,1.0,1.0,1,1,1,1,1,6,0,0,0.21707311139909197,0.07691423252751262,575.999318514272,679.114206876353,1,22,2,2024-08-01,73.5700008392334,73.5700008392334,147.1400016784668,9.141515084664664e-10,0
26,83.57000083923327,835.700008392334,835.700008392334,1671.400016784668,1.0,0,1,1.0,1.0,1.0,1,1,1,1,1,6,0,0,0.3302936796948781,0.2788920135444984,559.6735774993895,602.6299503326418,1,22,2,2024-08-01,83.5700008392334,83.5700008392334,167.1400016784668,6.847008753975718e-10,0
27,0.0,0.0,0.0,0.0,1.0,0,1,1.0,1.0,0.0,1,1,0,1,1,0,0,6,0.0,0.0,493.4468688964844,716.3999633789062,0,22,2,2024-08-01,0.0,0.0,0.0,0.0,0
28,104.83000126491089,0.0,1048.3000104624905,1048.3000104624905,1.0,0,1,1.0,1.0,1.0,1,1,1,1,1,0,0,6,0.0,0.31644571691088885,709.4728845656921,716.5699621139954,1,22,2,2024-08-01,0.0,104.83000104624905,104.83000104624905,5.40058944082381e-10,0
29,151.23721568931654,1048.3000106811523,1048.3000106811523,2096.6000213623047,1.0,0,1,1.0,1.0,1.0,1,1,1,1,1,6,0,0,0.2226974948241032,0.33457715825987844,814.8462244783791,697.5627721036522,1,22,2,2024-08-01,104.83000106811524,104.83000106811524,209.66000213623047,1.2184254943422121e-09,0
30,164.24384023877218,1064.4333432515461,1067.600009918213,2132.033353169759,1.0,0,1,1.0,1.0,1.0,1,1,1,1,1,6,0,0,0.1172474092738053,0.30016151060592744,939.6312914106472,747.147578218259,1,22,2,2024-08-01,106.44333432515462,106.7600009918213,213.20333531697588,2.2464720930831933e-09,0
31,186.50143905794783,1111.600009918213,1111.5999832424695,2223.1999931606824,1.0,0,1,1.0,1.0,1.0,1,1,1,1,1,6,0,0,0.09055143991245752,0.3140634789563485,1010.9430284134166,762.4870252975209,1,22,2,2024-08-01,111.16000099182129,111.15999832424696,222.31999931606825,2.1283627087331176e-09,0
32,225.5816375585725,1119.9000091552734,1119.9000091552734,2239.800018310547,1.0,0,1,1.0,1.0,1.0,1,1,1,1,1,6,0,0,0.0,0.30162192382138675,1134.578341660135,782.1136139062712,1,22,2,2024-08-01,111.99000091552735,111.99000091552735,223.9800018310547,0.028846155507809966,0
33,110.34000089407598,0.0,1103.4000091552734,1103.4000091552734,1.0,0,1,1.0,1.0,1.0,1,1,1,1,1,0,6,0,0.0,0.10375535747978133,1116.692295815951,988.916346762174,1,22,2,2024-08-01,0.0,110.34000091552736,110.34000091552736,2.7852176419155454e-09,0
34,160.07000160217277,0.0,1078.700008392334,1078.700008392334,1.0,0,1,1.0,1.0,1.0,1,1,1,1,1,0,6,0,0.0,0.04675653042341283,1228.8068180084229,1028.2637386322021,1,22,2,2024-08-01,0.0,107.8700008392334,107.8700008392334,5.304575821993934e-09,0
35,281.85319635310356,951.700008392334,951.700008392334,1903.400016784668,1.0,0,1,1.0,1.0,1.0,1,1,1,1,1,0,6,0,0.0,0.008587102341464502,1457.661912173416,943.5276630218964,1,22,2,2024-08-01,95.17000083923341,95.17000083923341,190.34000167846682,7.405755526900996e-09,0
36,230.88600345563984,944.1000061035156,813.793337123128,1757.8933432266435,1.0,0,1,1.0,1.0,1.0,1,1,1,1,1,6,0,0,0.0,0.0,1293.2628345103274,867.7597484974851,1,22,2,2024-08-01,94.41000061035157,81.37933371231281,175.78933432266436,0.012049496086786302,0
37,131.58000068664532,1040.800006866455,1040.800006866455,2081.60001373291,1.0,0,1,1.0,1.0,1.0,1,1,1,1,1,0,6,0,0.0,0.08718633007788663,1178.5282428741452,950.0564739227297,1,22,2,2024-08-01,104.08000068664552,104.08000068664552,208.16000137329104,0.02403846108384097,0
38,593.2219898482723,1010.700008392334,463.86446504895736,1474.5644734412913,1.0,0,1,1.0,1.0,1.0,1,1,1,1,1,6,0,0,0.0,0.0,1675.6768238326472,508.3701732376652,1,22,2,2024-08-01,101.0700008392334,46.38644650489574,147.45644734412915,0.27460846604297784,0
39,158.12000236511233,0.0,922.200008392334,922.200008392334,1.0,0,1,1.0,1.0,1.0,1,1,1,1,1,6,0,0,0.0,0.0,1288.3801342010497,993.7800220489502,1,22,2,2024-08-01,0.0,92.2200008392334,92.2200008392334,7.859384907250364e-09,0
40,927.0600036621094,891.4000091552734,0.0,891.4000091552734,1.0,0,1,1.0,1.0,1.0,1,1,1,1,1,6,0,0,0.0,0.0,1948.8259338378907,97.56658325195315,1,22,2,2024-08-01,89.14000091552735,0.0,89.14000091552735,0.39423077755922753,0
41,95.18232365231643,855.7133344014485,864.5000038146973,1720.2133382161458,1.0,0,1,1.0,1.0,1.0,1,1,1,1,1,2,4,0,0.0,0.0,1073.9823724804414,883.6177251758086,1,22,2,2024-08-01,85.57133344014485,86.45000038146974,172.02133382161458,0.08609643391541959,0
42,78.70000038146975,787.0000038146973,787.0000038146973,1574.0000076293945,1.0,0,1,1.0,1.0,1.0,1,1,1,1,1,6,0,0,0.0,0.0,961.2415042877197,809.400036239624,1,22,2,2024-08-01,78.70000038146974,78.70000038146974,157.40000076293947,0.13621794849889537,0
43,73.2000003814697,732.0000038146973,732.0000038146973,1464.0000076293945,1.0,0,1,1.0,1.0,1.0,1,1,1,1,1,6,0,0,0.0,0.0,936.8229862213135,795.7000240325928,1,22,2,2024-08-01,73.20000038146974,73.20000038146974,146.40000076293947,2.345100752237435e-09,0
44,73.52135589548948,577.0000038146973,559.4207199102309,1136.4207237249282,1.0,0,1,1.0,1.0,1.0,1,1,1,1,1,6,0,0,0.0,0.0,877.8208554072082,745.9786441045105,1,22,2,2024-08-01,57.70000038146973,55.94207199102309,113.64207237249282,0.04068385476589971,0
45,70.30000114440918,511.00000381469727,511.00000381469727,1022.0000076293945,1.0,0,1,1.0,1.0,1.0,1,1,1,1,1,1,5,0,0.0,0.0,822.3257579803467,702.4999866485596,1,22,2,2024-08-01,51.10000038146973,51.10000038146973,102.20000076293945,0.13141025935325257,0
46,62.596194997098124,472.50000381469727,472.50000381469727,945.0000076293945,1.0,0,1,1.0,1.0,1.0,1,1,1,1,1,0,1,5,0.0,0.0,721.7450597431919,605.2037927958706,1,22,2,2024-08-01,47.25000038146973,47.25000038146973,94.50000076293946,0.00801282021923194,0
47,48.41000061035155,484.1000061035156,484.1000061035156,968.2000122070312,1.0,0,1,1.0,1.0,1.0,1,1,1,1,1,0,0,6,0.0,0.0,649.0343292236328,569.3899871826172,1,22,2,2024-08-01,48.41000061035157,48.41000061035157,96.82000122070313,7.879977624026941e-10,0
0,0.0,0.0,0.0,0.0,1.0,0,1,1.0,1.0,0.3333333333333333,1,1,0,1,1,0,0,6,0.0,0.0,170.3000030517578,170.3000030517578,0,23,0,2024-08-01,0.0,0.0,0.0,0.0,0
1,0.0,0.0,0.0,0.0,1.0,0,1,1.0,1.0,0.0,1,1,0,1,1,0,0,6,0.0,0.0,170.3000030517578,170.3000030517578,0,23,0,2024-08-01,0.0,0.0,0.0,0.0,0
2,0.0,0.0,0.0,0.0,1.0,0,1,1.0,1.0,0.3333333333333333,1,1,0,1,1,0,0,6,0.0,0.0,140.10000610351562,140.10000610351562,0,23,0,2024-08-01,0.0,0.0,0.0,0.0,0
3,0.0,0.0,0.0,0.0,1.0,0,1,1.0,1.0,0.5,1,1,0,1,1,0,0,6,0.0,0.0,120.9000015258789,120.9000015258789,0,23,0,2024-08-01,0.0,0.0,0.0,0.0,0
4,0.0,0.0,0.0,0.0,1.0,0,1,1.0,1.0,0.5,1,1,0,1,1,0,0,6,0.0,0.0,101.69999694824219,101.69999694824219,0,23,0,2024-08-01,0.0,0.0,0.0,0.0,0
5,0.0,0.0,0.0,0.0,1.0,0,1,1.0,1.0,1.0,1,1,1,1,1,0,0,6,0.0,0.0,101.69999694824219,101.69999694824219,0,23,0,2024-08-01,0.0,0.0,0.0,0.0,0
6,0.0,0.0,0.0,0.0,1.0,0,1,1.0,1.0,1.0,1,1,1,1,1,0,0,6,0.0,0.0,101.69999694824219,101.69999694824219,0,23,0,2024-08-01,0.0,0.0,0.0,0.0,0
7,0.0,0.0,0.0,0.0,1.0,0,1,1.0,1.0,1.0,1,1,1,1,1,0,0,6,0.0,0.0,101.69999694824219,101.69999694824219,0,23,0,2024-08-01,0.0,0.0,0.0,0.0,0
8,0.0,0.0,0.0,0.0,1.0,0,1,1.0,1.0,1.0,1,1,1,1,1,0,0,6,0.0,0.0,101.69999694824219,101.69999694824219,0,23,0,2024-08-01,0.0,0.0,0.0,0.0,0
9,0.0,0.0,0.0,0.0,1.0,0,1,1.0,1.0,1.0,1,1,1,1,1,0,0,6,0.0,0.0,101.69999694824219,101.69999694824219,0,23,0,2024-08-01,0.0,0.0,0.0,0.0,0
10,0.0,0.0,0.0,0.0,1.0,0,1,1.0,1.0,1.0,1,1,1,1,1,0,0,6,0.0,0.0,101.69999694824219,101.69999694824219,0,23,0,2024-08-01,0.0,0.0,0.0,0.0,0
11,0.0,0.0,0.0,0.0,1.0,0,1,1.0,1.0,0.6666666666666666,1,1,0,1,1,0,0,6,0.0,0.0,129.1999969482422,129.1999969482422,0,23,0,2024-08-01,0.0,0.0,0.0,0.0,0
12,0.0,0.0,0.0,0.0,1.0,0,1,1.0,1.0,0.0,1,1,0,1,1,0,0,6,0.0,0.0,136.39999389648438,140.1999969482422,0,23,0,2024-08-01,0.0,0.0,0.0,0.0,0
13,0.0,0.0,0.0,0.0,1.0,0,1,1.0,1.0,1.0,1,1,1,1,1,0,0,6,0.0,0.0,121.49999237060547,131.89999389648438,0,23,0,2024-08-01,0.0,0.0,0.0,0.0,0
14,0.0,0.0,0.0,0.0,1.0,0,1,1.0,1.0,1.0,1,1,1,1,1,0,0,6,0.0,0.0,151.6999969482422,162.09999084472656,0,23,0,2024-08-01,0.0,0.0,0.0,0.0,0
15,0.0,0.0,0.0,0.0,1.0,0,1,1.0,1.0,1.0,1,1,1,1,1,0,0,6,0.0,0.0,179.89999389648438,200.5,0,23,0,2024-08-01,0.0,0.0,0.0,0.0,0
16,0.0,0.0,0.0,0.0,1.0,0,1,1.0,1.0,1.0,1,1,1,1,1,0,0,6,0.0,0.0,373.4000244140625,390.5000305175781,0,23,0,2024-08-01,0.0,0.0,0.0,0.0,0
17,0.0,0.0,0.0,0.0,1.0,0,1,1.0,1.0,0.16666666666666666,1,1,0,1,1,0,0,6,0.0,0.0,475.0999755859375,492.20001220703125,0,23,0,2024-08-01,0.0,0.0,0.0,0.0,0
18,41.32000045776364,284.00000381469727,303.2000045776367,587.200008392334,1.0,0,1,1.0,1.0,1.0,1,1,1,1,1,0,0,6,0.0,0.0,624.8199394226074,578.3799507141114,1,23,0,2024-08-01,28.400000381469727,30.320000457763673,58.7200008392334,1.2992837380059546e-09,0
19,36.041425100823,408.2000045776367,408.2000045776367,816.4000091552734,1.0,0,1,1.0,1.0,1.0,1,1,1,1,1,6,0,0,0.0,0.0,828.8172429719167,795.2585016569896,1,23,0,2024-08-01,40.820000457763676,40.820000457763676,81.64000091552735,1.5962953965312201e-09,0
20,31.99227210225591,535.1000061035156,535.1000061035156,1070.2000122070312,1.0,0,1,1.0,1.0,1.0,1,1,1,1,1,0,0,6,0.0,0.0,848.7074820631934,853.5400765305566,1,23,0,2024-08-01,53.51000061035157,53.51000061035157,107.02000122070314,6.343824133177961e-10,0
21,47.543323060875316,586.0500061035157,601.1000061035156,1187.1500122070313,1.0,0,1,1.0,1.0,1.0,1,1,1,1,1,0,0,6,0.0,0.0,835.5750003069691,812.5566525250622,1,23,0,2024-08-01,58.60500061035157,60.11000061035156,118.71500122070313,3.840882635662456e-10,0
22,68.28386863584784,563.4500076293946,578.5000076293945,1141.950015258789,1.0,0,1,1.0,1.0,1.0,1,1,1,1,1,6,0,0,0.0,0.0,933.3148744952229,905.1161557782146,1,23,0,2024-08-01,56.34500076293946,57.85000076293946,114.19500152587892,1.5355519910768503e-09,0
23,-21.492823499714575,250.0,608.700008392334,858.700008392334,1.0,0,1,1.0,1.0,1.0,1,1,1,1,1,2,0,4,0.0,0.0,849.5409289416916,994.8927868786209,1,23,0,2024-08-01,25.0,60.8700008392334,85.8700008392334,0.017246817201879937,0
24,65.82000083923339,658.200008392334,658.200008392334,1316.400016784668,1.0,0,1,1.0,1.0,1.0,1,1,1,1,1,6,0,0,0.0,0.0,868.3251277923584,965.3799503326416,1,23,0,2024-08-01,65.8200008392334,65.8200008392334,131.6400016784668,0.17278148749966357,0
25,37.2858175377095,735.700008392334,735.700008392334,1471.400016784668,1.0,0,1,1.0,1.0,1.0,1,1,1,1,1,6,0,0,0.0,0.0,760.3329366783345,943.9141946693218,1,23,0,2024-08-01,73.5700008392334,73.5700008392334,147.1400016784668,0.12835196323002437,0
26,83.57000083923327,835.700008392334,835.700008392334,1671.400016784668,1.0,0,1,1.0,1.0,1.0,1,1,1,1,1,6,0,0,0.017147252101316623,0.0,821.3700496673582,936.130011367798,1,23,0,2024-08-01,83.5700008392334,83.5700008392334,167.1400016784668,0.06253044429579732,0
27,0.0,0.0,0.0,0.0,1.0,0,1,1.0,1.0,0.0,1,1,0,1,1,0,0,6,0.0,0.0,797.1698608398438,1091.699951171875,0,23,0,2024-08-01,0.0,0.0,0.0,0.0,0
28,104.83000126491089,0.0,1048.3000104624905,1048.3000104624905,1.0,0,1,1.0,1.0,1.0,1,1,1,1,1,0,1,5,0.0,0.14302203379185674,852.4570154250671,898.3700109421204,1,23,0,2024-08-01,0.0,104.83000104624905,104.83000104624905,0.06253044131902953,0
29,151.23721568931654,1048.3000106811523,1048.3000106811523,2096.6000213623047,1.0,0,1,1.0,1.0,1.0,1,1,1,1,1,3,3,0,0.11119040514580782,0.18729105424301576,931.7391077791603,851.9627965177147,1,23,0,2024-08-01,104.83000106811524,104.83000106811524,209.66000213623047,0.09379566478782791,0
30,164.24384023877218,1064.4333432515461,1067.600009918213,2132.033353169759,1.0,0,1,1.0,1.0,1.0,1,1,1,1,1,2,4,0,0.002194640404437339,0.191030183447213,1062.097294828616,863.6561841752903,1,23,0,2024-08-01,106.44333432515462,106.7600009918213,213.20333531697588,0.09063901375389251,0
31,186.50143905794783,1111.600009918213,1111.5999832424695,2223.1999931606824,1.0,0,1,1.0,1.0,1.0,1,1,1,1,1,3,3,0,0.033180644756081144,0.312883626979674,1074.7164048782604,763.7985487350209,1,23,0,2024-08-01,111.16000099182129,111.15999832424696,222.31999931606825,0.06417598105808475,0
32,225.5816375585725,1119.9000091552734,1119.9000091552734,2239.800018310547,1.0,0,1,1.0,1.0,1.0,1,1,1,1,1,3,3,0,0.0,0.32719968167104174,1167.8052703710725,753.4690826562712,1,23,0,2024-08-01,111.99000091552735,111.99000091552735,223.9800018310547,0.05101167855303026,0
33,110.34000089407598,0.0,1103.4000091552734,1103.4000091552734,1.0,0,1,1.0,1.0,1.0,1,1,1,1,1,0,6,0,0.0,0.38525924236550835,865.7348983550135,678.3049576020178,1,23,0,2024-08-01,0.0,110.34000091552736,110.34000091552736,0.06253044217228305,0
34,160.07000160217277,0.0,1078.700008392334,1078.700008392334,1.0,0,1,1.0,1.0,1.0,1,1,1,1,1,0,6,0,0.0,0.4569262437819983,883.7313785552977,585.8136653900148,1,23,0,2024-08-01,0.0,107.8700008392334,107.8700008392334,0.10202335851067705,0
35,281.85319635310356,951.700008392334,951.700008392334,1903.400016784668,1.0,0,1,1.0,1.0,1.0,1,1,1,1,1,0,6,0,0.0,0.4567946028875851,1079.3102276031036,516.9685809906464,1,23,0,2024-08-01,95.17000083923341,95.17000083923341,190.34000167846682,7.405755526900996e-09,0
36,230.88600345563984,944.1000061035156,813.793337123128,1757.8933432266435,1.0,0,1,1.0,1.0,1.0,1,1,1,1,1,6,0,0,0.0,0.3289821343870621,1016.9867724986086,546.0698681263914,1,23,0,2024-08-01,94.41000061035157,81.37933371231281,175.78933432266436,1.0630484393220056e-09,0
37,131.58000068664532,1040.800006866455,1040.800006866455,2081.60001373291,1.0,0,1,1.0,1.0,1.0,1,1,1,1,1,0,6,0,0.12271330259147228,0.392103378427162,913.0800006866453,632.6988079071047,1,23,0,2024-08-01,104.08000068664552,104.08000068664552,208.16000137329104,0.0016455383275298218,0
38,593.2219898482723,1010.700008392334,463.86446504895736,1474.5644734412913,1.0,0,1,1.0,1.0,1.0,1,1,1,1,1,6,0,0,0.0,0.6292258609773534,1385.6220142623347,171.9889476517277,1,23,0,2024-08-01,101.0700008392334,46.38644650489574,147.45644734412915,3.380653162914195e-09,0
39,158.12000236511233,0.0,922.200008392334,922.200008392334,1.0,0,1,1.0,1.0,1.0,1,1,1,1,1,1,5,0,0.0,0.38217392769934266,962.1200634002686,569.7592090606689,1,23,0,2024-08-01,0.0,92.2200008392334,92.2200008392334,0.2172110143510065,0
40,927.0600036621094,891.4000091552734,0.0,891.4000091552734,0.0,6,0,0.0,1.0,1.0,0,1,1,0,1,6,0,0,0.0,0.0,1703.5600646972657,0.0,1,23,0,2024-08-01,89.14000091552735,0.0,89.14000091552735,6.847111890930503e-09,1
41,95.18232365231643,855.7133344014485,864.5000038146973,1720.2133382161458,1.0,0,1,1.0,1.0,1.0,1,1,1,1,1,0,6,0,0.0,0.6907014129127313,860.6823846874727,267.3886297168242,1,23,0,2024-08-01,85.57133344014485,86.45000038146974,172.02133382161458,0.12404573495867313,0
42,78.70000038146975,787.0000038146973,787.0000038146973,1574.0000076293945,1.0,0,1,1.0,1.0,1.0,1,1,1,1,1,5,1,0,0.06416766754805882,0.6770350553081903,736.5000492095947,254.17341270446775,1,23,0,2024-08-01,78.70000038146974,78.70000038146974,157.40000076293947,0.06911259383002014,0
43,73.2000003814697,732.0000038146973,732.0000038146973,1464.0000076293945,1.0,0,1,1.0,1.0,1.0,1,1,1,1,1,6,0,0,0.03893436401172091,0.6258412620365097,703.5000492095947,273.8841976165772,1,23,0,2024-08-01,73.20000038146974,73.20000038146974,146.40000076293947,0.01645538116523493,0
44,73.52135589548948,577.0000038146973,559.4207199102309,1136.4207237249282,1.0,0,1,1.0,1.0,1.0,1,1,1,1,1,2,4,0,0.0,0.4725873414186661,720.3214047236145,295.04556915333865,1,23,0,2024-08-01,57.70000038146973,55.94207199102309,113.64207237249282,0.0696635784119112,0
45,70.30000114440918,511.00000381469727,511.00000381469727,1022.0000076293945,1.0,0,1,1.0,1.0,1.0,1,1,1,1,1,2,4,0,0.0,0.45197348434557616,745.1000499725342,280.0415515899658,1,23,0,2024-08-01,51.10000038146973,51.10000038146973,102.20000076293945,0.029619684514584937,0
46,62.596194997098124,472.50000381469727,472.50000381469727,945.0000076293945,1.0,0,1,1.0,1.0,1.0,1,1,1,1,1,0,4,2,0.0,0.4860190211325369,759.8962438252231,242.85601447555814,1,23,0,2024-08-01,47.25000038146973,47.25000038146973,94.50000076293946,0.12506088098822277,0
47,48.41000061035155,484.1000061035156,484.1000061035156,968.2000122070312,1.0,0,1,1.0,1.0,1.0,1,1,1,1,1,0,5,1,0.0,0.6876388428435523,745.7100494384765,151.21403808593752,1,23,0,2024-08-01,48.41000061035157,48.41000061035157,96.82000122070313,0.15632610035956446,0
0,0.0,0.0,0.0,0.0,1.0,0,1,1.0,1.0,1.0,1,1,1,1,1,0,0,6,0.0,0.0,204.99998474121094,234.49998474121094,0,23,1,2024-08-01,0.0,0.0,0.0,0.0,0
1,0.0,0.0,0.0,0.0,1.0,0,1,1.0,1.0,0.3333333333333333,1,1,0,1,1,0,0,6,0.0,0.0,204.99998474121094,234.49998474121094,0,23,1,2024-08-01,0.0,0.0,0.0,0.0,0
2,0.0,0.0,0.0,0.0,1.0,0,1,1.0,1.0,1.0,1,1,1,1,1,0,0,6,0.0,0.0,185.79998779296875,215.29998779296875,0,23,1,2024-08-01,0.0,0.0,0.0,0.0,0
3,0.0,0.0,0.0,0.0,1.0,0,1,1.0,1.0,1.0,1,1,1,1,1,0,0,6,0.0,0.0,185.79998779296875,215.29998779296875,0,23,1,2024-08-01,0.0,0.0,0.0,0.0,0
4,0.0,0.0,0.0,0.0,1.0,0,1,1.0,1.0,1.0,1,1,1,1,1,0,0,6,0.0,0.0,185.79998779296875,215.29998779296875,0,23,1,2024-08-01,0.0,0.0,0.0,0.0,0
5,0.0,0.0,0.0,0.0,1.0,0,1,1.0,1.0,0.16666666666666666,1,1,0,1,1,0,0,6,0.0,0.0,185.79998779296875,215.29998779296875,0,23,1,2024-08-01,0.0,0.0,0.0,0.0,0
6,0.0,0.0,0.0,0.0,1.0,0,1,1.0,1.0,0.0,1,1,0,1,1,0,0,6,0.0,0.0,185.79998779296875,215.29998779296875,0,23,1,2024-08-01,0.0,0.0,0.0,0.0,0
7,0.0,0.0,0.0,0.0,1.0,0,1,1.0,1.0,0.0,1,1,0,1,1,0,0,6,0.0,0.0,185.79998779296875,215.29998779296875,0,23,1,2024-08-01,0.0,0.0,0.0,0.0,0
8,0.0,0.0,0.0,0.0,1.0,0,1,1.0,1.0,0.0,1,1,0,1,1,0,0,6,0.0,0.0,166.59999084472656,196.09999084472656,0,23,1,2024-08-01,0.0,0.0,0.0,0.0,0
9,0.0,0.0,0.0,0.0,1.0,0,1,1.0,1.0,0.0,1,1,0,1,1,0,0,6,0.0,0.0,166.59999084472656,196.09999084472656,0,23,1,2024-08-01,0.0,0.0,0.0,0.0,0
10,0.0,0.0,0.0,0.0,1.0,0,1,1.0,1.0,0.0,1,1,0,1,1,0,0,6,0.0,0.0,183.09999084472656,212.59999084472656,0,23,1,2024-08-01,0.0,0.0,0.0,0.0,0
11,0.0,0.0,0.0,0.0,1.0,0,1,1.0,1.0,0.0,1,1,0,1,1,0,0,6,0.0,0.0,202.29998779296875,231.79998779296875,0,23,1,2024-08-01,0.0,0.0,0.0,0.0,0
12,0.0,0.0,0.0,0.0,1.0,0,1,1.0,1.0,0.0,1,1,0,1,1,0,0,6,0.0,0.0,231.09999084472656,301.0,0,23,1,2024-08-01,0.0,0.0,0.0,0.0,0
13,0.0,0.0,0.0,0.0,1.0,0,1,1.0,1.0,0.0,1,1,0,1,1,0,0,6,0.0,0.0,336.8000183105469,408.70001220703125,0,23,1,2024-08-01,0.0,0.0,0.0,0.0,0
14,0.0,0.0,0.0,0.0,1.0,0,1,1.0,1.0,0.0,1,1,0,1,1,0,0,6,0.0,0.0,283.3000183105469,358.7000427246094,0,23,1,2024-08-01,0.0,0.0,0.0,0.0,0
15,0.0,0.0,0.0,0.0,1.0,0,1,1.0,1.0,0.0,1,1,0,1,1,0,0,6,0.0,0.0,283.3000183105469,358.70001220703125,0,23,1,2024-08-01,0.0,0.0,0.0,0.0,0
16,0.0,0.0,0.0,0.0,1.0,0,1,1.0,1.0,0.0,1,1,0,1,1,0,0,6,0.0,0.0,352.6000061035156,422.0,0,23,1,2024-08-01,0.0,0.0,0.0,0.0,0
17,0.0,0.0,0.0,0.0,1.0,0,1,1.0,1.0,0.16666666666666666,1,1,0,1,1,0,0,6,0.0,0.0,385.1000061035156,460.4000244140625,0,23,1,2024-08-01,0.0,0.0,0.0,0.0,0
18,41.32000045776364,284.00000381469727,303.2000045776367,587.200008392334,1.0,0,1,1.0,1.0,1.0,1,1,1,1,1,0,0,6,0.0,0.0,428.9420097351074,418.920630645752,1,23,1,2024-08-01,28.400000381469727,30.320000457763673,58.7200008392334,1.2992837380059546e-09,0
19,36.041425100823,408.2000045776367,408.2000045776367,816.4000091552734,1.0,0,1,1.0,1.0,1.0,1,1,1,1,1,6,0,0,0.0,0.0,452.91892754222926,451.64457953784887,1,23,1,2024-08-01,40.820000457763676,40.820000457763676,81.64000091552735,1.5962953965312201e-09,0
20,31.99227210225591,535.1000061035156,535.1000061035156,1070.2000122070312,1.0,0,1,1.0,1.0,1.0,1,1,1,1,1,0,0,6,0.0,0.0,597.3781363600684,629.6354744797753,1,23,1,2024-08-01,53.51000061035157,53.51000061035157,107.02000122070314,6.343824133177961e-10,0
21,47.543323060875316,586.0500061035157,601.1000061035156,1187.1500122070313,1.0,0,1,1.0,1.0,1.0,1,1,1,1,1,0,0,6,0.0,0.02879773943790298,589.5874514788441,583.7896847516247,1,23,1,2024-08-01,58.60500061035157,60.11000061035156,118.71500122070313,3.840882635662456e-10,0
22,68.28386863584784,563.4500076293946,578.5000076293945,1141.950015258789,1.0,0,1,1.0,1.0,1.0,1,1,1,1,1,6,0,0,0.0,0.026694469443904054,610.2780092608479,563.0572568524334,1,23,1,2024-08-01,56.34500076293946,57.85000076293946,114.19500152587892,1.5355519910768503e-09,0
23,-21.492823499714575,250.0,608.700008392334,858.700008392334,1.0,0,1,1.0,1.0,1.0,1,1,1,1,1,2,0,4,0.0,0.0,614.4784899768479,754.7038220348709,1,23,1,2024-08-01,25.0,60.8700008392334,85.8700008392334,0.017246817201879937,0
24,65.82000083923339,658.200008392334,658.200008392334,1316.400016784668,1.0,0,1,1.0,1.0,1.0,1,1,1,1,1,6,0,0,0.0,0.0,701.3972103118897,667.6897037506103,1,23,1,2024-08-01,65.8200008392334,65.8200008392334,131.6400016784668,0.17278148749966357,0
25,37.2858175377095,735.700008392334,735.700008392334,1471.400016784668,1.0,0,1,1.0,1.0,1.0,1,1,1,1,1,6,0,0,0.05528058678181169,0.0,695.030080233022,767.2397561927593,1,23,1,2024-08-01,73.5700008392334,73.5700008392334,147.1400016784668,0.12835196323002437,0
26,83.57000083923327,835.700008392334,835.700008392334,1671.400016784668,1.0,0,1,1.0,1.0,1.0,1,1,1,1,1,6,0,0,0.03977882780776721,0.04483668907779584,802.4568416595457,798.2299869537355,1,23,1,2024-08-01,83.5700008392334,83.5700008392334,167.1400016784668,0.06253044429579732,0
27,0.0,0.0,0.0,0.0,1.0,0,1,1.0,1.0,0.0,1,1,0,1,1,0,0,6,0.0,0.0,709.0730590820312,848.6333618164062,0,23,1,2024-08-01,0.0,0.0,0.0,0.0,0
28,104.83000126491089,0.0,1048.3000104624905,1048.3000104624905,1.0,0,1,1.0,1.0,1.0,1,1,1,1,1,0,1,5,0.0,0.2780979044470735,852.1255334914733,756.7699743210267,1,23,1,2024-08-01,0.0,104.83000104624905,104.83000104624905,0.06253044131902953,0
29,151.23721568931654,1048.3000106811523,1048.3000106811523,2096.6000213623047,1.0,0,1,1.0,1.0,1.0,1,1,1,1,1,3,3,0,0.13816447384350133,0.322366866647072,903.4621912752541,710.3628209317772,1,23,1,2024-08-01,104.83000106811524,104.83000106811524,209.66000213623047,0.09379566478782791,0
30,164.24384023877218,1064.4333432515461,1067.600009918213,2132.033353169759,1.0,0,1,1.0,1.0,1.0,1,1,1,1,1,2,4,0,0.11164288998205905,0.35757194641196766,945.5969286176785,685.8561963823215,1,23,1,2024-08-01,106.44333432515462,106.7600009918213,213.20333531697588,0.09063901375389251,0
31,186.50143905794783,1111.600009918213,1111.5999832424695,2223.1999931606824,1.0,0,1,1.0,1.0,1.0,1,1,1,1,1,3,3,0,0.058131153126086584,0.3611023345712606,1046.981419526698,710.1986341842396,1,23,1,2024-08-01,111.16000099182129,111.15999832424696,222.31999931606825,0.06417598105808475,0
32,225.5816375585725,1119.9000091552734,1119.9000091552734,2239.800018310547,1.0,0,1,1.0,1.0,1.0,1,1,1,1,1,3,3,0,0.013928659649822718,0.3957331853403656,1104.3013030859163,676.7184112695525,1,23,1,2024-08-01,111.99000091552735,111.99000091552735,223.9800018310547,0.05101167855303026,0
33,110.34000089407598,0.0,1103.4000091552734,1103.4000091552734,1.0,0,1,1.0,1.0,1.0,1,1,1,1,1,0,6,0,0.0,0.22135385089494458,1054.9604232573572,859.1581680512365,1,23,1,2024-08-01,0.0,110.34000091552736,110.34000091552736,0.06253044217228305,0
34,160.07000160217277,0.0,1078.700008392334,1078.700008392334,1.0,0,1,1.0,1.0,1.0,1,1,1,1,1,0,6,0,0.0,0.16479457225908095,1221.7690982818604,900.9361019134523,1,23,1,2024-08-01,0.0,107.8700008392334,107.8700008392334,0.10202335851067705,0
35,281.85319635310356,951.700008392334,951.700008392334,1903.400016784668,1.0,0,1,1.0,1.0,1.0,1,1,1,1,1,0,6,0,0.0,0.2252368292058158,1313.3224346343536,737.3421161468964,1,23,1,2024-08-01,95.17000083923341,95.17000083923341,190.34000167846682,7.405755526900996e-09,0
36,230.88600345563984,944.1000061035156,813.793337123128,1757.8933432266435,1.0,0,1,1.0,1.0,1.0,1,1,1,1,1,6,0,0,0.0,0.0720357478960881,1236.2977466197024,755.1711254506101,1,23,1,2024-08-01,94.41000061035157,81.37933371231281,175.78933432266436,1.0630484393220056e-09,0
37,131.58000068664532,1040.800006866455,1040.800006866455,2081.60001373291,1.0,0,1,1.0,1.0,1.0,1,1,1,1,1,0,6,0,0.0,0.15767929616724766,1165.2140338897702,876.6873943328859,1,23,1,2024-08-01,104.08000068664552,104.08000068664552,208.16000137329104,0.0016455383275298218,0
38,593.2219898482723,1010.700008392334,463.86446504895736,1474.5644734412913,1.0,0,1,1.0,1.0,1.0,1,1,1,1,1,6,0,0,0.0,0.3171041607042724,1557.2285816451472,316.77111317907145,1,23,1,2024-08-01,101.0700008392334,46.38644650489574,147.45644734412915,3.380653162914195e-09,0
39,158.12000236511233,0.0,922.200008392334,922.200008392334,1.0,0,1,1.0,1.0,1.0,1,1,1,1,1,1,5,0,0.0,0.21832259680000018,1132.7199779510497,720.8629077911377,1,23,1,2024-08-01,0.0,92.2200008392334,92.2200008392334,0.2172110143510065,0
40,927.0600036621094,891.4000091552734,0.0,891.4000091552734,0.5,3,0,0.5,1.0,1.0,0,1,1,0,1,6,0,0,0.0,0.0,1840.659979248047,0.0,1,23,1,2024-08-01,89.14000091552735,0.0,89.14000091552735,6.847111890930503e-09,1
41,95.18232365231643,855.7133344014485,864.5000038146973,1720.2133382161458,1.0,0,1,1.0,1.0,1.0,1,1,1,1,1,0,6,0,0.0,0.5677806683644908,934.4823724804414,373.6536138476836,1,23,1,2024-08-01,85.57133344014485,86.45000038146974,172.02133382161458,0.12404573495867313,0
42,78.70000038146975,787.0000038146973,787.0000038146973,1574.0000076293945,1.0,0,1,1.0,1.0,1.0,1,1,1,1,1,5,1,0,0.0,0.5621852721480389,877.0648685455322,344.560192489624,1,23,1,2024-08-01,78.70000038146974,78.70000038146974,157.40000076293947,0.06911259383002014,0
43,73.2000003814697,732.0000038146973,732.0000038146973,1464.0000076293945,1.0,0,1,1.0,1.0,1.0,1,1,1,1,1,6,0,0,0.0,0.45734216576799186,848.0395999908447,397.2255367279053,1,23,1,2024-08-01,73.20000038146974,73.20000038146974,146.40000076293947,0.01645538116523493,0
44,73.52135589548948,577.0000038146973,559.4207199102309,1136.4207237249282,1.0,0,1,1.0,1.0,1.0,1,1,1,1,1,2,4,0,0.0,0.26786872776614884,845.1077816767395,409.5694033818543,1,23,1,2024-08-01,57.70000038146973,55.94207199102309,113.64207237249282,0.0696635784119112,0
45,70.30000114440918,511.00000381469727,511.00000381469727,1022.0000076293945,1.0,0,1,1.0,1.0,1.0,1,1,1,1,1,2,4,0,0.0,0.17081109757387122,845.2276744842529,423.71553230285645,1,23,1,2024-08-01,51.10000038146973,51.10000038146973,102.20000076293945,0.029619684514584937,0
46,62.596194997098124,472.50000381469727,472.50000381469727,945.0000076293945,1.0,0,1,1.0,1.0,1.0,1,1,1,1,1,0,4,2,0.0,0.23799843523395559,782.2595861103794,360.04574225876127,1,23,1,2024-08-01,47.25000038146973,47.25000038146973,94.50000076293946,0.12506088098822277,0
47,48.41000061035155,484.1000061035156,484.1000061035156,968.2000122070312,1.0,0,1,1.0,1.0,1.0,1,1,1,1,1,0,5,1,0.0,0.4260324394097481,725.7100494384765,277.8576995849609,1,23,1,2024-08-01,48.41000061035157,48.41000061035157,96.82000122070313,0.15632610035956446,0
0,0.0,0.0,0.0,0.0,1.0,0,1,1.0,1.0,1.0,1,1,1,1,1,0,0,6,0.0,0.0,154.39999389648438,154.39999389648438,0,23,2,2024-08-01,0.0,0.0,0.0,0.0,0
1,0.0,0.0,0.0,0.0,1.0,0,1,1.0,1.0,0.5,1,1,0,1,1,0,0,6,0.0,0.0,154.39999389648438,154.39999389648438,0,23,2,2024-08-01,0.0,0.0,0.0,0.0,0
2,0.0,0.0,0.0,0.0,1.0,0,1,1.0,1.0,0.3333333333333333,1,1,0,1,1,0,0,6,0.0,0.0,143.39999389648438,143.39999389648438,0,23,2,2024-08-01,0.0,0.0,0.0,0.0,0
3,0.0,0.0,0.0,0.0,1.0,0,1,1.0,1.0,1.0,1,1,1,1,1,0,0,6,0.0,0.0,143.39999389648438,143.39999389648438,0,23,2,2024-08-01,0.0,0.0,0.0,0.0,0
4,0.0,0.0,0.0,0.0,1.0,0,1,1.0,1.0,1.0,1,1,1,1,1,0,0,6,0.0,0.0,143.39999389648438,143.39999389648438,0,23,2,2024-08-01,0.0,0.0,0.0,0.0,0
5,0.0,0.0,0.0,0.0,1.0,0,1,1.0,1.0,1.0,1,1,1,1,1,0,0,6,0.0,0.0,143.39999389648438,143.39999389648438,0,23,2,2024-08-01,0.0,0.0,0.0,0.0,0
6,0.0,0.0,0.0,0.0,1.0,0,1,1.0,1.0,1.0,1,1,1,1,1,0,0,6,0.0,0.0,143.39999389648438,143.39999389648438,0,23,2,2024-08-01,0.0,0.0,0.0,0.0,0
7,0.0,0.0,0.0,0.0,1.0,0,1,1.0,1.0,1.0,1,1,1,1,1,0,0,6,0.0,0.0,143.39999389648438,143.39999389648438,0,23,2,2024-08-01,0.0,0.0,0.0,0.0,0
8,0.0,0.0,0.0,0.0,1.0,0,1,1.0,1.0,0.6666666666666666,1,1,0,1,1,0,0,6,0.0,0.0,143.39999389648438,143.39999389648438,0,23,2,2024-08-01,0.0,0.0,0.0,0.0,0
9,0.0,0.0,0.0,0.0,1.0,0,1,1.0,1.0,0.0,1,1,0,1,1,0,0,6,0.0,0.0,143.39999389648438,143.39999389648438,0,23,2,2024-08-01,0.0,0.0,0.0,0.0,0
10,0.0,0.0,0.0,0.0,1.0,0,1,1.0,1.0,0.16666666666666666,1,1,0,1,1,0,0,6,0.0,0.0,65.9000015258789,65.9000015258789,0,23,2,2024-08-01,0.0,0.0,0.0,0.0,0
11,0.0,0.0,0.0,0.0,1.0,0,1,1.0,1.0,1.0,1,1,1,1,1,0,0,6,0.0,0.0,65.9000015258789,65.9000015258789,0,23,2,2024-08-01,0.0,0.0,0.0,0.0,0
12,0.0,0.0,0.0,0.0,1.0,0,1,1.0,1.0,1.0,1,1,1,1,1,0,0,6,0.0,0.0,97.0,112.60000610351562,0,23,2,2024-08-01,0.0,0.0,0.0,0.0,0
13,0.0,0.0,0.0,0.0,1.0,0,1,1.0,1.0,1.0,1,1,1,1,1,0,0,6,0.0,0.0,135.5,151.10000610351562,0,23,2,2024-08-01,0.0,0.0,0.0,0.0,0
14,0.0,0.0,0.0,0.0,1.0,0,1,1.0,1.0,1.0,1,1,1,1,1,0,0,6,0.0,0.0,220.70001220703125,236.3000030517578,0,23,2,2024-08-01,0.0,0.0,0.0,0.0,0
15,0.0,0.0,0.0,0.0,1.0,0,1,1.0,1.0,1.0,1,1,1,1,1,0,0,6,0.0,0.0,220.70001220703125,236.3000030517578,0,23,2,2024-08-01,0.0,0.0,0.0,0.0,0
16,0.0,0.0,0.0,0.0,1.0,0,1,1.0,1.0,0.8333333333333334,1,1,0,1,1,0,0,6,0.0,0.0,228.10000610351562,228.10000610351562,0,23,2,2024-08-01,0.0,0.0,0.0,0.0,0
17,0.0,0.0,0.0,0.0,1.0,0,1,1.0,1.0,0.3333333333333333,1,1,0,1,1,0,0,6,0.0,0.0,239.10000610351562,239.10000610351562,0,23,2,2024-08-01,0.0,0.0,0.0,0.0,0
18,41.32000045776364,284.00000381469727,303.2000045776367,587.200008392334,1.0,0,1,1.0,1.0,1.0,1,1,1,1,1,0,0,6,0.0,0.0,384.219994354248,343.8800117492676,1,23,2,2024-08-01,28.400000381469727,30.320000457763673,58.7200008392334,1.2992837380059546e-09,0
19,36.041425100823,408.2000045776367,408.2000045776367,816.4000091552734,1.0,0,1,1.0,1.0,1.0,1,1,1,1,1,6,0,0,0.0,0.0,548.7266057648854,519.5585504851146,1,23,2,2024-08-01,40.820000457763676,40.820000457763676,81.64000091552735,1.5962953965312201e-09,0
20,31.99227210225591,535.1000061035156,535.1000061035156,1070.2000122070312,1.0,0,1,1.0,1.0,1.0,1,1,1,1,1,0,0,6,0.0,0.006152549691822774,553.6103751295997,531.8077767258691,1,23,2,2024-08-01,53.51000061035157,53.51000061035157,107.02000122070314,6.343824133177961e-10,0
21,47.543323060875316,586.0500061035157,601.1000061035156,1187.1500122070313,1.0,0,1,1.0,1.0,1.0,1,1,1,1,1,0,0,6,0.02674241673685923,0.14114669684707182,570.3776126116566,516.2567257672497,1,23,2,2024-08-01,58.60500061035157,60.11000061035156,118.71500122070313,3.840882635662456e-10,0
22,68.28386863584784,563.4500076293946,578.5000076293945,1141.950015258789,1.0,0,1,1.0,1.0,1.0,1,1,1,1,1,6,0,0,0.0,0.048373080497943075,652.0629213702229,550.5161801922771,1,23,2,2024-08-01,56.34500076293946,57.85000076293946,114.19500152587892,1.5355519910768503e-09,0
23,-21.492823499714575,250.0,608.700008392334,858.700008392334,1.0,0,1,1.0,1.0,1.0,1,1,1,1,1,2,0,4,0.0,0.0,606.2226916370041,689.7928723278396,1,23,2,2024-08-01,25.0,60.8700008392334,85.8700008392334,0.017246817201879937,0
24,65.82000083923339,658.200008392334,658.200008392334,1316.400016784668,1.0,0,1,1.0,1.0,1.0,1,1,1,1,1,6,0,0,0.0,0.0,739.8942806243897,679.380072402954,1,23,2,2024-08-01,65.8200008392334,65.8200008392334,131.6400016784668,0.17278148749966357,0
25,37.2858175377095,735.700008392334,735.700008392334,1471.400016784668,1.0,0,1,1.0,1.0,1.0,1,1,1,1,1,6,0,0,0.0,0.0,746.3004049400532,762.9141946693218,1,23,2,2024-08-01,73.5700008392334,73.5700008392334,147.1400016784668,0.12835196323002437,0
26,83.57000083923327,835.700008392334,835.700008392334,1671.400016784668,1.0,0,1,1.0,1.0,1.0,1,1,1,1,1,6,0,0,0.03847544933762349,0.042563116749230655,803.5460750579832,800.130011367798,1,23,2,2024-08-01,83.5700008392334,83.5700008392334,167.1400016784668,0.06253044429579732,0
27,0.0,0.0,0.0,0.0,1.0,0,1,1.0,1.0,0.0,1,1,0,1,1,0,0,6,0.0,0.0,823.0828857421875,1010.6000366210938,0,23,2,2024-08-01,0.0,0.0,0.0,0.0,0
28,104.83000126491089,0.0,1048.3000104624905,1048.3000104624905,1.0,0,1,1.0,1.0,1.0,1,1,1,1,1,0,1,5,0.0,0.13596296259066715,932.5461877883483,905.7700353561829,1,23,2,2024-08-01,0.0,104.83000104624905,104.83000104624905,0.06253044131902953,0
29,151.23721568931654,1048.3000106811523,1048.3000106811523,2096.6000213623047,1.0,0,1,1.0,1.0,1.0,1,1,1,1,1,3,3,0,0.0,0.11994400298723293,1069.5911585604103,922.5627110684959,1,23,2,2024-08-01,104.83000106811524,104.83000106811524,209.66000213623047,0.09379566478782791,0
30,164.24384023877218,1064.4333432515461,1067.600009918213,2132.033353169759,1.0,0,1,1.0,1.0,1.0,1,1,1,1,1,2,4,0,0.0,0.08687136915458869,1202.8782396528347,974.8561353471653,1,23,2,2024-08-01,106.44333432515462,106.7600009918213,213.20333531697588,0.09063901375389251,0
31,186.50143905794783,1111.600009918213,1111.5999832424695,2223.1999931606824,1.0,0,1,1.0,1.0,1.0,1,1,1,1,1,3,3,0,0.0,0.16318952308671808,1218.8248033157604,930.1985121139271,1,23,2,2024-08-01,111.16000099182129,111.15999832424696,222.31999931606825,0.06417598105808475,0
32,225.5816375585725,1119.9000091552734,1119.9000091552734,2239.800018310547,1.0,0,1,1.0,1.0,1.0,1,1,1,1,1,3,3,0,0.0,0.1944653038321171,1267.7769500585725,902.1183136133025,1,23,2,2024-08-01,111.99000091552735,111.99000091552735,223.9800018310547,0.05101167855303026,0
33,110.34000089407598,0.0,1103.4000091552734,1103.4000091552734,1.0,0,1,1.0,1.0,1.0,1,1,1,1,1,0,6,0,0.0,0.0926889325585752,1147.725743081576,1001.127040121549,1,23,2,2024-08-01,0.0,110.34000091552736,110.34000091552736,0.06253044217228305,0
34,160.07000160217277,0.0,1078.700008392334,1078.700008392334,1.0,0,1,1.0,1.0,1.0,1,1,1,1,1,0,6,0,0.0,0.1105349015710331,1214.5193424224854,959.4660091400148,1,23,2,2024-08-01,0.0,107.8700008392334,107.8700008392334,0.10202335851067705,0
35,281.85319635310356,951.700008392334,951.700008392334,1903.400016784668,1.0,0,1,1.0,1.0,1.0,1,1,1,1,1,0,6,0,0.0,0.29403936103283446,1219.7860576812286,671.8627460297089,1,23,2,2024-08-01,95.17000083923341,95.17000083923341,190.34000167846682,7.405755526900996e-09,0
36,230.88600345563984,944.1000061035156,813.793337123128,1757.8933432266435,1.0,0,1,1.0,1.0,1.0,1,1,1,1,1,6,0,0,0.0,0.15006208647191965,1131.1187915415774,691.6738109974851,1,23,2,2024-08-01,94.41000061035157,81.37933371231281,175.78933432266436,1.0630484393220056e-09,0
37,131.58000068664532,1040.800006866455,1040.800006866455,2081.60001373291,1.0,0,1,1.0,1.0,1.0,1,1,1,1,1,0,6,0,0.0,0.1824557107621195,1091.2065876007077,850.9001018524172,1,23,2,2024-08-01,104.08000068664552,104.08000068664552,208.16000137329104,0.0016455383275298218,0
38,593.2219898482723,1010.700008392334,463.86446504895736,1474.5644734412913,1.0,0,1,1.0,1.0,1.0,1,1,1,1,1,6,0,0,0.0,0.2806492099069198,1598.5532886763972,333.68126942907145,1,23,2,2024-08-01,101.0700008392334,46.38644650489574,147.45644734412915,3.380653162914195e-09,0
39,158.12000236511233,0.0,922.200008392334,922.200008392334,1.0,0,1,1.0,1.0,1.0,1,1,1,1,1,1,5,0,0.0,0.34080603055069486,1110.532294845581,607.9086841583252,1,23,2,2024-08-01,0.0,92.2200008392334,92.2200008392334,0.2172110143510065,0
40,927.0600036621094,891.4000091552734,0.0,891.4000091552734,0.16666666666666666,5,0,0.16666666666666666,1.0,1.0,0,1,1,0,1,6,0,0,0.0,0.0,1833.3599914550782,0.0,1,23,2,2024-08-01,89.14000091552735,0.0,89.14000091552735,6.847111890930503e-09,1
41,95.18232365231643,855.7133344014485,864.5000038146973,1720.2133382161458,1.0,0,1,1.0,1.0,1.0,1,1,1,1,1,0,6,0,0.0,0.8278404011841546,921.2823602734102,148.83197383303514,1,23,2,2024-08-01,85.57133344014485,86.45000038146974,172.02133382161458,0.12404573495867313,0
42,78.70000038146975,787.0000038146973,787.0000038146973,1574.0000076293945,1.0,0,1,1.0,1.0,1.0,1,1,1,1,1,5,1,0,0.0,0.8394375844010855,880.599963760376,126.36262168884275,1,23,2,2024-08-01,78.70000038146974,78.70000038146974,157.40000076293947,0.06911259383002014,0
43,73.2000003814697,732.0000038146973,732.0000038146973,1464.0000076293945,1.0,0,1,1.0,1.0,1.0,1,1,1,1,1,6,0,0,0.004234960669455155,0.9069839904504579,728.900012588501,68.0877193450928,1,23,2,2024-08-01,73.20000038146974,73.20000038146974,146.40000076293947,0.01645538116523493,0
44,73.52135589548948,577.0000038146973,559.4207199102309,1136.4207237249282,1.0,0,1,1.0,1.0,1.0,1,1,1,1,1,2,4,0,0.0,0.9697458818081751,715.4213192743957,16.924780579119897,1,23,2,2024-08-01,57.70000038146973,55.94207199102309,113.64207237249282,0.0696635784119112,0
45,70.30000114440918,511.00000381469727,511.00000381469727,1022.0000076293945,1.0,0,1,1.0,1.0,1.0,1,1,1,1,1,2,4,0,0.0,0.8739517990235346,762.1999645233154,64.41063117980957,1,23,2,2024-08-01,51.10000038146973,51.10000038146973,102.20000076293945,0.029619684514584937,0
46,62.596194997098124,472.50000381469727,472.50000381469727,945.0000076293945,0.3333333333333333,4,0,1.0,0.0,1.0,0,0,1,1,0,0,4,2,0.0,0.9536899222530738,726.9961583760044,21.881511912081564,1,23,2,2024-08-01,47.25000038146973,47.25000038146973,94.50000076293946,0.12506088098822277,1
47,48.41000061035155,484.1000061035156,484.1000061035156,968.2000122070312,0.16666666666666666,5,0,1.0,0.0,1.0,0,0,1,1,0,0,5,1,0.0,0.9580871801651001,635.3099639892578,20.289996337890635,1,23,2,2024-08-01,48.41000061035157,48.41000061035157,96.82000122070313,0.15632610035956446,1
